Count,Date,Time,Lat,Long,Speed,Altitude,GSR,normalised_gsr,time_audio,rms,centroid_hz,bandwidth_hz,flatness,2D_x,2D_y,3D_x,3D_y,3D_z
0,27/5/2018,15:16:37,51.537693,-0.0299,4.7,0.0,565,0.999,0.0,315.74090576171875,23.251969714212308,271.0155354000297,0.0010862461058422,-5.6894913,5.088564,10.135053,3.936234,-0.9399365
1,27/5/2018,15:16:37,51.537693,-0.0299,4.7,67.6,563,0.9604010121887616,0.0073170731707317,427.9088707900629,17.758700075071815,217.28281876811425,0.0007907895848411,-5.692254,5.0221186,10.121479,3.9429398,-0.9157596
2,27/5/2018,15:16:38,51.537708,-0.029881,3.11,67.6,563,0.9604010121887616,0.0146341463414634,540.0768358184071,12.265430435931323,163.55010213619877,0.00049533306384,-5.6464725,5.0057282,10.104404,3.949168,-0.870017
3,27/5/2018,15:16:39,51.537716,-0.029865,3.22,67.6,559,0.8812030365662848,0.0219512195121951,652.2448008467511,6.772160796790828,109.81738550428328,0.0001998765428388,-5.581624,4.9314256,10.091783,4.013667,-0.863624
4,27/5/2018,15:16:40,51.537689,-0.029866,6.67,67.6,557,0.8416040487550465,0.0292682926829268,623.8325062321453,4.876861801122177,75.71829593787153,0.000109927000837,-5.781389,8.455677,10.241559,2.5130534,-0.055085603
5,27/5/2018,15:16:41,51.537704,-0.029848,3.46,67.6,557,0.8416040487550465,0.0365853658536585,565.9312654195762,3.73629439434566,45.73767203424924,6.308581745117605e-05,-5.8122053,8.436582,10.1562805,3.5146022,-0.63881
6,27/5/2018,15:16:47,51.537724,-0.029783,4.85,67.6,541,0.5248121462651393,0.0439024390243902,508.0300246070071,2.5957269875691424,15.757048130626956,1.624463406530455e-05,-5.867622,9.047982,10.350038,1.9189404,0.3728615
7,27/5/2018,15:16:48,51.537746,-0.029768,6.02,67.6,539,0.4852131584539009,0.0512195121951219,471.6854628295433,2.276978600316128,5.312710156549016,6.151990645688884e-10,-5.868642,9.857863,10.535391,0.9837273,1.0397408
8,27/5/2018,15:16:49,51.537762,-0.029752,5.11,67.6,541,0.5248121462651393,0.0585365853658536,446.7852476631722,2.394530335902018,5.24010093099562,4.971446817265053e-10,-5.85755,10.028236,10.557334,0.8772367,1.1199068
9,27/5/2018,15:16:50,51.537815,-0.029732,8.37,67.6,550,0.7030075914157121,0.0658536585365853,421.8850324968012,2.512082071487908,5.167491705442224,3.7909029888412206e-10,-6.009628,10.358755,10.509724,0.66919744,1.2512956
10,27/5/2018,15:16:51,51.537849,-0.029705,7.95,67.6,551,0.7228070853213313,0.073170731707317,403.6282381807885,2.502833658053704,5.035654641606941,2.9116339904580136e-10,-6.0116143,10.4199295,10.518477,0.6331486,1.2832288
11,27/5/2018,15:16:52,51.537853,-0.029711,5.28,67.6,547,0.6436091096988544,0.0804878048780487,392.5737158074612,2.356118542420968,4.839607435513319,2.3589833569676216e-10,-5.5248427,11.481322,10.764545,-0.26613384,2.1460555
12,27/5/2018,15:16:53,51.537876,-0.029691,5.15,67.6,542,0.5446116401707585,0.0878048780487805,381.51919343413374,2.209403426788232,4.643560229419696,1.8063327234772287e-10,-5.6111746,12.498928,11.22346,-0.8476961,2.8631096
13,27/5/2018,15:16:53,51.537876,-0.029691,5.15,62.3,541,0.5248121462651393,0.0951219512195122,371.8092290119427,2.126319199267644,4.524905901212742,1.5201149856186044e-10,-5.5499673,12.677893,11.291631,-0.9333968,2.99683
14,27/5/2018,15:16:54,51.537922,-0.029676,9.28,62.3,541,0.5248121462651393,0.1024390243902439,365.1425955615392,2.1872598926442093,4.58142598037828,1.8369530569156528e-10,-5.437062,12.980415,11.3577795,-1.1076217,3.2760074
15,27/5/2018,15:16:55,51.537918,-0.029664,6.15,62.3,544,0.5842106279819969,0.1097560975609756,358.4759621111358,2.2482005860207748,4.637946059543817,2.1537911282127006e-10,-5.037908,12.675213,10.920726,-1.3554991,3.3388114
16,27/5/2018,15:16:55,51.537918,-0.029664,6.15,51.9,547,0.6436091096988544,0.1170731707317073,352.5875372537752,2.29214679892227,4.679883577544235,2.3971259094402437e-10,-4.760017,12.768728,10.754392,-1.4678253,3.606414
17,27/5/2018,15:16:56,51.53793,-0.02965,6.89,51.9,542,0.5446116401707585,0.124390243902439,351.77073317039304,2.225339210091343,4.626785881587872,2.1614364082261798e-10,-4.968914,13.568542,11.412358,-1.4573294,3.8498523
18,27/5/2018,15:16:57,51.537933,-0.029637,5.78,51.9,543,0.5644111340763777,0.1317073170731707,350.9539290870108,2.158531621260416,4.573688185631509,1.9257469070121155e-10,-4.9022346,13.350435,11.187071,-1.5308286,3.8105273
19,27/5/2018,15:16:57,51.537933,-0.029637,5.78,50.9,544,0.5842106279819969,0.1390243902439024,350.1371250036286,2.091724032429489,4.520590489675145,1.6900574057980508e-10,-4.839456,12.988902,10.913466,-1.5249956,3.653313
20,27/5/2018,15:16:58,51.537949,-0.029621,3.72,50.9,540,0.5050126523595201,0.1463414634146341,360.7791081172665,2.126937066169594,4.525437626118587,1.5782327019409268e-10,-5.273378,13.255168,11.433197,-1.2732434,3.5812013
21,27/5/2018,15:16:59,51.537979,-0.029593,5.85,50.9,542,0.5446116401707585,0.1536585365853658,371.90305345232895,2.166441137437498,4.532721950692268,1.4716178123393642e-10,-5.578745,12.605042,11.271712,-0.92887515,2.977116
22,27/5/2018,15:17:0,51.537968,-0.029594,0.94,50.9,546,0.6238096157932352,0.1609756097560975,383.0269987873915,2.205945208705402,4.540006275265947,1.3650029227378014e-10,-5.477201,11.811676,10.84776,-0.540023,2.4272456
23,27/5/2018,15:17:0,51.537968,-0.029594,0.94,62.2,546,0.6238096157932352,0.1682926829268292,393.630432691516,2.2401659488857115,4.579796249124147,1.4969600818482863e-10,-5.5863523,11.4080515,10.764312,-0.19074239,2.0685778
24,27/5/2018,15:17:1,51.537975,-0.029566,2.37,62.2,545,0.604010121887616,0.175609756097561,404.0923547395846,2.27295030564786,4.628423559665353,1.6937780132869452e-10,-5.7162547,11.15195,10.755085,0.019038033,1.8619545
25,27/5/2018,15:17:2,51.537983,-0.029553,2.7,62.2,549,0.6832080975100929,0.1829268292682927,414.5542767876533,2.3057346624100075,4.677050870206559,1.8905959447256043e-10,-5.9803677,10.400727,10.52707,0.61986226,1.2951857
26,27/5/2018,15:17:3,51.537994,-0.029533,2.54,62.2,546,0.6238096157932352,0.1902439024390244,418.6038716653498,2.283617144654156,4.697483231019538,2.1320818383286967e-10,-5.882014,10.512539,10.603594,0.4925631,1.4201516
27,27/5/2018,15:17:4,51.538025,-0.02951,2.28,62.2,547,0.6436091096988544,0.1975609756097561,418.6026599610724,2.2268169183041757,4.700104228671689,2.401785455440206e-10,-5.949903,10.411249,10.565278,0.5507205,1.3607899
28,27/5/2018,15:17:5,51.538036,-0.029504,1.22,62.2,541,0.5248121462651393,0.2048780487804878,418.601448256795,2.1700166919541948,4.7027252263238415,2.671489072551715e-10,-5.76016,10.946629,10.743905,0.16894022,1.7375805
29,27/5/2018,15:17:6,51.538036,-0.029501,0.28,62.2,544,0.5842106279819969,0.2121951219512195,423.0632249727482,2.164566342428005,4.720177072273319,2.771056473369796e-10,-5.8258824,10.580434,10.645309,0.45355836,1.4709084
30,27/5/2018,15:17:7,51.538048,-0.029494,1.76,62.2,549,0.6832080975100929,0.2195121951219512,433.2177299522772,2.224614906992841,4.756546285091214,2.6536080193492026e-10,-5.978675,10.194462,10.489776,0.81040543,1.1386937
31,27/5/2018,15:17:8,51.538063,-0.029481,2.56,62.2,549,0.6832080975100929,0.2268292682926829,443.3722349318063,2.284663471557678,4.792915497909108,2.5361595653286093e-10,-5.966282,9.641097,10.444124,1.217752,0.8320962
32,27/5/2018,15:17:9,51.538052,-0.029482,0.83,62.2,544,0.5842106279819969,0.2341463414634146,451.5692689476944,2.3155781375961246,4.793755513162104,2.352429661763327e-10,-5.878345,9.9379015,10.532032,0.9518555,1.0551449
33,27/5/2018,15:17:10,51.538059,-0.029475,4.72,62.2,550,0.7030075914157121,0.2414634146341463,454.3665748224026,2.2661262824154678,4.696587429450561,1.98586087323244e-10,-5.9586186,9.579951,10.424029,1.2552735,0.8099708
34,27/5/2018,15:17:12,51.538006,-0.029468,0.81,62.2,548,0.6634086036044737,0.248780487804878,457.1638806971108,2.2166744272348105,4.59941934573902,1.6192920847015528e-10,-5.945186,9.6095915,10.443544,1.2601196,0.80511534
35,27/5/2018,15:17:13,51.538021,-0.02945,1.24,62.2,547,0.6436091096988544,0.2560975609756097,459.3574518561363,2.174484024582481,4.510144234405795,1.2698994033683654e-10,-5.918405,9.598763,10.447438,1.2619492,0.8050028
36,27/5/2018,15:17:15,51.538017,-0.029449,1.63,62.2,545,0.604010121887616,0.2634146341463415,455.63974118232727,2.2033918895892453,4.498150722117683,1.0886812659186732e-10,-5.900615,9.826571,10.494271,1.0814507,0.94639945
37,27/5/2018,15:17:16,51.537971,-0.029442,1.26,62.2,548,0.6634086036044737,0.2707317073170732,451.9220305085182,2.232299754596009,4.48615720982957,9.074631284689816e-11,-5.9481916,9.626912,10.448765,1.2318113,0.8249722
38,27/5/2018,15:17:16,51.537971,-0.029442,1.26,59.8,549,0.6832080975100929,0.2780487804878049,448.2043198347092,2.2612076196027737,4.474163697541458,7.262449910192897e-11,-5.9620304,9.61446,10.428014,1.2474118,0.80686235
39,27/5/2018,15:17:17,51.537968,-0.029432,1.24,59.8,547,0.6436091096988544,0.2853658536585366,433.308258735552,2.2355251664007745,4.461499628907952,6.93843296166709e-11,-5.933592,10.243201,10.5319805,0.71009076,1.2294331
40,27/5/2018,15:17:17,51.537968,-0.029432,1.24,60.8,547,0.6436091096988544,0.2926829268292683,417.430576336093,2.205048891471514,4.448776675701441,6.745098434366168e-11,-5.93277,10.46133,10.576679,0.51760054,1.3917658
41,27/5/2018,15:17:18,51.537975,-0.029417,2.28,60.8,544,0.5842106279819969,0.3,401.552893936634,2.1745726165422536,4.43605372249493,6.551763907065248e-11,-5.714121,11.312835,10.824306,-0.09029439,1.9746386
42,27/5/2018,15:17:18,51.537975,-0.029417,2.28,63.6,545,0.604010121887616,0.3073170731707317,387.1394965939406,2.1484752117905552,4.42778499059018,7.158629830806869e-11,-5.549767,11.766525,10.881636,-0.47978035,2.3640416
43,27/5/2018,15:17:19,51.537975,-0.0294,5.15,63.6,542,0.5446116401707585,0.3146341463414634,373.2249770745999,2.1238696758610054,4.4210337994248405,8.038121810122577e-11,-5.586045,12.607858,11.254696,-0.91846275,2.9557688
44,27/5/2018,15:17:19,51.537975,-0.0294,5.15,65.8,544,0.5842106279819969,0.3219512195121951,359.3104575552591,2.099264139931456,4.4142826082595015,8.917613789438284e-11,-5.059735,12.644975,10.92248,-1.3056939,3.278629
45,27/5/2018,15:17:20,51.537979,-0.029381,2.89,65.8,542,0.5446116401707585,0.3292682926829268,355.9358049485742,2.089386530386581,4.411810490574736,9.513011484773587e-11,-5.136155,13.3944025,11.401723,-1.3801416,3.7050426
46,27/5/2018,15:17:21,51.537987,-0.029371,2.07,65.8,542,0.5446116401707585,0.3365853658536585,360.43195868701474,2.090507224463535,4.412533836265481,9.896257441239976e-11,-5.2804527,13.166931,11.371581,-1.2653495,3.493628
47,27/5/2018,15:17:21,51.537987,-0.029371,2.07,60.5,545,0.604010121887616,0.3439024390243902,364.92811242545525,2.091627918540489,4.413257181956226,1.0279503397706365e-10,-5.152925,12.45783,10.850546,-1.2170265,3.170549
48,27/5/2018,15:17:22,51.538002,-0.029352,4.04,60.5,542,0.5446116401707585,0.351219512195122,374.7098668493877,2.118253852050369,4.42153643037735,9.853464379804039e-11,-5.6122265,12.553055,11.242943,-0.88927513,2.9205587
49,27/5/2018,15:17:22,51.538002,-0.029352,4.04,62.9,544,0.5842106279819969,0.3585365853658537,392.4500541236344,2.18328256084278,4.441192464159556,8.208899690267032e-11,-5.680889,11.6093445,10.915732,-0.3449477,2.2332664
50,27/5/2018,15:17:23,51.538006,-0.029342,2.59,62.9,546,0.6238096157932352,0.3658536585365854,410.190241397881,2.2483112696351903,4.460848497941763,6.564335000730026e-11,-5.776645,10.889261,10.672524,0.23078687,1.6600872
51,27/5/2018,15:17:23,51.538006,-0.029342,2.59,62.7,547,0.6436091096988544,0.373170731707317,424.4871358464404,2.2929441485441098,4.472153458851662,5.3681931318655025e-11,-5.9351406,10.339728,10.554653,0.63518286,1.2855173
52,27/5/2018,15:17:24,51.538013,-0.029328,3.22,62.7,549,0.6832080975100929,0.3804878048780488,426.9712065487373,2.267605533371823,4.454808590389857,5.710444891590668e-11,-6.0169916,10.307571,10.504239,0.7115431,1.2165668
53,27/5/2018,15:17:24,51.538013,-0.029328,3.22,62.6,548,0.6634086036044737,0.3878048780487805,429.4552772510343,2.242266918199536,4.437463721928052,6.052696651315831e-11,-6.0123696,10.295527,10.516988,0.701514,1.2269317
54,27/5/2018,15:17:25,51.538002,-0.029328,1.78,62.6,546,0.6238096157932352,0.3951219512195122,431.2571709941072,2.2172171536507266,4.4203809432730665,6.386295174447273e-11,-5.870118,10.224948,10.593354,0.66386265,1.2681779
55,27/5/2018,15:17:26,51.53801,-0.029313,1.44,62.6,544,0.5842106279819969,0.4024390243902439,420.6990434730925,2.197400928288572,4.408046838025455,6.563110055364705e-11,-5.7930083,10.653635,10.6414995,0.4369338,1.4828418
56,27/5/2018,15:17:30,51.538025,-0.029269,2.2,62.6,546,0.6238096157932352,0.4097560975609756,410.1409159520777,2.177584702926416,4.395712732777843,6.739924936282139e-11,-5.772222,10.899453,10.668205,0.24066022,1.6506058
57,27/5/2018,15:17:30,51.538025,-0.029269,2.2,61.0,546,0.6238096157932352,0.4170731707317073,399.5827884310629,2.1577684775642605,4.383378627530232,6.916739817199572e-11,-5.646305,11.206049,10.7487335,-0.049199652,1.92677
58,27/5/2018,15:17:31,51.538033,-0.029252,3.09,61.0,544,0.5842106279819969,0.424390243902439,391.6379380953021,2.1534298198126978,4.3854881994210615,6.363937742052228e-11,-5.6612306,11.66449,10.941142,-0.38489798,2.2761471
59,27/5/2018,15:17:31,51.538033,-0.029252,3.09,64.0,545,0.604010121887616,0.4317073170731708,384.0531213036397,2.151223520447114,4.389587689679261,5.710615683793796e-11,-5.538504,11.809499,10.889329,-0.52943456,2.4157822
60,27/5/2018,15:17:32,51.53804,-0.029234,4.07,64.0,543,0.5644111340763777,0.4390243902439024,376.4683045119774,2.149017221081531,4.39368717993746,5.057293625535368e-11,-5.6004996,12.424688,11.1571045,-0.8228806,2.8160853
61,27/5/2018,15:17:33,51.538052,-0.029205,4.26,64.0,545,0.604010121887616,0.4463414634146341,371.9238034326856,2.1427794479167126,4.383491433256529,4.853121406475909e-11,-5.32048,12.170654,10.880638,-0.87974215,2.785192
62,27/5/2018,15:17:34,51.538048,-0.029202,1.65,64.0,543,0.5644111340763777,0.4536585365853658,368.64832635332897,2.134858942598282,4.367328872442871,4.8364237721088836e-11,-5.391699,12.732815,11.161847,-1.0899309,3.1137962
63,27/5/2018,15:17:34,51.538048,-0.029202,1.65,62.7,544,0.5842106279819969,0.4609756097560976,365.3728492739724,2.126938437279851,4.351166311629213,4.81972613774186e-11,-5.1770597,12.532102,10.963959,-1.1924062,3.1424603
64,27/5/2018,15:17:35,51.538067,-0.029182,3.28,62.7,543,0.5644111340763777,0.4682926829268293,363.1004403277141,2.148593141669201,4.363967623049192,4.9990790438870623e-11,-5.3340144,12.918892,11.227403,-1.2086016,3.2862053
65,27/5/2018,15:17:36,51.538094,-0.029164,3.83,62.7,543,0.5644111340763777,0.475609756097561,361.7099904359841,2.1962521852760464,4.402235748265509,5.3508116156246905e-11,-5.306702,12.950848,11.232341,-1.219612,3.3048625
66,27/5/2018,15:17:36,51.538094,-0.029164,3.83,59.9,545,0.604010121887616,0.4829268292682927,360.3195405442541,2.243911228882891,4.440503873481826,5.7025441873623186e-11,-5.041784,12.564161,10.841083,-1.2923077,3.283104
67,27/5/2018,15:17:37,51.538078,-0.029188,7.69,59.9,544,0.5842106279819969,0.4902439024390244,355.76313970292483,2.252476965698944,4.45248313354665,6.183147762552282e-11,-4.98708,12.760577,10.92071,-1.409553,3.426173
68,27/5/2018,15:17:37,51.538078,-0.029188,7.69,63.2,545,0.604010121887616,0.4975609756097561,345.54725132337427,2.191159092145616,4.417468139092876,6.894122512055262e-11,-4.6616874,13.052716,10.828568,-1.5868636,3.7790024
69,27/5/2018,15:17:38,51.538074,-0.029203,7.52,63.2,542,0.5446116401707585,0.5048780487804878,335.33136294382376,2.129841218592289,4.382453144639102,7.605097261558235e-11,-4.1652102,14.25737,11.2785015,-1.8985883,4.819219
70,27/5/2018,15:17:39,51.538067,-0.0292,5.57,63.2,541,0.5248121462651393,0.5121951219512195,327.20881618523015,2.087936286686717,4.364867424243388,8.664237794109904e-11,-3.7994418,14.762409,11.349303,-2.0684454,5.3446364
71,27/5/2018,15:17:39,51.538067,-0.0292,5.57,65.8,541,0.5248121462651393,0.5195121951219512,328.2877522939589,2.1313627924155347,4.423893741285591,1.1253774252313642e-10,-3.8260355,14.762568,11.378201,-2.0480113,5.3151436
72,27/5/2018,15:17:40,51.538074,-0.02918,2.39,65.8,539,0.4852131584539009,0.526829268292683,329.36668840268766,2.1747892981443515,4.482920058327793,1.3843310710517376e-10,-3.7417026,14.939159,11.469415,-2.045365,5.455362
73,27/5/2018,15:17:41,51.538097,-0.029119,2.11,65.8,542,0.5446116401707585,0.5341463414634147,330.4439255653358,2.218223253046071,4.542236440652152,1.6427717720217764e-10,-3.8914783,14.399356,11.190842,-2.0230215,5.088727
74,27/5/2018,15:17:41,51.538097,-0.029119,2.11,62.6,545,0.604010121887616,0.5414634146341464,331.38060182187616,2.262273509138781,4.625551135434366,1.8587744028426158e-10,-3.9431574,13.875796,10.866474,-1.9989513,4.798848
75,27/5/2018,15:17:42,51.53812,-0.029067,1.2,62.6,546,0.6238096157932352,0.5487804878048781,332.3172780784165,2.306323765231491,4.70886583021658,2.074777033663456e-10,-4.0334315,13.754185,10.835664,-1.9337882,4.6257114
76,27/5/2018,15:17:43,51.538128,-0.029046,2.04,62.6,542,0.5446116401707585,0.5560975609756098,333.25395433495686,2.350374021324201,4.792180524998794,2.2907796644842958e-10,-4.0274863,14.372001,11.24258,-1.9542819,4.943292
77,27/5/2018,15:17:43,51.538128,-0.029046,2.04,63.8,544,0.5842106279819969,0.5634146341463415,325.34273852080827,2.29959819751544,4.744071763755756,2.1424721540259437e-10,-3.7642474,14.111244,10.905197,-2.0717242,5.022311
78,27/5/2018,15:17:44,51.538155,-0.029025,3.17,63.8,538,0.4654136645482817,0.5707317073170732,315.7279804799614,2.2305648915839527,4.670659189454318,1.9240216417853402e-10,-3.3652797,15.2733135,11.445992,-2.154958,6.030838
79,27/5/2018,15:17:45,51.53817,-0.029009,2.5,63.8,540,0.5050126523595201,0.578048780487805,306.11322243911457,2.1615315856524653,4.597246615152878,1.705571129544737e-10,-2.9612615,15.386927,11.314646,-2.2490373,6.383623
80,27/5/2018,15:17:46,51.538189,-0.028981,3.41,63.8,541,0.5248121462651393,0.5853658536585367,299.49519927327225,2.1515670942037377,4.547376557540181,1.4878376451555219e-10,-2.687112,15.132221,11.04187,-2.2918227,6.5673175
81,27/5/2018,15:17:46,51.538189,-0.028981,3.41,60.2,543,0.5644111340763777,0.5926829268292684,294.3857596865514,2.171338380954853,4.509358016851476,1.2704651191051316e-10,-2.9191792,14.731806,10.785118,-2.2898517,6.06884
82,27/5/2018,15:17:50,51.538208,-0.028934,1.83,60.2,542,0.5446116401707585,0.6000000000000001,289.27632009983057,2.1911096677059687,4.471339476162772,1.0530925930547413e-10,-2.398465,15.147142,10.948872,-2.2684424,6.8657985
83,27/5/2018,15:17:56,51.538273,-0.028818,5.63,60.2,539,0.4852131584539009,0.6073170731707317,287.8792868023965,2.194457417526769,4.460723890680363,1.1046678755229051e-10,-2.1964066,15.758149,11.412002,-2.2547884,7.234336
84,27/5/2018,15:17:56,51.538273,-0.028818,5.63,58.1,539,0.4852131584539009,0.6146341463414634,290.31905336496305,2.180831318236068,4.478429465789274,1.4342027436779394e-10,-2.2402842,15.744103,11.408557,-2.256135,7.1579394
85,27/5/2018,15:17:57,51.538269,-0.028812,3.35,58.1,538,0.4654136645482817,0.6219512195121951,292.7588199275296,2.167205218945365,4.496135040898186,1.7637376118329738e-10,-2.2206936,15.761104,11.423887,-2.2476814,7.1924267
86,27/5/2018,15:17:58,51.53833,-0.028756,7.67,58.1,540,0.5050126523595201,0.6292682926829268,296.36482771722285,2.175618810669743,4.534764574221997,2.1308034322764406e-10,-2.6823986,15.476232,11.316954,-2.266594,6.6926503
87,27/5/2018,15:17:59,51.538342,-0.028742,7.96,58.1,543,0.5644111340763777,0.6365853658536585,302.4677878778156,2.231219945977688,4.618192838595654,2.5782239839015493e-10,-3.0141363,14.646087,10.767984,-2.2912629,5.926024
88,27/5/2018,15:17:59,51.538342,-0.028742,7.96,61.9,546,0.6238096157932352,0.6439024390243903,308.5707480384083,2.286821081285632,4.701621102969311,3.025644535526659e-10,-3.2764955,14.416592,10.74963,-2.214951,5.545254
89,27/5/2018,15:18:0,51.538353,-0.028729,6.52,61.9,541,0.5248121462651393,0.651219512195122,314.6208553212445,2.329580662404698,4.780847807618745,3.4673636503657604e-10,-3.3980758,14.997772,11.243904,-2.208175,5.808956
90,27/5/2018,15:18:0,51.538353,-0.028729,6.52,64.0,541,0.5248121462651393,0.6585365853658537,320.3592463615464,2.296603194001046,4.835294510391018,3.875456773065493e-10,-3.5671995,14.913037,11.286326,-2.1630917,5.6296663
91,27/5/2018,15:18:1,51.538368,-0.028699,7.19,64.0,539,0.4852131584539009,0.6658536585365854,326.0976374018483,2.263625725597394,4.88974121316329,4.2835498957652253e-10,-3.6992989,14.979515,11.465185,-2.0600395,5.506358
92,27/5/2018,15:18:2,51.53838,-0.028676,6.83,64.0,538,0.4654136645482817,0.6731707317073171,331.8360284421502,2.2306482571937414,4.9441879159355615,4.691643018464958e-10,-3.779876,14.923591,11.476467,-2.042507,5.464011
93,27/5/2018,15:18:8,51.53838,-0.028596,1.35,64.0,547,0.6436091096988544,0.6804878048780488,340.60441594589054,2.2883168861841283,4.911121646079932,3.9921445792426736e-10,-4.670965,12.902074,10.7568655,-1.5376191,3.7397003
94,27/5/2018,15:18:8,51.53838,-0.028596,1.35,57.5,547,0.6436091096988544,0.6878048780487805,349.4614356785287,2.348637058088796,4.875495482206246,3.260247320409166e-10,-4.742766,12.79803,10.758496,-1.4880103,3.6432364
95,27/5/2018,15:18:9,51.538376,-0.028574,2.09,57.5,543,0.5644111340763777,0.6951219512195123,358.3184554111668,2.408957229993463,4.839869318332561,2.5283500615756576e-10,-5.2767305,12.982199,11.264815,-1.2873434,3.3933003
96,27/5/2018,15:18:9,51.538376,-0.028574,2.09,58.1,545,0.604010121887616,0.702439024390244,351.5745535594659,2.356593401737543,4.730786770800105,2.011752041735553e-10,-4.773157,12.878532,10.823154,-1.492124,3.6095805
97,27/5/2018,15:18:10,51.538372,-0.02856,1.44,58.1,542,0.5446116401707585,0.7097560975609757,340.8861005117252,2.275738448441022,4.603131444444837,1.5495904772091163e-10,-4.603609,13.866017,11.370946,-1.6749983,4.309249
98,27/5/2018,15:18:11,51.538372,-0.028541,1.07,58.1,541,0.5248121462651393,0.7170731707317074,330.1976474639845,2.1948834951445013,4.475476118089568,1.0874289126826792e-10,-3.9010026,14.702858,11.401431,-2.0233667,5.250433
99,27/5/2018,15:18:11,51.538372,-0.028541,1.07,57.8,543,0.5644111340763777,0.7243902439024391,320.31089441659964,2.14043356885091,4.402015000516617,8.679348108137023e-11,-3.6063335,14.361325,10.967657,-2.125128,5.245438
100,27/5/2018,15:18:12,51.53838,-0.028508,2.33,57.8,542,0.5446116401707585,0.7317073170731708,310.9055881151337,2.1018407141811446,4.361099255844152,7.941703586702952e-11,-3.2485092,14.75707,10.950578,-2.2440407,5.7595253
101,27/5/2018,15:18:13,51.538383,-0.028499,0.7,57.8,540,0.5050126523595201,0.7390243902439024,301.50028181366804,2.063247859511379,4.320183511171688,7.204059065268891e-11,-2.760036,15.469256,11.34427,-2.2557745,6.522451
102,27/5/2018,15:18:14,51.538399,-0.028479,2.35,57.8,539,0.4852131584539009,0.7463414634146341,297.50577710896005,2.0908351645957555,4.361980382137281,8.762028620256495e-11,-2.587817,15.609508,11.385554,-2.2454324,6.6994557
103,27/5/2018,15:18:14,51.538399,-0.028479,2.35,61.0,540,0.5050126523595201,0.7536585365853659,300.0872265216781,2.1988537488990825,4.504301058243705,1.3109945758410334e-10,-2.7449193,15.471622,11.307726,-2.273054,6.5966997
104,27/5/2018,15:18:15,51.538422,-0.028457,4.61,61.0,540,0.5050126523595201,0.7609756097560976,302.6686759343961,2.306872333202409,4.646621734350128,1.745786289656417e-10,-2.822359,15.460132,11.311892,-2.2719285,6.5292826
105,27/5/2018,15:18:16,51.538414,-0.02844,3.24,61.0,543,0.5644111340763777,0.7682926829268293,302.8190466470835,2.369414567254363,4.739410702306589,2.0505550308446458e-10,-3.0243213,14.65046,10.756963,-2.2934039,5.9255676
106,27/5/2018,15:18:16,51.538414,-0.02844,3.24,58.7,546,0.6238096157932352,0.775609756097561,296.6557513068362,2.3138518264283605,4.7035626729143685,2.017645839859247e-10,-3.0823224,14.5813,10.768294,-2.2647367,5.7934146
107,27/5/2018,15:18:17,51.538414,-0.028419,4.02,58.7,540,0.5050126523595201,0.7829268292682927,290.4924559665889,2.2582890856023576,4.667714643522149,1.9847366488738474e-10,-2.4364083,15.511884,11.269633,-2.266058,6.9401727
108,27/5/2018,15:18:17,51.538414,-0.028419,4.02,58.9,539,0.4852131584539009,0.7902439024390244,284.69250733096425,2.201176110583553,4.626748663131621,1.9420798400438658e-10,-2.1544514,15.774575,11.41095,-2.2530916,7.282525
109,27/5/2018,15:18:18,51.538425,-0.028404,3.94,58.9,538,0.4654136645482817,0.7975609756097561,282.002533451813,2.1307942957902264,4.541976868054723,1.815990747263805e-10,-2.0761745,15.799913,11.426712,-2.2428439,7.3713784
110,27/5/2018,15:18:19,51.538422,-0.028393,3.28,58.9,538,0.4654136645482817,0.8048780487804879,279.31255957266177,2.0604124809969,4.457205072977825,1.6899016544837443e-10,-2.0200403,15.796408,11.4094095,-2.2296855,7.4291964
111,27/5/2018,15:18:20,51.538429,-0.028376,2.39,58.9,541,0.5248121462651393,0.8121951219512196,276.62258569351053,1.9900306662035727,4.372433277900927,1.5638125617036838e-10,-1.8384991,15.205191,10.869535,-2.2131562,7.5663433
112,27/5/2018,15:18:20,51.538429,-0.028376,2.39,59.8,540,0.5050126523595201,0.8195121951219513,310.55487288498324,2.078644321119445,4.478644474455964,1.7602968462529055e-10,-3.1584873,15.289431,11.348858,-2.21397,6.1746
113,27/5/2018,15:18:22,51.538841,-0.028075,6.09,59.8,538,0.4654136645482817,0.826829268292683,347.1922134509903,2.179001959593381,4.5989623692565385,1.9806075734457638e-10,-3.89111,14.84014,11.501522,-1.9976591,5.3486176
114,27/5/2018,15:18:23,51.538918,-0.028014,6.32,59.8,541,0.5248121462651393,0.8341463414634147,383.8295540169974,2.279359598067318,4.719280264057113,2.2009183006386227e-10,-5.604993,12.544857,11.286419,-0.85308963,2.9054465
115,27/5/2018,15:18:23,51.538918,-0.028014,6.32,30.6,547,0.6436091096988544,0.8414634146341464,428.007902331469,2.376894811754623,4.761555546893616,2.047369828409376e-10,-5.919057,10.30048,10.54913,0.6607399,1.2663172
116,27/5/2018,15:18:24,51.53894,-0.027976,5.15,30.6,554,0.7822055670381889,0.8487804878048781,474.5961238581966,2.4735280656357883,4.778890820879842,1.7743475007095128e-10,-5.9302893,9.285541,10.377836,1.5986294,0.5751077
117,27/5/2018,15:18:25,51.538948,-0.027946,4.04,30.6,552,0.7426065792269505,0.8560975609756099,521.1843453849242,2.570161319516953,4.796226094866068,1.5013251730096507e-10,-5.9016137,9.084135,10.342506,1.8098637,0.43422553
118,27/5/2018,15:18:25,51.538948,-0.027946,4.04,28.9,553,0.7624060731325697,0.8634146341463416,526.9940272889481,2.5520377400519,4.749503019065604,1.2714879674269859e-10,-5.896779,9.050081,10.315754,1.8743314,0.38422468
119,27/5/2018,15:18:26,51.538975,-0.02792,4.43,28.9,553,0.7624060731325697,0.8707317073170732,503.8072773712436,2.45231391876876,4.657229916476834,1.0723584443844608e-10,-5.92326,9.148307,10.347307,1.7692443,0.46116495
120,27/5/2018,15:18:27,51.538982,-0.027898,6.15,28.9,548,0.6634086036044737,0.8780487804878049,480.6205274535388,2.352590097485618,4.564956813888063,8.732289213419328e-11,-5.929652,9.436313,10.405162,1.4814545,0.6524986
121,27/5/2018,15:18:27,51.538982,-0.027898,6.15,30.2,547,0.6436091096988544,0.8853658536585366,448.8944407076369,2.2651115759715164,4.491026219555512,7.55646658814504e-11,-5.909665,9.741334,10.4729,1.1523443,0.8882904
122,27/5/2018,15:18:28,51.538864,-0.027863,10.63,30.2,544,0.5842106279819969,0.8926829268292683,404.9325112685924,2.1951790963478808,4.443378233595978,7.549118133399708e-11,-5.715838,11.274596,10.806457,-0.048265174,1.9328885
123,27/5/2018,15:18:29,51.538918,-0.027898,4.96,30.2,543,0.5644111340763777,0.9,360.97058182954777,2.1252466167242456,4.395730247636444,7.541769678654376e-11,-5.3092237,12.931933,11.232676,-1.2235947,3.3068607
124,27/5/2018,15:18:30,51.538956,-0.027904,3.98,30.2,540,0.5050126523595201,0.9073170731707316,323.03652609848393,2.076964545869828,4.369787474735581,8.159408375070345e-11,-3.6757524,14.933218,11.413658,-2.0868833,5.5220013
125,27/5/2018,15:18:30,51.538956,-0.027904,3.98,22.5,541,0.5248121462651393,0.9146341463414634,304.4399812512281,2.098137316887652,4.413475356704234,1.0782015394200313e-10,-2.8195632,15.14863,11.0792055,-2.285078,6.372245
126,27/5/2018,15:18:31,51.538929,-0.027869,3.83,22.5,538,0.4654136645482817,0.9219512195121952,285.8434364039724,2.119310087905476,4.457163238672887,1.3404622413330283e-10,-2.1145988,15.793153,11.43715,-2.2469947,7.321993
127,27/5/2018,15:18:32,51.538948,-0.027863,4.32,22.5,539,0.4852131584539009,0.9292682926829268,268.08117756974406,2.140197767555628,4.5002547211695125,1.5961684039705062e-10,-1.3814869,15.561932,11.179149,-2.099859,7.98584
128,27/5/2018,15:18:33,51.538967,-0.027863,3.69,22.5,539,0.4852131584539009,0.9365853658536586,262.4700491370224,2.1569331752860337,4.5346598207676525,1.7564096298657126e-10,-1.3447245,15.5003195,11.15477,-2.092869,8.02329
129,27/5/2018,15:18:33,51.538967,-0.027863,3.69,21.1,542,0.5446116401707585,0.9439024390243904,256.8589207043008,2.1736685830164397,4.569064920365793,1.9166508557609187e-10,-1.5520778,15.283103,10.894924,-2.1415122,7.833009
130,27/5/2018,15:18:34,51.538967,-0.027865,3.96,21.1,538,0.4654136645482817,0.951219512195122,251.2477922715791,2.1904039907468453,4.603470019963933,2.0768920816561256e-10,0.2798038,15.262971,11.198387,-1.6744393,9.285602
131,27/5/2018,15:18:35,51.538986,-0.027868,4.72,21.1,536,0.4258146767370433,0.9585365853658536,248.74061877044232,2.2014664396705315,4.57055392010229,1.7955014586278636e-10,0.4072599,15.254797,11.22924,-1.6245481,9.432747
132,27/5/2018,15:18:36,51.53899,-0.027865,4.56,21.1,538,0.4654136645482817,0.9658536585365854,246.61373637071463,2.211833847654382,4.529389745234714,1.4600028778662408e-10,0.285513,15.205618,11.153739,-1.601766,9.347035
133,27/5/2018,15:18:37,51.538994,-0.027859,4.33,21.1,540,0.5050126523595201,0.9731707317073172,244.48685397098703,2.2222012556382333,4.488225570367138,1.1245042971046179e-10,0.11610035,15.065419,10.953169,-1.5630351,9.098407
134,27/5/2018,15:18:37,51.538994,-0.027859,4.33,18.1,539,0.4852131584539009,0.9804878048780488,241.88133934503645,2.206382286753947,4.468269852223665,1.0993977900719194e-10,0.20330861,15.07016,10.977501,-1.5029933,9.248432
135,27/5/2018,15:18:38,51.538994,-0.027848,3.82,18.1,539,0.4852131584539009,0.9878048780487806,239.08733680698927,2.180250983616279,4.456666136949418,1.1965253297731708e-10,0.22566088,14.982809,10.983833,-1.4599968,9.332323
136,27/5/2018,15:18:39,51.539005,-0.027839,4.69,18.1,537,0.4456141706426625,0.9951219512195124,236.2933342689421,2.154119680478612,4.445062421675171,1.2936528694744222e-10,0.67537963,14.988669,11.14877,-1.385883,9.725588
137,27/5/2018,15:18:40,51.539005,-0.027808,4.2,18.1,537,0.4456141706426625,1.002439024390244,234.0755220898768,2.152494352931281,4.45177726364303,1.3898571118973284e-10,0.69161814,14.953548,11.140344,-1.3160976,9.796446
138,27/5/2018,15:18:40,51.539005,-0.027808,4.2,18.1,539,0.4852131584539009,1.0097560975609756,232.34056351533752,2.1714052916747137,4.473843249996047,1.48528762145236e-10,0.4010097,14.798948,10.939019,-1.2686186,9.567756
139,27/5/2018,15:18:41,51.539009,-0.027786,4.57,18.1,536,0.4258146767370433,1.017073170731707,230.60560494079823,2.1903162304181465,4.495909236349066,1.5807181310073918e-10,0.85950154,14.838137,11.236908,-1.2571136,9.983165
140,27/5/2018,15:18:42,51.539013,-0.027771,4.13,18.1,538,0.4654136645482817,1.024390243902439,228.79475678176416,2.200961093071029,4.500159223694854,1.5403969703863295e-10,0.6596753,14.659156,10.973594,-1.1466315,9.797428
141,27/5/2018,15:18:43,51.539017,-0.02776,3.07,18.1,539,0.4852131584539009,1.0317073170731708,226.85506345949523,2.197571830615854,4.474161248615236,1.2695969341767308e-10,0.54647315,14.689717,10.940855,-1.1756636,9.70776
142,27/5/2018,15:18:43,51.539017,-0.02776,3.07,17.5,538,0.4654136645482817,1.0390243902439025,224.91537013722632,2.194182568160678,4.4481632735356165,9.987968979671315e-11,0.71698534,14.584343,10.991501,-1.0657415,9.920309
143,27/5/2018,15:18:44,51.539021,-0.027749,3.24,17.5,537,0.4456141706426625,1.0463414634146342,222.57152411196293,2.18990297059385,4.428015888865076,7.929458187337729e-11,0.9368916,14.53343,11.133232,-1.065867,10.083088
144,27/5/2018,15:18:45,51.539028,-0.027732,3.65,17.5,536,0.4258146767370433,1.053658536585366,218.58319467451517,2.1820006301589228,4.431674354824577,8.513698058175424e-11,1.120476,14.448348,11.283985,-0.99500173,10.291591
145,27/5/2018,15:18:45,51.539028,-0.027732,3.65,17.1,538,0.4654136645482817,1.0609756097560976,214.59486523706727,2.1740982897239944,4.435332820784079,9.09793792901312e-11,0.8987106,14.276188,11.068181,-0.86886674,10.178562
146,27/5/2018,15:18:46,51.539028,-0.027715,3.39,17.1,536,0.4258146767370433,1.068292682926829,210.7362541745349,2.165778773058613,4.43896731134292,9.678804386502947e-11,1.2639987,14.194719,11.343533,-0.80694693,10.491873
147,27/5/2018,15:18:47,51.539028,-0.027696,3.69,17.1,537,0.4456141706426625,1.075609756097561,212.1788554336967,2.1404104784183318,4.441621997078601,1.0121809261795471e-10,1.0935769,14.2567,11.225677,-0.8413766,10.357961
148,27/5/2018,15:18:47,51.539028,-0.027696,3.69,16.7,537,0.4456141706426625,1.0829268292682928,213.6214566928585,2.115042183778049,4.444276682814281,1.0564814137087996e-10,1.0817997,14.312337,11.223414,-0.88135564,10.327701
149,27/5/2018,15:18:48,51.539036,-0.027684,4.17,16.7,535,0.4060151828314241,1.0902439024390245,215.06405795202025,2.089673889137768,4.446931368549961,1.1007819012380522e-10,1.249949,14.312558,11.346847,-0.9282539,10.39418
150,27/5/2018,15:18:49,51.539043,-0.027674,4.5,16.7,535,0.4060151828314241,1.0975609756097562,221.4174178998646,2.167540724493345,4.498737334145218,1.1503299344748904e-10,1.1817684,14.464339,11.310563,-1.0346898,10.281678
151,27/5/2018,15:18:50,51.539047,-0.027658,4.43,16.7,539,0.4852131584539009,1.104878048780488,228.6340448834549,2.26355536353998,4.559183650928018,1.2008004388643776e-10,0.513376,14.704373,10.910839,-1.1662738,9.689151
152,27/5/2018,15:18:50,51.539047,-0.027658,4.43,15.0,541,0.5248121462651393,1.1121951219512196,235.8506718670451,2.359570002586615,4.619629967710818,1.2512709432538646e-10,0.24297248,14.9279375,10.947258,-1.4387127,9.300416
153,27/5/2018,15:18:51,51.539055,-0.027646,4.35,15.0,539,0.4852131584539009,1.119512195121951,237.3135492656289,2.3251356219872776,4.589423204407541,1.2425226227312135e-10,0.27393335,14.965842,10.976001,-1.4166524,9.391709
154,27/5/2018,15:18:52,51.539066,-0.02764,4.41,15.0,538,0.4654136645482817,1.126829268292683,236.03250857678853,2.228491126191742,4.515984697620484,1.205533308680472e-10,0.48108014,14.963752,11.055836,-1.3732872,9.584646
155,27/5/2018,15:18:53,51.539074,-0.027635,3.59,15.0,537,0.4456141706426625,1.1341463414634148,234.75146788794817,2.1318466303962063,4.4425461908334265,1.1685439946297304e-10,0.6936876,14.9551115,11.156931,-1.3530354,9.759996
156,27/5/2018,15:18:53,51.539074,-0.027635,3.59,13.9,538,0.4654136645482817,1.1414634146341465,236.1980702644442,2.093687506008301,4.42485446376506,1.222226299065823e-10,0.46882874,14.967841,11.0496025,-1.3578112,9.604632
157,27/5/2018,15:18:54,51.539085,-0.027625,4.06,13.9,536,0.4258146767370433,1.1487804878048782,240.33220330825677,2.1131536740367336,4.462089710831281,1.3652468158345264e-10,0.69281995,15.02473,11.222145,-1.4172876,9.736281
158,27/5/2018,15:18:54,51.539085,-0.027625,4.06,13.8,539,0.4852131584539009,1.15609756097561,244.46633635206928,2.1326198420651665,4.499324957897501,1.5082673326032295e-10,0.18806203,15.102397,10.987641,-1.5466965,9.188028
159,27/5/2018,15:18:55,51.539089,-0.027614,4.5,13.8,537,0.4456141706426625,1.1634146341463416,250.858834099479,2.1555316480229467,4.522871656309889,1.5588341909818468e-10,0.34080645,15.270469,11.278005,-1.7127066,9.350446
160,27/5/2018,15:18:55,51.539089,-0.027614,4.5,13.6,540,0.5050126523595201,1.170731707317073,261.830075845486,2.1854293468992667,4.518665370495056,1.4219549593522028e-10,-1.3880876,15.369644,11.005888,-2.0883474,8.0051775
161,27/5/2018,15:18:56,51.539089,-0.027605,2.85,13.6,541,0.5248121462651393,1.178048780487805,272.8013175914929,2.2153270457755863,4.514459084680222,1.2850757277225592e-10,-1.7654798,15.218692,10.871112,-2.1979778,7.6380076
162,27/5/2018,15:18:56,51.539089,-0.027605,2.85,12.5,542,0.5446116401707585,1.1853658536585368,282.5844679460293,2.245824995705479,4.514692489675549,1.167671534021145e-10,-1.9787178,15.18621,10.877856,-2.2297785,7.4234076
163,27/5/2018,15:18:57,51.539097,-0.027588,4.2,12.5,539,0.4852131584539009,1.1926829268292685,285.9842024140242,2.2795479939261014,4.5387796091682375,1.1549034545063633e-10,-2.1702847,15.774501,11.39655,-2.2490246,7.2718015
164,27/5/2018,15:18:58,51.539104,-0.027575,3.43,12.5,540,0.5050126523595201,1.2000000000000002,289.3839368820191,2.313270992146724,4.562866728660926,1.1421353749915818e-10,-2.4027336,15.546634,11.310883,-2.263845,7.0353208
165,27/5/2018,15:18:59,51.539104,-0.027569,3.15,12.5,542,0.5446116401707585,1.2073170731707317,292.78367135001383,2.346993990367345,4.586953848153614,1.1293672954768004e-10,-2.5123584,15.107568,10.931337,-2.270994,6.777176
166,27/5/2018,15:18:59,51.539104,-0.027569,3.15,12.9,543,0.5644111340763777,1.2146341463414634,279.488511241064,2.323857013147705,4.610177973848673,1.4940915404838448e-10,-1.8486358,15.2046175,10.86694,-2.210158,7.5601373
167,27/5/2018,15:19:0,51.539108,-0.027555,3.69,12.9,542,0.5446116401707585,1.221951219512195,265.9136487790724,2.299767417218721,4.633387641147798,1.8651402034701274e-10,-1.6713973,15.241969,10.873863,-2.163407,7.742255
168,27/5/2018,15:19:1,51.539108,-0.027531,4.83,12.9,537,0.4456141706426625,1.2292682926829268,252.3387863170809,2.2756778212897366,4.656597308446924,2.23618886645641e-10,0.32804355,15.277688,11.218209,-1.66708,9.340851
169,27/5/2018,15:19:2,51.539112,-0.02752,3.85,12.9,536,0.4258146767370433,1.2365853658536583,237.2163861292163,2.2288590699205924,4.669395285264826,2.329850498514281e-10,0.7604039,14.961278,11.213288,-1.3539685,9.825527
170,27/5/2018,15:19:2,51.539112,-0.02752,3.85,14.3,538,0.4654136645482817,1.2439024390243902,221.73128629893776,2.176713239015557,4.679753052483098,2.358500353963446e-10,0.7820619,14.503849,10.988214,-1.0160315,9.973009
171,27/5/2018,15:19:3,51.53912,-0.027503,4.59,14.3,535,0.4060151828314241,1.251219512195122,206.24618646865923,2.124567408110522,4.69011081970137,2.3871502094126104e-10,1.5284266,13.86241,11.470233,-0.55814564,10.7782
172,27/5/2018,15:19:3,51.53912,-0.027503,4.59,14.9,537,0.4456141706426625,1.2585365853658537,199.26887946012545,2.115384114861748,4.677964703184212,2.2259702368902848e-10,1.193399,13.707537,11.282521,-0.3805902,10.714094
173,27/5/2018,15:19:4,51.53912,-0.027486,4.06,14.9,533,0.3664161950201857,1.2658536585365854,197.1453773306637,2.130711500147634,4.652979832484661,1.9564899137944846e-10,1.6658943,13.460725,11.593521,-0.24064432,11.024327
174,27/5/2018,15:19:4,51.53912,-0.027486,4.06,15.3,536,0.4258146767370433,1.273170731707317,195.021875201202,2.14603888543352,4.62799496178511,1.6870095906986855e-10,1.4204124,13.583382,11.400488,-0.3671035,10.864252
175,27/5/2018,15:19:5,51.539131,-0.027475,5.06,15.3,536,0.4258146767370433,1.2804878048780488,194.89002908366484,2.169992987825062,4.611409281086888,1.4985573575705308e-10,1.391284,13.60082,11.411995,-0.35643533,10.874665
176,27/5/2018,15:19:6,51.539139,-0.027462,5.13,15.3,536,0.4258146767370433,1.2878048780487803,197.06499498646437,2.2039388832753555,4.604551862869813,1.403954951321701e-10,1.4181228,13.620346,11.440098,-0.39510337,10.877444
177,27/5/2018,15:19:6,51.539139,-0.027462,5.13,14.9,538,0.4654136645482817,1.2951219512195122,199.23996088926387,2.2378847787256486,4.597694444652737,1.309352545072871e-10,1.0784218,13.773342,11.149146,-0.45896733,10.559771
178,27/5/2018,15:19:7,51.539143,-0.027445,5.15,14.9,535,0.4060151828314241,1.302439024390244,200.00786217247563,2.249785852399265,4.57313958181039,1.1981644734596938e-10,1.5583562,13.705108,11.500931,-0.45454124,10.871336
179,27/5/2018,15:19:7,51.539143,-0.027445,5.15,15.2,537,0.4456141706426625,1.3097560975609757,197.3299957193979,2.2077012493862056,4.50524535640032,1.0463596811914929e-10,1.2314929,13.634007,11.280657,-0.36683798,10.721703
180,27/5/2018,15:19:8,51.53915,-0.027433,3.59,15.2,536,0.4258146767370433,1.3170731707317074,194.6521292663202,2.165616646373145,4.437351130990251,8.945548889232919e-11,1.3716279,13.591132,11.416832,-0.36958566,10.872384
181,27/5/2018,15:19:8,51.53915,-0.027433,3.59,15.2,536,0.4258146767370433,1.324390243902439,192.447522718732,2.1298274165355906,4.379119673243869,7.636184285683329e-11,1.408351,13.550543,11.41994,-0.349696,10.879258
182,27/5/2018,15:19:9,51.539154,-0.027413,3.89,15.2,535,0.4060151828314241,1.3317073170731708,193.8301157660601,2.141755645631441,4.394129738489171,7.908590521316345e-11,1.5372645,13.563482,11.50493,-0.32061103,10.941679
183,27/5/2018,15:19:10,51.539165,-0.027401,5.32,15.2,534,0.3862156889258049,1.3390243902439023,195.2127088133882,2.153683874727292,4.4091398037344725,8.180996756949361e-11,1.6394051,13.493327,11.574967,-0.2664777,11.00215
184,27/5/2018,15:19:11,51.539181,-0.027393,3.74,15.2,535,0.4060151828314241,1.3463414634146342,196.5953018607163,2.165612103823143,4.424149868979775,8.453402992582377e-11,1.5477518,13.621595,11.513762,-0.4252794,10.917665
185,27/5/2018,15:19:12,51.539192,-0.027382,4.56,15.2,537,0.4456141706426625,1.353658536585366,199.12975909361023,2.2019025503304777,4.47591045067134,1.0510978693762399e-10,1.2203765,13.698871,11.257339,-0.42826334,10.676803
186,27/5/2018,15:19:13,51.539207,-0.027372,6.91,15.2,539,0.4852131584539009,1.3609756097560977,201.73363465216104,2.2396612118957897,4.529885841496387,1.2676139539844747e-10,0.99963874,13.880873,11.107973,-0.49618942,10.493268
187,27/5/2018,15:19:14,51.539219,-0.027368,5.85,15.2,537,0.4456141706426625,1.3682926829268294,204.3375102107118,2.2774198734611013,4.583861232321434,1.48413003859271e-10,1.1613026,13.829253,11.225502,-0.5145806,10.591775
188,27/5/2018,15:19:15,51.53923,-0.027359,4.76,15.2,536,0.4258146767370433,1.375609756097561,204.69228896280612,2.246965844605924,4.619890246060308,1.7621052823868542e-10,1.394686,13.905811,11.39386,-0.5763009,10.704717
189,27/5/2018,15:19:16,51.539238,-0.027353,4.39,15.2,534,0.3862156889258049,1.3829268292682928,204.37437045719565,2.1961096304580523,4.650551559032834,2.0584627530938304e-10,1.5720532,13.749909,11.500028,-0.48009923,10.845363
190,27/5/2018,15:19:16,51.539238,-0.027353,4.39,12.7,537,0.4456141706426625,1.3902439024390243,204.0564519515852,2.1452534163101804,4.681212872005361,2.3548202238008064e-10,1.1383587,13.800112,11.220899,-0.49249572,10.602426
191,27/5/2018,15:19:17,51.539246,-0.027337,5.39,12.7,535,0.4060151828314241,1.3975609756097562,207.4244784567416,2.156793513846305,4.707337403086963,2.47903019069665e-10,1.4946676,13.897512,11.448176,-0.60182166,10.731995
192,27/5/2018,15:19:18,51.539257,-0.027329,5.63,12.7,539,0.4852131584539009,1.404878048780488,213.2871749691849,2.210563814727488,4.730391412584593,2.48672967972794e-10,0.8873935,14.1783085,11.034147,-0.7219546,10.265442
193,27/5/2018,15:19:19,51.539272,-0.027331,6.33,12.7,536,0.4258146767370433,1.4121951219512197,219.1498714816281,2.2643341156086705,4.753445422082224,2.4944291687592303e-10,1.1503516,14.442464,11.304696,-1.0254409,10.279164
194,27/5/2018,15:19:20,51.539284,-0.027324,4.91,12.7,536,0.4258146767370433,1.4195121951219514,222.44108486611668,2.301910042436972,4.754382761458429,2.3396992944758027e-10,1.1168509,14.478996,11.267653,-1.0627232,10.217009
195,27/5/2018,15:19:21,51.539288,-0.027311,3.28,12.7,540,0.5050126523595201,1.426829268292683,222.22431000921785,2.317393787078055,4.725148789235824,1.963385117200169e-10,0.53174937,14.667464,10.8974695,-1.1021377,9.738813
196,27/5/2018,15:19:21,51.539288,-0.027311,3.28,14.3,540,0.5050126523595201,1.4341463414634148,222.007535152319,2.3328775317191384,4.695914817013219,1.5870709399245348e-10,0.54006165,14.6528,10.922879,-1.130763,9.730508
197,27/5/2018,15:19:22,51.539291,-0.027302,2.46,14.3,537,0.4456141706426625,1.4414634146341463,218.90226694650732,2.339625224410055,4.675512466264559,1.3879518239833218e-10,0.9871523,14.459851,11.186197,-0.9988262,10.195712
198,27/5/2018,15:19:23,51.539284,-0.027284,3.15,14.3,535,0.4060151828314241,1.4487804878048782,207.11227373524375,2.320106556179941,4.681663821752517,1.7215984769481884e-10,1.4796071,13.895706,11.466948,-0.6125933,10.73625
199,27/5/2018,15:19:24,51.539291,-0.027277,2.39,14.3,536,0.4258146767370433,1.45609756097561,195.32228052398025,2.300587887949828,4.687815177240476,2.0552451299130547e-10,1.4029619,13.595564,11.415575,-0.38073978,10.866748
200,27/5/2018,15:19:24,51.539291,-0.027277,2.39,16.2,538,0.4654136645482817,1.4634146341463417,183.76027125847023,2.275414768336213,4.688856018472907,2.3761172444005787e-10,1.3873322,13.213236,11.357181,0.033623286,10.919968
201,27/5/2018,15:19:25,51.53928,-0.027273,2.44,16.2,534,0.3862156889258049,1.4707317073170734,174.9625673352216,2.181681425697673,4.627931874357091,2.542098079850377e-10,1.7034909,12.7227125,11.608735,0.46719325,11.162366
202,27/5/2018,15:19:25,51.53928,-0.027273,2.44,16.9,532,0.3466167011145665,1.4780487804878049,166.16486341197322,2.0879480830591355,4.567007730241277,2.70807891530017e-10,1.9900802,11.553727,11.92182,1.4369146,11.217646
203,27/5/2018,15:19:26,51.539288,-0.027261,2.85,16.9,531,0.3268172072089473,1.4853658536585366,157.36715948872455,1.994214740420596,4.5060835861254604,2.8740597507499685e-10,2.018303,11.338423,11.996072,1.6834618,11.220873
204,27/5/2018,15:19:26,51.539288,-0.027261,2.85,17.1,534,0.3862156889258049,1.4926829268292685,162.1994445556547,2.059447491234847,4.559811233932987,2.628301453457419e-10,1.8313569,11.849877,11.742405,1.1254253,11.314528
205,27/5/2018,15:19:27,51.539288,-0.027244,3.93,17.1,533,0.3664161950201857,1.5,168.49925857782358,2.141795981849861,4.625883339578208,2.33821156501394e-10,1.9441885,11.697054,11.860123,1.2771467,11.23134
206,27/5/2018,15:19:28,51.539299,-0.027222,5.94,17.1,535,0.4060151828314241,1.5073170731707315,174.79907259999248,2.2241444724648747,4.691955445223429,2.0481216765704616e-10,1.632167,12.800068,11.535436,0.3611428,11.122741
207,27/5/2018,15:19:28,51.539299,-0.027222,5.94,17.7,537,0.4456141706426625,1.5146341463414634,182.86744667553316,2.2735343444638527,4.7269418918722375,2.019552723196592e-10,1.4456773,13.093458,11.403515,0.14448161,10.991155
208,27/5/2018,15:19:29,51.539303,-0.027208,4.02,17.7,534,0.3862156889258049,1.5219512195121951,191.591929040304,2.310697081266415,4.750396042230148,2.088003971641296e-10,1.6810784,13.387593,11.595591,-0.1702776,11.046062
209,27/5/2018,15:19:30,51.539265,-0.0272,5.48,17.7,538,0.4654136645482817,1.5292682926829269,200.3164114050748,2.3478598180689776,4.773850192588059,2.1564552200860003e-10,1.0467021,13.813644,11.145626,-0.45096922,10.562298
210,27/5/2018,15:19:30,51.539265,-0.0272,5.48,17.7,538,0.4654136645482817,1.5365853658536586,203.0137539840326,2.3377668368641347,4.818466163324271,2.6404119969203137e-10,1.0203211,13.863422,11.138729,-0.47283095,10.537038
211,27/5/2018,15:19:31,51.539261,-0.027195,4.33,17.7,537,0.4456141706426625,1.5439024390243905,200.8982337160808,2.289938661589756,4.879980520806288,3.4561631557231775e-10,1.1598759,13.7214,11.19716,-0.43563515,10.613579
212,27/5/2018,15:19:32,51.539261,-0.027196,2.98,17.7,535,0.4060151828314241,1.551219512195122,198.78271344812904,2.2421104863153767,4.941494878288305,4.271914314526042e-10,1.5373539,13.677537,11.5077715,-0.47549576,10.8607
213,27/5/2018,15:19:32,51.539261,-0.027196,2.98,18.5,538,0.4654136645482817,1.5585365853658537,198.10227223940012,2.206330375830099,4.958135354820825,4.657632943726164e-10,1.0620104,13.781614,11.138667,-0.44231802,10.558726
214,27/5/2018,15:19:33,51.539276,-0.027182,1.17,18.5,532,0.3466167011145665,1.5658536585365854,199.73746235341565,2.189990919868206,4.90236772001485,4.349454753132751e-10,1.6410276,13.5146675,11.605225,-0.24113932,11.031349
215,27/5/2018,15:19:34,51.53931,-0.027176,2.94,18.5,535,0.4060151828314241,1.5731707317073171,201.37265246743112,2.1736514639063134,4.846600085208875,4.0412765625393356e-10,1.5463204,13.716582,11.494189,-0.46418154,10.859609
216,27/5/2018,15:19:34,51.53931,-0.027176,2.94,20.1,538,0.4654136645482817,1.5804878048780489,204.9708167750663,2.165044801700082,4.783103678095735,3.5999385233310247e-10,1.0186051,13.853379,11.126262,-0.48166278,10.527697
217,27/5/2018,15:19:35,51.539307,-0.027161,2.06,20.1,536,0.4258146767370433,1.5878048780487806,215.9882860009265,2.185665194505311,4.690395415535499,2.655306287515456e-10,1.1628578,14.391187,11.317705,-0.977744,10.3384905
218,27/5/2018,15:19:36,51.539322,-0.027146,4.74,20.1,538,0.4654136645482817,1.5951219512195125,227.00575522678676,2.20628558731054,4.597687152975264,1.7106740516998872e-10,0.70099044,14.61614,10.97588,-1.1290092,9.849719
219,27/5/2018,15:19:37,51.539379,-0.027138,6.28,20.1,538,0.4654136645482817,1.602439024390244,237.84408245799028,2.2271166213223923,4.508666439323102,8.034240193368573e-11,0.46877518,15.005872,11.073089,-1.4187024,9.539998
220,27/5/2018,15:19:37,51.539379,-0.027138,6.28,13.2,540,0.5050126523595201,1.6097560975609757,243.8614491747648,2.253616303502348,4.518882801348911,9.021811330505187e-11,0.11060027,15.066427,10.980416,-1.5561676,9.141357
221,27/5/2018,15:19:38,51.539413,-0.027129,6.0,13.2,538,0.4654136645482817,1.6170731707317074,249.8788158915393,2.280115985682304,4.52909916337472,1.0009382467641804e-10,0.28277692,15.245187,11.178693,-1.6529746,9.29909
222,27/5/2018,15:19:39,51.539425,-0.02711,6.07,13.2,540,0.5050126523595201,1.6243902439024391,255.89618260831375,2.30661566786226,4.5393155254005295,1.0996953604778417e-10,-1.2416502,15.346672,10.998374,-2.047774,8.098682
223,27/5/2018,15:19:39,51.539425,-0.02711,6.07,12.7,541,0.5248121462651393,1.6317073170731708,252.09212701422405,2.2663804555357654,4.494871022917579,9.27354488589472e-11,-1.3056595,15.325646,10.952932,-2.0662153,8.03701
224,27/5/2018,15:19:40,51.539425,-0.027085,5.83,12.7,539,0.4852131584539009,1.6390243902439026,246.7214641803648,2.2155004134106977,4.441707609531391,7.11770993230845e-11,0.17012699,15.116165,11.020561,-1.5842861,9.172641
225,27/5/2018,15:19:41,51.539436,-0.027062,3.44,12.7,537,0.4456141706426625,1.6463414634146345,241.35080134650548,2.16462037128563,4.388544196145203,4.961874978722184e-11,0.64046574,15.131161,11.18182,-1.4609586,9.630288
226,27/5/2018,15:19:42,51.539433,-0.027051,3.78,12.7,537,0.4456141706426625,1.653658536585366,235.78445748439643,2.147870208989638,4.377501180242878,5.581447831868776e-11,0.6898336,15.005025,11.187097,-1.3779144,9.758948
227,27/5/2018,15:19:43,51.539436,-0.027035,3.39,12.7,538,0.4654136645482817,1.6609756097560977,230.1298038646941,2.146522671267671,4.385466865004068,7.453546761901969e-11,0.638135,14.70052,11.032949,-1.1842693,9.804257
228,27/5/2018,15:19:43,51.539436,-0.027035,3.39,9.1,538,0.4654136645482817,1.6682926829268294,224.47515024499188,2.145175133545704,4.393432549765258,9.32564569193516e-11,0.7371971,14.581652,10.998726,-1.0795181,9.913792
229,27/5/2018,15:19:44,51.53944,-0.027003,3.48,9.1,537,0.4456141706426625,1.6756097560975611,223.27046344411087,2.140701396064714,4.441035969851525,1.2643388330172635e-10,0.91185737,14.550949,11.1229725,-1.0775636,10.063007
230,27/5/2018,15:19:45,51.539444,-0.026976,4.83,9.1,536,0.4258146767370433,1.6829268292682928,226.24569270523585,2.13329117543277,4.525871669029418,1.7319044319652056e-10,1.0485904,14.609837,11.253119,-1.1398494,10.130725
231,27/5/2018,15:19:45,51.539444,-0.026976,4.83,10.6,538,0.4654136645482817,1.6902439024390246,229.2209219663609,2.125880954800825,4.610707368207311,2.1994700309131478e-10,0.636042,14.6741,10.987769,-1.1269621,9.828221
232,27/5/2018,15:19:46,51.539448,-0.026963,3.43,10.6,535,0.4060151828314241,1.6975609756097565,234.8768253966077,2.14656603407087,4.686358953401454,2.478507322471073e-10,0.8470502,14.888121,11.238871,-1.3001449,9.923746
233,27/5/2018,15:19:47,51.539452,-0.026943,3.24,10.6,539,0.4852131584539009,1.704878048780488,245.6845014902152,2.2212452166419534,4.744360326606508,2.3952271822914004e-10,0.16504279,15.109817,11.004841,-1.5651301,9.183196
234,27/5/2018,15:19:47,51.539452,-0.026943,3.24,10.2,542,0.5446116401707585,1.7121951219512197,256.49217758382275,2.2959243992130363,4.802361699811564,2.3119470421117268e-10,-1.5562539,15.283736,10.895408,-2.1438136,7.825032
235,27/5/2018,15:19:48,51.539455,-0.026925,4.0,10.2,538,0.4654136645482817,1.7195121951219514,266.2058838823948,2.347252310264797,4.833885282091292,2.200232620827071e-10,-1.3687632,15.568245,11.182796,-2.0890841,8.027678
236,27/5/2018,15:19:49,51.539471,-0.026911,5.04,10.2,541,0.5248121462651393,1.7268292682926831,270.53494744766067,2.283642628824892,4.735082190684896,1.9485614604957252e-10,-1.6994663,15.23342,10.868,-2.1908514,7.66673
237,27/5/2018,15:19:49,51.539471,-0.026911,5.04,8.4,542,0.5446116401707585,1.7341463414634148,274.8640110129265,2.220032947384986,4.636279099278499,1.6968903001643802e-10,-1.8163421,15.165326,10.860069,-2.2006958,7.6212144
238,27/5/2018,15:19:50,51.53949,-0.026916,7.04,8.4,538,0.4654136645482817,1.7414634146341463,279.1930745781922,2.1564232659450817,4.5374760078721055,1.4452191398330423e-10,-2.036384,15.789371,11.406168,-2.2286034,7.436169
239,27/5/2018,15:19:51,51.539497,-0.026886,5.44,8.4,539,0.4852131584539009,1.748780487804878,284.5507951102606,2.1641314417684443,4.488657778293844,1.1394898291253018e-10,-2.1413205,15.779966,11.41169,-2.2507737,7.2934337
240,27/5/2018,15:19:52,51.539509,-0.026869,5.56,8.4,541,0.5248121462651393,1.7560975609756098,289.91320200664245,2.172164528103256,4.44006727018177,8.335142398281474e-11,-2.4373863,15.210479,10.99185,-2.2760475,6.819388
241,27/5/2018,15:19:53,51.539524,-0.026843,4.89,8.4,541,0.5248121462651393,1.7634146341463417,295.2756089030243,2.180197614438068,4.391476762069696,5.275386505309931e-11,-2.5774486,15.204973,11.038384,-2.28709,6.67712
242,27/5/2018,15:19:54,51.53952,-0.026824,4.85,8.4,541,0.5248121462651393,1.7707317073170732,298.91138288451407,2.193491609667664,4.393940828079088,5.2049710493890045e-11,-2.623841,15.165308,11.068601,-2.2952707,6.558749
243,27/5/2018,15:19:55,51.539536,-0.026799,5.17,8.4,542,0.5446116401707585,1.778048780487805,302.1734446665136,2.207924275321895,4.407455139351621,5.7815680418697753e-11,-2.9523683,14.827563,10.87321,-2.284125,6.0594435
244,27/5/2018,15:19:55,51.539536,-0.026799,5.17,8.5,543,0.5644111340763777,1.7853658536585366,305.43550644851314,2.222356940976126,4.420969450624153,6.358165034350546e-11,-3.0547833,14.61344,10.775306,-2.283524,5.8611474
245,27/5/2018,15:19:56,51.539543,-0.026785,4.19,8.5,541,0.5248121462651393,1.7926829268292683,305.2496762159394,2.205276998665382,4.424929930236218,7.745306250176687e-11,-2.8859289,15.130094,11.123306,-2.2716966,6.326679
246,27/5/2018,15:19:56,51.539543,-0.026785,4.19,8.2,541,0.5248121462651393,1.8,303.19647216796875,2.171129869006561,4.423716067089271,9.571437159560179e-11,-2.812021,15.113361,11.069945,-2.2826529,6.3795323
247,27/5/2018,15:19:57,51.539543,-0.026765,4.52,8.2,539,0.4852131584539009,1.807317073170732,301.1432681199981,2.136982739347739,4.422502203942323,1.1397568068943672e-10,-2.7174714,15.554898,11.41471,-2.2236607,6.5866833
248,27/5/2018,15:19:58,51.539555,-0.02675,4.09,8.2,541,0.5248121462651393,1.8146341463414637,301.3840593477575,2.1340565946352994,4.430629497665738,1.1801342831116188e-10,-2.709031,15.150245,11.057032,-2.2914333,6.5031343
249,27/5/2018,15:19:58,51.539555,-0.02675,4.09,8.5,543,0.5644111340763777,1.8219512195121952,304.15743887133715,2.1655986556317943,4.449069499880574,1.0634825549087292e-10,-3.0326984,14.6318035,10.7625265,-2.3005967,5.9067726
250,27/5/2018,15:19:59,51.539562,-0.026737,5.04,8.5,540,0.5050126523595201,1.829268292682927,306.9308183949168,2.1971407166282897,4.467509502095409,9.468308267058396e-11,-2.9898934,15.38652,11.327809,-2.2387326,6.333392
251,27/5/2018,15:20:0,51.539562,-0.026701,4.24,8.5,541,0.5248121462651393,1.8365853658536584,308.9013867145632,2.213913315504598,4.474297354258913,8.62526181629334e-11,-3.1603715,15.036854,11.182733,-2.2392428,6.0096555
252,27/5/2018,15:20:1,51.539562,-0.026674,4.89,8.5,543,0.5644111340763777,1.8439024390243903,309.01547925065205,2.196531995467024,4.454139974105416,8.530231539176962e-11,-3.1047266,14.599131,10.78091,-2.2770982,5.810403
253,27/5/2018,15:20:2,51.539577,-0.026667,5.13,8.5,542,0.5446116401707585,1.851219512195122,309.12957178674094,2.179150675429451,4.433982593951919,8.435201262060585e-11,-3.2274683,14.779451,10.917633,-2.248738,5.8080864
254,27/5/2018,15:20:2,51.539577,-0.026667,5.13,10.5,542,0.5446116401707585,1.8585365853658535,309.60197088485813,2.163445119660133,4.419945606507574,8.485443524919049e-11,-3.1777818,14.741445,10.930275,-2.2517958,5.79197
255,27/5/2018,15:20:3,51.539581,-0.026643,5.87,10.5,540,0.5050126523595201,1.8658536585365852,312.50453154779063,2.1591051886043404,4.447419282555303,9.520975426548076e-11,-3.1677125,15.301538,11.348014,-2.208563,6.125055
256,27/5/2018,15:20:4,51.539589,-0.026625,6.06,10.5,539,0.4852131584539009,1.8731707317073167,315.4070922107232,2.154765257548547,4.474892958603031,1.0556507328177098e-10,-3.2723145,15.274889,11.408716,-2.182578,6.1272473
257,27/5/2018,15:20:5,51.539589,-0.026609,5.41,10.5,543,0.5644111340763777,1.880487804878049,318.3096528736557,2.150425326492754,4.50236663465076,1.159203922980612e-10,-3.5386808,14.394093,10.947598,-2.1506886,5.3253117
258,27/5/2018,15:20:6,51.5396,-0.026604,5.02,10.5,544,0.5842106279819969,1.8878048780487808,328.3103552911343,2.176584577821802,4.517546186260683,1.1465200410727927e-10,-3.7954118,14.098231,10.915117,-2.0590866,4.9885406
259,27/5/2018,15:20:7,51.539612,-0.026608,6.89,10.5,541,0.5248121462651393,1.8951219512195123,338.6447310389545,2.2041775513997086,4.532147808944043,1.1283720232984047e-10,-4.2079926,14.484439,11.499199,-1.8510929,4.8641615
260,27/5/2018,15:20:8,51.539631,-0.026605,7.52,10.5,542,0.5446116401707585,1.902439024390244,348.9791067867747,2.231770524977616,4.546749431627402,1.1102240055240168e-10,-4.8786535,13.651322,11.4038515,-1.5133723,3.9621012
261,27/5/2018,15:20:8,51.539631,-0.026605,7.52,12.8,546,0.6238096157932352,1.909756097560976,354.5688338614093,2.230930023459389,4.514907389114304,9.512102245875377e-11,-4.7778835,12.77536,10.776021,-1.4720184,3.6015284
262,27/5/2018,15:20:9,51.53965,-0.026604,7.96,12.8,544,0.5842106279819969,1.9170731707317077,358.8336193997687,2.2221494836431908,4.470095968812831,7.528597269606652e-11,-5.0420036,12.643973,10.900386,-1.3129685,3.2885199
263,27/5/2018,15:20:10,51.539669,-0.026593,9.04,12.8,544,0.5842106279819969,1.9243902439024392,363.09840493812806,2.213368943826993,4.425284548511359,5.545092293337927e-11,-5.136871,12.578896,10.977967,-1.2545274,3.2266312
264,27/5/2018,15:20:11,51.539677,-0.026586,6.19,12.8,544,0.5842106279819969,1.931707317073171,362.8624047418919,2.2031866585305937,4.3972286110528485,4.484820906468612e-11,-5.0991783,12.590297,10.942221,-1.2441925,3.198368
265,27/5/2018,15:20:12,51.539684,-0.026578,4.33,12.8,543,0.5644111340763777,1.9390243902439024,359.72840856197394,2.192101807990854,4.379961305812557,4.019007330268682e-11,-5.301441,13.002344,11.248589,-1.2419317,3.3412006
266,27/5/2018,15:20:13,51.539692,-0.026577,3.89,12.8,543,0.5644111340763777,1.9463414634146343,356.594412382056,2.1810169574511145,4.362694000572265,3.553193754068752e-11,-5.2318954,13.040886,11.260517,-1.3273602,3.4727757
267,27/5/2018,15:20:14,51.5397,-0.026576,5.22,12.8,544,0.5842106279819969,1.953658536585366,352.9956482663386,2.166674838192756,4.353296404044177,3.553711329047462e-11,-4.9378734,12.874787,10.929649,-1.4602039,3.5252836
268,27/5/2018,15:20:15,51.539719,-0.02659,8.82,12.8,544,0.5842106279819969,1.9609756097560975,348.7930250807505,2.1481006471686,4.354123684529022,4.1601190128567525e-11,-4.752528,13.086246,10.929081,-1.538056,3.6888828
269,27/5/2018,15:20:16,51.539734,-0.02659,7.04,12.8,542,0.5446116401707585,1.9682926829268292,344.5904018951624,2.129526456144444,4.354950965013868,4.766526696666044e-11,-4.7285066,13.7206135,11.35195,-1.6196251,4.1463423
270,27/5/2018,15:20:16,51.539734,-0.02659,7.04,14.3,543,0.5644111340763777,1.9756097560975607,341.64360124018134,2.124148247543462,4.362742840914303,5.3676119102031324e-11,-4.709635,13.490878,11.165228,-1.6233994,3.9797347
271,27/5/2018,15:20:17,51.539745,-0.026586,5.32,14.3,541,0.5248121462651393,1.982926829268293,342.2428659389659,2.1560315268830554,4.390200640863954,5.953668067509179e-11,-4.2963767,14.392411,11.464447,-1.8202763,4.766767
272,27/5/2018,15:20:17,51.539745,-0.026586,5.32,15.1,543,0.5644111340763777,1.9902439024390248,342.8421306377504,2.187914806222649,4.417658440813606,6.539724224815228e-11,-4.715255,13.470449,11.15988,-1.6192132,3.9613957
273,27/5/2018,15:20:18,51.539749,-0.026577,2.59,15.1,543,0.5644111340763777,1.9975609756097563,343.2908740290781,2.2159378654417745,4.443438497516875,7.174416797062614e-11,-4.7251897,13.442786,11.170704,-1.6166039,3.958968
274,27/5/2018,15:20:19,51.539745,-0.026561,3.93,15.1,544,0.5842106279819969,2.004878048780488,342.1822511655528,2.2040212200868736,4.451859811060315,8.312325243968739e-11,-4.650677,13.24545,10.943712,-1.6217246,3.855614
275,27/5/2018,15:20:19,51.539745,-0.026561,3.93,16.4,545,0.604010121887616,2.0121951219512195,341.07362830202754,2.1921045747319723,4.460281124603755,9.450233690874897e-11,-4.6256747,13.120621,10.812398,-1.6444784,3.8735452
276,27/5/2018,15:20:20,51.539742,-0.026551,2.04,16.4,541,0.5248121462651393,2.0195121951219512,339.96500543850226,2.180187929377071,4.4687024381471945,1.0588142137781056e-10,-4.2341604,14.457777,11.497212,-1.8504144,4.8604403
277,27/5/2018,15:20:21,51.539745,-0.026531,4.54,16.4,541,0.5248121462651393,2.026829268292683,336.7611319219194,2.189723078088684,4.475102651498446,1.0824849691844504e-10,-4.1271076,14.577359,11.513308,-1.8689662,4.921076
278,27/5/2018,15:20:22,51.539722,-0.026526,2.78,16.4,543,0.5644111340763777,2.0341463414634147,333.3619648392608,2.2012576999210234,4.481314482680074,1.0977558352574059e-10,-3.8513584,14.209907,11.008309,-2.0398932,4.9990854
279,27/5/2018,15:20:22,51.539722,-0.026526,2.78,16.8,544,0.5842106279819969,2.0414634146341464,329.9627977566022,2.2127923217533625,4.487526313861702,1.1130267013303615e-10,-3.832882,14.118414,10.929376,-2.058503,4.994636
280,27/5/2018,15:20:23,51.539738,-0.026519,2.37,16.8,541,0.5248121462651393,2.048780487804878,325.49272470939457,2.202624017225157,4.4793171768131534,1.0784998732761687e-10,-3.7537768,14.785379,11.316571,-2.1062915,5.4045787
281,27/5/2018,15:20:23,51.539738,-0.026519,2.37,15.7,543,0.5644111340763777,2.05609756097561,320.64901379405006,2.184883586472869,4.466076580416761,1.0265986866062428e-10,-3.6128445,14.358414,10.957551,-2.125014,5.2357917
282,27/5/2018,15:20:24,51.53973,-0.026513,1.17,15.7,542,0.5446116401707585,2.063414634146341,315.8053028787055,2.1671431557205825,4.452835984020369,9.746974999363168e-11,-3.4153028,14.707382,11.006482,-2.2080755,5.5786753
283,27/5/2018,15:20:25,51.539749,-0.026496,4.26,15.7,540,0.5050126523595201,2.070731707317073,312.4659576357865,2.152089479338888,4.458700809521863,1.0758829601100188e-10,-3.1732934,15.271553,11.343877,-2.2109466,6.1400857
284,27/5/2018,15:20:29,51.539768,-0.02638,8.69,15.7,541,0.5248121462651393,2.078048780487805,310.27100342076,2.139079652835062,4.479099384233942,1.2935234739646132e-10,-3.2295341,15.004298,11.166529,-2.247281,5.9351606
285,27/5/2018,15:20:29,51.539768,-0.02638,8.69,13.8,543,0.5644111340763777,2.0853658536585367,308.0760492057336,2.1260698263312365,4.499497958946021,1.5111639878192075e-10,-3.09561,14.598695,10.787898,-2.2751772,5.8064075
286,27/5/2018,15:20:30,51.539825,-0.026376,5.17,13.8,539,0.4852131584539009,2.0926829268292684,309.87025247841336,2.1321694150034007,4.519847651580289,1.6146059144446673e-10,-3.1244986,15.360245,11.407537,-2.1969736,6.229304
287,27/5/2018,15:20:31,51.539806,-0.026359,4.07,13.8,541,0.5248121462651393,2.1,317.78574913740147,2.167592071790448,4.54012233550895,1.5428120779081678e-10,-3.45492,14.918005,11.236026,-2.1960294,5.7189355
288,27/5/2018,15:20:31,51.539806,-0.026359,4.07,16.1,543,0.5644111340763777,2.107317073170732,325.7012457963896,2.2030147285774944,4.560397019437612,1.4710182413716692e-10,-3.7328217,14.23825,10.99869,-2.0971277,5.1196327
289,27/5/2018,15:20:32,51.539829,-0.026332,2.8,16.1,541,0.5248121462651393,2.1146341463414635,333.5177899133868,2.2271279812807068,4.567749875112936,1.3843740360963958e-10,-4.036044,14.620342,11.472037,-1.9230452,5.0310454
290,27/5/2018,15:20:33,51.539867,-0.026296,1.52,16.1,545,0.604010121887616,2.1219512195121952,340.9858695762914,2.211414815774813,4.529598110719091,1.2454337954539524e-10,-4.6127543,13.151838,10.838288,-1.6310452,3.8586316
291,27/5/2018,15:20:33,51.539867,-0.026296,1.52,15.2,545,0.604010121887616,2.129268292682927,348.45394923919605,2.1957016502689197,4.491446346325246,1.1064935548115084e-10,-4.711969,12.952611,10.802924,-1.5749494,3.7355893
292,27/5/2018,15:20:34,51.539917,-0.026272,2.59,15.2,542,0.5446116401707585,2.1365853658536587,355.9162359702881,2.1802291295221985,4.453585662289765,9.656645377814835e-11,-5.097759,13.429008,11.415087,-1.3940878,3.7339935
293,27/5/2018,15:20:35,51.539967,-0.026247,3.46,15.2,542,0.5446116401707585,2.1439024390243904,363.2630490384454,2.169553511743928,4.421527241473704,7.871855129496785e-11,-5.3346395,13.057637,11.373409,-1.1962674,3.422159
294,27/5/2018,15:20:36,51.539978,-0.026231,2.5,15.2,544,0.5842106279819969,2.151219512195122,370.6098621066027,2.158877893965657,4.389468820657642,6.087064881178734e-11,-5.2435985,12.439698,10.989163,-1.0739884,3.0179982
295,27/5/2018,15:20:37,51.539982,-0.026211,2.96,15.2,545,0.604010121887616,2.158536585365854,377.95667517476,2.148202276187387,4.357410399841581,4.3022746328606836e-11,-5.41924,11.987493,10.916548,-0.64068556,2.5310771
296,27/5/2018,15:20:38,51.539974,-0.026167,2.89,15.2,545,0.604010121887616,2.165853658536585,390.2311307511684,2.1560919321212766,4.398539289546597,5.4596231173881236e-11,-5.5946164,11.685459,10.889963,-0.4182598,2.3017
297,27/5/2018,15:20:39,51.53994,-0.026131,1.94,15.2,544,0.5842106279819969,2.173170731707317,403.2135515634612,2.1666489017575867,4.450183161105518,7.039675143926919e-11,-5.716756,11.284017,10.802604,-0.031398095,1.9159926
298,27/5/2018,15:20:40,51.539936,-0.026116,1.83,15.2,546,0.6238096157932352,2.180487804878049,416.195972375754,2.1772058713938964,4.50182703266444,8.619727170465715e-11,-5.859064,10.638269,10.619596,0.41902307,1.4859555
299,27/5/2018,15:20:40,51.539936,-0.026116,1.83,13.9,548,0.6634086036044737,2.1878048780487807,427.3243033159074,2.2037995118752574,4.534637654297116,9.540838662885678e-11,-5.977355,10.317697,10.488952,0.72192025,1.2039552
300,27/5/2018,15:20:41,51.539925,-0.026096,2.63,13.9,544,0.5842106279819969,2.1951219512195124,437.661737174523,2.237233897435657,4.559414597181873,1.0180866614980687e-10,-5.8642864,10.163943,10.589234,0.765921,1.200392
301,27/5/2018,15:20:42,51.539917,-0.026084,2.13,13.9,549,0.6832080975100929,2.202439024390244,447.99917103313857,2.270668282996057,4.584191540066629,1.0820894567075696e-10,-5.96109,9.622042,10.442809,1.2361419,0.82130635
302,27/5/2018,15:20:42,51.539917,-0.026084,2.13,13.7,549,0.6832080975100929,2.209756097560976,448.3229533782816,2.278650980352876,4.567777181916592,1.0041974483313897e-10,-5.9610095,9.609231,10.450509,1.2196193,0.8352034
303,27/5/2018,15:20:43,51.539906,-0.026095,2.32,13.7,547,0.6436091096988544,2.2170731707317075,439.6803572192421,2.263843842283856,4.51447949547609,7.992506373176215e-11,-5.930744,10.037595,10.515391,0.8728824,1.0961311
304,27/5/2018,15:20:44,51.539917,-0.026118,1.3,13.7,547,0.6436091096988544,2.2243902439024392,431.0377610602027,2.249036704214836,4.4611818090355895,5.943038263038535e-11,-5.936357,10.308468,10.536751,0.7048371,1.2275295
305,27/5/2018,15:20:44,51.539917,-0.026118,1.3,12.2,547,0.6436091096988544,2.231707317073171,418.5784399712951,2.2218216026525064,4.413267587919246,4.606273170811197e-11,-5.9519877,10.450904,10.576359,0.52122414,1.3868161
306,27/5/2018,15:20:45,51.539928,-0.026112,1.91,12.2,544,0.5842106279819969,2.2390243902439027,399.1600711229364,2.171983018357181,4.375169057739652,4.568981955029659e-11,-5.7066126,11.382482,10.862412,-0.15997478,2.0438154
307,27/5/2018,15:20:46,51.539936,-0.026104,4.2,12.2,544,0.5842106279819969,2.2463414634146344,379.7417022745777,2.1221444340618554,4.337070527560057,4.531690739248121e-11,-5.544317,12.060601,10.985557,-0.6786457,2.5870621
308,27/5/2018,15:20:46,51.539936,-0.026104,4.2,12.5,543,0.5644111340763777,2.253658536585366,363.22784684344026,2.082298343736994,4.310351218378786,4.823569021736936e-11,-5.340677,12.872236,11.208877,-1.2224338,3.2786834
309,27/5/2018,15:20:47,51.539925,-0.026114,3.5,12.5,542,0.5446116401707585,2.260975609756098,359.87415713798697,2.087727608617763,4.335190436446597,6.606893383763063e-11,-5.2742987,13.183803,11.372284,-1.279018,3.5168827
310,27/5/2018,15:20:47,51.539925,-0.026114,3.5,10.8,543,0.5644111340763777,2.268292682926829,356.52046743253374,2.093156873498532,4.360029654514408,8.390217745789188e-11,-5.21506,13.042704,11.24957,-1.3079897,3.4403675
311,27/5/2018,15:20:48,51.53994,-0.026109,4.43,10.8,541,0.5248121462651393,2.275609756097561,353.25493238321195,2.098924501330138,4.384922544687489,1.0152092458297616e-10,-5.0597625,13.501086,11.4281,-1.4185802,3.7984197
312,27/5/2018,15:20:49,51.539948,-0.026108,4.28,10.8,544,0.5842106279819969,2.282926829268293,361.80212125545626,2.150032764573799,4.417007496966769,9.039714135447622e-11,-5.0894837,12.604738,10.954005,-1.2546972,3.2052553
313,27/5/2018,15:20:49,51.539948,-0.026108,4.28,8.6,546,0.6238096157932352,2.2902439024390246,370.3493101277005,2.20114102781746,4.449092449246049,7.927335812597629e-11,-5.277332,12.177316,10.87184,-0.86408633,2.780332
314,27/5/2018,15:20:50,51.539955,-0.026099,4.52,8.6,544,0.5842106279819969,2.2975609756097564,378.8964989999448,2.25224929106112,4.481177401525328,6.814957489747635e-11,-5.53349,12.099147,11.002518,-0.702509,2.621481
315,27/5/2018,15:20:51,51.539959,-0.026078,4.35,8.6,545,0.604010121887616,2.304878048780488,382.60615595521006,2.220320187985016,4.450282948369084,6.298361495250096e-11,-5.493892,11.8941,10.897049,-0.5575959,2.4451976
316,27/5/2018,15:20:51,51.539959,-0.026078,4.35,9.3,546,0.6238096157932352,2.31219512195122,385.3530414685971,2.1718648880230886,4.406854257915724,5.900338818956443e-11,-5.479117,11.735426,10.827784,-0.5267857,2.4119902
317,27/5/2018,15:20:52,51.539967,-0.026062,4.46,9.3,543,0.5644111340763777,2.3195121951219515,388.0999269819842,2.1234095880611616,4.363425567462364,5.502316142662791e-11,-5.650181,11.867427,11.007208,-0.5404701,2.4601367
318,27/5/2018,15:20:53,51.539974,-0.026048,4.17,9.3,544,0.5842106279819969,2.326829268292683,393.7416634937614,2.1255754859808005,4.364173245339303,5.3276310984077225e-11,-5.673133,11.5923,10.915938,-0.310803,2.1980155
319,27/5/2018,15:20:54,51.539967,-0.026031,3.72,9.3,545,0.604010121887616,2.334146341463415,400.8705717426977,2.1537470107297527,4.387615647907663,5.267681290749122e-11,-5.6876945,11.224706,10.777827,-0.026666401,1.9067305
320,27/5/2018,15:20:55,51.53997,-0.025993,4.13,9.3,545,0.604010121887616,2.341463414634146,407.9994799916339,2.181918535478705,4.411058050476023,5.2077314830905197e-11,-5.7245736,11.086308,10.721202,0.104455195,1.7798558
321,27/5/2018,15:20:55,51.53997,-0.025993,4.13,9.4,547,0.6436091096988544,2.3487804878048784,413.7093169732793,2.2032302713021163,4.450800827108036,5.859079011871407e-11,-5.928774,10.491843,10.592536,0.4618411,1.4420332
322,27/5/2018,15:20:56,51.539978,-0.025974,3.96,9.4,546,0.6238096157932352,2.35609756097561,417.9256728073447,2.2173225209215457,4.507698698007472,7.259021193212785e-11,-5.8797374,10.53261,10.609193,0.46497682,1.4441948
323,27/5/2018,15:20:56,51.539978,-0.025974,3.96,10.9,548,0.6634086036044737,2.363414634146342,422.1420286414101,2.2314147705409755,4.564596568906907,8.658963374554166e-11,-5.969639,10.373241,10.525995,0.6380746,1.2782463
324,27/5/2018,15:20:57,51.539963,-0.025961,2.56,10.9,544,0.5842106279819969,2.370731707317073,422.6308786229387,2.2360151757643023,4.588963342509664,9.178438013382146e-11,-5.824094,10.592133,10.635162,0.46508288,1.458267
325,27/5/2018,15:20:57,51.539963,-0.025961,2.56,21.0,548,0.6634086036044737,2.378048780487805,414.9698494789075,2.219862458774766,4.5422035984681015,7.77284416691735e-11,-5.953898,10.432174,10.557504,0.56784886,1.3442162
326,27/5/2018,15:20:58,51.53997,-0.025961,1.5,21.0,545,0.604010121887616,2.385365853658537,407.30882033487626,2.20370974178523,4.495443854426539,6.367250320452558e-11,-5.7186527,11.126226,10.745246,0.07774735,1.8049318
327,27/5/2018,15:20:59,51.539978,-0.025952,2.35,21.0,545,0.604010121887616,2.3926829268292686,399.3040684388902,2.1874618545697637,4.449355043463893,5.073397224160293e-11,-5.7000594,11.245159,10.783669,-0.05530698,1.9340445
328,27/5/2018,15:20:59,51.539978,-0.025952,2.35,11.2,545,0.604010121887616,2.4000000000000004,389.1955409049985,2.1706314723008617,4.40737271849341,4.463460064876494e-11,-5.5852413,11.711852,10.890355,-0.43115193,2.3143525
329,27/5/2018,15:21:0,51.539989,-0.025939,3.11,11.2,544,0.5842106279819969,2.407317073170732,379.0870133711068,2.1538010900319606,4.365390393522928,3.853522905592695e-11,-5.524899,12.091073,10.996604,-0.6961126,2.6132877
330,27/5/2018,15:21:1,51.540005,-0.025921,4.33,11.2,543,0.5644111340763777,2.414634146341464,368.9784858372157,2.13697070776306,4.323408068552448,3.2435857463089336e-11,-5.4030175,12.721403,11.18614,-1.0481638,3.069181
331,27/5/2018,15:21:1,51.540005,-0.025921,4.33,10.5,544,0.5842106279819969,2.421951219512195,359.82514783812763,2.154435767793122,4.347676934489856,4.4674308773400494e-11,-5.0393353,12.671792,10.917353,-1.3087692,3.2663314
332,27/5/2018,15:21:2,51.540031,-0.025901,4.44,10.5,543,0.5644111340763777,2.4292682926829268,350.7043612410386,2.173069564171657,4.37420353993296,5.753768510995693e-11,-4.8802633,13.317845,11.181591,-1.5329192,3.8128643
333,27/5/2018,15:21:3,51.540039,-0.025844,4.61,10.5,544,0.5842106279819969,2.4365853658536585,341.58357464394953,2.191703360550192,4.400730145376064,7.040106144651337e-11,-4.6538653,13.253362,10.929712,-1.6266658,3.8574255
334,27/5/2018,15:21:3,51.540039,-0.025844,4.61,13.8,543,0.5644111340763777,2.44390243902439,334.42690755972063,2.1691668462840465,4.384545125891028,7.265163007396189e-11,-3.875816,14.212786,11.053578,-2.0059352,4.9560957
335,27/5/2018,15:21:4,51.540051,-0.025833,3.82,13.8,540,0.5050126523595201,2.451219512195122,327.7809115488355,2.1359260512502822,4.357255083924674,7.214286869704173e-11,-3.7693758,14.862384,11.435201,-2.0544395,5.410765
336,27/5/2018,15:21:5,51.540062,-0.025816,4.57,13.8,541,0.5248121462651393,2.4585365853658536,321.13491553795035,2.102685256216518,4.329965041958319,7.163410732012156e-11,-3.6197195,14.824954,11.275199,-2.1570525,5.5706825
337,27/5/2018,15:21:6,51.540066,-0.025803,5.15,13.8,542,0.5446116401707585,2.4658536585365853,320.2179796157814,2.09825650473342,4.324797965198192,6.902368933318163e-11,-3.5704882,14.604891,11.118573,-2.1485696,5.4182653
338,27/5/2018,15:21:7,51.540073,-0.025778,4.54,13.8,542,0.5446116401707585,2.473170731707317,322.8085745107837,2.111467493294013,4.333175340935759,6.512656371661235e-11,-3.6352258,14.529836,11.116727,-2.124461,5.339066
339,27/5/2018,15:21:8,51.540073,-0.025762,3.74,13.8,542,0.5446116401707585,2.4804878048780488,325.39916940578604,2.1246784818546063,4.341552716673326,6.122943810004305e-11,-3.7327032,14.515414,11.141266,-2.098881,5.2641473
340,27/5/2018,15:21:8,51.540073,-0.025762,3.74,12.6,543,0.5644111340763777,2.4878048780487805,330.51080439148893,2.150249981018036,4.365140916678029,6.2192868237406e-11,-3.8065577,14.200555,10.976889,-2.067492,5.03611
341,27/5/2018,15:21:9,51.540089,-0.02574,5.15,12.6,541,0.5248121462651393,2.495121951219512,338.743036701912,2.191121584476383,4.407557400171717,6.917279820685173e-11,-4.218317,14.504754,11.508516,-1.8657498,4.890039
342,27/5/2018,15:21:7,51.540096,-0.025722,4.63,12.6,542,0.5446116401707585,2.502439024390244,346.97526901233505,2.23199318793473,4.449973883665406,7.615272817629743e-11,-4.7994313,13.690936,11.375515,-1.5784621,4.072721
343,27/5/2018,15:21:8,51.5401,-0.025711,3.89,12.6,545,0.604010121887616,2.509756097560976,352.9630176061537,2.255039708560953,4.473285948531823,7.948353714596896e-11,-4.7685423,12.868595,10.817319,-1.5029609,3.6188436
344,27/5/2018,15:21:8,51.5401,-0.025711,3.89,14.4,546,0.6238096157932352,2.5170731707317078,352.9878094603376,2.230730038976463,4.445842990776535,7.311966644459948e-11,-4.759499,12.815754,10.749319,-1.4879386,3.626293
345,27/5/2018,15:21:9,51.540112,-0.025701,4.19,14.4,544,0.5842106279819969,2.524390243902439,353.0126013145214,2.2064203693919726,4.418400033021249,6.675579574322998e-11,-4.932523,12.869736,10.926962,-1.4505749,3.5163476
346,27/5/2018,15:21:10,51.540123,-0.02569,4.56,14.4,542,0.5446116401707585,2.5317073170731708,352.7695273015557,2.183299917408178,4.393404924860213,6.116727047668251e-11,-5.013294,13.515515,11.403923,-1.4410534,3.8157003
347,27/5/2018,15:21:11,51.540131,-0.025673,4.57,14.4,542,0.5446116401707585,2.5390243902439025,350.11768364034043,2.1708734418246003,4.390421974757437,6.255099804018711e-11,-4.946077,13.584405,11.412456,-1.4803052,3.8899567
348,27/5/2018,15:21:11,51.540131,-0.025673,4.57,14.3,543,0.5644111340763777,2.546341463414634,347.4658399791252,2.1584469662410224,4.387439024654661,6.393472560369173e-11,-4.789943,13.451866,11.17759,-1.5944204,3.923004
349,27/5/2018,15:21:12,51.540131,-0.025657,3.35,14.3,542,0.5446116401707585,2.553658536585366,344.8139963179099,2.146020490657444,4.384456074551886,6.531845316719634e-11,-4.727372,13.727755,11.360668,-1.618751,4.1482434
350,27/5/2018,15:21:13,51.540146,-0.025645,3.85,14.3,544,0.5842106279819969,2.5609756097560976,344.22287596144326,2.17080345071447,4.430888102662454,8.722746591999648e-11,-4.661432,13.180978,10.927999,-1.6184106,3.8421793
351,27/5/2018,15:21:14,51.540154,-0.025632,4.35,14.3,543,0.5644111340763777,2.5682926829268293,343.79479815029515,2.1985303873270734,4.481229798706705,1.1076042048630492e-10,-4.726463,13.456404,11.156675,-1.6208282,3.9581132
352,27/5/2018,15:21:14,51.540154,-0.025632,4.35,12.6,545,0.604010121887616,2.575609756097561,343.36672033914704,2.2262573239396763,4.531571494750955,1.342933750526134e-10,-4.6281147,13.098855,10.819117,-1.6424937,3.868976
353,27/5/2018,15:21:15,51.540157,-0.025615,5.0,12.6,541,0.5248121462651393,2.5829268292682928,338.336422722514,2.2154118218959566,4.509832679406125,1.2144692124486023e-10,-4.184142,14.513829,11.5037155,-1.8611668,4.8848457
354,27/5/2018,15:21:16,51.540169,-0.025603,4.52,12.6,543,0.5644111340763777,2.5902439024390245,331.7988357776548,2.1919333236878558,4.464486520174686,9.668571839707818e-11,-3.8387105,14.20639,11.009533,-2.0416217,5.0031943
355,27/5/2018,15:21:17,51.540188,-0.025595,5.59,12.6,542,0.5446116401707585,2.597560975609756,325.2612488327956,2.168454825479754,4.419140360943248,7.192451554929612e-11,-3.7341094,14.510909,11.146197,-2.0903282,5.2455535
356,27/5/2018,15:21:18,51.540192,-0.025575,5.24,12.6,542,0.5446116401707585,2.604878048780488,319.569358122058,2.1525415228248765,4.39798289537252,6.187843378993315e-11,-3.536009,14.655361,11.088486,-2.1549215,5.4239373
357,27/5/2018,15:21:19,51.540203,-0.025565,5.02,12.6,541,0.5248121462651393,2.61219512195122,314.4901342086675,2.142108845415674,4.394348990720226,6.249275909644987e-11,-3.3876262,14.967044,11.231452,-2.2127771,5.795913
358,27/5/2018,15:21:19,51.540203,-0.025565,5.02,9.2,542,0.5446116401707585,2.6195121951219518,309.41091029527706,2.13167616800647,4.3907150860679325,6.310708440296658e-11,-3.2038271,14.783724,10.91408,-2.2564025,5.802147
359,27/5/2018,15:21:20,51.540211,-0.025554,4.46,9.2,540,0.5050126523595201,2.626829268292683,307.7539810799971,2.1289624417912614,4.438416468919483,8.83629258372757e-11,-3.029822,15.373287,11.334755,-2.2335472,6.309356
360,27/5/2018,15:21:21,51.540211,-0.025523,4.72,9.2,541,0.5248121462651393,2.6341463414634148,311.0936784860565,2.137518556553225,4.561068516977462,1.4959593064745267e-10,-3.251544,15.055205,11.221779,-2.2232711,5.8931713
361,27/5/2018,15:21:22,51.540215,-0.025496,5.3,9.2,541,0.5248121462651393,2.6414634146341465,314.43337589211586,2.1460746713151884,4.683720565035442,2.1082893545762968e-10,-3.3703043,14.986242,11.248088,-2.2112484,5.835819
362,27/5/2018,15:21:22,51.540215,-0.025496,5.3,9.2,544,0.5842106279819969,2.648780487804878,319.8442777947683,2.166858294101833,4.781536191644494,2.588666300420721e-10,-3.6712477,14.210061,10.911249,-2.1020203,5.1296315
363,27/5/2018,15:21:23,51.540222,-0.025482,5.0,9.2,538,0.4654136645482817,2.65609756097561,332.0692007163677,2.2278689909541103,4.797642890879744,2.634932942924371e-10,-3.7590213,14.949924,11.475612,-2.0404599,5.455044
364,27/5/2018,15:21:24,51.540234,-0.02547,4.94,9.2,543,0.5644111340763777,2.6634146341463416,344.2941236379671,2.288879687806387,4.813749590114993,2.68119958542802e-10,-4.7313056,13.469524,11.146299,-1.620653,3.938285
365,27/5/2018,15:21:24,51.540234,-0.02547,4.94,8.4,547,0.6436091096988544,2.6707317073170733,356.1519993252871,2.3435277702984965,4.824253665092542,2.706876700392048e-10,-4.780877,12.724372,10.764927,-1.4434494,3.5676696
366,27/5/2018,15:21:25,51.540241,-0.025458,4.24,8.4,545,0.604010121887616,2.678048780487805,362.230042614588,2.297984811473552,4.746534137834909,2.408333913339795e-10,-5.0760717,12.538697,10.850621,-1.2718815,3.2501912
367,27/5/2018,15:21:26,51.540245,-0.025443,3.98,8.4,544,0.5842106279819969,2.6853658536585368,368.3080859038888,2.2524418526486074,4.668814610577277,2.1097911262875418e-10,-5.243587,12.479569,10.985738,-1.1399311,3.0840468
368,27/5/2018,15:21:27,51.540253,-0.025432,4.13,8.4,541,0.5248121462651393,2.6926829268292685,374.3861291931897,2.206898893823663,4.591095083319645,1.811248339235289e-10,-5.5786242,12.634554,11.27508,-0.921179,2.9710124
369,27/5/2018,15:21:28,51.540257,-0.025419,4.19,8.4,545,0.604010121887616,2.7,377.6290552020073,2.192638570401344,4.555189902062331,1.6176959235060854e-10,-5.483255,11.936507,10.898422,-0.6448145,2.5353465
370,27/5/2018,15:21:28,51.540257,-0.025419,4.19,7.1,547,0.6436091096988544,2.707317073170732,380.508343449453,2.1823906197954623,4.524647911695729,1.4376097808853455e-10,-5.4406433,11.792191,10.8148155,-0.54745746,2.4379468
371,27/5/2018,15:21:29,51.540264,-0.025417,4.33,7.1,543,0.5644111340763777,2.714634146341464,383.3876316968988,2.1721426691895807,4.494105921329127,1.2575236382646064e-10,-5.618255,12.140105,11.104068,-0.6951635,2.6595342
372,27/5/2018,15:21:30,51.540283,-0.025418,5.57,7.1,544,0.5842106279819969,2.7219512195121958,389.35201166897286,2.184579299700508,4.475052230396037,1.1021990418300498e-10,-5.6508503,11.717609,10.944594,-0.40213805,2.2944953
373,27/5/2018,15:21:30,51.540283,-0.025418,5.57,5.7,544,0.5842106279819969,2.729268292682927,396.5586709423764,2.2061503703176304,4.460624553166136,9.568452206727536e-11,-5.7,11.493693,10.891465,-0.21674706,2.101
374,27/5/2018,15:21:31,51.540291,-0.025411,4.5,5.7,546,0.6238096157932352,2.7365853658536587,403.7653302157798,2.227721440934753,4.446196875936236,8.114913995154577e-11,-5.6930175,11.145574,10.729686,0.04172672,1.8382046
375,27/5/2018,15:21:31,51.540291,-0.025411,4.5,5.4,546,0.6238096157932352,2.7439024390243905,403.9252591031354,2.2460900748505948,4.457458986035604,8.791112707468378e-11,-5.693788,11.136901,10.731223,0.03154683,1.8481983
376,27/5/2018,15:21:32,51.540302,-0.025403,4.96,5.4,547,0.6436091096988544,2.751219512195122,398.0710829874364,2.261725556008772,4.490646311098535,1.1284957446725015e-10,-5.6492686,11.267934,10.73508,-0.07820882,1.956666
377,27/5/2018,15:21:32,51.540302,-0.025403,4.96,5.2,548,0.6634086036044737,2.758536585365854,392.2169068717375,2.277361037166949,4.523833636161466,1.3778802185981652e-10,-5.535635,11.458222,10.755565,-0.26798317,2.1499083
378,27/5/2018,15:21:33,51.54031,-0.025386,4.8,5.2,543,0.5644111340763777,2.7658536585365856,383.08318560879394,2.257646028069272,4.5152295206725634,1.4315409332767255e-10,-5.628503,12.188353,11.10567,-0.727598,2.6876457
379,27/5/2018,15:21:33,51.54031,-0.025386,4.8,5.0,543,0.5644111340763777,2.7731707317073173,368.2718702903604,2.176731759829234,4.434275483534675,1.1463619607037996e-10,-5.3918986,12.747432,11.172381,-1.0734671,3.0934079
380,27/5/2018,15:21:34,51.54031,-0.025368,3.8,5.0,542,0.5446116401707585,2.780487804878049,353.46055497192685,2.095817491589196,4.353321446396786,8.611829881308739e-11,-5.0582,13.471553,11.44184,-1.421059,3.8033428
381,27/5/2018,15:21:34,51.54031,-0.025368,3.8,4.8,542,0.5446116401707585,2.7878048780487807,340.44119940007573,2.051579232571517,4.30626204131879,6.506505512355964e-11,-4.578864,13.896309,11.359369,-1.6868162,4.320318
382,27/5/2018,15:21:35,51.540314,-0.025348,4.22,4.8,541,0.5248121462651393,2.7951219512195125,334.92699288449603,2.1609487298262477,4.401161330515111,7.527553696489333e-11,-4.0956874,14.591033,11.47864,-1.9054494,4.9805555
383,27/5/2018,15:21:36,51.540321,-0.025334,4.61,4.8,543,0.5644111340763777,2.802439024390244,329.4127863689164,2.2703182270809776,4.49606061971143,8.548601880622704e-11,-3.7988896,14.205187,10.984142,-2.0582557,5.032268
384,27/5/2018,15:21:37,51.540329,-0.025317,4.52,4.8,545,0.604010121887616,2.809756097560976,323.7396867333381,2.375563414243754,4.589154245414521,9.620286114140883e-11,-3.7759128,14.069329,10.847817,-2.0993307,5.005765
385,27/5/2018,15:21:38,51.540337,-0.025296,4.11,4.8,543,0.5644111340763777,2.817073170731708,310.0139334303569,2.271789854793856,4.590737409550926,1.3258189506707759e-10,-3.1095312,14.590178,10.795432,-2.274505,5.775563
386,27/5/2018,15:21:38,51.540337,-0.025296,4.11,5.3,541,0.5248121462651393,2.8243902439024398,296.28818012737565,2.168016295343959,4.5923205736873305,1.6896092899274642e-10,-2.5951955,15.201062,11.044024,-2.286348,6.6561403
387,27/5/2018,15:21:39,51.540337,-0.025263,4.46,5.3,537,0.4456141706426625,2.831707317073171,282.56242682439444,2.0642427358940614,4.593903737823736,2.0533996291841517e-10,-2.0480146,15.820182,11.436334,-2.2430797,7.38434
388,27/5/2018,15:21:39,51.540337,-0.025263,4.46,6.2,539,0.4852131584539009,2.8390243902439027,283.97263208249746,2.0902813410259595,4.617150453266795,2.1748947830804864e-10,-2.1346848,15.781223,11.421992,-2.2432053,7.3130207
389,27/5/2018,15:21:40,51.54034,-0.02524,4.52,6.2,536,0.4258146767370433,2.8463414634146345,288.13900992347,2.139958008293096,4.644341979071091,2.2522693519371342e-10,-2.1159692,15.802004,11.442798,-2.252102,7.334749
390,27/5/2018,15:21:40,51.54034,-0.02524,4.52,6.6,542,0.5446116401707585,2.853658536585366,292.3053877644425,2.1896346755602325,4.671533504875386,2.3296439207937816e-10,-2.463956,15.115728,10.930119,-2.274737,6.7464557
391,27/5/2018,15:21:41,51.540348,-0.025218,4.32,6.6,542,0.5446116401707585,2.860975609756098,301.72569455315494,2.2388474981304167,4.674219664822601,2.1666794372797187e-10,-2.9431937,14.834469,10.862296,-2.290782,6.079693
392,27/5/2018,15:21:41,51.540348,-0.025218,4.32,7.1,543,0.5644111340763777,2.8682926829268296,313.7038817870914,2.2878344974563665,4.664975363442232,1.8867056511280238e-10,-3.2338471,14.526164,10.827059,-2.2390528,5.6429296
393,27/5/2018,15:21:42,51.540352,-0.025199,4.02,7.1,543,0.5644111340763777,2.8756097560975613,325.6820690210279,2.3368214967823167,4.655731062061864,1.606731864976329e-10,-3.715555,14.220572,10.95229,-2.0813751,5.0916643
394,27/5/2018,15:21:42,51.540352,-0.025199,4.02,7.5,545,0.604010121887616,2.882926829268293,327.59070610127753,2.330912501410604,4.643963336099416,1.3980841317127412e-10,-3.850753,13.979413,10.862207,-2.0383348,4.914945
395,27/5/2018,15:21:43,51.540356,-0.025182,3.57,7.5,541,0.5248121462651393,2.8902439024390247,319.39624819086777,2.269924635526076,4.629663779234359,1.2610000608411114e-10,-3.532963,14.887847,11.230273,-2.1981049,5.654005
396,27/5/2018,15:21:43,51.540356,-0.025182,3.57,8.0,543,0.5644111340763777,2.8975609756097565,311.20179028045794,2.2089367696415474,4.6153642223693,1.1239159899694815e-10,-3.1798613,14.553051,10.791465,-2.2662206,5.749841
397,27/5/2018,15:21:44,51.540356,-0.025171,0.78,8.0,539,0.4852131584539009,2.904878048780488,303.2979130962996,2.1613207061527957,4.589798831697583,9.85853977051588e-11,-2.7805061,15.5201,11.402895,-2.2302465,6.516966
398,27/5/2018,15:21:44,51.540356,-0.025171,0.78,8.6,541,0.5248121462651393,2.91219512195122,295.995423401274,2.141378999362487,4.540917608646427,8.457680098291309e-11,-2.6004317,15.192782,11.025638,-2.2884514,6.6451635
399,27/5/2018,15:21:45,51.540356,-0.02517,0.5,8.6,539,0.4852131584539009,2.919512195121952,288.6929337062483,2.1214372925721783,4.492036385595272,7.056820426066739e-11,-2.2186494,15.781729,11.399934,-2.2620623,7.180182
400,27/5/2018,15:21:45,51.540356,-0.02517,0.5,8.7,541,0.5248121462651393,2.9268292682926838,283.14242295521086,2.107643206443712,4.448478189168265,5.990124852673219e-11,-2.0209966,15.205337,10.876552,-2.233139,7.4047856
401,27/5/2018,15:21:46,51.540356,-0.025166,0.06,8.7,539,0.4852131584539009,2.934146341463415,287.33729508010373,2.128045260246727,4.434529328338071,6.782217079026679e-11,-2.1738005,15.781795,11.417892,-2.256767,7.222607
402,27/5/2018,15:21:47,51.540352,-0.025164,0.24,8.7,541,0.5248121462651393,2.9414634146341467,291.53216720499665,2.1484473140497427,4.420580467507878,7.574309305380138e-11,-2.480172,15.220341,10.976656,-2.2801309,6.8208003
403,27/5/2018,15:21:48,51.540352,-0.025163,0.07,8.7,540,0.5050126523595201,2.948780487804878,295.7270393298893,2.1688493678527565,4.406631606677685,8.366401531733548e-11,-2.6191103,15.469523,11.310752,-2.2776294,6.7233267
404,27/5/2018,15:21:49,51.540352,-0.025159,0.26,8.7,541,0.5248121462651393,2.9560975609756097,297.4150129992787,2.207234752247487,4.427239802462815,7.303670580785906e-11,-2.5798461,15.198052,11.049564,-2.2898345,6.6276436
405,27/5/2018,15:21:50,51.540352,-0.02516,0.2,8.7,543,0.5644111340763777,2.963414634146341,299.0491789346788,2.24600612845078,4.448589726300682,6.201127952623169e-11,-2.979333,14.68423,10.782016,-2.2903056,5.9763103
406,27/5/2018,15:21:51,51.540348,-0.02516,0.11,8.7,543,0.5644111340763777,2.970731707317073,300.6833448700788,2.284777504654073,4.469939650138549,5.0985853244604287e-11,-2.9900682,14.68638,10.761565,-2.294848,5.947393
407,27/5/2018,15:21:51,51.540348,-0.02516,0.11,9.3,541,0.5248121462651393,2.978048780487805,299.1772655103265,2.215456265343952,4.418617354467806,5.1262270229502616e-11,-2.651932,15.161849,11.043583,-2.2938461,6.557233
408,27/5/2018,15:21:52,51.540352,-0.02516,0.04,9.3,539,0.4852131584539009,2.985365853658537,296.91337878529623,2.120050000034534,4.349757720780909,5.426606016256253e-11,-2.5785599,15.609921,11.410083,-2.2459776,6.721795
409,27/5/2018,15:21:52,51.540352,-0.02516,0.04,9.3,539,0.4852131584539009,2.9926829268292683,294.6494920602659,2.024643734725116,4.280898087094012,5.7269850095622444e-11,-2.4745345,15.671253,11.408875,-2.2452354,6.840754
410,27/5/2018,15:21:53,51.540348,-0.025159,0.07,9.3,539,0.4852131584539009,3.0,302.23938858509047,2.046573448825168,4.294551625770552,5.65882534787118e-11,-2.7533157,15.533433,11.407753,-2.2343075,6.57737
411,27/5/2018,15:21:53,51.540348,-0.025159,0.07,9.3,542,0.5446116401707585,3.007317073170732,315.56200979831726,2.136766777918825,4.356209599731705,5.376257616450824e-11,-3.4238174,14.690592,11.031584,-2.2108822,5.623894
412,27/5/2018,15:21:54,51.540352,-0.025158,0.07,9.3,543,0.5644111340763777,3.0146341463414634,328.884631011544,2.226960107012482,4.417867573692859,5.093689885030468e-11,-3.7788641,14.231985,10.989422,-2.0647633,5.057011
413,27/5/2018,15:21:54,51.540352,-0.025158,0.07,9.4,544,0.5842106279819969,3.021951219512195,341.7861300357956,2.2571337969228358,4.446423768660177,5.6953392496154545e-11,-4.6538615,13.234223,10.939874,-1.6345444,3.8715324
414,27/5/2018,15:21:55,51.540352,-0.025157,0.3,9.4,544,0.5842106279819969,3.029268292682927,354.1908852588838,2.216510021173801,4.435934043100992,7.339986045402853e-11,-4.9246616,12.855752,10.928754,-1.4583766,3.5193741
415,27/5/2018,15:21:55,51.540352,-0.025157,0.3,9.5,545,0.604010121887616,3.0365853658536586,366.595640481972,2.1758862454247665,4.425444317541806,8.984632841190249e-11,-5.17146,12.414373,10.896712,-1.1233957,3.0684652
416,27/5/2018,15:21:56,51.540352,-0.025157,0.19,9.5,542,0.5446116401707585,3.0439024390243903,378.72840481269634,2.151191483155816,4.427834125689016,1.0977483593330396e-10,-5.629826,12.488506,11.23537,-0.8766574,2.900634
417,27/5/2018,15:21:57,51.540356,-0.025158,0.15,9.5,544,0.5842106279819969,3.051219512195122,390.1801834717028,2.1663783134294325,4.462470520610664,1.3842135246783878e-10,-5.6272717,11.722046,10.935083,-0.41623074,2.3087013
418,27/5/2018,15:21:58,51.540356,-0.025157,0.3,9.5,546,0.6238096157932352,3.0585365853658537,401.6319621307092,2.1815651437030485,4.497106915532312,1.6706786900237367e-10,-5.724165,11.123217,10.736195,0.0047753663,1.8739758
419,27/5/2018,15:21:58,51.540356,-0.025157,0.3,9.6,548,0.6634086036044737,3.065853658536585,414.7492734717155,2.1943268264091382,4.532582475144396,1.9464700313449546e-10,-5.9619627,10.414708,10.517114,0.5890062,1.3235948
420,27/5/2018,15:21:59,51.540356,-0.025157,0.93,9.6,544,0.5842106279819969,3.073170731707317,441.0694714174033,2.1878640599766963,4.5747101985778444,2.1376486299971407e-10,-5.864483,10.097932,10.559755,0.8255425,1.1543684
421,27/5/2018,15:21:59,51.540356,-0.025157,0.93,9.9,547,0.6436091096988544,3.080487804878049,467.3896693630911,2.1814012935442544,4.6168379220112925,2.328827228649328e-10,-5.9118133,9.548384,10.432364,1.3383495,0.74938226
422,27/5/2018,15:22:0,51.540356,-0.02516,0.2,9.9,546,0.6238096157932352,3.087804878048781,493.7098673087789,2.1749385271118125,4.658965645444741,2.520005827301514e-10,-5.9066215,9.287504,10.382789,1.6327736,0.55333304
423,27/5/2018,15:22:1,51.540356,-0.025161,0.31,9.9,547,0.6436091096988544,3.0951219512195123,526.3792024894458,2.2598288796947794,4.727789971927698,2.461622143182469e-10,-5.8948016,9.092438,10.359323,1.8495278,0.4034212
424,27/5/2018,15:22:2,51.540352,-0.025164,0.09,9.9,556,0.8218045548494273,3.102439024390244,559.4637010969773,2.350692716948429,4.7983599612932615,2.386919843053575e-10,-5.8224874,8.613964,10.258638,2.312965,0.08985663
425,27/5/2018,15:22:2,51.540352,-0.025164,0.09,9.1,558,0.8614035426606657,3.109756097560976,592.5481997045086,2.441556554202079,4.868929950658826,2.3122175429246808e-10,-5.793073,8.49482,10.24566,2.4250188,0.012700127
426,27/5/2018,15:22:3,51.540352,-0.025168,0.13,9.1,551,0.7228070853213313,3.1170731707317074,609.15213788428,2.3753200033682376,4.779191647443039,2.030817940424941e-10,-5.8139644,8.54932,10.261449,2.369555,0.056854345
427,27/5/2018,15:22:3,51.540352,-0.025168,0.13,8.6,550,0.7030075914157121,3.124390243902439,620.6999104488191,2.2608857238303623,4.640271444112912,1.6860044875534408e-10,-5.8109717,8.557993,10.256828,2.3800502,0.041080315
428,27/5/2018,15:22:4,51.540352,-0.025171,0.19,8.6,551,0.7228070853213313,3.131707317073171,632.2476830133583,2.146451444292487,4.501351240782786,1.3411910346819403e-10,-5.784883,8.488474,10.2489395,2.4327843,0.0017031571
429,27/5/2018,15:22:4,51.540352,-0.025171,0.19,8.3,555,0.8020050609438081,3.1390243902439026,644.8660640164125,2.13704704092213,4.463089089984847,1.1283035246843691e-10,-5.745065,8.418328,10.2448845,2.480956,-0.035441235
430,27/5/2018,15:22:5,51.540352,-0.025174,0.26,8.3,553,0.7624060731325697,3.1463414634146343,658.2227956667184,2.20007703490867,4.494246285760818,1.006399423565356e-10,-5.746084,8.437696,10.246094,2.4779532,-0.03288564
431,27/5/2018,15:22:5,51.540352,-0.025174,0.26,8.0,557,0.8416040487550465,3.153658536585366,671.5795273170244,2.26310702889521,4.52540348153679,8.844953224463428e-11,-5.754542,8.41387,10.246875,2.4902134,-0.042859912
432,27/5/2018,15:22:6,51.540352,-0.025178,0.06,8.0,554,0.7822055670381889,3.1609756097560977,669.9334774017326,2.306776811694222,4.5514217444434255,8.840564840144028e-11,-5.7408924,8.408168,10.224695,2.5281136,-0.0817249
433,27/5/2018,15:22:6,51.540352,-0.025178,0.06,7.6,556,0.8218045548494273,3.1682926829268294,647.4363795518867,2.323539537976468,4.570297856068148,1.052431542098756e-10,-5.7433248,8.411887,10.244868,2.487476,-0.03973355
434,27/5/2018,15:22:7,51.540348,-0.025182,0.54,7.6,555,0.8020050609438081,3.175609756097561,624.9392817020408,2.340302264258714,4.589173967692871,1.2208066001831094e-10,-5.77166,8.457444,10.238019,2.4591882,-0.015559282
435,27/5/2018,15:22:7,51.540348,-0.025182,0.54,7.3,555,0.8020050609438081,3.182926829268293,600.7385953664769,2.3138680141288552,4.582202697849612,1.3742121367974378e-10,-5.793729,8.507485,10.246747,2.4324267,0.0006610568
436,27/5/2018,15:22:8,51.540348,-0.025182,0.19,7.3,548,0.6634086036044737,3.190243902439025,571.2894692420949,2.154351900826876,4.495600445248128,1.4814993574208401e-10,-5.8605647,8.87157,10.320428,2.0705414,0.25107983
437,27/5/2018,15:22:8,51.540348,-0.025182,0.19,7.3,547,0.6436091096988544,3.1975609756097563,541.8403431177129,1.9948357875248968,4.408998192646645,1.588786578044242e-10,-5.8843856,9.034123,10.339311,1.8951094,0.37626532
438,27/5/2018,15:22:9,51.540348,-0.025182,0.0,7.3,545,0.604010121887616,3.204878048780488,517.499192272746,1.8614043933588211,4.338534180733054,1.6804716203990938e-10,-5.893151,9.10891,10.3490715,1.8271214,0.41724113
439,27/5/2018,15:22:9,51.540348,-0.025182,0.0,7.3,544,0.5842106279819969,3.21219512195122,559.3354173578881,2.065918695845706,4.477152312415036,1.570019581008977e-10,-5.8575306,8.974204,10.334666,1.9333236,0.35032362
440,27/5/2018,15:22:10,51.540348,-0.02518,0.04,7.3,551,0.7228070853213313,3.2195121951219514,601.1716424430302,2.27043299833259,4.615770444097018,1.4595675416188595e-10,-5.8248568,8.584946,10.263758,2.3376791,0.07514889
441,27/5/2018,15:22:10,51.540348,-0.02518,0.04,7.3,555,0.8020050609438081,3.226829268292683,643.0078675281725,2.4749473008194744,4.754388575779,1.3491155022287423e-10,-5.748824,8.441113,10.244037,2.4860537,-0.038543124
442,27/5/2018,15:22:11,51.540344,-0.025177,1.06,7.3,561,0.9208020243775232,3.234146341463415,657.0637989509399,2.494558676920779,4.776737774989605,1.393830224690851e-10,-5.7796674,8.417282,10.244419,2.4893727,-0.04133352
443,27/5/2018,15:22:11,51.540344,-0.025177,1.06,7.3,560,0.901002530471904,3.2414634146341466,667.9732918623021,2.493227665028571,4.785918177237367,1.4561193717114434e-10,-5.7615395,8.420249,10.242878,2.510185,-0.05928377
444,27/5/2018,15:22:12,51.540344,-0.025171,1.69,7.3,556,0.8218045548494273,3.2487804878048783,678.8827847736641,2.491896653136363,4.795098579485129,1.5184085187320354e-10,-5.752554,8.426807,10.248479,2.4958153,-0.04590352
445,27/5/2018,15:22:12,51.540344,-0.025171,1.69,7.1,556,0.8218045548494273,3.25609756097561,648.0977284791978,2.423546895309387,4.808950456234591,1.8063207593789888e-10,-5.741631,8.405232,10.245129,2.4825428,-0.036776092
446,27/5/2018,15:22:13,51.540348,-0.025162,2.89,7.1,548,0.6634086036044737,3.2634146341463417,601.4870038730328,2.3297593653027944,4.824575447393458,2.17987096257024e-10,-5.819061,8.61276,10.279524,2.279629,0.115521304
447,27/5/2018,15:22:14,51.540356,-0.025158,2.69,7.1,544,0.5842106279819969,3.2707317073170734,554.8762792668678,2.235971835296202,4.840200438552324,2.553421165761492e-10,-5.862288,8.984912,10.334078,1.929733,0.35264462
448,27/5/2018,15:22:15,51.540359,-0.025155,1.67,7.1,551,0.7228070853213313,3.278048780487805,516.2932554105423,2.2156392091060595,4.835213091101364,2.756786332919612e-10,-5.8971624,9.070977,10.3601,1.785178,0.45515662
449,27/5/2018,15:22:15,51.540359,-0.025155,1.67,7.0,553,0.7624060731325697,3.285365853658537,484.2393401410512,2.2550490992600447,4.813461267593565,2.8217362035014593e-10,-5.9272027,9.284692,10.372604,1.6348844,0.5510756
450,27/5/2018,15:22:16,51.540359,-0.025151,0.85,7.0,546,0.6238096157932352,3.292682926829269,452.18542487156014,2.29445898941403,4.791709444085767,2.886686074083306e-10,-5.912844,9.759954,10.498363,1.1214768,0.91819394
451,27/5/2018,15:22:16,51.540359,-0.025151,0.85,7.2,546,0.6238096157932352,3.3000000000000003,425.7542286515232,2.286191151317321,4.741714789583855,2.8211986951220533e-10,-5.896417,10.377575,10.588663,0.57004565,1.3513417
452,27/5/2018,15:22:17,51.540363,-0.025149,0.5,7.2,542,0.5446116401707585,3.307317073170732,408.57207928052713,2.199496214450787,4.6452623155258586,2.541149602997963e-10,-5.7440696,11.296788,10.810823,-0.033016644,1.9234978
453,27/5/2018,15:22:17,51.540363,-0.025149,0.5,7.6,543,0.5644111340763777,3.314634146341464,391.3899299095312,2.112801277584253,4.548809841467861,2.2611005108738728e-10,-5.673736,11.7370405,10.958279,-0.41271308,2.3147423
454,27/5/2018,15:22:18,51.540363,-0.025148,0.22,7.6,542,0.5446116401707585,3.3219512195121954,377.3451753244167,2.075376248956453,4.506024680313836,2.1300214131025878e-10,-5.636122,12.518218,11.23822,-0.8839016,2.9104323
455,27/5/2018,15:22:18,51.540363,-0.025148,0.22,7.8,543,0.5644111340763777,3.329268292682927,375.4908446451512,2.2293906496077804,4.671765171440276,2.577768859120064e-10,-5.5829353,12.458299,11.151868,-0.80615884,2.799014
456,27/5/2018,15:22:19,51.540359,-0.025141,0.8,7.8,549,0.6832080975100929,3.336585365853659,373.63651396588574,2.383405050259108,4.837505662566715,3.0255163051375394e-10,-5.3132663,11.902391,10.756273,-0.61695796,2.5267882
457,27/5/2018,15:22:19,51.540359,-0.025141,0.8,8.1,548,0.6634086036044737,3.3439024390243905,371.0928041629669,2.528758810704236,4.993505489903913,3.442098623035803e-10,-5.2914233,11.97024,10.788365,-0.6717871,2.5868065
458,27/5/2018,15:22:20,51.540359,-0.02514,0.26,8.1,541,0.5248121462651393,3.3512195121951223,347.2083145321864,2.4060092743315846,4.847968246896099,2.893916974809673e-10,-4.5356197,14.097932,11.450513,-1.7087919,4.4753623
459,27/5/2018,15:22:20,51.540359,-0.02514,0.26,8.4,543,0.5644111340763777,3.358536585365854,323.32382490140577,2.283259737958933,4.702431003888284,2.3457353265835423e-10,-3.6962497,14.271237,10.949416,-2.0714402,5.108313
460,27/5/2018,15:22:21,51.540356,-0.025139,0.15,8.4,540,0.5050126523595201,3.3658536585365857,299.43933527062524,2.1605102015862814,4.55689376088047,1.7975536783574118e-10,-2.7516546,15.486089,11.308455,-2.2756207,6.615101
461,27/5/2018,15:22:21,51.540356,-0.025139,0.15,8.7,539,0.4852131584539009,3.3731707317073174,283.97697109783536,2.0986651322109338,4.478713026348919,1.5421428332694422e-10,-2.1421907,15.7817545,11.411589,-2.2482502,7.3065023
462,27/5/2018,15:22:22,51.540348,-0.025147,2.63,8.7,538,0.4654136645482817,3.380487804878049,269.909637397382,2.046908203624565,4.411689140798454,1.3352261828862862e-10,-1.4485748,15.588821,11.224486,-2.1099443,7.9485025
463,27/5/2018,15:22:22,51.540348,-0.025147,2.63,8.7,537,0.4456141706426625,3.387804878048781,255.84230369692864,1.995151275038196,4.344665255247989,1.1283095325031301e-10,0.30046314,15.286284,11.236139,-1.7058845,9.303548
464,27/5/2018,15:22:23,51.540348,-0.02515,1.41,8.7,537,0.4456141706426625,3.3951219512195125,254.26749228268145,2.0860087590673486,4.448761797207831,1.3540790404698823e-10,0.30803755,15.28404,11.232634,-1.6930286,9.316406
465,27/5/2018,15:22:23,51.540348,-0.02515,1.41,8.7,540,0.5050126523595201,3.4024390243902443,258.4506079910733,2.2425986368969792,4.631729437271465,1.77927787981388e-10,-1.3160646,15.350977,10.998506,-2.0662344,8.0530405
466,27/5/2018,15:22:24,51.540348,-0.02515,0.09,8.7,539,0.4852131584539009,3.409756097560976,262.6337236994651,2.39918851472661,4.8146970773351,2.204476719157878e-10,-1.3284839,15.478782,11.106501,-2.093281,8.021776
467,27/5/2018,15:22:24,51.540348,-0.02515,0.09,8.7,544,0.5842106279819969,3.417073170731708,260.50944999005713,2.42312396318479,4.849781505731246,2.3187136858944318e-10,-1.6410127,15.247748,10.876934,-2.1631181,7.7459326
468,27/5/2018,15:22:25,51.540344,-0.02515,0.48,8.7,540,0.5050126523595201,3.4243902439024394,252.3520211853628,2.320172566157246,4.743412427315024,2.1355088614412806e-10,-1.1576829,15.3075695,11.002459,-2.003406,8.168204
469,27/5/2018,15:22:25,51.540344,-0.02515,0.48,8.8,538,0.4654136645482817,3.431707317073171,244.19459238066847,2.217221169129701,4.637043348898803,1.9523040369881295e-10,0.26835087,15.172262,11.089776,-1.5420957,9.361594
470,27/5/2018,15:22:26,51.540344,-0.025147,0.13,8.8,536,0.4258146767370433,3.439024390243903,237.0533219096133,2.153387578851582,4.575815223623545,1.9678097219376862e-10,0.78349257,14.939018,11.224776,-1.3627157,9.831503
471,27/5/2018,15:22:26,51.540344,-0.025147,0.13,9.0,535,0.4060151828314241,3.4463414634146345,231.9047952432454,2.1662662138953843,4.603111053455939,2.37299792331202e-10,0.8841674,14.839344,11.253287,-1.278385,9.967862
472,27/5/2018,15:22:27,51.540344,-0.025146,0.46,9.0,537,0.4456141706426625,3.4536585365853663,226.75626857687743,2.1791448489391865,4.630406883288334,2.7781861246863533e-10,0.87499654,14.629335,11.119642,-1.1465513,9.987714
473,27/5/2018,15:22:27,51.540344,-0.025146,0.46,9.1,540,0.5050126523595201,3.460975609756098,222.4721868430696,2.196085723774349,4.651106199860704,3.0407578071845487e-10,0.52578986,14.668613,10.928817,-1.1551489,9.709333
474,27/5/2018,15:22:28,51.540344,-0.025139,2.67,9.1,536,0.4258146767370433,3.4682926829268297,222.5842887221313,2.2336853489007984,4.638258575033441,2.578045114018673e-10,1.0992063,14.496787,11.265737,-1.0810611,10.198279
475,27/5/2018,15:22:28,51.540344,-0.025139,2.67,9.2,538,0.4654136645482817,3.4756097560975614,222.69639060119303,2.2712849740272483,4.625410950206178,2.1153324208527975e-10,0.7583012,14.529889,10.984349,-1.0331559,9.947174
476,27/5/2018,15:22:29,51.540348,-0.02513,3.04,9.2,538,0.4654136645482817,3.4829268292682927,222.8084924802548,2.3088845991536955,4.6125633253789164,1.6526197276869502e-10,0.7785223,14.508766,10.994345,-1.052097,9.937254
477,27/5/2018,15:22:29,51.540348,-0.02513,3.04,9.0,538,0.4654136645482817,3.4902439024390244,212.94030444869165,2.2760890633593567,4.587601601016444,1.6427157801260438e-10,0.92174417,14.247362,11.081713,-0.8139631,10.238785
478,27/5/2018,15:22:30,51.540356,-0.025122,2.85,9.0,538,0.4654136645482817,3.497560975609756,202.98076364906808,2.2426491782659728,4.5625289924477,1.636956535042064e-10,1.0370305,13.82981,11.137765,-0.4687627,10.543155
479,27/5/2018,15:22:31,51.540356,-0.025117,2.98,9.0,534,0.3862156889258049,3.504878048780488,193.0212228494445,2.2092092931725893,4.537456383878956,1.6311972899580838e-10,1.6608407,13.454723,11.606285,-0.20338076,11.042869
480,27/5/2018,15:22:32,51.540371,-0.025105,2.61,9.0,535,0.4060151828314241,3.5121951219512195,184.50577777769496,2.166845854236626,4.4770366371506976,1.4337287363851283e-10,1.6338426,12.980253,11.542844,0.18397257,11.089903
481,27/5/2018,15:22:32,51.540371,-0.025105,2.61,8.6,534,0.3862156889258049,3.5195121951219512,176.31263735526937,2.1224907863272904,4.408727837952297,1.193472990625381e-10,1.6857455,12.771918,11.586478,0.4116346,11.14369
482,27/5/2018,15:22:33,51.540375,-0.025076,2.06,8.6,533,0.3664161950201857,3.526829268292683,168.11949693284373,2.0781357184179554,4.340419038753895,9.532172448656334e-11,1.9242474,11.719035,11.847627,1.2617526,11.241532
483,27/5/2018,15:22:33,51.540375,-0.025076,2.06,9.6,534,0.3862156889258049,3.5341463414634147,162.9537865374146,2.1279445217156656,4.369307899984277,9.041123055906369e-11,1.8306216,11.85039,11.763504,1.1234897,11.291942
484,27/5/2018,15:22:34,51.540382,-0.025053,3.89,9.6,534,0.3862156889258049,3.5414634146341464,159.46058735614866,2.2297743888062347,4.451893849374562,9.606091026369455e-11,1.8199669,11.832665,11.7505045,1.1498432,11.318272
485,27/5/2018,15:22:35,51.540386,-0.02504,4.22,9.6,535,0.4060151828314241,3.548780487804878,155.9673881748827,2.331604255896804,4.534479798764846,1.017105899683254e-10,1.7270675,11.874691,11.69444,1.1448721,11.361292
486,27/5/2018,15:22:36,51.540394,-0.025022,4.63,9.6,534,0.3862156889258049,3.55609756097561,150.3744864580107,2.337860734745762,4.602120190537598,1.4077327095928467e-10,1.7868071,11.382655,11.757314,1.4631852,11.418305
487,27/5/2018,15:22:36,51.540394,-0.025022,4.63,10.1,534,0.3862156889258049,3.563414634146341,142.42093651469153,2.236666207739272,4.652957628803936,2.1740143605539186e-10,1.8105283,11.193181,11.757366,1.7110027,11.497946
488,27/5/2018,15:22:37,51.540398,-0.024999,5.26,10.1,532,0.3466167011145665,3.570731707317073,134.46738657137234,2.135471680732781,4.703795067070272,2.940296011514991e-10,2.103756,9.695402,12.050337,2.6410458,11.294572
489,27/5/2018,15:22:38,51.540405,-0.024987,4.41,10.1,528,0.2674187254920898,3.578048780487805,130.37258216956772,2.079474836712281,4.75217781240565,3.532416214699866e-10,2.3004544,9.077005,12.289762,3.2337697,11.29941
490,27/5/2018,15:22:39,51.540413,-0.024978,4.89,10.1,530,0.3070177133033281,3.5853658536585367,135.39595228578992,2.130279635050131,4.794760144551855,3.712994776164491e-10,2.234746,9.352619,12.16878,2.9644606,11.292335
491,27/5/2018,15:22:39,51.540413,-0.024978,4.89,9.4,533,0.3664161950201857,3.5926829268292684,140.4193224020121,2.181084433387981,4.837342476698061,3.8935733376291175e-10,1.9020075,11.006181,11.8798,1.9244133,11.409585
492,27/5/2018,15:22:40,51.540417,-0.024968,3.82,9.4,531,0.3268172072089473,3.6,145.7776694297791,2.2485746265151856,4.891442586439018,4.0432796433870205e-10,2.0081708,10.880967,11.979166,2.0828161,11.317064
493,27/5/2018,15:22:41,51.540421,-0.024954,3.98,9.4,535,0.4060151828314241,3.607317073170732,153.50332280193894,2.433981725501297,5.026939673206289,3.9748094591199886e-10,1.7215486,11.847755,11.679004,1.1776251,11.389004
494,27/5/2018,15:22:42,51.540421,-0.02494,4.41,9.4,536,0.4258146767370433,3.614634146341464,161.22897617409873,2.6193888244874097,5.162436759973561,3.9063392748529577e-10,1.6744536,12.042515,11.617653,0.9979754,11.324274
495,27/5/2018,15:22:42,51.540421,-0.02494,4.41,9.8,539,0.4852131584539009,3.6219512195121952,168.95462954625856,2.8047959234735216,5.297933846740833,3.837869090585927e-10,1.4751463,12.960865,11.42738,0.23732106,11.0322485
496,27/5/2018,15:22:43,51.540424,-0.024923,4.06,9.8,535,0.4060151828314241,3.629268292682927,154.63099612259273,2.6842736480710863,5.361770941958644,5.404105378385747e-10,1.7144457,11.873206,11.666758,1.1849993,11.393903
497,27/5/2018,15:22:44,51.540424,-0.024908,3.96,9.8,534,0.3862156889258049,3.636585365853658,139.16071562796094,2.547841877531081,5.421881444104465,7.055352642070712e-10,1.8463647,11.127203,11.777193,1.734548,11.4871235
498,27/5/2018,15:22:45,51.540428,-0.024884,4.8,9.8,527,0.2476192315864706,3.6439024390243904,123.69043513332916,2.411410106991076,5.481991946250287,8.706599905755677e-10,2.4319441,8.591317,12.383011,3.641542,11.212
499,27/5/2018,15:22:46,51.540436,-0.02486,5.56,9.8,530,0.3070177133033281,3.651219512195122,110.05630172389304,2.332969021783578,5.362547018949682,8.132266097506106e-10,2.39326,8.470932,12.296793,3.7772841,11.054387
500,27/5/2018,15:22:46,51.540436,-0.02486,5.56,10.6,530,0.3070177133033281,3.658536585365854,96.94861857774777,2.271154715447916,5.191620920086342,6.919825597945233e-10,2.4472892,8.226742,12.397275,4.0535364,10.962162
501,27/5/2018,15:22:47,51.540436,-0.024839,4.85,10.6,527,0.2476192315864706,3.6658536585365855,83.84093543160247,2.2093404091122544,5.020694821223001,5.70738509838436e-10,3.1692271,6.3600774,12.9519,5.7023864,10.700375
502,27/5/2018,15:22:47,51.540436,-0.024839,4.85,10.4,528,0.2674187254920898,3.673170731707317,75.68791542947291,2.1932666390610787,4.9371091598101815,4.885435470988697e-10,2.6848464,6.5805874,12.646561,5.379229,10.442957
503,27/5/2018,15:22:48,51.54044,-0.024821,4.19,10.4,526,0.2278197376808514,3.680487804878049,70.78631558269261,2.2072093801770616,4.910839293729812,4.3197393678656926e-10,3.2339664,5.6964054,12.948156,6.276493,10.34536
504,27/5/2018,15:22:48,51.54044,-0.024821,4.19,10.2,527,0.2476192315864706,3.6878048780487807,65.88471573591231,2.221152121293045,4.884569427649443,3.7540432647426875e-10,3.0026948,5.7101793,12.854288,6.233043,10.166617
505,27/5/2018,15:22:49,51.540447,-0.024805,5.65,10.2,526,0.2278197376808514,3.695121951219512,61.86833305856803,2.214235350308487,4.852688040708077,3.52611343327735e-10,3.1261797,5.162824,12.845745,6.611992,10.002566
506,27/5/2018,15:22:49,51.540447,-0.024805,5.65,10.5,528,0.2674187254920898,3.702439024390244,59.02353390578816,2.1797110480296404,4.813379814776813,3.7452167284737876e-10,2.646848,5.894263,12.588356,5.893699,10.063253
507,27/5/2018,15:22:50,51.540455,-0.024789,5.35,10.5,525,0.2080202437752321,3.709756097560976,56.17873475300829,2.145186745750794,4.774071588845551,3.9643200236702247e-10,3.1838818,4.4685445,12.769498,7.292602,9.579687
508,27/5/2018,15:22:50,51.540455,-0.024789,5.35,10.1,525,0.2080202437752321,3.717073170731708,54.47481109674384,2.1201863753171346,4.732415558591031,4.083822530968217e-10,3.18691,4.4153233,12.762554,7.327055,9.55173
509,27/5/2018,15:22:51,51.540466,-0.024771,4.59,10.1,525,0.2080202437752321,3.7243902439024392,56.06935983187542,2.122721372541769,4.683971611719562,3.915361583842177e-10,3.1948948,4.4609637,12.779692,7.2868824,9.587701
510,27/5/2018,15:22:51,51.540466,-0.024771,4.59,9.9,525,0.2080202437752321,3.731707317073171,57.66390856700699,2.125256369766402,4.635527664848094,3.7469006367161375e-10,3.1955152,4.537143,12.791755,7.254041,9.614752
511,27/5/2018,15:22:52,51.540474,-0.024751,4.94,9.9,525,0.2080202437752321,3.739024390243903,59.51969986408949,2.135557735849416,4.593281756274589,3.5495929422198684e-10,3.1954398,4.591829,12.8165,7.1812677,9.677112
512,27/5/2018,15:22:52,51.540474,-0.024751,4.94,9.7,528,0.2674187254920898,3.7463414634146335,64.23923873901376,2.23099423397492,4.618978900435723,3.0360664727537415e-10,2.6782665,5.9380026,12.596575,5.8893557,10.073906
513,27/5/2018,15:22:53,51.540478,-0.024732,4.85,9.7,528,0.2674187254920898,3.753658536585366,68.95877761393804,2.326430732100424,4.644676044596857,2.5225400032876155e-10,2.650223,6.2472916,12.616566,5.6216655,10.25583
514,27/5/2018,15:22:53,51.540478,-0.024732,4.85,9.8,529,0.287218219397709,3.760975609756098,73.67831648886231,2.4218672302259274,4.670373188757992,2.0090135338214901e-10,2.3100288,7.349217,12.388748,4.674212,10.576812
515,27/5/2018,15:22:54,51.540485,-0.024716,4.52,9.8,528,0.2674187254920898,3.7682926829268295,74.27921888232233,2.3422820951636942,4.600500813807656,1.7189412169500807e-10,2.6752865,6.539654,12.644543,5.40558,10.41996
516,27/5/2018,15:22:54,51.540485,-0.024716,4.52,9.8,528,0.2674187254920898,3.775609756097561,74.4737983942032,2.245430251894611,4.521200055805972,1.4509137043705108e-10,2.6881592,6.5455217,12.645581,5.399214,10.427081
517,27/5/2018,15:22:55,51.540489,-0.024701,4.46,9.8,527,0.2476192315864706,3.782926829268293,74.66837790608407,2.148578408625528,4.441899297804286,1.1828861917909409e-10,3.1782053,6.135236,13.074931,5.9796047,10.535097
518,27/5/2018,15:22:55,51.540489,-0.024701,4.46,9.9,528,0.2674187254920898,3.7902439024390246,74.71908614984373,2.135141762432361,4.4511243767479405,1.2384441327321816e-10,2.726523,6.5270715,12.641302,5.419323,10.417968
519,27/5/2018,15:22:56,51.540497,-0.02469,3.28,9.9,527,0.2476192315864706,3.797560975609757,74.71840336410011,2.1515011478578083,4.491971015421136,1.409587275679899e-10,3.1709032,6.1144524,13.076423,5.9806886,10.539596
520,27/5/2018,15:22:56,51.540497,-0.02469,3.28,10.0,528,0.2674187254920898,3.804878048780488,74.71772057835649,2.167860533283256,4.532817654094331,1.5807304186276157e-10,2.702153,6.5535927,12.622496,5.3804317,10.405014
521,27/5/2018,15:22:57,51.540504,-0.024679,4.59,10.0,527,0.2476192315864706,3.81219512195122,76.11495837750972,2.146600737951595,4.531049529553012,1.715902686032605e-10,3.1683455,6.1241474,13.078182,5.96391,10.562078
522,27/5/2018,15:22:57,51.540504,-0.024679,4.59,10.2,529,0.287218219397709,3.819512195121952,78.59542522125142,2.096190367351218,4.496259822998414,1.823201626749272e-10,2.3438878,7.3703322,12.439527,4.6879034,10.616112
523,27/5/2018,15:22:58,51.540512,-0.02467,4.57,10.2,528,0.2674187254920898,3.826829268292683,81.07589206499311,2.045779996750841,4.461470116443815,1.9305005674659384e-10,2.766859,6.7115827,12.6954365,5.30999,10.542982
524,27/5/2018,15:22:58,51.540512,-0.02467,4.57,10.1,528,0.2674187254920898,3.834146341463415,87.39188299673425,2.05051876102806,4.463973559662598,1.9604651929098862e-10,2.8237107,6.8307877,12.710543,5.210118,10.635178
525,27/5/2018,15:22:59,51.54052,-0.024661,3.43,10.1,527,0.2476192315864706,3.841463414634146,99.70645520563598,2.1415082071777785,4.524801754561831,1.869482546212225e-10,3.0174842,7.0260677,12.726002,4.8896494,10.920649
526,27/5/2018,15:22:59,51.54052,-0.024661,3.43,9.7,529,0.287218219397709,3.8487804878048784,112.02102741453773,2.232497653327497,4.585629949461064,1.7784998995145646e-10,2.4560325,8.454755,12.386537,3.8297098,11.133268
527,27/5/2018,15:23:0,51.540527,-0.024644,4.46,9.7,532,0.3466167011145665,3.85609756097561,125.3690175479514,2.3157967150554954,4.632098869528343,1.65073593647087e-10,2.1012762,9.382127,12.109622,2.9639552,11.234135
528,27/5/2018,15:23:0,51.540527,-0.024644,4.46,9.5,535,0.4060151828314241,3.863414634146342,142.45404305109253,2.3712858869905142,4.626641926246593,1.3899637520000384e-10,1.7735373,11.412261,11.697601,1.5464039,11.50828
529,27/5/2018,15:23:1,51.540539,-0.02463,4.57,9.5,535,0.4060151828314241,3.8707317073170735,159.53906855423364,2.426775058925533,4.621184982964843,1.1291915675292068e-10,1.7361224,11.885266,11.693149,1.1358807,11.357467
530,27/5/2018,15:23:1,51.540539,-0.02463,4.57,9.6,536,0.4258146767370433,3.878048780487805,175.7842879397112,2.4779824256855374,4.616519685054601,8.907184748055913e-11,1.5647327,12.846971,11.479651,0.30588308,11.083005
531,27/5/2018,15:23:2,51.540543,-0.024614,4.24,9.6,536,0.4258146767370433,3.885365853658537,173.4451264906219,2.434436138764991,4.629373000977445,1.14571024805386e-10,1.5639799,12.840066,11.481307,0.3170661,11.08715
532,27/5/2018,15:23:2,51.540543,-0.024614,4.24,10.3,537,0.4456141706426625,3.8926829268292686,171.10596504153264,2.390889851844445,4.642226316900288,1.400702021302129e-10,1.5273838,12.875625,11.432832,0.26400143,11.042928
533,27/5/2018,15:23:3,51.54055,-0.024597,4.65,10.3,535,0.4060151828314241,3.9,168.76680359244335,2.3473435649238983,4.655079632823131,1.6556937945503975e-10,1.6495866,12.703724,11.553801,0.44772562,11.145284
534,27/5/2018,15:23:3,51.54055,-0.024597,4.65,10.5,534,0.3862156889258049,3.907317073170732,163.11400929311398,2.2235562102412456,4.591852504800367,1.8480326807004102e-10,1.8290614,11.850761,11.773404,1.1198853,11.281298
535,27/5/2018,15:23:4,51.540558,-0.02458,4.22,10.5,530,0.3070177133033281,3.914634146341464,156.96537942130362,2.0877619804555088,4.517241076771148,2.0309964998028776e-10,2.0457418,11.329249,12.029942,1.7381892,11.182474
536,27/5/2018,15:23:4,51.540558,-0.02458,4.22,10.5,532,0.3466167011145665,3.921951219512196,150.81674954949327,1.9519677506697724,4.442629648741929,2.2139603189053447e-10,2.0160253,11.298625,11.967331,1.7201934,11.25174
537,27/5/2018,15:23:5,51.540562,-0.024564,3.61,10.5,532,0.3466167011145665,3.929268292682927,155.71637996667815,2.0132066213208364,4.467670399468183,2.1375116279628839e-10,2.0271933,11.363864,11.970111,1.6567469,11.231574
538,27/5/2018,15:23:5,51.540562,-0.024564,3.61,10.2,533,0.3664161950201857,3.936585365853659,165.43148827843595,2.1603240388954963,4.53614539697997,1.9479957956767943e-10,1.9328082,11.695131,11.865601,1.2800953,11.23053
539,27/5/2018,15:23:6,51.540569,-0.024547,4.09,10.2,536,0.4258146767370433,3.943902439024391,175.14659659019375,2.307441456470156,4.604620394491756,1.7584799633907048e-10,1.5633495,12.849665,11.503364,0.3282555,11.105032
540,27/5/2018,15:23:6,51.540569,-0.024547,4.09,10.2,538,0.4654136645482817,3.9512195121951215,185.2771191684216,2.3350678595178778,4.601126744441872,1.5567307384520723e-10,1.3601166,13.266308,11.337055,-0.018348603,10.885671
541,27/5/2018,15:23:7,51.540573,-0.024535,4.02,10.2,536,0.4258146767370433,3.958536585365854,195.78643712546813,2.2537364155042066,4.532008503913078,1.3438264979588835e-10,1.3970236,13.599674,11.428404,-0.383108,10.874845
542,27/5/2018,15:23:7,51.540573,-0.024535,4.02,10.5,536,0.4258146767370433,3.965853658536586,206.2957550825147,2.172404971490535,4.462890263384283,1.1309222574656945e-10,1.3637038,13.980239,11.367878,-0.6642731,10.627246
543,27/5/2018,15:23:8,51.540581,-0.02453,1.69,10.5,535,0.4060151828314241,3.9731707317073175,215.42658909719196,2.167661620439572,4.470922466893192,1.1822701139179288e-10,1.2663641,14.304217,11.350178,-0.9549366,10.385371
544,27/5/2018,15:23:8,51.540581,-0.02453,1.69,9.9,538,0.4654136645482817,3.980487804878049,221.99355025407772,2.3053661621363437,4.622448492386598,1.7251063063230322e-10,0.77384347,14.508353,11.013283,-1.0353774,9.965309
545,27/5/2018,15:23:9,51.540585,-0.024515,3.94,9.9,539,0.4852131584539009,3.987804878048781,228.56051141096356,2.4430707038331145,4.773974517880004,2.2679424987281355e-10,0.4940625,14.731821,10.897043,-1.1976938,9.651099
546,27/5/2018,15:23:9,51.540585,-0.024515,3.94,9.7,540,0.5050126523595201,3.9951219512195126,230.48236515318385,2.5664497157845,4.941129323118322,2.9838268512023047e-10,0.4460049,14.74732,10.92691,-1.235295,9.599196
547,27/5/2018,15:23:10,51.540588,-0.024513,1.46,9.7,539,0.4852131584539009,4.002439024390244,210.69650851589748,2.6228820625707208,5.181321195963854,4.5084071078068864e-10,0.94045174,14.036406,11.060825,-0.63895035,10.344002
548,27/5/2018,15:23:10,51.540588,-0.024513,1.46,9.7,541,0.5248121462651393,4.009756097560976,190.91065187861236,2.679314409356938,5.42151306880937,6.032987364411377e-10,1.0376062,13.804758,11.127002,-0.43368492,10.529199
549,27/5/2018,15:23:11,51.540592,-0.024512,1.65,9.7,532,0.3466167011145665,4.017073170731708,171.10504502602922,2.735070888886033,5.660622483527964,7.55091962541699e-10,2.006037,11.622593,11.9012575,1.3665937,11.220283
550,27/5/2018,15:23:11,51.540592,-0.024512,1.65,9.8,532,0.3466167011145665,4.024390243902439,144.442995011079,2.5561947143169705,5.523948013766418,6.760947730115622e-10,1.9266504,10.943142,11.890912,1.9696639,11.400762
551,27/5/2018,15:23:12,51.540596,-0.024509,2.04,9.8,527,0.2476192315864706,4.031707317073171,117.78094499612558,2.377318539747886,5.387273544004856,5.970975834814161e-10,2.4666746,8.492584,12.398644,3.8039503,11.149863
552,27/5/2018,15:23:12,51.540596,-0.024509,2.04,9.1,529,0.287218219397709,4.039024390243903,91.1188949811754,2.198442365178824,5.250599074243311,5.18100393951279e-10,2.5287156,7.903653,12.467865,4.300178,10.929029
553,27/5/2018,15:23:13,51.540596,-0.024512,0.98,9.1,527,0.2476192315864706,4.046341463414635,79.34987569036959,2.1373588458372117,5.273942003165943,5.93226021238882e-10,3.1821947,6.248006,12.973162,5.872129,10.627457
554,27/5/2018,15:23:13,51.540596,-0.024512,0.98,9.4,527,0.2476192315864706,4.053658536585366,70.64251826521816,2.100490765733182,5.330180799724031,7.000357267787837e-10,3.0285945,5.778816,12.8595,6.1683245,10.230878
555,27/5/2018,15:23:14,51.5406,-0.024516,0.59,9.4,524,0.1882207498696129,4.060975609756098,61.93516084006566,2.063622685629148,5.386419596282126,8.068454323186985e-10,3.22915,4.7193384,12.82209,7.1213937,9.775459
556,27/5/2018,15:23:14,51.5406,-0.024516,0.59,9.3,525,0.2080202437752321,4.068292682926829,60.65292837997769,2.148973951172409,5.498337536538286,8.770017542782872e-10,3.1951303,4.6857877,12.800932,7.115103,9.750961
557,27/5/2018,15:23:15,51.540604,-0.024519,0.22,9.3,524,0.1882207498696129,4.0756097560975615,63.26289852254292,2.298391809192068,5.6394421247007,9.279446090385315e-10,3.2241833,4.7149444,12.8023615,7.1350083,9.751861
558,27/5/2018,15:23:15,51.540604,-0.024519,0.22,8.6,530,0.3070177133033281,4.082926829268293,65.87286866510783,2.447809667211708,5.780546712863097,9.788874637987692e-10,2.2561007,7.304591,12.310547,4.7750206,10.434387
559,27/5/2018,15:23:16,51.540604,-0.024521,0.19,8.6,527,0.2476192315864706,4.090243902439025,68.99664070802508,2.489658465061489,5.688876084066863,8.948959395133528e-10,2.973236,5.6805997,12.765055,6.1810517,10.119759
560,27/5/2018,15:23:16,51.540604,-0.024521,0.19,8.2,528,0.2674187254920898,4.097560975609756,72.67106420819354,2.4162234157765123,5.347735742639143,6.662926253456474e-10,2.6277018,6.3199525,12.613897,5.5033956,10.318437
561,27/5/2018,15:23:17,51.540604,-0.02452,0.26,8.2,528,0.2674187254920898,4.104878048780488,76.34548770836244,2.3427883664915266,5.006595401211382,4.3768931117791444e-10,2.7150507,6.623165,12.656087,5.3715453,10.451991
562,27/5/2018,15:23:17,51.540604,-0.02452,0.26,8.2,529,0.287218219397709,4.11219512195122,79.53293814528286,2.2778641561685777,4.780032908545883,3.017485021721673e-10,2.347632,7.3776097,12.426434,4.671268,10.605594
563,27/5/2018,15:23:18,51.540604,-0.024517,0.22,8.2,528,0.2674187254920898,4.119512195121952,81.63291061251644,2.231945822296011,4.809338544421175,3.72735838857963e-10,2.7721448,6.722753,12.705745,5.2928834,10.566557
564,27/5/2018,15:23:18,51.540604,-0.024517,0.22,8.6,529,0.287218219397709,4.126829268292683,83.73288307974977,2.18602748842345,4.838644180296464,4.4372317554375015e-10,2.3737853,7.443353,12.4252,4.6187305,10.638256
565,27/5/2018,15:23:19,51.5406,-0.024511,0.35,8.6,526,0.2278197376808514,4.134146341463415,86.61059645436188,2.148129729675384,4.858268670309209,4.951868455279643e-10,3.243603,6.3297043,12.939088,5.801725,10.684571
566,27/5/2018,15:23:19,51.5406,-0.024511,0.35,9.1,529,0.287218219397709,4.1414634146341465,94.43332320669798,2.1612281971916505,4.816338733458442,4.225156113228482e-10,2.53417,8.058597,12.469527,4.214669,10.992049
567,27/5/2018,15:23:20,51.5406,-0.024509,0.44,9.1,531,0.3268172072089473,4.148780487804879,102.25604995903504,2.1743266647079187,4.774408796607672,3.498443771177234e-10,2.2856836,8.506625,12.25288,3.7637322,11.006495
568,27/5/2018,15:23:20,51.5406,-0.024509,0.44,9.6,531,0.3268172072089473,4.15609756097561,110.07877671137112,2.187425132224185,4.732478859756905,2.771731429126074e-10,2.2586508,8.676605,12.216874,3.5838206,11.056457
569,27/5/2018,15:23:21,51.5406,-0.024506,0.35,9.6,529,0.287218219397709,4.163414634146342,124.95156582172436,2.257870355108773,4.751312659069572,2.7316402217301503e-10,2.2786093,9.152613,12.2638235,3.2213225,11.287192
570,27/5/2018,15:23:22,51.540596,-0.024501,0.06,9.6,532,0.3466167011145665,4.170731707317073,140.09896078487714,2.330549282301713,4.772513256963753,2.718293484476266e-10,1.950569,10.812933,11.953323,2.1434522,11.35365
571,27/5/2018,15:23:22,51.540596,-0.024501,0.06,10.7,535,0.4060151828314241,4.1780487804878055,155.24635574803173,2.403228209494661,4.793713854857937,2.704946747222381e-10,1.7262883,11.866504,11.687528,1.1634516,11.374022
572,27/5/2018,15:23:23,51.540596,-0.024499,0.37,10.7,537,0.4456141706426625,4.185365853658537,166.32634245767812,2.4122462747982687,4.8333703769371,2.962379097954228e-10,1.554554,12.757624,11.465128,0.34535408,11.087013
573,27/5/2018,15:23:23,51.540596,-0.024499,0.37,10.9,535,0.4060151828314241,4.192682926829269,176.31934937544048,2.404251523562486,4.877959085651909,3.292174825647811e-10,1.6347647,12.798329,11.530086,0.34219015,11.117061
574,27/5/2018,15:23:24,51.540596,-0.024498,0.13,10.9,537,0.4456141706426625,4.2,186.31235629320167,2.3962567723267045,4.9225477943667135,3.6219705533413533e-10,1.4071879,13.232313,11.356131,0.029652016,10.926318
575,27/5/2018,15:23:24,51.540596,-0.024498,0.13,11.0,534,0.3862156889258049,4.207317073170732,183.85636891170165,2.4819619971800537,5.0614695804106775,4.1738356870714626e-10,1.6778678,13.164214,11.578409,0.048217025,11.07981
576,27/5/2018,15:23:25,51.5406,-0.024497,0.13,11.0,536,0.4258146767370433,4.214634146341464,173.63083978978602,2.6261463134202057,5.259265582651686,4.864296556167242e-10,1.5489346,12.8628645,11.450597,0.2888928,11.058067
577,27/5/2018,15:23:25,51.5406,-0.024497,0.13,11.1,540,0.5050126523595201,4.221951219512196,163.40531066786912,2.770330629660375,5.457061584892718,5.554757425263107e-10,1.4717178,12.9342375,11.391678,0.21290429,11.001246
578,27/5/2018,15:23:26,51.5406,-0.024491,2.2,11.1,533,0.3664161950201857,4.229268292682927,146.816634345346,2.781820182475051,5.477688035125473,5.71073719562999e-10,1.8984507,11.032348,11.863272,1.8692644,11.416491
579,27/5/2018,15:23:27,51.540596,-0.024482,1.5,11.1,530,0.3070177133033281,4.236585365853659,122.20552124119251,2.6260127488657177,5.274945217634875,5.192861609465387e-10,2.2607803,9.113378,12.236379,3.2367592,11.251487
580,27/5/2018,15:23:27,51.540596,-0.024482,1.5,11.8,529,0.287218219397709,4.243902439024391,97.59440813704204,2.470205315256404,5.072202400144301,4.674986023300846e-10,2.5220468,8.124981,12.452026,4.129657,11.025913
581,27/5/2018,15:23:28,51.540604,-0.024481,2.3,11.8,526,0.2278197376808514,4.251219512195123,76.58563656014537,2.305339148713218,4.8777654358634575,4.2297370268378143e-10,3.325119,5.97559,12.966157,6.086516,10.5133915
582,27/5/2018,15:23:28,51.540604,-0.024481,2.3,10.9,525,0.2080202437752321,4.258536585365854,65.36940215346233,2.115847893655105,4.70590694607525,3.9819147801199896e-10,3.221551,4.8185964,12.890729,6.949198,9.878801
583,27/5/2018,15:23:29,51.5406,-0.024481,2.39,10.9,523,0.1684212559639938,4.265853658536586,54.15316774677794,1.9263566385969697,4.534048456287021,3.7340925334021345e-10,3.1254816,3.4524362,12.516609,7.93278,9.079796
584,27/5/2018,15:23:30,51.5406,-0.024483,0.87,10.9,523,0.1684212559639938,4.273170731707317,44.18937059582749,1.780955598006144,4.402212557446749,3.5581972693892633e-10,3.1276157,3.3910065,12.503186,7.981346,9.051989
585,27/5/2018,15:23:31,51.5406,-0.024484,0.39,10.9,523,0.1684212559639938,4.2804878048780495,46.08211157943441,2.0529465719050664,4.649261408038851,4.0632183622170813e-10,3.1316094,3.3921995,12.503321,7.9759884,9.051261
586,27/5/2018,15:23:32,51.5406,-0.024486,0.17,10.9,525,0.2080202437752321,4.287804878048781,47.9748525630411,2.324937545803956,4.896310258630924,4.56823945504484e-10,3.051938,3.800797,12.546287,7.6417336,9.211488
587,27/5/2018,15:23:33,51.540596,-0.024483,0.26,10.9,527,0.2476192315864706,4.295121951219512,49.86759354664778,2.596928519702845,5.143359109222996,5.073260547872597e-10,2.579718,4.1471066,12.34786,7.075426,9.192588
588,27/5/2018,15:23:34,51.540592,-0.024478,0.04,10.9,526,0.2278197376808514,4.302439024390244,49.98634714687743,2.566435296811058,5.1941380961020425,5.372135014846806e-10,2.6823702,4.0350437,12.392273,7.25217,9.164201
589,27/5/2018,15:23:34,51.540592,-0.024478,0.04,12.3,528,0.2674187254920898,4.309756097560975,49.95532968113335,2.510404473698413,5.228346758421696,5.653605299474313e-10,2.4834628,4.3052583,12.311638,6.852551,9.266921
590,27/5/2018,15:23:35,51.540592,-0.024478,0.72,12.3,525,0.2080202437752321,4.317073170731708,49.92431221538927,2.4543736505857603,5.262555420741354,5.935075584101857e-10,2.951111,3.7610385,12.497646,7.576089,9.172288
591,27/5/2018,15:23:35,51.540592,-0.024478,0.72,12.6,524,0.1882207498696129,4.324390243902439,47.75413374766342,2.405358123523526,5.258504331659373,5.991902391160726e-10,3.0578623,3.5238576,12.463308,7.8782716,9.0442295
592,27/5/2018,15:23:36,51.540592,-0.02448,0.96,12.6,523,0.1684212559639938,4.331707317073171,44.8661508007746,2.35869660858238,5.241615021937476,5.973349133669031e-10,3.0935323,3.3387625,12.476684,8.021102,9.007845
593,27/5/2018,15:23:36,51.540592,-0.02448,0.96,12.8,526,0.2278197376808514,4.339024390243902,41.97816785388613,2.31203509364124,5.224725712215581,5.954795876177338e-10,2.8841705,3.7644985,12.473694,7.5428963,9.14912
594,27/5/2018,15:23:37,51.540588,-0.024481,0.19,12.8,524,0.1882207498696129,4.3463414634146345,39.95449314175578,2.276488312580949,5.208052867377417,6.117653865969183e-10,3.0823386,3.370691,12.468566,8.024978,9.006549
595,27/5/2018,15:23:37,51.540588,-0.024481,0.19,13.2,524,0.1882207498696129,4.353658536585366,38.56871696652437,2.249144707419591,5.191539783405888,6.414401554557492e-10,3.086922,3.3369248,12.463913,8.080179,8.977624
596,27/5/2018,15:23:38,51.540588,-0.02448,0.35,13.2,523,0.1684212559639938,4.360975609756098,37.18294079129279,2.2218011022582296,5.175026699434358,6.71114924314584e-10,3.1309564,3.01301,12.424916,8.338749,8.862908
597,27/5/2018,15:23:38,51.540588,-0.02448,0.35,13.4,524,0.1882207498696129,4.368292682926829,35.72471303002135,2.287275237841706,5.249476289600577,7.504011556016767e-10,3.08718,3.182424,12.442549,8.207933,8.92018
598,27/5/2018,15:23:39,51.540588,-0.024476,1.69,13.4,522,0.1486217620583746,4.375609756097561,34.15869343934981,2.4908415067033185,5.459258086945785,9.034981974815555e-10,3.0630026,2.3532639,12.209688,8.890154,8.48047
599,27/5/2018,15:23:40,51.540592,-0.024468,3.15,13.4,525,0.2080202437752321,4.382926829268293,32.59267384867847,2.694407775564906,5.669039884290967,1.0565952393614155e-09,2.516209,3.0845525,12.108869,7.968198,8.523639
600,27/5/2018,15:23:40,51.540592,-0.024468,3.15,13.2,525,0.2080202437752321,4.390243902439025,30.700949384671823,2.8074587262841075,5.825408240723608,1.2023719579684375e-09,2.5524325,3.0636206,12.105043,7.964449,8.519624
601,27/5/2018,15:23:41,51.5406,-0.024456,4.43,13.2,522,0.1486217620583746,4.397560975609756,27.709970973159542,2.6150204782727027,5.801506234076341,1.3234425855295542e-09,3.1543603,2.234493,12.230803,9.031021,8.482122
602,27/5/2018,15:23:42,51.540604,-0.024445,2.85,13.2,521,0.1288222681527554,4.404878048780488,24.7189925616469,2.4225822302612743,5.777604227429072,1.4445132130906851e-09,3.0484884,1.6380032,12.064446,9.44513,8.184211
603,27/5/2018,15:23:43,51.540604,-0.02443,3.96,13.2,521,0.1288222681527554,4.412195121951219,21.80747099048115,2.2639218500041216,5.787570463774415,1.585130814071981e-09,3.0795598,1.6834984,12.091156,9.419758,8.223216
604,27/5/2018,15:23:44,51.540611,-0.024419,3.96,13.2,519,0.089223280341517,4.419512195121952,20.25651175401551,2.6836496162237333,6.377472367801273,2.0604568640288864e-09,2.7218893,1.187326,11.85,9.679765,7.881128
605,27/5/2018,15:23:45,51.540619,-0.024409,3.59,13.2,522,0.1486217620583746,4.426829268292683,18.70555251755006,3.103377382443294,6.967374271828058,2.535782913985734e-09,2.0767283,1.4145617,11.549732,9.339244,7.393185
606,27/5/2018,15:23:46,51.540623,-0.024401,2.3,13.2,523,0.1684212559639938,4.434146341463415,17.15459328108442,3.5231051486629057,7.557276175854916,3.011108963942639e-09,1.834536,1.5198784,11.415918,9.150239,7.1775494
607,27/5/2018,15:23:47,51.54063,-0.024389,4.32,13.2,522,0.1486217620583746,4.441463414634146,16.584487285555877,3.853162309525779,8.794845443782105,4.725102223658821e-09,1.6525993,1.2179825,11.22878,9.323076,6.9378986
608,27/5/2018,15:23:48,51.540642,-0.024371,5.54,13.2,518,0.0694237864358978,4.4487804878048784,16.145879187234996,4.171197798283613,10.11924410971564,6.605157159705033e-09,1.3085965,-0.26141927,10.57055,10.440698,6.359426
609,27/5/2018,15:23:48,51.540642,-0.024371,5.54,11.8,520,0.1090227742471362,4.45609756097561,15.70727108891417,4.489233287041407,11.443642775649018,8.485212095751017e-09,0.69038403,-0.09993029,10.424405,10.061254,5.833948
610,27/5/2018,15:23:49,51.540649,-0.024356,4.93,11.8,515,0.0100253047190402,4.463414634146342,17.68692063667443,4.775570696735046,11.356970079397952,8.195885654769778e-09,0.8144886,-0.9475437,9.913899,10.82255,5.788577
611,27/5/2018,15:23:50,51.540657,-0.02434,4.59,11.8,521,0.1288222681527554,4.470731707317073,20.662050124530325,5.048859537390064,10.689427417791933,7.01352962004448e-09,0.64774925,0.1649921,10.581823,9.840687,5.9223237
612,27/5/2018,15:23:51,51.540665,-0.024322,5.19,11.8,528,0.2674187254920898,4.478048780487805,23.63717961238658,5.322148378045115,10.021884756185829,5.831173585319038e-09,0.7918892,1.0557737,10.851572,9.087677,6.2000265
613,27/5/2018,15:23:52,51.540672,-0.024305,5.43,11.8,525,0.2080202437752321,4.485365853658537,24.528719751573227,4.967045515898105,9.175011159976684,4.792570193386182e-09,0.98611104,1.2041864,10.990794,8.980874,6.461375
614,27/5/2018,15:23:53,51.540684,-0.024293,4.13,11.8,521,0.1288222681527554,4.492682926829269,23.60926219748284,4.0657621287950185,8.17226812188009,3.878912585355328e-09,1.8527323,1.2018739,11.290798,9.378634,7.048473
615,27/5/2018,15:23:53,51.540684,-0.024293,4.13,11.5,521,0.1288222681527554,4.5,22.689804643392563,3.164478741692041,7.16952508378362,2.965254977324584e-09,2.357558,1.3026905,11.588638,9.482011,7.5363455
616,27/5/2018,15:23:54,51.540688,-0.024276,4.32,11.5,520,0.1090227742471362,4.507317073170732,21.642923690196863,2.548705457220686,6.48953844654499,2.3009218625095514e-09,2.7661386,1.2640861,11.867189,9.660262,7.9030848
617,27/5/2018,15:23:54,51.540688,-0.024276,4.32,11.5,522,0.1486217620583746,4.514634146341463,20.37108077445047,2.436991187554339,6.379367980218951,2.076763218785761e-09,3.160824,2.0937128,12.229515,9.097733,8.461744
618,27/5/2018,15:23:55,51.540695,-0.024262,4.65,11.5,520,0.1090227742471362,4.521951219512196,19.09923785870392,2.325276917887978,6.269197513892898,1.852604575061944e-09,2.818381,1.2993075,11.895019,9.655464,7.939636
619,27/5/2018,15:23:55,51.540695,-0.024262,4.65,12.0,522,0.1486217620583746,4.529268292682927,18.63185380090286,2.28537544065429,6.210145071844338,1.677828134917241e-09,3.1756284,2.0737975,12.246847,9.116935,8.480202
620,27/5/2018,15:23:56,51.540703,-0.02425,4.04,12.0,520,0.1090227742471362,4.536585365853659,21.634304335204657,2.555220706684472,6.371577601980649,1.716049633101675e-09,2.7788732,1.2827406,11.876499,9.643519,7.9157805
621,27/5/2018,15:23:56,51.540703,-0.02425,4.04,12.2,520,0.1090227742471362,4.54390243902439,24.63675486950609,2.825065972714621,6.53301013211694,1.7542711312861042e-09,2.7454596,1.2852415,11.840205,9.635192,7.8693295
622,27/5/2018,15:23:57,51.54071,-0.024237,4.09,12.2,521,0.1288222681527554,4.551219512195122,27.634344028082012,3.0911951061368765,6.689850112225462,1.7912788927247694e-09,2.5305996,1.4314803,11.725949,9.411437,7.7366824
623,27/5/2018,15:23:58,51.540718,-0.02422,4.26,12.2,526,0.2278197376808514,4.558536585365854,30.30865170088853,3.110201421133145,6.541285515487447,1.7475731605701851e-09,2.033967,3.2673266,11.85381,7.611682,8.293776
624,27/5/2018,15:23:58,51.540718,-0.02422,4.26,12.7,527,0.2476192315864706,4.565853658536586,32.98295937369537,3.1292077361294157,6.392720918749413,1.703867428415595e-09,2.0305386,3.571189,11.892464,7.3286843,8.491945
625,27/5/2018,15:23:59,51.540726,-0.024209,4.2,12.7,523,0.1684212559639938,4.573170731707317,35.65726704650189,3.1482140511256835,6.244156322011397,1.6601616962610102e-09,2.6824615,2.4432077,12.036139,8.578622,8.284155
626,27/5/2018,15:23:59,51.540726,-0.024209,4.2,13.0,524,0.1882207498696129,4.580487804878049,33.49996811296848,2.8618598710879746,5.812916911739452,1.3500874277997802e-09,2.6200137,2.9058762,12.107925,8.125416,8.483045
627,27/5/2018,15:24:0,51.540733,-0.024203,4.5,13.0,523,0.1684212559639938,4.587804878048781,30.432077133073943,2.5179557163304973,5.328402999240308,9.898118308108343e-10,3.1486344,2.6553373,12.389943,8.557218,8.705869
628,27/5/2018,15:24:0,51.540733,-0.024203,4.5,12.3,522,0.1486217620583746,4.595121951219513,27.364186153179045,2.174051561572978,4.843889086741106,6.295362338218452e-10,3.23746,2.1400719,12.271616,9.137059,8.51518
629,27/5/2018,15:24:1,51.540749,-0.024193,4.67,12.3,521,0.1288222681527554,4.602439024390244,25.376971451792752,2.106345910602613,4.776988303060812,5.872171131246098e-10,3.2104793,1.8995748,12.1972275,9.270081,8.392099
630,27/5/2018,15:24:1,51.540749,-0.024193,4.67,12.2,521,0.1288222681527554,4.609756097560976,23.926793434634305,2.1758957279093267,4.917618279934057,7.029048767759871e-10,3.1857088,1.8709158,12.177707,9.295272,8.364687
631,27/5/2018,15:24:2,51.54076,-0.024184,4.56,12.2,522,0.1486217620583746,4.617073170731707,22.47661541747603,2.245445545216032,5.058248256807285,8.185926404273503e-10,3.2398696,2.1161237,12.268594,9.130962,8.511163
632,27/5/2018,15:24:3,51.540771,-0.024177,5.22,12.2,521,0.1288222681527554,4.62439024390244,21.78612557053567,2.28217522851184,5.181506477609103,9.084267950639041e-10,3.1394444,1.7747968,12.147413,9.35462,8.308914
633,27/5/2018,15:24:4,51.540779,-0.024162,5.37,12.2,523,0.1684212559639938,4.631707317073171,21.871808569878343,2.285372604962165,5.287015987974857,9.718463363335423e-10,3.1934824,2.5596771,12.353,8.72647,8.687469
634,27/5/2018,15:24:4,51.540779,-0.024162,5.37,11.8,522,0.1486217620583746,4.639024390243903,21.957491569221027,2.2885699814124907,5.392525498340625,1.0352658776031883e-09,3.2390463,2.1380012,12.2609415,9.127115,8.5006075
635,27/5/2018,15:24:5,51.540783,-0.024135,6.02,11.8,520,0.1090227742471362,4.646341463414634,22.34021725741829,2.312818060599113,5.471311888251838,1.068670200324467e-09,3.0393856,1.5916085,12.041228,9.495466,8.146087
636,27/5/2018,15:24:6,51.540791,-0.024125,3.02,11.8,521,0.1288222681527554,4.653658536585366,23.350576674066023,2.381545036390903,5.49363389659088,1.0386541318541555e-09,3.08504,1.6779853,12.104733,9.412518,8.2342615
637,27/5/2018,15:24:6,51.540791,-0.024125,3.02,13.7,523,0.1684212559639938,4.660975609756098,24.36093609071364,2.4502720121826846,5.515955904929919,1.008638063383848e-09,3.1890068,2.5731244,12.359423,8.679725,8.70269
638,27/5/2018,15:24:7,51.540798,-0.024112,4.43,13.7,522,0.1486217620583746,4.66829268292683,25.261890011044567,2.505175483852382,5.533822568321862,9.70310497907137e-10,3.2186785,2.178579,12.249061,9.102546,8.493121
639,27/5/2018,15:24:7,51.540798,-0.024112,4.43,13.4,524,0.1882207498696129,4.675609756097561,25.532252128985608,2.480402991579168,5.526009498107712,8.840770953905241e-10,3.1062076,2.8108687,12.356627,8.5104475,8.741439
640,27/5/2018,15:24:8,51.540806,-0.024099,4.26,13.4,522,0.1486217620583746,4.682926829268293,25.80261424692668,2.455630499305951,5.51819642789356,7.978436928739004e-10,3.2032595,2.1568716,12.236251,9.1043415,8.477723
641,27/5/2018,15:24:9,51.540817,-0.024089,5.56,13.4,522,0.1486217620583746,4.690243902439025,26.07297636486772,2.430858007032737,5.51038335767941,7.116102903572876e-10,3.2194226,2.1507,12.206991,9.128248,8.472319
642,27/5/2018,15:24:9,51.540817,-0.024089,5.56,13.3,523,0.1684212559639938,4.697560975609757,24.8671725606772,2.4222567017884287,5.794064743575002,8.10916077321702e-10,3.1620324,2.5442302,12.32477,8.728947,8.655377
643,27/5/2018,15:24:10,51.540825,-0.024072,4.09,13.3,521,0.1288222681527554,4.704878048780488,23.62266691955847,2.414079369644941,6.085388475589477,9.150862954096371e-10,2.9795892,1.5720206,12.044746,9.453629,8.150328
644,27/5/2018,15:24:10,51.540825,-0.024072,4.09,14.3,523,0.1684212559639938,4.71219512195122,22.37816127843959,2.4059020375014524,6.376712207603989,1.0192565134975852e-09,3.1755412,2.3857005,12.32112,8.842214,8.621435
645,27/5/2018,15:24:11,51.54084,-0.024074,3.67,14.3,520,0.1090227742471362,4.719512195121951,22.405785461478857,2.358423957553939,6.26421098205232,1.0597157431294701e-09,2.8108914,1.302738,11.917212,9.645882,7.9652066
646,27/5/2018,15:24:11,51.54084,-0.024074,3.67,12.4,522,0.1486217620583746,4.726829268292684,22.749341489883484,2.301185586209917,6.05142033507079,1.0843524287326528e-09,3.1946905,2.115,12.254973,9.106181,8.495878
647,27/5/2018,15:24:12,51.540852,-0.024064,4.94,12.4,520,0.1090227742471362,4.734146341463415,23.092897518288076,2.243947214865901,5.838629688089287,1.1089891143358327e-09,2.9708908,1.4948639,11.992945,9.562935,8.0700445
648,27/5/2018,15:24:13,51.540859,-0.02405,5.07,12.4,522,0.1486217620583746,4.741463414634147,24.773293088849165,2.2661131857568626,5.638629523368672,1.0102425487239476e-09,3.2392595,2.1239347,12.250005,9.114328,8.488896
649,27/5/2018,15:24:14,51.540871,-0.02404,4.96,12.4,523,0.1684212559639938,4.748780487804878,27.246712694171787,2.3353824550400963,5.446216776232046,8.383040400141328e-10,3.1885762,2.6004643,12.362498,8.654214,8.710157
650,27/5/2018,15:24:14,51.540871,-0.02404,4.96,11.2,524,0.1882207498696129,4.75609756097561,29.72013229949471,2.4046517243233385,5.253804029095397,6.663655313042972e-10,3.0586648,2.9575922,12.37214,8.411638,8.777433
651,27/5/2018,15:24:15,51.540874,-0.02403,4.65,11.2,523,0.1684212559639938,4.763414634146342,32.06474610708845,2.4207025463221896,5.157980752555499,6.011454466016592e-10,3.149867,2.7036648,12.380172,8.5544195,8.749271
652,27/5/2018,15:24:15,51.540874,-0.02403,4.65,11.2,524,0.1882207498696129,4.770731707317074,34.25462150210306,2.372820391716523,5.178193412406308,6.641295251821503e-10,3.063502,3.1026173,12.423601,8.267515,8.880112
653,27/5/2018,15:24:16,51.540878,-0.024017,5.24,11.2,522,0.1486217620583746,4.778048780487805,36.4444968971174,2.324938237110862,5.1984060722571135,7.271136037626337e-10,3.1158772,2.488512,12.325172,8.763542,8.647495
654,27/5/2018,15:24:16,51.540878,-0.024017,5.24,11.9,525,0.2080202437752321,4.785365853658537,38.64681393344241,2.279877301834205,5.156541273784424,7.275503434885631e-10,3.02376,3.544488,12.464519,7.7415533,9.095961
655,27/5/2018,15:24:17,51.540886,-0.024007,4.87,11.9,525,0.2080202437752321,4.7926829268292686,40.8809850535742,2.242039477616808,4.955740808333918,5.678483905712949e-10,2.989511,3.6885734,12.509199,7.7463384,9.126348
656,27/5/2018,15:24:17,51.540886,-0.024007,4.87,11.9,524,0.1882207498696129,4.800000000000001,43.11515617370627,2.204201653399406,4.754940342883386,4.0814643765400705e-10,3.0989902,3.4623432,12.520296,7.919567,9.081711
657,27/5/2018,15:24:18,51.540897,-0.023991,3.94,11.9,525,0.2080202437752321,4.807317073170732,45.51557598117667,2.1736121355461746,4.58005500302512,2.6552195690227625e-10,3.082593,3.7752655,12.571635,7.669825,9.220551
658,27/5/2018,15:24:18,51.540897,-0.023991,3.94,11.7,525,0.2080202437752321,4.814634146341464,49.296491217686246,2.2032110857295244,4.620363617451659,2.647053462845445e-10,3.1031334,3.9246244,12.62199,7.5608716,9.314692
659,27/5/2018,15:24:19,51.540901,-0.023984,3.5,11.7,525,0.2080202437752321,4.821951219512195,53.07740645419537,2.232810035912871,4.660672231878193,2.638887356668129e-10,3.180719,4.3022003,12.735224,7.3960485,9.49777
660,27/5/2018,15:24:19,51.540901,-0.023984,3.5,11.9,525,0.2080202437752321,4.829268292682927,56.8583216907045,2.2624089860962178,4.700980846304727,2.630721250490813e-10,3.190346,4.4696903,12.7868595,7.2773776,9.602128
661,27/5/2018,15:24:20,51.540909,-0.023967,4.8,11.9,528,0.2674187254920898,4.836585365853659,59.863133880241634,2.3197715722202124,4.723820719078943,2.5076637916017356e-10,2.6517522,5.8893747,12.588435,5.909845,10.0509815
662,27/5/2018,15:24:20,51.540909,-0.023967,4.8,11.9,528,0.2674187254920898,4.84390243902439,62.813183012895365,2.3790932043500472,4.745427969849528,2.3764994173894224e-10,2.6569028,5.934491,12.593782,5.8974485,10.062494
663,27/5/2018,15:24:21,51.540916,-0.023949,4.89,11.9,527,0.2476192315864706,4.851219512195122,65.76323214554945,2.4384148364798897,4.767035220620115,2.245335043177092e-10,2.9765775,5.7252097,12.802137,6.2211504,10.133945
664,27/5/2018,15:24:21,51.540916,-0.023949,4.89,12.6,528,0.2674187254920898,4.8585365853658535,65.41356582321775,2.3625475906095086,4.710725518685635,2.3066967882918875e-10,2.6778252,5.963636,12.602149,5.8470044,10.104937
665,27/5/2018,15:24:22,51.540924,-0.023935,4.39,12.6,527,0.2476192315864706,4.865853658536586,64.0258530849,2.244151729104316,4.629904183974498,2.428624679450965e-10,2.9802394,5.7648125,12.818935,6.2091613,10.138995
666,27/5/2018,15:24:22,51.540924,-0.023935,4.39,12.1,525,0.2080202437752321,4.873170731707317,62.63814034658244,2.1257558675991373,4.549082849263369,2.5505525706100286e-10,3.207584,4.7159877,12.868297,7.048932,9.77963
667,27/5/2018,15:24:23,51.540932,-0.02392,3.82,12.1,526,0.2278197376808514,4.880487804878049,62.765151565213024,2.0977599432316945,4.550950488522027,2.6917658321987856e-10,3.137136,5.2396445,12.845318,6.533675,10.036379
668,27/5/2018,15:24:23,51.540932,-0.02392,3.82,11.7,527,0.2476192315864706,4.88780487804878,63.956563402239816,2.133288299015112,4.610923893272979,2.8465309757110857e-10,3.0213087,5.7289486,12.854654,6.1926537,10.193504
669,27/5/2018,15:24:24,51.540939,-0.023903,4.19,11.7,526,0.2278197376808514,4.8951219512195125,65.14797523926676,2.168816654798534,4.670897298023938,3.001296119223404e-10,3.1601653,5.30994,12.868924,6.487188,10.091526
670,27/5/2018,15:24:24,51.540939,-0.023903,4.19,11.6,527,0.2476192315864706,4.902439024390244,67.93676984964344,2.192732402627593,4.748529796252423,3.355818855882595e-10,3.0139647,5.762771,12.846724,6.191759,10.1788645
671,27/5/2018,15:24:25,51.540943,-0.023884,4.54,11.6,527,0.2476192315864706,4.909756097560976,72.987453799786,2.200204731523472,4.851167519248047,3.9931977607779726e-10,3.0951407,5.876486,12.932547,6.1283207,10.336615
672,27/5/2018,15:24:25,51.540943,-0.023884,4.54,11.0,530,0.3070177133033281,4.917073170731707,78.03813774992794,2.20767706041935,4.953805242243658,4.6305766656732734e-10,2.195645,7.5556116,12.309743,4.5575576,10.54937
673,27/5/2018,15:24:26,51.540951,-0.02387,3.67,11.0,527,0.2476192315864706,4.924390243902439,84.03524191750348,2.229679177435308,5.013575515874364,4.896144356150841e-10,3.148269,6.423872,12.956062,5.7248726,10.678555
674,27/5/2018,15:24:27,51.540955,-0.023855,4.94,11.0,527,0.2476192315864706,4.931707317073171,93.02091627513506,2.297562913254048,4.937980569134718,3.9876205687943467e-10,3.1156716,6.726013,12.887355,5.4609933,10.785988
675,27/5/2018,15:24:28,51.540966,-0.023835,5.04,11.0,531,0.3268172072089473,4.939024390243903,102.00659063276775,2.365446649072796,4.862385622395063,3.0790967814377434e-10,2.2894366,8.500238,12.246728,3.7775044,10.985739
676,27/5/2018,15:24:28,51.540966,-0.023835,5.04,12.9,532,0.3466167011145665,4.946341463414634,110.6675752459502,2.4251514816564765,4.785790186645319,2.2126081626182515e-10,2.1844342,8.850946,12.173638,3.4768915,11.054895
677,27/5/2018,15:24:29,51.540977,-0.023821,6.22,12.9,532,0.3466167011145665,4.953658536585366,114.81581118121406,2.371180611844739,4.695289305667371,1.9303515821813768e-10,2.1382167,9.014081,12.159414,3.339215,11.097364
678,27/5/2018,15:24:29,51.540977,-0.023821,6.22,12.4,533,0.3664161950201857,4.9609756097560975,118.9640471164774,2.3172097420330084,4.604788424689434,1.6480950017445363e-10,2.0869367,9.123983,12.114752,3.1774945,11.139115
679,27/5/2018,15:24:30,51.540985,-0.023809,4.26,12.4,532,0.3466167011145665,4.96829268292683,123.11228305174124,2.263238872221271,4.514287543711487,1.3658384213076618e-10,2.1330447,9.264734,12.118663,3.0645947,11.197983
680,27/5/2018,15:24:31,51.540993,-0.023798,3.59,12.4,530,0.3070177133033281,4.975609756097561,122.72687111831291,2.236814106326524,4.476643493718267,1.199984532207873e-10,2.2406254,9.179793,12.227531,3.1721501,11.274191
681,27/5/2018,15:24:31,51.540993,-0.023798,3.59,12.1,531,0.3268172072089473,4.982926829268293,121.8023599880497,2.213664866658706,4.445284685975081,1.0479721674669745e-10,2.1658359,9.236286,12.163963,3.1042376,11.231678
682,27/5/2018,15:24:32,51.541,-0.023781,3.8,12.1,531,0.3268172072089473,4.990243902439024,120.87784885778662,2.1905156269908908,4.413925878231899,8.959598027260943e-11,2.1449826,9.233718,12.175052,3.149232,11.222002
683,27/5/2018,15:24:33,51.541004,-0.023766,5.19,12.1,532,0.3466167011145665,4.9975609756097565,117.66783393337938,2.227566434016968,4.458176531418399,1.0262696051500268e-10,2.1147895,9.147324,12.123041,3.225215,11.124859
684,27/5/2018,15:24:34,51.541008,-0.023751,4.8,12.1,532,0.3466167011145665,5.004878048780488,113.57047755689152,2.2879897670417164,4.531782379299523,1.2661903224228183e-10,2.1525428,9.011065,12.14937,3.3435028,11.091243
685,27/5/2018,15:24:34,51.541008,-0.023751,4.8,11.8,532,0.3466167011145665,5.01219512195122,109.47312118040315,2.3484131000664727,4.605388227180656,1.5061110396956386e-10,2.178139,8.875037,12.172646,3.4871638,11.049199
686,27/5/2018,15:24:35,51.541012,-0.023735,3.26,11.8,530,0.3070177133033281,5.019512195121951,105.01344059444044,2.3124015519910306,4.649691432757546,2.0769778905329814e-10,2.404186,8.381607,12.333519,3.866821,11.047344
687,27/5/2018,15:24:35,51.541012,-0.023735,3.26,11.4,529,0.287218219397709,5.026829268292683,100.25362577525549,2.196507378526632,4.669721554037652,2.9219866878305375e-10,2.528863,8.159955,12.447054,4.0997834,11.039294
688,27/5/2018,15:24:36,51.541016,-0.02372,3.69,11.4,526,0.2278197376808514,5.034146341463415,95.49381095607112,2.080613205062248,4.689751675317757,3.7669954851279917e-10,3.1541717,6.6551447,12.911106,5.556798,10.7733
689,27/5/2018,15:24:36,51.541016,-0.02372,3.69,11.3,528,0.2674187254920898,5.041463414634147,93.89319479392812,2.058749332641,4.739587601041719,4.388489077791686e-10,2.6911085,7.6675806,12.589266,4.49599,10.972917
690,27/5/2018,15:24:37,51.541023,-0.023705,3.3,11.3,530,0.3070177133033281,5.048780487804878,97.59072482149776,2.194579336190109,4.839409465096436,4.6351356417209627e-10,2.453342,8.24039,12.3852215,4.0177345,11.011256
691,27/5/2018,15:24:37,51.541023,-0.023705,3.3,11.4,532,0.3466167011145665,5.05609756097561,101.28825484906784,2.330409339739235,4.9392313291511645,4.88178220565027e-10,2.2281165,8.540444,12.206649,3.7350168,10.959285
692,27/5/2018,15:24:38,51.541035,-0.02369,4.61,11.4,529,0.287218219397709,5.0634146341463415,104.07702279236256,2.4350962867782457,5.002438900302895,4.89333987048874e-10,2.491427,8.287361,12.418683,3.9851847,11.082602
693,27/5/2018,15:24:39,51.541042,-0.023675,5.32,11.4,532,0.3466167011145665,5.070731707317074,103.23417427954143,2.4153286175069177,4.91932757134159,3.9654297369214326e-10,2.2264855,8.588825,12.197225,3.6696808,10.982619
694,27/5/2018,15:24:39,51.541042,-0.023675,5.32,11.7,531,0.3268172072089473,5.078048780487805,102.39132576672044,2.395560948235592,4.836216242380296,3.0375196033542376e-10,2.2951038,8.494001,12.245474,3.7480125,11.0048275
695,27/5/2018,15:24:40,51.54105,-0.023661,3.93,11.7,530,0.3070177133033281,5.085365853658537,101.34689791682264,2.3756793556243894,4.758701028841458,2.1450274241636017e-10,2.4268198,8.336958,12.345626,3.9060936,11.039531
696,27/5/2018,15:24:40,51.54105,-0.023661,3.93,11.4,530,0.3070177133033281,5.092682926829268,92.97044875563653,2.3516540428882644,4.884732657617913,2.5407882973838984e-10,2.4580154,8.051774,12.425346,4.1637383,10.9638
697,27/5/2018,15:24:41,51.541065,-0.023643,5.32,11.4,528,0.2674187254920898,5.1000000000000005,84.5939995944494,2.327628730152137,5.010764286394382,2.936549170604243e-10,2.811581,6.7325444,12.724589,5.2719574,10.614626
698,27/5/2018,15:24:41,51.541065,-0.023643,5.32,10.9,529,0.287218219397709,5.107317073170732,76.21755043326331,2.303603417416012,5.136795915170836,3.3323100438245386e-10,2.315932,7.361848,12.407018,4.7087145,10.547491
699,27/5/2018,15:24:42,51.541073,-0.023627,5.26,10.9,525,0.2080202437752321,5.114634146341464,70.81391596267099,2.219110377650107,5.202054043724618,4.1910043297091056e-10,3.2538862,4.9526973,12.893654,6.8658485,9.956589
700,27/5/2018,15:24:42,51.541073,-0.023627,5.26,10.8,527,0.2476192315864706,5.121951219512195,65.92111058860293,2.124226957863157,5.256869250185217,5.129246075342744e-10,2.96678,5.69955,12.814658,6.179915,10.162984
701,27/5/2018,15:24:43,51.54108,-0.023613,4.32,10.8,524,0.1882207498696129,5.129268292682927,61.02830521453427,2.029343538076195,5.311684456645821,6.067487820976494e-10,3.2243338,4.7051697,12.812525,7.131933,9.758515
702,27/5/2018,15:24:43,51.54108,-0.023613,4.32,11.1,526,0.2278197376808514,5.136585365853659,61.99959987656366,2.0849997416248183,5.282876222814753,6.070008503180678e-10,3.115038,5.144489,12.823498,6.6717486,9.958097
703,27/5/2018,15:24:44,51.54108,-0.023604,3.46,11.1,525,0.2080202437752321,5.143902439024391,65.73085447110077,2.211507964426768,5.21471031377304,5.632128675985061e-10,3.228428,4.8176746,12.857805,7.0144153,9.841424
704,27/5/2018,15:24:44,51.54108,-0.023604,3.46,11.4,529,0.287218219397709,5.151219512195122,69.46210906563742,2.338016187228702,5.146544404731334,5.194248848789498e-10,2.2909973,7.252753,12.386889,4.810797,10.48056
705,27/5/2018,15:24:45,51.541088,-0.023591,3.96,11.4,528,0.2674187254920898,5.158536585365854,72.88597306863588,2.3966707410835264,5.100864029525094,4.847478964005867e-10,2.6186998,6.408474,12.630001,5.472422,10.358295
706,27/5/2018,15:24:45,51.541088,-0.023591,3.96,11.6,529,0.287218219397709,5.1658536585365855,76.01042707736899,2.3892332700373173,5.077085409746777,4.5894535889306087e-10,2.3040853,7.3581276,12.395734,4.6932864,10.555261
707,27/5/2018,15:24:46,51.541096,-0.023579,4.22,11.6,528,0.2674187254920898,5.173170731707318,79.13488108610247,2.381795798991108,5.053306789968459,4.33142821385532e-10,2.7564592,6.6682663,12.681065,5.352541,10.506013
708,27/5/2018,15:24:46,51.541096,-0.023579,4.22,11.1,530,0.3070177133033281,5.180487804878049,81.01570185073994,2.3514563603316208,5.03042712807261,4.2223033209385156e-10,2.1981077,7.5514855,12.332829,4.5888786,10.550255
709,27/5/2018,15:24:47,51.541103,-0.023566,4.33,11.1,527,0.2476192315864706,5.187804878048781,80.40756334146346,2.2752818131684145,5.009346605568573,4.4111820699459585e-10,3.1934497,6.2652154,13.004804,5.8882866,10.610947
710,27/5/2018,15:24:47,51.541103,-0.023566,4.33,10.9,529,0.287218219397709,5.195121951219512,79.79942483218704,2.199107266005217,4.988266083064539,4.6000608189533776e-10,2.3464231,7.3721557,12.422274,4.663881,10.603895
711,27/5/2018,15:24:48,51.541111,-0.023553,4.63,10.9,526,0.2278197376808514,5.2024390243902445,79.37373735882892,2.1504647580525527,4.965813138728512,4.684954308919334e-10,3.2943354,6.090769,12.963572,5.9798098,10.5668955
712,27/5/2018,15:24:48,51.541111,-0.023553,4.63,10.5,528,0.2674187254920898,5.209756097560976,79.90742818029918,2.2465933701870133,4.93614361866667,4.2230643837933436e-10,2.7598293,6.683202,12.70392,5.3283653,10.542641
713,27/5/2018,15:24:49,51.541119,-0.023542,4.46,10.5,529,0.287218219397709,5.217073170731708,80.44111900176951,2.342721982321485,4.906474098604825,3.7611744586672965e-10,2.330719,7.409873,12.428907,4.658042,10.609816
714,27/5/2018,15:24:49,51.541119,-0.023542,4.46,10.0,530,0.3070177133033281,5.224390243902439,80.97480982323977,2.438850594455946,4.876804578542982,3.2992845335413047e-10,2.202708,7.5442376,12.341542,4.578026,10.577374
715,27/5/2018,15:24:50,51.541122,-0.023531,4.17,10.0,528,0.2674187254920898,5.231707317073171,77.90888668524016,2.358370080351251,4.904206552960666,3.3656314805326005e-10,2.7605062,6.6864276,12.679164,5.3468018,10.499904
716,27/5/2018,15:24:50,51.541122,-0.023531,4.17,9.4,529,0.287218219397709,5.239024390243903,74.79331369952443,2.275453578298455,4.932395720405645,3.439264453346149e-10,2.3047173,7.3253236,12.405357,4.728993,10.536485
717,27/5/2018,15:24:51,51.541134,-0.023519,4.43,9.4,526,0.2278197376808514,5.246341463414635,71.67774071380832,2.1925370762456486,4.960584887850628,3.512897426159706e-10,3.2437513,5.747368,12.934064,6.252156,10.347595
718,27/5/2018,15:24:51,51.541134,-0.023519,4.43,9.1,527,0.2476192315864706,5.253658536585366,69.91192587337838,2.178018265681685,5.061439824555147,4.1719960118599605e-10,3.0528138,5.7875633,12.847925,6.1454606,10.213044
719,27/5/2018,15:24:52,51.541142,-0.023503,4.8,9.1,525,0.2080202437752321,5.260975609756098,68.45657046502666,2.1792316872433526,5.179008698889657,4.965758220308641e-10,3.2474623,4.8923674,12.876304,6.9458427,9.896915
720,27/5/2018,15:24:52,51.541142,-0.023503,4.8,9.2,528,0.2674187254920898,5.2682926829268295,67.00121505667512,2.1804451088050203,5.296577573224152,5.759520428757225e-10,2.6099472,6.13191,12.599134,5.7307105,10.18258
721,27/5/2018,15:24:53,51.541149,-0.02349,4.09,9.2,526,0.2278197376808514,5.275609756097562,69.60258837880221,2.222877690306628,5.359788454024202,6.443069590596311e-10,3.2574787,5.670901,12.929575,6.315424,10.3091135
722,27/5/2018,15:24:53,51.541149,-0.02349,4.09,8.8,529,0.287218219397709,5.282926829268293,74.48976678092329,2.288535626877188,5.392370770280147,7.064518089916495e-10,2.2929118,7.3370824,12.385217,4.7276134,10.524436
723,27/5/2018,15:24:54,51.541157,-0.023468,6.65,8.8,526,0.2278197376808514,5.290243902439025,79.37694518304497,2.354193563447756,5.424953086536096,7.685966589236755e-10,3.3239698,6.0417666,12.971931,6.0278993,10.568555
724,27/5/2018,15:24:54,51.541157,-0.023468,6.65,9.0,527,0.2476192315864706,5.297560975609756,84.72899610967187,2.3988076319388187,5.401287946447607,7.700334110398933e-10,3.1917253,6.329481,12.966349,5.792285,10.663462
725,27/5/2018,15:24:55,51.541168,-0.023445,6.02,9.0,532,0.3466167011145665,5.3048780487804885,90.61329894422094,2.419327699720192,5.313222751770211,7.019629344312156e-10,2.1829996,8.177299,12.215005,4.046082,10.779449
726,27/5/2018,15:24:55,51.541168,-0.023445,6.02,9.8,532,0.3466167011145665,5.31219512195122,96.4976017787693,2.439847767501562,5.225157557092826,6.338924578225462e-10,2.2115657,8.39829,12.193782,3.8391387,10.877941
727,27/5/2018,15:24:56,51.541176,-0.023429,4.87,9.8,529,0.287218219397709,5.319512195121952,101.84021252902596,2.431788640247577,5.130625806272336,5.651347287393111e-10,2.521189,8.21328,12.435705,4.022268,11.076891
728,27/5/2018,15:24:56,51.541176,-0.023429,4.87,9.7,530,0.3070177133033281,5.326829268292683,105.87459634571562,2.354708617601073,5.020476838292659,4.947172334836639e-10,2.3838415,8.4187975,12.340568,3.8812845,11.045083
729,27/5/2018,15:24:57,51.54118,-0.023415,3.06,9.7,528,0.2674187254920898,5.334146341463415,109.90898016240575,2.27762859495456,4.910327870312967,4.2429973822800816e-10,2.5481975,8.275117,12.43928,3.9360054,11.134564
730,27/5/2018,15:24:57,51.54118,-0.023415,3.06,9.8,532,0.3466167011145665,5.341463414634147,114.0206322604564,2.2105673093613043,4.8054541169114415,3.54896423421787e-10,2.141443,9.040486,12.156581,3.3469248,11.097364
731,27/5/2018,15:24:58,51.541183,-0.023401,3.2,9.8,532,0.3466167011145665,5.348780487804879,118.70201567360589,2.2173783571036934,4.739476724165265,2.9297108471417136e-10,2.117523,9.156937,12.117376,3.2129786,11.124973
732,27/5/2018,15:24:58,51.541183,-0.023401,3.2,11.0,533,0.3664161950201857,5.35609756097561,123.38339908675476,2.224189404846082,4.673499331419096,2.3104574600656337e-10,2.1058393,9.204646,12.0884,3.0613594,11.168766
733,27/5/2018,15:24:59,51.541191,-0.023384,5.26,11.0,531,0.3268172072089473,5.363414634146341,128.06478249990366,2.2310004525884706,4.607521938672928,1.6912040729895534e-10,2.1595652,9.358212,12.141949,2.9843385,11.2591
734,27/5/2018,15:24:59,51.541191,-0.023384,5.26,11.4,532,0.3466167011145665,5.3707317073170735,132.15998491862948,2.213190051795073,4.583859585532913,1.5818037158020827e-10,2.1070518,9.606072,12.060404,2.7232547,11.2773695
735,27/5/2018,15:25:0,51.54121,-0.023361,5.04,11.4,531,0.3268172072089473,5.378048780487805,136.22174748196824,2.1939750717227917,4.5626111776053335,1.501488934145174e-10,2.1953917,9.464701,12.149671,2.8807378,11.301078
736,27/5/2018,15:25:0,51.54121,-0.023361,5.04,12.2,534,0.3862156889258049,5.385365853658537,140.2835100453075,2.174760091650507,4.54136276967775,1.4211741524882558e-10,1.8211344,11.158577,11.761622,1.698722,11.4923935
737,27/5/2018,15:25:1,51.541222,-0.02335,3.85,12.2,533,0.3664161950201857,5.392682926829268,142.98430378989468,2.2368562384440405,4.600889022270671,1.6260429254574906e-10,1.8786948,11.061076,11.831278,1.8875754,11.449351
738,27/5/2018,15:25:1,51.541222,-0.02335,3.85,11.8,533,0.3664161950201857,5.4,145.2846089601518,2.322879588291035,4.684184613431952,1.9148318835486007e-10,1.8812181,11.066966,11.860448,1.8536077,11.413742
739,27/5/2018,15:25:2,51.541222,-0.023337,3.72,11.8,533,0.3664161950201857,5.407317073170732,147.5849141304086,2.408902938138019,4.767480204593221,2.2036208416396756e-10,1.8423283,11.092289,11.849244,1.8348763,11.423476
740,27/5/2018,15:25:2,51.541222,-0.023337,3.72,11.5,536,0.4258146767370433,5.414634146341464,145.43654513649793,2.377224892790865,4.76929866693867,2.4915006101605177e-10,1.6998838,11.800854,11.664563,1.1851999,11.401407
741,27/5/2018,15:25:3,51.541229,-0.023324,4.28,11.5,534,0.3862156889258049,5.421951219512195,140.31304112512902,2.2668318124639955,4.716627757818245,2.778772340954087e-10,1.8348675,11.146656,11.738647,1.706406,11.516312
742,27/5/2018,15:25:4,51.541237,-0.023311,4.19,11.5,530,0.3070177133033281,5.429268292682927,135.18953711375946,2.1564387321371123,4.663956848697815,3.0660440717476907e-10,2.251596,9.333603,12.1696615,2.9650545,11.291208
743,27/5/2018,15:25:5,51.541245,-0.023298,4.5,11.5,530,0.3070177133033281,5.4365853658536585,133.1220093827421,2.1112099710719683,4.625090066192387,3.032401138129628e-10,2.2392838,9.322455,12.173888,2.9884503,11.288736
744,27/5/2018,15:25:6,51.541252,-0.023283,4.2,11.5,530,0.3070177133033281,5.443902439024391,135.17467970382884,2.153838535017853,4.604834598164684,2.5660873151130337e-10,2.2321072,9.367944,12.161977,2.9356542,11.300088
745,27/5/2018,15:25:7,51.541256,-0.023268,3.85,11.5,533,0.3664161950201857,5.451219512195122,137.22735002491532,2.196467098963734,4.5845791301369845,2.0997734920964967e-10,1.9038703,10.977106,11.87433,1.9471618,11.41601
746,27/5/2018,15:25:7,51.541256,-0.023268,3.85,11.4,534,0.3862156889258049,5.458536585365854,140.59653559690616,2.2299896723900368,4.584328182770412,1.8786943796514557e-10,1.8117279,11.163392,11.7598915,1.7173254,11.498756
747,27/5/2018,15:25:8,51.54126,-0.023255,3.26,11.4,534,0.3862156889258049,5.465853658536585,147.8640253100452,2.236548699038301,4.643312178319558,2.3837743353356853e-10,1.8119414,11.262503,11.772363,1.6429803,11.459131
748,27/5/2018,15:25:9,51.541264,-0.023242,3.82,11.4,532,0.3466167011145665,5.4731707317073175,155.13151502318516,2.2431077256865657,4.702296173868711,2.8888542910199767e-10,2.013227,11.333759,11.977041,1.668349,11.227119
749,27/5/2018,15:25:10,51.541271,-0.023227,3.89,11.4,534,0.3862156889258049,5.480487804878049,162.69677902503653,2.245094903663238,4.751415834299739,3.344393376748184e-10,1.8078921,11.841341,11.762051,1.1478766,11.298966
750,27/5/2018,15:25:11,51.541279,-0.023211,4.39,11.4,537,0.4456141706426625,5.487804878048781,173.73057260019053,2.193828349121053,4.685633908612951,3.22287131568424e-10,1.5215721,12.899879,11.430038,0.2346593,11.030769
751,27/5/2018,15:25:12,51.541286,-0.023196,4.91,11.4,533,0.3664161950201857,5.495121951219512,184.7643661753432,2.142561794578874,4.619851982926171,3.1013492546203115e-10,1.7124469,13.292559,11.592596,-0.058650393,11.068824
752,27/5/2018,15:25:13,51.541294,-0.023181,4.3,11.4,534,0.3862156889258049,5.502439024390244,195.7981597504972,2.091295240036689,4.554070057239384,2.9798271935563675e-10,1.6614581,13.485281,11.559938,-0.28771767,10.979883
753,27/5/2018,15:25:14,51.541306,-0.023159,4.07,11.4,536,0.4258146767370433,5.509756097560976,216.91223060212457,2.189940370893141,4.560306011036936,2.2940980897688203e-10,1.1520342,14.408388,11.31477,-0.99438024,10.323526
754,27/5/2018,15:25:15,51.541317,-0.023141,4.5,11.4,539,0.4852131584539009,5.517073170731708,239.0762251760908,2.3041997383860084,4.574043075967555,1.5496033050165208e-10,0.24327311,14.978559,10.9790125,-1.45602,9.331392
755,27/5/2018,15:25:15,51.541317,-0.023141,4.5,12.1,541,0.5248121462651393,5.524390243902439,261.2402197500543,2.418459105878862,4.587780140898173,8.051085202643118e-11,-1.4704005,15.302241,10.911002,-2.126144,7.891944
756,27/5/2018,15:25:16,51.541321,-0.023123,4.48,12.1,542,0.5446116401707585,5.531707317073171,269.9125011781368,2.4124508038441355,4.563437204416261,5.916791971485142e-11,-1.7296478,15.222382,10.862352,-2.1882257,7.674191
757,27/5/2018,15:25:16,51.541321,-0.023123,4.48,12.5,543,0.5644111340763777,5.539024390243903,273.6521186959452,2.3624718076035083,4.525171955279192,5.7241109049812766e-11,-1.7282969,15.2269535,10.866036,-2.1923134,7.650144
758,27/5/2018,15:25:17,51.541325,-0.023109,3.52,12.5,541,0.5248121462651393,5.546341463414635,277.3917362137541,2.3124928113628758,4.486906706142118,5.531429838477389e-11,-1.8425257,15.209798,10.853748,-2.2115874,7.5726466
759,27/5/2018,15:25:17,51.541325,-0.023109,3.52,12.6,539,0.4852131584539009,5.553658536585366,273.5380460983368,2.250061608861328,4.451284165612515,6.689749268773707e-11,-1.5495894,15.613591,11.266666,-2.1506882,7.799291
760,27/5/2018,15:25:18,51.541328,-0.023095,4.24,12.6,538,0.4654136645482817,5.560975609756098,263.69104473765213,2.1778020217589176,4.417747484892639,8.91439800652562e-11,-1.2601383,15.51929,11.180965,-2.069867,8.090882
761,27/5/2018,15:25:18,51.541328,-0.023095,4.24,12.8,538,0.4654136645482817,5.568292682926829,253.84404337696864,2.1055424346565155,4.384210804172768,1.1139046744277268e-10,0.2748546,15.327953,11.190701,-1.6770732,9.251218
762,27/5/2018,15:25:19,51.541332,-0.023083,4.13,12.8,537,0.4456141706426625,5.5756097560975615,246.50754135265544,2.0930599488778743,4.394078424538717,1.2784662857712331e-10,0.36921117,15.25786,11.217078,-1.6277344,9.418127
763,27/5/2018,15:25:19,51.541332,-0.023083,4.13,12.9,540,0.5050126523595201,5.582926829268293,243.17307062338023,2.175869195209428,4.473137607223794,1.3507232846501422e-10,0.11170838,15.044007,10.970315,-1.550196,9.148218
764,27/5/2018,15:25:20,51.54134,-0.023069,4.56,12.9,538,0.4654136645482817,5.590243902439025,239.83859989410468,2.25867844154099,4.552196789908882,1.42298028352906e-10,0.39420962,15.051791,11.081924,-1.469909,9.472099
765,27/5/2018,15:25:20,51.54134,-0.023069,4.56,12.9,539,0.4852131584539009,5.597560975609756,234.32302997388487,2.3232614835045964,4.624234473070975,1.5551977041876782e-10,0.37491927,14.836312,10.945057,-1.314455,9.508387
766,27/5/2018,15:25:21,51.541344,-0.023053,4.39,12.9,538,0.4654136645482817,5.604878048780488,220.7049019758283,2.3201360599188527,4.670188011176918,1.9101618948504896e-10,0.7815043,14.50156,10.989428,-1.0074357,9.980079
767,27/5/2018,15:25:21,51.541344,-0.023053,4.39,12.5,539,0.4852131584539009,5.61219512195122,207.0867739777734,2.31701063633311,4.716141549282854,2.2651260855132576e-10,0.9478908,13.985398,11.069792,-0.5693513,10.408135
768,27/5/2018,15:25:22,51.541351,-0.02304,5.0,12.5,534,0.3862156889258049,5.619512195121952,193.32573123094303,2.3127909657303185,4.75943848126413,2.5985499456811086e-10,1.6728623,13.405997,11.569651,-0.2401038,11.0073395
769,27/5/2018,15:25:22,51.541351,-0.02304,5.0,12.4,535,0.4060151828314241,5.626829268292683,176.01470845501532,2.281390370200232,4.736745732203598,2.3969153620324757e-10,1.6306875,12.819232,11.532176,0.3343746,11.117339
770,27/5/2018,15:25:23,51.541363,-0.023028,4.33,12.4,532,0.3466167011145665,5.634146341463415,158.70368567908545,2.249989774670141,4.714052983143063,2.1952807783838184e-10,2.0261407,11.419312,11.966365,1.6072752,11.221074
771,27/5/2018,15:25:23,51.541363,-0.023028,4.33,12.2,532,0.3466167011145665,5.6414634146341465,141.3926629031577,2.218589179140054,4.691360234082531,1.9936461947351852e-10,1.9538462,10.871486,11.950806,2.097953,11.348018
772,27/5/2018,15:25:24,51.54137,-0.023016,4.52,12.2,532,0.3466167011145665,5.648780487804879,127.52436764501846,2.253490704345163,4.807233193739831,2.4906770506134285e-10,2.1029143,9.447205,12.088994,2.9163787,11.231904
773,27/5/2018,15:25:24,51.54137,-0.023016,4.52,11.7,533,0.3664161950201857,5.65609756097561,114.19196865144258,2.2987128426835755,4.944675343905077,3.0964624324556867e-10,2.1134264,9.067441,12.133681,3.2870703,11.107147
774,27/5/2018,15:25:25,51.541378,-0.023,5.26,11.7,528,0.2674187254920898,5.663414634146342,100.85956965786508,2.3439349810219934,5.082117494070341,3.7022478142980173e-10,2.5624313,8.176212,12.466554,4.0779104,11.078936
775,27/5/2018,15:25:25,51.541378,-0.023,5.26,12.3,529,0.287218219397709,5.670731707317073,89.70927672778645,2.3439699183013945,5.101000283890793,4.161407605028089e-10,2.5230076,7.8739023,12.491326,4.342845,10.913287
776,27/5/2018,15:25:26,51.541386,-0.02299,3.26,12.3,526,0.2278197376808514,5.6780487804878055,79.53060978796339,2.323884358364664,5.067092167794136,4.5552794441116055e-10,3.3044312,6.055625,12.97446,6.00846,10.59096
777,27/5/2018,15:25:26,51.541386,-0.02299,3.26,12.7,527,0.2476192315864706,5.685365853658537,69.35194284814158,2.303798798427936,5.033184051697483,4.949151283195073e-10,3.0489583,5.7704887,12.861505,6.184462,10.218932
778,27/5/2018,15:25:27,51.541393,-0.022981,4.33,12.7,528,0.2674187254920898,5.692682926829269,61.24268605578197,2.27402291789498,5.038544354619308,5.28142419740065e-10,2.6704795,5.853436,12.59797,5.889623,10.069915
779,27/5/2018,15:25:28,51.541401,-0.022963,5.13,12.7,525,0.2080202437752321,5.7,55.0550244003533,2.2352488825226757,5.080368189486857,5.556498109933824e-10,3.1542678,4.4013286,12.7298355,7.3293376,9.522056
780,27/5/2018,15:25:29,51.541409,-0.022946,3.63,12.7,524,0.1882207498696129,5.707317073170732,48.867362744923874,2.196474847150366,5.122192024354411,5.831572022467032e-10,3.0898888,3.5012922,12.495819,7.8762426,9.087911
781,27/5/2018,15:25:29,51.541409,-0.022946,3.63,14.1,525,0.2080202437752321,5.714634146341464,45.13197107140615,2.147337738741259,5.132906619865137,6.08090278151984e-10,3.0246606,3.6646705,12.518196,7.689647,9.160743
782,27/5/2018,15:25:30,51.541409,-0.022928,2.5,14.1,522,0.1486217620583746,5.721951219512196,46.04976974464052,2.078536665200556,5.084591331497751,6.28138582227354e-10,3.117203,3.3073616,12.49527,8.031927,9.027522
783,27/5/2018,15:25:30,51.541409,-0.022928,2.5,15.1,524,0.1882207498696129,5.729268292682927,46.96756841787479,2.009735591659861,5.03627604313037,6.481868863027217e-10,3.1137516,3.4739366,12.515107,7.8771596,9.097732
784,27/5/2018,15:25:31,51.541409,-0.022915,4.59,15.1,524,0.1882207498696129,5.736585365853659,49.5932088014562,2.0136463381229914,5.034414477939257,6.716594248936094e-10,3.1182027,3.4885209,12.516547,7.8540826,9.101171
785,27/5/2018,15:25:32,51.541409,-0.022899,3.96,15.1,525,0.2080202437752321,5.743902439024391,60.45587799752644,2.3682508009601007,5.256602163877279,7.116472635817783e-10,3.1815412,4.645136,12.80813,7.1108546,9.743719
786,27/5/2018,15:25:33,51.541416,-0.022886,3.5,15.1,526,0.2278197376808514,5.751219512195123,71.318547193598,2.722855263797253,5.478789849815327,7.51635102269952e-10,3.2777624,5.828997,12.937563,6.2253246,10.394716
787,27/5/2018,15:25:34,51.541428,-0.022868,4.43,15.1,532,0.3466167011145665,5.758536585365854,82.18121638966824,3.077459726634362,5.700977535753349,7.916229409581208e-10,2.1331084,7.7132998,12.230343,4.3996964,10.545825
788,27/5/2018,15:25:35,51.541439,-0.022853,5.39,15.1,533,0.3664161950201857,5.765853658536586,84.29057105140008,2.876329783101171,5.5701857195619775,7.453105992826516e-10,2.093927,7.819516,12.205186,4.2968874,10.608213
789,27/5/2018,15:25:36,51.541451,-0.022844,5.02,15.1,530,0.3070177133033281,5.773170731707317,86.38534569195133,2.6742741765652958,5.438805960529418,6.988545110923524e-10,2.2343256,7.624924,12.313093,4.5136695,10.588843
790,27/5/2018,15:25:36,51.541451,-0.022844,5.02,17.5,529,0.287218219397709,5.7804878048780495,88.48012033250285,2.472218570029395,5.307426201496843,6.523984229020478e-10,2.48502,7.724326,12.467803,4.4421387,10.830234
791,27/5/2018,15:25:37,51.541458,-0.022827,4.83,17.5,525,0.2080202437752321,5.787804878048781,87.33112101220503,2.39567483030066,5.170991131935962,5.74431412541297e-10,3.3000736,6.2238774,12.965797,5.9299703,10.628307
792,27/5/2018,15:25:37,51.541458,-0.022827,4.83,17.0,528,0.2674187254920898,5.795121951219513,85.4937782345747,2.3457652745122943,5.033483302691759,4.897776424456311e-10,2.856419,6.8145566,12.758684,5.264862,10.653077
793,27/5/2018,15:25:38,51.541466,-0.022812,4.87,17.0,528,0.2674187254920898,5.802439024390244,83.6564354569446,2.295855718723935,4.895975473447574,4.0512387234997583e-10,2.8173814,6.75512,12.739065,5.2513676,10.626923
794,27/5/2018,15:25:38,51.541466,-0.022812,4.87,16.8,530,0.3070177133033281,5.809756097560976,82.40558472421102,2.2872851639991088,4.790774078370118,3.2511328079450756e-10,2.2099397,7.5562134,12.341085,4.5682063,10.584277
795,27/5/2018,15:25:39,51.541473,-0.022796,5.43,16.8,530,0.3070177133033281,5.817073170731708,81.46839157001273,2.300822822140041,4.702850254233354,2.4758587404998896e-10,2.2215605,7.5113306,12.349665,4.5733557,10.595527
796,27/5/2018,15:25:39,51.541473,-0.022796,5.43,16.7,529,0.287218219397709,5.82439024390244,80.53119841581433,2.3143604802809765,4.614926430096578,1.7005846730546087e-10,2.3682005,7.3572288,12.441724,4.6819196,10.624359
797,27/5/2018,15:25:40,51.541485,-0.022773,4.35,16.7,527,0.2476192315864706,5.831707317073171,78.57897857376717,2.275815172596094,4.52389071039213,1.2164175417807298e-10,3.1968226,6.215228,13.068537,5.9223213,10.59219
798,27/5/2018,15:25:40,51.541485,-0.022773,4.35,17.0,527,0.2476192315864706,5.839024390243903,75.51899011760202,2.180428133001397,4.429458764478486,1.0499554828000011e-10,3.17605,6.130895,13.083239,5.9778876,10.547855
799,27/5/2018,15:25:41,51.541489,-0.022759,4.11,17.0,527,0.2476192315864706,5.8463414634146345,72.45900166143721,2.085041093406712,4.335026818564853,8.834934238192929e-11,3.1666965,6.109604,13.094655,6.01311,10.50595
800,27/5/2018,15:25:41,51.541489,-0.022759,4.11,16.9,527,0.2476192315864706,5.853658536585367,70.82696978638829,2.025448884182798,4.27849925399692,7.965866049019209e-11,3.1358137,6.0713816,13.075538,5.994242,10.496462
801,27/5/2018,15:25:42,51.541496,-0.02274,4.32,16.9,527,0.2476192315864706,5.860975609756098,72.45246386200928,2.0475136317421985,4.308441059373851,8.911651773789958e-11,3.1632776,6.1199183,13.062592,6.014263,10.484519
802,27/5/2018,15:25:42,51.541496,-0.02274,4.32,17.5,528,0.2674187254920898,5.86829268292683,74.07795793763044,2.069578379301601,4.338382864750786,9.857437498560822e-11,2.7283847,6.504467,12.662156,5.412301,10.436822
803,27/5/2018,15:25:43,51.541504,-0.022721,4.39,17.5,527,0.2476192315864706,5.875609756097561,76.33755788316151,2.090821749362296,4.367876896625777,1.0759833114831571e-10,3.1602437,6.1265497,13.094078,5.966251,10.567996
804,27/5/2018,15:25:44,51.541512,-0.022705,3.78,17.5,528,0.2674187254920898,5.8829268292682935,82.78999134825588,2.1066340088274127,4.394410161478745,1.1375324745554928e-10,2.7879453,6.7344985,12.710374,5.2857285,10.577163
805,27/5/2018,15:25:44,51.541512,-0.022705,3.78,17.6,529,0.287218219397709,5.890243902439025,89.24242481334946,2.122446268292528,4.42094342633171,1.1990816376278208e-10,2.5358894,7.874314,12.487212,4.3424716,10.924001
806,27/5/2018,15:25:45,51.541519,-0.02269,4.26,17.6,529,0.287218219397709,5.897560975609756,95.69485827844304,2.138258527757644,4.447476691184674,1.260630800700149e-10,2.5389557,8.045112,12.467975,4.205016,10.998546
807,27/5/2018,15:25:45,51.541519,-0.02269,4.26,18.2,531,0.3268172072089473,5.904878048780488,107.01680262314176,2.185329634809152,4.485808295054199,1.2912809552779928e-10,2.26584,8.607726,12.260238,3.6506562,11.062444
808,27/5/2018,15:25:46,51.541527,-0.022675,4.85,18.2,530,0.3070177133033281,5.912195121951219,118.5523691904256,2.233772046836041,4.52465748425536,1.3205755907834848e-10,2.252815,9.10399,12.261219,3.2776365,11.2656355
809,27/5/2018,15:25:46,51.541527,-0.022675,4.85,18.6,532,0.3466167011145665,5.919512195121952,130.08793575771082,2.2822144588629354,4.5635066734565255,1.3498702262889804e-10,2.1032746,9.56499,12.051163,2.7471979,11.26445
810,27/5/2018,15:25:47,51.541534,-0.022658,4.76,18.6,534,0.3862156889258049,5.926829268292683,138.06971316512053,2.3135911117792904,4.59352358003544,1.4407803388696535e-10,1.8382673,11.133954,11.76949,1.7387508,11.495319
811,27/5/2018,15:25:47,51.541534,-0.022658,4.76,18.4,534,0.3862156889258049,5.934146341463415,145.07573921360665,2.3402820793907355,4.621115437917498,1.5486079957339788e-10,1.7802385,11.231589,11.759236,1.65796,11.474636
812,27/5/2018,15:25:48,51.541546,-0.022641,4.96,18.4,536,0.4258146767370433,5.941463414634146,152.08176526209192,2.366973047002177,4.6487072957995546,1.6564356525982916e-10,1.6995652,11.890653,11.658775,1.1352996,11.38428
813,27/5/2018,15:25:48,51.541546,-0.022641,4.96,17.3,534,0.3862156889258049,5.9487804878048784,155.50045136416836,2.331897279980029,4.633049357843459,1.652832872770399e-10,1.7955856,11.782296,11.737636,1.2232523,11.35375
814,27/5/2018,15:25:49,51.541557,-0.022627,4.19,17.3,532,0.3466167011145665,5.95609756097561,156.63701074297836,2.257527908832833,4.589877574996016,1.57834236522241e-10,2.037277,11.360783,11.974249,1.6415687,11.2228365
815,27/5/2018,15:25:49,51.541557,-0.022627,4.19,17.4,531,0.3268172072089473,5.963414634146342,157.77357012178848,2.1831585376856286,4.546705792148567,1.5038518576744123e-10,2.0464268,11.344254,11.980806,1.6767297,11.226725
816,27/5/2018,15:25:50,51.541565,-0.022609,4.44,17.4,534,0.3862156889258049,5.970731707317073,157.77224055732165,2.204471352006635,4.556828765366818,1.4248062134766047e-10,1.7999072,11.830891,11.749819,1.1625834,11.318112
817,27/5/2018,15:25:50,51.541565,-0.022609,4.44,17.0,536,0.4258146767370433,5.978048780487805,156.30965098593282,2.3486578016025725,4.635392069319978,1.3399109307426433e-10,1.69176,11.933642,11.637265,1.1020563,11.399311
818,27/5/2018,15:25:51,51.541573,-0.022593,5.07,17.0,536,0.4258146767370433,5.985365853658537,154.8470614145442,2.492844251198493,4.713955373273127,1.255015648008692e-10,1.698001,11.927363,11.643597,1.0887765,11.355776
819,27/5/2018,15:25:51,51.541573,-0.022593,5.07,16.6,535,0.4060151828314241,5.992682926829269,149.80753463724704,2.5604387315929444,4.7546226006650505,1.284214779232155e-10,1.7167864,11.779283,11.685752,1.2346611,11.403474
820,27/5/2018,15:25:52,51.541576,-0.022578,4.28,16.6,532,0.3466167011145665,6.0,134.81639182567602,2.4149420043634007,4.68985683289005,1.6308429660969587e-10,2.0934238,9.751846,12.04036,2.6005428,11.299501
821,27/5/2018,15:25:52,51.541576,-0.022578,4.28,17.2,531,0.3268172072089473,6.007317073170732,119.82524901410314,2.26944527713384,4.6250910651150425,1.9774711529618043e-10,2.1785982,9.164938,12.174336,3.1580853,11.217462
822,27/5/2018,15:25:53,51.541584,-0.022561,4.19,17.2,528,0.2674187254920898,6.014634146341463,105.444689783381,2.134938482849477,4.567735109984828,2.312467668987316e-10,2.5431745,8.231097,12.459892,4.0220037,11.102822
823,27/5/2018,15:25:53,51.541584,-0.022561,4.19,16.6,529,0.287218219397709,6.021951219512196,97.16286655206446,2.1102032280989027,4.584391120690292,2.531282728606493e-10,2.5464308,8.048307,12.469778,4.196678,11.004826
824,27/5/2018,15:25:54,51.541592,-0.022546,4.7,16.6,527,0.2476192315864706,6.029268292682927,88.88104332074893,2.085467973348332,4.601047131395754,2.7500977882256435e-10,3.1348553,6.6135855,12.905648,5.5540786,10.735213
825,27/5/2018,15:25:54,51.541592,-0.022546,4.7,16.0,527,0.2476192315864706,6.036585365853659,80.5992200894324,2.0607327185977584,4.617703142101218,2.96891284784482e-10,3.1770027,6.264832,13.081704,5.829586,10.551139
826,27/5/2018,15:25:55,51.541603,-0.022528,4.65,16.0,528,0.2674187254920898,6.04390243902439,79.3682340419874,2.140067188887357,4.732595865291913,3.197222157798767e-10,2.7297628,6.6719303,12.693932,5.2963414,10.547933
827,27/5/2018,15:25:55,51.541603,-0.022528,4.65,14.9,530,0.3070177133033281,6.051219512195122,78.77031327711369,2.2287456460215918,4.856308853442167,3.42638391691789e-10,2.1760437,7.5747175,12.305447,4.5834017,10.542066
828,27/5/2018,15:25:56,51.541611,-0.022512,4.33,14.9,527,0.2476192315864706,6.058536585365854,78.17239251224005,2.3174241031558145,4.980021841592407,3.6555456760369854e-10,3.1917233,6.178338,13.018178,5.925364,10.579986
829,27/5/2018,15:25:56,51.541611,-0.022512,4.33,14.0,529,0.287218219397709,6.065853658536586,76.5413472746929,2.3161481137835835,4.979528990436923,3.506990025833865e-10,2.3222296,7.3552465,12.39456,4.7074847,10.553764
830,27/5/2018,15:25:57,51.541622,-0.022495,5.17,14.0,527,0.2476192315864706,6.073170731707317,74.55522452185795,2.2839554225042056,4.93634747787473,3.2286155950959236e-10,3.1406655,5.9396744,12.972456,6.0876913,10.414153
831,27/5/2018,15:25:57,51.541622,-0.022495,5.17,13.8,528,0.2674187254920898,6.080487804878049,72.56910176902275,2.251762731224824,4.89316596531253,2.950241164357949e-10,2.635066,6.4673815,12.631517,5.446168,10.376354
832,27/5/2018,15:25:58,51.54163,-0.022479,5.02,13.8,527,0.2476192315864706,6.087804878048781,70.43519499243764,2.2254035546023947,4.960627101710075,3.4206972434153337e-10,3.0394516,5.774847,12.884122,6.131455,10.2525015
833,27/5/2018,15:25:58,51.54163,-0.022479,5.02,13.2,528,0.2674187254920898,6.095121951219513,68.19017623401257,2.2034303282212444,5.111275335670322,4.454164396972027e-10,2.6215632,6.151684,12.60107,5.6967077,10.197807
834,27/5/2018,15:25:59,51.541641,-0.022463,4.89,13.2,525,0.2080202437752321,6.102439024390244,65.94515747558776,2.181457101840097,5.26192356963055,5.487631550528595e-10,3.266237,4.882364,12.88576,6.952326,9.894872
835,27/5/2018,15:25:59,51.541641,-0.022463,4.89,12.5,528,0.2674187254920898,6.109756097560976,65.79618137929522,2.191174511743899,5.346466205897401,6.309066886544435e-10,2.619496,6.088278,12.605735,5.761685,10.1650915
836,27/5/2018,15:26:0,51.541649,-0.022448,4.24,12.5,525,0.2080202437752321,6.117073170731707,68.8251535718034,2.248940181910831,5.330781792941809,6.809026823276221e-10,3.2665062,4.879362,12.865225,6.9534,9.912689
837,27/5/2018,15:26:0,51.541649,-0.022448,4.24,12.3,527,0.2476192315864706,6.12439024390244,71.85412576431193,2.30670585207777,5.315097379986215,7.308986760008067e-10,3.0383825,5.8168344,12.867115,6.1462526,10.258122
838,27/5/2018,15:26:1,51.541653,-0.022431,4.67,12.3,526,0.2278197376808514,6.131707317073171,74.72982054730734,2.388176390960438,5.323675574480335,7.742026461348888e-10,3.3054705,5.903804,12.973449,6.167184,10.4827585
839,27/5/2018,15:26:1,51.541653,-0.022431,4.67,12.4,530,0.3070177133033281,6.139024390243903,77.07462940383259,2.5517502301925763,5.416288832428846,7.943283727965133e-10,2.1864014,7.526082,12.255813,4.552794,10.497606
840,27/5/2018,15:26:2,51.54166,-0.022416,4.32,12.4,532,0.3466167011145665,6.146341463414634,79.41943826035757,2.7153240694246947,5.508902090377345,8.144540994581353e-10,2.0814369,7.7532935,12.212761,4.353701,10.580075
841,27/5/2018,15:26:2,51.54166,-0.022416,4.32,12.0,530,0.3070177133033281,6.153658536585366,81.3195275789712,2.858441216279544,5.591487702533999,8.328012917792911e-10,2.1676877,7.570926,12.269044,4.5626945,10.507618
842,27/5/2018,15:26:3,51.541672,-0.0224,5.11,12.0,526,0.2278197376808514,6.160975609756098,74.88278496301754,2.618071712002597,5.486092372682474,8.178076015388795e-10,3.2772064,5.898991,12.938306,6.2112203,10.435787
843,27/5/2018,15:26:3,51.541672,-0.0224,5.11,11.7,528,0.2674187254920898,6.16829268292683,68.4460423470631,2.377702207725621,5.3806970428309375,8.028139112984664e-10,2.615277,6.1265993,12.608754,5.7050166,10.203342
844,27/5/2018,15:26:4,51.541679,-0.022387,4.52,11.7,524,0.1882207498696129,6.175609756097561,62.00929973110944,2.137332703448674,5.275301712979413,7.878202210580551e-10,3.2257874,4.713932,12.833142,7.095878,9.802547
845,27/5/2018,15:26:5,51.541687,-0.022373,3.94,11.7,525,0.2080202437752321,6.182926829268293,58.6139221105996,2.1803146831586835,5.298458898357473,7.209281728106873e-10,3.1690967,4.615893,12.801091,7.1405835,9.718131
846,27/5/2018,15:26:6,51.541691,-0.022359,3.61,11.7,526,0.2278197376808514,6.190243902439025,55.64411546653365,2.2629453626786944,5.339604131704934,6.467741106564422e-10,2.765607,4.2147784,12.463765,7.1102705,9.317503
847,27/5/2018,15:26:7,51.541702,-0.022349,3.89,11.7,526,0.2278197376808514,6.197560975609757,52.67430882246734,2.3455760421987155,5.380749365052399,5.726200485021882e-10,2.6944227,4.0784106,12.401154,7.197019,9.203365
848,27/5/2018,15:26:7,51.541702,-0.022349,3.89,9.7,527,0.2476192315864706,6.204878048780488,51.51766050443416,2.351939616259565,5.467718057017279,5.915523605766457e-10,2.5725079,4.1711993,12.342021,7.040302,9.203709
849,27/5/2018,15:26:8,51.541714,-0.022334,4.91,9.7,523,0.1684212559639938,6.21219512195122,51.12389387899052,2.326214002263184,5.573966851093745,6.49650524694489e-10,3.077518,3.415443,12.481563,7.9524565,9.029045
850,27/5/2018,15:26:8,51.541714,-0.022334,4.91,9.4,526,0.2278197376808514,6.219512195121951,50.73012725354692,2.300488388266805,5.6802156451702,7.077486888123251e-10,2.6782725,4.059381,12.375748,7.199739,9.172887
851,27/5/2018,15:26:9,51.541721,-0.022322,4.43,9.4,524,0.1882207498696129,6.226829268292684,50.44379816077102,2.3337806119767004,5.668423967454072,7.107326294496626e-10,3.0477617,3.5284498,12.470906,7.851391,9.058577
852,27/5/2018,15:26:10,51.541729,-0.022305,4.09,9.4,527,0.2476192315864706,6.234146341463415,50.25256766487912,2.419312620216541,5.55214847515043,6.649320793117489e-10,2.5762424,4.1483803,12.33146,7.0597763,9.180889
853,27/5/2018,15:26:11,51.54174,-0.022287,4.5,9.4,526,0.2278197376808514,6.241463414634147,50.06133716898719,2.504844628456392,5.435872982846774,6.191315291738294e-10,2.672103,4.0316877,12.389505,7.232684,9.170087
854,27/5/2018,15:26:11,51.54174,1.3,4.5,36.0,525,0.2080202437752321,6.248780487804878,48.40667863626295,2.577553483508697,5.455979258647205,6.661429422447972e-10,2.840307,3.7802963,12.434113,7.5542827,9.108192
855,27/5/2018,15:26:12,51.541748,-0.022262,4.69,36.0,525,0.2080202437752321,6.25609756097561,44.11698223704927,2.627173062309281,5.72165355296864,8.802709004162593e-10,2.7593381,3.5818977,12.330347,7.620112,8.944339
856,27/5/2018,15:26:12,51.541748,-0.022262,4.69,9.0,527,0.2476192315864706,6.263414634146342,39.82728583783612,2.676792641109858,5.98732784729004,1.0943988585876956e-09,2.3319032,3.876855,12.184808,7.1942654,8.933535
857,27/5/2018,15:26:13,51.541752,-0.022242,5.3,9.0,522,0.1486217620583746,6.270731707317074,35.75969640029235,2.679030290331158,6.170941022984068,1.2711790556330126e-09,2.798685,2.2306876,12.056242,8.8651285,8.270732
858,27/5/2018,15:26:13,51.541752,-0.022242,5.3,9.1,522,0.1486217620583746,6.278048780487805,32.67924901461439,2.470681585866955,5.989838115889952,1.2819692032289326e-09,2.960655,2.2614923,12.135542,8.879966,8.378847
859,27/5/2018,15:26:14,51.541759,-0.022219,6.78,9.1,520,0.1090227742471362,6.285365853658537,29.598801628936062,2.2623328814027266,5.808735208795813,1.2927593508248546e-09,2.985792,1.5415537,12.0244255,9.5009365,8.120699
860,27/5/2018,15:26:15,51.541767,-0.022199,5.52,9.1,522,0.1486217620583746,6.2926829268292686,26.55981252106226,2.058263852485224,5.629650123052377,1.302439135073943e-09,3.245524,2.1550763,12.260062,9.101795,8.506619
861,27/5/2018,15:26:16,51.541779,-0.02218,5.67,9.1,523,0.1684212559639938,6.300000000000001,27.51240201294431,2.266239467747253,5.644839689998435,1.2052137894451216e-09,3.1704295,2.608303,12.343801,8.683827,8.686188
862,27/5/2018,15:26:17,51.541786,-0.022164,4.7,9.1,522,0.1486217620583746,6.307317073170732,28.464991504826248,2.474215083009257,5.660029256944492,1.107988443816312e-09,3.1603594,2.2151446,12.24789,9.060304,8.501624
863,27/5/2018,15:26:18,51.541794,-0.022143,4.19,9.1,525,0.2080202437752321,6.314634146341464,29.417580996708296,2.682190698271285,5.675218823890551,1.0107630981874904e-09,2.5362895,3.087068,12.114182,7.9822707,8.526679
864,27/5/2018,15:26:19,51.541801,-0.022124,4.19,9.1,523,0.1684212559639938,6.321951219512195,28.88699118393219,2.55999443246418,5.524207525729509,9.52719348280667e-10,3.147897,2.638778,12.368433,8.618151,8.723074
865,27/5/2018,15:26:19,51.541801,-0.022124,4.19,9.4,523,0.1684212559639938,6.329268292682928,28.06732072272307,2.3734456631033582,5.340802670225528,9.023123291874187e-10,3.223637,2.629199,12.3682785,8.637636,8.7214575
866,27/5/2018,15:26:20,51.541809,-0.022106,4.87,9.4,522,0.1486217620583746,6.336585365853659,27.247650261514057,2.186896893742559,5.157397814721568,8.519053100941763e-10,3.2397175,2.1594672,12.286457,9.081451,8.536355
867,27/5/2018,15:26:20,51.541809,-0.022106,4.87,9.6,522,0.1486217620583746,6.343902439024391,27.573960700776595,2.272183328177372,5.270261138642866,8.90158496734146e-10,3.243159,2.188995,12.294394,9.068776,8.547774
868,27/5/2018,15:26:21,51.541821,-0.022083,5.44,9.6,520,0.1090227742471362,6.351219512195122,28.48148633357959,2.495338334872124,5.533384878923343,9.733781035067363e-10,3.0140731,1.5624915,12.015619,9.511413,8.1100235
869,27/5/2018,15:26:22,51.541828,-0.022067,4.09,9.6,522,0.1486217620583746,6.358536585365854,29.389011966382697,2.718493341566904,5.796508619203851,1.0565977102793364e-09,3.0471601,2.244708,12.203796,8.965766,8.465318
870,27/5/2018,15:26:23,51.54184,-0.02205,4.63,9.6,525,0.2080202437752321,6.365853658536586,30.669545762786157,2.8042388893901564,5.942242566761619,1.1176328419753921e-09,2.4963498,3.0871816,12.090713,7.96196,8.495749
871,27/5/2018,15:26:24,51.541847,-0.022037,4.96,9.6,526,0.2278197376808514,6.373170731707318,32.33815992187453,2.747022652890952,5.965843333920398,1.155587087048034e-09,2.4177551,3.16265,12.058706,7.8672605,8.488735
872,27/5/2018,15:26:25,51.541851,-0.022018,5.09,9.6,523,0.1684212559639938,6.380487804878049,34.00677408096271,2.689806416391753,5.989444101079172,1.1935413321206716e-09,2.8478003,2.5120711,12.17378,8.627597,8.465684
873,27/5/2018,15:26:26,51.541862,-0.022001,5.52,9.6,521,0.1288222681527554,6.387804878048781,35.05935411427804,2.734878520473857,6.172261049676586,1.437994968056768e-09,2.8188326,2.0474708,12.023034,9.010055,8.200787
874,27/5/2018,15:26:27,51.54187,-0.021978,5.54,9.6,523,0.1684212559639938,6.3951219512195125,34.782829494374546,3.0006395502969343,6.698589759659365,2.127974736070393e-09,2.5231607,2.251154,11.882591,8.685951,8.043527
875,27/5/2018,15:26:28,51.541878,-0.02196,5.07,9.6,525,0.2080202437752321,6.402439024390245,34.50630487447102,3.266400580120044,7.224918469642207,2.817954504084102e-09,1.9466355,3.0430624,11.806225,7.722256,8.170456
876,27/5/2018,15:26:28,51.541878,-0.02196,5.07,11.5,528,0.2674187254920898,6.409756097560976,33.80612827255938,3.478493954813456,7.67046878645805,3.3779380586722606e-09,1.9122763,3.793494,11.843137,7.0669208,8.584188
877,27/5/2018,15:26:29,51.541885,-0.021946,4.61,11.5,521,0.1288222681527554,6.417073170731708,30.57342447440401,3.369770239190795,7.633138139057931,3.1608239956637032e-09,2.3416622,1.420766,11.5553665,9.381813,7.535009
878,27/5/2018,15:26:29,51.541885,-0.021946,4.61,11.5,521,0.1288222681527554,6.424390243902439,27.34072067624904,3.261046523568147,7.595807491657815,2.9437099326551715e-09,2.320489,1.3829255,11.555062,9.386472,7.5205455
879,27/5/2018,15:26:30,51.541897,-0.021931,4.46,11.5,521,0.1288222681527554,6.431707317073171,24.108016878094062,3.1523228079454992,7.558476844257701,2.72659586964664e-09,2.2724416,1.282036,11.546759,9.491628,7.440247
880,27/5/2018,15:26:30,51.541897,-0.021931,4.46,11.6,524,0.1882207498696129,6.439024390243903,19.71802204338505,3.597087134710672,7.634278795761804,2.926714299773108e-09,1.7897416,1.6483845,11.416399,9.022896,7.1866274
881,27/5/2018,15:26:31,51.541904,-0.021919,4.59,11.6,521,0.1288222681527554,6.446341463414634,15.29213242746171,4.059018562541153,7.713589691652118,3.1397737003069727e-09,2.0701702,0.9836264,11.324432,9.655709,7.1466274
882,27/5/2018,15:26:32,51.541912,-0.021904,4.61,11.6,519,0.089223280341517,6.453658536585366,10.866242811537829,4.520949990371691,7.79290058754244,3.352833100840863e-09,1.897996,0.16887146,11.049472,10.305582,6.8530183
883,27/5/2018,15:26:33,51.541924,-0.02189,5.24,11.6,518,0.0694237864358978,6.4609756097560975,7.789397510853288,6.084527994684473,9.428662824270033,7.217295321669497e-09,1.083069,-0.65189475,10.354184,10.664324,6.0499325
884,27/5/2018,15:26:34,51.541935,-0.021877,5.07,11.6,515,0.0100253047190402,6.46829268292683,5.05717427285789,7.929528715251928,11.462030584772076,1.2014531920201349e-08,-0.20221408,-2.7847993,9.125638,11.688769,4.184422
885,27/5/2018,15:26:34,51.541935,-0.021877,5.07,11.8,516,0.0298247986246594,6.475609756097561,2.324951034862824,9.77452943581916,13.495398345273877,1.6811768518732616e-08,-2.626485,-1.9010807,9.614654,10.911688,2.6785433
886,27/5/2018,15:26:35,51.541943,-0.021864,4.96,11.8,514,-0.0097741891865789,6.482926829268293,1.1971155882006626,10.270611593753252,15.074737502799527,1.990777387011629e-08,-2.8582265,-1.9351603,9.316119,10.960013,2.5093284
887,27/5/2018,15:26:35,51.541943,-0.021864,4.96,11.5,514,-0.0097741891865789,6.490243902439024,1.039619482585188,9.95086309262735,16.379478575118732,2.1974868620058423e-08,-2.8688862,-1.7729654,9.203017,10.789694,2.437527
888,27/5/2018,15:26:36,51.54195,-0.02185,4.74,11.5,512,-0.0493731769978173,6.4975609756097565,0.8821233769696942,9.631114591501406,17.684219647438095,2.40419633700008e-08,-3.1596143,-1.5506325,9.001892,10.542648,2.0215285
889,27/5/2018,15:26:36,51.54195,-0.02185,4.74,11.5,514,-0.0097741891865789,6.504878048780488,0.8829985590362031,9.886930998630143,18.024074952847062,2.559474011102944e-08,-3.1393716,-1.4457295,9.026803,10.410488,1.9596986
890,27/5/2018,15:26:37,51.541962,-0.021837,4.2,11.5,512,-0.0493731769978173,6.51219512195122,1.0776456695606695,10.846967999388132,17.18336414344824,2.6518233641152346e-08,-3.5052106,-1.4674197,9.279359,10.471907,1.726901
891,27/5/2018,15:26:37,51.541962,-0.021837,4.2,11.6,513,-0.0295736830921981,6.519512195121951,1.2722927800851125,11.807005000146,16.34265333404952,2.7441727171275132e-08,-3.7418678,-1.3554387,9.464016,10.417074,1.565498
892,27/5/2018,15:26:38,51.541969,-0.02182,4.8,11.6,511,-0.0691726709034365,6.526829268292683,1.3821175896857805,13.650073099802317,15.73632885099508,2.98606599971682e-08,-4.151317,-1.239726,9.747134,10.350077,1.2714376
893,27/5/2018,15:26:39,51.541973,-0.021805,4.98,11.6,511,-0.0691726709034365,6.534146341463415,1.2698174788696062,17.805542660302816,15.743793943547852,3.619571312330559e-08,-5.43479,-0.62625736,10.559082,9.694725,0.16199824
894,27/5/2018,15:26:40,51.541981,-0.021789,5.17,11.6,516,0.0298247986246594,6.541463414634147,1.1575173680534183,21.96101222080382,15.751259036100622,4.253076624944376e-08,-5.930275,-0.32019883,10.838723,9.213685,-0.28797722
895,27/5/2018,15:26:40,51.541981,-0.021789,5.17,11.3,518,0.0694237864358978,6.548780487804878,1.0313082759583756,25.764072303157896,15.85106572498278,4.957694207822541e-08,-6.8452435,3.4027858,10.867813,5.873338,-1.5907165
896,27/5/2018,15:26:41,51.541988,-0.021773,5.04,11.3,514,-0.0097741891865789,6.55609756097561,0.7839011002967802,26.496357285187823,16.755505354567784,6.281959678731832e-08,-6.8425426,3.4427702,10.84265,5.8328986,-1.5842171
897,27/5/2018,15:26:41,51.541988,-0.021773,5.04,11.0,514,-0.0097741891865789,6.5634146341463415,0.5364939246352147,27.228642267217666,17.659944984152677,7.606225149640962e-08,-6.8484173,3.456883,10.885464,5.814616,-1.6324573
898,27/5/2018,15:26:42,51.541996,-0.021757,4.74,11.0,513,-0.0295736830921981,6.570731707317074,0.2890867489736193,27.960927249247597,18.56438461373768,8.93049062055025e-08,-6.831598,3.4892159,10.835033,5.7528744,-1.599531
899,27/5/2018,15:26:42,51.541996,-0.021757,4.74,11.1,514,-0.0097741891865789,6.578048780487805,0.2263500594374954,28.226836705516387,20.92308249202501,9.868299894148444e-08,-6.757404,3.5348043,10.755571,5.7163563,-1.5353072
900,27/5/2018,15:26:43,51.542,-0.021743,4.46,11.1,515,0.0100253047190402,6.585365853658537,0.1776085636782898,28.45740204160237,23.39199086696155,1.0776821708331136e-07,-6.459979,3.8444245,10.52686,5.3402004,-1.4183776
901,27/5/2018,15:26:44,51.542007,-0.021728,4.17,11.1,514,-0.0097741891865789,6.592682926829268,0.12886706791909,28.687967377688327,25.86089924189779,1.1685343522513721e-07,-6.317332,4.0207725,10.43835,5.1250615,-1.3655018
902,27/5/2018,15:26:45,51.542019,-0.021714,4.82,11.1,515,0.0100253047190402,6.6000000000000005,0.1713047346565922,26.46342301489203,26.855476743292048,1.0717104745316842e-07,-6.1913514,3.847936,10.309481,5.297652,-1.2333132
903,27/5/2018,15:26:45,51.542019,-0.021714,4.82,11.2,516,0.0298247986246594,6.607317073170732,0.2431450381608154,23.447176943919985,27.37462527646881,9.14366508169571e-08,-5.8353252,3.474183,9.997271,5.6927714,-0.9819183
904,27/5/2018,15:26:46,51.542027,-0.0217,5.0,11.2,514,-0.0097741891865789,6.614634146341464,0.3149853416650474,20.430930872947577,27.89377380964564,7.570225418074385e-08,-5.5490093,2.4678273,9.823374,6.8218613,-0.74618787
905,27/5/2018,15:26:46,51.542027,-0.0217,5.0,11.2,517,0.0496242925302786,6.621951219512195,0.3960581170210493,20.002022652848517,26.64379567793817,6.703201823386758e-08,-5.6825566,2.4601245,9.895234,6.813349,-0.76876533
906,27/5/2018,15:26:47,51.542034,-0.021684,4.63,11.2,515,0.0100253047190402,6.629268292682927,0.4837409111347531,21.425527524424545,24.12720545930986,6.341939149647402e-08,-5.98052,2.4053838,10.2136755,6.9307456,-0.95033807
907,27/5/2018,15:26:47,51.542034,-0.021684,4.63,11.4,517,0.0496242925302786,6.636585365853659,0.5714237052484464,22.849032396000407,21.61061524068185,5.98067647590809e-08,-6.31347,2.8555908,10.433488,6.4422827,-1.1892425
908,27/5/2018,15:26:48,51.542042,-0.02167,4.67,11.4,514,-0.0097741891865789,6.643902439024391,0.6539147527229722,23.51574596510122,19.30603974314032,5.590771359550494e-08,-6.0066814,0.07216861,10.809736,8.888614,-0.4427888
909,27/5/2018,15:26:49,51.542049,-0.021656,4.46,11.4,513,-0.0295736830921981,6.651219512195122,0.7289153444665929,23.09058966021009,17.30735106808276,5.1595420100653866e-08,-5.9681773,-0.15661572,10.853839,9.099738,-0.36201137
910,27/5/2018,15:26:50,51.542057,-0.021642,4.52,11.4,511,-0.0691726709034365,6.658536585365854,0.8039159362102227,22.665433355318907,15.30866239302496,4.7283126605802246e-08,-5.9285874,-0.24707471,10.8478155,9.223199,-0.28367501
911,27/5/2018,15:26:51,51.542065,-0.021628,4.2,11.4,514,-0.0097741891865789,6.6658536585365855,0.8624703619918765,21.48964253959869,14.06969344480081,4.317508246686208e-08,-5.8615084,-0.41595834,10.83559,9.333542,-0.20174009
912,27/5/2018,15:26:52,51.542072,-0.021614,4.65,11.4,516,0.0298247986246594,6.673170731707318,0.8677775598608144,17.883546267293298,15.290444867758517,3.972832996454765e-08,-5.408513,-0.61635107,10.503503,9.694301,0.17431809
913,27/5/2018,15:26:52,51.542072,-0.021614,4.65,11.3,517,0.0496242925302786,6.680487804878049,0.8730847577297516,14.277449994988334,16.51119629071607,3.6281577462233636e-08,-4.502396,-0.76759607,9.882362,9.912755,0.7923076
914,27/5/2018,15:26:53,51.54208,-0.021598,5.2,11.3,515,0.0100253047190402,6.687804878048781,0.9695972274115096,10.7708889237455,17.48286795799974,3.2504853770065315e-08,-3.3316011,-1.3592542,9.203485,10.37321,1.8551569
915,27/5/2018,15:26:53,51.54208,-0.021598,5.2,11.2,517,0.0496242925302786,6.695121951219512,2.4322060509840515,8.75519205972153,14.723758067473378,2.3785735516829696e-08,-1.9340129,-1.6087086,9.390293,10.646099,3.163797
916,27/5/2018,15:26:54,51.542084,-0.021582,4.76,11.2,515,0.0100253047190402,6.7024390243902445,3.8948148745567712,6.739495195697313,11.964648176946682,1.5066617263593022e-08,0.11017916,-3.089485,8.875673,11.89239,4.5482473
917,27/5/2018,15:26:55,51.542091,-0.02157,5.0,11.2,517,0.0496242925302786,6.709756097560976,5.357423698129313,4.723798331673341,9.20553828642032,6.347499010357407e-09,1.379671,-0.53535366,10.393026,10.7311535,6.2436705
918,27/5/2018,15:26:56,51.542103,-0.02156,4.5,11.2,520,0.1090227742471362,6.717073170731708,8.589988499653,4.080720596936955,8.03450638256385,4.254872377458126e-09,1.984748,0.33663052,11.129796,10.193997,6.9666643
919,27/5/2018,15:26:57,51.54211,-0.02155,4.56,11.2,521,0.1288222681527554,6.724390243902439,12.043120749635523,3.6086951950410593,7.06137675076269,2.988022411968828e-09,2.282292,0.830316,11.406686,9.822117,7.290924
920,27/5/2018,15:26:58,51.542118,-0.021541,4.83,11.2,521,0.1288222681527554,6.731707317073171,15.496252999618466,3.136669793145105,6.088247118961412,1.7211724464793767e-09,2.682669,1.2290388,11.8565855,9.600848,7.892985
921,27/5/2018,15:26:59,51.54213,-0.021533,4.61,11.2,521,0.1288222681527554,6.739024390243903,19.01896617352599,2.818353128901808,5.746499755529558,1.2995624497923203e-09,2.8545923,1.4250834,11.927594,9.537529,7.9991813
922,27/5/2018,15:26:59,51.54213,-0.021533,4.61,10.1,523,0.1684212559639938,6.746341463414635,22.569305986711445,2.561065488267104,5.655438488092227,1.2135493150583654e-09,3.2002013,2.556933,12.357183,8.685563,8.702312
923,27/5/2018,15:27:0,51.542137,-0.021527,4.2,10.1,521,0.1288222681527554,6.753658536585366,26.119645799896468,2.3037778476324324,5.564377220654908,1.1275361803244212e-09,3.0680335,1.6553621,12.11071,9.40041,8.24355
924,27/5/2018,15:27:0,51.542137,-0.021527,4.2,10.2,523,0.1684212559639938,6.760975609756098,30.2258689392635,2.386352699614584,5.66700527206474,1.1016821740314916e-09,3.1307902,2.6143131,12.356582,8.618475,8.710099
925,27/5/2018,15:27:1,51.542149,-0.021523,5.11,10.2,522,0.1486217620583746,6.7682926829268295,34.80106053692182,2.7556510089966118,5.933038442802909,1.1265811448263314e-09,2.908897,2.2868772,12.127972,8.842514,8.370523
926,27/5/2018,15:27:1,51.542149,-0.021523,5.11,10.1,525,0.2080202437752321,6.775609756097562,39.376252134580696,3.1249493183786834,6.19907161354111,1.1514801156211744e-09,2.3588114,3.1454852,12.001381,7.874928,8.425961
927,27/5/2018,15:27:2,51.54216,-0.021515,5.91,10.1,527,0.2476192315864706,6.782926829268293,41.01558987505556,3.3657295445741617,6.404658671120941,1.198509794494704e-09,2.0241723,3.775508,11.9152355,7.1462073,8.616257
928,27/5/2018,15:27:2,51.54216,-0.021515,5.91,9.7,529,0.287218219397709,6.790243902439025,37.6347498195925,3.3867496399951063,6.506885599113359,1.2833819868956695e-09,1.9695238,3.9041636,11.883884,7.0450554,8.633242
929,27/5/2018,15:27:3,51.542168,-0.021511,4.3,9.7,523,0.1684212559639938,6.797560975609756,34.25390976412985,3.407769735416048,6.609112527105766,1.3682541792966242e-09,2.5693362,2.3201103,11.917143,8.653316,8.09856
930,27/5/2018,15:27:4,51.542179,-0.021509,4.26,9.7,521,0.1288222681527554,6.8048780487804885,30.301310571409683,3.3638007134126577,6.659141077715465,1.474563680339505e-09,2.5046546,1.469157,11.698542,9.373285,7.707052
931,27/5/2018,15:27:5,51.542191,-0.021505,4.69,9.7,521,0.1288222681527554,6.81219512195122,23.99760599279901,3.052592824473691,6.494526996135627,1.6690245873202012e-09,2.6108837,1.4118079,11.792899,9.494192,7.816331
932,27/5/2018,15:27:6,51.542198,-0.021505,4.3,9.7,520,0.1090227742471362,6.819512195121952,17.693901414187565,2.7413849355346867,6.329912914555768,1.8634854943009216e-09,2.7412908,1.2261767,11.829679,9.717468,7.8551016
933,27/5/2018,15:27:7,51.54221,-0.021508,3.98,9.7,519,0.089223280341517,6.826829268292683,11.490466616707094,2.446514392855273,6.191425976337453,2.083344885949918e-09,2.7329488,1.1728345,11.852223,9.721677,7.8822875
934,27/5/2018,15:27:7,51.54221,-0.021508,3.98,9.1,519,0.089223280341517,6.834146341463415,9.698902188959174,2.870487085596848,7.20253334602731,3.4207376030052596e-09,2.2302155,0.6617282,11.347825,10.02506,7.2528634
935,27/5/2018,15:27:8,51.542213,-0.021509,3.04,9.1,516,0.0298247986246594,6.841463414634147,7.907337761211473,3.294459778338372,8.213640715717043,4.758130320060439e-09,1.8576461,-0.086461544,10.86382,10.550203,6.7735205
936,27/5/2018,15:27:9,51.542225,-0.021514,3.72,9.1,518,0.0694237864358978,6.848780487804879,6.115773333463554,3.718432471079948,9.2247480854069,6.095523037115781e-09,1.6160027,-0.12617226,10.679817,10.476247,6.5536804
937,27/5/2018,15:27:10,51.542229,-0.02152,3.32,9.1,520,0.1090227742471362,6.85609756097561,5.057044447229261,4.418599926174822,9.949610445926147,6.858064972093121e-09,1.2680796,0.06974453,10.656777,10.208453,6.3422112
938,27/5/2018,15:27:11,51.54224,-0.021523,3.69,9.1,518,0.0694237864358978,6.863414634146342,4.128829459750492,5.167956118999646,10.623494176139102,7.518229207680083e-09,0.9923228,-0.63420755,10.299163,10.628829,5.982442
939,27/5/2018,15:27:11,51.54224,-0.021523,3.69,8.5,518,0.0694237864358978,6.8707317073170735,3.2006144722718344,5.917312311824379,11.297377906351976,8.178393443266963e-09,0.68571967,-0.74220175,10.158138,10.573859,5.6831594
940,27/5/2018,15:27:12,51.542248,-0.02153,3.35,8.5,515,0.0100253047190402,6.878048780487806,2.4150444300412635,9.234710097310538,13.802349453745489,2.0561793228267785e-08,-2.465604,-1.9881822,9.424202,11.041932,2.9654388
941,27/5/2018,15:27:12,51.542248,-0.02153,3.35,8.2,516,0.0298247986246594,6.885365853658537,1.69801930666658,13.786124288221597,17.187210334953388,3.85785382962964e-08,-4.470484,-0.74491733,9.854665,9.876206,0.7755665
942,27/5/2018,15:27:13,51.542255,-0.021535,3.8,8.2,514,-0.0097741891865789,6.892682926829269,0.9809941832918092,18.337538479133208,20.572071216161703,5.6595283364327227e-08,-5.6654863,0.6301808,10.207129,8.46271,-0.48492005
943,27/5/2018,15:27:13,51.542255,-0.021535,3.8,8.0,516,0.0298247986246594,6.9,0.6539702449226779,19.144498842484516,21.212347766014883,5.92363764463638e-08,-5.665418,0.7332038,10.184948,8.350177,-0.5240938
944,27/5/2018,15:27:14,51.542267,-0.021544,4.59,8.0,513,-0.0295736830921981,6.9073170731707325,0.7137767502174946,16.23744809232189,19.13035367826467,4.662682284310998e-08,-5.0091147,-0.12175074,10.007412,9.38508,0.22580688
945,27/5/2018,15:27:15,51.542274,-0.02155,3.63,8.0,512,-0.0493731769978173,6.914634146341464,0.7735832555123041,13.33039734215962,17.048359590514707,3.401726923985769e-08,-4.057779,-1.0456272,9.633277,10.190735,1.203094
946,27/5/2018,15:27:16,51.542282,-0.021552,3.04,8.0,512,-0.0493731769978173,6.921951219512196,0.8529308541882507,10.904372815467267,15.771504451502114,2.5327704184629666e-08,-3.457195,-1.6493975,9.377026,10.6656,1.8611083
947,27/5/2018,15:27:17,51.542294,-0.021559,3.7,8.0,513,-0.0295736830921981,6.929268292682927,0.9721965741638812,9.46097821445593,16.139369676492038,2.4645806627916825e-08,-2.7340293,-1.9699483,9.138429,10.931567,2.5721822
948,27/5/2018,15:27:17,51.542294,-0.021559,3.7,7.5,515,0.0100253047190402,6.936585365853659,1.0914622941395262,8.017583613444417,16.507234901482004,2.396390907120389e-08,-2.1681728,-1.9029932,8.932752,10.782252,2.9399307
949,27/5/2018,15:27:18,51.542301,-0.021563,4.02,7.5,512,-0.0493731769978173,6.943902439024391,1.233265684542778,6.768705211158086,16.72300514349231,2.2832343212616803e-08,-1.7360466,-2.7670255,8.16288,11.110014,3.172036
950,27/5/2018,15:27:18,51.542301,-0.021563,4.02,7.3,513,-0.0295736830921981,6.951219512195123,1.4976985806417842,6.578207060551359,16.111212810147276,1.925409140381268e-08,-1.565443,-2.7628875,8.184759,11.123842,3.3662176
951,27/5/2018,15:27:19,51.542316,-0.021569,4.22,7.3,512,-0.0493731769978173,6.958536585365854,1.762131476740758,6.387708909944655,15.49942047680232,1.5675839595008993e-08,-1.4885896,-3.0884962,8.023106,11.392512,3.4074483
952,27/5/2018,15:27:19,51.542316,-0.021569,4.22,7.1,513,-0.0295736830921981,6.965853658536585,2.0265643728397325,6.19721075933795,14.887628143457365,1.2097587786205309e-08,-0.97739446,-3.3130379,8.080793,11.5432,3.9527087
953,27/5/2018,15:27:20,51.542328,-0.021577,4.59,7.1,510,-0.0889721648090557,6.9731707317073175,1.9376991469038167,6.250174166030946,15.38527583653445,1.2252953475396412e-08,-1.6995661,-3.6011288,7.8868012,11.828572,3.072572
954,27/5/2018,15:27:20,51.542328,-0.021577,4.59,7.0,513,-0.0295736830921981,6.980487804878049,1.842306472985756,6.307635707731774,15.90342126682016,1.2477300550231618e-08,-1.4893557,-2.8973846,8.131737,11.201588,3.4463398
955,27/5/2018,15:27:21,51.542336,-0.021585,4.41,7.0,512,-0.0493731769978173,6.987804878048781,1.7469137990676833,6.365097249432609,16.42156669710593,1.2701647625066852e-08,-1.6233064,-2.9111156,8.067438,11.2193575,3.291376
956,27/5/2018,15:27:21,51.542336,-0.021585,4.41,6.9,514,-0.0097741891865789,6.995121951219512,1.624293145723643,6.343984503031374,17.108265662038956,1.3180208364418022e-08,-1.6853387,-2.5463884,8.1499,10.916397,3.2370882
957,27/5/2018,15:27:22,51.542351,-0.02159,5.28,6.9,512,-0.0493731769978173,7.002439024390244,1.4952218846883545,6.304256643872972,17.834896812536417,1.3718995115912432e-08,-1.8383566,-2.5028405,8.032694,10.846155,3.0578089
958,27/5/2018,15:27:22,51.542351,-0.02159,5.28,7.1,514,-0.0097741891865789,7.009756097560976,1.3661506236530814,6.264528784714575,18.56152796303379,1.4257781867406777e-08,-1.8871455,-2.4364645,8.08533,10.750305,2.9781346
959,27/5/2018,15:27:23,51.542362,-0.021597,4.78,7.1,512,-0.0493731769978173,7.017073170731708,1.4901350295489362,6.088793945168487,17.77537223958396,1.3644987348941316e-08,-1.8213425,-2.5415878,8.056831,10.869504,3.0860443
960,27/5/2018,15:27:23,51.542362,-0.021597,4.78,6.8,514,-0.0097741891865789,7.024390243902439,1.7595315706439123,5.834906082376583,16.119931223654447,1.2370465340430182e-08,-1.501005,-2.6519842,8.182836,11.029358,3.4590456
961,27/5/2018,15:27:24,51.542374,-0.021601,4.76,6.8,511,-0.0691726709034365,7.031707317073171,2.0289281117389217,5.5810182195846485,14.464490207724737,1.109594333191889e-08,-0.9972367,-3.69844,7.9029865,11.917383,3.8342874
962,27/5/2018,15:27:24,51.542374,-0.021601,4.76,6.7,512,-0.0493731769978173,7.039024390243903,2.1400762482478144,5.23092614363626,13.113713518707684,9.964152517141736e-09,0.045392245,-4.035018,7.9877625,12.377787,4.704922
963,27/5/2018,15:27:25,51.542381,-0.021608,3.37,6.7,511,-0.0691726709034365,7.046341463414635,2.0667048796057297,4.768658821109475,12.118179026198463,8.9987879567478e-09,0.37824896,-4.2264333,8.026635,12.755081,4.8780255
964,27/5/2018,15:27:25,51.542381,-0.021608,3.37,6.4,513,-0.0295736830921981,7.053658536585366,1.9933335109636543,4.306391498582746,11.12264453368937,8.033423396353982e-09,1.1465719,-4.52727,7.9196353,13.012942,5.71852
965,27/5/2018,15:27:26,51.542389,-0.021613,3.09,6.4,512,-0.0493731769978173,7.060975609756098,1.87131246322446,3.978820885906196,10.602694656672828,7.865692158156669e-09,1.796842,-5.1279483,7.601701,13.48638,6.4049706
966,27/5/2018,15:27:26,51.542389,-0.021613,3.09,6.4,513,-0.0295736830921981,7.068292682926829,1.6291851285481598,3.983789397495347,11.256867679361909,9.667157396571853e-09,1.1904205,-4.5968776,7.8893228,13.039352,5.739912
967,27/5/2018,15:27:27,51.542397,-0.02162,3.41,6.4,513,-0.0295736830921981,7.0756097560975615,1.3870577938718305,3.988757909084499,11.911040702051064,1.1468622634987254e-08,0.999929,-4.4799824,7.9001975,12.975685,5.585923
968,27/5/2018,15:27:27,51.542397,-0.02162,3.41,6.3,514,-0.0097741891865789,7.082926829268293,1.1714061355082004,4.063419582418113,12.618685408226847,1.3077048235943242e-08,0.48564133,-4.194412,7.9592175,12.597359,5.182928
969,27/5/2018,15:27:28,51.542408,-0.021623,2.48,6.3,512,-0.0493731769978173,7.090243902439025,1.1597216940007915,4.674993705770163,13.738273149685313,1.3198306629894081e-08,0.017115552,-4.1665354,7.8537507,12.367145,4.7190723
970,27/5/2018,15:27:28,51.542408,-0.021623,2.48,6.3,513,-0.0295736830921981,7.097560975609756,1.1480372524933844,5.286567829122138,14.85786089114364,1.3319565023844904e-08,-0.7517361,-3.5982976,7.9470534,11.782002,4.166088
971,27/5/2018,15:27:29,51.542416,-0.021629,3.76,6.3,512,-0.0493731769978173,7.104878048780488,1.1363528109859755,5.8981419524741865,15.977448632602108,1.3440823417795745e-08,-1.5039276,-3.0392485,8.001442,11.34244,3.4266076
972,27/5/2018,15:27:29,51.542416,-0.021629,3.76,6.3,514,-0.0097741891865789,7.11219512195122,1.1964475400064416,6.3038469213647605,17.27728594913746,1.4152832013551892e-08,-1.731453,-2.5042017,8.128212,10.890767,3.181957
973,27/5/2018,15:27:30,51.542427,-0.021636,3.28,6.3,512,-0.0493731769978173,7.119512195121952,1.261002535403641,6.696759442796093,18.58832374504913,1.490154907560523e-08,-1.9434929,-2.3592448,8.085685,10.670117,2.8401597
974,27/5/2018,15:27:30,51.542427,-0.021636,3.28,6.4,514,-0.0097741891865789,7.126829268292683,1.3255575308008325,7.089671964227378,19.89936154096064,1.5650266137658478e-08,-2.3504615,-1.5648571,8.258891,10.306481,2.536064
975,27/5/2018,15:27:31,51.542431,-0.021643,2.3,6.4,512,-0.0493731769978173,7.134146341463415,1.6053851954809444,7.314007234247381,19.836064612611995,1.5571205687356493e-08,-2.2873073,-1.7304634,8.166889,10.379889,2.5166059
976,27/5/2018,15:27:31,51.542431,-0.021643,2.3,6.2,514,-0.0097741891865789,7.1414634146341465,1.9502056321901493,7.487447502561985,19.357843561646675,1.5242231695634903e-08,-2.3533633,-1.5650774,8.273298,10.289805,2.498086
977,27/5/2018,15:27:32,51.542439,-0.021647,2.17,6.2,510,-0.0889721648090557,7.148780487804879,2.2950260688993964,7.660887770876611,18.879622510681298,1.4913257703913273e-08,-2.4508545,-3.0672035,7.722548,10.97248,2.3311183
978,27/5/2018,15:27:32,51.542439,-0.021647,2.17,6.5,513,-0.0295736830921981,7.15609756097561,2.581806120440008,7.07330295939213,17.696806013979085,1.3569352465168641e-08,-1.9743443,-2.2970927,8.240558,10.704473,2.9033356
979,27/5/2018,15:27:33,51.542442,-0.021652,2.2,6.5,510,-0.0889721648090557,7.163414634146342,2.8290319593123816,5.967083618436014,16.03381148219274,1.1533776999360178e-08,-1.7858257,-3.5742235,7.798791,11.775391,3.0221162
980,27/5/2018,15:27:33,51.542442,-0.021652,2.2,6.7,513,-0.0295736830921981,7.170731707317073,3.076257798184725,4.860864277480032,14.370816950406596,9.498201533551964e-09,-0.14871506,-4.0943456,7.812661,12.213823,4.6692038
981,27/5/2018,15:27:34,51.542458,-0.021658,4.26,6.7,512,-0.0493731769978173,7.1780487804878055,3.7258082364755554,4.110234585450092,12.551529859549785,7.530052853252697e-09,0.5487721,-4.3692575,7.914019,12.80151,5.1430764
982,27/5/2018,15:27:35,51.542465,-0.021658,3.96,6.7,513,-0.0295736830921981,7.185365853658537,4.9279595239133975,3.848014357391755,10.517571826417846,5.654516205579803e-09,1.4834427,-4.82536,7.757329,13.266725,6.1039305
983,27/5/2018,15:27:36,51.542477,-0.021669,5.2,6.7,511,-0.0691726709034365,7.192682926829269,6.130110811351386,3.5857941293333857,8.48361379328566,3.778979557906682e-09,2.7468565,-6.395173,7.1727986,14.55414,7.617653
984,27/5/2018,15:27:37,51.542488,-0.021674,3.52,6.7,510,-0.0889721648090557,7.2,7.4357490614056925,3.3468398407030926,6.871595140995656,2.306220305003931e-09,3.665989,-7.151421,6.7098346,15.084163,8.661057
985,27/5/2018,15:27:38,51.542503,-0.021677,5.13,6.7,508,-0.1285711526202941,7.207317073170732,9.055318798665574,3.1784636305206466,6.539545037296021,2.055301014894517e-09,4.4735403,-7.274505,6.4428554,14.958991,9.365891
986,27/5/2018,15:27:39,51.542519,-0.021682,5.44,6.7,509,-0.1087716587146749,7.214634146341464,10.67488853592526,3.010087420338221,6.207494933596426,1.804381724785133e-09,4.1233883,-7.4282484,6.522889,15.237518,9.11596
987,27/5/2018,15:27:40,51.542522,-0.021686,2.46,6.7,509,-0.1087716587146749,7.221951219512196,12.214400891532696,2.841485694197978,5.912029399491545,1.5950065225547102e-09,4.1491394,-7.6874137,6.456858,15.495573,9.153
988,27/5/2018,15:27:41,51.54253,-0.021691,2.89,6.7,509,-0.1087716587146749,7.229268292682927,12.75977269850856,2.6700835447440947,6.070865559217612,1.901519567777997e-09,4.1458254,-7.6792536,6.463034,15.473611,9.155695
989,27/5/2018,15:27:42,51.542534,-0.021698,1.91,6.7,508,-0.1285711526202941,7.236585365853659,13.30514450548449,2.4986813952901907,6.229701718943699,2.2080326130013224e-09,4.8765993,-7.8332996,6.274942,15.28947,9.839498
990,27/5/2018,15:27:42,51.542534,-0.021698,1.91,6.0,511,-0.0691726709034365,7.2439024390243905,13.850516312460355,2.327279245836308,6.388537878669766,2.51454565822461e-09,3.8017414,-7.60659,6.5892687,15.497707,8.860949
991,27/5/2018,15:27:43,51.542545,-0.021704,3.19,6.0,509,-0.1087716587146749,7.251219512195123,15.218422271084265,2.4977798020737896,6.239882997726515,2.1397020648297182e-09,4.1832466,-7.7175317,6.441882,15.494966,9.198579
992,27/5/2018,15:27:44,51.542553,-0.021709,3.8,6.0,508,-0.1285711526202941,7.258536585365854,16.67657103044238,2.705791576147534,6.057492310610211,1.6901046983001342e-09,4.9119654,-7.8065133,6.288043,15.262868,9.861216
993,27/5/2018,15:27:45,51.542561,-0.021709,1.74,6.0,507,-0.1483706465259133,7.265853658536586,18.13471978980067,2.913803350221305,5.875101623493886,1.240507331770496e-09,5.7665815,-7.3921413,6.1707287,14.737756,10.33001
994,27/5/2018,15:27:46,51.542561,-0.021713,0.96,6.0,506,-0.1681701404315325,7.273170731707317,17.504958999774722,3.045037189863093,5.969207496150489,1.216570786015027e-09,5.605524,-7.1368017,6.083454,14.518827,10.154489
995,27/5/2018,15:27:46,51.542561,-0.021713,0.96,6.0,508,-0.1285711526202941,7.2804878048780495,16.094075422370437,3.1475470868559783,6.166755476025793,1.3518812569221694e-09,4.6595736,-7.3018446,6.3842063,14.959359,9.555197
996,27/5/2018,15:27:47,51.542561,-0.021711,1.19,6.0,507,-0.1483706465259133,7.287804878048781,14.683191844966329,3.250056983848851,6.364303455901074,1.4871917278292952e-09,5.254544,-7.143219,6.2361703,14.6624,9.914892
997,27/5/2018,15:27:48,51.542561,-0.02171,1.07,6.0,510,-0.0889721648090557,7.295121951219513,12.43489782055589,3.186091982404969,6.626890434827422,1.8132051352040275e-09,3.7659183,-7.295939,6.669123,15.193917,8.761605
998,27/5/2018,15:27:49,51.542557,-0.021711,0.8,6.0,511,-0.0691726709034365,7.302439024390244,9.51338699828004,2.988293329313574,6.941764015663315,2.292529766114662e-09,3.23442,-7.0779314,6.9349785,15.084984,8.255441
999,27/5/2018,15:27:50,51.542557,-0.021712,0.7,6.0,511,-0.0691726709034365,7.309756097560976,6.591876176003838,2.7904946762221545,7.256637596499248,2.7718543970253562e-09,3.0666103,-6.984324,6.989197,15.037953,8.142602
1000,27/5/2018,15:27:51,51.542557,-0.021713,0.3,6.0,513,-0.0295736830921981,7.317073170731708,4.605243831055165,2.804933963005647,7.6563273643790755,3.4884248892309142e-09,2.7389393,-6.75247,7.2225914,14.912117,7.7913213
1001,27/5/2018,15:27:52,51.542557,-0.021709,0.69,6.0,512,-0.0493731769978173,7.32439024390244,4.137789011762497,3.16425990208574,8.193843436205308,4.590519906040704e-09,2.67068,-6.6401696,7.2275934,14.857364,7.733964
1002,27/5/2018,15:27:52,51.542557,-0.021709,0.69,7.0,513,-0.0295736830921981,7.331707317073171,3.670334192469887,3.523585841165789,8.731359508031474,5.692614922850361e-09,2.491439,-6.42865,7.404618,14.673778,7.465255
1003,27/5/2018,15:27:53,51.542557,-0.021708,0.3,7.0,512,-0.0493731769978173,7.339024390243903,3.2958516305448797,3.96835293768566,9.408559106869417,6.94176893967322e-09,2.3918173,-5.8871083,7.312516,14.1371975,7.2150593
1004,27/5/2018,15:27:54,51.542561,-0.021709,0.04,7.0,510,-0.0889721648090557,7.346341463414634,3.2763294277758126,4.739327279142918,10.619058813933831,8.752382008257142e-09,2.8557656,-5.385172,7.071928,13.619143,7.4907784
1005,27/5/2018,15:27:55,51.542561,-0.021711,0.28,7.0,510,-0.0889721648090557,7.353658536585367,3.256807225006744,5.510301620600269,11.829558520998392,1.0562995076841282e-08,0.21774715,-4.016616,8.222637,12.651544,4.6983347
1006,27/5/2018,15:27:55,51.542561,-0.021711,0.28,7.0,513,-0.0295736830921981,7.360975609756098,3.2226670930934094,6.329615349530433,13.094230383171706,1.2684497920773693e-08,-0.033645615,-3.407194,8.608462,12.063034,4.472489
1007,27/5/2018,15:27:56,51.542561,-0.021712,0.09,7.0,511,-0.0691726709034365,7.36829268292683,2.775279397894467,8.515479284495184,15.89034427627476,2.3594827201421422e-08,-2.5630543,-2.3745108,8.911823,11.236287,2.6697547
1008,27/5/2018,15:27:57,51.542561,-0.021712,0.17,7.0,513,-0.0295736830921981,7.375609756097561,2.3278917026955788,10.70134321945967,18.686458169377477,3.4505156482067825e-08,-3.315912,-1.336812,9.062192,10.371159,1.8254082
1009,27/5/2018,15:27:57,51.542561,-0.021712,0.17,7.0,516,0.0298247986246594,7.382926829268293,1.8805040074966364,12.88720715442442,21.48257206248053,4.541548576271556e-08,-3.8735018,0.36404532,9.147331,8.917226,0.80913615
1010,27/5/2018,15:27:58,51.542561,-0.021712,0.24,7.0,510,-0.0889721648090557,7.390243902439025,2.799074615170157,13.895530211853275,19.36441469870713,3.8851907399606126e-08,-4.3992195,0.1759145,9.392975,9.124255,0.40346068
1011,27/5/2018,15:27:58,51.542561,-0.021712,0.24,7.0,512,-0.0493731769978173,7.397560975609757,3.938587898808849,14.713386962958069,16.45137784291005,2.946193828484617e-08,-4.4236,-0.9341146,9.853259,10.072579,0.9194722
1012,27/5/2018,15:27:59,51.542557,-0.021712,0.22,7.0,510,-0.0889721648090557,7.404878048780488,5.078101182447403,15.53124371406276,13.538340987113326,2.0071969170087372e-08,-4.4510474,-1.2574989,10.014137,10.313046,1.0938126
1013,27/5/2018,15:27:59,51.542557,-0.021712,0.22,7.0,516,0.0298247986246594,7.41219512195122,10.517201218277853,13.446531932878106,11.364049701149764,1.3712864205488833e-08,-4.4833326,-1.5671446,10.223964,10.489202,1.2884578
1014,27/5/2018,15:28:0,51.542557,-0.021713,0.37,7.0,520,0.1090227742471362,7.419512195121952,17.911776381340555,10.041716407516986,9.525743864584957,8.732212520532727e-09,-0.2669117,-1.8887829,9.635557,11.146631,4.3078046
1015,27/5/2018,15:28:0,51.542557,-0.021713,0.37,7.1,524,0.1882207498696129,7.426829268292684,25.30635154440416,6.636900882155453,7.687438028019927,3.751560835576016e-09,1.130006,1.2202723,11.03741,9.053629,6.567736
1016,27/5/2018,15:28:1,51.542557,-0.021713,0.09,7.1,525,0.2080202437752321,7.434146341463415,32.70021640818302,4.627559913772598,6.603314638725131,1.2507652952183511e-09,1.9268744,3.060553,11.806875,7.6850395,8.189168
1017,27/5/2018,15:28:1,51.542557,-0.021713,0.09,7.1,528,0.2674187254920898,7.441463414634147,40.093409621316425,3.937763269120403,6.232337298834043,1.0948925504144807e-09,2.0239887,3.8155644,11.911248,7.1053195,8.632302
1018,27/5/2018,15:28:2,51.542557,-0.021713,0.09,7.1,527,0.2476192315864706,7.4487804878048784,47.48660283444894,3.247966624468292,5.861359958943002,9.39019805610629e-10,2.310685,4.0466504,12.1648655,7.0717607,8.966666
1019,27/5/2018,15:28:2,51.542557,-0.021713,0.09,7.3,524,0.1882207498696129,7.456097560975611,51.42667698260456,2.780091864280666,5.644159121400643,8.487040513307927e-10,2.98686,3.55678,12.450366,7.785368,9.041826
1020,27/5/2018,15:28:3,51.542561,-0.021712,0.11,7.3,526,0.2278197376808514,7.463414634146342,48.68121834717137,2.741876784534241,5.724682697193761,8.853122174529543e-10,2.6418014,3.9545224,12.332229,7.2392273,9.101696
1021,27/5/2018,15:28:3,51.542561,-0.021712,0.11,7.3,527,0.2476192315864706,7.470731707317074,45.93575971173783,2.703661704787812,5.805206272986888,9.219203835751205e-10,2.4799204,4.087373,12.265432,7.099918,9.079871
1022,27/5/2018,15:28:4,51.542561,-0.021712,0.06,7.3,523,0.1684212559639938,7.478048780487805,42.544843015329135,2.686149198253878,5.88224023010161,9.548603218452635e-10,2.85429,2.5133114,12.146509,8.571687,8.445819
1023,27/5/2018,15:28:4,51.542561,-0.021712,0.06,7.3,525,0.2080202437752321,7.4853658536585375,35.93889154684563,2.7717564709492524,5.941892352406859,9.69528770751241e-10,2.4838538,3.095601,12.074127,7.9245243,8.513086
1024,27/5/2018,15:28:5,51.542561,-0.021712,0.07,7.3,523,0.1684212559639938,7.492682926829269,29.33294007836293,2.857363743644616,6.001544474712102,9.841972196572168e-10,2.963547,2.47015,12.211384,8.640065,8.514371
1025,27/5/2018,15:28:5,51.542561,-0.021712,0.07,7.3,521,0.1288222681527554,7.5,22.726988609880237,2.94297101633998,6.061196597017344,9.988656685631923e-10,2.7846613,1.3900357,11.883639,9.543509,7.933757
1026,27/5/2018,15:28:6,51.542561,-0.021713,0.15,7.3,520,0.1090227742471362,7.507317073170732,18.06466509270015,2.9805359593368235,7.128096854182989,2.3177857557627953e-09,2.3752148,0.965898,11.545412,9.788364,7.4881616
1027,27/5/2018,15:28:6,51.542561,-0.021713,0.15,7.3,520,0.1090227742471362,7.514634146341463,13.414463380510512,3.0178012772168934,8.201279005709516,3.644840056100367e-09,2.0038626,0.71070296,11.256896,9.857415,7.1049232
1028,27/5/2018,15:28:7,51.542561,-0.021713,0.11,7.3,516,0.0298247986246594,7.521951219512196,8.76426166832031,3.055066595096968,9.274461157236177,4.9718943564381e-09,1.7289047,-0.08637702,10.744069,10.488445,6.640614
1029,27/5/2018,15:28:7,51.542561,-0.021713,0.11,7.4,518,0.0694237864358978,7.529268292682927,7.815263492191523,3.1250183635358204,9.117932391350164,4.905456844315074e-09,1.690575,0.012854014,10.744416,10.393615,6.630034
1030,27/5/2018,15:28:8,51.542561,-0.021716,0.13,7.4,516,0.0298247986246594,7.536585365853659,7.676479025448593,3.202125374883068,8.692213175881452,4.533976348370001e-09,1.8116848,-0.096208796,10.813119,10.525251,6.7200723
1031,27/5/2018,15:28:8,51.542561,-0.021716,0.13,7.4,519,0.089223280341517,7.54390243902439,7.53769455870568,3.279232386230305,8.266493960412792,4.162495852424974e-09,2.0148637,0.5404812,11.176508,10.07062,7.057815
1032,27/5/2018,15:28:9,51.542564,-0.021719,0.02,7.4,520,0.1090227742471362,7.551219512195122,7.860077569760965,3.338321041561111,7.623931815061242,3.3926040303190183e-09,2.1412385,0.6215056,11.295436,10.025706,7.172477
1033,27/5/2018,15:28:9,51.542564,-0.021719,0.02,7.4,520,0.1090227742471362,7.558536585365854,8.434055454801873,3.387579589111914,6.86306867875736,2.4053546272352397e-09,2.327979,0.7111578,11.409804,9.984268,7.306878
1034,27/5/2018,15:28:10,51.542564,-0.02172,0.24,7.4,520,0.1090227742471362,7.565853658536586,9.00803333984285,3.4368381366627228,6.102205542453384,1.4181052241513411e-09,2.4606707,0.86779106,11.519218,9.887526,7.4462004
1035,27/5/2018,15:28:10,51.542564,-0.02172,0.24,7.4,520,0.1090227742471362,7.573170731707317,8.493841219886427,4.203967779232832,6.11210000753074,1.44623721117869e-09,2.315747,0.6956908,11.400744,9.973784,7.3005466
1036,27/5/2018,15:28:11,51.542572,-0.021722,3.89,7.4,519,0.089223280341517,7.580487804878049,6.770262583045189,5.768935644866138,6.978610485378264,2.6028588248789507e-09,1.7779686,0.07899529,10.997129,10.326332,6.768465
1037,27/5/2018,15:28:12,51.542583,-0.021724,3.02,7.4,517,0.0496242925302786,7.587804878048781,5.04668394620416,7.333903510499256,7.84512096322568,3.75948043857907e-09,-0.051888093,-2.486102,9.36659,11.631244,4.3896627
1038,27/5/2018,15:28:12,51.542583,-0.021724,3.02,7.5,517,0.0496242925302786,7.595121951219513,4.084591292549062,8.2787173072741,8.516603969722079,4.472153534373658e-09,-0.13584323,-2.433712,9.390579,11.578566,4.308126
1039,27/5/2018,15:28:13,51.542591,-0.021729,4.35,7.5,514,-0.0097741891865789,7.602439024390244,4.897382131425631,7.778066257752242,8.733513882117636,4.150064450216098e-09,-0.050814737,-2.6427798,9.249365,11.772787,4.3637123
1040,27/5/2018,15:28:13,51.542591,-0.021729,4.35,7.5,513,-0.0295736830921981,7.609756097560976,5.710172970302298,7.277415208230323,8.95042379451322,3.8279753660585e-09,0.0229511,-2.7691529,9.146748,11.876696,4.4420943
1041,27/5/2018,15:28:14,51.542606,-0.021735,5.0,7.5,509,-0.1087716587146749,7.617073170731707,7.06987708093759,6.694901758904294,9.063323322785104,3.4881522479462752e-09,3.1256647,-5.3634553,7.0355625,13.574135,7.6652894
1042,27/5/2018,15:28:15,51.542618,-0.021738,4.48,7.5,509,-0.1087716587146749,7.62439024390244,12.194743358053538,5.548815936194753,8.460175200642102,3.0262411916670157e-09,3.225306,-5.530807,6.939037,13.719615,7.860822
1043,27/5/2018,15:28:16,51.542629,-0.021742,4.94,7.5,507,-0.1483706465259133,7.631707317073171,17.319609635168867,4.402730113485351,7.857027078499171,2.564330135387812e-09,4.1178923,-6.066896,6.441976,14.059522,8.7121105
1044,27/5/2018,15:28:16,51.542629,-0.021742,4.94,7.8,509,-0.1087716587146749,7.639024390243903,22.44447591228481,3.25664429077581,7.253878956356169,2.1024190791085527e-09,4.662315,-6.8794966,6.098007,14.63208,9.213052
1045,27/5/2018,15:28:17,51.542645,-0.021748,4.85,7.8,504,-0.2077691282427709,7.646341463414634,27.636873430050027,2.9850451594722798,6.7247846383613386,1.6612365603958702e-09,9.241773,-5.7567053,3.6628268,12.680443,12.5849085
1046,27/5/2018,15:28:18,51.542656,-0.021751,4.33,7.8,505,-0.1879696343371517,7.653658536585366,32.83256881084428,2.7561512606013725,6.199306710358135,1.221066312108135e-09,9.044118,-6.2433324,3.9476967,13.149711,12.598535
1047,27/5/2018,15:28:19,51.542667,-0.021753,3.5,7.8,505,-0.1879696343371517,7.660975609756098,38.0282641916379,2.527257361730493,5.673828782354996,7.808960638204534e-10,9.254578,-6.621782,4.0621667,13.3811455,12.974175
1048,27/5/2018,15:28:20,51.542671,-0.021762,2.85,7.8,505,-0.1879696343371517,7.66829268292683,41.93091745929053,2.487174463462198,5.571185579562904,6.883327939856718e-10,9.413523,-6.7501025,4.082663,13.321958,13.074552
1049,27/5/2018,15:28:21,51.542679,-0.021769,3.33,7.8,503,-0.2275686221483901,7.675609756097561,45.468962921783735,2.5003318764103164,5.5877719359146,6.937866081913682e-10,11.443584,-4.396302,2.3586376,11.088057,13.785483
1050,27/5/2018,15:28:21,51.542679,-0.021769,3.33,7.5,505,-0.1879696343371517,7.682926829268293,49.00700838427737,2.513489289358436,5.604358292266298,6.992404223970652e-10,9.621286,-6.799398,4.1721196,13.154614,13.258013
1051,27/5/2018,15:28:22,51.54269,-0.021775,4.7,7.5,501,-0.2671676099596285,7.690243902439025,50.873065451841526,2.460764618999057,5.539064574995736,7.037127895457315e-10,10.892362,-3.5887308,1.7435523,10.700999,13.162709
1052,27/5/2018,15:28:23,51.542702,-0.021781,4.07,7.5,503,-0.2275686221483901,7.697560975609757,51.65501741010974,2.365322485204308,5.42068041377672,7.075487935639746e-10,11.722352,-4.3385115,2.2939405,10.867819,14.054673
1053,27/5/2018,15:28:24,51.542717,-0.021785,4.26,7.5,504,-0.2077691282427709,7.704878048780488,52.43696936837786,2.26988035140957,5.302296252557718,7.11384797582217e-10,10.723188,-6.583029,4.006987,12.245154,14.267403
1054,27/5/2018,15:28:24,51.542717,-0.021785,4.26,7.8,504,-0.2077691282427709,7.71219512195122,54.774381085867255,2.229014701457258,5.274100243058862,7.768629666929223e-10,10.786547,-6.6939235,4.058993,12.229121,14.340214
1055,27/5/2018,15:28:25,51.542725,-0.021789,3.32,7.8,503,-0.2275686221483901,7.719512195121951,59.14648179055721,2.259540271995254,5.363878895387899,9.229749379430268e-10,12.370268,-4.208023,2.2113574,10.517154,14.500202
1056,27/5/2018,15:28:26,51.542732,-0.021795,2.78,7.8,506,-0.1681701404315325,7.726829268292684,63.51858249524769,2.290065842533254,5.453657547716947,1.0690869091931488e-09,9.860539,-7.3070717,4.627921,13.064614,13.539695
1057,27/5/2018,15:28:27,51.542736,-0.021804,3.32,7.8,501,-0.2671676099596285,7.734146341463415,70.24271317807622,2.3162937629059885,5.488091252939018,1.1154091581427843e-09,12.025506,2.455032,-1.8684832,5.779499,11.18601
1058,27/5/2018,15:28:28,51.54274,-0.021807,1.19,7.8,499,-0.3067665977708669,7.741463414634147,83.66581929602361,2.330281255582901,5.36489327634856,8.775135592837225e-10,15.171318,7.028984,-3.7322142,5.1085844,8.76425
1059,27/5/2018,15:28:28,51.54274,-0.021807,1.19,8.0,500,-0.2869671038652477,7.748780487804878,97.0889254139694,2.344268748259812,5.241695299758119,6.396179604246896e-10,13.208069,4.975677,-1.1836725,3.6349597,9.485216
1060,27/5/2018,15:28:29,51.542747,-0.02181,3.37,8.0,498,-0.3265660916764861,7.75609756097561,110.91026025283809,2.3578045637819574,5.123609976820738,4.1778641351109166e-10,13.378852,10.5010805,-3.0389466,2.6911247,5.3086624
1061,27/5/2018,15:28:29,51.542747,-0.02181,3.37,7.9,499,-0.3067665977708669,7.763414634146342,128.93875621150215,2.3665685523001603,5.059538230851026,3.6566652027987676e-10,14.659571,10.639359,-2.2603083,3.629595,5.306837
1062,27/5/2018,15:28:30,51.542759,-0.021814,3.85,7.9,493,-0.425563561204582,7.770731707317074,146.96725217016842,2.375332540818364,4.995466484881307,3.1354662704865545e-10,13.370187,15.486484,-2.857941,1.9405457,0.31466815
1063,27/5/2018,15:28:30,51.542759,-0.021814,3.85,8.1,495,-0.3859645733933436,7.778048780487805,164.99574812883247,2.3840965293365666,4.931394738911596,2.6142673381744055e-10,13.7660265,14.5196495,-2.7167916,2.4306333,1.2007842
1064,27/5/2018,15:28:31,51.54277,-0.02182,4.69,8.1,493,-0.425563561204582,7.785365853658537,177.8944191525629,2.357149021523446,4.810476111384416,2.109163580418037e-10,14.242809,15.453338,-2.462243,2.7651072,0.1800407
1065,27/5/2018,15:28:32,51.542782,-0.021825,3.24,8.1,492,-0.4453630551102012,7.792682926829267,190.30473763695596,2.3268018265595813,4.684145736026863,1.6055920619613347e-10,14.589137,15.726917,-2.3600607,3.0824664,-0.06272163
1066,27/5/2018,15:28:33,51.542789,-0.021827,3.78,8.1,492,-0.4453630551102012,7.800000000000001,202.7150561213505,2.296454631595713,4.557815360669295,1.1020205435045713e-10,15.095941,15.668509,-2.2401116,3.557204,-0.012622729
1067,27/5/2018,15:28:34,51.542801,-0.021829,4.43,8.1,492,-0.4453630551102012,7.807317073170732,207.2623159987172,2.27118723369948,4.551736834425129,1.1418226069139387e-10,15.078426,15.645568,-2.2377248,3.5692873,-0.010740583
1068,27/5/2018,15:28:35,51.542812,-0.021825,3.61,8.1,491,-0.4651625490158204,7.814634146341464,209.04231919893428,2.247707575543782,4.587978701431154,1.3728548579327706e-10,15.137932,15.716514,-2.2272756,3.6027205,-0.045564346
1069,27/5/2018,15:28:35,51.542812,-0.021825,3.61,7.9,494,-0.4057640672989628,7.821951219512195,210.8223223991512,2.224227917388088,4.624220568437175,1.6038871089515743e-10,14.926183,15.451304,-2.2997756,3.3654041,0.21602288
1070,27/5/2018,15:28:36,51.54282,-0.02182,3.8,7.9,491,-0.4651625490158204,7.829268292682928,208.95888339455468,2.2264065218425406,4.644173961997961,1.6556413127360375e-10,15.138739,15.713353,-2.2046962,3.626509,-0.07326182
1071,27/5/2018,15:28:36,51.54282,-0.02182,3.8,7.7,493,-0.425563561204582,7.836585365853659,204.30499172428728,2.248236369070212,4.651652280728428,1.570089398657419e-10,14.975443,15.541158,-2.2817605,3.422313,0.11857608
1072,27/5/2018,15:28:37,51.542828,-0.021813,2.78,7.7,491,-0.4651625490158204,7.843902439024391,199.6511000540193,2.2700662162978853,4.659130599458897,1.4845374845787906e-10,15.095436,15.703067,-2.2399147,3.57199,-0.051214565
1073,27/5/2018,15:28:37,51.542828,-0.021813,2.78,7.9,494,-0.4057640672989628,7.851219512195122,193.07569297566607,2.268750881048365,4.638935261603638,1.4207651653153884e-10,14.681307,15.296558,-2.3404016,3.2135477,0.2889006
1074,27/5/2018,15:28:38,51.542835,-0.021803,4.0,7.9,493,-0.425563561204582,7.858536585365854,183.53114165765368,2.231671385418549,4.575978321267322,1.3906468871362022e-10,14.370123,15.52823,-2.4077594,2.905689,0.066948116
1075,27/5/2018,15:28:39,51.542843,-0.02179,3.72,7.9,495,-0.3859645733933436,7.865853658536586,173.98659033964245,2.194591889788738,4.513021380931014,1.3605286089570196e-10,14.232403,15.035677,-2.4924855,2.7886496,0.57819176
1076,27/5/2018,15:28:40,51.542847,-0.021777,3.19,7.9,496,-0.3661650794877245,7.873170731707318,164.99233613072266,2.1604905118749698,4.462965179951251,1.3653550208310498e-10,14.082416,14.089908,-2.6491945,2.6715,1.5904101
1077,27/5/2018,15:28:41,51.54285,-0.02176,3.7,7.9,495,-0.3859645733933436,7.880487804878049,157.95482019607564,2.136978680633341,4.458781236063657,1.4944372417578243e-10,13.584431,14.512467,-2.8325498,2.2426286,1.2113949
1078,27/5/2018,15:28:42,51.542854,-0.021743,4.17,7.9,495,-0.3859645733933436,7.887804878048781,150.91730426142777,2.1134668493917093,4.454597292176063,1.6235194626846148e-10,13.01459,14.672598,-3.1713061,1.8003668,1.0634313
1079,27/5/2018,15:28:42,51.542854,-0.021743,4.17,8.0,498,-0.3265660916764861,7.895121951219512,144.2603391641524,2.0916157133344724,4.451698648497887,1.7461374458820647e-10,14.028458,12.96767,-2.850774,2.8010564,2.7904165
1080,27/5/2018,15:28:43,51.542858,-0.021725,4.56,8.0,497,-0.3463655855821053,7.902439024390245,145.47640942364217,2.1041219104362687,4.475390969807993,1.7350198878598183e-10,13.872697,13.076035,-2.9740129,2.7257981,2.6787307
1081,27/5/2018,15:28:43,51.542858,-0.021725,4.56,7.8,497,-0.3463655855821053,7.909756097560976,146.69247968313178,2.116628107538064,4.4990832911180965,1.7239023298375736e-10,13.883982,13.115837,-2.9540334,2.7140436,2.629204
1082,27/5/2018,15:28:44,51.542862,-0.021707,4.35,7.8,495,-0.3859645733933436,7.917073170731708,147.90854994262156,2.12913430463986,4.522775612428203,1.7127847718153274e-10,12.970027,14.685135,-3.2000685,1.7716168,1.0591369
1083,27/5/2018,15:28:45,51.542862,-0.021689,5.06,7.8,495,-0.3859645733933436,7.924390243902439,155.44771599915032,2.153703409219927,4.578650637145993,1.7193518786004987e-10,13.502833,14.541295,-2.8823647,2.1571963,1.1867013
1084,27/5/2018,15:28:45,51.542862,-0.021689,5.06,7.4,497,-0.3463655855821053,7.931707317073172,163.90911428521417,2.1800319054675343,4.639219553474607,1.7284983181013864e-10,14.164888,13.987599,-2.631538,2.7279692,1.7279333
1085,27/5/2018,15:28:46,51.542862,-0.02167,4.83,7.4,493,-0.425563561204582,7.939024390243903,172.37051257127698,2.2063604017151386,4.699788469803213,1.7376447576022728e-10,14.130847,15.359338,-2.4804368,2.7140994,0.24044065
1086,27/5/2018,15:28:47,51.542866,-0.02165,6.09,7.4,493,-0.425563561204582,7.946341463414635,180.96014935069056,2.2376944416068456,4.721971458942706,1.8134953400269304e-10,14.339824,15.518664,-2.4153297,2.8853106,0.08045203
1087,27/5/2018,15:28:47,51.542866,-0.02165,6.09,7.3,495,-0.3859645733933436,7.953658536585366,189.6049236924188,2.271180670497276,4.727649993006724,1.9180261084168462e-10,14.575611,15.122147,-2.3803873,3.1154094,0.47643974
1088,27/5/2018,15:28:48,51.542866,-0.021633,3.96,7.3,491,-0.4651625490158204,7.960975609756098,198.2496980341481,2.304666899387711,4.733328527070743,2.0225568768067752e-10,15.061073,15.704398,-2.2562525,3.5549374,-0.09904177
1089,27/5/2018,15:28:49,51.54287,-0.021616,5.22,7.3,491,-0.4651625490158204,7.96829268292683,203.75799490911223,2.305999087997052,4.724458419093782,2.0398324760085303e-10,15.130577,15.711981,-2.226724,3.6132443,-0.058505114
1090,27/5/2018,15:28:50,51.542873,-0.021599,3.82,7.3,492,-0.4453630551102012,7.975609756097562,206.4390444900935,2.278347352972745,4.702474042234814,1.9784555283364812e-10,15.084304,15.649948,-2.2399294,3.5514915,0.0046183704
1091,27/5/2018,15:28:50,51.542873,-0.021599,3.82,6.7,495,-0.3859645733933436,7.982926829268293,209.12009407107436,2.2506956179484416,4.68048966537585,1.91707858066444e-10,14.890882,15.392589,-2.3173275,3.316364,0.30207708
1092,27/5/2018,15:28:51,51.542877,-0.021585,3.93,6.7,491,-0.4651625490158204,7.990243902439025,209.83916439951895,2.2404305340425616,4.662280725856674,1.8474692329030198e-10,15.148674,15.718445,-2.2192738,3.6247833,-0.06419135
1093,27/5/2018,15:28:52,51.542877,-0.021568,4.46,6.7,491,-0.4651625490158204,7.9975609756097565,206.9548225759006,2.2620981374180684,4.651005833561481,1.7627400868642662e-10,15.140868,15.7198,-2.2251253,3.5990758,-0.048215564
1094,27/5/2018,15:28:53,51.542881,-0.021553,3.35,6.7,492,-0.4453630551102012,8.004878048780489,204.07048075228192,2.283765740793578,4.639730941266285,1.6780109408255022e-10,15.07602,15.641808,-2.2515576,3.5538952,0.010701954
1095,27/5/2018,15:28:53,51.542881,-0.021553,3.35,6.5,494,-0.4057640672989628,8.01219512195122,200.1122325615177,2.29746567911518,4.637241180436959,1.6921721795405034e-10,14.838657,15.378039,-2.2973442,3.338895,0.22988391
1096,27/5/2018,15:28:54,51.542881,-0.021544,1.39,6.5,492,-0.4453630551102012,8.019512195121951,191.23304633396452,2.2746555573163696,4.675007338476522,2.1594767002914072e-10,14.635309,15.703875,-2.3565266,3.0998526,-0.071190804
1097,27/5/2018,15:28:55,51.542881,-0.021528,4.94,6.5,493,-0.425563561204582,8.026829268292683,182.3538601064093,2.251845435517553,4.712773496516095,2.626781221042424e-10,14.345684,15.527571,-2.4185295,2.8845706,0.08200112
1098,27/5/2018,15:28:55,51.542881,-0.021528,4.94,6.5,497,-0.3463655855821053,8.034146341463416,173.49073297657495,2.2289332944073985,4.750403793019308,3.094268833182719e-10,14.1744995,14.10909,-2.6039195,2.7516167,1.5904778
1099,27/5/2018,15:28:56,51.542885,-0.021511,4.82,6.5,494,-0.4057640672989628,8.041463414634146,167.40709757586802,2.18836375828001,4.7645193178222085,3.5934457102502666e-10,13.965749,15.222388,-2.5494456,2.5876448,0.45302728
1100,27/5/2018,15:28:57,51.542889,-0.021494,4.02,6.5,495,-0.3859645733933436,8.048780487804878,161.32346217515965,2.147794222152612,4.778634842625113,4.0926225873179355e-10,13.704845,14.496498,-2.7793658,2.3400044,1.2323022
1101,27/5/2018,15:28:58,51.542892,-0.021485,2.09,6.5,496,-0.3661650794877245,8.05609756097561,155.23982677445127,2.107224686025214,4.792750367428017,4.591799464385605e-10,13.860395,13.782573,-2.8138995,2.5464969,1.9656428
1102,27/5/2018,15:28:58,51.542892,-0.021485,2.09,6.3,499,-0.3067665977708669,8.063414634146342,160.21541603600198,2.116327777924928,4.766762212125613,4.2802980356812387e-10,14.110191,13.052734,-2.749056,2.8365927,2.664655
1103,27/5/2018,15:28:59,51.542889,-0.021476,2.44,6.3,494,-0.4057640672989628,8.070731707317073,167.41851713017664,2.1354357634828336,4.732696508469284,3.805512509428751e-10,13.95619,15.2450905,-2.5618691,2.5592704,0.43981794
1104,27/5/2018,15:29:0,51.542881,-0.021473,4.39,6.3,494,-0.4057640672989628,8.078048780487805,174.62161822435309,2.154543749040744,4.698630804812947,3.3307269831761467e-10,14.160107,15.197239,-2.483694,2.7537463,0.41204816
1105,27/5/2018,15:29:0,51.542881,-0.021473,4.39,6.2,495,-0.3859645733933436,8.085365853658537,187.03801003898076,2.212508527363777,4.6935157168342405,2.9051237130221976e-10,14.54832,15.079464,-2.3729818,3.1200664,0.5121286
1106,27/5/2018,15:29:1,51.542866,-0.021473,5.61,6.2,492,-0.4453630551102012,8.09268292682927,202.1525399277857,2.290583634771032,4.703384017010785,2.5049747144347945e-10,15.077254,15.640968,-2.2415779,3.56268,-0.0027225495
1107,27/5/2018,15:29:2,51.54285,-0.021473,5.69,6.2,490,-0.4849620429214396,8.1,217.26706981658705,2.368658742178268,4.713252317187327,2.1048257158474886e-10,15.181858,15.747606,-2.1922436,3.574797,-0.012729189
1108,27/5/2018,15:29:3,51.542839,-0.021472,4.07,6.2,489,-0.5047615368270588,8.107317073170732,225.0095443754661,2.3931648109343038,4.744905503774958,2.094726170711095e-10,15.167312,15.736922,-2.214191,3.5901814,-0.027793704
1109,27/5/2018,15:29:3,51.542839,-0.021472,4.07,5.5,492,-0.4453630551102012,8.114634146341464,224.94158796057468,2.360916384506591,4.799639004328022,2.4978701779079785e-10,15.148214,15.710976,-2.218745,3.553547,0.006667528
1110,27/5/2018,15:29:4,51.542831,-0.021469,3.13,5.5,489,-0.5047615368270588,8.121951219512196,224.8736315456832,2.3286679580788787,4.854372504881087,2.901014185104862e-10,15.157329,15.72749,-2.1981254,3.5776675,-0.011261956
1111,27/5/2018,15:29:5,51.542831,-0.021465,2.06,5.5,491,-0.4651625490158204,8.129268292682926,222.54295892104864,2.297367496646072,4.875783784717394,3.1129902729747337e-10,15.210834,15.768212,-2.214982,3.583011,-0.019573778
1112,27/5/2018,15:29:5,51.542831,-0.021465,2.06,6.3,496,-0.3661650794877245,8.136585365853659,215.2266404105392,2.268155771642694,4.823773222296484,2.9037489114803143e-10,14.839536,15.368769,-2.3115544,3.3324955,0.3021029
1113,27/5/2018,15:29:6,51.542824,-0.021462,2.35,6.3,492,-0.4453630551102012,8.14390243902439,207.91032190002977,2.238944046639316,4.771762659875574,2.6945075499858944e-10,15.085517,15.648048,-2.2512734,3.5752838,-0.017798048
1114,27/5/2018,15:29:7,51.542816,-0.021458,3.98,6.3,493,-0.425563561204582,8.151219512195123,200.47116091193112,2.2186761108434307,4.7239664724611,2.4941316440219994e-10,14.942776,15.530372,-2.2798066,3.418775,0.12071169
1115,27/5/2018,15:29:8,51.542812,-0.021454,1.19,6.3,492,-0.4453630551102012,8.158536585365853,192.26965395997263,2.2539122786586896,4.702324200527732,2.348773712085752e-10,14.636339,15.673707,-2.3530624,3.1086767,-0.058896676
1116,27/5/2018,15:29:9,51.542805,-0.021443,4.39,6.3,492,-0.4453630551102012,8.165853658536586,184.0681470080122,2.2891484464739573,4.680681928594359,2.2034157801494682e-10,14.458362,15.643604,-2.388472,2.9587815,-0.042059027
1117,27/5/2018,15:29:10,51.542786,-0.021436,3.83,6.3,494,-0.4057640672989628,8.173170731707318,175.86664005605175,2.3243846142892246,4.659039656660985,2.0580578482131852e-10,14.188719,15.194533,-2.479185,2.7578597,0.40836605
1118,27/5/2018,15:29:10,51.542786,-0.021436,3.83,7.0,497,-0.3463655855821053,8.18048780487805,165.90389661381755,2.2338104565919137,4.632391723430292,2.2060282559339677e-10,14.14806,13.9912405,-2.6221282,2.7378101,1.6987836
1119,27/5/2018,15:29:11,51.54277,-0.021427,4.19,7.0,495,-0.3859645733933436,8.18780487804878,155.87799577160575,2.138724779235627,4.605564288721827,2.364517327886068e-10,13.562565,14.508925,-2.8741171,2.186621,1.2114742
1120,27/5/2018,15:29:11,51.54277,-0.021427,4.19,7.1,498,-0.3265660916764861,8.195121951219512,145.8520949293915,2.043639101879317,4.578736854013356,2.5230063998382056e-10,14.037839,12.988325,-2.8074853,2.821694,2.7409213
1121,27/5/2018,15:29:12,51.542763,-0.021419,2.91,7.1,497,-0.3463655855821053,8.202439024390245,144.54576534178216,2.068900846576528,4.629266108228011,2.592794550063585e-10,13.841264,13.056971,-3.0048788,2.7055454,2.681558
1122,27/5/2018,15:29:13,51.542755,-0.02141,3.76,7.1,496,-0.3661650794877245,8.209756097560977,145.52959228143482,2.125771305292731,4.700112752012836,2.639285798533684e-10,13.602748,13.5973,-2.9660497,2.4224095,2.1478853
1123,27/5/2018,15:29:13,51.542755,-0.02141,3.76,5.8,498,-0.3265660916764861,8.217073170731707,146.51341922108722,2.1826417640089204,4.770959395797644,2.6857770470037717e-10,14.0563965,12.997844,-2.810818,2.8135767,2.722788
1124,27/5/2018,15:29:14,51.542744,-0.021401,4.41,5.8,494,-0.4057640672989628,8.22439024390244,150.23233575937255,2.2347120952683084,4.815497616968686,2.7802161503511733e-10,13.351162,15.481019,-2.862673,1.9297447,0.3149325
1125,27/5/2018,15:29:15,51.542732,-0.021395,4.15,5.8,494,-0.4057640672989628,8.231707317073171,155.6376235237941,2.283822817149998,4.843814882554545,2.9042184105547367e-10,13.40879,15.5297575,-2.8506935,1.9445089,0.30335617
1126,27/5/2018,15:29:15,51.542732,-0.021395,4.15,4.6,497,-0.3463655855821053,8.239024390243904,161.04291128821566,2.3329335390316874,4.8721321481404045,3.0282206707583006e-10,14.124657,13.898937,-2.6431375,2.7246037,1.7729336
1127,27/5/2018,15:29:16,51.542721,-0.02139,4.06,4.6,493,-0.425563561204582,8.246341463414634,161.7626786937077,2.3677477384698347,4.871585504420256,3.0025457842924994e-10,13.774017,15.421892,-2.6454713,2.3817418,0.29262543
1128,27/5/2018,15:29:17,51.542709,-0.021388,5.13,4.6,494,-0.4057640672989628,8.253658536585366,156.64344449741094,2.38474589805476,4.835069235181252,2.7903462362726926e-10,13.417878,15.516505,-2.827864,1.9733655,0.26485634
1129,27/5/2018,15:29:18,51.542698,-0.021381,4.65,4.6,494,-0.4057640672989628,8.260975609756098,151.52421030111418,2.4017440576396853,4.798552965942247,2.5781466882528864e-10,13.358785,15.496785,-2.8698947,1.9206785,0.32059604
1130,27/5/2018,15:29:19,51.542686,-0.021376,1.78,4.6,495,-0.3859645733933436,8.26829268292683,145.3167596314004,2.381384094460232,4.757460196816616,2.5106086902378776e-10,12.546554,14.499405,-3.4784906,1.6161041,1.2526906
1131,27/5/2018,15:29:20,51.542679,-0.021377,1.78,4.6,499,-0.3067665977708669,8.27560975609756,136.19388140192885,2.260938437534441,4.704106582332897,2.8306316968795926e-10,14.543127,11.069502,-2.2773464,3.4944448,4.8514404
1132,27/5/2018,15:29:20,51.542679,-0.021377,1.78,4.3,500,-0.2869671038652477,8.282926829268293,127.07100317245508,2.140492780608621,4.650752967849163,3.1506547035213855e-10,14.7379875,10.486252,-2.232929,3.7350838,5.5260844
1133,27/5/2018,15:29:21,51.542675,-0.021385,2.89,4.3,498,-0.3265660916764861,8.290243902439025,118.67642250838772,2.042758034653257,4.611203159301488,3.4373525828969647e-10,13.660935,10.580347,-2.8111858,2.8897457,5.222676
1134,27/5/2018,15:29:21,51.542675,-0.021385,2.89,4.6,499,-0.3067665977708669,8.297560975609757,116.95398728222342,2.1530845375880934,4.698114024490345,3.4187492963504375e-10,14.873407,10.217445,-2.2502046,3.8774827,5.7579036
1135,27/5/2018,15:29:22,51.542675,-0.021395,1.69,4.6,496,-0.3661650794877245,8.304878048780488,115.23155205605956,2.263411040522904,4.78502488967918,3.4001460098039154e-10,12.086134,12.349542,-4.478032,2.020538,3.5335493
1136,27/5/2018,15:29:23,51.542675,-0.021395,0.52,4.6,497,-0.3463655855821053,8.31219512195122,113.50911682989528,2.3737375434577404,4.871935754868036,3.3815427232573876e-10,12.14106,12.249938,-4.537615,2.1119986,3.651548
1137,27/5/2018,15:29:23,51.542675,-0.021395,0.52,4.2,500,-0.2869671038652477,8.319512195121952,109.96615093692007,2.3320358715413008,4.873300084388974,3.2987819529068107e-10,12.905256,5.3834944,-0.94293386,4.013234,9.074034
1138,27/5/2018,15:29:24,51.542679,-0.021384,1.94,4.2,498,-0.3265660916764861,8.326829268292684,106.27561465487192,2.278010948321354,4.8677300975688045,3.2108206412967503e-10,12.905284,10.461172,-3.503669,2.3923452,5.434773
1139,27/5/2018,15:29:25,51.542683,-0.021387,2.22,4.2,499,-0.3067665977708669,8.334146341463414,102.58507837282468,2.2239860251014205,4.862160110748635,3.12285932968671e-10,15.339185,9.085175,-2.6554391,4.583729,6.68952
1140,27/5/2018,15:29:26,51.54269,-0.021398,4.0,4.2,499,-0.3067665977708669,8.341463414634147,99.58648057681762,2.2150820494337555,4.949653161742209,3.643917713354224e-10,15.51091,8.432857,-3.0493329,4.885603,7.215504
1141,27/5/2018,15:29:26,51.54269,-0.021398,4.0,4.4,502,-0.2473681160540093,8.348780487804879,96.81653421535717,2.22108831447977,5.067898942246647,4.36622697379995e-10,13.587057,-0.930013,0.86395377,7.368356,14.300595
1142,27/5/2018,15:29:27,51.542686,-0.021409,3.83,4.4,498,-0.3265660916764861,8.356097560975611,94.04658785389672,2.227094579525785,5.186144722751084,5.088536234245677e-10,11.97677,10.70964,-4.5392494,2.262742,5.270473
1143,27/5/2018,15:29:28,51.542686,-0.021428,3.76,4.4,500,-0.2869671038652477,8.363414634146341,92.2799614351698,2.27646850951138,5.225747681681251,5.211049376216908e-10,13.4623165,4.2266355,-1.7036506,3.5823839,10.012126
1144,27/5/2018,15:29:28,51.542686,-0.021428,3.76,6.0,502,-0.2473681160540093,8.370731707317074,91.24516838643606,2.35747532451175,5.207987641345492,4.89606417294794e-10,13.579776,-0.94851035,0.84180564,7.4108405,14.33104
1145,27/5/2018,15:29:29,51.542698,-0.021439,4.24,6.0,498,-0.3265660916764861,8.378048780487806,90.21037533770232,2.43848213951212,5.190227601009734,4.581078969678976e-10,11.869194,10.788725,-4.631842,2.310978,5.292329
1146,27/5/2018,15:29:30,51.542706,-0.021448,3.22,6.0,498,-0.3265660916764861,8.385365853658538,88.07324190764804,2.4362344644327782,5.101903650999419,4.1578739099344327e-10,11.887047,10.793449,-4.6259246,2.3168578,5.275013
1147,27/5/2018,15:29:31,51.542709,-0.021452,2.26,6.0,501,-0.2671676099596285,8.392682926829268,84.31552816345912,2.3115921189115216,4.909841794944165,3.5755719215328395e-10,12.043407,3.8112938,-0.7633549,5.1340384,10.568955
1148,27/5/2018,15:29:32,51.542717,-0.021458,2.83,6.0,502,-0.2473681160540093,8.4,80.55781441926928,2.1869497733902343,4.717779938888864,2.9932699331311056e-10,13.193607,-1.4125469,0.6976111,7.94703,14.470352
1149,27/5/2018,15:29:33,51.542725,-0.021465,3.74,6.0,502,-0.2473681160540093,8.407317073170733,78.2167109894319,2.1000909828077066,4.598703049139418,2.8058350163949447e-10,13.019013,-1.4648923,0.63309795,8.092495,14.375707
1150,27/5/2018,15:29:34,51.542732,-0.021474,3.5,6.0,501,-0.2671676099596285,8.414634146341465,80.57975311032193,2.138700247945976,4.721987732674593,3.9296373252280753e-10,11.788438,3.6647055,-0.7799417,5.430288,10.814544
1151,27/5/2018,15:29:35,51.54274,-0.021484,4.24,6.0,502,-0.2473681160540093,8.421951219512195,82.94279523121136,2.1773095130842344,4.845272416209738,5.053439634060933e-10,13.32047,-1.287312,0.7255097,7.8282423,14.476474
1152,27/5/2018,15:29:35,51.54274,-0.021484,4.24,4.3,503,-0.2275686221483901,8.429268292682927,85.60244085730572,2.2201679433133874,4.963232059995735,6.080462711923427e-10,13.433129,-1.3371907,0.90576684,7.7908683,14.46656
1153,27/5/2018,15:29:36,51.542751,-0.021489,3.89,4.3,498,-0.3265660916764861,8.43658536585366,93.074941798318,2.3319757164626043,4.994784613476698,5.537091549738794e-10,11.968349,10.713132,-4.5724525,2.28337,5.276872
1154,27/5/2018,15:29:37,51.542759,-0.021493,4.28,4.3,497,-0.3463655855821053,8.443902439024392,100.54744273933026,2.443783489611821,5.02633716695766,4.99372038755416e-10,11.931537,11.639463,-4.613662,2.1127288,4.3139367
1155,27/5/2018,15:29:38,51.542774,-0.021498,6.35,4.3,496,-0.3661650794877245,8.451219512195122,108.01994368034072,2.5555912627610105,5.057889720438615,4.4503492253696574e-10,11.981744,12.08581,-4.529771,1.9961832,3.7751744
1156,27/5/2018,15:29:39,51.542786,-0.021524,8.65,4.3,499,-0.3067665977708669,8.458536585365854,109.63116812415238,2.443815893858577,4.948176988126366,4.14339788142224e-10,15.228331,9.356433,-2.454017,4.363244,6.4270377
1157,27/5/2018,15:29:39,51.542786,-0.021524,8.65,3.6,500,-0.2869671038652477,8.465853658536586,110.47818307251474,2.3028891344254507,4.820045695824311,3.8672716094699016e-10,12.9039755,5.3935905,-0.94123995,4.0272064,9.050742
1158,27/5/2018,15:29:40,51.542801,-0.021527,7.5,3.6,497,-0.3463655855821053,8.473170731707318,111.3251980208771,2.161962374992325,4.691914403522255,3.591145337517564e-10,12.071948,12.153116,-4.609779,2.1016648,3.7800033
1159,27/5/2018,15:29:41,51.542809,-0.021557,9.2,3.6,499,-0.3067665977708669,8.480487804878049,113.04744865254666,2.132075119024352,4.602122652996914,2.9325416300912365e-10,15.052861,9.750541,-2.3358097,4.16859,6.1850557
1160,27/5/2018,15:29:42,51.542824,-0.021557,7.48,3.6,499,-0.3067665977708669,8.487804878048781,115.125002186473,2.1472644733896837,4.527894882236359,2.1186707809527486e-10,14.958803,10.021011,-2.2834656,3.9991996,5.9362907
1161,27/5/2018,15:29:43,51.542828,-0.02156,4.59,3.6,498,-0.3265660916764861,8.495121951219513,117.20255572039932,2.162453827755015,4.453667111475803,1.3047999318142603e-10,13.564262,10.545274,-2.897639,2.8065846,5.258792
1162,27/5/2018,15:29:44,51.542824,-0.021567,2.07,3.6,497,-0.3463655855821053,8.502439024390245,120.78650229733243,2.168784583919258,4.430000003220903,1.0161620411024184e-10,12.572915,12.500491,-4.248114,2.323703,3.311286
1163,27/5/2018,15:29:45,51.542839,-0.021568,6.15,3.6,497,-0.3463655855821053,8.509756097560976,125.66472755118096,2.167504116165369,4.449774138720834,1.1787993482290263e-10,12.843712,12.597791,-4.1013503,2.4072726,3.2356539
1164,27/5/2018,15:29:46,51.542835,-0.021567,5.02,3.6,497,-0.3463655855821053,8.517073170731708,130.5429528050307,2.16622364841148,4.469548274220768,1.3414366553556735e-10,13.173024,12.646271,-3.7222128,2.5906966,3.1083648
1165,27/5/2018,15:29:46,51.542835,-0.021567,5.02,4.5,498,-0.3265660916764861,8.52439024390244,135.61328075062977,2.1809292728639407,4.500245039640122,1.4378786734298183e-10,14.464151,11.086555,-2.3057036,3.429502,4.8331485
1166,27/5/2018,15:29:47,51.542816,-0.021576,0.65,4.5,495,-0.3859645733933436,8.531707317073172,141.01857332340202,2.2235094438263485,4.549987319858827,1.4188976325339563e-10,12.342724,14.36608,-3.6930895,1.5184727,1.4494021
1167,27/5/2018,15:29:48,51.542824,-0.021558,3.07,4.5,496,-0.3661650794877245,8.539024390243902,146.423865896173,2.2660896147887466,4.599729600077521,1.3999165916380992e-10,13.641882,13.627379,-2.9529488,2.4334195,2.138196
1168,27/5/2018,15:29:49,51.542839,-0.021569,5.76,4.5,495,-0.3859645733933436,8.546341463414635,150.69826149358974,2.303859332422783,4.699850223303016,1.6783659747401454e-10,13.007777,14.710849,-3.1693614,1.7932144,1.0415158
1169,27/5/2018,15:29:50,51.542843,-0.02158,3.32,4.5,495,-0.3859645733933436,8.553658536585367,150.1851335822081,2.321264543917509,5.013241822342637,3.2159531733573504e-10,12.979412,14.6966505,-3.1822143,1.7759943,1.0381557
1170,27/5/2018,15:29:50,51.542843,-0.02158,3.32,7.5,495,-0.3859645733933436,8.560975609756099,149.67200567082648,2.3386697554122358,5.326633421382258,4.753540371974557e-10,12.96882,14.685564,-3.1972103,1.7740872,1.0576636
1171,27/5/2018,15:29:51,51.542843,-0.021603,3.32,7.5,493,-0.425563561204582,8.56829268292683,149.2886205991597,2.355135808823809,5.6338468417592,6.265769612432354e-10,13.398801,15.496755,-2.8438559,1.9616832,0.30375847
1172,27/5/2018,15:29:52,51.542873,-0.021615,4.61,7.5,501,-0.2671676099596285,8.575609756097561,156.1109532408604,2.319442467156021,5.597933724106438,6.369656868984998e-10,14.150847,12.815179,-2.6813757,2.9177654,2.9003727
1173,27/5/2018,15:29:53,51.542885,-0.02163,4.82,7.5,496,-0.3661650794877245,8.582926829268294,162.9332858825611,2.2837491254882347,5.562020606453677,6.473544125537643e-10,13.88734,14.293086,-2.6962829,2.5343676,1.4530501
1174,27/5/2018,15:29:53,51.542885,-0.02163,4.82,6.9,498,-0.3265660916764861,8.590243902439024,169.75561852426014,2.2480557838204565,5.526107488800924,6.57743138209026e-10,14.163397,13.964617,-2.6129436,2.7516577,1.7091012
1175,27/5/2018,15:29:54,51.542858,-0.021693,4.04,6.9,492,-0.4453630551102012,8.597560975609756,180.96167928852648,2.454827278138772,5.528487377142234,6.624015559181314e-10,14.394114,15.602685,-2.3925178,2.9391785,-0.0463781
1176,27/5/2018,15:29:55,51.542919,-0.021683,5.07,6.9,489,-0.5047615368270588,8.604878048780488,192.97619841738455,2.7063147583238387,5.537929359695525,6.66003175563755e-10,15.062393,15.738757,-2.2547019,3.5513709,-0.08930213
1177,27/5/2018,15:29:55,51.542919,-0.021683,5.07,5.2,491,-0.4651625490158204,8.61219512195122,204.99071754624265,2.9578022385089056,5.547371342248817,6.696047952093784e-10,15.116489,15.712849,-2.2270548,3.6181567,-0.066357
1178,27/5/2018,15:29:56,51.542938,-0.021672,4.96,5.2,487,-0.5443605246382972,8.61951219512195,190.43557830991085,3.1057254795393363,5.714098132175699,7.809102458195271e-10,15.090672,15.741274,-2.232435,3.5984118,-0.091298014
1179,27/5/2018,15:29:57,51.542953,-0.021674,5.11,5.2,492,-0.4453630551102012,8.626829268292683,162.84705776194195,3.202846704202164,5.957978826035117,9.450483327545894e-10,13.946592,15.441144,-2.5710948,2.5238302,0.23096776
1180,27/5/2018,15:29:58,51.542969,-0.021673,4.93,5.2,500,-0.2869671038652477,8.634146341463415,135.25853721397303,3.299967928864993,6.201859519894536,1.1091864196896515e-09,14.653232,10.708418,-2.2632403,3.6184678,5.253182
1181,27/5/2018,15:29:58,51.542969,-0.021673,4.93,3.5,502,-0.2473681160540093,8.641463414634147,106.34235980079376,3.735387221854043,6.742799802692473,1.9086226167612534e-09,12.450545,3.9121032,-0.8832193,4.7954044,10.412369
1182,27/5/2018,15:29:59,51.542984,-0.021672,5.02,3.5,499,-0.3067665977708669,8.648780487804878,76.0852126459155,4.512496815394555,7.583778394098794,3.349727278764808e-09,12.849597,2.2200918,-3.2411022,5.0303516,10.170547
1183,27/5/2018,15:30:0,51.543003,-0.02167,4.7,3.5,507,-0.1483706465259133,8.65609756097561,45.8280654910299,5.289606408935256,8.424756985505319,4.790831940768712e-09,4.071426,-5.8911204,6.4280047,13.8297825,8.631371
1184,27/5/2018,15:30:1,51.543015,-0.021676,4.72,3.5,513,-0.0295736830921981,8.663414634146342,23.284507313152016,5.892921819534684,9.199258714130371,5.869961499256748e-09,0.31729484,-2.897732,9.025688,11.9932995,4.7871594
1185,27/5/2018,15:30:2,51.543026,-0.021682,4.85,3.5,515,0.0100253047190402,8.670731707317074,16.826516446929173,6.133814752554756,9.83513261929654,6.194244654844209e-09,0.29743963,-2.8658125,9.066034,11.9397545,4.7742853
1186,27/5/2018,15:30:2,51.543026,-0.021682,4.85,4.7,515,0.0100253047190402,8.678048780487805,10.368525580707896,6.37470768557477,10.471006524462554,6.5185278104315924e-09,0.2137619,-2.939061,9.017461,11.939237,4.6903543
1187,27/5/2018,15:30:3,51.543037,-0.021686,4.26,4.7,514,-0.0097741891865789,8.685365853658537,5.432066394992816,6.469960298108556,10.871201114365634,6.619982999543039e-09,0.26458505,-3.178354,8.866524,12.106019,4.696394
1188,27/5/2018,15:30:4,51.543053,-0.021689,4.48,4.7,510,-0.0889721648090557,8.692682926829269,9.06929324848993,5.744543582164761,9.943365219666587,5.4658238299157404e-09,2.9566076,-5.347616,7.066049,13.584702,7.568655
1189,27/5/2018,15:30:5,51.543056,-0.021692,2.26,4.7,508,-0.1285711526202941,8.700000000000001,12.706520101987042,5.019126866220965,9.01552932496754,4.311664660288442e-09,3.3223171,-5.512046,6.891637,13.70148,7.927431
1190,27/5/2018,15:30:5,51.543056,-0.021692,2.26,5.0,508,-0.1285711526202941,8.707317073170731,16.34374695548327,4.293710150277347,8.087693430268718,3.157505490661424e-09,3.7920027,-6.1811533,6.636285,14.196042,8.413558
1191,27/5/2018,15:30:6,51.543072,-0.021696,5.43,5.0,504,-0.2077691282427709,8.714634146341464,21.143674078965205,3.7524723528102624,7.457287559701245,2.614330997647068e-09,4.2926884,-5.839793,6.246545,13.70243,8.808425
1192,27/5/2018,15:30:7,51.543083,-0.021699,4.69,5.0,508,-0.1285711526202941,8.721951219512196,25.970578006855312,3.215507848115287,6.833782617767961,2.085332483208508e-09,4.9431815,-6.838192,6.0161,14.565587,9.484437
1193,27/5/2018,15:30:8,51.543095,-0.0217,4.41,5.0,507,-0.1483706465259133,8.729268292682928,30.79748193474542,2.678543343420311,6.210277675834676,1.5563339687699486e-09,5.6868777,-7.091613,5.70661,14.563096,10.157013
1194,27/5/2018,15:30:9,51.54311,-0.021702,4.57,5.0,505,-0.1879696343371517,8.736585365853658,34.06808721601242,2.6195187135338203,5.916918664008456,1.3040332031880255e-09,9.088643,-6.404455,3.9877994,13.279099,12.694406
1195,27/5/2018,15:30:10,51.543121,-0.021705,5.57,5.0,504,-0.2077691282427709,8.74390243902439,36.95912887474041,2.6770582088120127,5.704078507268339,1.1192158863210767e-09,10.062566,-5.8811636,3.5470157,12.317185,13.432132
1196,27/5/2018,15:30:11,51.543137,-0.021706,4.83,5.0,503,-0.2275686221483901,8.751219512195123,39.85017053346839,2.734597704090205,5.491238350528223,9.34398569454128e-10,11.269916,-4.4757295,2.4485478,11.225858,13.648125
1197,27/5/2018,15:30:12,51.543148,-0.021712,5.3,5.0,504,-0.2077691282427709,8.758536585365855,39.442080528088844,2.750694599348212,5.699640146092805,1.1036500069694502e-09,10.107146,-5.8676176,3.538384,12.307518,13.448311
1198,27/5/2018,15:30:12,51.543148,-0.021712,5.3,6.3,506,-0.1681701404315325,8.765853658536585,37.100862307156135,2.742508177787885,6.15486892114233,1.4803682475798192e-09,8.467637,-6.6255774,4.518847,13.473411,12.238792
1199,27/5/2018,15:30:13,51.543163,-0.021714,5.5,6.3,503,-0.2275686221483901,8.773170731707317,34.759644086222856,2.7343217562275552,6.610097696191966,1.8570864881902803e-09,9.584139,-5.4337626,3.340973,12.2909155,12.771949
1200,27/5/2018,15:30:14,51.543175,-0.021721,5.85,6.3,507,-0.1483706465259133,8.78048780487805,32.9713622462458,2.694006697276736,6.80046190811104,2.0135130761221286e-09,5.5748405,-6.99319,5.6448665,14.49814,10.020458
1201,27/5/2018,15:30:14,51.543175,-0.021721,5.85,6.5,510,-0.0889721648090557,8.787804878048782,31.839692358654244,2.6155388814247096,6.67629945131258,1.9083433264981315e-09,5.00183,-7.3272514,5.761163,14.945588,9.609709
1202,27/5/2018,15:30:15,51.54319,-0.021734,5.67,6.5,506,-0.1681701404315325,8.795121951219512,30.70802247106296,2.537071065572703,6.55213699451415,1.80317357687416e-09,8.376564,-6.59251,4.4453506,13.470707,12.125933
1203,27/5/2018,15:30:16,51.543198,-0.021741,4.39,6.5,506,-0.1681701404315325,8.802439024390244,30.856388094858204,2.4662974484087776,6.354350347371399,1.6364270430022654e-09,8.39646,-6.666821,4.530778,13.581369,12.17419
1204,27/5/2018,15:30:17,51.543209,-0.021745,4.7,6.5,504,-0.2077691282427709,8.809756097560976,34.23587159449072,2.414945841572075,5.970718514373017,1.3142458773955064e-09,9.951744,-5.8700237,3.5545766,12.391301,13.313071
1205,27/5/2018,15:30:18,51.543221,-0.021752,5.07,6.5,506,-0.1681701404315325,8.817073170731708,37.61535509412323,2.3635942347353724,5.587086681374634,9.920647117887475e-10,8.567349,-7.0652537,4.757001,13.631335,12.447039
1206,27/5/2018,15:30:18,51.543221,-0.021752,5.07,6.4,506,-0.1681701404315325,8.824390243902439,41.203177698865325,2.326795045005281,5.2497741925673065,7.027273970426181e-10,8.826405,-7.2863026,4.814229,13.550875,12.755416
1207,27/5/2018,15:30:19,51.543232,-0.021763,3.91,6.4,503,-0.2275686221483901,8.831707317073171,46.4705559660389,2.407312258935878,5.285871759326654,6.781655101242116e-10,11.4995365,-4.3957424,2.368159,11.05262,13.87269
1208,27/5/2018,15:30:20,51.54324,-0.021769,4.15,6.4,503,-0.2275686221483901,8.839024390243903,51.73793423321248,2.4878294728664763,5.321969326086001,6.536036232058053e-10,11.727894,-4.3343806,2.292342,10.887252,14.015619
1209,27/5/2018,15:30:20,51.54324,-0.021769,4.15,5.8,504,-0.2077691282427709,8.846341463414635,57.00531250038605,2.568346686797074,5.358066892845348,6.290417362873988e-10,10.856673,-6.7891498,4.166917,12.192093,14.471066
1210,27/5/2018,15:30:21,51.543251,-0.021773,4.72,5.8,500,-0.2869671038652477,8.853658536585366,59.27217801969216,2.514055133388039,5.327008828357633,5.86950980006886e-10,12.429577,1.7783022,-2.8374155,5.6956263,10.96275
1211,27/5/2018,15:30:22,51.543259,-0.021771,3.82,5.8,501,-0.2671676099596285,8.860975609756098,61.33716973844096,2.4506936774329287,5.2914325486020894,5.436808854682177e-10,12.176187,1.6368799,-2.7424629,5.8741155,11.098105
1212,27/5/2018,15:30:23,51.54327,-0.021771,4.37,5.8,502,-0.2473681160540093,8.86829268292683,63.40216145718977,2.387332221477818,5.255856268846546,5.004107909295492e-10,11.578346,-2.5029085,0.91048944,9.640568,13.44779
1213,27/5/2018,15:30:23,51.54327,-0.021771,4.37,4.7,505,-0.1879696343371517,8.875609756097562,65.31128970860733,2.30935702273095,5.134528338910286,4.4020022050539307e-10,10.237912,-7.22747,4.5359383,12.900608,13.79381
1214,27/5/2018,15:30:24,51.543274,-0.02177,1.43,4.7,502,-0.2473681160540093,8.882926829268293,67.1721561380276,2.226856800478598,4.986648126083028,3.7474417308958835e-10,11.959571,-2.1421776,0.7172291,9.103127,13.71272
1215,27/5/2018,15:30:25,51.543293,-0.021772,4.57,4.7,502,-0.2473681160540093,8.890243902439025,69.03302256744833,2.1443565782262253,4.838767913255735,3.0928812567376787e-10,12.1096325,-2.025271,0.6179326,8.932175,13.82483
1216,27/5/2018,15:30:26,51.543301,-0.021774,3.59,4.7,501,-0.2671676099596285,8.897560975609757,73.32471573062178,2.152393134335897,4.764063976368201,2.6454743324827515e-10,11.647571,2.7999887,-1.4369801,5.7687497,11.1697035
1217,27/5/2018,15:30:26,51.543301,-0.021774,3.59,4.4,502,-0.2473681160540093,8.904878048780489,79.30441383109003,2.223299876444372,4.740174815114004,2.3419181443413987e-10,13.094441,-1.4910157,0.6944892,8.073507,14.421583
1218,27/5/2018,15:30:27,51.543308,-0.021785,3.13,4.4,499,-0.3067665977708669,8.91219512195122,85.28411193155684,2.2942066185528294,4.7162856538598135,2.0383619562001188e-10,15.368843,7.2643723,-3.7349207,5.189346,8.377431
1219,27/5/2018,15:30:28,51.543331,-0.021784,4.65,4.4,499,-0.3067665977708669,8.919512195121952,90.39311851924543,2.3358097394246005,4.727671760751399,2.1319085931876152e-10,15.56646,7.731923,-3.4698172,5.0907564,7.841844
1220,27/5/2018,15:30:29,51.543339,-0.021786,4.85,4.4,499,-0.3067665977708669,8.926829268292684,94.28372544922526,2.336406922417817,4.788420212404098,2.7811399234455936e-10,15.617664,7.9682975,-3.3325093,5.042926,7.6120086
1221,27/5/2018,15:30:30,51.543354,-0.02179,3.06,4.4,499,-0.3067665977708669,8.934146341463416,98.1743323792051,2.3370041054110344,4.849168664056799,3.430371253703572e-10,15.526984,8.240663,-3.1168346,4.9275594,7.304104
1222,27/5/2018,15:30:30,51.543354,-0.02179,3.06,3.5,501,-0.2671676099596285,8.941463414634146,100.44124077078784,2.351715406455475,4.911615658088087,4.0243483046854646e-10,12.486487,4.629715,-0.74173576,4.5156136,9.855511
1223,27/5/2018,15:30:31,51.543365,-0.021791,4.13,3.5,497,-0.3463655855821053,8.948780487804878,97.6605645756169,2.410303204920037,4.979342903426783,4.446556617918387e-10,11.917643,11.495617,-4.6369905,2.1391218,4.508921
1224,27/5/2018,15:30:32,51.543369,-0.021804,3.15,3.5,497,-0.3463655855821053,8.95609756097561,94.87988838044598,2.4688910033845985,5.04707014876548,4.86876493115131e-10,11.888588,11.433539,-4.671795,2.1566088,4.6154065
1225,27/5/2018,15:30:33,51.543377,-0.021802,0.81,3.5,500,-0.2869671038652477,8.963414634146343,91.83244121474408,2.514589647854889,5.109248752214859,5.316329688230122e-10,13.483484,4.179912,-1.7511135,3.5485737,10.022561
1226,27/5/2018,15:30:34,51.543385,-0.021803,1.59,3.5,502,-0.2473681160540093,8.970731707317073,85.24033959827797,2.389026790440414,5.097701124772152,6.10081203178764e-10,13.331925,-1.2799342,0.79828703,7.7192793,14.4147215
1227,27/5/2018,15:30:35,51.5434,-0.021809,3.28,3.5,501,-0.2671676099596285,8.978048780487805,78.64823798181028,2.2634639330259083,5.086153497329441,6.885294375345346e-10,11.854436,3.4061346,-1.0279427,5.4352818,10.86396
1228,27/5/2018,15:30:35,51.5434,-0.021809,3.28,2.8,504,-0.2077691282427709,8.985365853658537,72.05613636534258,2.1379010756114027,5.074605869886732,7.669776718903054e-10,11.497426,-7.1277556,4.207947,11.747418,14.989259
1229,27/5/2018,15:30:36,51.543407,-0.021814,3.37,2.8,501,-0.2671676099596285,8.99268292682927,70.85772745456623,2.1282877441930963,5.073792204853523,7.33201539204001e-10,11.855031,2.4237933,-1.838638,5.850685,11.25145
1230,27/5/2018,15:30:37,51.543427,-0.021815,3.46,2.8,501,-0.2671676099596285,9.0,70.28135290741918,2.132046437017113,5.074216447473001,6.864829908952826e-10,11.853744,2.3855362,-1.9105393,5.868315,11.258588
1231,27/5/2018,15:30:38,51.54343,-0.021822,1.44,2.8,504,-0.2077691282427709,9.007317073170732,69.70497836027198,2.1358051298411302,5.074640690092479,6.397644425865525e-10,11.46256,-7.124348,4.2408247,11.793866,14.953909
1232,27/5/2018,15:30:39,51.543438,-0.021827,1.96,2.8,502,-0.2473681160540093,9.014634146341464,73.19789892289761,2.2106647144419376,5.0701205828138045,5.716644174888592e-10,12.632943,-1.7827846,0.74976605,8.555979,14.172114
1233,27/5/2018,15:30:39,51.543438,-0.021827,1.96,1.5,502,-0.2473681160540093,9.021951219512196,78.24827754279548,2.312737035841081,5.0637081041589775,4.95380971822484e-10,13.00086,-1.5854273,0.78514946,8.263917,14.369784
1234,27/5/2018,15:30:40,51.543449,-0.021826,2.33,1.5,498,-0.3265660916764861,9.029268292682929,83.29865616269211,2.4148093572402,5.057295625504152,4.1909752615612735e-10,11.867578,10.786311,-4.6454816,2.384037,5.3343925
1235,27/5/2018,15:30:41,51.543457,-0.021832,1.48,1.5,499,-0.3067665977708669,9.03658536585366,87.90367976557921,2.4199541321450457,5.044100754197649,3.9877031870360944e-10,15.455208,7.4485745,-3.6155398,5.1388464,8.158408
1236,27/5/2018,15:30:42,51.543457,-0.021844,1.83,1.5,500,-0.2869671038652477,9.043902439024391,92.14404369272856,2.345733981710316,5.02535241428606,4.2426045450126386e-10,13.519073,4.2418013,-1.7142173,3.5370774,9.987938
1237,27/5/2018,15:30:43,51.543461,-0.021857,1.93,1.5,499,-0.3067665977708669,9.051219512195123,96.38440761987792,2.2715138312755863,5.006604074374472,4.4975059029891827e-10,15.622594,8.011689,-3.2581272,4.9909406,7.50476
1238,27/5/2018,15:30:43,51.543461,-0.021857,1.93,-0.6,502,-0.2473681160540093,9.058536585365854,99.20607077639274,2.2790429661362475,5.012834151888882,4.6225462408926185e-10,13.591618,-0.9029171,0.85444236,7.3488717,14.289805
1239,27/5/2018,15:30:44,51.543461,-0.021864,1.39,-0.6,498,-0.3265660916764861,9.065853658536586,99.67747663215894,2.4220001338658057,5.060444137789744,4.5324553708436623e-10,12.289432,10.580144,-4.096281,2.2189338,5.408745
1240,27/5/2018,15:30:45,51.543472,-0.02186,2.46,-0.6,496,-0.3661650794877245,9.073170731707318,100.14888248792516,2.5649573015953635,5.108054123690606,4.4423645007947056e-10,11.926596,11.8302555,-4.5845933,2.0624778,4.05349
1241,27/5/2018,15:30:46,51.543472,-0.021876,2.15,-0.6,498,-0.3265660916764861,9.08048780487805,99.21269727479957,2.639610328076846,5.121287420553421,4.392050423081659e-10,12.237269,10.598072,-4.12938,2.2222908,5.405107
1242,27/5/2018,15:30:47,51.543484,-0.021861,3.2,-0.6,499,-0.3067665977708669,9.08780487804878,92.7509572476872,2.446132727112873,4.999573655161382,4.497881728238729e-10,15.602533,7.8666244,-3.3835998,5.043181,7.6987605
1243,27/5/2018,15:30:48,51.543488,-0.021866,2.65,-0.6,502,-0.2473681160540093,9.095121951219513,86.28921722057329,2.2526551261488543,4.877859889769313,4.6037130333958237e-10,13.423391,-1.1712836,0.7987732,7.6042933,14.418733
1244,27/5/2018,15:30:48,51.543488,-0.021866,2.65,-2.4,504,-0.2077691282427709,9.102439024390245,79.99298203572982,2.0658605405285817,4.7578160194753485,4.681842113220577e-10,11.502136,-7.0972676,4.1693883,11.686953,15.014213
1245,27/5/2018,15:30:49,51.543495,-0.021879,3.11,-2.4,501,-0.2671676099596285,9.109756097560975,79.1170304352191,2.097934707414991,4.692461213644086,3.8527233134155687e-10,11.711219,3.5532973,-0.8534354,5.5009184,10.892684
1246,27/5/2018,15:30:50,51.543503,-0.021887,2.5,-2.4,501,-0.2671676099596285,9.117073170731707,78.24107883470816,2.1300088743014087,4.627106407812808,3.023604513610358e-10,11.655087,3.3974738,-0.9356688,5.5700016,10.967473
1247,27/5/2018,15:30:51,51.543514,-0.021894,2.35,-2.4,501,-0.2671676099596285,9.12439024390244,77.36512723419723,2.162083041187826,4.56175160198153,2.1944857138051475e-10,11.607213,3.2854638,-0.9883628,5.6112733,11.011908
1248,27/5/2018,15:30:52,51.543533,-0.021896,2.96,-2.4,501,-0.2671676099596285,9.131707317073172,80.68624616250808,2.1812420101164056,4.596903060895011,2.089789059745902e-10,11.761359,3.6634302,-0.7803291,5.425724,10.805795
1249,27/5/2018,15:30:53,51.543533,-0.021904,3.43,-2.4,500,-0.2869671038652477,9.139024390243902,84.71206390312531,2.1982324844726118,4.648929777183524,2.106724725708597e-10,13.960822,3.6983595,-2.3546133,3.2835402,10.3395815
1250,27/5/2018,15:30:53,51.543533,-0.021904,3.43,21.0,501,-0.2671676099596285,9.146341463414634,88.7378816437435,2.215222958828821,4.700956493472049,2.123660391671296e-10,12.091076,4.1440306,-0.6564468,4.9424143,10.274124
1251,27/5/2018,15:30:54,51.543549,-0.021905,3.33,21.0,498,-0.3265660916764861,9.153658536585366,91.41014095886489,2.273182559706452,4.786779359928927,2.417286250525609e-10,11.946549,10.725934,-4.528205,2.2454636,5.3151107
1252,27/5/2018,15:30:55,51.543564,-0.021908,3.65,21.0,500,-0.2869671038652477,9.1609756097561,93.45371628534548,2.350170991100329,4.888299442027415,2.839425730076446e-10,13.517564,4.4668665,-1.5755767,3.4964225,9.819363
1253,27/5/2018,15:30:56,51.543579,-0.021912,3.96,21.0,499,-0.3067665977708669,9.168292682926827,95.4972916118256,2.4271594224941864,4.989819524125878,3.261565209627181e-10,15.618665,7.9860005,-3.3146243,5.0029855,7.580879
1254,27/5/2018,15:30:57,51.543591,-0.021916,4.19,21.0,499,-0.3067665977708669,9.17560975609756,93.49868222925686,2.4836824186657265,5.134363689246679,4.0925452084964796e-10,15.612906,7.923502,-3.3586512,5.0337787,7.652012
1255,27/5/2018,15:30:58,51.543606,-0.021915,3.67,21.0,497,-0.3463655855821053,9.182926829268292,87.60782080488902,2.5204990832952867,5.320336088612994,5.317201018994323e-10,11.887068,11.253744,-4.662112,2.1955757,4.7884083
1256,27/5/2018,15:30:59,51.543621,-0.021912,4.67,21.0,502,-0.2473681160540093,9.190243902439024,81.71695938052117,2.557315747924847,5.506308487979309,6.541856829492167e-10,13.040488,-1.5947598,0.82367617,8.232177,14.394762
1257,27/5/2018,15:30:59,51.543621,-0.021912,4.67,0.1,503,-0.2275686221483901,9.197560975609756,75.00881364450998,2.551306383076009,5.6428783708100605,7.822551709620592e-10,13.172677,-2.15023,1.1992853,8.540997,14.632103
1258,27/5/2018,15:31:0,51.543644,-0.021915,4.72,0.1,500,-0.2869671038652477,9.204878048780488,66.6859523454092,2.4606852676787563,5.681843281700205,9.213963456064603e-10,12.893772,2.2021923,-3.165598,4.9280367,10.422254
1259,27/5/2018,15:31:1,51.543667,-0.021918,4.69,0.1,504,-0.2077691282427709,9.21219512195122,58.36309104630841,2.370064152281503,5.72080819259035,1.0605375202508614e-09,10.910791,-6.8436775,4.189452,12.150031,14.50768
1260,27/5/2018,15:31:2,51.543682,-0.021923,4.87,0.1,505,-0.1879696343371517,9.219512195121952,51.021055598084345,2.297683786605603,5.743144632109237,1.168138048836994e-09,9.67913,-6.782062,4.1950994,13.121811,13.302883
1261,27/5/2018,15:31:2,51.543682,-0.021923,4.87,3.1,507,-0.1483706465259133,9.226829268292684,48.72808556622133,2.319202596307515,5.679881533593421,1.1133746011065256e-09,9.367668,-7.38819,4.8171372,13.265265,13.215511
1262,27/5/2018,15:31:3,51.543697,-0.021925,4.43,3.1,503,-0.2275686221483901,9.234146341463417,46.43511553435775,2.340721406009432,5.61661843507759,1.0586111533760439e-09,11.484726,-4.385363,2.3224266,11.040261,13.815485
1263,27/5/2018,15:31:4,51.543709,-0.021928,4.3,3.1,504,-0.2077691282427709,9.241463414634149,44.142145502494174,2.3622402157113496,5.553355336561759,1.0038477056455622e-09,10.199669,-5.9357243,3.6226897,12.293335,13.603809
1264,27/5/2018,15:31:5,51.54372,-0.021933,4.41,3.1,504,-0.2077691282427709,9.24878048780488,42.56922125525555,2.4934688567890126,5.678775845382345,1.121898501352207e-09,10.143892,-5.8834925,3.5760996,12.304393,13.5265465
1265,27/5/2018,15:31:5,51.54372,-0.021933,4.41,2.9,505,-0.1879696343371517,9.25609756097561,41.00410924070488,2.6258878093011697,5.806243502143098,1.241824268220776e-09,9.3472595,-6.577724,4.067024,13.226798,13.020984
1266,27/5/2018,15:31:6,51.543736,-0.021937,4.56,2.9,502,-0.2473681160540093,9.263414634146342,39.43899722615383,2.758306761813359,5.933711158903882,1.361750035089374e-09,10.845883,-3.9566488,2.022157,10.956959,13.231457
1267,27/5/2018,15:31:7,51.543747,-0.02194,4.48,2.9,506,-0.1681701404315325,9.270731707317074,35.41190202325169,2.6518699956850043,5.78797872625456,1.2721921690595652e-09,8.451795,-6.802134,4.6237345,13.566612,12.259994
1268,27/5/2018,15:31:8,51.543758,-0.021948,4.22,2.9,507,-0.1483706465259133,9.278048780487806,30.829184155274497,2.4915280479179547,5.580590242298708,1.135357841130529e-09,6.407854,-7.5132704,5.815436,14.700262,10.932207
1269,27/5/2018,15:31:8,51.543758,-0.021948,4.22,3.3,508,-0.1285711526202941,9.285365853658536,26.24646628729841,2.331186100150944,5.373201758342908,9.985235132015255e-10,5.135958,-8.129894,5.938583,15.512437,10.017378
1270,27/5/2018,15:31:9,51.543774,-0.021952,4.46,3.3,507,-0.1483706465259133,9.292682926829269,23.56604991980444,2.2052535874250503,5.19475801280638,9.281129596229963e-10,6.437072,-7.615064,5.9411106,14.802555,11.032933
1271,27/5/2018,15:31:10,51.543789,-0.021955,5.19,3.3,508,-0.1285711526202941,9.3,21.94420838728542,2.098468913257357,5.032421162884374,8.946652828301082e-10,5.0547147,-8.289098,5.9952703,15.713282,10.016353
1272,27/5/2018,15:31:11,51.543797,-0.021965,5.33,3.3,509,-0.1087716587146749,9.307317073170733,20.322366854766404,1.991684239089663,4.870084312962368,8.612176060372201e-10,4.508061,-8.205405,6.117009,15.791866,9.574571
1273,27/5/2018,15:31:11,51.543797,-0.021965,5.33,2.7,509,-0.1087716587146749,9.314634146341463,20.5246917931588,2.0300549385142563,4.855860647133827,8.312291715241363e-10,4.5246134,-8.227122,6.107631,15.794249,9.588812
1274,27/5/2018,15:31:12,51.543812,-0.021967,4.91,2.7,507,-0.1483706465259133,9.321951219512195,22.7916228049776,2.232713640535126,5.009272657275737,8.051559348475416e-10,6.439601,-7.6553626,5.969398,14.806919,11.0255575
1275,27/5/2018,15:31:13,51.543823,-0.021972,5.26,2.7,507,-0.1483706465259133,9.329268292682928,25.058553816796397,2.435372342555996,5.162684667417646,7.79082698170947e-10,6.443373,-7.6028357,5.9873877,14.8199625,11.039634
1276,27/5/2018,15:31:14,51.543835,-0.021977,4.19,2.7,505,-0.1879696343371517,9.33658536585366,27.14948922977254,2.567471602106874,5.301885151326594,7.600907045431021e-10,8.730651,-6.798496,4.283301,13.740426,12.607952
1277,27/5/2018,15:31:15,51.543846,-0.021976,3.24,2.7,505,-0.1879696343371517,9.34390243902439,28.821220401947148,2.531505195774661,5.4072351747450815,7.579655367660185e-10,8.82192,-6.7586045,4.2108817,13.657901,12.663517
1278,27/5/2018,15:31:15,51.543846,-0.021976,3.24,3.2,507,-0.1483706465259133,9.351219512195122,30.49295157412216,2.49553878944244,5.512585198163594,7.558403689889345e-10,6.395231,-7.500426,5.8166847,14.703492,10.964321
1279,27/5/2018,15:31:16,51.543858,-0.021977,3.74,3.2,505,-0.1879696343371517,9.358536585365854,31.959231870476064,2.461895364636844,5.616801089244627,7.64326912377072e-10,9.01938,-6.5642877,4.0701985,13.481347,12.721653
1280,27/5/2018,15:31:17,51.543869,-0.021977,3.98,3.2,505,-0.1879696343371517,9.365853658536588,31.951040244683984,2.4449234240631026,5.712877583105146,8.489711752030487e-10,8.993705,-6.540645,4.0334835,13.405032,12.706198
1281,27/5/2018,15:31:17,51.543869,-0.021977,3.98,3.5,508,-0.1285711526202941,9.373170731707315,31.942848618891908,2.4279514834893656,5.808954076965642,9.33615438029005e-10,5.3109536,-7.6942787,5.746534,15.116702,9.9653845
1282,27/5/2018,15:31:18,51.54388,-0.021979,3.48,3.5,505,-0.1879696343371517,9.38048780487805,31.93465699309983,2.4109795429156247,5.905030570826161,1.0182597008549818e-09,9.050349,-6.42934,4.0012856,13.346201,12.667298
1283,27/5/2018,15:31:19,51.543892,-0.021982,3.44,3.5,505,-0.1879696343371517,9.38780487804878,32.89540443115122,2.457693344512714,6.04542419922285,1.1237338866744816e-09,9.060587,-6.3980317,3.9882507,13.263372,12.640675
1284,27/5/2018,15:31:20,51.543903,-0.021987,3.54,3.5,506,-0.1681701404315325,9.395121951219512,33.908326698512646,2.5078364564258364,6.188204189173343,1.230329709258648e-09,8.411144,-6.684072,4.553362,13.538198,12.203924
1285,27/5/2018,15:31:20,51.543903,-0.021987,3.54,3.9,508,-0.1285711526202941,9.402439024390244,34.92124896587383,2.5579795683389466,6.330984179123801,1.3369255318427886e-09,5.344716,-7.499319,5.6821017,14.920336,9.948577
1286,27/5/2018,15:31:21,51.543919,-0.021991,4.2,3.9,503,-0.2275686221483901,9.409756097560976,36.13161406865931,2.5583427119626245,6.181376814645959,1.2379595306712696e-09,9.770824,-5.415026,3.2509544,12.1654625,12.9489355
1287,27/5/2018,15:31:22,51.543926,-0.021992,3.82,3.9,504,-0.2077691282427709,9.417073170731708,37.39913367643601,2.544295864765664,5.9471310054651205,1.079488791044119e-09,10.059581,-5.8435674,3.5577073,12.332074,13.411834
1288,27/5/2018,15:31:22,51.543926,-0.021992,3.82,3.3,506,-0.1681701404315325,9.42439024390244,38.66665328421271,2.530249017568704,5.712885196284283,9.210180514169679e-10,8.599196,-6.905533,4.6752386,13.535595,12.377224
1289,27/5/2018,15:31:23,51.543934,-0.021998,3.06,3.3,504,-0.2077691282427709,9.43170731707317,39.10592225593764,2.456277212914496,5.466255039905716,7.80818623996721e-10,10.177599,-5.918732,3.5961196,12.312016,13.584256
1290,27/5/2018,15:31:24,51.543945,-0.022004,3.69,3.3,505,-0.1879696343371517,9.439024390243905,38.99787622036003,2.342706490854442,5.211441202426269,6.526930338168236e-10,9.245459,-6.8298244,4.1142707,13.53657,13.03848
1291,27/5/2018,15:31:25,51.543957,-0.022009,3.24,3.3,505,-0.1879696343371517,9.446341463414637,38.88983018478241,2.2291357687943885,4.956627364946823,5.245674436369264e-10,9.223543,-6.9538875,4.2231836,13.642785,13.103383
1292,27/5/2018,15:31:25,51.543957,-0.022009,3.24,3.2,506,-0.1681701404315325,9.453658536585367,39.27735944782832,2.1772960913733708,4.844024753670648,4.934441806981627e-10,8.734239,-7.286708,4.8067636,13.727807,12.67163
1293,27/5/2018,15:31:26,51.543964,-0.022011,2.91,3.2,504,-0.2077691282427709,9.460975609756098,40.32524803862335,2.207713683942041,4.920920105660264,5.915775449258154e-10,10.398516,-6.1622205,3.7362123,12.360628,13.856442
1294,27/5/2018,15:31:27,51.543976,-0.022011,3.19,3.2,505,-0.1879696343371517,9.46829268292683,41.37313662941863,2.2381312765107184,4.997815457649899,6.89710909153492e-10,9.328941,-6.965822,4.2182574,13.529587,13.178661
1295,27/5/2018,15:31:27,51.543976,-0.022011,3.19,3.3,506,-0.1681701404315325,9.475609756097562,42.62511241508705,2.2766102078845445,5.081620601369683,7.595977148852824e-10,8.880196,-7.338094,4.8098407,13.591825,12.754133
1296,27/5/2018,15:31:28,51.543987,-0.022016,3.65,3.3,503,-0.2275686221483901,9.482926829268294,44.47231231084718,2.338600184228265,5.185578281538673,7.471029059630104e-10,11.488101,-4.418371,2.3721478,11.057213,13.860088
1297,27/5/2018,15:31:29,51.543995,-0.022023,3.74,3.3,503,-0.2275686221483901,9.490243902439024,46.31951220660685,2.400590160571972,5.289535961707637,7.346080970407415e-10,11.500055,-4.4026794,2.3606243,11.036784,13.876793
1298,27/5/2018,15:31:30,51.54401,-0.022021,4.19,3.3,503,-0.2275686221483901,9.497560975609757,48.0278273606446,2.4578714239954325,5.3913792582051965,7.23688665634285e-10,11.522751,-4.367121,2.3211646,10.9767885,13.904774
1299,27/5/2018,15:31:30,51.54401,-0.022021,4.19,3.7,506,-0.1681701404315325,9.504878048780489,48.17996717062668,2.462392514790332,5.469531314782892,7.304210195664352e-10,9.194008,-7.3253145,4.7628274,13.368166,13.0873575
1300,27/5/2018,15:31:31,51.544029,-0.022021,5.02,3.7,503,-0.2275686221483901,9.51219512195122,48.33210698060877,2.466913605585231,5.547683371360589,7.371533734985851e-10,11.497004,-4.3452487,2.3153915,10.99651,13.866633
1301,27/5/2018,15:31:32,51.544044,-0.022024,5.06,3.7,502,-0.2473681160540093,9.519512195121951,48.48424679059082,2.47143469638013,5.625835427938266,7.438857274307336e-10,10.941094,-3.6275837,1.7571194,10.703409,13.226033
1302,27/5/2018,15:31:33,51.54406,-0.022026,4.8,3.7,505,-0.1879696343371517,9.526829268292683,46.95955902047258,2.4687688663331198,5.695949420055945,8.270187474378844e-10,9.617847,-6.7634497,4.1516876,13.131274,13.246231
1303,27/5/2018,15:31:33,51.54406,-0.022026,4.8,4.7,505,-0.1879696343371517,9.534146341463416,45.26607246733271,2.4653795608935374,5.765254255934307,9.178426830815319e-10,9.560952,-6.7042956,4.102596,13.146558,13.166926
1304,27/5/2018,15:31:34,51.544075,-0.022027,4.65,4.7,502,-0.2473681160540093,9.541463414634148,43.57258591419284,2.4619902554539554,5.834559091812669,1.0086666187251795e-09,10.892463,-3.8337562,1.9576381,10.8894615,13.264062
1305,27/5/2018,15:31:35,51.544086,-0.022033,4.48,4.7,506,-0.1681701404315325,9.548780487804878,42.493932833031934,2.369869159924886,5.6316116019741695,9.161440884216539e-10,8.829628,-7.211244,4.7830296,13.528103,12.707472
1306,27/5/2018,15:31:35,51.544086,-0.022033,4.48,5.1,506,-0.1681701404315325,9.55609756097561,41.6367866905724,2.2457805348385813,5.330579375418422,7.575670632920123e-10,8.8646755,-7.3265996,4.7863593,13.526221,12.791419
1307,27/5/2018,15:31:36,51.544098,-0.022037,4.94,5.1,505,-0.1879696343371517,9.563414634146342,40.77964054811287,2.1216919097522764,5.029547148862674,5.989900381623708e-10,9.3357315,-6.950955,4.2112317,13.534314,13.172975
1308,27/5/2018,15:31:37,51.544109,-0.022038,4.46,5.1,505,-0.1879696343371517,9.570731707317076,41.96674564844263,2.1087756744726387,4.919575821502621,5.136540643620379e-10,9.398529,-6.9683943,4.2395124,13.517726,13.208805
1309,27/5/2018,15:31:38,51.544121,-0.022041,4.35,5.1,504,-0.2077691282427709,9.578048780487803,44.74865278129174,2.1825894601965987,4.958658731701266,4.854563596154265e-10,10.472594,-6.227877,3.790405,12.340284,13.978593
1310,27/5/2018,15:31:38,51.544121,-0.022041,4.35,5.1,505,-0.1879696343371517,9.585365853658535,47.53055991414153,2.2564032459205765,4.997741641899919,4.5725865486880837e-10,9.578511,-7.0364833,4.3474555,13.327632,13.41418
1311,27/5/2018,15:31:39,51.544136,-0.022045,4.35,5.1,502,-0.2473681160540093,9.59268292682927,50.58852640939271,2.3177215725367755,5.049082967460032,4.4308969035791876e-10,11.037254,-3.36098,1.5277848,10.472024,13.211097
1312,27/5/2018,15:31:40,51.544147,-0.022051,4.57,5.1,503,-0.2275686221483901,9.6,54.08126759529204,2.3593604022475523,5.119730462172507,4.510150360820274e-10,12.236974,-4.289555,2.2719471,10.684244,14.320035
1313,27/5/2018,15:31:40,51.544147,-0.022051,4.57,5.3,504,-0.2077691282427709,9.607317073170732,57.57400878119052,2.400999231958319,5.190377956884964,4.58940381806134e-10,10.840009,-6.8002386,4.2058625,12.196363,14.493098
1314,27/5/2018,15:31:41,51.544159,-0.022055,4.35,5.3,501,-0.2671676099596285,9.614634146341464,60.278825133312026,2.4354843024817687,5.253316379195148,4.842422634778073e-10,12.166847,1.6351918,-2.7270975,5.890154,11.113167
1315,27/5/2018,15:31:42,51.54417,-0.022056,4.8,5.3,501,-0.2671676099596285,9.621951219512196,60.106219782334975,2.4438445688844235,5.288102049757742,5.730014947807435e-10,12.180383,1.6377181,-2.7579095,5.861726,11.083688
1316,27/5/2018,15:31:42,51.54417,-0.022056,4.8,5.2,504,-0.2077691282427709,9.629268292682928,59.93361443135793,2.452204835287078,5.322887720320336,6.6176072608368e-10,10.95252,-6.898308,4.200273,12.174788,14.528747
1317,27/5/2018,15:31:43,51.544182,-0.022067,5.48,5.2,501,-0.2671676099596285,9.63658536585366,59.61333411623073,2.4589260353914133,5.354360351938691,7.45745311465912e-10,12.17207,1.6261137,-2.7346995,5.8886833,11.109926
1318,27/5/2018,15:31:44,51.544193,-0.022071,4.69,5.2,503,-0.2275686221483901,9.64390243902439,55.88847462760232,2.4278593070181507,5.309452376624586,7.196526054403586e-10,12.288022,-4.2671213,2.2571063,10.631737,14.378045
1319,27/5/2018,15:31:45,51.544205,-0.022077,4.89,5.2,504,-0.2077691282427709,9.651219512195125,52.16361513897391,2.396792578644888,5.264544401310482,6.935598994148053e-10,10.719324,-6.5721374,4.004063,12.248446,14.262615
1320,27/5/2018,15:31:45,51.544205,-0.022077,4.89,5.3,505,-0.1879696343371517,9.658536585365852,48.4387556503464,2.365725850271632,5.219636425996387,6.674671933892584e-10,9.587825,-7.008685,4.3320966,13.271474,13.3987255
1321,27/5/2018,15:31:46,51.544216,-0.022081,4.93,5.3,503,-0.2275686221483901,9.665853658536586,45.486889399224765,2.3394375463327224,5.37655718109459,7.969268574570336e-10,11.4564705,-4.424417,2.3643086,11.053669,13.856618
1322,27/5/2018,15:31:47,51.544228,-0.022087,4.15,5.3,504,-0.2077691282427709,9.673170731707318,42.6523921369777,2.313874784115345,5.564123008963077,9.50005129695024e-10,10.194579,-5.919254,3.6056397,12.308593,13.598273
1323,27/5/2018,15:31:47,51.544228,-0.022087,4.15,5.4,508,-0.1285711526202941,9.68048780487805,39.81789487473064,2.288312021897968,5.751688836831564,1.103083401933014e-09,5.468874,-7.611972,5.664481,14.943923,10.17573
1324,27/5/2018,15:31:48,51.544239,-0.022093,4.15,5.4,505,-0.1879696343371517,9.68780487804878,39.04843300217536,2.3273794225713376,5.708970348576582,1.039264231710122e-09,9.2824135,-6.70261,4.065702,13.385745,13.032545
1325,27/5/2018,15:31:49,51.544247,-0.022102,4.3,5.4,505,-0.1879696343371517,9.695121951219512,39.18613093200981,2.3948385331829978,5.565089102651235,8.801630910067497e-10,9.274324,-6.733881,4.07043,13.421879,13.028073
1326,27/5/2018,15:31:50,51.544254,-0.022108,3.69,5.4,504,-0.2077691282427709,9.702439024390245,39.32382886184426,2.462297643794658,5.421207856725888,7.210619503033774e-10,10.209085,-5.9462643,3.6072202,12.319384,13.599672
1327,27/5/2018,15:31:50,51.544254,-0.022108,3.69,5.4,505,-0.1879696343371517,9.709756097560977,38.5806581565154,2.492565840366914,5.335137724053627,6.50245347673783e-10,9.247517,-6.7972064,4.068494,13.456759,13.018677
1328,27/5/2018,15:31:51,51.544266,-0.022111,3.67,5.4,503,-0.2275686221483901,9.717073170731709,37.02889652659262,2.4886947403753283,5.302135142717758,6.604692923162772e-10,11.29103,-4.4723673,2.4440386,11.199524,13.697228
1329,27/5/2018,15:31:52,51.544273,-0.022122,4.39,5.4,506,-0.1681701404315325,9.72439024390244,35.47713489666947,2.4848236403837416,5.2691325613818805,6.706932369587741e-10,8.440485,-7.1281533,4.7909756,13.787674,12.443029
1330,27/5/2018,15:31:53,51.544285,-0.02213,4.98,5.4,506,-0.1681701404315325,9.731707317073171,33.08702793644685,2.479332401523812,5.290785369007419,7.10970144672904e-10,8.385112,-7.1334615,4.813104,13.888186,12.424642
1331,27/5/2018,15:31:54,51.544296,-0.022127,4.44,5.4,506,-0.1681701404315325,9.739024390243904,29.126207071106343,2.470805689623411,5.41483986759324,8.075539288978717e-10,8.31417,-7.0596676,4.717985,13.909431,12.320255
1332,27/5/2018,15:31:55,51.544308,-0.022134,5.04,5.4,507,-0.1483706465259133,9.746341463414634,25.165386205766797,2.462278977723013,5.53889436617903,9.041377131228162e-10,6.3431387,-7.5575633,5.957009,14.758329,10.8949175
1333,27/5/2018,15:31:56,51.544319,-0.022145,4.2,5.4,507,-0.1483706465259133,9.753658536585366,21.42722403916847,2.4493217667267717,5.69278478809566,1.032336219303458e-09,6.2280984,-7.572093,6.0244517,14.785261,10.802782
1334,27/5/2018,15:31:56,51.544319,-0.022145,4.2,5.0,510,-0.0889721648090557,9.760975609756098,18.74163026662488,2.4154203781865373,5.9877177566671165,1.3099861383655723e-09,3.9355793,-7.7810974,6.4620914,15.6789255,9.050049
1335,27/5/2018,15:31:57,51.544327,-0.022156,4.07,5.0,508,-0.1285711526202941,9.76829268292683,16.056036494081287,2.381518989646304,6.282650725238574,1.5876360574276862e-09,4.87085,-7.8142467,6.285661,15.292906,9.844043
1336,27/5/2018,15:31:58,51.544338,-0.02216,4.44,5.0,510,-0.0889721648090557,9.77560975609756,13.37307528133798,2.347697307859596,6.577068761557506,1.864867070218263e-09,3.8491814,-7.629878,6.5464115,15.499156,8.946125
1337,27/5/2018,15:31:59,51.544346,-0.022167,4.48,5.0,509,-0.1087716587146749,9.782926829268291,12.864279393061231,2.3797034411331124,6.446217123891221,1.7961338660671555e-09,4.131715,-7.694042,6.4669104,15.468633,9.164327
1338,27/5/2018,15:32:0,51.544361,-0.022172,4.57,5.0,509,-0.1087716587146749,9.790243902439023,12.355483504784486,2.4117095744066286,6.315365486224936,1.7274006619160474e-09,4.1437087,-7.6679626,6.4639416,15.478313,9.163373
1339,27/5/2018,15:32:1,51.544373,-0.022178,4.56,5.0,511,-0.0691726709034365,9.797560975609755,11.84668761650774,2.443715707680145,6.184513848558652,1.6586674577649399e-09,3.8162518,-7.6276255,6.575278,15.543656,8.880904
1340,27/5/2018,15:32:2,51.544384,-0.022182,4.06,5.0,509,-0.1087716587146749,9.804878048780488,11.696629724669751,2.648485999050308,6.29831574937723,1.760302355269243e-09,4.113988,-7.6154685,6.5051584,15.397443,9.1166
1341,27/5/2018,15:32:3,51.544395,-0.022191,4.28,5.0,508,-0.1285711526202941,9.81219512195122,11.621188812003266,2.8891909829099247,6.463005228781311,1.8973735690236407e-09,4.552735,-7.346972,6.4361205,14.973886,9.420682
1342,27/5/2018,15:32:4,51.544403,-0.0222,4.43,5.0,508,-0.1285711526202941,9.819512195121952,11.545747899336783,3.129895966769541,6.627694708185391,2.0344447827780373e-09,4.5096345,-7.2030206,6.4248557,14.920473,9.388938
1343,27/5/2018,15:32:5,51.544415,-0.022205,3.63,5.0,509,-0.1087716587146749,9.826829268292684,10.989053140462431,3.1051198161842706,6.883074298844808,2.270490517089651e-09,4.1315947,-7.296595,6.543863,15.09672,9.081361
1344,27/5/2018,15:32:5,51.544415,-0.022205,3.63,4.2,512,-0.0493731769978173,9.834146341463414,10.178224333902683,2.9401519646655947,7.186344301684715,2.5588013828388812e-09,2.9280462,-6.905154,7.1070914,14.992304,7.965648
1345,27/5/2018,15:32:6,51.544422,-0.022217,4.3,4.2,510,-0.0889721648090557,9.841463414634148,9.36739552734274,2.7751841131468797,7.489614304524693,2.84711224858818e-09,3.15958,-6.9245477,6.921138,14.987743,8.221572
1346,27/5/2018,15:32:7,51.54443,-0.022225,3.33,4.2,509,-0.1087716587146749,9.84878048780488,9.169948597234288,2.701364035269658,7.586601621454255,2.851034135465419e-09,3.4125948,-6.96974,6.815565,14.973282,8.446143
1347,27/5/2018,15:32:8,51.544434,-0.022232,2.32,4.2,511,-0.0691726709034365,9.856097560975613,9.634267846213357,2.72588157741476,7.461034425269437,2.5481340976201286e-09,3.0580535,-6.9535017,7.001284,15.02969,8.120627
1348,27/5/2018,15:32:9,51.544441,-0.02224,2.56,4.2,511,-0.0691726709034365,9.86341463414634,10.098587095192311,2.7503991195598547,7.335467229084649,2.2452340597749117e-09,3.0817251,-6.979453,6.9832773,15.053344,8.159758
1349,27/5/2018,15:32:10,51.544453,-0.022246,4.0,4.2,508,-0.1285711526202941,9.870731707317074,10.928364733961065,2.774810906922359,7.1591879679272505,1.979520223948065e-09,4.459841,-7.211574,6.4570603,14.945032,9.299231
1350,27/5/2018,15:32:11,51.544464,-0.022253,3.78,4.2,509,-0.1087716587146749,9.878048780487806,12.580648232796769,2.79898468106408,6.868775410664523,1.797498184310122e-09,4.0996614,-7.3356886,6.5542626,15.141498,9.067146
1351,27/5/2018,15:32:11,51.544464,-0.022253,3.78,4.3,510,-0.0889721648090557,9.885365853658538,14.232931731632473,2.8231584552058004,6.578362853401796,1.6154761446721792e-09,3.832903,-7.4712834,6.6202273,15.3199,8.851141
1352,27/5/2018,15:32:12,51.544472,-0.022261,3.93,4.3,507,-0.1483706465259133,9.892682926829268,15.750255872563592,2.8339471273851635,6.301650866594619,1.4425974898894202e-09,5.6668983,-7.353876,6.2043357,14.72934,10.25041
1353,27/5/2018,15:32:13,51.544483,-0.022268,3.74,4.3,507,-0.1483706465259133,9.9,16.39718334376812,2.758410935895139,6.113298302083057,1.328687489459551e-09,5.7324376,-7.3936405,6.1894145,14.756854,10.322184
1354,27/5/2018,15:32:14,51.544498,-0.022274,4.37,4.3,508,-0.1285711526202941,9.907317073170733,17.044110814972647,2.682874744405115,5.924945737571495,1.214777489029682e-09,4.9456296,-7.8845644,6.2583203,15.319875,9.892487
1355,27/5/2018,15:32:14,51.544498,-0.022274,4.37,4.2,509,-0.1087716587146749,9.914634146341465,17.691038286177175,2.6073385529150905,5.736593173059933,1.1008674885998131e-09,4.173227,-7.8994937,6.386458,15.651722,9.201276
1356,27/5/2018,15:32:15,51.54451,-0.022278,4.3,4.2,507,-0.1483706465259133,9.921951219512197,17.098234462120214,2.5658492198487157,5.790622180079325,1.2092167213974116e-09,5.896272,-7.4621515,6.1431766,14.788148,10.497149
1357,27/5/2018,15:32:16,51.544521,-0.022283,4.85,4.2,508,-0.1285711526202941,9.929268292682927,16.45491295312413,2.52574725876655,5.85452796919854,1.3266227731701472e-09,4.974335,-7.9358897,6.240743,15.346853,9.928438
1358,27/5/2018,15:32:16,51.544521,-0.022283,4.85,3.6,510,-0.0889721648090557,9.93658536585366,15.811591444128048,2.485645297684385,5.918433758317756,1.444028824942883e-09,3.9070425,-7.7529655,6.480477,15.672892,9.025826
1359,27/5/2018,15:32:17,51.544533,-0.022289,4.41,3.6,508,-0.1285711526202941,9.943902439024392,15.196358963074694,2.468044562473371,5.869145510458672,1.3996691415239234e-09,4.9844155,-7.9668374,6.240347,15.349671,9.912483
1360,27/5/2018,15:32:18,51.54454,-0.022296,3.78,3.6,508,-0.1285711526202941,9.951219512195122,14.588708200832665,2.45651730078411,5.789304216719154,1.3116460632731112e-09,4.9768996,-7.953086,6.2127795,15.389826,9.951042
1361,27/5/2018,15:32:19,51.544556,-0.022303,4.46,3.6,509,-0.1087716587146749,9.958536585365854,13.981057438590488,2.4449900390948462,5.7094629229796166,1.2236229850222778e-09,4.1798663,-7.9239955,6.3803453,15.658633,9.213742
1362,27/5/2018,15:32:19,51.544556,-0.022303,4.46,3.0,510,-0.0889721648090557,9.965853658536586,13.4939964592638,2.40978379805676,5.649228016475253,1.1836481663752055e-09,3.9490893,-7.8531017,6.4611273,15.688034,9.06031
1363,27/5/2018,15:32:20,51.544567,-0.022312,4.72,3.0,508,-0.1285711526202941,9.973170731707318,13.082727138180124,2.3596951261280976,5.601315883631987,1.173872069236836e-09,4.921455,-7.9881997,6.2259502,15.414676,9.936774
1364,27/5/2018,15:32:21,51.544579,-0.022323,5.02,3.0,509,-0.1087716587146749,9.980487804878049,12.671457817096549,2.3096064541994474,5.553403750788732,1.1640959720984687e-09,4.2117734,-7.979138,6.3614125,15.693455,9.235038
1365,27/5/2018,15:32:22,51.544594,-0.022323,3.93,3.0,510,-0.0889721648090557,9.98780487804878,12.71232793062199,2.2935160407324413,5.567127100397523,1.153059842353179e-09,3.9674895,-7.8327084,6.449508,15.690955,9.074391
1366,27/5/2018,15:32:23,51.544601,-0.022322,4.0,3.0,509,-0.1087716587146749,9.995121951219511,13.32709715497206,2.3205795059303176,5.65908416701236,1.1404243573263776e-09,4.161054,-7.9172,6.3853073,15.6703615,9.21034
1367,27/5/2018,15:32:24,51.544613,-0.022325,3.87,3.0,509,-0.1087716587146749,10.002439024390243,13.94186637932213,2.3476429711281943,5.751041233627196,1.1277888722995762e-09,4.1808186,-7.912641,6.39211,15.646286,9.202608
1368,27/5/2018,15:32:24,51.544613,-0.022325,3.87,2.6,510,-0.0889721648090557,10.009756097560976,14.51568214886068,2.460881264361974,5.879979170435194,1.1383996650582767e-09,3.9151957,-7.792736,6.4679246,15.696871,9.039264
1369,27/5/2018,15:32:25,51.544624,-0.022335,4.11,2.6,507,-0.1483706465259133,10.017073170731708,14.977223373449808,2.810369213416079,6.110300748547781,1.21274049651968e-09,5.696391,-7.363123,6.2030425,14.735717,10.301829
1370,27/5/2018,15:32:26,51.544632,-0.022346,4.32,2.6,507,-0.1483706465259133,10.02439024390244,15.438764598038931,3.159857162470184,6.340622326660368,1.2870813279810835e-09,5.294133,-7.1334767,6.229209,14.65192,9.962839
1371,27/5/2018,15:32:27,51.544643,-0.022357,4.74,2.6,508,-0.1285711526202941,10.031707317073172,15.60100506541318,3.4988405912786207,6.618051066821857,1.4311480875513152e-09,4.6329474,-7.129453,6.372382,14.798307,9.427046
1372,27/5/2018,15:32:28,51.544655,-0.022363,4.07,2.6,507,-0.1483706465259133,10.039024390243902,12.874342571852994,3.736432563803034,7.350166327627754,2.2482216314741437e-09,4.7910557,-6.668806,6.234465,14.369877,9.403513
1373,27/5/2018,15:32:29,51.544666,-0.022365,4.17,2.6,510,-0.0889721648090557,10.046341463414636,10.147680078292144,3.9740245363275046,8.082281588433828,3.065295175397171e-09,3.2630062,-6.2532973,6.8976874,14.33634,8.014241
1374,27/5/2018,15:32:29,51.544666,-0.022365,4.17,2.2,513,-0.0295736830921981,10.053658536585369,7.421017584731297,4.211616508851975,8.814396849239902,3.8823687193201975e-09,2.4431496,-6.189068,7.380898,14.482488,7.384868
1375,27/5/2018,15:32:30,51.544678,-0.022373,5.02,2.2,511,-0.0691726709034365,10.0609756097561,5.481353484894523,4.88220630845986,10.107041334914092,7.0234978020667274e-09,2.7205834,-5.420491,7.163353,13.681942,7.364812
1376,27/5/2018,15:32:31,51.544689,-0.02238,4.3,2.2,512,-0.0493731769978173,10.06829268292683,3.609674465547296,5.590200748738527,11.448107297395325,1.0365391084749851e-08,0.45752603,-3.7154176,8.424667,12.531407,4.9074926
1377,27/5/2018,15:32:32,51.544704,-0.022386,4.07,2.2,514,-0.0097741891865789,10.07560975609756,1.737995446199613,6.298195189017365,12.789173259876884,1.3707284367433785e-08,0.1064222,-3.3042336,8.693938,11.988919,4.5598783
1378,27/5/2018,15:32:33,51.544716,-0.022391,4.28,2.2,513,-0.0295736830921981,10.082926829268294,1.054891709133201,8.90903722439126,14.316430629039475,2.085624668894868e-08,-2.4992354,-2.1304755,9.23658,11.173733,2.889516
1379,27/5/2018,15:32:34,51.544731,-0.022396,4.39,2.2,514,-0.0097741891865789,10.090243902439026,0.7741526922724333,12.164044380484215,15.90671880018048,2.929400433663988e-08,-3.8583844,-1.3487668,9.576453,10.390743,1.4778749
1380,27/5/2018,15:32:35,51.544746,-0.022401,4.32,2.2,515,0.0100253047190402,10.097560975609756,0.4934136754117336,15.41905153657638,17.4970069713211,3.773176198432903e-08,-4.7255054,-0.6198659,9.99864,9.766446,0.5396558
1381,27/5/2018,15:32:35,51.544746,-0.022401,4.32,3.5,516,0.0298247986246594,10.104878048780488,0.5586709850028215,15.045038397493231,16.985756705170314,3.5467483178588196e-08,-4.554942,-0.755677,9.92646,9.890705,0.7141678
1382,27/5/2018,15:32:36,51.544754,-0.022409,4.46,3.5,513,-0.0295736830921981,10.11219512195122,0.8810322842101439,11.974361956067508,14.912888944115954,2.5250702976626245e-08,-3.9389484,-1.4784017,9.680327,10.51855,1.543796
1383,27/5/2018,15:32:37,51.544765,-0.022419,4.89,3.5,512,-0.0493731769978173,10.119512195121953,1.2033935834174665,8.903685514641783,12.840021183061594,1.5033922774664298e-08,-0.7540837,-2.7615025,9.190983,11.567065,3.2854226
1384,27/5/2018,15:32:38,51.544777,-0.022426,3.89,3.5,512,-0.0493731769978173,10.126829268292685,1.5998257674367995,6.931402024705719,11.519466473749056,8.979817461434343e-09,-0.054757364,-3.2037275,8.788069,12.171867,4.279323
1385,27/5/2018,15:32:39,51.544788,-0.022433,4.98,3.5,512,-0.0493731769978173,10.134146341463415,2.107224416731704,6.60463395718421,11.325960811360964,9.161864445628996e-09,0.13273454,-3.3111074,8.721919,12.25681,4.4567966
1386,27/5/2018,15:32:39,51.544788,-0.022433,4.98,3.2,513,-0.0295736830921981,10.141463414634147,2.614623066026608,6.277865889662701,11.132455148972872,9.343911429823649e-09,0.35089964,-3.413519,8.706454,12.301435,4.7320805
1387,27/5/2018,15:32:40,51.5448,-0.022442,4.52,3.2,510,-0.0889721648090557,10.14878048780488,2.94836598281494,6.662978577438182,11.093902470548215,1.008974823969229e-08,-0.0700838,-3.3506668,8.697034,12.252031,4.190239
1388,27/5/2018,15:32:41,51.544807,-0.022452,4.5,3.2,510,-0.0889721648090557,10.15609756097561,2.690453059471603,9.47351310570944,11.5832842091709,1.275645191731106e-08,-0.59668946,-2.892676,9.074658,11.779009,3.5707536
1389,27/5/2018,15:32:42,51.544819,-0.02246,4.37,3.2,513,-0.0295736830921981,10.163414634146342,2.432540136128204,12.28404763398138,12.072665947793702,1.5423155594930477e-08,-4.2424827,-1.6022499,10.044035,10.5294485,1.4030566
1390,27/5/2018,15:32:43,51.54483,-0.022466,4.0,3.2,513,-0.0295736830921981,10.170731707317074,2.190727302418434,14.837765209653863,12.541851460192287,1.78359451107496e-08,-4.579442,-1.3224176,10.114114,10.339056,1.0871842
1391,27/5/2018,15:32:44,51.544838,-0.022472,3.91,3.2,517,0.0496242925302786,10.178048780487805,2.2336677489234336,12.849304988086114,12.6538376155579,1.5757896866598433e-08,-4.203793,-1.6972526,10.101201,10.586535,1.53866
1392,27/5/2018,15:32:44,51.544838,-0.022472,3.91,2.5,518,0.0694237864358978,10.185365853658537,2.276608195428444,10.860844766517882,12.765823770923538,1.367984862244676e-08,-3.8777766,-1.8437235,9.954276,10.718525,1.9124197
1393,27/5/2018,15:32:45,51.544849,-0.022477,3.82,2.5,516,0.0298247986246594,10.192682926829267,2.319548641933454,8.87238454494965,12.877809926289176,1.1601800378295085e-08,-1.5053003,-1.7898263,9.426586,11.019417,3.342422
1394,27/5/2018,15:32:46,51.544861,-0.022486,4.2,2.5,518,0.0694237864358978,10.2,2.249288868159036,7.9794506830780385,12.613260664050028,1.0917737262860937e-08,-0.99427354,-1.7283746,9.392215,10.873314,3.803759
1395,27/5/2018,15:32:47,51.544872,-0.02249,4.61,2.5,519,0.089223280341517,10.207317073170731,2.1636103766447863,7.235735715613657,12.297424458121492,1.0423545361283142e-08,-0.58843297,-1.4023286,9.594048,10.719344,4.1905255
1396,27/5/2018,15:32:48,51.544888,-0.022496,4.89,2.5,516,0.0298247986246594,10.214634146341464,2.077931885130516,6.492020748149095,11.98158825219288,9.929353459705224e-09,0.07719284,-2.949628,8.944862,11.767088,4.5766006
1397,27/5/2018,15:32:49,51.544899,-0.022503,4.22,2.5,515,0.0100253047190402,10.221951219512196,1.7634075006963692,6.465342613566021,12.623141359903473,1.1991756109281032e-08,0.10211528,-3.11969,8.849483,11.852765,4.58735
1398,27/5/2018,15:32:50,51.54491,-0.022512,4.2,2.5,516,0.0298247986246594,10.229268292682928,1.353918189574653,6.73621559252082,13.661985434129427,1.5115077139442152e-08,-0.9944375,-1.9739317,9.0565605,10.934598,3.8680422
1399,27/5/2018,15:32:50,51.54491,-0.022512,4.2,3.2,516,0.0298247986246594,10.236585365853658,0.944428878453036,7.007088571475553,14.700829508355136,1.8238398169602508e-08,-1.1708134,-1.9984426,8.953671,10.838559,3.7173653
1400,27/5/2018,15:32:51,51.544922,-0.02252,4.5,3.2,515,0.0100253047190402,10.24390243902439,0.6852655674035606,9.475768446651657,15.827986512408748,2.6486471633155524e-08,-2.6425128,-1.8240219,9.229509,10.787443,2.6543262
1401,27/5/2018,15:32:52,51.544933,-0.022528,4.24,3.2,517,0.0496242925302786,10.251219512195124,0.5576375064173129,13.867529356021649,17.03241733006157,3.921870347592703e-08,-4.455848,-0.73630834,9.839606,9.860483,0.794501
1402,27/5/2018,15:32:53,51.544949,-0.022535,4.76,3.2,516,0.0298247986246594,10.258536585365857,0.4300094454310652,18.259290265391645,18.23684814771439,5.1950935318698544e-08,-5.6265645,-0.042001784,10.426662,9.14888,-0.20580143
1403,27/5/2018,15:32:54,51.54496,-0.022543,4.78,3.2,513,-0.0295736830921981,10.265853658536583,0.3300772059471796,20.73603748031824,19.444289325979756,6.16275018621724e-08,-5.882519,0.47258723,10.493795,8.6254225,-0.4992759
1404,27/5/2018,15:32:54,51.54496,-0.022543,4.78,4.6,514,-0.0097741891865789,10.273170731707316,0.27939490692565,19.807422249939755,20.65708366125285,6.587034859161269e-08,-5.7986627,0.70530486,10.3534155,8.345687,-0.5986466
1405,27/5/2018,15:32:55,51.544971,-0.022551,4.32,4.6,514,-0.0097741891865789,10.28048780487805,0.2287126079041205,18.87880701956127,21.86987799652596,7.011319532105297e-08,-5.6731267,0.8417376,10.149812,8.291251,-0.54091805
1406,27/5/2018,15:32:55,51.544971,-0.022551,4.32,5.1,515,0.0100253047190402,10.287804878048782,0.2318920440072324,17.566089489645815,22.435286692082997,7.05053628481594e-08,-5.4040475,0.97734207,9.930365,8.209701,-0.4310546
1407,27/5/2018,15:32:56,51.544983,-0.022558,4.33,5.1,513,-0.0295736830921981,10.295121951219512,0.4699418177968825,14.578449371558214,20.17769528447448,5.410619748408093e-08,-4.5363107,0.127321,9.566842,9.122238,0.3354112
1408,27/5/2018,15:32:57,51.544994,-0.022565,5.0,5.1,513,-0.0295736830921981,10.302439024390244,0.7079915915865903,11.590809253469889,17.920103876865422,3.770703211999848e-08,-3.5611637,-1.3372691,9.303908,10.393724,1.6561699
1409,27/5/2018,15:32:57,51.544994,-0.022565,5.0,5.0,514,-0.0097741891865789,10.309756097560976,0.9426571365031278,8.649958547359171,15.690505750007128,2.1508334403227226e-08,-2.4436479,-1.9940134,9.132773,10.942339,2.8353977
1410,27/5/2018,15:32:58,51.54501,-0.022573,5.28,5.0,511,-0.0691726709034365,10.317073170731708,0.9233888183868028,9.219927167537126,15.56136896498058,2.0351622912155032e-08,-2.6769814,-2.254101,9.070692,11.189248,2.5999722
1411,27/5/2018,15:32:59,51.545017,-0.022583,4.37,5.0,512,-0.0493731769978173,10.32439024390244,0.9041205002704824,9.78989578771494,15.432232179954068,1.9194911421083122e-08,-2.7987094,-2.1188664,9.181653,11.08839,2.537684
1412,27/5/2018,15:33:0,51.545029,-0.022595,4.33,5.0,513,-0.0295736830921981,10.331707317073173,0.8848521821541576,10.359864407892896,15.30309539492752,1.8038199930010928e-08,-2.9436724,-1.9498912,9.28561,10.97051,2.4261522
1413,27/5/2018,15:33:1,51.54504,-0.022603,4.39,5.0,514,-0.0097741891865789,10.339024390243903,0.7186711419135168,15.066119742500083,16.902760223083565,3.2480059707430085e-08,-4.595465,-0.74305344,9.965366,9.906563,0.6760307
1414,27/5/2018,15:33:1,51.54504,-0.022603,4.39,5.3,516,0.0298247986246594,10.346341463414635,0.5244563509164815,20.56165751046369,18.832313387868503,4.9898424533382176e-08,-5.8084188,0.108252935,10.5496025,8.984171,-0.35095906
1415,27/5/2018,15:33:2,51.545048,-0.022613,4.39,5.3,513,-0.0295736830921981,10.353658536585366,0.3302415599194933,26.05719527842596,20.76186655265297,6.731678935933003e-08,-6.6900144,3.379152,10.7104,5.8794694,-1.4797502
1416,27/5/2018,15:33:3,51.545055,-0.022624,4.39,5.3,513,-0.0295736830921981,10.360975609756098,0.2628197385020919,26.83011331781831,21.37345578331303,7.03999963284536e-08,-6.712541,3.460864,10.711618,5.799828,-1.4927784
1417,27/5/2018,15:33:4,51.545067,-0.022635,4.43,5.3,515,0.0100253047190402,10.36829268292683,0.2588806947304228,25.238507368789183,21.325166066011423,6.63058681364982e-08,-6.571633,3.2527618,10.604443,6.0145683,-1.3803629
1418,27/5/2018,15:33:4,51.545067,-0.022635,4.43,5.0,516,0.0298247986246594,10.375609756097562,0.2549416509587536,23.646901419760056,21.276876348709816,6.221173994454283e-08,-6.4262614,3.045291,10.538639,6.2270856,-1.3060459
1419,27/5/2018,15:33:5,51.545074,-0.022645,4.78,5.0,514,-0.0097741891865789,10.382926829268293,0.3317382634665725,21.282264985573093,20.893981919208752,5.582702841474597e-08,-5.928849,0.8392448,10.391114,8.17089,-0.6499552
1420,27/5/2018,15:33:6,51.545086,-0.022657,4.41,5.0,515,0.0100253047190402,10.390243902439025,0.4915730210714084,18.122552118628786,20.166940232818096,4.7086408723303516e-08,-5.6206794,0.581262,10.227005,8.560442,-0.43806803
1421,27/5/2018,15:33:7,51.545094,-0.022669,4.91,5.0,517,0.0496242925302786,10.397560975609755,0.6514077786762442,14.962839251684477,19.439898546427443,3.8345789031861045e-08,-4.692127,-0.09997967,9.796523,9.312245,0.35999778
1422,27/5/2018,15:33:8,51.545105,-0.022681,4.59,5.0,516,0.0298247986246594,10.404878048780487,0.7254180776454874,13.607893245954251,19.418712988572416,3.4594539353769e-08,-4.2339163,-0.16634427,9.5271225,9.341849,0.6942696
1423,27/5/2018,15:33:8,51.545105,-0.022681,4.59,4.8,518,0.0694237864358978,10.41219512195122,0.6166961683278444,16.09554688181232,20.90039329379019,4.1466352319986795e-08,-5.3377304,0.74164814,9.971488,8.463288,-0.29704326
1424,27/5/2018,15:33:9,51.545113,-0.022692,4.5,4.8,514,-0.0097741891865789,10.419512195121952,0.5079742590101748,18.583200517670992,22.38207359900833,4.833816528620624e-08,-5.615289,0.91306907,10.081681,8.231087,-0.5302449
1425,27/5/2018,15:33:10,51.545124,-0.022702,4.44,4.8,514,-0.0097741891865789,10.426829268292684,0.4076016794566444,20.66836974861412,23.68165437831105,5.474474710545853e-08,-5.9363074,2.1167288,10.195337,7.145318,-0.9037186
1426,27/5/2018,15:33:10,51.545124,-0.022702,4.44,4.9,515,0.0100253047190402,10.434146341463416,0.3559954023931267,20.402730376700724,23.91763834027158,5.8434032628878734e-08,-5.933317,2.158203,10.175532,7.1084423,-0.8991894
1427,27/5/2018,15:33:11,51.545135,-0.022713,4.61,4.9,513,-0.0295736830921981,10.441463414634146,0.3043891253296215,20.13709100478739,24.15362230223205,6.212331815229804e-08,-5.801138,2.0271435,10.053055,7.2955976,-0.7951698
1428,27/5/2018,15:33:12,51.545143,-0.022723,4.41,4.9,516,0.0298247986246594,10.448780487804878,0.2527828482661037,19.871451632873992,24.38960626419258,6.581260367571823e-08,-5.873087,2.0942967,10.13132,7.166003,-0.85626745
1429,27/5/2018,15:33:13,51.545151,-0.022731,4.06,4.9,516,0.0298247986246594,10.45609756097561,0.4041102694989534,16.51433303520347,21.806043810164056,5.293411547607076e-08,-5.2234273,0.95597357,9.820932,8.25509,-0.33149186
1430,27/5/2018,15:33:14,51.545162,-0.022742,4.48,4.9,516,0.0298247986246594,10.463414634146345,0.5611141578169798,13.070739494155683,19.14361292491956,3.95921930464104e-08,-3.9948537,-0.26985484,9.44688,9.437992,0.90485954
1431,27/5/2018,15:33:15,51.54517,-0.022753,4.3,4.9,515,0.0100253047190402,10.470731707317071,0.7181180461349679,9.627145953108732,16.481182039675716,2.6250270616753296e-08,-2.7919798,-1.7333714,9.227443,10.719962,2.533849
1432,27/5/2018,15:33:16,51.545177,-0.022766,4.72,4.9,517,0.0496242925302786,10.478048780487804,0.8603972970712601,8.935095605260786,15.857253279230807,2.323092581107285e-08,-2.0992491,-1.5380293,9.357848,10.525419,3.0152051
1433,27/5/2018,15:33:16,51.545177,-0.022766,4.72,4.9,517,0.0496242925302786,10.485365853658536,0.9989814659717062,8.933532741787817,15.744877529301794,2.2801985791136813e-08,-2.0816176,-1.55472,9.345247,10.562402,3.0315833
1434,27/5/2018,15:33:17,51.545189,-0.022776,4.07,4.9,514,-0.0097741891865789,10.49268292682927,1.1375656348721523,8.931969878314849,15.632501779372785,2.2373045771200773e-08,-2.4768455,-1.9718713,9.157018,10.938675,2.7884004
1435,27/5/2018,15:33:18,51.545197,-0.022784,3.91,4.9,515,0.0100253047190402,10.5,1.495765123516307,8.277235246913131,14.66658405799243,1.9446272099543767e-08,-2.0932524,-1.9601756,9.212982,10.930919,3.1567173
1436,27/5/2018,15:33:19,51.545208,-0.022794,4.98,4.9,517,0.0496242925302786,10.507317073170732,1.985171639701221,7.232269523056427,13.190726023313047,1.5027192111934145e-08,-1.0668269,-1.8115178,9.289436,10.869497,3.7679222
1437,27/5/2018,15:33:19,51.545208,-0.022794,4.98,5.2,519,0.089223280341517,10.514634146341464,2.4745781558861357,6.187303799199723,11.714867988633664,1.0608112124324522e-08,0.3246782,-0.6252934,10.126664,10.430703,5.4399543
1438,27/5/2018,15:33:20,51.545212,-0.022804,2.17,5.2,517,0.0496242925302786,10.521951219512196,3.005138641405108,5.369999271268674,10.440910880629584,7.413073410034755e-09,1.0614449,-0.7579834,10.243005,10.720124,5.964346
1439,27/5/2018,15:33:21,51.545216,-0.022805,1.59,5.2,516,0.0298247986246594,10.529268292682929,3.585471512681648,4.828032482297859,9.4111365566909,5.698413269790114e-09,1.2314239,-0.8028841,10.197258,10.885041,6.121419
1440,27/5/2018,15:33:22,51.545219,-0.022819,4.48,5.2,518,0.0694237864358978,10.53658536585366,4.165804383958329,4.286065693326913,8.381362232751961,3.983753129545055e-09,1.7537633,-0.02939257,10.8958435,10.43364,6.7388344
1441,27/5/2018,15:33:23,51.545231,-0.02283,4.22,5.2,519,0.089223280341517,10.543902439024391,4.476277943575535,3.888081529637011,7.598879236116789,2.7175856558740244e-09,2.0376072,0.33619282,11.123391,10.258895,6.9734807
1442,27/5/2018,15:33:23,51.545231,-0.02283,4.22,4.8,519,0.089223280341517,10.551219512195123,4.090114146402778,3.861786135486531,7.454774717328469,2.609194594884516e-09,2.0715044,0.33274236,11.15164,10.219009,7.0086384
1443,27/5/2018,15:33:24,51.545238,-0.022841,5.0,4.8,518,0.0694237864358978,10.558536585365854,3.7039503492301153,3.8354907413360575,7.310670198540183,2.5008035338950344e-09,1.9942555,0.15291002,11.03867,10.400944,6.911342
1444,27/5/2018,15:33:25,51.54525,-0.022852,4.54,4.8,516,0.0298247986246594,10.565853658536586,3.306492812068312,3.7794348246879887,7.189720061406395,2.4747731325258223e-09,1.9269738,-0.044355366,10.939984,10.516342,6.8478436
1445,27/5/2018,15:33:26,51.545261,-0.022861,4.61,4.8,516,0.0298247986246594,10.573170731707318,2.8136031719991568,3.4719024929355453,7.264424449253211,3.144690304947422e-09,1.9330394,-0.043996066,10.94308,10.51098,6.8523803
1446,27/5/2018,15:33:27,51.545269,-0.022874,4.35,4.8,516,0.0298247986246594,10.58048780487805,2.320713531930002,3.164370161183101,7.339128837100025,3.814607477369022e-09,1.9239075,-0.05209055,10.91926,10.542186,6.8515744
1447,27/5/2018,15:33:28,51.545277,-0.022885,4.37,4.8,517,0.0496242925302786,10.58780487804878,1.827823891860966,2.8568378294307326,7.413833224946821,4.48452464979046e-09,1.9547877,-0.01550725,10.961772,10.496595,6.871005
1448,27/5/2018,15:33:28,51.545277,-0.022885,4.37,4.6,517,0.0496242925302786,10.595121951219513,1.5966625286311595,3.7824602124397817,8.549682973975925,6.625026644827251e-09,1.8077321,-0.11848433,10.8266735,10.523262,6.7214136
1449,27/5/2018,15:33:29,51.545284,-0.022895,3.96,4.6,516,0.0298247986246594,10.602439024390245,1.384468827487479,4.797450325263771,9.76243479441369,8.872103123604181e-09,1.1914349,-0.8335713,10.174161,10.884169,6.085944
1450,27/5/2018,15:33:30,51.545296,-0.022904,4.39,4.6,517,0.0496242925302786,10.609756097560975,1.1722751263437985,5.81244043808776,10.975186614851452,1.1119179602381112e-08,0.8679757,-0.7680343,10.194985,10.674908,5.837031
1451,27/5/2018,15:33:31,51.545307,-0.022914,5.3,4.6,516,0.0298247986246594,10.617073170731707,0.975346042933632,7.937198761158863,13.435201328306851,1.9506132763944493e-08,-1.3239268,-1.8171123,9.295909,10.904978,3.5419717
1452,27/5/2018,15:33:31,51.545307,-0.022914,5.3,4.2,515,0.0100253047190402,10.62439024390244,0.7832629664278465,10.414271469240282,16.291180401745017,2.9842291946693335e-08,-2.9730716,-1.6363695,9.261832,10.686306,2.3694963
1453,27/5/2018,15:33:32,51.545319,-0.022922,4.15,4.2,513,-0.0295736830921981,10.631707317073172,0.5911798899220613,12.8913441773217,19.147159475183187,4.017845112944217e-08,-3.9408789,-0.5243087,9.4466305,9.753249,1.0618422
1454,27/5/2018,15:33:33,51.54533,-0.022929,4.61,4.2,516,0.0298247986246594,10.639024390243904,0.5415801842265513,13.408728719791911,19.93131265151625,4.2550041761015465e-08,-4.1267805,-0.10532286,9.456033,9.27811,0.7201778
1455,27/5/2018,15:33:34,51.545341,-0.022939,5.02,4.2,516,0.0298247986246594,10.646341463414634,0.5927927963912701,12.53956053589812,19.24957145924872,3.928640203669115e-08,-3.843555,-0.3321556,9.402219,9.457772,0.99456894
1456,27/5/2018,15:33:35,51.545349,-0.022953,5.56,4.2,517,0.0496242925302786,10.653658536585366,0.6440054085560015,11.670392352004118,18.567830266981016,3.6022762312366065e-08,-3.6313868,-0.35881627,9.330095,9.4668665,1.2313243
1457,27/5/2018,15:33:36,51.545361,-0.022968,5.37,4.2,515,0.0100253047190402,10.6609756097561,0.6919821042300651,12.536291945902192,18.60793050957554,3.6929777228285364e-08,-3.8365653,-0.38235083,9.406129,9.519862,1.0224441
1458,27/5/2018,15:33:37,51.545368,-0.022984,4.52,4.2,516,0.0298247986246594,10.66829268292683,0.7353452159966446,15.875951539819326,19.67719081771565,4.37830720273222e-08,-4.8191385,-0.055416398,9.873573,9.254643,0.25424498
1459,27/5/2018,15:33:37,51.545368,-0.022984,4.52,4.5,517,0.0496242925302786,10.67560975609756,0.7787083277632135,19.21561113373565,20.74645112585551,5.063636682635738e-08,-5.6394467,0.6301974,10.193881,8.501413,-0.4452244
1460,27/5/2018,15:33:38,51.545376,-0.022996,4.2,4.5,513,-0.0295736830921981,10.682926829268292,1.128491244789976,20.761157493289453,21.013396159425017,5.278032991353676e-08,-5.89682,0.82340586,10.367399,8.210314,-0.6409508
1461,27/5/2018,15:33:38,51.545376,-0.022996,4.2,4.4,514,-0.0097741891865789,10.690243902439024,2.454744870351468,16.58938731169231,18.723595998397915,3.991702390628571e-08,-5.0607777,-0.1596089,10.085925,9.389225,0.17194556
1462,27/5/2018,15:33:39,51.545387,-0.023008,5.48,4.4,512,-0.0493731769978173,10.697560975609758,3.78099849591296,12.417617130095165,16.433795837370816,2.7053717899034663e-08,-3.8548832,-1.3169426,9.568518,10.389759,1.441231
1463,27/5/2018,15:33:39,51.545387,-0.023008,5.48,4.5,513,-0.0295736830921981,10.704878048780488,5.100448705165018,8.452801366691359,14.207477348542197,1.4846995101610541e-08,-2.4281354,-2.142984,9.231525,11.174449,2.9370475
1464,27/5/2018,15:33:40,51.545399,-0.023021,4.85,4.5,506,-0.1681701404315325,10.71219512195122,6.322765612747649,7.44270203115474,12.887495343611844,1.2014400256000914e-08,-0.5043154,-3.2718334,8.620753,12.12543,3.672688
1465,27/5/2018,15:33:41,51.545406,-0.023034,4.85,4.5,508,-0.1285711526202941,10.719512195121952,7.545082520330278,6.4326026956181215,11.567513338681492,9.181805410391293e-09,-0.19879752,-3.3996816,8.631341,12.267974,4.050371
1466,27/5/2018,15:33:41,51.545406,-0.023034,4.85,4.6,510,-0.0889721648090557,10.726829268292684,8.767399427912611,5.422503360081748,10.24753133375146,6.349210564782352e-09,2.9400413,-5.352685,7.0795994,13.585888,7.5364957
1467,27/5/2018,15:33:42,51.545414,-0.023045,4.37,4.6,510,-0.0889721648090557,10.734146341463417,7.28482719744747,5.476600461586454,10.798229379184134,7.1022821135638184e-09,2.9224713,-5.296991,7.0776157,13.570625,7.5243235
1468,27/5/2018,15:33:42,51.545414,-0.023045,4.37,4.4,512,-0.0493731769978173,10.741463414634149,5.4749730072186615,5.659461544797178,11.575273053486274,8.289206535687816e-09,0.4438852,-3.716246,8.433924,12.527123,4.883213
1469,27/5/2018,15:33:43,51.545425,-0.023056,4.52,4.4,511,-0.0691726709034365,10.74878048780488,3.665118816989853,5.842322628007904,12.352316727788414,9.476130957811814e-09,0.16394114,-3.7705884,8.404914,12.445023,4.5831985
1470,27/5/2018,15:33:43,51.545425,-0.023056,4.52,4.3,514,-0.0097741891865789,10.75609756097561,2.666625546507297,9.03237398208839,13.920315567804678,1.949392149963595e-08,-2.4793782,-2.1066897,9.330807,11.144053,2.9367085
1471,27/5/2018,15:33:44,51.545433,-0.023068,4.56,4.3,512,-0.0493731769978173,10.763414634146342,1.985747478306071,13.399619508253656,15.797941577235283,3.2968641332324645e-08,-4.1092668,-1.220526,9.7360325,10.305917,1.2423462
1472,27/5/2018,15:33:45,51.545444,-0.023081,4.72,4.3,516,0.0298247986246594,10.770731707317074,1.304869410104844,17.766865034418924,17.675567586665892,4.6443361165013354e-08,-5.532608,-0.15813176,10.399366,9.295153,-0.094144315
1473,27/5/2018,15:33:45,51.545444,-0.023081,4.72,4.5,517,0.0496242925302786,10.778048780487806,0.9673238428672942,17.682574579517116,17.976167828398577,4.739927901700026e-08,-5.5488324,-0.09716375,10.386565,9.223952,-0.13416138
1474,27/5/2018,15:33:46,51.545452,-0.023092,3.37,4.5,516,0.0298247986246594,10.785365853658536,0.9160949273898112,13.88599684126528,16.96163263646521,3.791534204283398e-08,-4.4587426,-0.7614209,9.873923,9.921748,0.7911862
1475,27/5/2018,15:33:46,51.545452,-0.023092,3.37,4.4,517,0.0496242925302786,10.792682926829269,0.8648660119123155,10.08941910301252,15.9470974445316,2.843140506866541e-08,-2.4688194,-1.5650669,9.362501,10.549311,2.7384179
1476,27/5/2018,15:33:47,51.54546,-0.023107,5.26,4.4,515,0.0100253047190402,10.8,0.7734449801500569,8.620176469151442,16.220715256991518,2.5316355595218913e-08,-2.327277,-1.8632036,9.112763,10.823868,2.8546035
1477,27/5/2018,15:33:47,51.54546,-0.023107,5.26,4.4,516,0.0298247986246594,10.807317073170733,0.6141384836873679,11.081859590875649,18.67005491223635,3.295851244920307e-08,-3.6036785,-0.38571218,9.319928,9.509596,1.2612382
1478,27/5/2018,15:33:48,51.545467,-0.023118,3.32,4.4,515,0.0100253047190402,10.814634146341463,0.4548319872247175,13.543542712599256,21.119394567480587,4.0600669303185376e-08,-4.0510993,0.29940364,9.205498,8.972338,0.67307985
1479,27/5/2018,15:33:48,51.545467,-0.023118,3.32,4.2,516,0.0298247986246594,10.821951219512195,0.3416045661263294,15.891853647622908,22.685296981180294,4.7040724357291986e-08,-5.0833416,1.0750625,9.603892,8.176153,-0.22975141
1480,27/5/2018,15:33:49,51.545471,-0.023131,4.74,4.2,514,-0.0097741891865789,10.829268292682928,0.4144481713656515,17.782358540082907,20.68380849261788,4.8626595296434416e-08,-5.57134,0.6607712,10.172053,8.472057,-0.45793545
1481,27/5/2018,15:33:49,51.545471,-0.023131,4.74,4.0,515,0.0100253047190402,10.83658536585366,0.4872917766049736,19.67286343254291,18.682320004055462,5.0212466235576846e-08,-5.7676787,0.097569704,10.497596,8.98752,-0.36075166
1482,27/5/2018,15:33:50,51.545479,-0.023145,4.76,4.0,512,-0.0493731769978173,10.84390243902439,0.5641164929356061,21.490089923069693,16.679518898384664,5.149411771513634e-08,-5.931703,-0.2090862,10.830116,9.194188,-0.29786444
1483,27/5/2018,15:33:51,51.545486,-0.02316,4.85,4.0,512,-0.0493731769978173,10.851219512195122,0.7956049769049196,20.46049464212014,14.625723408766788,4.0957026454628446e-08,-5.811203,-0.49511233,10.808161,9.439243,-0.11495363
1484,27/5/2018,15:33:52,51.545494,-0.023173,4.85,4.0,514,-0.0097741891865789,10.858536585365854,1.027093460874233,19.430899361170585,12.57192791914891,3.0419935194120575e-08,-5.5374417,-0.891549,10.728864,9.847292,0.23210594
1485,27/5/2018,15:33:53,51.545506,-0.023186,4.76,4.0,516,0.0298247986246594,10.865853658536588,1.2585819448435465,18.40130408022103,10.518132429531033,1.988284393361269e-08,-5.359261,-1.0739441,10.66222,10.036287,0.44865373
1486,27/5/2018,15:33:54,51.545513,-0.023197,4.44,4.0,518,0.0694237864358978,10.873170731707315,1.318759595009883,18.177614082851303,10.301849163363505,2.0201360159203332e-08,-5.362302,-1.0690902,10.6627445,10.033144,0.44258633
1487,27/5/2018,15:33:54,51.545513,-0.023197,4.44,4.2,518,0.0694237864358978,10.88048780487805,1.3491083619741333,18.09424944636037,10.405516108627223,2.241007002055164e-08,-5.3574667,-1.0728624,10.6532,10.05623,0.47101414
1488,27/5/2018,15:33:55,51.545525,-0.023208,4.67,4.2,514,-0.0097741891865789,10.88780487804878,1.379457128938384,18.010884809869435,10.509183053890943,2.4618779881899943e-08,-5.3386917,-1.088075,10.637782,10.0690155,0.5008714
1489,27/5/2018,15:33:55,51.545525,-0.023208,4.67,4.2,513,-0.0295736830921981,10.895121951219512,1.3304893399145603,16.006311607233602,10.4648299159038,2.1999660099986518e-08,-4.9202566,-1.3323064,10.429788,10.271535,0.8687482
1490,27/5/2018,15:33:56,51.545532,-0.023217,4.22,4.2,512,-0.0493731769978173,10.902439024390244,1.2439049627154843,13.09058800817498,10.350276925641772,1.709089880239552e-08,-4.542765,-1.4967512,10.235936,10.466513,1.2221401
1491,27/5/2018,15:33:56,51.545532,-0.023217,4.22,4.2,512,-0.0493731769978173,10.909756097560976,1.1573205855163875,10.17486440911565,10.235723935379715,1.2182137504803334e-08,-0.5305018,-2.748808,9.2086935,11.690275,3.6416717
1492,27/5/2018,15:33:57,51.54554,-0.023228,4.82,4.2,512,-0.0493731769978173,10.917073170731708,0.9826197766630416,9.180705677426603,11.494729830223232,1.3038882430062552e-08,-0.5738348,-2.8151605,9.164569,11.703646,3.54938
1493,27/5/2018,15:33:57,51.54554,-0.023228,4.82,4.3,514,-0.0097741891865789,10.92439024390244,0.7215173768912704,10.070716089640245,14.100563673784952,1.954893061275597e-08,-2.7381275,-2.049064,9.4244795,11.0844345,2.6467602
1494,27/5/2018,15:33:58,51.545551,-0.02324,4.87,4.3,514,-0.0097741891865789,10.93170731707317,0.4604149771195626,10.960726501853664,16.70639751734604,2.605897879544781e-08,-3.4515173,-1.4286338,9.33327,10.454708,1.7799242
1495,27/5/2018,15:33:58,51.545551,-0.02324,4.87,4.4,515,0.0100253047190402,10.939024390243905,0.2677085605721842,14.197243874020826,19.81677680149637,3.9692950650401846e-08,-4.5033293,-0.040736254,9.639789,9.28996,0.47949043
1496,27/5/2018,15:33:59,51.545559,-0.02325,3.96,4.4,514,-0.0097741891865789,10.946341463414637,0.2129168899519705,22.16529511619013,23.944529518516244,6.76917152453181e-08,-6.0435085,2.5411167,10.27875,6.7882333,-1.0410752
1497,27/5/2018,15:33:59,51.545559,-0.02325,3.96,4.4,515,0.0100253047190402,10.953658536585367,0.1581252193317568,30.133346358359432,28.072282235536115,9.569047984023437e-08,-6.2651324,4.2426653,10.427072,4.844504,-1.3816746
1498,27/5/2018,15:34:0,51.545567,-0.023263,4.96,4.4,513,-0.0295736830921981,10.960975609756098,0.1248714263634619,35.88212885244875,31.203450248421355,1.1587154975654369e-07,-6.144463,5.1363277,10.427797,3.9048643,-1.6095065
1499,27/5/2018,15:34:0,51.545567,-0.023263,4.96,4.2,516,0.0298247986246594,10.96829268292683,0.2062872707216999,29.815320851265128,29.02870983174254,9.443049570998926e-08,-6.1642575,4.3227882,10.3824835,4.772184,-1.3243719
1500,27/5/2018,15:34:1,51.545578,-0.023279,5.28,4.2,515,0.0100253047190402,10.975609756097562,0.2877031150799378,23.748512850081504,26.853969415063723,7.298944166343488e-08,-5.889978,3.4313812,10.072662,5.7120476,-1.0331768
1501,27/5/2018,15:34:1,51.545578,-0.023279,5.28,3.9,517,0.0496242925302786,10.982926829268294,0.3691189594381758,17.68170484889788,24.679228998384904,5.154838761688048e-08,-5.2159286,1.4655032,9.691873,7.801417,-0.4095637
1502,27/5/2018,15:34:2,51.545586,-0.023296,5.15,3.9,515,0.0100253047190402,10.990243902439024,0.3425675597717607,21.5808026919961,25.303134048548745,7.241288840268186e-08,-5.8672333,2.485762,10.109925,6.825344,-0.9240101
1503,27/5/2018,15:34:2,51.545586,-0.023296,5.15,4.0,516,0.0298247986246594,10.997560975609757,0.314342120859667,25.634422563074345,25.97043228141866,9.393333960881329e-08,-6.17607,3.5656378,10.270407,5.5066814,-1.1875091
1504,27/5/2018,15:34:3,51.545597,-0.023312,6.17,4.0,514,-0.0097741891865789,11.004878048780489,0.2861166819475734,29.68804243415259,26.637730514288577,1.154537908149447e-07,-6.289985,4.1728125,10.444098,4.9704723,-1.3881447
1505,27/5/2018,15:34:4,51.545605,-0.023326,3.98,4.0,513,-0.0295736830921981,11.01219512195122,0.3790727137977177,26.43026579850249,25.97533451728289,1.0053879124366093e-07,-6.290556,3.8262684,10.327549,5.3320513,-1.2401992
1506,27/5/2018,15:34:4,51.545605,-0.023326,3.98,4.1,516,0.0298247986246594,11.019512195121951,0.5002073324768115,21.472354480463352,25.00374187431448,7.715137829988952e-08,-5.8526583,2.5018384,10.138742,6.7966948,-0.9539038
1507,27/5/2018,15:34:5,51.545612,-0.023336,4.33,4.1,512,-0.0493731769978173,11.026829268292683,0.6213419511559348,16.514443162423007,24.03214923134584,5.3763965356112453e-08,-4.991061,1.0927118,9.504547,8.197501,-0.31179732
1508,27/5/2018,15:34:5,51.545612,-0.023336,4.33,4.1,513,-0.0295736830921981,11.034146341463416,0.8563828266725662,12.698456799136745,21.51194088167056,3.813546381949989e-08,-3.9723687,0.33025953,9.110904,8.939537,0.67062944
1509,27/5/2018,15:34:6,51.54562,-0.023347,4.85,4.1,512,-0.0493731769978173,11.041463414634148,1.156069551745073,9.530553437422906,18.112838072857382,2.691042029714244e-08,-3.1445594,-1.5275978,8.994246,10.510296,2.011306
1510,27/5/2018,15:34:6,51.54562,-0.023347,4.85,4.3,513,-0.0295736830921981,11.048780487804878,1.4557562768175072,6.362650075709839,14.713735264045038,1.56853767747877e-08,-0.969171,-3.3368318,8.099428,11.555172,3.9885235
1511,27/5/2018,15:34:7,51.545631,-0.023357,4.06,4.3,512,-0.0493731769978173,11.05609756097561,1.706425394902637,4.7840319737047565,13.418671326275888,1.0251956702731985e-08,0.04705878,-4.1748295,7.880384,12.406021,4.750481
1512,27/5/2018,15:34:7,51.545631,-0.023357,4.06,4.3,513,-0.0295736830921981,11.063414634146342,1.9005958589202925,5.037255196102619,14.548763809346424,1.14940752772677e-08,-0.35372952,-3.9469433,7.8570166,12.044627,4.461086
1513,27/5/2018,15:34:8,51.545639,-0.023371,5.48,4.3,511,-0.0691726709034365,11.070731707317076,2.0947663229379483,5.290478418500481,15.67885629241696,1.2736193851803413e-08,-1.3459518,-3.4583893,7.9040265,11.673496,3.5191813
1514,27/5/2018,15:34:8,51.545639,-0.023371,5.48,4.4,514,-0.0097741891865789,11.078048780487803,2.353734561469341,5.407712090637689,16.140652095667082,1.3167377443302372e-08,-1.488353,-2.6476042,8.1544075,11.052296,3.450384
1515,27/5/2018,15:34:9,51.545647,-0.023383,4.74,4.4,511,-0.0691726709034365,11.085365853658535,2.7704581295413098,5.193868399757429,14.975426542907154,1.1624275398531111e-08,-1.0982505,-3.657523,7.8901267,11.882373,3.768112
1516,27/5/2018,15:34:9,51.545647,-0.023383,4.74,4.3,513,-0.0295736830921981,11.09268292682927,3.187181697613279,4.980024708877169,13.810200990147226,1.0081173353759848e-08,-0.039849725,-4.1274595,7.856369,12.323681,4.758031
1517,27/5/2018,15:34:10,51.545658,-0.023395,4.54,4.3,510,-0.0889721648090557,11.1,3.595317996572766,4.749236590985792,12.719950036031433,8.652099241918015e-09,0.17195693,-4.280432,7.985425,12.731367,4.677995
1518,27/5/2018,15:34:10,51.545658,-0.023395,4.54,4.5,511,-0.0691726709034365,11.107317073170732,3.9391214296267103,4.391506655332368,12.191382981384857,8.077283174460143e-09,0.49187893,-4.365376,7.9239225,12.847475,5.00268
1519,27/5/2018,15:34:11,51.545666,-0.023407,4.37,4.5,511,-0.0691726709034365,11.114634146341464,4.282924862680738,4.033776719678857,11.662815926738151,7.502467107002132e-09,0.6549795,-4.4770317,7.8216295,12.97306,5.135011
1520,27/5/2018,15:34:11,51.545666,-0.023407,4.37,4.6,513,-0.0295736830921981,11.121951219512196,4.6267282957347655,3.6760467840253455,11.134248872091447,6.927651039544121e-09,1.2696284,-4.672814,7.8194637,13.140609,5.8752375
1521,27/5/2018,15:34:12,51.545673,-0.023418,4.7,4.6,510,-0.0889721648090557,11.129268292682928,4.903178555482093,3.7229202091166735,10.911016580781483,6.445715749469341e-09,2.71401,-5.589169,6.9569144,13.73216,7.306871
1522,27/5/2018,15:34:12,51.545673,-0.023418,4.7,4.7,512,-0.0493731769978173,11.13658536585366,5.175661155908587,3.7936281206420976,10.705771033974177,5.969251905861299e-09,1.7479208,-5.0939727,7.5967464,13.490064,6.383428
1523,27/5/2018,15:34:13,51.545681,-0.023433,5.0,4.7,509,-0.1087716587146749,11.14390243902439,5.448143756335148,3.864336032167538,10.500525487166817,5.492788062253141e-09,3.106379,-5.718831,6.7982554,13.854192,7.594425
1524,27/5/2018,15:34:13,51.545681,-0.023433,5.0,4.7,511,-0.0691726709034365,11.151219512195125,5.448034429059504,3.6755261044179632,10.177218851188131,5.1248289190423905e-09,2.4948142,-5.7034163,7.1968856,13.97432,7.1749206
1525,27/5/2018,15:34:14,51.545692,-0.023445,5.43,4.7,511,-0.0691726709034365,11.158536585365855,5.36694926443712,3.4096241126485425,9.818841126955654,4.789102054479068e-09,2.586596,-5.90628,7.171679,14.177826,7.317828
1526,27/5/2018,15:34:14,51.545692,-0.023445,5.43,4.8,512,-0.0493731769978173,11.165853658536586,5.285864099814756,3.1437221208791866,9.460463402723262,4.453375189915828e-09,2.5007825,-6.0899463,7.275844,14.315239,7.3078995
1527,27/5/2018,15:34:15,51.5457,-0.023456,4.94,4.8,510,-0.0889721648090557,11.173170731707318,5.3068478582427,3.202729391559884,9.819374918099829,5.2049949467586284e-09,2.8091412,-5.9545355,7.0081825,14.126824,7.51148
1528,27/5/2018,15:34:15,51.5457,-0.023456,4.94,5.0,512,-0.0493731769978173,11.18048780487805,5.396566115319742,3.480534652790015,10.661318043858028,6.688847616877945e-09,1.8361055,-5.1860733,7.5550494,13.548067,6.478667
1529,27/5/2018,15:34:16,51.545712,-0.023469,4.85,5.0,510,-0.0889721648090557,11.187804878048782,5.486284372396784,3.758339914020145,11.50326116961623,8.172700286997262e-09,0.73428535,-4.556248,7.737148,13.057901,5.230436
1530,27/5/2018,15:34:16,51.545712,-0.023469,4.85,5.2,513,-0.0295736830921981,11.195121951219512,5.734028344973917,3.864420497332995,11.575260444331777,8.481491845017524e-09,1.1204557,-4.571605,7.8731227,13.037611,5.695344
1531,27/5/2018,15:34:17,51.545719,-0.02348,4.11,5.2,509,-0.1087716587146749,11.202439024390245,6.196284060366466,3.737393704242941,10.602100728092072,7.1951986646260195e-09,3.1339922,-5.7368064,6.7365785,13.860869,7.66382
1532,27/5/2018,15:34:18,51.545727,-0.023493,4.3,5.2,510,-0.0889721648090557,11.209756097560977,6.658539775759016,3.610366911152887,9.628941011852366,5.908905484234515e-09,2.914651,-5.898778,6.96824,14.083867,7.573163
1533,27/5/2018,15:34:18,51.545727,-0.023493,4.3,4.8,511,-0.0691726709034365,11.217073170731709,6.854906456522201,3.6568592552557457,9.043104085056848,5.056733054813959e-09,2.6787422,-6.177238,7.1502323,14.365324,7.510597
1534,27/5/2018,15:34:19,51.545734,-0.023504,4.76,4.8,510,-0.0889721648090557,11.22439024390244,6.256971717380528,4.221712566162327,9.614332706473576,5.501427678926049e-09,2.902575,-5.7785044,7.007625,13.973618,7.550642
1535,27/5/2018,15:34:19,51.545734,-0.023504,4.76,5.0,510,-0.0889721648090557,11.231707317073171,5.65903697823871,4.786565877069046,10.185561327890442,5.9461223030382485e-09,2.8125107,-5.456356,7.098863,13.638235,7.4690514
1536,27/5/2018,15:34:20,51.545742,-0.023514,3.94,5.0,509,-0.1087716587146749,11.239024390243904,5.038732790365241,5.314375443499203,10.782198142856672,6.5133422124614206e-09,2.9491549,-5.2925487,7.053645,13.564805,7.5671544
1537,27/5/2018,15:34:21,51.54575,-0.023528,5.41,5.0,514,-0.0097741891865789,11.246341463414634,4.151786521224774,5.400626469812696,11.681698639914998,8.541053950498224e-09,0.5353558,-3.8255653,8.288632,12.523575,5.0822372
1538,27/5/2018,15:34:21,51.54575,-0.023528,5.41,5.1,514,-0.0097741891865789,11.253658536585366,3.26484025208409,5.48687749612621,12.581199136973542,1.0568765688535522e-08,0.30476606,-3.7066078,8.35362,12.329476,4.902874
1539,27/5/2018,15:34:22,51.545761,-0.023538,4.43,5.1,512,-0.0493731769978173,11.260975609756098,2.377893982943407,5.573128522439724,13.480699634032083,1.259647742657282e-08,-0.103403896,-3.7939217,8.170329,12.242164,4.493888
1540,27/5/2018,15:34:23,51.545769,-0.023549,5.02,5.1,512,-0.0493731769978173,11.26829268292683,2.46701842414718,4.944374220834808,12.298051315128593,1.070418580052392e-08,0.44162732,-4.130086,8.079072,12.670133,5.0076485
1541,27/5/2018,15:34:23,51.545769,-0.023549,5.02,5.3,513,-0.0295736830921981,11.27560975609756,2.659789169877305,4.239695440429466,10.894305254062555,8.395639636650959e-09,1.2282972,-4.5845485,7.910707,13.041909,5.7726974
1542,27/5/2018,15:34:24,51.54578,-0.023559,4.17,5.3,511,-0.0691726709034365,11.282926829268291,2.852559915607477,3.535016660023953,9.49055919299618,6.087093472777436e-09,2.5997844,-6.0174413,7.179636,14.219285,7.3467817
1543,27/5/2018,15:34:24,51.54578,-0.023559,4.17,5.2,512,-0.0493731769978173,11.290243902439023,3.2720802971275678,3.269709191177064,8.793764786684132,4.903649242207598e-09,2.5446086,-6.4008627,7.3226905,14.6614065,7.503515
1544,27/5/2018,15:34:25,51.545788,-0.023571,4.91,5.2,511,-0.0691726709034365,11.297560975609755,3.7752066896093,3.16640455229033,8.357634118996573,4.135047065258095e-09,2.8034363,-6.6063285,7.115493,14.7993145,7.8366156
1545,27/5/2018,15:34:25,51.545788,-0.023571,4.91,5.1,512,-0.0493731769978173,11.304878048780488,4.278333082090912,3.063099913403621,7.92150345130912,3.3664448883087787e-09,2.7418776,-6.732675,7.213453,14.933176,7.788375
1546,27/5/2018,15:34:26,51.545799,-0.023582,5.44,5.1,510,-0.0889721648090557,11.31219512195122,4.528584908512306,3.052114354644348,7.767199279315167,3.118406606258436e-09,3.0519397,-6.8134007,6.9723387,14.90863,8.1108055
1547,27/5/2018,15:34:26,51.545799,-0.023582,5.44,5.1,511,-0.0691726709034365,11.319512195121952,4.577895442478181,3.1144881517433074,7.836842423080008,3.28402313922716e-09,2.8667212,-6.7861023,7.0741377,14.944485,7.978781
1548,27/5/2018,15:34:27,51.545811,-0.023594,4.93,5.1,511,-0.0691726709034365,11.326829268292684,4.627205976444056,3.1768619488422667,7.90648556684485,3.4496396721958846e-09,2.8753588,-6.769154,7.068345,14.927117,7.9776835
1549,27/5/2018,15:34:27,51.545811,-0.023594,4.93,5.2,512,-0.0493731769978173,11.334146341463414,4.398843634884957,3.373894068679468,8.236231014238175,3.895754156736877e-09,2.649347,-6.600764,7.2241364,14.797946,7.6830835
1550,27/5/2018,15:34:28,51.545818,-0.023609,5.19,5.2,510,-0.0889721648090557,11.341463414634148,3.7247173545154655,3.7871007940625967,8.983533369701489,4.79216783411312e-09,2.9542773,-6.0901504,7.0282087,14.255661,7.6619687
1551,27/5/2018,15:34:28,51.545818,-0.023609,5.19,5.5,512,-0.0493731769978173,11.34878048780488,3.0505910741459736,4.200307519445726,9.730835725164802,5.688581511489362e-09,2.335409,-5.6179113,7.383164,13.883782,7.0265975
1552,27/5/2018,15:34:29,51.545826,-0.023621,3.98,5.5,512,-0.0493731769978173,11.356097560975613,2.3993201659673384,4.526360053814764,10.595525657312846,6.879835387361579e-09,1.4981314,-4.8166347,7.7665706,13.2598,6.093756
1553,27/5/2018,15:34:29,51.545826,-0.023621,3.98,5.3,514,-0.0097741891865789,11.36341463414634,1.8338061607721257,4.525396539573052,11.900671992494894,9.177375439054374e-09,0.6464482,-4.1785474,8.053938,12.670692,5.2572727
1554,27/5/2018,15:34:30,51.545834,-0.023631,4.37,5.3,513,-0.0295736830921981,11.370731707317074,1.268292155576776,4.52443302533134,13.20581832767726,1.1474915490747725e-08,0.13909398,-4.156985,7.888084,12.403905,4.895513
1555,27/5/2018,15:34:30,51.545834,-0.023631,4.37,5.3,514,-0.0097741891865789,11.378048780487806,0.7238157041933071,4.523429543373885,14.454811774294614,1.3748826626776676e-08,-0.13132784,-4.1390877,7.8399734,12.25454,4.680391
1556,27/5/2018,15:34:31,51.545841,-0.023643,4.22,5.3,513,-0.0295736830921981,11.385365853658538,0.7263156519180577,4.521386900807109,14.243830118223496,1.5408385955531993e-08,-0.103611946,-4.091105,7.825298,12.277453,4.7083654
1557,27/5/2018,15:34:32,51.545849,-0.023654,5.06,5.3,514,-0.0097741891865789,11.392682926829268,0.7288155996428076,4.519344258240333,14.03284846215243,1.7067945284286905e-08,-0.0710538,-4.157582,7.846216,12.288618,4.7426715
1558,27/5/2018,15:34:33,51.545856,-0.023666,4.2,5.3,513,-0.0295736830921981,11.4,0.7313155473675583,4.517301615673558,13.821866806081312,1.872750461304222e-08,-0.05121998,-4.1602144,7.841923,12.331863,4.760776
1559,27/5/2018,15:34:34,51.545868,-0.023678,4.46,5.3,514,-0.0097741891865789,11.407317073170733,1.4954650914695888,4.426423580960195,12.699168182480012,1.5395703738233003e-08,0.40483546,-4.1197553,7.9923153,12.546284,5.093862
1560,27/5/2018,15:34:35,51.545876,-0.023689,4.82,5.3,513,-0.0295736830921981,11.414634146341465,2.379868081384902,4.32151972378646,11.432522647499226,1.1275839340999753e-08,1.0916556,-4.5024214,7.9484386,12.977231,5.643082
1561,27/5/2018,15:34:36,51.545887,-0.023699,5.22,5.3,511,-0.0691726709034365,11.421951219512197,3.2642710713000005,4.216615866612752,10.165877112518748,7.155974943767499e-09,2.514107,-5.5190587,7.2153254,13.800582,7.2119107
1562,27/5/2018,15:34:36,51.545887,-0.023699,5.22,4.7,512,-0.0493731769978173,11.429268292682927,4.95818378392444,3.9856278294679446,9.217369022126723,5.018608755385851e-09,2.4343402,-6.0167737,7.3288507,14.261248,7.2780023
1563,27/5/2018,15:34:37,51.545898,-0.023709,5.52,4.7,509,-0.1087716587146749,11.43658536585366,7.015365314295379,3.698059309458343,8.411625632558653,3.770891894629202e-09,3.2883036,-6.191065,6.8445406,14.268304,8.028594
1564,27/5/2018,15:34:37,51.545898,-0.023709,5.52,5.0,510,-0.0889721648090557,11.443902439024392,9.072546844666318,3.4104907894487404,7.605882242990583,2.523175033872552e-09,3.3197002,-6.7670736,6.846959,14.806989,8.26608
1565,27/5/2018,15:34:38,51.54591,-0.023721,5.11,5.0,508,-0.1285711526202941,11.451219512195122,10.346976152916492,3.210230490065648,7.048117278035914,1.8299376375499061e-09,4.4764323,-7.1806884,6.433961,14.915582,9.335408
1566,27/5/2018,15:34:38,51.54591,-0.023721,5.11,5.1,509,-0.1087716587146749,11.458536585365854,10.889707274008096,3.0915838417857784,6.722156655012594,1.6550144758951244e-09,4.1128917,-7.3251896,6.5462513,15.1279745,9.091488
1567,27/5/2018,15:34:39,51.545921,-0.023731,5.13,5.1,508,-0.1285711526202941,11.465853658536586,11.432438395099698,2.972937193505909,6.396196031989276,1.4800913142403423e-09,4.5695195,-7.3163204,6.4238386,14.987404,9.441647
1568,27/5/2018,15:34:39,51.545921,-0.023731,5.13,5.2,510,-0.0889721648090557,11.473170731707318,11.200477405292023,2.92447827747286,6.240859671925533,1.504489753815198e-09,3.8244226,-7.411621,6.6269975,15.295496,8.852753
1569,27/5/2018,15:34:40,51.545929,-0.02374,3.48,5.2,509,-0.1087716587146749,11.480487804878049,9.487667895399223,3.01018543588866,6.411676997615788,1.909897750669887e-09,4.11152,-7.410649,6.526837,15.201191,9.108754
1570,27/5/2018,15:34:40,51.545929,-0.02374,3.48,5.1,510,-0.0889721648090557,11.48780487804878,7.774858385506005,3.0958925943044804,6.582494323306085,2.3153057475246747e-09,3.7720146,-7.303819,6.6646585,15.205818,8.778544
1571,27/5/2018,15:34:41,51.545933,-0.023749,3.59,5.1,511,-0.0691726709034365,11.495121951219511,6.143818749216821,3.202235323229786,7.009383389616862,3.073310322696044e-09,3.184802,-7.028379,6.9613543,15.0551405,8.201968
1572,27/5/2018,15:34:41,51.545933,-0.023749,3.59,4.8,513,-0.0295736830921981,11.502439024390243,4.91181609611472,3.409279636241229,8.685902550153713,5.551986200049755e-09,2.498397,-6.4338136,7.411856,14.711606,7.4808598
1573,27/5/2018,15:34:42,51.545944,-0.023756,4.37,4.8,512,-0.0493731769978173,11.509756097560976,3.679813443012919,3.616323949252623,10.36242171069016,8.030662077402866e-09,1.959936,-5.305733,7.501204,13.651408,6.6126647
1574,27/5/2018,15:34:43,51.545952,-0.023763,3.63,4.8,512,-0.0493731769978173,11.517073170731708,2.447810789910818,3.823368262264066,12.038940871227007,1.0509337954756576e-08,0.7471239,-4.4876614,7.8621845,12.9534235,5.3329887
1575,27/5/2018,15:34:43,51.545952,-0.023763,3.63,4.6,514,-0.0097741891865789,11.52439024390244,2.191993282108373,4.352272344382814,12.86859668600108,1.1655124842127292e-08,0.3568911,-4.1442614,7.965492,12.5218935,5.0644093
1576,27/5/2018,15:34:44,51.545959,-0.023771,4.83,4.6,511,-0.0691726709034365,11.531707317073172,1.939433179613975,4.882250431494759,13.69542662581592,1.2796464048961264e-08,-0.048780452,-4.194212,7.864475,12.4471245,4.5896115
1577,27/5/2018,15:34:44,51.545959,-0.023771,4.83,4.5,513,-0.0295736830921981,11.539024390243902,1.6868730771196376,5.412228518606575,14.522256565630556,1.3937803255794962e-08,-0.746673,-3.604815,7.9806833,11.7593975,4.1471667
1578,27/5/2018,15:34:45,51.545971,-0.023778,4.57,4.5,512,-0.0493731769978173,11.546341463414636,1.4571368351078933,5.671269573077756,14.582021887512855,1.470406559722909e-08,-0.85799146,-3.5841706,7.968789,11.774701,4.0278263
1579,27/5/2018,15:34:45,51.545971,-0.023778,4.57,4.5,513,-0.0295736830921981,11.553658536585369,1.2322998022228886,5.872153192521929,14.47713452148417,1.538981658066607e-08,-0.8722313,-3.4520733,8.047785,11.630185,4.0354824
1580,27/5/2018,15:34:46,51.545982,-0.023789,5.72,4.5,513,-0.0295736830921981,11.5609756097561,1.007462769337884,6.073036811966103,14.372247155455485,1.607556756410305e-08,-0.8721487,-3.4152355,8.088965,11.615039,4.039127
1581,27/5/2018,15:34:46,51.545982,-0.023789,5.72,4.6,514,-0.0097741891865789,11.56829268292683,0.821013197271593,8.265563622739098,15.606532888618172,2.384933330777705e-08,-2.3496706,-2.0119867,9.11515,10.935011,2.8848312
1582,27/5/2018,15:34:47,51.54599,-0.023801,3.82,4.6,512,-0.0493731769978173,11.57560975609756,0.6552440995611591,11.531048244891585,17.562271261401413,3.5441624798070995e-08,-3.6006348,-1.3452513,9.325885,10.4066515,1.63973
1583,27/5/2018,15:34:48,51.545998,-0.023813,3.78,4.6,514,-0.0097741891865789,11.582926829268294,0.4894750018507252,14.79653286704407,19.51800963418465,4.7033916288364945e-08,-4.642844,-0.045761604,9.7192,9.289035,0.38671222
1584,27/5/2018,15:34:49,51.546001,-0.023828,3.93,4.6,516,0.0298247986246594,11.590243902439026,0.5022403060391013,15.224052462808729,19.189838284896,4.7137225408171786e-08,-4.7337813,-0.08333305,9.817966,9.295789,0.32229024
1585,27/5/2018,15:34:50,51.546009,-0.023843,4.57,4.6,514,-0.0097741891865789,11.597560975609756,0.711155557491058,12.533592081933406,16.352409522052472,3.46179628436678e-08,-3.9440646,-1.2262812,9.604294,10.332008,1.3732927
1586,27/5/2018,15:34:51,51.546021,-0.023855,4.83,4.6,513,-0.0295736830921981,11.604878048780488,0.9200708089430653,9.843131701057432,13.514980759208257,2.209870027916077e-08,-2.5752115,-2.1084673,9.322492,11.2721,2.8716307
1587,27/5/2018,15:34:52,51.546024,-0.023869,3.87,4.6,512,-0.0493731769978173,11.61219512195122,1.118074499627192,7.856327644411058,11.741448867527485,1.3608768626179736e-08,-0.34124354,-3.0383036,8.927077,11.995143,3.9409492
1588,27/5/2018,15:34:53,51.546032,-0.023881,3.76,4.6,512,-0.0493731769978173,11.619512195121953,1.2909897638076289,7.487406707314007,12.414083846699745,1.4383283607674004e-08,-0.29273298,-3.1528332,8.805816,12.039926,3.993662
1589,27/5/2018,15:34:54,51.54604,-0.02389,4.22,4.6,511,-0.0691726709034365,11.626829268292685,1.463905027988024,7.118485770217047,13.08671882587184,1.515779858916808e-08,-0.37602133,-3.3046067,8.68864,12.10058,3.9405227
1590,27/5/2018,15:34:55,51.546047,-0.023902,4.46,4.6,513,-0.0295736830921981,11.634146341463415,1.653679892761505,6.755602990823011,13.71981371710271,1.56911447568304e-08,-0.39908877,-3.278297,8.533254,11.828385,4.2375603
1591,27/5/2018,15:34:55,51.546047,-0.023902,4.46,3.8,515,0.0100253047190402,11.641463414634147,1.9565791405351447,6.433234982869819,14.08760291337023,1.460629877853673e-08,-0.8560147,-2.500882,8.710808,11.247807,4.0103216
1592,27/5/2018,15:34:56,51.546055,-0.023912,4.28,3.8,512,-0.0493731769978173,11.64878048780488,2.259478388308785,6.110866974916627,14.45539210963775,1.3521452800243058e-08,-0.8713291,-3.4934852,8.006382,11.734407,4.009237
1593,27/5/2018,15:34:56,51.546055,-0.023912,4.28,3.9,513,-0.0295736830921981,11.65609756097561,2.562377636082352,5.788498966963513,14.82318130590518,1.243660682194965e-08,-0.92082614,-3.3828225,8.055364,11.568304,3.9971907
1594,27/5/2018,15:34:57,51.546066,-0.023925,5.2,3.9,510,-0.0889721648090557,11.663414634146342,3.541149362762732,5.236200050268431,13.466581992514104,9.792266702743836e-09,-0.1318488,-4.1805773,7.962967,12.598762,4.4406924
1595,27/5/2018,15:34:57,51.546066,-0.023925,5.2,4.2,512,-0.0493731769978173,11.670731707317074,4.550797970000251,4.673396860315913,12.031204892323723,7.076681909696011e-09,0.5248181,-4.233085,8.044327,12.729035,5.1170306
1596,27/5/2018,15:34:58,51.546074,-0.023937,4.39,4.2,509,-0.1087716587146749,11.678048780487806,5.560446577237771,4.110593670363393,10.595827792133342,4.361097116648184e-09,3.0673375,-5.6435504,6.8247943,13.826221,7.569506
1597,27/5/2018,15:34:58,51.546074,-0.023937,4.39,4.2,511,-0.0691726709034365,11.685365853658537,5.956379584877245,3.681095702089146,9.650388654492174,3.471219162105758e-09,2.6290922,-5.9005313,7.1571503,14.149164,7.3522205
1598,27/5/2018,15:34:59,51.546082,-0.02395,4.44,4.2,510,-0.0889721648090557,11.692682926829267,6.182145455806746,3.2885597531871795,8.840796381924996,3.08756152424392e-09,2.922714,-6.311839,7.0242376,14.425501,7.745207
1599,27/5/2018,15:34:59,51.546082,-0.02395,4.44,4.1,511,-0.0691726709034365,11.7,6.407911326736246,2.896023804285214,8.031204109357818,2.7039038863820823e-09,2.9017284,-6.8156796,7.0816293,14.940982,7.9733257
1600,27/5/2018,15:35:0,51.546089,-0.023961,4.17,4.1,510,-0.0889721648090557,11.707317073170731,6.352952426526558,2.7851727798325108,7.783583285258467,2.680727649347483e-09,3.089839,-6.8690734,6.9705224,14.924525,8.124606
1601,27/5/2018,15:35:0,51.546089,-0.023961,4.17,4.2,512,-0.0493731769978173,11.714634146341464,6.118154219806014,2.8547761601049704,7.895975420333532,2.888484809717617e-09,2.7835946,-6.7795873,7.162025,14.937875,7.8465343
1602,27/5/2018,15:35:1,51.546097,-0.02397,3.41,4.2,510,-0.0889721648090557,11.721951219512196,5.883356013085412,2.924379540377447,8.008367555408626,3.096241970087802e-09,3.0370684,-6.797989,6.9765816,14.889162,8.091026
1603,27/5/2018,15:35:1,51.546097,-0.02397,3.41,4.1,511,-0.0691726709034365,11.729268292682928,5.566440049649692,2.9809100561478368,8.189389313951521,3.347420015253053e-09,2.8488739,-6.7581506,7.1019697,14.8826275,7.909187
1604,27/5/2018,15:35:2,51.546104,-0.023981,4.32,4.1,510,-0.0889721648090557,11.73658536585366,5.1433545082079695,3.020538740170299,8.459141920166804,3.654736674035482e-09,2.9642768,-6.6194806,6.991885,14.7283325,7.968188
1605,27/5/2018,15:35:2,51.546104,-0.023981,4.32,4.0,512,-0.0493731769978173,11.74390243902439,4.720268966766349,3.0601674241927515,8.728894526382023,3.962053332817838e-09,2.5852537,-6.5035667,7.271803,14.731833,7.6093397
1606,27/5/2018,15:35:3,51.546116,-0.023991,4.43,4.0,511,-0.0691726709034365,11.751219512195124,4.283969175343012,3.16220621309921,8.932169887245596,4.292016673724724e-09,2.7110689,-6.2937937,7.1765146,14.531522,7.5781655
1607,27/5/2018,15:35:3,51.546116,-0.023991,4.43,4.1,513,-0.0295736830921981,11.758536585365857,3.8105888907319474,3.439373932684009,8.948903518776616,4.6855288458864235e-09,2.484467,-6.4091916,7.4090657,14.667287,7.4536886
1608,27/5/2018,15:35:4,51.546127,-0.024002,4.35,4.1,511,-0.0691726709034365,11.765853658536589,3.337208606120883,3.7165416522688073,8.965637150307638,5.079041018048121e-09,2.6899378,-6.209454,7.1717277,14.360836,7.494375
1609,27/5/2018,15:35:5,51.546135,-0.024014,4.8,4.1,511,-0.0691726709034365,11.773170731707316,2.8658638914319803,3.952854891666935,8.967321698435002,5.4305043024639774e-09,2.690411,-6.1861005,7.1849236,14.328358,7.476689
1610,27/5/2018,15:35:5,51.546135,-0.024014,4.8,4.3,512,-0.0493731769978173,11.78048780487805,2.415267523968674,3.7727427695695854,8.815612543646104,5.3533677564566615e-09,2.4828281,-6.193264,7.314699,14.434273,7.396891
1611,27/5/2018,15:35:6,51.546146,-0.024027,4.94,4.3,513,-0.0295736830921981,11.787804878048782,1.964671156505368,3.592630647472238,8.663903388857205,5.2762312104493455e-09,2.46126,-6.384831,7.430218,14.655092,7.4382358
1612,27/5/2018,15:35:6,51.546146,-0.024027,4.94,4.5,514,-0.0097741891865789,11.795121951219512,1.5140747890421706,3.412518525374933,8.512194234068344,5.199094664442047e-09,2.4652214,-6.4242206,7.4299717,14.667661,7.4477983
1613,27/5/2018,15:35:7,51.546154,-0.02404,4.69,4.5,513,-0.0295736830921981,11.802439024390244,1.3930751166828883,4.279012672494936,9.83200696510584,8.165667308842185e-09,2.1396012,-5.4302955,7.5634727,13.687047,6.7681417
1614,27/5/2018,15:35:7,51.546154,-0.02404,4.69,4.5,513,-0.0295736830921981,11.809756097560976,1.3023206601146478,5.241547929647141,11.286852897747536,1.1411543849903049e-08,0.6690886,-3.9104433,8.277349,12.615832,5.1678147
1615,27/5/2018,15:35:8,51.546165,-0.024051,4.72,4.5,512,-0.0493731769978173,11.817073170731708,1.2115662035464074,6.204083186799346,12.74169883038923,1.4657420390963912e-08,0.0050298176,-3.51243,8.544,12.201745,4.4539747
1616,27/5/2018,15:35:8,51.546165,-0.024051,4.72,4.6,513,-0.0295736830921981,11.82439024390244,1.0548766233117952,8.774161511099415,14.098223715765428,2.1606643332229025e-08,-2.4640372,-2.1309571,9.261051,11.221775,2.9462786
1617,27/5/2018,15:35:9,51.546173,-0.024061,4.35,4.6,511,-0.0691726709034365,11.831707317073173,0.8753272068385705,11.901578158558376,15.420660501896728,2.9839823708257565e-08,-3.7411556,-1.5156331,9.553962,10.54012,1.5923102
1618,27/5/2018,15:35:10,51.546181,-0.024073,4.09,4.6,514,-0.0097741891865789,11.839024390243903,0.6957777903653459,15.028994806017336,16.743097288028025,3.807300408428609e-08,-4.5840173,-0.7734928,9.97287,9.938975,0.68629295
1619,27/5/2018,15:35:10,51.546181,-0.024073,4.09,4.5,516,0.0298247986246594,11.846341463414635,0.5479496704838669,16.784093279111765,17.55720740555489,4.5548346913786274e-08,-5.3293576,-0.3513414,10.345758,9.441627,0.043496672
1620,27/5/2018,15:35:11,51.546188,-0.024084,3.32,4.5,515,0.0100253047190402,11.853658536585366,0.4241336874646735,17.50038516603462,17.9865284113894,5.245002785547498e-08,-5.489108,-0.2015094,10.373985,9.345592,-0.043987077
1621,27/5/2018,15:35:12,51.5462,-0.024093,4.43,4.5,514,-0.0097741891865789,11.860975609756098,0.3003177044454501,18.216677052957643,18.415849417224017,5.935170879716537e-08,-5.633696,0.003418421,10.413225,9.169234,-0.17804708
1622,27/5/2018,15:35:12,51.5462,-0.024093,4.43,4.7,515,0.0100253047190402,11.86829268292683,0.4529293729518373,17.180866102811148,17.842281641376637,5.7175062348291895e-08,-5.4235697,-0.21992081,10.363513,9.368902,-0.02024879
1623,27/5/2018,15:35:13,51.546207,-0.024105,4.0,4.7,514,-0.0097741891865789,11.875609756097562,1.027573632423597,13.470053227621278,15.737565484940625,4.1138188787093516e-08,-4.2223067,-1.1234443,9.817525,10.199048,1.0951155
1624,27/5/2018,15:35:13,51.546207,-0.024105,4.0,4.9,513,-0.0295736830921981,11.882926829268293,1.6022178918952168,9.759240352432307,13.632849328505117,2.5101315225899007e-08,-2.576284,-2.1343567,9.337529,11.243986,2.8844602
1625,27/5/2018,15:35:14,51.546219,-0.024115,4.67,4.9,510,-0.0889721648090557,11.890243902439025,2.2333348546540672,6.63951051145899,11.761717844234033,1.2049592067271629e-08,-0.13512275,-3.4091182,8.615424,12.283909,4.141764
1626,27/5/2018,15:35:14,51.546219,-0.024115,4.67,4.7,512,-0.0493731769978173,11.897560975609755,3.061933520817944,5.5867630824570815,10.707418143522704,9.436763314371806e-09,0.5667858,-3.661616,8.495776,12.541639,5.0005608
1627,27/5/2018,15:35:15,51.54623,-0.024125,4.56,4.7,511,-0.0691726709034365,11.904878048780487,3.890532186981821,4.534015653455173,9.65311844281138,6.823934561471983e-09,2.6704557,-5.505357,7.2194715,13.77643,7.291969
1628,27/5/2018,15:35:15,51.54623,-0.024125,4.56,4.2,511,-0.0691726709034365,11.91219512195122,4.668496348508996,3.5466199848483124,8.70224417558952,4.353907408385826e-09,2.7188575,-6.257525,7.1588554,14.44941,7.5634823
1629,27/5/2018,15:35:16,51.546238,-0.024136,4.43,4.2,510,-0.0889721648090557,11.919512195121952,4.463307211675293,3.828137663909793,9.75954707528776,4.656611318342058e-09,2.8442557,-5.816608,6.9924483,13.991231,7.4942136
1630,27/5/2018,15:35:16,51.546238,-0.024136,4.43,4.0,512,-0.0493731769978173,11.926829268292684,4.258118074841589,4.109655342971273,10.816849974986,4.959315228298291e-09,1.6512569,-4.9949865,7.6761274,13.376179,6.2417464
1631,27/5/2018,15:35:17,51.546249,-0.024147,4.61,4.0,510,-0.0889721648090557,11.934146341463416,4.052928938007886,4.391173022032754,11.87415287468424,5.262019138254521e-09,0.37157556,-4.382359,7.90301,12.878826,4.904572
1632,27/5/2018,15:35:17,51.546249,-0.024147,4.61,4.6,513,-0.0295736830921981,11.941463414634146,3.3016353465797974,5.800180797258704,14.049622606298035,8.799894816900725e-09,-0.79719967,-3.4867263,8.069934,11.6646,4.0874257
1633,27/5/2018,15:35:18,51.546257,-0.02416,4.35,4.6,511,-0.0691726709034365,11.948780487804878,2.472744385308575,7.369396505693158,16.38397550480894,1.2797464274143593e-08,-1.8745347,-3.0612938,8.190292,11.433587,3.0134265
1634,27/5/2018,15:35:18,51.546257,-0.02416,4.35,5.0,514,-0.0097741891865789,11.95609756097561,1.6438534240373528,8.938612214127613,18.718328403319845,1.679503373138646e-08,-2.7419217,-1.3967454,8.736389,10.299972,2.157651
1635,27/5/2018,15:35:19,51.546268,-0.024171,4.26,5.0,512,-0.0493731769978173,11.963414634146345,1.1352228896880554,14.039962203663675,21.109917040221443,3.8082391657494984e-08,-4.441725,0.31090918,9.363706,8.960151,0.35609978
1636,27/5/2018,15:35:19,51.546268,-0.024171,4.26,5.1,515,0.0100253047190402,11.970731707317071,0.7624186289740997,20.639332544923697,23.525780037645504,6.670255545736212e-08,-5.9628224,2.1590333,10.209787,7.109083,-0.9182672
1637,27/5/2018,15:35:20,51.54628,-0.024179,4.63,5.1,515,0.0100253047190402,11.978048780487804,0.3896143682600537,27.23870288618532,25.94164303507016,9.532271925723623e-08,-6.2881527,3.9071205,10.391305,5.27464,-1.3073945
1638,27/5/2018,15:35:20,51.54628,-0.024179,4.63,5.5,516,0.0298247986246594,11.985365853658536,0.1930240050601329,33.205528799101764,27.44375034469636,1.2940520274717068e-07,-6.2944174,4.6251235,10.472411,4.429682,-1.5268059
1639,27/5/2018,15:35:21,51.546291,-0.024187,4.46,5.5,513,-0.0295736830921981,11.99268292682927,0.153454430468402,38.60870663221501,28.13162767179903,1.6835505343948244e-07,-6.118172,5.535917,10.49316,3.510609,-1.8792055
1640,27/5/2018,15:35:21,51.546291,-0.024187,4.46,5.5,515,0.0100253047190402,12.0,0.1138848558766807,44.01188446532692,28.81950499890153,2.073049041317847e-07,-6.184306,5.8604655,10.517634,3.3253322,-2.0797884
1641,27/5/2018,15:35:22,51.546299,-0.024192,3.67,5.5,514,-0.0097741891865789,12.007317073170732,0.0978695748472526,45.49647185445559,28.14459673683925,2.1978835717271667e-07,-6.1864305,5.9370255,10.527422,3.2633235,-2.1506107
1642,27/5/2018,15:35:22,51.546299,-0.024192,3.67,5.2,515,0.0100253047190402,12.014634146341464,0.1245746288878763,39.87392625627852,24.998009294767915,1.842698027336312e-07,-6.1253443,5.549353,10.505576,3.4729958,-1.9168612
1643,27/5/2018,15:35:23,51.546307,-0.024203,4.69,5.2,513,-0.0295736830921981,12.021951219512196,0.1512796829285,34.25138065810145,21.85142185269658,1.4875124829454565e-07,-6.491935,4.072322,10.572715,5.0865755,-1.4980999
1644,27/5/2018,15:35:24,51.546318,-0.024209,4.37,5.2,514,-0.0097741891865789,12.029268292682929,0.1875692823072717,29.46444928941934,19.12348257138184,1.1597258423170316e-07,-6.8114285,3.5554154,10.748897,5.67382,-1.5445771
1645,27/5/2018,15:35:25,51.546329,-0.024221,4.44,5.2,516,0.0298247986246594,12.03658536585366,0.2669336116069259,28.4329237311911,18.277026012532275,9.550749726669195e-08,-6.854639,3.498983,10.8263645,5.777207,-1.5852083
1646,27/5/2018,15:35:25,51.546329,-0.024221,4.44,5.6,516,0.0298247986246594,12.043902439024391,0.3462979409065803,27.40139817296286,17.430569453682708,7.504241030168069e-08,-6.8567348,3.4579666,10.855047,5.8094087,-1.5993514
1647,27/5/2018,15:35:26,51.546337,-0.024233,4.44,5.6,515,0.0100253047190402,12.051219512195123,0.4249239397922337,26.39057427856173,16.604053124272866,5.481248176091186e-08,-6.8352523,3.4273744,10.848285,5.8254128,-1.5888641
1648,27/5/2018,15:35:26,51.546337,-0.024233,4.44,5.1,514,-0.0097741891865789,12.058536585365854,0.4186030815741638,27.761531285480192,18.07171266614145,6.163814876660127e-08,-6.866846,3.494579,10.832369,5.805164,-1.5850662
1649,27/5/2018,15:35:27,51.546345,-0.024246,4.61,5.1,511,-0.0691726709034365,12.065853658536586,0.4122822233560925,29.13248829239899,19.53937220801039,6.846381577229235e-08,-6.81916,3.5301182,10.77757,5.716871,-1.5551064
1650,27/5/2018,15:35:27,51.546345,-0.024246,4.61,4.7,515,0.0100253047190402,12.073170731707318,0.4059613651380211,30.50344529931779,21.00703174987933,7.528948277798341e-08,-6.7061877,3.7290173,10.712246,5.520928,-1.5342841
1651,27/5/2018,15:35:28,51.546352,-0.024261,4.24,4.7,515,0.0100253047190402,12.08048780487805,0.3865849026322622,29.108898641720263,21.32120836332073,7.773689000743556e-08,-6.705301,3.6435466,10.729511,5.637424,-1.5259683
1652,27/5/2018,15:35:28,51.546352,-0.024261,4.24,4.5,516,0.0298247986246594,12.08780487804878,0.3646327643484867,27.16875940596553,21.407820018936707,7.932053195976553e-08,-6.726368,3.459516,10.711976,5.809514,-1.4897248
1653,27/5/2018,15:35:29,51.54636,-0.024272,4.17,4.5,514,-0.0097741891865789,12.095121951219513,0.3426806260647057,25.228620170210327,21.494431674552704,8.090417391209589e-08,-6.5571256,3.2440054,10.605982,6.0234537,-1.3810425
1654,27/5/2018,15:35:30,51.546368,-0.024286,4.3,4.5,516,0.0298247986246594,12.102439024390245,0.4515239398404451,25.024463083424223,21.030545943922604,7.695802160304126e-08,-6.553068,3.1877913,10.5966215,6.0579343,-1.3665448
1655,27/5/2018,15:35:30,51.546368,-0.024286,4.3,4.8,517,0.0496242925302786,12.109756097560975,0.6271990092710228,25.707330223965748,20.28537591611768,7.018634399414489e-08,-6.6536536,3.2858012,10.665099,5.972718,-1.4275804
1656,27/5/2018,15:35:31,51.546375,-0.024299,4.76,4.8,514,-0.0097741891865789,12.117073170731707,0.8028740787015578,26.390197364507102,19.540205888312936,6.341466638525015e-08,-6.78136,3.424274,10.754778,5.8515916,-1.5189215
1657,27/5/2018,15:35:32,51.546383,-0.024311,4.13,4.8,512,-0.0493731769978173,12.12439024390244,0.8700636554532065,26.929498250105723,20.349007171136098,6.406006917439067e-08,-6.764388,3.458321,10.759362,5.8188486,-1.5307249
1658,27/5/2018,15:35:33,51.546394,-0.02432,4.17,4.8,510,-0.0889721648090557,12.131707317073172,0.8236305434938177,27.31843447871683,22.785366149769708,7.247377900994022e-08,-6.4885793,3.7205384,10.530929,5.5094185,-1.391576
1659,27/5/2018,15:35:34,51.546402,-0.024327,3.91,4.8,517,0.0496242925302786,12.139024390243904,0.7771974315344289,27.707370707327943,25.22172512840332,8.088748884548978e-08,-6.360565,3.860532,10.409364,5.254038,-1.3246105
1660,27/5/2018,15:35:35,51.54641,-0.024337,4.63,4.8,513,-0.0295736830921981,12.146341463414634,0.6957054731163506,28.606724118185564,27.110664618590672,8.89089058026388e-08,-6.2856255,4.06396,10.40185,5.0801234,-1.3333193
1661,27/5/2018,15:35:35,51.54641,-0.024337,4.63,4.8,513,-0.0295736830921981,12.153658536585366,0.5379891225176517,30.61581853324655,27.809413272815306,9.607740575785909e-08,-6.2846575,4.3054047,10.4532585,4.741366,-1.4272087
1662,27/5/2018,15:35:36,51.546421,-0.024351,5.24,4.8,513,-0.0295736830921981,12.1609756097561,0.3802727719189528,32.62491294830754,28.50816192703993,1.0324590571307937e-07,-6.2661014,4.649549,10.472254,4.4204063,-1.5287092
1663,27/5/2018,15:35:36,51.546421,-0.024351,5.24,4.6,516,0.0298247986246594,12.16829268292683,0.2550405290108491,33.52583054459057,28.72115487913692,1.06806914189991e-07,-6.3089385,4.7051725,10.466667,4.321253,-1.5409477
1664,27/5/2018,15:35:37,51.546429,-0.024366,4.56,4.6,513,-0.0295736830921981,12.17560975609756,0.3266543517025506,27.71145681001528,25.9905823278426,8.850737131811501e-08,-6.337003,3.9613879,10.40972,5.217758,-1.3288671
1665,27/5/2018,15:35:37,51.546429,-0.024366,4.56,4.1,515,0.0100253047190402,12.182926829268292,0.3982681743942694,21.897083075438577,23.260009776547605,7.020782844623456e-08,-6.079953,2.5281525,10.276196,6.8316197,-1.0230557
1666,27/5/2018,15:35:38,51.546436,-0.024379,4.24,4.1,515,0.0100253047190402,12.190243902439024,0.4698819970859883,16.08270934086187,20.52943722525261,5.190828557435413e-08,-4.9222274,0.07503507,9.872045,9.159694,0.1819883
1667,27/5/2018,15:35:38,51.546436,-0.024379,4.24,4.1,517,0.0496242925302786,12.197560975609758,0.5452476627074347,13.614076100021876,17.566936570818957,3.9648372323976747e-08,-4.3966384,-0.6571176,9.78099,9.786215,0.7867049
1668,27/5/2018,15:35:39,51.546444,-0.024391,4.69,4.1,517,0.0496242925302786,12.204878048780488,0.6207363395724594,11.255139268812314,14.596831716283171,2.758647971692871e-08,-3.9122558,-1.8039483,9.940115,10.718077,1.9080836
1669,27/5/2018,15:35:39,51.546444,-0.024391,4.69,4.4,516,0.0298247986246594,12.21219512195122,0.6962250164375026,8.896202437602177,11.626726861746668,1.5524587109877742e-08,-0.8704451,-2.102603,9.3932295,11.177843,3.677529
1670,27/5/2018,15:35:40,51.546455,-0.024402,4.5,4.4,515,0.0100253047190402,12.219512195121952,0.6433212207686928,10.879357884926703,13.492723324793198,2.0436305672367997e-08,-3.8324313,-1.8459256,9.854751,10.789938,2.013385
1671,27/5/2018,15:35:40,51.546455,-0.024402,4.5,4.4,515,0.0100253047190402,12.226829268292684,0.5572815207202133,13.983133191887395,16.606834943403648,2.972862338986957e-08,-4.4408894,-0.8960966,9.885335,9.975031,0.8257154
1672,27/5/2018,15:35:41,51.546463,-0.024412,4.35,4.4,514,-0.0097741891865789,12.234146341463417,0.4712418206717548,17.086908498847336,19.72094656201334,3.902094110736889e-08,-5.3527017,0.26682314,10.146999,8.839353,-0.21543695
1673,27/5/2018,15:35:41,51.546463,-0.024412,4.35,4.6,515,0.0100253047190402,12.241463414634149,0.7671471144606729,15.976840662345236,19.499885316836423,3.601021795762572e-08,-4.881988,-0.08529066,9.932877,9.313975,0.24811251
1674,27/5/2018,15:35:42,51.546471,-0.024419,3.24,4.6,512,-0.0493731769978173,12.24878048780488,1.29569416562463,12.300131319827528,17.24737847425667,2.5505742842039934e-08,-3.790479,-1.2821916,9.486285,10.332082,1.4542195
1675,27/5/2018,15:35:42,51.546471,-0.024419,3.24,4.5,513,-0.0295736830921981,12.256097560975611,1.824241216788587,8.623421977309818,14.994871631676922,1.5001267726454143e-08,-2.4865062,-2.13648,9.169946,11.122746,2.8655655
1676,27/5/2018,15:35:43,51.546482,-0.024429,4.94,4.5,511,-0.0691726709034365,12.263414634146342,2.2056096637303417,6.863057063611017,13.635838157904129,9.447512001711832e-09,-0.35800266,-3.339958,8.647606,12.101555,3.9816377
1677,27/5/2018,15:35:43,51.546482,-0.024429,4.94,4.8,512,-0.0493731769978173,12.270731707317074,2.405686246969456,7.463209528324739,13.377368540241948,9.991960222974864e-09,-0.40457407,-3.2529402,8.7113905,12.044649,3.9399445
1678,27/5/2018,15:35:44,51.54649,-0.02444,4.54,4.8,509,-0.1087716587146749,12.278048780487806,2.6057628302085707,8.063361993038459,13.11889892257977,1.05364084442379e-08,-0.68430066,-3.1599038,8.754685,11.948368,3.5270238
1679,27/5/2018,15:35:45,51.546501,-0.024452,4.35,4.8,512,-0.0493731769978173,12.285365853658538,2.570056931359687,9.2855723051712,13.222919510673965,1.3353878811388816e-08,-0.90494996,-2.716536,9.244263,11.4725065,3.1546233
1680,27/5/2018,15:35:46,51.546509,-0.024463,4.13,4.8,513,-0.0295736830921981,12.292682926829269,1.9117399433218292,12.15039877135517,14.284137681165625,2.2173528736025212e-08,-4.062971,-1.5491458,9.797871,10.529581,1.5132657
1681,27/5/2018,15:35:47,51.546516,-0.024472,4.3,4.8,516,0.0298247986246594,12.3,1.2534229552838123,15.015225237539834,15.345355851657542,3.0993178660663764e-08,-4.670687,-0.9320122,10.042407,10.009162,0.7656318
1682,27/5/2018,15:35:47,51.546516,-0.024472,4.3,4.7,516,0.0298247986246594,12.307317073170733,0.6816648621248727,17.309054475265057,16.167011995361435,3.809234795064634e-08,-5.38308,-0.59717256,10.479795,9.656637,0.150477
1683,27/5/2018,15:35:48,51.546528,-0.024483,4.83,4.7,514,-0.0097741891865789,12.314634146341463,0.8779554705408038,14.536348603759144,14.863002095405545,2.992546146001691e-08,-4.4784403,-1.1229877,9.9913645,10.188574,0.978798
1684,27/5/2018,15:35:48,51.546528,-0.024483,4.83,4.9,515,0.0100253047190402,12.321951219512195,1.0742460789567825,11.763642732252553,13.558992195449337,2.1758574969385513e-08,-4.031342,-1.7149612,9.946953,10.670069,1.7411516
1685,27/5/2018,15:35:49,51.546539,-0.024494,4.35,4.9,513,-0.0295736830921981,12.329268292682928,1.2705366873727613,8.990936860745965,12.254982295493129,1.3591688478754104e-08,-0.707567,-2.7173774,9.224507,11.560287,3.3317497
1686,27/5/2018,15:35:49,51.546539,-0.024494,4.35,5.0,512,-0.0493731769978173,12.33658536585366,2.1618055680699397,7.560182016402257,10.847302151172356,1.014274378450889e-08,-0.20522179,-3.0403492,8.950499,12.036346,4.115823
1687,27/5/2018,15:35:50,51.546547,-0.024505,4.33,5.0,510,-0.0889721648090557,12.34390243902439,3.107083024178729,6.233713688832447,9.431565521586066,7.060442660951055e-09,3.0286524,-5.3547215,7.0487485,13.586917,7.6269116
1688,27/5/2018,15:35:50,51.546547,-0.024505,4.33,5.1,511,-0.0691726709034365,12.351219512195122,4.052360480287748,4.907245361262315,8.01582889199943,3.978141537392473e-09,3.0854766,-6.1738214,7.037492,14.216663,7.796628
1689,27/5/2018,15:35:51,51.546555,-0.024515,3.63,5.1,510,-0.0889721648090557,12.358536585365854,3.9072422258692048,4.506086279507313,7.934988956848789,3.9189304221300604e-09,3.1994102,-6.2262692,6.9579945,14.246312,7.8975825
1690,27/5/2018,15:35:51,51.546555,-0.024515,3.63,5.2,511,-0.0691726709034365,12.365853658536588,3.4073248061736914,4.406009589097588,8.28850530936891,4.8433895479966075e-09,2.8842576,-6.174748,7.0853443,14.273666,7.7068787
1691,27/5/2018,15:35:52,51.546562,-0.024526,4.48,5.2,512,-0.0493731769978173,12.373170731707315,2.9074073864783,4.305932898687887,8.642021661888945,5.767848673862928e-09,2.5469172,-6.14306,7.319543,14.3727665,7.3890834
1692,27/5/2018,15:35:52,51.546562,-0.024526,4.48,5.2,514,-0.0097741891865789,12.38048780487805,2.4385678939884343,4.350930573674911,9.767215200809868,7.249491626753531e-09,1.216659,-1.1583163,9.893666,11.199625,6.070797
1693,27/5/2018,15:35:53,51.546574,-0.024539,4.74,5.2,513,-0.0295736830921981,12.38780487804878,1.992131350584632,4.500507090106858,11.448682798918096,9.132788165669948e-09,1.0154958,-4.40281,7.987273,12.915026,5.576085
1694,27/5/2018,15:35:53,51.546574,-0.024539,4.74,5.1,514,-0.0097741891865789,12.395121951219512,1.54569480718083,4.6500836065388045,13.130150397026329,1.1016084704586362e-08,0.23852216,-4.1555696,7.9534216,12.464049,4.9994817
1695,27/5/2018,15:35:54,51.546581,-0.02455,5.06,5.1,512,-0.0493731769978173,12.402439024390244,1.3389048841213995,4.742861703843984,13.88846730526488,1.1929403652114751e-08,-0.046584778,-4.1513367,7.8520794,12.3503475,4.703686
1696,27/5/2018,15:35:54,51.546581,-0.02455,5.06,5.0,513,-0.0295736830921981,12.409756097560976,1.480255657579843,4.753127303507907,13.305699896518874,1.1433611660430687e-08,0.08566088,-4.1493015,7.8947725,12.385678,4.8592916
1697,27/5/2018,15:35:55,51.546593,-0.024558,4.63,5.0,511,-0.0691726709034365,12.417073170731708,1.6216064310382856,4.7633929031718285,12.72293248777287,1.0937819668746624e-08,0.27104774,-4.2613645,7.9840865,12.720792,4.8246984
1698,27/5/2018,15:35:55,51.546593,-0.024558,4.63,5.0,513,-0.0295736830921981,12.42439024390244,1.7577135443642145,4.796410907197077,12.228391699471947,1.04713282227921e-08,0.5338568,-4.112117,8.105715,12.609184,5.149092
1699,27/5/2018,15:35:56,51.546604,-0.024565,4.17,5.0,513,-0.0295736830921981,12.43170731707317,1.8766857295796808,4.903777897086855,12.02215273862535,1.0100583398850588e-08,0.5986913,-4.074213,8.144333,12.653128,5.202103
1700,27/5/2018,15:35:56,51.546604,-0.024565,4.17,5.1,513,-0.0295736830921981,12.439024390243905,1.995657914795176,5.01114488697666,11.8159137777787,9.729838574908986e-09,0.6090427,-4.0314975,8.164159,12.652971,5.2054667
1701,27/5/2018,15:35:57,51.546612,-0.024575,3.98,5.1,511,-0.0691726709034365,12.446341463414637,2.100209597708268,5.128716019009626,11.649317237031443,9.419400784174624e-09,0.37601358,-4.052631,8.213495,12.675372,4.857303
1702,27/5/2018,15:35:58,51.546619,-0.02459,4.8,5.1,511,-0.0691726709034365,12.453658536585367,1.9824780044372727,5.403577798668089,12.093784501883436,1.0038559247241651e-08,0.2936964,-3.9602509,8.254513,12.633801,4.7366304
1703,27/5/2018,15:35:59,51.546627,-0.024602,4.32,5.1,514,-0.0097741891865789,12.460975609756098,1.864746411166306,5.678439578326486,12.538251766735318,1.0657717710308525e-08,0.2846743,-3.5908153,8.520832,12.177391,4.741158
1704,27/5/2018,15:36:0,51.546638,-0.024613,4.85,5.1,512,-0.0493731769978173,12.46829268292683,1.7470148178953109,5.95330135798495,12.982719031587308,1.1276876173375552e-08,-0.020430721,-3.5581715,8.466217,12.231845,4.463484
1705,27/5/2018,15:36:0,51.546638,-0.024613,4.85,5.0,512,-0.0493731769978173,12.475609756097562,1.4216470997751671,6.143030775406364,12.989621313094707,1.3026931577703113e-08,-0.015776748,-3.5328848,8.514079,12.199068,4.4231963
1706,27/5/2018,15:36:1,51.546646,-0.024624,4.15,5.0,513,-0.0295736830921981,12.482926829268294,1.069966781265379,6.321971830112006,12.9410733565493,1.4920299420166756e-08,0.0010873207,-3.394507,8.605816,12.071246,4.481106
1707,27/5/2018,15:36:1,51.546646,-0.024624,4.15,5.0,514,-0.0097741891865789,12.490243902439024,0.7182864627556764,6.500912884817605,12.892525400003905,1.6813667262629944e-08,0.04541967,-3.2716703,8.706404,11.956353,4.5241704
1708,27/5/2018,15:36:2,51.546654,-0.024634,4.19,5.0,514,-0.0097741891865789,12.497560975609757,0.6247916309526419,6.859650489468427,13.909306878226882,1.9253527977559665e-08,-0.6654178,-3.0737438,8.530712,11.544692,4.1215534
1709,27/5/2018,15:36:2,51.546654,-0.024634,4.19,5.1,515,0.0100253047190402,12.504878048780489,0.634647509429559,7.290359998426265,15.352535850342132,2.1912147799566735e-08,-1.4495078,-2.1469812,8.824383,10.875411,3.4961526
1710,27/5/2018,15:36:3,51.546665,-0.024644,4.3,5.1,513,-0.0295736830921981,12.51219512195122,0.6445033879064761,7.721069507384104,16.795764822457382,2.4570767621573808e-08,-2.0288708,-2.26197,8.420201,10.83731,2.9249108
1711,27/5/2018,15:36:3,51.546665,-0.024644,4.3,5.0,513,-0.0295736830921981,12.519512195121951,0.9146067112791868,7.703541740582596,17.17292748945868,2.4050006215438634e-08,-2.0287025,-2.240489,8.360771,10.730003,2.883134
1712,27/5/2018,15:36:4,51.546673,-0.024655,4.37,5.0,512,-0.0493731769978173,12.526829268292683,1.4057421111388475,7.305319301218363,16.644663979514085,2.0828948423757872e-08,-1.8431902,-2.7408445,8.247633,11.09525,3.0483892
1713,27/5/2018,15:36:4,51.546673,-0.024655,4.37,4.9,514,-0.0097741891865789,12.534146341463416,1.8968775109985083,6.90709686185413,16.116400469569495,1.7607890632077107e-08,-1.5616117,-2.4226742,8.401473,10.905489,3.346206
1714,27/5/2018,15:36:5,51.546684,-0.024665,4.7,4.9,510,-0.0889721648090557,12.541463414634148,2.3325351378767776,6.353145565844293,15.314509345283358,1.4599058772727472e-08,-1.7030311,-3.588093,7.8958864,11.863002,3.0789597
1715,27/5/2018,15:36:5,51.546684,-0.024665,4.7,5.4,512,-0.0493731769978173,12.548780487804878,2.672647711287116,5.530994572278628,14.041370662965386,1.1955727130170581e-08,-0.5901563,-3.7102904,8.007257,11.958023,4.2075944
1716,27/5/2018,15:36:6,51.546692,-0.024679,4.43,5.4,511,-0.0691726709034365,12.55609756097561,3.012760284697537,4.708843578712763,12.768231980647103,9.312395487613046e-09,0.29172766,-4.271876,7.9601426,12.719962,4.7757936
1717,27/5/2018,15:36:6,51.546692,-0.024679,4.43,5.4,513,-0.0295736830921981,12.563414634146342,3.3242836307234804,3.981802730978216,11.578017265729464,6.9566768331689824e-09,1.1047703,-4.547189,7.8949237,13.00784,5.65542
1718,27/5/2018,15:36:7,51.5467,-0.024692,4.61,5.4,511,-0.0691726709034365,12.570731707317076,3.5169934456396037,3.650028677921868,10.732424993664369,5.796244579831424e-09,2.011245,-5.303843,7.446513,13.612908,6.631953
1719,27/5/2018,15:36:7,51.5467,-0.024692,4.61,5.4,512,-0.0493731769978173,12.578048780487803,3.70970326055568,3.3182546248656,9.88683272159948,4.635812326494149e-09,2.366501,-5.8387456,7.331916,14.123117,7.1138277
1720,27/5/2018,15:36:8,51.546707,-0.024703,3.85,5.4,511,-0.0691726709034365,12.585365853658535,3.8979190736100433,3.003766238601875,9.072204459314229,3.513622376620154e-09,2.6788626,-6.3095093,7.1688757,14.535497,7.5692835
1721,27/5/2018,15:36:8,51.546707,-0.024703,3.85,5.4,512,-0.0493731769978173,12.59268292682927,3.872041959735768,3.5127619343178984,9.732692515876868,4.213284516011441e-09,2.3754394,-5.8512993,7.366799,14.149932,7.0877748
1722,27/5/2018,15:36:9,51.546719,-0.024711,4.41,5.4,510,-0.0889721648090557,12.6,3.846164845861492,4.021757630033922,10.393180572439508,4.912946655402728e-09,2.8107698,-5.6748805,6.966291,13.822791,7.4019275
1723,27/5/2018,15:36:9,51.546719,-0.024711,4.41,5.6,512,-0.0493731769978173,12.607317073170732,3.820287731987222,4.530753325749823,11.053668629001988,5.612608794793844e-09,1.2379721,-4.592678,7.877523,13.096771,5.833582
1724,27/5/2018,15:36:10,51.546726,-0.02472,4.39,5.6,510,-0.0889721648090557,12.614634146341464,3.253039665043162,5.271283764983337,12.745900725737783,8.421478202630309e-09,0.12200425,-4.1648235,8.058537,12.69031,4.607368
1725,27/5/2018,15:36:10,51.546726,-0.02472,4.39,5.5,513,-0.0295736830921981,12.621951219512196,2.588124568557006,6.053584658481009,14.624266517087383,1.1610863054506646e-08,-0.92160934,-3.3734257,8.08108,11.550849,3.9853675
1726,27/5/2018,15:36:11,51.546738,-0.024728,4.07,5.5,513,-0.0295736830921981,12.629268292682928,1.9232094720708492,6.835885551978681,16.502632308436986,1.4800247906382984e-08,-1.6607677,-2.659175,8.232206,11.033187,3.227273
1727,27/5/2018,15:36:11,51.546738,-0.024728,4.07,5.4,515,0.0100253047190402,12.63658536585366,1.5603879065218609,8.662616648985646,18.192686460221747,2.053544124043127e-08,-2.3545969,-1.4640254,8.65869,10.333029,2.545435
1728,27/5/2018,15:36:12,51.546745,-0.024737,3.93,5.4,512,-0.0493731769978173,12.64390243902439,1.3438346469547442,10.995042244348866,19.79156347084029,2.750326968880109e-08,-3.3242462,-1.2667874,9.048256,10.306093,1.7586535
1729,27/5/2018,15:36:12,51.546745,-0.024737,3.93,5.3,514,-0.0097741891865789,12.651219512195125,1.1272813873876275,13.327467839712089,21.39044048145884,3.44710981371709e-08,-4.0092435,0.3544,9.164168,8.927901,0.6289452
1730,27/5/2018,15:36:13,51.546753,-0.02475,5.3,5.3,510,-0.0889721648090557,12.658536585365855,1.0601772272323489,14.931421674247035,20.980451084939443,3.6589575069834186e-08,-4.606795,0.49434578,9.3998785,8.782304,0.11754289
1731,27/5/2018,15:36:14,51.546764,-0.024764,4.74,5.3,513,-0.0295736830921981,12.665853658536586,1.1422964125621788,15.808004158468856,18.564629822684616,3.3866025791199426e-08,-4.8928885,-0.21185102,10.017089,9.475309,0.2839013
1732,27/5/2018,15:36:14,51.546764,-0.024764,4.74,5.4,515,0.0100253047190402,12.673170731707318,1.2244155978920286,16.68458664269089,16.148808560429202,3.114247651256399e-08,-5.33053,-0.5883417,10.445635,9.6512375,0.16712849
1733,27/5/2018,15:36:15,51.546772,-0.024777,4.33,5.4,515,0.0100253047190402,12.68048780487805,1.3359061627103783,16.287791319238572,14.329836076176948,2.7711594688496504e-08,-5.1886163,-0.8576547,10.428552,9.911592,0.43139246
1734,27/5/2018,15:36:15,51.546772,-0.024777,4.33,5.3,517,0.0496242925302786,12.687804878048782,1.507850440650671,13.270063032418452,13.739329037911414,2.2824843935967337e-08,-4.2716393,-1.6452272,10.069996,10.555591,1.4996916
1735,27/5/2018,15:36:16,51.546783,-0.024788,4.85,5.3,518,0.0694237864358978,12.695121951219512,1.679794718590922,10.252334745599065,13.148821999646024,1.7938093183439366e-08,-3.8211815,-1.8420881,9.930765,10.739277,1.9934545
1736,27/5/2018,15:36:16,51.546783,-0.024788,4.85,5.4,518,0.0694237864358978,12.702439024390245,1.783382564919333,7.714771699280901,12.917191537275508,1.4222122445176548e-08,-1.0274256,-1.712357,9.3756895,10.816142,3.8006413
1737,27/5/2018,15:36:17,51.546795,-0.024799,5.04,5.4,515,0.0100253047190402,12.709756097560977,1.5102699579068413,7.823316115134438,14.663267717063668,1.6958117553240006e-08,-1.7254999,-1.9576379,9.139271,10.935313,3.2668054
1738,27/5/2018,15:36:17,51.546795,-0.024799,5.04,5.6,517,0.0496242925302786,12.717073170731709,1.23715735089435,7.931860530987976,16.409343896851826,1.9694112661303464e-08,-1.7619528,-1.2693076,9.2565775,10.253451,3.2123277
1739,27/5/2018,15:36:18,51.546803,-0.02481,4.59,5.6,515,0.0100253047190402,12.72439024390244,0.964044743881925,8.040404946841486,18.15542007663956,2.243010776936626e-08,-2.092328,-1.5774734,8.6475935,10.324439,2.767587
1740,27/5/2018,15:36:18,51.546803,-0.02481,4.59,5.9,516,0.0298247986246594,12.731707317073171,0.8594093684038796,12.039391508769851,18.398927281534675,2.9557603716217303e-08,-3.7278767,-0.41319424,9.359212,9.53858,1.1543541
1741,27/5/2018,15:36:19,51.546814,-0.024819,4.43,5.9,515,0.0100253047190402,12.739024390243904,0.7581778358207941,16.1169789221994,18.61207721688781,3.6773823692969455e-08,-5.0240026,-0.21344176,10.034153,9.417933,0.23549828
1742,27/5/2018,15:36:19,51.546814,-0.024819,4.43,5.9,516,0.0298247986246594,12.746341463414636,0.6569463032377086,20.194566335628945,18.82522715224095,4.39900436697216e-08,-5.7875524,0.090721324,10.522026,8.985224,-0.34802
1743,27/5/2018,15:36:20,51.546822,-0.024829,4.44,5.9,512,-0.0493731769978173,12.753658536585366,0.730009555291362,18.30961818488697,18.22062066390136,3.91305438999119e-08,-5.6605988,0.009258863,10.470496,9.156079,-0.21282907
1744,27/5/2018,15:36:20,51.546822,-0.024829,4.44,5.8,512,-0.0493731769978173,12.760975609756098,0.84480950113659,14.996879055878896,17.42019391896084,3.137938779956117e-08,-4.517486,-0.7400666,9.886079,9.872511,0.7069362
1745,27/5/2018,15:36:21,51.546833,-0.024842,4.94,5.8,512,-0.0493731769978173,12.76829268292683,0.959609446981818,11.684139926870824,16.619767174020325,2.3628231699210444e-08,-3.689068,-1.4084309,9.4423,10.456285,1.6003928
1746,27/5/2018,15:36:21,51.546833,-0.024842,4.94,5.8,514,-0.0097741891865789,12.775609756097564,0.8921341000084759,11.484908093269754,16.87600780600256,2.3833550589912105e-08,-3.6091225,-1.326677,9.425156,10.410953,1.6145861
1747,27/5/2018,15:36:22,51.546844,-0.024853,5.48,5.8,512,-0.0493731769978173,12.782926829268291,0.7191652959743543,13.087646472403073,17.74380413942529,2.86437505911839e-08,-4.030917,-0.9917192,9.597114,10.146917,1.1958495
1748,27/5/2018,15:36:22,51.546844,-0.024853,5.48,5.9,514,-0.0097741891865789,12.790243902439023,0.5461964919401907,14.69038485153678,18.61160047284824,3.3453950592456864e-08,-4.6898894,-0.13752772,9.772418,9.373201,0.40376112
1749,27/5/2018,15:36:23,51.546856,-0.024861,4.83,5.9,514,-0.0097741891865789,12.797560975609755,0.4550006387871702,16.333776172709975,17.911571227747515,3.5460944072400595e-08,-5.069177,-0.25856757,10.129804,9.493446,0.22015889
1750,27/5/2018,15:36:23,51.546856,-0.024861,4.83,6.1,516,0.0298247986246594,12.80487804878049,0.4597932774340748,18.024887608561087,15.371163091262847,3.41774171139024e-08,-5.4140296,-0.6602501,10.549419,9.712088,0.17269588
1751,27/5/2018,15:36:24,51.546864,-0.024872,4.52,6.1,516,0.0298247986246594,12.81219512195122,0.4645859160809782,19.715999044411788,12.8307549547788,3.289389015540452e-08,-5.5564876,-0.8724002,10.72857,9.862011,0.2508413
1752,27/5/2018,15:36:24,51.546864,-0.024872,4.52,6.1,515,0.0100253047190402,12.819512195121952,0.4722926237779439,20.65207940534668,11.139571032111016,3.169341247168065e-08,-5.528204,-0.92152065,10.730722,9.885868,0.27035576
1753,27/5/2018,15:36:25,51.546875,-0.024883,4.41,6.1,513,-0.0295736830921981,12.826829268292684,0.4872522280188076,19.70894476494843,11.56204167959067,3.069963812533007e-08,-5.5247216,-0.9156967,10.734618,9.876788,0.26085383
1754,27/5/2018,15:36:25,51.546875,-0.024883,4.41,6.0,512,-0.0493731769978173,12.834146341463416,0.5022118322596713,18.765810124550185,11.984512327070323,2.970586377897949e-08,-5.515832,-0.9021507,10.715265,9.874774,0.26478446
1755,27/5/2018,15:36:26,51.546883,-0.024895,4.3,6.0,513,-0.0295736830921981,12.841463414634148,0.5030372268569974,18.475578239025328,12.7607208092684,3.206403085404015e-08,-5.4899282,-0.89874434,10.721268,9.874745,0.26397526
1756,27/5/2018,15:36:26,51.546883,-0.024895,4.3,6.0,515,0.0100253047190402,12.84878048780488,0.3931666618161892,23.2987342841888,16.307324669916166,6.067385130426186e-08,-5.966458,-0.21885173,10.876196,9.137682,-0.3426872
1757,27/5/2018,15:36:27,51.54689,-0.024907,4.76,6.0,515,0.0100253047190402,12.856097560975613,0.283296096775381,28.12189032935226,19.85392853056393,8.928367175448359e-08,-6.819804,3.5028026,10.808047,5.768271,-1.5782934
1758,27/5/2018,15:36:27,51.54689,-0.024907,4.76,6.1,516,0.0298247986246594,12.86341463414634,0.1734255317345994,32.94504637451456,23.400532391210835,1.1789349220469833e-07,-6.471762,4.0692453,10.570548,5.09077,-1.4951544
1759,27/5/2018,15:36:28,51.546902,-0.024917,4.8,6.1,513,-0.0295736830921981,12.870731707317074,0.1680238116092457,30.84601991378591,23.76362467423788,1.1139117692837977e-07,-6.4597087,4.011803,10.5349455,5.1415553,-1.4518158
1760,27/5/2018,15:36:29,51.546913,-0.024932,6.0,6.1,515,0.0100253047190402,12.878048780487806,0.1693099795772536,28.30384906873198,23.922914864954247,1.0264105241622565e-07,-6.429444,3.8778887,10.471087,5.2702065,-1.381341
1761,27/5/2018,15:36:29,51.546913,-0.024932,6.0,6.5,515,0.0100253047190402,12.885365853658538,0.1705961475452615,25.761678223678054,24.08220505567062,9.389092790407155e-08,-6.3140087,3.4370627,10.388949,5.761602,-1.2556441
1762,27/5/2018,15:36:30,51.546921,-0.024944,4.54,6.5,514,-0.0097741891865789,12.892682926829268,0.4878860539884716,24.2590973743072,21.762501546183675,8.12732578195017e-08,-6.440996,3.12015,10.499984,6.1621256,-1.2778196
1763,27/5/2018,15:36:30,51.546921,-0.024944,4.54,6.5,514,-0.0097741891865789,12.9,0.9014729576593198,23.073314659714647,18.687365045214804,6.747701615516944e-08,-5.996617,-0.04705968,10.825164,9.003827,-0.4003995
1764,27/5/2018,15:36:31,51.546928,-0.024954,4.02,6.5,512,-0.0493731769978173,12.907317073170733,1.3150598613301678,21.887531945122102,15.61222854424593,5.3680774490837173e-08,-5.915321,-0.29843494,10.860617,9.261866,-0.25366366
1765,27/5/2018,15:36:32,51.546936,-0.024965,4.02,6.5,510,-0.0889721648090557,12.914634146341465,2.609983147752651,19.175474836883865,13.658760669630524,4.0718656109441215e-08,-5.553279,-0.77714616,10.688756,9.743762,0.15013012
1766,27/5/2018,15:36:33,51.546944,-0.024978,4.35,6.5,516,0.0298247986246594,12.921951219512197,4.509687862256724,15.41607368895967,12.474992499869243,2.8328921076930014e-08,-4.8656,-1.2617388,10.365814,10.2406435,0.856173
1767,27/5/2018,15:36:33,51.546944,-0.024978,4.35,6.3,518,0.0694237864358978,12.929268292682927,6.40939257676126,11.656672541034563,11.291224330107674,1.5939186044415808e-08,-4.057232,-1.789883,10.05912,10.661783,1.7310132
1768,27/5/2018,15:36:34,51.546951,-0.024991,4.56,6.3,521,0.1288222681527554,12.93658536585366,7.995173054497484,8.872619059009407,10.302782125416226,8.237080113352565e-09,-0.22130442,-1.513434,9.788634,10.849921,4.520777
1769,27/5/2018,15:36:34,51.546951,-0.024991,4.56,6.1,524,0.1882207498696129,12.943902439024392,9.146819834483948,7.437398318118712,9.5844610950418,7.017613995137723e-09,-0.14744094,-1.2695742,9.927376,10.664395,4.6978984
1770,27/5/2018,15:36:35,51.546959,-0.025004,4.69,6.1,520,0.1090227742471362,12.951219512195122,10.298466614470131,6.002177577228363,8.866140064667547,5.798147876923177e-09,1.4383878,-0.04984627,10.750897,10.347395,6.4638
1771,27/5/2018,15:36:35,51.546959,-0.025004,4.69,6.1,519,0.089223280341517,12.958536585365854,10.62732654205737,4.856659646009776,8.458801267876993,5.097513797015883e-09,1.7047412,0.004800278,10.915108,10.354225,6.6977997
1772,27/5/2018,15:36:36,51.546967,-0.025014,3.93,6.1,519,0.089223280341517,12.965853658536586,8.43782229158193,4.597856391909471,9.003308644597656,5.984907060879255e-09,1.6437477,-0.10094528,10.768059,10.401723,6.559668
1773,27/5/2018,15:36:36,51.546967,-0.025014,3.93,6.1,517,0.0496242925302786,12.973170731707318,6.248318041106489,4.339053137809167,9.54781602131832,6.872300324742627e-09,1.4679203,-0.4442431,10.460057,10.657211,6.3168273
1774,27/5/2018,15:36:37,51.546978,-0.025025,4.8,6.1,515,0.0100253047190402,12.980487804878049,4.211566995852053,4.221227884747935,10.260004006798086,8.171664745616593e-09,1.1496886,-1.0407984,9.965121,11.075678,6.0296664
1775,27/5/2018,15:36:37,51.546978,-0.025025,4.8,6.1,516,0.0298247986246594,12.98780487804878,4.11845787511229,5.897216076440763,13.1057711904512,1.4712977519073877e-08,0.01789137,-1.430868,9.35032,10.966912,4.7838078
1776,27/5/2018,15:36:38,51.546989,-0.025036,4.48,6.1,518,0.0694237864358978,12.995121951219511,4.0253487543725255,7.5732042681335905,15.951538374104317,2.1254290292531162e-08,-1.5824002,-1.1916295,9.35912,10.223513,3.3946252
1777,27/5/2018,15:36:38,51.546989,-0.025036,4.48,6.3,520,0.1090227742471362,13.002439024390243,3.932239633632761,9.249192459826418,18.79730555775743,2.7795603065988445e-08,-2.6681285,-0.2692775,9.173987,9.278752,2.14185
1778,27/5/2018,15:36:39,51.546997,-0.025045,4.56,6.3,513,-0.0295736830921981,13.009756097560976,5.289402148186591,8.703687067215382,17.147056321289075,2.3672908789067445e-08,-2.472602,-1.9547125,8.86504,10.799142,2.6326432
1779,27/5/2018,15:36:40,51.547009,-0.025055,4.8,6.3,519,0.089223280341517,13.017073170731708,6.808653845508599,7.9098970975354,14.994311131984087,1.8358354900634653e-08,-1.4761255,-1.2738438,9.386688,10.332832,3.4701605
1780,27/5/2018,15:36:41,51.547016,-0.025065,3.7,6.3,521,0.1288222681527554,13.02439024390244,8.327905542830607,7.116107127855417,12.8415659426791,1.304380101220186e-08,-0.34744233,-0.9327832,9.921661,10.324521,4.6583953
1781,27/5/2018,15:36:41,51.547016,-0.025065,3.7,5.6,522,0.1486217620583746,13.031707317073172,8.028224665353413,7.302231584177825,11.347275017871024,9.884112712580733e-09,-0.23426431,-1.27201,9.922312,10.634206,4.6628113
1782,27/5/2018,15:36:42,51.547028,-0.025072,4.44,5.6,521,0.1288222681527554,13.039024390243902,7.042325627240428,7.858042682164815,10.101395320893348,7.537378076696428e-09,-0.19590004,-1.406704,9.861557,10.763307,4.6175117
1783,27/5/2018,15:36:43,51.547035,-0.025083,4.72,5.6,517,0.0496242925302786,13.046341463414636,6.056426589127204,8.41385378015194,8.855515623915368,5.1906434408115525e-09,-0.13376041,-2.4265683,9.394107,11.578387,4.314938
1784,27/5/2018,15:36:44,51.547047,-0.025096,4.98,5.6,515,0.0100253047190402,13.053658536585369,4.854685338213722,9.503978833011956,8.102350627219948,4.847785968047274e-09,-0.22848049,-2.5109003,9.366019,11.619163,4.110372
1785,27/5/2018,15:36:45,51.547054,-0.025107,4.07,5.6,513,-0.0295736830921981,13.0609756097561,3.478251224150507,11.026553282061125,7.74796648340606,6.126775466198985e-09,-0.38475272,-2.5175858,9.403986,11.597311,3.8872504
1786,27/5/2018,15:36:45,51.547054,-0.025107,4.07,5.2,512,-0.0493731769978173,13.06829268292683,2.101817110087626,12.549127731109923,7.393582339592257,7.405764964350385e-09,-4.6135488,-1.5081942,10.281963,10.480729,1.2280548
1787,27/5/2018,15:36:46,51.547062,-0.025116,4.3,5.2,512,-0.0493731769978173,13.07560975609756,1.2022343053164328,13.892789389551153,7.561000171732573,9.854327321287291e-09,-4.66074,-1.4859929,10.346084,10.425602,1.1261083
1788,27/5/2018,15:36:47,51.547073,-0.025126,4.54,5.2,513,-0.0295736830921981,13.082926829268294,1.083022754412217,14.943658733031882,8.582351408921552,1.4216905683871884e-08,-4.7537513,-1.4426894,10.372818,10.38518,1.0418867
1789,27/5/2018,15:36:48,51.547085,-0.025136,4.7,5.2,514,-0.0097741891865789,13.090243902439026,0.9638112035080016,15.994528076512609,9.60370264611053,1.857948404645648e-08,-4.9216576,-1.3519008,10.441176,10.302533,0.89023757
1790,27/5/2018,15:36:49,51.547092,-0.025145,3.93,5.2,515,0.0100253047190402,13.097560975609756,0.8854618122823893,17.051986844413207,10.717110967994431,2.2918591182553243e-08,-5.258581,-1.1467928,10.574121,10.142891,0.60700023
1791,27/5/2018,15:36:50,51.5471,-0.02515,2.93,5.2,517,0.0496242925302786,13.104878048780488,0.9647107505659804,18.134859890198744,12.185567649572985,2.7167173830593044e-08,-5.4193,-1.0150644,10.65755,10.013364,0.42417985
1792,27/5/2018,15:36:50,51.5471,-0.02515,2.93,5.8,518,0.0694237864358978,13.11219512195122,1.0439596888495712,19.21773293598428,13.654024331151534,3.1415756478632844e-08,-5.5224156,-0.86690634,10.698098,9.853044,0.25772867
1793,27/5/2018,15:36:51,51.547108,-0.02516,4.35,5.8,514,-0.0097741891865789,13.119512195121953,1.1255832099946532,20.155849162019617,15.068972548492592,3.5305048388419544e-08,-5.795355,-0.43919626,10.796973,9.388046,-0.14838915
1794,27/5/2018,15:36:51,51.547108,-0.02516,4.35,5.9,514,-0.0097741891865789,13.126829268292685,1.2778919884117264,16.78492517225148,14.891110667607084,2.8499174136293774e-08,-5.2978435,-0.7506045,10.48023,9.803071,0.29125643
1795,27/5/2018,15:36:52,51.547112,-0.025165,0.76,5.9,511,-0.0691726709034365,13.134146341463415,1.4302007668288366,13.414001182482526,14.713248786721532,2.1693299884166343e-08,-4.1556935,-1.3269151,9.791971,10.408278,1.3193787
1796,27/5/2018,15:36:52,51.547112,-0.025165,0.76,6.0,512,-0.0493731769978173,13.141463414634147,1.5825095452459466,10.04307719271357,14.53538690583598,1.4887425632038918e-08,-2.8279011,-2.0914814,9.262452,11.128041,2.5708394
1797,27/5/2018,15:36:53,51.547108,-0.025166,0.81,6.0,511,-0.0691726709034365,13.14878048780488,2.112178980611521,8.142462468004226,13.511565206745871,1.2453446364497396e-08,-0.6916966,-3.152703,8.776721,11.914427,3.6024086
1798,27/5/2018,15:36:53,51.547108,-0.025166,0.81,5.9,514,-0.0097741891865789,13.15609756097561,2.703734766896406,6.482975358117171,12.349007883766369,1.0736448642904886e-08,0.09935273,-3.253108,8.765994,11.994696,4.5666475
1799,27/5/2018,15:36:54,51.547108,-0.025164,0.91,5.9,513,-0.0295736830921981,13.163414634146342,3.2952905531814345,4.823488248229714,11.18645056078658,9.019450921311955e-09,0.9784232,-4.2923574,8.073693,12.853068,5.5127454
1800,27/5/2018,15:36:54,51.547108,-0.025164,0.91,5.8,512,-0.0493731769978173,13.170731707317074,4.7543150140202695,4.113192878134632,10.13793346995754,7.167504177487728e-09,2.1217597,-5.406708,7.4595723,13.744866,6.825776
1801,27/5/2018,15:36:55,51.547112,-0.025165,1.11,5.8,509,-0.1087716587146749,13.178048780487806,6.610929284029355,3.8379437221107895,9.141684818864228,5.253705798474191e-09,3.1051462,-5.9918494,6.899563,14.120301,7.846384
1802,27/5/2018,15:36:55,51.547112,-0.025165,1.11,5.7,510,-0.0889721648090557,13.185365853658537,8.46754355403799,3.562694566087013,8.145436167771155,3.339907419461118e-09,3.2284884,-6.3872485,6.9005127,14.4419155,8.01315
1803,27/5/2018,15:36:56,51.547112,-0.025167,0.81,5.7,508,-0.1285711526202941,13.192682926829267,10.675417786327907,3.2521844795461936,7.320558084155133,2.144885500877479e-09,4.455518,-7.096962,6.4392867,14.8687315,9.263287
1804,27/5/2018,15:36:56,51.547112,-0.025167,0.81,5.5,510,-0.0889721648090557,13.2,13.21765750646612,2.90810939983696,6.658808194897826,1.6340692067691034e-09,3.7626085,-7.3698583,6.64532,15.261971,8.813603
1805,27/5/2018,15:36:57,51.547119,-0.025171,3.02,5.5,508,-0.1285711526202941,13.207317073170731,15.75989722660433,2.564034320127726,5.99705830564052,1.1232529126607283e-09,4.955956,-7.89709,6.2592063,15.313221,9.905775
1806,27/5/2018,15:36:57,51.547119,-0.025171,3.02,5.4,508,-0.1285711526202941,13.214634146341464,18.354635604452653,2.3636917472980845,5.50533170404291,7.485305481762651e-10,5.043267,-8.179194,6.0787435,15.545436,10.028496
1807,27/5/2018,15:36:58,51.547127,-0.025179,2.91,5.4,507,-0.1483706465259133,13.221951219512196,21.05177212243054,2.443698082846752,5.345233932478795,6.392581186805598e-10,6.3625026,-7.600285,6.0072384,14.814268,10.917259
1808,27/5/2018,15:36:58,51.547127,-0.025179,2.91,5.3,507,-0.1483706465259133,13.229268292682928,23.748908640408423,2.5237044183954183,5.18513616091468,5.299856891848542e-10,6.415388,-7.626357,5.961428,14.791656,10.989741
1809,27/5/2018,15:36:59,51.547131,-0.025188,3.8,5.3,505,-0.1879696343371517,13.23658536585366,25.964142842899676,2.5832627963424737,5.045171608578395,4.3538361426557774e-10,8.716799,-6.873155,4.3265405,13.780067,12.605606
1810,27/5/2018,15:36:59,51.547131,-0.025188,3.8,5.2,506,-0.1681701404315325,13.24390243902439,25.750061263216686,2.539741059256969,5.006700544952071,4.147362035122637e-10,8.295772,-7.0963063,4.7105856,13.944982,12.325003
1811,27/5/2018,15:37:0,51.547134,-0.025197,2.2,5.2,506,-0.1681701404315325,13.251219512195124,25.535979683533647,2.496219322171453,4.9682294813257375,3.940887927589447e-10,8.301435,-7.0962634,4.7183914,13.949926,12.33349
1812,27/5/2018,15:37:1,51.547134,-0.025201,0.96,5.2,507,-0.1483706465259133,13.258536585365857,25.321898103850607,2.452697585085938,4.9297584176994045,3.7344138200562564e-10,6.4631634,-7.614565,5.951479,14.791357,11.029632
1813,27/5/2018,15:37:2,51.547146,-0.025209,4.85,5.2,507,-0.1483706465259133,13.265853658536589,23.64083056442586,2.320364224321845,4.902100321273382,4.501575047416855e-10,6.419437,-7.653399,5.9733076,14.782979,11.037708
1814,27/5/2018,15:37:2,51.547146,-0.025209,4.85,5.3,509,-0.1087716587146749,13.273170731707316,21.94813979326224,2.187327190781434,4.874527898212353,5.276450587959252e-10,4.508764,-8.20849,6.1146564,15.780878,9.561813
1815,27/5/2018,15:37:3,51.547153,-0.025221,4.24,5.3,508,-0.1285711526202941,13.28048780487805,20.255449022098205,2.054290157240991,4.846955475151317,6.05132612850184e-10,5.0298085,-8.324591,6.007409,15.7399235,10.002663
1816,27/5/2018,15:37:3,51.547153,-0.025221,4.24,5.5,508,-0.1285711526202941,13.287804878048782,19.846915023355937,2.1134322303259565,4.867550870383079,5.848921231532447e-10,5.0426,-8.34461,5.996749,15.724428,10.026219
1817,27/5/2018,15:37:4,51.547165,-0.025234,5.24,5.5,507,-0.1483706465259133,13.295121951219514,19.722669054549627,2.215119124098474,4.898809709878697,5.43016492308292e-10,6.4157815,-7.6502676,5.9902816,14.833549,10.9951315
1818,27/5/2018,15:37:4,51.547165,-0.025234,5.24,5.4,508,-0.1285711526202941,13.302439024390244,19.59842308574334,2.316806017870966,4.930068549374307,5.011408614633493e-10,5.038413,-8.332584,5.9826913,15.739325,10.060047
1819,27/5/2018,15:37:5,51.547173,-0.025246,4.96,5.4,507,-0.1483706465259133,13.309756097560976,19.8189940204526,2.3179250982118518,5.008185673624209,5.649104073032244e-10,6.41768,-7.639481,5.9840746,14.840859,10.988491
1820,27/5/2018,15:37:5,51.547173,-0.025246,4.96,4.9,508,-0.1285711526202941,13.317073170731708,20.229056746131093,2.2637778186767306,5.112053450493828,6.867365435630265e-10,5.0428853,-8.314841,5.9927416,15.6980915,10.051901
1821,27/5/2018,15:37:6,51.54718,-0.025256,4.56,4.9,508,-0.1285711526202941,13.32439024390244,20.63911947180959,2.20963053914161,5.215921227363449,8.085626798228282e-10,5.0609612,-8.272633,5.998474,15.679342,10.052528
1822,27/5/2018,15:37:6,51.54718,-0.025256,4.56,4.8,509,-0.1087716587146749,13.331707317073173,21.42911076345833,2.2441758576552195,5.313524679848905,8.703131134922762e-10,4.5057483,-8.148703,6.113617,15.742563,9.531645
1823,27/5/2018,15:37:7,51.547192,-0.025267,4.89,4.8,506,-0.1681701404315325,13.339024390243903,22.644179082952785,2.377953477573069,5.404119392720747,8.648488036806705e-10,8.233231,-6.9750576,4.63299,13.908085,12.205268
1824,27/5/2018,15:37:7,51.547192,-0.025267,4.89,4.7,506,-0.1681701404315325,13.346341463414635,23.85924740244724,2.511731097490918,5.494714105592588,8.593844938690649e-10,8.227086,-6.9430566,4.6191845,13.909976,12.204408
1825,27/5/2018,15:37:8,51.547199,-0.025279,4.13,4.7,506,-0.1681701404315325,13.353658536585368,24.7390481064596,2.5704722715220254,5.521582216813699,8.386909605867727e-10,8.232113,-6.9416113,4.6186414,13.892971,12.202997
1826,27/5/2018,15:37:8,51.547199,-0.025279,4.13,4.9,508,-0.1285711526202941,13.360975609756098,24.831182108783143,2.452925289140937,5.3987331474479525,7.822183908974487e-10,5.101676,-8.1639805,5.9663067,15.5382,10.019766
1827,27/5/2018,15:37:9,51.547207,-0.025291,4.28,4.9,506,-0.1681701404315325,13.36829268292683,24.923316111106704,2.33537830675982,5.275884078082176,7.257458212081105e-10,8.272807,-7.0826287,4.669303,13.9469185,12.255278
1828,27/5/2018,15:37:9,51.547207,-0.025291,4.28,5.0,507,-0.1483706465259133,13.375609756097562,25.103249448465224,2.224794580707037,5.161588368021529,6.722117345313303e-10,6.483271,-7.6037397,5.9448605,14.790409,11.0405655
1829,27/5/2018,15:37:10,51.547215,-0.025303,4.17,5.0,507,-0.1483706465259133,13.382926829268293,25.896823790469533,2.16287796138378,5.107073201799955,6.392150889097005e-10,6.489145,-7.6020274,5.9219484,14.773395,11.039329
1830,27/5/2018,15:37:10,51.547215,-0.025303,4.17,4.8,508,-0.1285711526202941,13.390243902439025,26.69039813247404,2.1009613420605087,5.052558035578368,6.062184432880628e-10,5.125092,-8.242959,5.9669275,15.636499,10.034224
1831,27/5/2018,15:37:11,51.547222,-0.025314,4.39,4.8,506,-0.1681701404315325,13.397560975609755,27.483972474478534,2.039044722737237,4.998042869356781,5.732217976664248e-10,8.378701,-7.1801543,4.7893925,13.920003,12.4111
1832,27/5/2018,15:37:11,51.547222,-0.025314,4.39,4.7,507,-0.1483706465259133,13.404878048780487,31.972442947511038,2.145098736200341,5.101970883336088,5.720107920312302e-10,6.555996,-7.564724,5.8105416,14.705777,11.116587
1833,27/5/2018,15:37:12,51.547234,-0.025322,4.43,4.7,505,-0.1879696343371517,13.41219512195122,36.64812305615107,2.259663332868405,5.213926752220678,5.724102722847943e-10,9.130938,-6.8475533,4.13256,13.606236,13.000389
1834,27/5/2018,15:37:12,51.547234,-0.025322,4.43,4.7,505,-0.1879696343371517,13.419512195121952,41.32380316479224,2.374227929536496,5.325882621105295,5.728097525383584e-10,9.3369465,-6.8252463,4.1022806,13.386385,13.090455
1835,27/5/2018,15:37:13,51.547245,-0.025332,4.8,4.7,502,-0.2473681160540093,13.426829268292684,46.914399191738,2.4275029619650685,5.3134963722785855,5.551006842162371e-10,10.962306,-3.6058545,1.743291,10.686805,13.229461
1836,27/5/2018,15:37:13,51.547245,-0.025332,4.8,4.8,504,-0.2077691282427709,13.434146341463416,52.765485942364805,2.463327906769816,5.265707997880951,5.322358318172195e-10,10.721813,-6.57501,4.0208216,12.244731,14.276453
1837,27/5/2018,15:37:14,51.547256,-0.025344,5.3,4.8,501,-0.2671676099596285,13.441463414634146,58.61657269299019,2.4991528515745545,5.217919623483328,5.093709794182074e-10,12.182251,1.6144509,-2.7460759,5.886338,11.104475
1838,27/5/2018,15:37:14,51.547256,-0.025344,5.3,5.0,502,-0.2473681160540093,13.448780487804878,61.52627179244672,2.46163581230818,5.122665556196188,4.734885343068931e-10,11.51266,-2.5794091,0.9781481,9.750751,13.386491
1839,27/5/2018,15:37:15,51.547264,-0.025356,4.57,5.0,501,-0.2671676099596285,13.45609756097561,62.51546965939249,2.376232065301214,4.996420020763052,4.2910659650261764e-10,12.042476,1.8001086,-2.5765774,5.963572,11.206737
1840,27/5/2018,15:37:16,51.547276,-0.025367,5.02,5.0,502,-0.2473681160540093,13.463414634146345,63.50466752633826,2.2908283182942486,4.870174485329916,3.8472465869834204e-10,11.557749,-2.5085442,0.9426319,9.706081,13.388751
1841,27/5/2018,15:37:16,51.547276,-0.025367,5.02,4.8,504,-0.2077691282427709,13.470731707317071,63.778916262817134,2.2379184557932885,4.803316306552878,3.66239784032518e-10,11.300837,-7.1218915,4.3179393,11.966006,14.825515
1842,27/5/2018,15:37:17,51.547283,-0.025381,4.89,4.8,502,-0.2473681160540093,13.478048780487804,63.11158575917159,2.227802640837864,4.814670548450735,3.8186102404289405e-10,11.503583,-2.5646534,0.9445614,9.727801,13.387588
1843,27/5/2018,15:37:17,51.547283,-0.025381,4.89,4.6,503,-0.2275686221483901,13.485365853658536,62.444255255526045,2.217686825882439,4.826024790348593,3.9748226405327014e-10,13.549835,-3.2703576,1.8726897,9.131781,15.244025
1844,27/5/2018,15:37:18,51.547291,-0.025394,5.06,4.6,501,-0.2671676099596285,13.49268292682927,62.27501620388647,2.207533031088736,4.836174266796474,4.139852559093468e-10,11.996993,1.8808253,-2.4901063,5.9780874,11.240129
1845,27/5/2018,15:37:18,51.547291,-0.025394,5.06,4.4,503,-0.2275686221483901,13.5,63.53676939755687,2.1972701220875246,4.842862511357335,4.3302147745326785e-10,13.558723,-3.2522378,1.860656,9.126124,15.234982
1846,27/5/2018,15:37:19,51.547302,-0.02541,5.22,4.4,503,-0.2275686221483901,13.507317073170732,64.79852259122758,2.1870072130863103,4.849550755918198,4.5205769899719357e-10,13.56194,-3.2399738,1.8605987,9.112716,15.252552
1847,27/5/2018,15:37:19,51.547302,-0.02541,5.22,4.3,503,-0.2275686221483901,13.514634146341464,66.12062450807298,2.1832353837533454,4.860718291943044,4.673683632475211e-10,13.566612,-3.1804183,1.8134542,9.053002,15.219582
1848,27/5/2018,15:37:20,51.54731,-0.025425,4.96,4.3,500,-0.2869671038652477,13.521951219512196,68.09397628249229,2.2495116761877743,4.920223850290357,4.424748851531036e-10,13.06835,2.1937683,-3.279695,4.7849946,10.494895
1849,27/5/2018,15:37:20,51.54731,-0.025425,4.96,4.4,502,-0.2473681160540093,13.529268292682929,70.06732805691112,2.315787968622187,4.979729408637655,4.1758140705869215e-10,12.289486,-1.9402251,0.6940009,8.794748,13.964743
1850,27/5/2018,15:37:21,51.547318,-0.025438,4.28,4.4,500,-0.2869671038652477,13.53658536585366,72.04067983133042,2.382064261056616,5.039234966984968,3.9268792896427454e-10,13.143262,2.2819057,-3.230798,4.778614,10.460106
1851,27/5/2018,15:37:21,51.547318,-0.025438,4.28,4.5,502,-0.2473681160540093,13.543902439024391,71.9359239227161,2.33012582179802,4.984443543718773,3.5106962216050376e-10,12.562755,-1.808031,0.7290359,8.629586,14.105254
1852,27/5/2018,15:37:22,51.547325,-0.02545,4.83,4.5,501,-0.2671676099596285,13.551219512195123,71.62918242739465,2.26669727924334,4.918542810247653,3.0782571415857777e-10,11.83101,2.488015,-1.8388101,5.853156,11.247558
1853,27/5/2018,15:37:22,51.547325,-0.02545,4.83,4.6,503,-0.2275686221483901,13.558536585365854,71.32244093207328,2.203268736688676,4.852642076776549,2.6458180615666227e-10,13.606746,-2.7805393,1.5525253,8.73093,15.0133095
1854,27/5/2018,15:37:23,51.547333,-0.025465,4.93,4.6,501,-0.2671676099596285,13.565853658536586,69.23257735371588,2.283241748033294,4.924704930139759,2.9573521093526403e-10,11.842737,2.3557458,-1.9295522,5.880787,11.272918
1855,27/5/2018,15:37:23,51.547333,-0.025465,4.93,4.6,502,-0.2473681160540093,13.573170731707318,66.50974561274018,2.4141190799243244,5.0457417482682265,3.5329798544936497e-10,11.772568,-2.3162715,0.7942269,9.32938,13.593999
1856,27/5/2018,15:37:24,51.54734,-0.025476,3.48,4.6,500,-0.2869671038652477,13.58048780487805,63.78691387176448,2.544996411815355,5.166778566396694,4.1086075996346585e-10,12.918036,2.1240537,-3.2258635,4.9407187,10.505722
1857,27/5/2018,15:37:24,51.54734,-0.025476,3.48,4.5,503,-0.2275686221483901,13.58780487804878,58.91530664156075,2.5433502375070813,5.217097450552817,4.943704966392917e-10,12.380799,-4.2329545,2.227893,10.555924,14.463281
1858,27/5/2018,15:37:25,51.547348,-0.025485,4.56,4.5,503,-0.2275686221483901,13.595121951219513,52.38681228713216,2.439517263237976,5.212886843453221,5.978875294398416e-10,11.946243,-4.3207927,2.2858164,10.817506,14.131881
1859,27/5/2018,15:37:25,51.547348,-0.025485,4.56,4.5,506,-0.1681701404315325,13.602439024390245,45.85831793270358,2.33568428896887,5.208676236353625,7.014045622403915e-10,9.036803,-7.368704,4.805384,13.4757805,12.929391
1860,27/5/2018,15:37:26,51.547359,-0.025494,3.98,4.5,507,-0.1483706465259133,13.609756097560975,40.44795061575131,2.270794898435063,5.248660067845919,8.032874471246584e-10,6.743999,-7.501955,5.691575,14.602749,11.207244
1861,27/5/2018,15:37:26,51.547359,-0.025494,3.98,4.3,505,-0.1879696343371517,13.617073170731707,36.77742007620089,2.266502807631525,5.357411675307817,9.026275523880099e-10,9.173869,-6.8694572,4.0797524,13.540459,12.987215
1862,27/5/2018,15:37:27,51.547367,-0.025503,4.74,4.3,505,-0.1879696343371517,13.62439024390244,33.10688953664958,2.262210716827985,5.466163282769742,1.0019676576513856e-09,9.059417,-6.6871777,4.0906515,13.531544,12.83391
1863,27/5/2018,15:37:27,51.547367,-0.025503,4.74,4.3,508,-0.1285711526202941,13.631707317073172,30.391619053464893,2.2455910096279155,5.504194562969125,1.0435800707109724e-09,5.227881,-7.901386,5.824828,15.289686,9.987916
1864,27/5/2018,15:37:28,51.547379,-0.025514,4.76,4.3,506,-0.1681701404315325,13.639024390243904,31.10626913352719,2.1847082300922334,5.2883001157179566,8.7791761946641e-10,8.389407,-7.169016,4.802363,13.888447,12.437362
1865,27/5/2018,15:37:28,51.547379,-0.025514,4.76,4.0,507,-0.1483706465259133,13.646341463414634,31.820919213589317,2.123825450556566,5.072405668466842,7.122551682218876e-10,6.564594,-7.5481806,5.813585,14.708798,11.111921
1866,27/5/2018,15:37:29,51.54739,-0.025524,4.82,4.0,506,-0.1681701404315325,13.653658536585366,32.686203769430726,2.0717495687523804,4.868417372466977,5.554639319537263e-10,8.461451,-7.218172,4.819338,13.867125,12.511574
1867,27/5/2018,15:37:29,51.54739,-0.025524,4.82,3.9,505,-0.1879696343371517,13.6609756097561,36.79012955452644,2.209021988175557,4.920411328370401,5.894038176783853e-10,8.999205,-6.9878774,4.2011943,13.731566,12.958715
1868,27/5/2018,15:37:30,51.547398,-0.025537,5.54,3.9,504,-0.2077691282427709,13.66829268292683,40.89405533962214,2.3462944075987338,4.972405284273824,6.233437034030442e-10,10.392552,-6.1460776,3.7283654,12.355422,13.839262
1869,27/5/2018,15:37:30,51.547398,-0.025537,5.54,3.9,505,-0.1879696343371517,13.67560975609756,44.99798112471686,2.483566827021877,5.024399240177236,6.572835891276948e-10,9.459946,-6.986974,4.289779,13.367767,13.320887
1870,27/5/2018,15:37:31,51.547409,-0.025549,4.91,3.9,502,-0.2473681160540093,13.682926829268292,46.73100348253093,2.4935963822634912,5.087930535504628,6.658938703836723e-10,10.971958,-3.5974052,1.7555953,10.695028,13.240311
1871,27/5/2018,15:37:32,51.547421,-0.025561,4.48,3.9,502,-0.2473681160540093,13.690243902439024,48.11303996331104,2.484789046990217,5.153169805585343,6.70754385480023e-10,10.966712,-3.5616674,1.7045773,10.651966,13.18811
1872,27/5/2018,15:37:33,51.547428,-0.025573,4.5,3.9,503,-0.2275686221483901,13.697560975609758,49.49507644409115,2.4759817117169427,5.218409075666057,6.756149005763738e-10,11.612465,-4.365493,2.2879891,10.913644,13.983025
1873,27/5/2018,15:37:34,51.547432,-0.025589,4.82,3.9,505,-0.1879696343371517,13.704878048780488,50.051647604238696,2.470523280100538,5.339479286741258,7.262985280710725e-10,9.622408,-6.906367,4.2676187,13.185506,13.354872
1874,27/5/2018,15:37:35,51.547443,-0.025598,4.06,3.9,507,-0.1483706465259133,13.71219512195122,50.25048731449174,2.4665161610114845,5.484744921866099,7.968404924664678e-10,9.412645,-7.3825936,4.810066,13.252321,13.247672
1875,27/5/2018,15:37:36,51.547451,-0.025605,4.35,3.9,503,-0.2275686221483901,13.719512195121952,50.4493270247448,2.4625090419224307,5.630010556990941,8.673824568618633e-10,11.554514,-4.339625,2.2997675,10.952479,13.913716
1876,27/5/2018,15:37:37,51.547459,-0.025613,3.52,3.9,501,-0.2671676099596285,13.726829268292684,50.84547984091257,2.505005572819593,5.754934498483468,9.317023973766378e-10,10.891815,-3.584534,1.7596976,10.724124,13.137634
1877,27/5/2018,15:37:38,51.54747,-0.025623,4.39,3.9,503,-0.2275686221483901,13.734146341463417,51.42068235267229,2.5897013501142423,5.861399584768108,9.903762279858882e-10,11.48989,-4.32469,2.3096414,11.008306,13.825666
1878,27/5/2018,15:37:38,51.54747,-0.025623,4.39,3.7,505,-0.1879696343371517,13.741463414634149,51.99588486443215,2.674397127408912,5.967864671052774,1.0490500585951535e-09,9.71048,-6.7521653,4.175611,13.0622,13.293253
1879,27/5/2018,15:37:39,51.547478,-0.025634,4.17,3.7,501,-0.2671676099596285,13.74878048780488,51.117470418533735,2.7061898601363725,6.1158218142978455,1.155325661062841e-09,10.885475,-3.6210806,1.7949269,10.750891,13.157061
1880,27/5/2018,15:37:39,51.547478,-0.025634,4.17,3.6,504,-0.2077691282427709,13.756097560975611,47.54977065760811,2.640108541432828,6.340541944439856,1.3496676178432615e-09,9.9426985,-5.737249,3.5076175,12.325517,13.273209
1881,27/5/2018,15:37:40,51.547489,-0.025644,4.43,3.6,504,-0.2077691282427709,13.763414634146342,43.98207089668336,2.574027222729299,6.565262074581812,1.544009574623635e-09,9.830043,-5.7071085,3.4839985,12.339698,13.153701
1882,27/5/2018,15:37:40,51.547489,-0.025644,4.43,3.6,508,-0.1285711526202941,13.770731707317074,40.57013226427648,2.53449182134816,6.767559617973458,1.6875366799454376e-09,5.4667683,-7.1141653,5.6031055,14.648213,9.903518
1883,27/5/2018,15:37:41,51.547497,-0.025657,4.7,3.6,504,-0.2077691282427709,13.778048780487806,37.88008145152023,2.6179856671144512,6.865937830437809,1.5955581576811194e-09,9.478767,-5.5866275,3.5185094,12.4710865,12.71489
1884,27/5/2018,15:37:41,51.547497,-0.025657,4.7,3.5,507,-0.1483706465259133,13.785365853658538,35.19003063876397,2.701479512880743,6.96431604290216,1.5035796354168012e-09,5.571179,-6.9929795,5.587987,14.488998,10.01365
1885,27/5/2018,15:37:42,51.547504,-0.02567,4.11,3.5,504,-0.2077691282427709,13.792682926829269,32.50485667568153,2.784274896974475,7.062440488596141,1.4132171528669043e-09,9.318354,-5.6492705,3.5943408,12.580616,12.594202
1886,27/5/2018,15:37:42,51.547504,-0.02567,4.11,3.3,506,-0.1681701404315325,13.8,31.00963403284542,2.696645632969006,7.09864584232585,1.717168360629311e-09,8.630352,-6.150858,4.1843905,13.190527,12.107261
1887,27/5/2018,15:37:43,51.547512,-0.025682,4.89,3.3,505,-0.1879696343371517,13.807317073170733,29.51441139000931,2.6090163689635366,7.13485119605556,2.0211195683917182e-09,9.002407,-5.9565187,3.8558857,12.885497,12.439786
1888,27/5/2018,15:37:44,51.547523,-0.025691,3.89,3.3,510,-0.0889721648090557,13.814634146341463,28.019188747173203,2.5213871049580674,7.171056549785269,2.325070776154124e-09,4.9663286,-7.2384386,5.8261075,14.891802,9.52408
1889,27/5/2018,15:37:44,51.547523,-0.025691,3.89,3.4,509,-0.1087716587146749,13.821951219512195,31.179255586208352,2.6030158700562205,6.919305238663564,2.057410716588458e-09,5.084972,-7.208938,5.743941,14.85027,9.643916
1890,27/5/2018,15:37:45,51.547531,-0.025701,4.5,3.4,505,-0.1879696343371517,13.829268292682928,35.28817123683534,2.719143086946193,6.608862123240903,1.673243901898603e-09,9.062728,-6.0926123,3.8925176,12.971473,12.535712
1891,27/5/2018,15:37:45,51.547531,-0.025701,4.5,3.3,505,-0.1879696343371517,13.83658536585366,39.397086887462336,2.8352703038361664,6.298419007818241,1.2890770872087482e-09,9.213065,-6.3887334,4.0167713,13.124072,12.738742
1892,27/5/2018,15:37:46,51.547539,-0.025715,4.69,3.3,501,-0.2671676099596285,13.843902439024392,43.184717175438266,2.864387469471664,6.028774612913336,1.0091268615847567e-09,10.838169,-3.8358696,1.9188533,10.866719,13.19112
1893,27/5/2018,15:37:46,51.547539,-0.025715,4.69,3.5,503,-0.2275686221483901,13.851219512195122,46.80483276306164,2.84813853892647,5.7804022279932274,7.835140341696578e-10,11.347868,-4.324512,2.288283,11.047803,13.700507
1894,27/5/2018,15:37:47,51.547546,-0.025727,3.96,3.5,502,-0.2473681160540093,13.858536585365854,50.424948350685895,2.831889608381273,5.532029843073059,5.579012067545043e-10,10.959036,-3.6067648,1.7424572,10.676339,13.243651
1895,27/5/2018,15:37:47,51.547546,-0.025727,3.96,3.4,503,-0.2275686221483901,13.865853658536588,49.44846688465269,2.7770352757822825,5.396701288799608,4.5811527968658254e-10,11.529655,-4.305381,2.2697194,10.934019,13.901204
1896,27/5/2018,15:37:48,51.547554,-0.025739,4.35,3.4,503,-0.2275686221483901,13.87317073170732,43.569522956521205,2.681006671826976,5.381938694484812,4.925289895399903e-10,11.369493,-4.424967,2.3975532,11.144209,13.732785
1897,27/5/2018,15:37:48,51.547554,-0.025739,4.35,3.4,507,-0.1483706465259133,13.88048780487805,37.69057902839115,2.5849780678716927,5.367176100170019,5.269426993933897e-10,6.620066,-7.497727,5.754682,14.669794,11.076662
1898,27/5/2018,15:37:49,51.547562,-0.025749,4.32,3.4,507,-0.1483706465259133,13.88780487804878,32.20162575837288,2.466675907878189,5.363122707193005,6.066949697431439e-10,6.51309,-7.523505,5.795629,14.697876,11.022891
1899,27/5/2018,15:37:49,51.547562,-0.025749,4.32,3.4,507,-0.1483706465259133,13.895121951219512,27.57866440249969,2.2989143082107826,5.382849580672476,7.871235664920173e-10,6.4345393,-7.554794,5.8643565,14.729798,10.987781
1900,27/5/2018,15:37:50,51.547573,-0.025758,4.78,3.4,508,-0.1285711526202941,13.902439024390246,22.955703046626503,2.131152708543377,5.402576454151945,9.67552163240891e-10,5.079299,-8.261753,5.976542,15.631992,10.0388365
1901,27/5/2018,15:37:50,51.547573,-0.025758,4.78,3.2,510,-0.0889721648090557,13.909756097560976,19.2212143092438,1.9966413073571132,5.426202947919231,1.1170026910166663e-09,4.002604,-7.9359946,6.3952217,15.725498,9.140793
1902,27/5/2018,15:37:51,51.547585,-0.025768,4.54,3.2,508,-0.1285711526202941,13.917073170731708,21.07812767366823,2.071382533436783,5.47437082272609,1.0714997262916096e-09,5.0549707,-8.297531,5.982476,15.663352,10.029415
1903,27/5/2018,15:37:51,51.547585,-0.025768,4.54,2.9,509,-0.1087716587146749,13.92439024390244,22.935041038092663,2.1461237595164526,5.52253869753295,1.0259967615665535e-09,4.605146,-8.05748,6.064785,15.673117,9.578119
1904,27/5/2018,15:37:52,51.547592,-0.025779,4.44,2.9,507,-0.1483706465259133,13.93170731707317,24.79195440251664,2.220864985596104,5.570706572339798,9.804937968415084e-10,6.362124,-7.5540395,5.885828,14.725889,10.94869
1905,27/5/2018,15:37:52,51.547592,-0.025779,4.44,2.8,507,-0.1483706465259133,13.939024390243905,33.96850478467517,2.33542593106614,5.409934523258807,8.089274148965725e-10,6.5416255,-7.5238895,5.7772937,14.687489,11.046278
1906,27/5/2018,15:37:53,51.547604,-0.025789,4.17,2.8,503,-0.2275686221483901,13.946341463414637,43.4206179722067,2.4514859718543978,5.24129650057264,6.326151160680737e-10,11.432831,-4.426587,2.4214497,11.140433,13.797262
1907,27/5/2018,15:37:54,51.547611,-0.025799,4.22,2.8,502,-0.2473681160540093,13.953658536585367,52.87273115973824,2.567546012642656,5.072658477886474,4.5630281723957486e-10,11.035349,-3.3388772,1.4974856,10.440978,13.207218
1908,27/5/2018,15:37:54,51.547611,-0.025799,4.22,3.3,502,-0.2473681160540093,13.960975609756098,63.43065942424083,2.549489848441728,4.951927260732249,3.5716876171804935e-10,11.58932,-2.4755769,0.8932714,9.621316,13.443093
1909,27/5/2018,15:37:55,51.547619,-0.025804,2.52,3.3,500,-0.2869671038652477,13.96829268292683,74.28196288227336,2.495852357477245,4.843905825382259,2.78510265390579e-10,13.28646,2.367547,-3.2094245,4.580677,10.490663
1910,27/5/2018,15:37:55,51.547619,-0.025804,2.52,3.3,500,-0.2869671038652477,13.975609756097562,85.1332663403059,2.442214866512761,4.73588439003227,1.9985176906310855e-10,13.882572,3.724959,-2.283784,3.3781786,10.331852
1911,27/5/2018,15:37:56,51.547623,-0.025799,2.37,3.3,498,-0.3265660916764861,13.982926829268294,91.2414940919096,2.4086059713635213,4.71635815199696,1.8670791895181863e-10,11.963925,10.719747,-4.4848104,2.2285824,5.3338933
1912,27/5/2018,15:37:57,51.54763,-0.025783,5.22,3.3,498,-0.3265660916764861,13.990243902439024,94.40462166216324,2.3874333569777773,4.751780904404015,2.1424383201419087e-10,12.05442,10.665662,-4.4121065,2.212553,5.3486423
1913,27/5/2018,15:37:57,51.54763,-0.025783,5.22,3.3,500,-0.2869671038652477,13.997560975609757,97.56774923241768,2.3662607425920283,4.787203656811077,2.4177974507656985e-10,13.294177,4.9349785,-1.2227268,3.585569,9.48732
1914,27/5/2018,15:37:58,51.547634,-0.025768,4.22,3.3,498,-0.3265660916764861,14.004878048780489,99.46235679635194,2.329073836188537,4.87073091861508,3.1140467450506405e-10,12.344777,10.548638,-4.0460734,2.2171204,5.4317093
1915,27/5/2018,15:37:58,51.547634,-0.025768,4.22,3.3,500,-0.2869671038652477,14.01219512195122,99.76547760389208,2.271795379370165,5.01461015693237,4.3383453550940556e-10,13.170248,5.0288706,-1.116377,3.678209,9.421719
1916,27/5/2018,15:37:59,51.547642,-0.025755,3.17,3.3,500,-0.2869671038652477,14.019512195121951,100.06859841143216,2.214516922551808,5.158489395249625,5.562643965137175e-10,13.1791,5.0435176,-1.1376351,3.6537323,9.435929
1917,27/5/2018,15:37:59,51.547642,-0.025755,3.17,3.2,503,-0.2275686221483901,14.026829268292683,101.65113015727356,2.2061147170706152,5.258606051539045,6.29567179166548e-10,13.579487,-0.94126725,0.8682897,7.382301,14.302577
1918,27/5/2018,15:38:0,51.547646,-0.025739,4.78,3.2,497,-0.3463655855821053,14.034146341463416,106.69029089590477,2.329763178324608,5.240487819171247,5.701416270230868e-10,12.004805,11.969159,-4.5899,2.0790918,3.9664352
1919,27/5/2018,15:38:1,51.547649,-0.025726,3.91,3.2,495,-0.3859645733933436,14.041463414634148,111.72945163453596,2.453411639578601,5.222369586803449,5.107160748796253e-10,12.029878,12.318101,-4.487943,2.0068595,3.5693734
1920,27/5/2018,15:38:2,51.547653,-0.025715,3.32,3.2,497,-0.3463655855821053,14.048780487804878,116.39050911694038,2.553570854199537,5.187890869415133,4.496987375128993e-10,12.224282,12.352873,-4.4799924,2.1427886,3.5435703
1921,27/5/2018,15:38:3,51.547657,-0.025695,5.06,3.2,498,-0.3265660916764861,14.05609756097561,117.52161823067728,2.4344359303324543,5.000671686405506,3.738205927881986e-10,13.554664,10.540253,-2.9191232,2.7912009,5.2715564
1922,27/5/2018,15:38:3,51.547657,-0.025695,5.06,2.4,500,-0.2869671038652477,14.063414634146342,118.65272734441416,2.315301006465371,4.81345250339588,2.9794244806349787e-10,14.802072,10.286588,-2.2180743,3.8145962,5.709668
1923,27/5/2018,15:38:4,51.547661,-0.025678,4.57,2.4,497,-0.3463655855821053,14.070731707317076,119.78383645815106,2.196166082598288,4.626233320386254,2.2206430333879727e-10,12.500218,12.472748,-4.3019896,2.2799141,3.3516169
1924,27/5/2018,15:38:5,51.547661,-0.025659,4.22,2.4,497,-0.3463655855821053,14.078048780487803,117.9630718725484,2.219944954196818,4.610310286085401,2.0939732946139987e-10,12.359977,12.400566,-4.384802,2.222764,3.4328325
1925,27/5/2018,15:38:6,51.547665,-0.025641,4.91,2.4,497,-0.3463655855821053,14.085365853658535,115.8972843718236,2.2555865131399777,4.608605841731372,2.019772553252463e-10,12.240024,12.331096,-4.4728174,2.1714654,3.521228
1926,27/5/2018,15:38:7,51.547665,-0.025621,5.06,2.4,498,-0.3265660916764861,14.09268292682927,113.83149687109878,2.291228072083137,4.606901397377342,1.9455718118909268e-10,13.435409,10.496452,-2.9670668,2.7425935,5.2824903
1927,27/5/2018,15:38:7,51.547665,-0.025621,5.06,3.1,500,-0.2869671038652477,14.1,109.0779204964622,2.28976577273095,4.617035017913723,2.0250973505531198e-10,12.920425,5.3546543,-0.9369804,4.00386,9.108767
1928,27/5/2018,15:38:8,51.547665,-0.025603,4.32,3.1,498,-0.3265660916764861,14.107317073170732,103.4282339026284,2.2759330275774303,4.631115455488745,2.1558753115412048e-10,12.740147,10.459032,-3.6559553,2.3156223,5.4552107
1929,27/5/2018,15:38:9,51.547668,-0.025589,4.09,3.1,499,-0.3067665977708669,14.114634146341464,97.7785473087932,2.262100282423908,4.64519589306377,2.2866532725293218e-10,15.548993,8.334173,-3.1088538,4.9316244,7.285303
1930,27/5/2018,15:38:10,51.547672,-0.025577,3.76,3.1,500,-0.2869671038652477,14.121951219512196,91.75025986970824,2.2369738294646293,4.654727262453562,2.573039491075402e-10,13.707488,4.4122314,-1.7395607,3.3592982,9.864147
1931,27/5/2018,15:38:10,51.547672,-0.025577,3.76,2.8,502,-0.2473681160540093,14.129268292682928,85.4439281286977,2.203553282230599,4.660917798076488,2.9737043486932216e-10,13.368048,-1.2432854,0.75623596,7.712158,14.452008
1932,27/5/2018,15:38:11,51.547684,-0.025561,5.09,2.8,500,-0.2869671038652477,14.13658536585366,79.1375963876887,2.170132734996577,4.667108333699413,3.3743692063109425e-10,13.764748,2.930281,-2.923581,3.7845285,10.5492525
1933,27/5/2018,15:38:12,51.547691,-0.025549,5.67,2.8,502,-0.2473681160540093,14.14390243902439,74.53264425186114,2.144999560683228,4.662408045589509,3.61427879629785e-10,12.705773,-1.6161457,0.57036,8.3875475,14.1805105
1934,27/5/2018,15:38:13,51.547707,-0.025549,5.85,2.8,503,-0.2275686221483901,14.151219512195125,72.44626979929627,2.132134308488682,4.6415859081743145,3.6162199586106765e-10,13.6023445,-2.758703,1.5807964,8.733785,15.040859
1935,27/5/2018,15:38:13,51.547707,-0.025549,5.85,4.1,503,-0.2275686221483901,14.158536585365855,70.35989534673142,2.119269056294136,4.62076377075912,3.6181611209235035e-10,13.613946,-2.815347,1.6152472,8.771307,15.075103
1936,27/5/2018,15:38:14,51.547714,-0.025558,4.26,4.1,501,-0.2671676099596285,14.165853658536586,68.79857946023708,2.1365941135275146,4.637015072153545,3.6320869493329177e-10,11.791473,2.4142914,-1.8777763,5.9090843,11.276216
1937,27/5/2018,15:38:14,51.547714,-0.025558,4.26,4.4,502,-0.2473681160540093,14.173170731707318,68.99724606987908,2.25511629348151,4.777535564821046,3.6861850631121664e-10,12.114909,-2.0174997,0.6388394,8.945904,13.813784
1938,27/5/2018,15:38:15,51.547722,-0.025564,4.7,4.4,500,-0.2869671038652477,14.18048780487805,69.19591267952109,2.3736384734355056,4.918056057488546,3.7402831768914147e-10,13.059427,2.2036333,-3.262257,4.804801,10.480055
1939,27/5/2018,15:38:16,51.547729,-0.025575,4.44,4.4,501,-0.2671676099596285,14.187804878048782,69.19997325521324,2.479571915778193,5.0530937032225225,3.8385895799116565e-10,11.93692,2.3760185,-1.9311314,5.8772826,11.267264
1940,27/5/2018,15:38:16,51.547729,-0.025575,4.44,4.8,503,-0.2275686221483901,14.195121951219512,65.94738272123192,2.37483806544165,5.096378183919279,4.676703332638934e-10,13.547529,-3.2172794,1.8739724,9.132475,15.201394
1941,27/5/2018,15:38:17,51.547737,-0.025583,4.0,4.8,501,-0.2671676099596285,14.202439024390245,62.69479218724983,2.2701042151050816,5.139662664616047,5.514817085366416e-10,12.043543,1.8055192,-2.6078897,5.934092,11.175867
1942,27/5/2018,15:38:18,51.547749,-0.025589,4.06,4.8,505,-0.1879696343371517,14.209756097560977,59.44220165326773,2.165370364768513,5.182947145312815,6.352930838093898e-10,10.103425,-7.229372,4.508189,12.963342,13.759038
1943,27/5/2018,15:38:19,51.547756,-0.025592,3.54,4.8,504,-0.2077691282427709,14.217073170731709,58.973259834981526,2.163191376734952,5.078028719016233,5.567582685825003e-10,10.908353,-6.8650455,4.2163,12.197162,14.542407
1944,27/5/2018,15:38:20,51.547764,-0.025596,4.44,4.8,503,-0.2275686221483901,14.22439024390244,58.87318364003809,2.174602093105153,4.953471694874679,4.5671070700286845e-10,12.498164,-4.253257,2.166936,10.435085,14.606211
1945,27/5/2018,15:38:20,51.547764,-0.025596,4.44,5.8,503,-0.2275686221483901,14.231707317073171,58.77310744509464,2.186012809475358,4.828914670733094,3.5666314542321237e-10,12.561993,-4.2649193,2.1965647,10.369289,14.692893
1946,27/5/2018,15:38:21,51.547771,-0.0256,4.78,5.8,501,-0.2671676099596285,14.239024390243904,61.6663016884069,2.187144212677476,4.7761203173479005,3.154680722696822e-10,12.006384,1.8534238,-2.5239708,5.976832,11.227453
1947,27/5/2018,15:38:21,51.547771,-0.0256,4.78,6.4,503,-0.2275686221483901,14.246341463414636,65.78447942381278,2.184068849668284,4.752694538850433,2.9835813551720756e-10,13.570817,-3.1795878,1.784312,9.019989,15.215537
1948,27/5/2018,15:38:22,51.547783,-0.025604,5.07,6.4,502,-0.2473681160540093,14.253658536585366,69.90265715921768,2.180993486659092,4.729268760352971,2.8124819876473705e-10,12.188223,-1.9554439,0.63309705,8.889659,13.854264
1949,27/5/2018,15:38:22,51.547783,-0.025604,5.07,6.7,502,-0.2473681160540093,14.260975609756098,74.65605154597183,2.206776635206068,4.712625787458584,2.5730022157484857e-10,12.737408,-1.6077757,0.58498347,8.377696,14.194391
1950,27/5/2018,15:38:23,51.547798,-0.025606,5.35,6.7,499,-0.3067665977708669,14.26829268292683,79.95888057787312,2.25752113516391,4.701849645009717,2.274376382214445e-10,15.208826,7.0563416,-3.8029175,5.158635,8.587134
1951,27/5/2018,15:38:23,51.547798,-0.025606,5.35,7.0,500,-0.2869671038652477,14.275609756097564,85.26170960977441,2.308265635121752,4.691073502560849,1.9757505486804042e-10,13.919614,3.7303774,-2.309948,3.3328693,10.336002
1952,27/5/2018,15:38:24,51.54781,-0.02561,5.15,7.0,499,-0.3067665977708669,14.282926829268291,89.18076825723429,2.329015239771313,4.667709808733936,1.6890809952435254e-10,15.527518,7.6300383,-3.5120013,5.1064634,7.9199944
1953,27/5/2018,15:38:24,51.54781,-0.02561,5.15,7.3,500,-0.2869671038652477,14.290243902439023,90.66958016702334,2.297086309535759,4.622239227799329,1.4234096587270804e-10,13.736695,4.331495,-1.7758627,3.3630416,9.9071455
1954,27/5/2018,15:38:25,51.547825,-0.025609,4.7,7.3,499,-0.3067665977708669,14.297560975609755,92.1583920768124,2.265157379300205,4.576768646864723,1.1577383222106356e-10,15.585176,7.8012233,-3.4117067,5.0650325,7.739453
1955,27/5/2018,15:38:25,51.547825,-0.025609,4.7,7.7,500,-0.2869671038652477,14.30487804878049,93.02464346914718,2.233156997599047,4.538124856313581,9.706264326564297e-11,13.674017,4.4812455,-1.6812236,3.3796394,9.828007
1956,27/5/2018,15:38:26,51.547836,-0.025612,4.8,7.7,499,-0.3067665977708669,14.31219512195122,91.22675320578782,2.2008508515255403,4.528695151984376,1.119696310549078e-10,15.562512,7.7521715,-3.4468937,5.088151,7.787213
1957,27/5/2018,15:38:26,51.547836,-0.025612,4.8,7.8,501,-0.2671676099596285,14.319512195121952,89.42886294242803,2.168544705452026,4.519265447655169,1.2687661884417618e-10,12.147403,4.2226624,-0.65771884,4.890795,10.220063
1958,27/5/2018,15:38:27,51.547848,-0.025618,5.39,7.8,500,-0.2869671038652477,14.326829268292684,87.64207726571607,2.137297218443428,4.510621425622889,1.418843450098956e-10,13.94541,3.8879194,-2.1808343,3.2626114,10.18749
1959,27/5/2018,15:38:27,51.547848,-0.025618,5.39,8.3,501,-0.2671676099596285,14.334146341463416,86.53717606532841,2.1710573904301205,4.550222743879948,1.6307797770689248e-10,12.048273,4.060219,-0.656459,5.045913,10.383135
1960,27/5/2018,15:38:28,51.547859,-0.025623,4.43,8.3,500,-0.2869671038652477,14.341463414634148,85.43227486494101,2.2048175624168045,4.589824062136996,1.8427161040388423e-10,13.970324,3.7316933,-2.3240926,3.280743,10.317703
1961,27/5/2018,15:38:28,51.547859,-0.025623,4.43,8.5,501,-0.2671676099596285,14.34878048780488,84.32737366455333,2.2385777344034965,4.629425380394054,2.0546524310088115e-10,11.961733,3.9204729,-0.67945963,5.150867,10.5094185
1962,27/5/2018,15:38:29,51.547871,-0.02563,4.74,8.5,499,-0.3067665977708669,14.356097560975613,83.12777094070472,2.2225329001061,4.655103924293909,2.4212078705649484e-10,15.307789,7.1741686,-3.7734382,5.205913,8.458445
1963,27/5/2018,15:38:29,51.547871,-0.02563,4.74,8.2,501,-0.2671676099596285,14.363414634146343,81.91048176441214,2.19718648497956,4.678182251454291,2.816639968930185e-10,11.889098,3.788802,-0.75744015,5.321479,10.703208
1964,27/5/2018,15:38:30,51.547874,-0.025646,4.13,8.2,501,-0.2671676099596285,14.370731707317074,80.69319258811984,2.171840069853026,4.701260578614667,3.2120720672953264e-10,11.797876,3.6701715,-0.7826145,5.408139,10.792861
1965,27/5/2018,15:38:30,51.547874,-0.025646,4.13,8.4,502,-0.2473681160540093,14.378048780487806,79.5904775934247,2.2273404600621443,4.8132031427652695,3.8607112150929077e-10,13.10034,-1.4985368,0.70572823,8.07013,14.431244
1966,27/5/2018,15:38:31,51.547882,-0.025651,3.33,8.4,502,-0.2473681160540093,14.385365853658538,78.54438972981946,2.3227985665744764,4.969065957770741,4.6344953875477477e-10,13.031581,-1.5575429,0.75293976,8.184264,14.391808
1967,27/5/2018,15:38:32,51.547894,-0.025658,4.82,8.4,498,-0.3265660916764861,14.39268292682927,77.49830186621422,2.4182566730868085,5.1249287727762125,5.408279560002586e-10,15.0419,6.9793863,-3.7836065,5.0311112,8.869299
1968,27/5/2018,15:38:33,51.547901,-0.02567,4.8,8.4,501,-0.2671676099596285,14.4,75.00411558151237,2.4290871305264137,5.108702942031831,5.22828531336614e-10,11.769451,2.962123,-1.3791876,5.6802487,11.09494
1969,27/5/2018,15:38:34,51.547913,-0.025681,4.69,8.4,502,-0.2473681160540093,14.407317073170733,71.03754873755476,2.35387087770462,4.917502832758333,4.07851941195281e-10,12.459865,-1.8521214,0.719884,8.720138,14.037909
1970,27/5/2018,15:38:35,51.547924,-0.025688,4.8,8.4,502,-0.2473681160540093,14.414634146341465,67.07098189359716,2.2786546248828268,4.726302723484835,2.928753510539481e-10,12.030213,-2.0718915,0.6741243,9.06823,13.72522
1971,27/5/2018,15:38:35,51.547924,-0.025688,4.8,7.8,503,-0.2275686221483901,14.421951219512197,62.642204898885645,2.242091205925138,4.604976172954226,2.1743386949796867e-10,13.517433,-3.3232245,1.8776973,9.182881,15.209847
1972,27/5/2018,15:38:36,51.547935,-0.025696,4.63,7.8,503,-0.2275686221483901,14.429268292682927,57.24220151145259,2.286747665719812,4.630472543326299,2.2506616041242663e-10,12.579433,-4.2991633,2.1810915,10.317081,14.751837
1973,27/5/2018,15:38:36,51.547935,-0.025696,4.63,8.0,504,-0.2077691282427709,14.43658536585366,51.84219812401823,2.331404125514496,4.655968913698377,2.326984513268864e-10,10.701237,-6.580018,3.997691,12.285336,14.282458
1974,27/5/2018,15:38:37,51.547947,-0.025704,5.09,8.0,504,-0.2077691282427709,14.443902439024392,46.51210625524068,2.3665557990989243,4.73086417527942,2.8609306716314177e-10,10.545269,-6.3121386,3.8235292,12.328684,14.0344715
1975,27/5/2018,15:38:37,51.547947,-0.025704,5.09,7.9,504,-0.2077691282427709,14.451219512195122,41.58113399956615,2.347445361550069,5.087773999349905,6.00741361482336e-10,10.385401,-6.107284,3.7156947,12.345215,13.827226
1976,27/5/2018,15:38:38,51.547958,-0.025711,4.82,7.9,505,-0.1879696343371517,14.458536585365854,36.65016174389041,2.328334924001208,5.444683823420477,9.153896558016068e-10,9.173722,-6.7699194,4.065901,13.481553,12.989333
1977,27/5/2018,15:38:38,51.547958,-0.025711,4.82,7.9,509,-0.1087716587146749,14.465853658536586,31.71918948821468,2.3092244864523472,5.80159364749105,1.2300379501208771e-09,5.048279,-7.6326284,5.7875233,15.184697,9.761465
1978,27/5/2018,15:38:39,51.54797,-0.02572,5.22,7.9,507,-0.1483706465259133,14.473170731707318,30.92894135306508,2.3918217422364765,5.954994991990285,1.3137946251740176e-09,6.1781445,-7.419971,5.8091927,14.710673,10.755289
1979,27/5/2018,15:38:39,51.54797,-0.02572,5.22,7.8,508,-0.1285711526202941,14.480487804878049,30.241986769728552,2.476956174752303,6.103319660751835,1.39179153098301e-09,5.3102736,-7.653486,5.710667,15.035366,9.928316
1980,27/5/2018,15:38:40,51.547977,-0.025727,2.93,7.8,505,-0.1879696343371517,14.48780487804878,29.555032186391852,2.56209060726815,6.251644329513423,1.4697884367920211e-09,9.02459,-6.2594547,3.962101,13.196376,12.594727
1981,27/5/2018,15:38:41,51.547985,-0.025739,5.35,7.8,504,-0.2077691282427709,14.495121951219511,29.385546877707647,2.674019090164637,6.348366871125776,1.475000685901219e-09,9.328857,-5.7491746,3.6390288,12.646545,12.6414
1982,27/5/2018,15:38:41,51.547985,-0.025739,5.35,7.4,507,-0.1483706465259133,14.502439024390243,29.343600632759124,2.792551420413276,6.432371194853981,1.4622739240883642e-09,5.5349073,-6.9732323,5.723757,14.483518,10.028011
1983,27/5/2018,15:38:42,51.547997,-0.025752,4.57,7.4,504,-0.2077691282427709,14.509756097560976,29.30165438781061,2.9110837506618856,6.516375518582166,1.4495471622755126e-09,9.256784,-5.7635074,3.6400557,12.656814,12.60428
1984,27/5/2018,15:38:42,51.547997,-0.025752,4.57,7.5,507,-0.1483706465259133,14.517073170731708,26.23672114348993,3.228826692756486,6.739259133587789,1.6538900401647094e-09,5.213408,-6.7555027,5.9689345,14.345343,9.755362
1985,27/5/2018,15:38:43,51.548004,-0.025766,4.72,7.5,507,-0.1483706465259133,14.52439024390244,21.38778956179882,3.664132628140027,7.044101561114128,1.9863353135992684e-09,4.937587,-6.6636567,6.1638093,14.363349,9.490288
1986,27/5/2018,15:38:43,51.548004,-0.025766,4.72,7.4,509,-0.1087716587146749,14.531707317073172,16.538857980107704,4.099438563523568,7.348943988640466,2.318780587033827e-09,3.7393672,-6.5451417,6.656362,14.50173,8.484344
1987,27/5/2018,15:38:44,51.548016,-0.02578,4.41,7.4,508,-0.1285711526202941,14.539024390243902,12.445411252573166,5.545629742982435,8.498296352714037,5.160640489987778e-09,3.311168,-5.5090666,6.9048796,13.7043915,7.9419627
1988,27/5/2018,15:38:44,51.548016,-0.02578,4.41,7.7,512,-0.0493731769978173,14.546341463414636,9.255136262397931,8.20032030815627,10.657248713947556,1.1002471018739052e-08,-0.29462186,-2.912226,9.022607,11.935935,3.9561918
1989,27/5/2018,15:38:45,51.548031,-0.025787,4.69,7.7,515,0.0100253047190402,14.553658536585369,6.064861272222701,10.855010873330103,12.816201075181077,1.6844301547490322e-08,-3.8375134,-1.8250891,9.889686,10.771135,1.98234
1990,27/5/2018,15:38:45,51.548031,-0.025787,4.69,7.5,518,0.0694237864358978,14.5609756097561,4.304139094404885,12.307729302853115,14.122465096940712,1.9994209312844923e-08,-4.0643463,-1.7752723,10.013251,10.674634,1.7674689
1991,27/5/2018,15:38:46,51.548042,-0.025794,4.89,7.5,515,0.0100253047190402,14.56829268292683,6.181651807197069,10.701409322837131,13.258623585925776,1.6293130366861167e-08,-3.8105655,-1.8320484,9.864201,10.787523,2.0232825
1992,27/5/2018,15:38:47,51.548058,-0.0258,4.61,7.5,508,-0.1285711526202941,14.57560975609756,8.059164519989707,9.095089342820762,12.39478207491063,1.2592051420876521e-08,-0.6355247,-3.0406332,8.895581,11.909209,3.550438
1993,27/5/2018,15:38:47,51.548058,-0.0258,4.61,7.9,509,-0.1087716587146749,14.582926829268294,10.069325276673448,7.516138392593114,11.471230492713476,9.052291950771728e-09,-0.3432284,-3.2019603,8.807815,12.129671,3.880219
1994,27/5/2018,15:38:48,51.548069,-0.025808,5.19,7.9,505,-0.1879696343371517,14.590243902439026,13.167236891189372,6.161621099714841,10.058039717625045,6.835397056170286e-09,3.592496,-5.4718237,6.703309,13.609278,8.140339
1995,27/5/2018,15:38:48,51.548069,-0.025808,5.19,7.8,508,-0.1285711526202941,14.597560975609756,16.26514850570454,4.807103806836897,8.644848942536951,4.618502161569385e-09,3.422834,-5.6667,6.850409,13.792625,8.010179
1996,27/5/2018,15:38:49,51.54808,-0.025818,4.17,7.8,507,-0.1483706465259133,14.604878048780488,19.363060120220467,3.452586513958625,7.231658167448517,2.4016072669679446e-09,4.8819866,-6.6407886,6.1881733,14.345545,9.436878
1997,27/5/2018,15:38:49,51.54808,-0.025818,4.17,7.6,507,-0.1483706465259133,14.61219512195122,18.95655488986063,3.038280631172644,7.032949433058031,2.4156224839803003e-09,5.095564,-6.7876344,6.085085,14.393872,9.674235
1998,27/5/2018,15:38:50,51.548088,-0.025829,3.89,7.6,508,-0.1285711526202941,14.619512195121953,18.30762353866553,2.6890160419893383,6.918255295955252,2.5839660552469474e-09,4.687803,-7.289016,6.298322,14.929927,9.510139
1999,27/5/2018,15:38:50,51.548088,-0.025829,3.89,7.3,511,-0.0691726709034365,14.626829268292685,17.658692187470592,2.3397514528061167,6.803561158852501,2.752309626513553e-09,3.6977415,-7.5157385,6.619619,15.465654,8.802958
2000,27/5/2018,15:38:51,51.548096,-0.02584,3.94,7.3,508,-0.1285711526202941,14.634146341463415,19.901320909581923,2.3233249746076994,6.578414545863612,2.33401525300357e-09,4.827709,-7.702408,6.2192516,15.254416,9.824168
2001,27/5/2018,15:38:51,51.548096,-0.02584,3.94,7.2,509,-0.1087716587146749,14.641463414634147,23.047562154601053,2.410910406092006,6.31875153416033,1.7323965217509835e-09,4.964985,-7.550191,5.817715,15.120924,9.6509905
2002,27/5/2018,15:38:52,51.548103,-0.025853,4.15,7.2,506,-0.1681701404315325,14.64878048780488,26.19380339962018,2.4984958375763133,6.059088522457048,1.1307777904983972e-09,8.2475395,-6.8766637,4.572468,13.812411,12.144218
2003,27/5/2018,15:38:52,51.548103,-0.025853,4.15,7.2,506,-0.1681701404315325,14.65609756097561,32.25075415076646,2.520751517677383,5.776031459449803,7.720806633815053e-10,8.396228,-6.8563995,4.6429615,13.644016,12.243048
2004,27/5/2018,15:38:53,51.548115,-0.025864,4.91,7.2,503,-0.2275686221483901,14.663414634146342,40.342883755158,2.497328393960048,5.476617189237368,5.832352204301536e-10,11.30522,-4.451966,2.4472725,11.211078,13.668129
2005,27/5/2018,15:38:53,51.548115,-0.025864,4.91,7.2,504,-0.2077691282427709,14.670731707317074,48.43501335954954,2.473905270242714,5.177202919024932,3.9438977747880216e-10,10.606905,-6.409014,3.908144,12.288375,14.14781
2006,27/5/2018,15:38:54,51.548122,-0.025877,4.61,7.2,502,-0.2473681160540093,14.678048780487806,55.98576982646562,2.448823601908775,4.959719222331234,2.706153225160505e-10,11.130639,-3.1306777,1.3764693,10.31013,13.206885
2007,27/5/2018,15:38:54,51.548122,-0.025877,4.61,6.7,502,-0.2473681160540093,14.685365853658537,62.77375401774581,2.421405113064414,4.857672302383319,2.3852318821163817e-10,11.550795,-2.5151513,0.9228033,9.681916,13.406729
2008,27/5/2018,15:38:55,51.548134,-0.025885,4.78,6.7,500,-0.2869671038652477,14.692682926829267,69.56173820902765,2.3939866242200463,4.7556253824353805,2.064310539072181e-10,13.1236725,2.2160273,-3.2812598,4.7820425,10.491656
2009,27/5/2018,15:38:55,51.548134,-0.025885,4.78,6.9,501,-0.2671676099596285,14.7,75.28983834385932,2.3565783520856014,4.663482358965032,1.7776084445565268e-10,11.664343,3.084521,-1.2469667,5.689141,11.097905
2010,27/5/2018,15:38:56,51.548141,-0.025894,4.24,6.9,500,-0.2869671038652477,14.707317073170731,77.69312395264532,2.287832523363939,4.602407468535042,1.598250784449231e-10,13.535029,2.5737152,-3.134137,4.2065196,10.560109
2011,27/5/2018,15:38:56,51.548141,-0.025894,4.24,6.9,501,-0.2671676099596285,14.714634146341464,80.09640956143075,2.219086694642293,4.541332578105067,1.4188931243419786e-10,11.718415,3.588508,-0.81228304,5.479514,10.861338
2012,27/5/2018,15:38:57,51.548149,-0.025902,3.96,6.9,501,-0.2671676099596285,14.721951219512196,82.38251645245212,2.1589676204860777,4.491676010694845,1.2771875512850888e-10,11.842866,3.8310673,-0.7155913,5.2852798,10.64424
2013,27/5/2018,15:38:57,51.548149,-0.025902,3.96,7.0,501,-0.2671676099596285,14.729268292682928,83.0708967116549,2.2164739631146912,4.597707772423319,1.6488665191378963e-10,11.928221,3.8907163,-0.6834122,5.222297,10.576132
2014,27/5/2018,15:38:58,51.548161,-0.025913,4.57,7.0,499,-0.3067665977708669,14.73658536585366,83.75927697085767,2.273980305743305,4.703739534151793,2.0205454869907035e-10,15.322901,7.194019,-3.7689247,5.2030144,8.445572
2015,27/5/2018,15:38:58,51.548161,-0.025913,4.57,6.8,501,-0.2671676099596285,14.74390243902439,84.44765723006029,2.331486648371904,4.809771295880241,2.3922244548434207e-10,12.056241,3.8277028,-0.7505311,5.1567793,10.572335
2016,27/5/2018,15:38:59,51.548172,-0.025921,4.67,6.8,499,-0.3067665977708669,14.751219512195124,81.64524797113913,2.337438404593275,4.845432102536462,2.6842209286074893e-10,15.233877,7.0845017,-3.7774453,5.1667566,8.596758
2017,27/5/2018,15:38:59,51.548172,-0.025921,4.67,6.7,501,-0.2671676099596285,14.758536585365857,78.43302474007344,2.3373377220387965,4.872831454163087,2.966862785244587e-10,11.737257,3.3736405,-1.0102829,5.5260024,10.938376
2018,27/5/2018,15:39:0,51.54818,-0.025928,3.61,6.7,501,-0.2671676099596285,14.765853658536589,75.22080150900774,2.337237039484318,4.900230805789713,3.2495046418816845e-10,11.693559,3.0225704,-1.2899859,5.676491,11.089479
2019,27/5/2018,15:39:0,51.54818,-0.025928,3.61,6.2,503,-0.2275686221483901,14.773170731707316,70.3470725495278,2.293108911257519,4.90983013529401,3.7834247279577255e-10,13.602243,-2.8150034,1.6264374,8.793275,15.080296
2020,27/5/2018,15:39:1,51.548191,-0.025935,4.3,6.2,501,-0.2671676099596285,14.78048780487805,64.8321339626132,2.231989675775649,4.912560065940294,4.4143183104987167e-10,11.934608,2.042162,-2.3307388,5.950315,11.247567
2021,27/5/2018,15:39:1,51.548191,-0.025935,4.3,6.2,504,-0.2077691282427709,14.787804878048782,59.31719537569859,2.170870440293779,4.915289996586578,5.045211893039709e-10,10.919754,-6.889745,4.1941237,12.214255,14.522687
2022,27/5/2018,15:39:2,51.548199,-0.025949,5.13,6.2,504,-0.2077691282427709,14.795121951219514,56.28544747393276,2.122916058209384,4.876925219091337,4.978537319706908e-10,10.8078375,-6.7697296,4.0915923,12.301018,14.383803
2023,27/5/2018,15:39:2,51.548199,-0.025949,5.13,6.4,505,-0.1879696343371517,14.802439024390244,55.30065405586861,2.0858137850066862,4.804685074074082,4.3368403476140764e-10,9.960611,-7.1845984,4.4787254,13.079268,13.65594
2024,27/5/2018,15:39:3,51.54821,-0.02596,3.39,6.4,503,-0.2275686221483901,14.809756097560976,54.31586063780422,2.0487115118039805,4.732444929056809,3.6951433755210906e-10,12.497635,-4.294419,2.2143304,10.407065,14.654019
2025,27/5/2018,15:39:3,51.54821,-0.02596,3.39,6.6,503,-0.2275686221483901,14.817073170731708,56.28716423035519,2.0570428699121157,4.750396761309091,3.6289747791528126e-10,12.553788,-4.2803125,2.2012405,10.356165,14.709375
2026,27/5/2018,15:39:4,51.548218,-0.025974,4.91,6.6,503,-0.2275686221483901,14.82439024390244,63.19046348079101,2.1411763656166625,4.918826212757262,4.5230261755218156e-10,13.553113,-3.2771747,1.8600148,9.124404,15.230127
2027,27/5/2018,15:39:4,51.548218,-0.025974,4.91,6.7,504,-0.2077691282427709,14.831707317073173,70.09376273122515,2.225309861321189,5.087255664205393,5.417077571890602e-10,11.444496,-7.1365876,4.2196183,11.764385,14.974668
2028,27/5/2018,15:39:5,51.548225,-0.025992,4.89,6.7,499,-0.3067665977708669,14.839024390243903,78.07316212537886,2.299234242823325,5.199779817034056,5.895324893113445e-10,15.091746,6.936907,-3.7687838,5.0966406,8.897314
2029,27/5/2018,15:39:5,51.548225,-0.025992,4.89,6.8,500,-0.2869671038652477,14.846341463414635,90.32060735981764,2.3326670700226657,5.090571467905686,4.724403348723341e-10,13.526562,4.133648,-1.8098578,3.536808,10.063418
2030,27/5/2018,15:39:6,51.548229,-0.026012,4.76,6.8,497,-0.3463655855821053,14.853658536585368,102.5680525942564,2.366099897222007,4.981363118777317,3.5534818043332366e-10,11.942619,11.731137,-4.6089654,2.102386,4.236179
2031,27/5/2018,15:39:6,51.548229,-0.026012,4.76,6.8,498,-0.3265660916764861,14.860975609756098,114.7108579096266,2.397719680138025,4.873744024679527,2.411642751626111e-10,13.510519,10.528155,-2.9449885,2.7651868,5.276156
2032,27/5/2018,15:39:7,51.548229,-0.026028,3.63,6.8,496,-0.3661650794877245,14.86829268292683,123.21671901098163,2.366323923909501,4.821362281103211,2.2806167882166974e-10,12.211083,13.215207,-4.0676255,1.7771927,2.6676078
2033,27/5/2018,15:39:7,51.548229,-0.026028,3.63,6.5,497,-0.3463655855821053,14.875609756097562,131.7225801123367,2.3349281676809768,4.768980537526893,2.1495908248072842e-10,13.218058,12.653253,-3.6567194,2.6406257,3.061095
2034,27/5/2018,15:39:8,51.548225,-0.02605,4.44,6.5,495,-0.3859645733933436,14.882926829268294,140.22844121369172,2.3035324114524527,4.716598793950577,2.0185648613978715e-10,12.339109,14.351866,-3.6909406,1.5224626,1.4543245
2035,27/5/2018,15:39:8,51.548225,-0.02605,4.44,6.6,497,-0.3463655855821053,14.890243902439025,138.60928826361132,2.3797641071177864,4.771664804685212,2.2253448040845944e-10,13.505587,12.794357,-3.3724873,2.678454,2.934599
2036,27/5/2018,15:39:9,51.548222,-0.02607,5.33,6.6,494,-0.4057640672989628,14.897560975609755,135.26710974879333,2.4743113182124112,4.845015750789916,2.4896109101649287e-10,12.167731,14.083456,-3.891206,1.4813257,1.7789904
2037,27/5/2018,15:39:10,51.548222,-0.026087,5.85,6.6,495,-0.3859645733933436,14.904878048780487,131.92493123397531,2.568858529307036,4.918366696894619,2.7538770162452633e-10,12.132886,13.975059,-3.9325452,1.5060493,1.8548462
2038,27/5/2018,15:39:11,51.548218,-0.026105,5.35,6.6,497,-0.3463655855821053,14.91219512195122,121.44564841578332,2.4962774439221262,4.863547561628455,2.6682254226682003e-10,12.490207,12.489186,-4.3180003,2.2625227,3.3756874
2039,27/5/2018,15:39:12,51.548214,-0.026124,4.93,6.6,501,-0.2671676099596285,14.919512195121952,107.6258966726497,2.3454731944726697,4.748739366972414,2.418797435709756e-10,12.725177,5.026451,-0.85563815,4.184202,9.422684
2040,27/5/2018,15:39:12,51.548214,-0.026124,4.93,6.0,502,-0.2473681160540093,14.926829268292684,93.80614492951275,2.1946689450231767,4.633931172316345,2.1693694487512519e-10,13.588889,-0.9381045,0.84571093,7.400307,14.326613
2041,27/5/2018,15:39:13,51.54821,-0.026142,4.78,6.0,502,-0.2473681160540093,14.934146341463416,83.3362964515271,2.127674321523667,4.589656686599928,2.2457438046772928e-10,13.31645,-1.2941006,0.6883705,7.7799516,14.496261
2042,27/5/2018,15:39:14,51.548203,-0.026161,4.72,6.0,501,-0.2671676099596285,14.941463414634148,76.11363017995075,2.14191939498547,4.613753072067622,2.6379301369152426e-10,11.624461,3.2087798,-1.0468192,5.642287,11.042536
2043,27/5/2018,15:39:15,51.548195,-0.026179,5.3,6.0,502,-0.2473681160540093,14.948780487804878,68.89096390837614,2.156164468447269,4.63784945753531,3.0301164691530983e-10,12.12309,-1.9789795,0.59305996,8.929726,13.815407
2044,27/5/2018,15:39:15,51.548195,-0.026179,5.3,6.8,504,-0.2077691282427709,14.95609756097561,63.42880452842244,2.1621249891836247,4.641358798838568,3.173918478325476e-10,11.264311,-7.0832953,4.288295,11.9399,14.851102
2045,27/5/2018,15:39:16,51.548187,-0.026198,5.2,6.8,502,-0.2473681160540093,14.963414634146345,61.47094525869274,2.151595055286097,4.603889498434762,2.823309920383099e-10,11.402158,-2.69086,1.0278864,9.865501,13.3203945
2046,27/5/2018,15:39:17,51.54818,-0.026215,4.82,6.8,503,-0.2275686221483901,14.970731707317077,59.51308598896304,2.1410651213885696,4.566420198030956,2.472701362440722e-10,12.609937,-4.27404,2.187012,10.320499,14.744562
2047,27/5/2018,15:39:18,51.548176,-0.026232,4.7,6.8,503,-0.2275686221483901,14.978048780487804,57.914367182044025,2.1368054879627065,4.546728533252627,2.2586539444988537e-10,12.603546,-4.288124,2.190956,10.331712,14.736316
2048,27/5/2018,15:39:19,51.548168,-0.02625,4.93,6.8,503,-0.2275686221483901,14.985365853658536,58.18722543483831,2.1652220682623797,4.6196808851139775,2.756263171628975e-10,12.5991,-4.279327,2.189562,10.325028,14.743134
2049,27/5/2018,15:39:20,51.548164,-0.026268,5.06,6.8,503,-0.2275686221483901,14.99268292682927,58.46008368763261,2.193638648562052,4.692633236975327,3.2538723987590953e-10,12.606376,-4.2846217,2.1892576,10.330942,14.737751
2050,27/5/2018,15:39:20,51.548164,-0.026268,5.06,7.3,504,-0.2077691282427709,15.0,58.73294194042683,2.222055228861717,4.76558558883666,3.751481625889095e-10,10.8945055,-6.8627205,4.1377444,12.246757,14.476748
2051,27/5/2018,15:39:21,51.548157,-0.026287,5.3,7.3,501,-0.2671676099596285,15.007317073170732,57.934052223112495,2.3579383693982945,4.98866853549396,4.775047765504526e-10,12.118304,1.6838343,-2.6707106,5.971153,11.197266
2052,27/5/2018,15:39:22,51.548149,-0.026305,5.3,7.3,502,-0.2473681160540093,15.014634146341464,57.12171028881532,2.4951703937462035,5.213635870452695,5.805215537880376e-10,11.088614,-3.2134674,1.4530413,10.391273,13.205593
2053,27/5/2018,15:39:23,51.548141,-0.026323,5.3,7.3,502,-0.2473681160540093,15.021951219512196,56.30936835451814,2.632402418094113,5.438603205411431,6.835383310256225e-10,11.027095,-3.3530333,1.5495055,10.496077,13.1960745
2054,27/5/2018,15:39:23,51.548141,-0.026323,5.3,7.6,505,-0.1879696343371517,15.029268292682929,49.68420676832537,2.920812414976464,5.8199984922875485,1.0141046394715143e-09,9.684631,-6.6629577,4.1416063,13.061908,13.257937
2055,27/5/2018,15:39:24,51.54813,-0.026337,4.76,7.6,502,-0.2473681160540093,15.03658536585366,41.73265168933895,3.243718833738725,6.237088163290472,1.396594151381089e-09,10.807855,-4.072501,2.121242,11.049595,13.218152
2056,27/5/2018,15:39:25,51.548126,-0.026354,4.59,7.6,505,-0.1879696343371517,15.043902439024391,33.78109661035252,3.5666252525009865,6.654177834293396,1.779083663290663e-09,9.125819,-5.8791747,3.766394,12.788232,12.502486
2057,27/5/2018,15:39:26,51.548119,-0.02637,5.07,7.6,508,-0.1285711526202941,15.051219512195123,27.40872116836497,3.658635276728864,7.206998224959642,2.353941600933672e-09,4.8361907,-6.7066574,6.10648,14.465518,9.396834
2058,27/5/2018,15:39:27,51.548111,-0.026386,4.85,7.6,512,-0.0493731769978173,15.058536585365854,21.92149100061917,3.621225665803863,7.83589698078726,3.036623879114881e-09,2.7111912,-6.715804,7.230111,14.834546,7.7361207
2059,27/5/2018,15:39:27,51.548111,-0.026386,4.85,8.1,514,-0.0097741891865789,15.065853658536586,16.434260832872035,3.583816054878852,8.46479573661503,3.7193061572962563e-09,2.5474088,-6.5415106,7.3551364,14.743626,7.571391
2060,27/5/2018,15:39:28,51.5481,-0.0264,4.98,8.1,510,-0.0889721648090557,15.073170731707318,15.566788986871138,3.53014917215188,8.51833951896032,3.7556600201044484e-09,3.2505605,-6.2378097,6.8914304,14.333048,7.9637322
2061,27/5/2018,15:39:29,51.548092,-0.026413,5.26,8.1,507,-0.1483706465259133,15.08048780487805,19.963032718975896,3.45795888432844,7.916328459268858,3.055592470442258e-09,4.366849,-6.269814,6.310868,14.132823,8.897456
2062,27/5/2018,15:39:30,51.54808,-0.026427,5.85,8.1,506,-0.1681701404315325,15.08780487804878,24.359276451079587,3.385768596505017,7.314317399577544,2.355524920780239e-09,5.0134206,-6.5369067,6.085069,14.222532,9.54244
2063,27/5/2018,15:39:30,51.54808,-0.026427,5.85,8.6,507,-0.1483706465259133,15.095121951219513,29.449998592458403,3.2717867250115025,6.785752588031306,1.75378160758462e-09,5.2760324,-6.7916427,5.9418344,14.362084,9.75903
2064,27/5/2018,15:39:31,51.548069,-0.026441,4.7,8.6,502,-0.2473681160540093,15.102439024390245,36.20818303271094,3.057462079359006,6.433534295167916,1.3881175665220688e-09,10.690724,-4.1760116,2.1958535,11.132665,13.171677
2065,27/5/2018,15:39:31,51.548069,-0.026441,4.7,39.0,504,-0.2077691282427709,15.109756097560975,42.96636747296348,2.8431374337065094,6.081316002304526,1.0224535254595174e-09,10.026615,-5.798155,3.512546,12.296495,13.370758
2066,27/5/2018,15:39:32,51.548061,-0.026454,4.7,39.0,502,-0.2473681160540093,15.117073170731707,49.25572597398971,2.635581379240123,5.731363971699173,6.870321253438254e-10,10.920055,-3.6700616,1.7876885,10.732571,13.217484
2067,27/5/2018,15:39:33,51.548054,-0.026467,4.52,39.0,504,-0.2077691282427709,15.12439024390244,52.127590128561486,2.47736479210367,5.397931800184606,5.720636605507247e-10,10.691961,-6.540094,4.012159,12.246266,14.252721
2068,27/5/2018,15:39:34,51.54805,-0.02648,4.41,39.0,503,-0.2275686221483901,15.131707317073172,54.99945428313327,2.319148204967217,5.06449962867004,4.570951957576241e-10,12.274226,-4.273494,2.255884,10.626121,14.393263
2069,27/5/2018,15:39:34,51.54805,-0.02648,4.41,9.3,504,-0.2077691282427709,15.139024390243904,57.87131843770504,2.160931617830764,4.731067457155474,3.421267309645234e-10,10.83612,-6.7881985,4.1410503,12.257878,14.450791
2070,27/5/2018,15:39:35,51.548042,-0.026494,4.72,9.3,502,-0.2473681160540093,15.146341463414634,61.27763406459908,2.159983342820805,4.661727455548784,2.99610116403791e-10,11.392328,-2.699619,1.0396442,9.880124,13.30775
2071,27/5/2018,15:39:36,51.548035,-0.026507,4.74,9.3,501,-0.2671676099596285,15.153658536585366,64.71371725674126,2.16779450619767,4.607096705026874,2.611288825853004e-10,11.896486,2.1689317,-2.2591982,5.982881,11.263691
2072,27/5/2018,15:39:37,51.548027,-0.026522,4.83,9.3,502,-0.2473681160540093,15.1609756097561,68.14980044888345,2.1756056695745345,4.552465954504962,2.2264764876680975e-10,12.077353,-2.009269,0.60839397,8.96365,13.786347
2073,27/5/2018,15:39:38,51.548023,-0.026536,4.63,9.3,502,-0.2473681160540093,15.16829268292683,73.33386258890108,2.2074878585056483,4.57198916163722,2.139002825866851e-10,12.686086,-1.6145034,0.55568755,8.432486,14.1429205
2074,27/5/2018,15:39:38,51.548023,-0.026536,4.63,9.6,502,-0.2473681160540093,15.17560975609756,79.02876210067335,2.2464046741664108,4.613183460906705,2.1384247803714256e-10,13.115105,-1.4512749,0.63920844,8.046653,14.389544
2075,27/5/2018,15:39:39,51.548016,-0.02655,4.37,9.6,499,-0.3067665977708669,15.182926829268292,84.723661612447,2.285321489827183,4.6543777601762,2.137846734876e-10,15.330338,7.2155232,-3.7419045,5.2049084,8.396205
2076,27/5/2018,15:39:40,51.548012,-0.026564,4.59,9.6,499,-0.3067665977708669,15.190243902439024,89.3833415246595,2.2955582103829264,4.650321391584401,2.0398490995184967e-10,15.548531,7.67955,-3.5132194,5.1098647,7.9140143
2077,27/5/2018,15:39:41,51.548004,-0.026577,4.98,9.6,498,-0.3265660916764861,15.197560975609758,93.35417818368988,2.286710970374075,4.616154873154394,1.8770277038373792e-10,12.065087,10.645849,-4.41569,2.2248752,5.348373
2078,27/5/2018,15:39:41,51.548004,-0.026577,4.98,9.7,500,-0.2869671038652477,15.204878048780488,97.32501484271928,2.277863730365226,4.581988354724394,1.7142063081563007e-10,13.302506,4.944946,-1.2301757,3.5804489,9.496033
2079,27/5/2018,15:39:42,51.547997,-0.026589,3.89,9.7,499,-0.3067665977708669,15.21219512195122,99.11079507048537,2.2766356807224155,4.586343379965067,1.8131136943900478e-10,15.522624,8.448803,-3.0441918,4.8901005,7.198677
2080,27/5/2018,15:39:43,51.547989,-0.026603,4.98,9.7,499,-0.3067665977708669,15.219512195121952,97.96511905949276,2.2856294829335164,4.642378635475442,2.2631545614937167e-10,15.545161,8.354633,-3.1064265,4.9289813,7.281439
2081,27/5/2018,15:39:44,51.547981,-0.026617,4.63,9.7,499,-0.3067665977708669,15.226829268292684,96.81944304850016,2.2946232851446173,4.698413890985816,2.713195428597385e-10,15.545482,8.274752,-3.1349554,4.944976,7.3224316
2082,27/5/2018,15:39:44,51.547981,-0.026617,4.63,9.8,500,-0.2869671038652477,15.234146341463417,95.20031226626227,2.285576589206729,4.754580978753,3.21869613578187e-10,13.415286,4.784315,-1.4023179,3.50938,9.638668
2083,27/5/2018,15:39:45,51.547974,-0.026632,4.8,9.8,498,-0.3265660916764861,15.241463414634149,92.18818612905496,2.223451264328731,4.811135942474866,3.8873704010590765e-10,11.986743,10.694205,-4.5011344,2.2412722,5.2995777
2084,27/5/2018,15:39:46,51.547966,-0.026646,4.33,9.8,502,-0.2473681160540093,15.24878048780488,89.17605999184765,2.161325939450733,4.867690906196733,4.5560446663362845e-10,13.540607,-1.0110087,0.83636916,7.450577,14.351316
2085,27/5/2018,15:39:47,51.547958,-0.026661,4.19,9.8,501,-0.2671676099596285,15.256097560975611,86.63351238028368,2.105779456456564,4.915013564548702,5.107078256163257e-10,12.050507,3.9513075,-0.7175645,5.0786004,10.471385
2086,27/5/2018,15:39:47,51.547958,-0.026661,4.19,9.7,502,-0.2473681160540093,15.263414634146342,89.47122041844744,2.1256108906395967,4.856555910527261,4.310228852700117e-10,13.555371,-0.9985495,0.838624,7.4440804,14.352016
2087,27/5/2018,15:39:48,51.547955,-0.026675,3.78,9.7,499,-0.3067665977708669,15.270731707317074,92.30892845661192,2.145442324822634,4.7980982565058055,3.5133794492367847e-10,15.594479,7.8684983,-3.3693702,5.0553284,7.665374
2088,27/5/2018,15:39:48,51.547955,-0.026675,3.78,9.6,500,-0.2869671038652477,15.278048780487806,95.14663649477636,2.165273759005672,4.73964060248435,2.7165300457734533e-10,13.456843,4.7280383,-1.4289106,3.4931707,9.65676
2089,27/5/2018,15:39:49,51.547951,-0.026693,5.02,9.6,498,-0.3265660916764861,15.285365853658538,101.4423959353362,2.22616119223064,4.736845523575572,2.7331495765431387e-10,12.514375,10.493022,-3.8714912,2.2540905,5.454449
2090,27/5/2018,15:39:49,51.547951,-0.026693,5.02,9.5,499,-0.3067665977708669,15.292682926829269,108.09324116750516,2.291264410654758,4.739766088318962,2.8332991729048884e-10,15.245258,9.334653,-2.4832146,4.3909454,6.455843
2091,27/5/2018,15:39:50,51.547947,-0.026712,4.28,9.5,496,-0.3661650794877245,15.3,114.74408639967577,2.356367629078892,4.7426866530623535,2.933448769266662e-10,12.1139145,12.350805,-4.4661555,2.0244339,3.5106392
2092,27/5/2018,15:39:51,51.547939,-0.02673,4.37,9.5,497,-0.3463655855821053,15.307317073170733,116.3525477022659,2.337605161681879,4.70001706253201,2.695046981647315e-10,12.233639,12.332019,-4.4745283,2.1439478,3.5285723
2093,27/5/2018,15:39:52,51.547935,-0.026748,4.67,9.5,498,-0.3265660916764861,15.314634146341463,116.12883199169862,2.288369651394819,4.640782046662114,2.3336307484471753e-10,13.529413,10.529855,-2.9258041,2.7805912,5.2699256
2094,27/5/2018,15:39:53,51.547932,-0.026764,4.72,9.5,497,-0.3463655855821053,15.321951219512195,115.9051162811314,2.2391341411077708,4.581547030792233,1.972214515247124e-10,12.2352085,12.3270235,-4.493796,2.1464686,3.5551279
2095,27/5/2018,15:39:54,51.547928,-0.026782,5.56,9.5,499,-0.3067665977708669,15.329268292682928,114.95105140529006,2.20229982369585,4.54977616654349,1.8938869501339286e-10,14.961723,10.008473,-2.2836382,4.006632,5.953739
2096,27/5/2018,15:39:54,51.547928,-0.026782,5.56,9.1,500,-0.2869671038652477,15.33658536585366,113.42335196239164,2.175205714453062,4.5395763363615504,2.0379043308055148e-10,12.914518,5.454578,-0.9582309,4.027291,9.001367
2097,27/5/2018,15:39:55,51.547924,-0.0268,4.78,9.1,498,-0.3265660916764861,15.343902439024392,111.89565251949324,2.1481116052102744,4.529376506179612,2.1819217114771002e-10,13.370335,10.4919195,-3.101071,2.632506,5.3288093
2098,27/5/2018,15:39:55,51.547924,-0.0268,4.78,9.2,499,-0.3067665977708669,15.351219512195122,111.05607770419702,2.1539472573445404,4.532894910762613,2.2116512424488682e-10,15.115741,9.614248,-2.3590376,4.2208323,6.2564197
2099,27/5/2018,15:39:56,51.54792,-0.026819,5.06,9.2,497,-0.3463655855821053,15.358536585365854,111.30787177638312,2.212009665501739,4.558170500037301,2.0601197076536647e-10,12.0743,12.160491,-4.6315475,2.1044714,3.7984602
2100,27/5/2018,15:39:57,51.547916,-0.026837,4.37,9.2,497,-0.3463655855821053,15.365853658536588,111.5596658485692,2.270072073658937,4.58344608931199,1.9085881728584618e-10,12.068882,12.154523,-4.611728,2.106582,3.7715642
2101,27/5/2018,15:39:58,51.547913,-0.026855,4.91,9.2,499,-0.3067665977708669,15.37317073170732,110.46172958285244,2.3277874093649946,4.628461874632349,1.8742302052963707e-10,15.135273,9.581065,-2.3838017,4.2542386,6.294537
2102,27/5/2018,15:39:59,51.547909,-0.026872,4.37,9.2,499,-0.3067665977708669,15.38048780487805,104.38576590506018,2.3842226848047448,4.746282748699374,2.2720276196481567e-10,15.32592,9.152941,-2.6058466,4.5383353,6.6219625
2103,27/5/2018,15:40:0,51.547909,-0.026891,5.24,9.2,498,-0.3265660916764861,15.38780487804878,98.30980222726646,2.4406579602445087,4.864103622766429,2.6698250340000386e-10,12.249694,10.59726,-4.1267242,2.21213,5.4047737
2104,27/5/2018,15:40:0,51.547909,-0.026891,5.24,9.4,500,-0.2869671038652477,15.395121951219512,92.04133000170016,2.491647343792743,4.980590911430143,3.0824867184500843e-10,13.50263,4.198515,-1.7454516,3.5284522,10.003883
2105,27/5/2018,15:40:1,51.547905,-0.026907,4.2,9.4,499,-0.3067665977708669,15.402439024390246,81.1417146439562,2.4116258962695394,5.064996378516017,3.852735446054556e-10,15.147691,6.997272,-3.7693624,5.1136384,8.817979
2106,27/5/2018,15:40:1,51.547905,-0.026907,4.2,9.7,504,-0.2077691282427709,15.409756097560976,70.24209928621487,2.331604448746355,5.149401845601869,4.6229841736588386e-10,11.444097,-7.129534,4.209229,11.770908,14.968938
2107,27/5/2018,15:40:2,51.547909,-0.026925,4.44,9.7,504,-0.2077691282427709,15.417073170731708,59.34248392847089,2.2515830012231515,5.233807312687741,5.393232901263311e-10,10.936561,-6.89783,4.223222,12.223988,14.525769
2108,27/5/2018,15:40:3,51.547901,-0.026951,5.37,9.7,506,-0.1681701404315325,15.42439024390244,55.4105712371623,2.172964402235221,5.179165094133125,5.735707629442668e-10,9.706197,-7.3572025,4.6690946,13.146777,13.461031
2109,27/5/2018,15:40:4,51.547897,-0.026972,4.67,9.7,505,-0.1879696343371517,15.431707317073172,52.55201539415345,2.094561908490948,5.103102933774532,6.012284862595532e-10,9.81829,-7.1292286,4.4539223,13.168757,13.567993
2110,27/5/2018,15:40:4,51.547897,-0.026972,4.67,11.2,505,-0.1879696343371517,15.439024390243905,49.6934595511453,2.016159414746694,5.027040773415958,6.288862095748327e-10,9.723604,-7.1124334,4.4039793,13.257935,13.489406
2111,27/5/2018,15:40:5,51.547894,-0.026989,3.78,11.2,502,-0.2473681160540093,15.446341463414637,53.774072259665054,2.0668178650510143,4.978344416730867,5.77967350463008e-10,11.149733,-3.0792406,1.3168023,10.243316,13.210341
2112,27/5/2018,15:40:5,51.547894,-0.026989,3.78,11.1,504,-0.2077691282427709,15.453658536585367,60.92698860168538,2.174617802033326,4.941764217397397,4.922588594368969e-10,11.049212,-6.9721375,4.232656,12.144739,14.620204
2113,27/5/2018,15:40:6,51.547886,-0.027009,4.57,11.1,501,-0.2671676099596285,15.4609756097561,68.07990494370571,2.2824177390156377,4.905184018063928,4.0655036841078576e-10,11.865096,2.312061,-2.0354924,5.8913903,11.242533
2114,27/5/2018,15:40:7,51.547886,-0.027018,3.13,11.1,500,-0.2869671038652477,15.46829268292683,76.46046912379374,2.322227044507907,4.817006719496874,3.208636399997443e-10,13.422812,2.4517539,-3.2285867,4.401396,10.536731
2115,27/5/2018,15:40:8,51.547886,-0.027033,3.26,11.1,500,-0.2869671038652477,15.475609756097562,85.97548274586944,2.299207310953128,4.681149378967864,2.351970220680334e-10,13.931687,3.7257369,-2.3091273,3.3244615,10.332867
2116,27/5/2018,15:40:9,51.547882,-0.027051,3.59,11.1,499,-0.3067665977708669,15.482926829268294,95.49049636794516,2.2761875773983493,4.545292038438853,1.4953040413632262e-10,15.560425,8.272016,-3.1679425,4.967858,7.364302
2117,27/5/2018,15:40:10,51.547882,-0.027068,3.59,11.1,498,-0.3265660916764861,15.490243902439026,104.54800665378832,2.255914214534662,4.46488297302075,1.0150743885358975e-10,12.844375,10.447299,-3.5664945,2.3556373,5.4502964
2118,27/5/2018,15:40:11,51.547878,-0.02709,3.63,11.1,498,-0.3265660916764861,15.497560975609757,112.7420318126688,2.240824311674586,4.489126173678259,1.2453255478165954e-10,13.406875,10.497971,-3.030096,2.690968,5.3048754
2119,27/5/2018,15:40:12,51.547871,-0.027107,4.93,11.1,497,-0.3463655855821053,15.504878048780489,120.93605697155128,2.2257344088145063,4.513369374335774,1.4755767070973494e-10,12.591121,12.512875,-4.243725,2.3289912,3.2986302
2120,27/5/2018,15:40:12,51.547871,-0.027107,4.93,13.9,498,-0.3265660916764861,15.51219512195122,128.65438509859797,2.2169939398925265,4.534102693836777,1.6482195269652795e-10,14.32847,10.871783,-2.3668787,3.3567703,5.0401306
2121,27/5/2018,15:40:13,51.547871,-0.02712,3.69,13.9,495,-0.3859645733933436,15.519512195121951,134.0977670183282,2.238618639742661,4.53805055896081,1.5453595278409568e-10,12.144656,14.03291,-3.9196339,1.5045719,1.8213248
2122,27/5/2018,15:40:13,51.547871,-0.02712,3.69,13.2,496,-0.3661650794877245,15.526829268292683,139.54114893805712,2.2602433395927903,4.541998424084843,1.4424995287166589e-10,12.629953,13.568416,-3.6695092,1.8542926,2.3874915
2123,27/5/2018,15:40:14,51.547863,-0.027135,3.94,13.2,495,-0.3859645733933436,15.534146341463416,144.98453085778732,2.281868039442925,4.545946289208877,1.3396395295923364e-10,12.514037,14.483741,-3.512402,1.6003786,1.2835485
2124,27/5/2018,15:40:14,51.547863,-0.027135,3.94,13.2,496,-0.3661650794877245,15.541463414634148,146.31757316066015,2.22794177055022,4.502507264700936,1.22348625166654e-10,13.651002,13.612472,-2.9531062,2.434734,2.1418893
2125,27/5/2018,15:40:15,51.547852,-0.027145,3.72,13.2,496,-0.3661650794877245,15.548780487804878,147.64875051815324,2.1739812226336026,4.459046739789366,1.1073269423075601e-10,13.674093,13.619331,-2.9416044,2.4459798,2.1380925
2126,27/5/2018,15:40:15,51.547852,-0.027145,3.72,13.4,497,-0.3463655855821053,15.55609756097561,148.97992787564667,2.1200206747169728,4.415586214877784,9.91167632948552e-11,13.91325,13.168147,-2.9106522,2.717298,2.5686796
2127,27/5/2018,15:40:16,51.547848,-0.027161,4.48,13.4,495,-0.3859645733933436,15.563414634146342,151.1187641177237,2.144559481127971,4.457008338779964,1.1219476625646664e-10,13.016663,14.6795435,-3.1608355,1.8098537,1.0620085
2128,27/5/2018,15:40:16,51.547848,-0.027161,4.48,13.4,496,-0.3661650794877245,15.570731707317076,153.42755602627307,2.1856169073883365,4.51629231924863,1.3046911395406083e-10,13.822763,13.702638,-2.8227246,2.553066,2.0183504
2129,27/5/2018,15:40:17,51.54784,-0.027179,3.91,13.4,494,-0.4057640672989628,15.578048780487803,155.73634793482188,2.2266743336486923,4.575576299717282,1.4874346165165056e-10,13.386437,15.533564,-2.8189292,1.9719899,0.27260077
2130,27/5/2018,15:40:17,51.54784,-0.027179,3.91,13.4,496,-0.3661650794877245,15.585365853658535,157.13015423024584,2.226862232699361,4.600135441027031,1.6471147075514332e-10,13.9117565,13.843778,-2.7795372,2.5695837,1.8916777
2131,27/5/2018,15:40:18,51.547836,-0.027193,3.78,13.4,494,-0.4057640672989628,15.59268292682927,158.0372254739449,2.205309209100509,4.606222383275178,1.7945260173203843e-10,13.464061,15.515298,-2.7943153,2.0171099,0.27172422
2132,27/5/2018,15:40:19,51.547836,-0.027211,3.63,13.4,495,-0.3859645733933436,15.6,158.94429671764394,2.183756185501657,4.6123093255233245,1.9419373270893355e-10,13.614851,14.49418,-2.8081136,2.281247,1.2186781
2133,27/5/2018,15:40:19,51.547836,-0.027211,3.63,13.2,497,-0.3463655855821053,15.607317073170732,160.65966966021352,2.1743986801665245,4.61192987159856,2.0070055429858042e-10,14.0933075,13.836468,-2.6513562,2.725503,1.8128244
2134,27/5/2018,15:40:20,51.547836,-0.027221,2.43,13.2,494,-0.4057640672989628,15.614634146341464,163.25293318963645,2.178286638376084,4.604527311896599,1.9826415244777927e-10,13.884883,15.256609,-2.581951,2.5134037,0.42924422
2135,27/5/2018,15:40:20,51.547836,-0.027221,2.43,12.7,496,-0.3661650794877245,15.621951219512196,165.84619671905935,2.182174596585644,4.597124752194637,1.958277505969781e-10,14.04872,14.137375,-2.6485314,2.6595473,1.5495331
2136,27/5/2018,15:40:21,51.547836,-0.027232,3.24,12.7,494,-0.4057640672989628,15.629268292682928,167.66698300547716,2.2061916109352957,4.599889176908541,1.9118251661242047e-10,13.9673,15.249379,-2.5543296,2.5734773,0.41997826
2137,27/5/2018,15:40:21,51.547836,-0.027232,3.24,12.1,494,-0.4057640672989628,15.63658536585366,167.73557412260917,2.27586697347619,4.625715175462959,1.8152703147862086e-10,13.961358,15.253846,-2.5597544,2.5593169,0.41019878
2138,27/5/2018,15:40:22,51.547832,-0.02725,3.96,12.1,492,-0.4453630551102012,15.64390243902439,167.80416523974117,2.3455423360171017,4.651541174017384,1.7187154634481887e-10,14.026023,15.413442,-2.5267785,2.6155305,0.22462611
2139,27/5/2018,15:40:23,51.547825,-0.027262,4.11,12.1,494,-0.4057640672989628,15.651219512195125,166.8488102642482,2.3901543723746466,4.666581416566454,1.6708899149719852e-10,13.940963,15.254372,-2.562092,2.5546687,0.40826836
2140,27/5/2018,15:40:24,51.547817,-0.027275,2.89,12.1,496,-0.3661650794877245,15.658536585365855,159.19402235891536,2.2707830955738664,4.611053052549284,1.9418884711941907e-10,13.975066,13.94881,-2.7385936,2.600036,1.803924
2141,27/5/2018,15:40:24,51.547817,-0.027275,2.89,12.2,498,-0.3265660916764861,15.665853658536586,151.53923445358438,2.1514118187731155,4.555524688532127,2.2128870274163303e-10,14.06741,13.019407,-2.8110387,2.7987642,2.6646147
2142,27/5/2018,15:40:25,51.54781,-0.027291,2.94,12.2,496,-0.3661650794877245,15.673170731707318,143.88444654825156,2.0320405419723357,4.499996324514956,2.4838855836385355e-10,13.596937,13.607873,-2.98442,2.4114246,2.1634424
2143,27/5/2018,15:40:25,51.54781,-0.027291,2.94,11.9,498,-0.3265660916764861,15.68048780487805,143.6208621067245,2.080363997535528,4.544576379332621,2.553682733786469e-10,14.0219755,12.958332,-2.8543751,2.8344967,2.8314116
2144,27/5/2018,15:40:26,51.547806,-0.027307,5.11,11.9,496,-0.3661650794877245,15.687804878048782,143.6717969615285,2.135823399156737,4.593416366866647,2.6149181219738233e-10,13.595351,13.594786,-3.0065536,2.3968508,2.1904206
2145,27/5/2018,15:40:26,51.547806,-0.027307,5.11,11.0,497,-0.3463655855821053,15.695121951219512,143.72273181633253,2.1912828007779326,4.642256354400661,2.6761535101611634e-10,13.817798,13.038081,-3.0243707,2.717869,2.7181005
2146,27/5/2018,15:40:27,51.547794,-0.027323,3.74,11.0,494,-0.4057640672989628,15.702439024390245,146.07893427697638,2.2326267340229644,4.667362409127773,2.57697038754843e-10,13.268749,15.378506,-2.91854,1.8879774,0.40070742
2147,27/5/2018,15:40:28,51.547794,-0.027325,2.09,11.0,495,-0.3859645733933436,15.709756097560977,149.0635638629521,2.2701227221566,4.685998478709176,2.4340564011796945e-10,12.986625,14.695283,-3.1773365,1.7778107,1.0393218
2148,27/5/2018,15:40:28,51.547794,-0.027325,2.09,9.7,497,-0.3463655855821053,15.717073170731709,152.04819344892775,2.307618710290235,4.70463454829058,2.29114241481096e-10,13.984911,13.315902,-2.83254,2.7297318,2.4497242
2149,27/5/2018,15:40:29,51.547791,-0.027337,2.19,9.7,494,-0.4057640672989628,15.72439024390244,149.31412485532655,2.3319840215659102,4.701436799148322,2.1285151168702178e-10,13.343991,15.477205,-2.8725455,1.9186704,0.3287886
2150,27/5/2018,15:40:30,51.547783,-0.027358,4.07,9.7,495,-0.3859645733933436,15.731707317073171,142.96051981827046,2.348038531690324,4.684419768049151,1.9534106698623638e-10,12.419893,14.427411,-3.6068203,1.5550421,1.3622785
2151,27/5/2018,15:40:31,51.547771,-0.027393,5.65,9.7,496,-0.3661650794877245,15.739024390243904,136.60691478121433,2.364093041814737,4.667402736949979,1.7783062228545088e-10,12.528978,13.560212,-3.7340147,1.806879,2.413028
2152,27/5/2018,15:40:32,51.547764,-0.027416,4.44,9.7,497,-0.3463655855821053,15.746341463414636,128.98499581871687,2.318814708861818,4.625240039777411,1.7653799933802636e-10,13.095464,12.629127,-3.8198128,2.5699332,3.1241355
2153,27/5/2018,15:40:33,51.54776,-0.027435,4.06,9.7,500,-0.2869671038652477,15.753658536585366,119.74230792464188,2.1951595919351945,4.550943882963585,1.9597001018076703e-10,14.828445,10.29594,-2.2226877,3.8014326,5.6763206
2154,27/5/2018,15:40:33,51.54776,-0.027435,4.06,8.4,501,-0.2671676099596285,15.760975609756098,110.49962003056469,2.071504475008541,4.47664772614974,2.1540202102351237e-10,12.77402,5.141954,-0.8810622,4.1230206,9.300029
2155,27/5/2018,15:40:34,51.547756,-0.027456,4.33,8.4,499,-0.3067665977708669,15.76829268292683,103.73929739071104,2.0002091892061857,4.42837451985312,2.2104025788453722e-10,15.4032955,8.961671,-2.7340486,4.6742373,6.7875195
2156,27/5/2018,15:40:35,51.547752,-0.027477,4.5,8.4,499,-0.3067665977708669,15.775609756097564,103.84256633025846,2.073685707388817,4.452053216580152,1.8853953401526035e-10,15.412309,8.967508,-2.7168534,4.656967,6.7701044
2157,27/5/2018,15:40:35,51.547752,-0.027477,4.5,8.1,500,-0.2869671038652477,15.782926829268291,103.94583526980588,2.1471622255714307,4.47573191330718,1.5603881014599136e-10,12.973094,5.278343,-0.97553784,3.8625216,9.22652
2158,27/5/2018,15:40:36,51.547741,-0.027507,4.89,8.1,498,-0.3265660916764861,15.790243902439023,104.25004750926334,2.2134144009347843,4.500386697389384,1.281138099028302e-10,12.829387,10.444504,-3.5730615,2.3516471,5.451935
2159,27/5/2018,15:40:37,51.547737,-0.027526,4.7,8.1,498,-0.3265660916764861,15.797560975609755,106.53239829947331,2.208548250675629,4.534650341418808,1.4523343322492482e-10,13.000278,10.458715,-3.4091551,2.439373,5.418934
2160,27/5/2018,15:40:38,51.547733,-0.02754,5.32,8.1,498,-0.3265660916764861,15.80487804878049,108.8147490896833,2.2036821004164744,4.568913985448232,1.6235305654701942e-10,13.193936,10.465818,-3.2477968,2.5345492,5.3751945
2161,27/5/2018,15:40:39,51.547729,-0.027555,4.04,8.1,498,-0.3265660916764861,15.81219512195122,111.09709987989272,2.198815950157321,4.603177629477647,1.7947267986910986e-10,13.326972,10.497023,-3.1277926,2.6184304,5.333972
2162,27/5/2018,15:40:39,51.547729,-0.027555,4.04,7.7,500,-0.2869671038652477,15.819512195121952,113.07320287460244,2.214079556521092,4.671168221280814,2.0940039001604818e-10,12.899226,5.4558725,-0.975956,4.048217,8.982694
2163,27/5/2018,15:40:40,51.547722,-0.027569,3.54,7.7,497,-0.3463655855821053,15.826829268292684,115.02224843821908,2.2311216556960707,4.742138637196273,2.404597129673541e-10,12.191181,12.304435,-4.505283,2.1368122,3.5719151
2164,27/5/2018,15:40:40,51.547722,-0.027569,3.54,7.5,499,-0.3067665977708669,15.834146341463416,116.97129400183572,2.248163754871049,4.813109053111732,2.7151903591866e-10,14.878412,10.264012,-2.248302,3.864988,5.7370014
2165,27/5/2018,15:40:41,51.547718,-0.027586,4.44,7.5,496,-0.3661650794877245,15.841463414634148,117.77989333468244,2.254903869587917,4.785656620268114,2.5491208465699393e-10,12.125016,12.47791,-4.4109163,1.9876637,3.3883834
2166,27/5/2018,15:40:42,51.547714,-0.027601,4.19,7.5,497,-0.3463655855821053,15.84878048780488,118.19901559338344,2.258125723946354,4.724591517112165,2.220264869190425e-10,12.354872,12.388768,-4.398528,2.2135475,3.4468093
2167,27/5/2018,15:40:43,51.547707,-0.027622,4.37,7.5,498,-0.3265660916764861,15.856097560975613,118.61813785208444,2.261347578304791,4.663526413956215,1.8914088918109103e-10,13.636526,10.581513,-2.8571448,2.8463597,5.2486286
2168,27/5/2018,15:40:43,51.547707,-0.027622,4.37,8.4,499,-0.3067665977708669,15.863414634146343,116.99282499348172,2.2523083924266243,4.63214092636933,1.7234432266092506e-10,14.893183,10.202653,-2.2522123,3.8764298,5.752829
2169,27/5/2018,15:40:44,51.547703,-0.027638,4.37,8.4,497,-0.3463655855821053,15.870731707317074,113.83796778575667,2.2340961079993624,4.622960246307804,1.6758476654707958e-10,12.135097,12.22478,-4.5650125,2.1103497,3.6644795
2170,27/5/2018,15:40:44,51.547703,-0.027638,4.37,8.0,499,-0.3067665977708669,15.878048780487806,110.68311057803086,2.215883823572096,4.613779566246276,1.628252104332329e-10,15.125257,9.605321,-2.3536859,4.2144,6.247333
2171,27/5/2018,15:40:45,51.547695,-0.027654,4.11,8.0,498,-0.3265660916764861,15.885365853658538,107.5595815192632,2.193723501772889,4.589628899693252,1.5370365536541587e-10,13.093837,10.459799,-3.3215926,2.4880085,5.3990445
2172,27/5/2018,15:40:45,51.547695,-0.027654,4.11,7.6,500,-0.2869671038652477,15.89268292682927,104.48331198895804,2.165607437590075,4.5428955231428265,1.3800188344553682e-10,12.941962,5.314397,-0.96530205,3.8866723,9.219136
2173,27/5/2018,15:40:46,51.547691,-0.027671,4.67,7.6,499,-0.3067665977708669,15.9,101.4070424586536,2.137491373407268,4.496162146592413,1.2230011152566154e-10,15.438148,8.8710165,-2.806536,4.733486,6.8753777
2174,27/5/2018,15:40:46,51.547691,-0.027671,4.67,7.5,500,-0.2869671038652477,15.907317073170733,98.87448421556776,2.1197034082292645,4.463622128920661,1.1090270455058307e-10,13.146803,5.102955,-1.1184534,3.6738284,9.391766
2175,27/5/2018,15:40:47,51.547688,-0.027688,4.15,7.5,499,-0.3067665977708669,15.914634146341465,98.21207385637403,2.1374399446617702,4.4799015503450175,1.1431057968430009e-10,15.549575,8.38532,-3.1006117,4.9398007,7.2668915
2176,27/5/2018,15:40:47,51.547688,-0.027688,4.15,7.5,500,-0.2869671038652477,15.921951219512197,97.54966349718032,2.155176481094276,4.496180971769374,1.1771845481801714e-10,13.261003,4.983573,-1.1953017,3.6001625,9.463268
2177,27/5/2018,15:40:48,51.547684,-0.027705,4.19,7.5,499,-0.3067665977708669,15.929268292682927,96.89487253892706,2.173417920940501,4.516712951678399,1.2291108830021603e-10,15.557742,8.3070135,-3.1331599,4.950051,7.3145623
2178,27/5/2018,15:40:48,51.547684,-0.027705,4.19,7.2,500,-0.2869671038652477,15.93658536585366,96.37940776929617,2.2008918803519397,4.615006001021267,1.6073930301173955e-10,13.352028,4.893381,-1.3022399,3.536839,9.556921
2179,27/5/2018,15:40:49,51.547684,-0.027723,4.33,7.2,498,-0.3265660916764861,15.943902439024392,95.86394299966524,2.228365839763377,4.713299050364134,1.9856751772326308e-10,12.204621,10.593934,-4.2586555,2.2158868,5.3797603
2180,27/5/2018,15:40:49,51.547684,-0.027723,4.33,7.3,500,-0.2869671038652477,15.951219512195124,95.34847823003432,2.255839799174816,4.811592099707002,2.3639573243478663e-10,13.448344,4.730833,-1.4496942,3.4837303,9.682382
2181,27/5/2018,15:40:50,51.547684,-0.027734,2.2,7.3,499,-0.3067665977708669,15.958536585365854,94.96744649693731,2.22697320970723,4.841083024760652,2.527450260191357e-10,15.617909,7.9739566,-3.3285406,5.0356565,7.599728
2182,27/5/2018,15:40:50,51.547684,-0.027734,2.2,6.9,502,-0.2473681160540093,15.965853658536586,94.60501468835804,2.1903114384639277,4.861054605823875,2.6612253289101047e-10,13.595791,-0.92881614,0.8624982,7.3727975,14.309271
2183,27/5/2018,15:40:51,51.54768,-0.027747,3.09,6.9,499,-0.3067665977708669,15.973170731707318,94.24258287977878,2.153649667220624,4.881026186887098,2.7950003976288536e-10,15.620976,7.9488416,-3.3083415,5.0526705,7.5756464
2184,27/5/2018,15:40:51,51.54768,-0.027747,3.09,6.0,500,-0.2869671038652477,15.98048780487805,96.13768082130306,2.161574823958298,4.8547657622372125,2.5375837121903157e-10,13.418773,4.7872114,-1.3444502,3.5332792,9.590647
2185,27/5/2018,15:40:52,51.547684,-0.027759,2.91,6.0,498,-0.3265660916764861,15.98780487804878,98.97712707810312,2.1881511591888527,4.809166005866451,2.1165274229010246e-10,12.3952265,10.509717,-3.9990404,2.226191,5.448111
2186,27/5/2018,15:40:52,51.547684,-0.027759,2.91,5.3,500,-0.2869671038652477,15.995121951219511,101.81657333490384,2.214727494419414,4.763566249495677,1.6954711336116311e-10,13.066593,5.1907644,-1.032977,3.7595289,9.316688
2187,27/5/2018,15:40:53,51.547676,-0.027783,4.22,5.3,498,-0.3265660916764861,16.002439024390245,104.60441237906196,2.233032269384552,4.74017399370099,1.4576457080723006e-10,12.786233,10.458576,-3.5848653,2.340119,5.4507575
2188,27/5/2018,15:40:53,51.547676,-0.027783,4.22,4.8,499,-0.3067665977708669,16.009756097560977,107.3467924682111,2.244050921602388,4.736343533978137,1.3812218224525338e-10,15.265897,9.292371,-2.5337756,4.45258,6.523776
2189,27/5/2018,15:40:54,51.547668,-0.027801,4.5,4.8,497,-0.3463655855821053,16.01707317073171,110.08917255736026,2.2550695738202244,4.732513074255284,1.304797936832767e-10,12.046405,12.093161,-4.5762672,2.0656736,3.836156
2190,27/5/2018,15:40:54,51.547668,-0.027801,4.5,5.0,499,-0.3067665977708669,16.02439024390244,111.77018853949332,2.256384291199142,4.716672876269876,1.25269478754392e-10,15.119419,9.612882,-2.3371007,4.20029,6.239036
2191,27/5/2018,15:40:55,51.547661,-0.027819,4.33,5.0,497,-0.3463655855821053,16.03170731707317,111.5501536210863,2.2403179101007744,4.67932156481423,1.2441534634553675e-10,12.061999,12.14528,-4.6111436,2.1015966,3.791297
2192,27/5/2018,15:40:55,51.547661,-0.027819,4.33,5.4,499,-0.3067665977708669,16.039024390243902,111.33011870267916,2.224251529002399,4.641970253358565,1.2356121393668108e-10,15.113803,9.623948,-2.3548925,4.2188144,6.257595
2193,27/5/2018,15:40:56,51.547653,-0.027835,4.63,5.4,498,-0.3265660916764861,16.046341463414635,110.81784001574272,2.2088259876831264,4.612607507618354,1.2652955227341827e-10,13.299461,10.480121,-3.1239676,2.622934,5.332597
2194,27/5/2018,15:40:56,51.547653,-0.027835,4.63,5.5,499,-0.3067665977708669,16.053658536585367,109.01710801735126,2.1962258004839863,4.61846499600547,1.4635051715163676e-10,15.162422,9.511555,-2.4047353,4.286162,6.3297276
2195,27/5/2018,15:40:57,51.547649,-0.027849,3.74,5.5,498,-0.3265660916764861,16.0609756097561,107.21637601895978,2.1836256132848457,4.624322484392585,1.6617148202985524e-10,13.0502,10.461351,-3.3622508,2.4683483,5.4073434
2196,27/5/2018,15:40:57,51.547649,-0.027849,3.74,5.9,500,-0.2869671038652477,16.06829268292683,105.41201130209814,2.171579036757411,4.630474438841248,1.8608635816790084e-10,12.921809,5.3314066,-0.96945924,3.9093084,9.219466
2197,27/5/2018,15:40:58,51.547646,-0.027865,3.7,5.9,498,-0.3265660916764861,16.075609756097563,103.29508940003188,2.2071648310477814,4.661962098242407,2.1408130967420291e-10,12.732421,10.459295,-3.6454246,2.3146336,5.4580464
2198,27/5/2018,15:40:58,51.547646,-0.027865,3.7,6.5,500,-0.2869671038652477,16.082926829268292,101.17816749796664,2.242750625338134,4.69344975764355,2.4207626118049147e-10,13.082664,5.177312,-1.0309377,3.746797,9.31481
2199,27/5/2018,15:40:59,51.547646,-0.027874,1.78,6.5,498,-0.3265660916764861,16.090243902439024,99.06124559590042,2.2783364196285047,4.724937417044709,2.7007121268679357e-10,12.3580475,10.530804,-3.9798503,2.2452593,5.4751534
2200,27/5/2018,15:41:0,51.547642,-0.027889,4.0,6.5,499,-0.3067665977708669,16.097560975609756,96.12017593151214,2.242085795150538,4.650142667026803,2.37172385654097e-10,15.57355,8.231413,-3.1563272,4.9583735,7.3489933
2201,27/5/2018,15:41:1,51.547634,-0.027905,3.96,6.5,501,-0.2671676099596285,16.10487804878049,93.0198959039478,2.1919576806832146,4.55481608791655,1.9250998776725922e-10,12.256584,4.3846583,-0.670087,4.7562256,10.083301
2202,27/5/2018,15:41:2,51.547634,-0.027921,4.06,6.5,501,-0.2671676099596285,16.11219512195122,89.91961587638345,2.141829566215891,4.459489508806296,1.4784758988042148e-10,12.137665,4.214017,-0.658113,4.8850417,10.213934
2203,27/5/2018,15:41:3,51.547626,-0.027941,4.69,6.5,500,-0.2869671038652477,16.119512195121953,87.87234145693623,2.136722362857244,4.442571296320737,1.381352013806436e-10,13.941542,3.9127512,-2.1787307,3.2453942,10.175393
2204,27/5/2018,15:41:4,51.547619,-0.027959,4.15,6.5,500,-0.2869671038652477,16.126829268292685,86.35623975497863,2.154325275677574,4.4652049958600655,1.4605281534173326e-10,13.965255,3.8270955,-2.2471876,3.2267962,10.229705
2205,27/5/2018,15:41:5,51.547619,-0.027974,3.76,6.5,500,-0.2869671038652477,16.134146341463417,84.84013805302102,2.1719281884979047,4.487838695399393,1.5397042930282298e-10,13.9952,3.741484,-2.3539126,3.244799,10.322796
2206,27/5/2018,15:41:6,51.547615,-0.02799,4.74,6.5,501,-0.2671676099596285,16.141463414634146,83.88965608143224,2.189196515482853,4.531567678610227,1.7968395955693756e-10,11.929608,3.91361,-0.6365312,5.1341605,10.475246
2207,27/5/2018,15:41:6,51.547615,-0.02799,4.74,7.2,502,-0.2473681160540093,16.148780487804878,83.52480807682362,2.20611841744134,4.597138393991728,2.2382310775752508e-10,13.355803,-1.2564223,0.7078319,7.7654457,14.485038
2208,27/5/2018,15:41:7,51.547611,-0.028007,4.33,7.2,499,-0.3067665977708669,16.15609756097561,83.15996007221501,2.223040319399827,4.66270910937323,2.679622559581127e-10,15.326228,7.189804,-3.7878428,5.2123404,8.478351
2209,27/5/2018,15:41:8,51.5476,-0.028029,4.61,7.2,500,-0.2869671038652477,16.163414634146342,82.82619621949952,2.2380133872009877,4.70224295633509,2.929127918948477e-10,13.878984,3.449296,-2.5002322,3.4233172,10.404921
2210,27/5/2018,15:41:9,51.547592,-0.028047,4.63,7.2,501,-0.2671676099596285,16.170731707317074,82.55912361421233,2.2488052188072545,4.685914534961504,2.766940370400853e-10,11.924445,3.8237352,-0.7267994,5.239733,10.622067
2211,27/5/2018,15:41:9,51.547592,-0.028047,4.63,7.6,502,-0.2473681160540093,16.178048780487806,82.29205100892514,2.2595970504135217,4.6695861135879175,2.60475282185323e-10,13.274175,-1.3399708,0.69452536,7.8366423,14.47911
2212,27/5/2018,15:41:10,51.547585,-0.028067,4.32,7.6,500,-0.2869671038652477,16.18536585365854,81.80093961372549,2.2690927674650565,4.661181650226316,2.52735354404247e-10,13.829918,3.1453264,-2.767404,3.6192389,10.498847
2213,27/5/2018,15:41:11,51.547573,-0.028088,3.91,7.6,499,-0.3067665977708669,16.19268292682927,79.98364044435088,2.270916191352145,4.6996827081928485,2.9518547098495133e-10,15.201013,7.043558,-3.7786484,5.185462,8.587505
2214,27/5/2018,15:41:12,51.547569,-0.028108,4.24,7.6,501,-0.2671676099596285,16.2,78.16634127497714,2.272739615239233,4.738183766159364,3.3763558756563505e-10,11.683889,3.4373963,-0.9580725,5.557856,10.961076
2215,27/5/2018,15:41:13,51.547565,-0.028127,4.69,7.6,502,-0.2473681160540093,16.20731707317073,76.34904210560254,2.2745630391263214,4.776684824125897,3.8008570414633934e-10,12.890473,-1.5653663,0.6457517,8.229211,14.311604
2216,27/5/2018,15:41:13,51.547565,-0.028127,4.69,7.5,503,-0.2275686221483901,16.214634146341464,74.33651984900993,2.243281063163292,4.784367270907399,4.1323429598352957e-10,13.569021,-2.6508706,1.4890505,8.642559,14.95472
2217,27/5/2018,15:41:14,51.547558,-0.028145,4.91,7.5,500,-0.2869671038652477,16.221951219512196,72.31819316999221,2.2110147890415712,4.791133410911755,4.4610633252401556e-10,13.229302,2.3115678,-3.2673144,4.659999,10.501745
2218,27/5/2018,15:41:15,51.54755,-0.028165,4.59,7.5,502,-0.2473681160540093,16.229268292682928,70.2998664909745,2.1787485149198504,4.797899550916109,4.789783690645014e-10,12.215732,-1.9485091,0.62805974,8.856247,13.880567
2219,27/5/2018,15:41:16,51.547546,-0.028183,4.41,7.5,502,-0.2473681160540093,16.23658536585366,70.47386087077435,2.178368556782398,4.745305139682447,4.2030434860811826e-10,12.214965,-1.9376148,0.6022654,8.880884,13.855816
2220,27/5/2018,15:41:16,51.547546,-0.028183,4.41,7.3,503,-0.2275686221483901,16.243902439024392,71.20372517225242,2.186073474670513,4.677659673387876,3.3841853655390866e-10,13.605229,-2.7655306,1.5799826,8.72926,15.043888
2221,27/5/2018,15:41:17,51.547539,-0.028204,4.89,7.3,501,-0.2671676099596285,16.251219512195124,71.93358947373049,2.1937783925586287,4.610014207093307,2.5653272449969907e-10,11.662202,2.7510042,-1.4835716,5.789971,11.186642
2222,27/5/2018,15:41:18,51.547531,-0.028226,4.76,7.3,501,-0.2671676099596285,16.258536585365853,73.11352543859942,2.209670219862133,4.6206344057082935,2.570893602317204e-10,11.6483345,2.8012176,-1.4239634,5.7745876,11.173675
2223,27/5/2018,15:41:19,51.547527,-0.028246,4.44,7.3,500,-0.2869671038652477,16.265853658536585,74.56426723483123,2.23048806893253,4.678346656938302,3.07251197597767e-10,13.351513,2.3950343,-3.233979,4.478894,10.531997
2224,27/5/2018,15:41:20,51.54752,-0.028265,4.35,7.3,501,-0.2671676099596285,16.273170731707317,76.01500903106303,2.251305918002928,4.73605890816831,3.5741303496381373e-10,11.657588,3.140669,-1.1962563,5.682006,11.091256
2225,27/5/2018,15:41:20,51.54752,-0.028265,4.35,6.2,503,-0.2275686221483901,16.28048780487805,76.87416901748354,2.2726364403440216,4.771655168388843,3.7646057182206167e-10,13.540782,-2.5819616,1.4533908,8.601392,14.924327
2226,27/5/2018,15:41:21,51.547516,-0.028281,4.04,6.2,500,-0.2869671038652477,16.28780487804878,77.01303898270538,2.2945911763355253,4.780323745288407,3.576243877804173e-10,13.463648,2.485254,-3.2000282,4.3270545,10.556779
2227,27/5/2018,15:41:22,51.547512,-0.028296,3.44,6.2,500,-0.2869671038652477,16.295121951219514,77.15190894792723,2.3165459123270296,4.788992322187971,3.38788203738773e-10,13.469406,2.4928865,-3.170824,4.2975407,10.575822
2228,27/5/2018,15:41:23,51.547512,-0.028309,2.91,6.2,501,-0.2671676099596285,16.302439024390246,76.1330706041022,2.3430431668019733,4.809569741235141,3.4350753123047427e-10,11.687717,3.1109369,-1.2328585,5.669442,11.080838
2229,27/5/2018,15:41:23,51.547512,-0.028309,2.91,5.5,502,-0.2473681160540093,16.309756097560978,72.10078563232084,2.3813643296823264,4.861145175872364,4.0954046962507035e-10,12.472872,-1.8468221,0.7150959,8.647875,14.085337
2230,27/5/2018,15:41:24,51.547508,-0.028323,3.74,5.5,500,-0.2869671038652477,16.317073170731707,68.06850066054143,2.4196854925626607,4.912720610509563,4.755734080196343e-10,13.0584135,2.1651804,-3.2699313,4.8249626,10.480675
2231,27/5/2018,15:41:25,51.547501,-0.028342,4.3,5.5,502,-0.2473681160540093,16.32439024390244,64.08883793379427,2.4421011442751634,4.978258433425887,5.557288646428344e-10,11.6214905,-2.4464796,0.8752575,9.590406,13.460592
2232,27/5/2018,15:41:26,51.547493,-0.028359,4.19,5.5,504,-0.2077691282427709,16.33170731707317,60.56177233922735,2.327715548991244,5.163884954370973,7.573502763060609e-10,10.988536,-6.933821,4.2336984,12.174479,14.564478
2233,27/5/2018,15:41:27,51.547485,-0.028376,4.02,5.5,506,-0.1681701404315325,16.339024390243903,57.03470674466045,2.213329953707324,5.349511475316059,9.58971687969287e-10,9.75838,-7.3392286,4.6846747,13.140448,13.460734
2234,27/5/2018,15:41:27,51.547485,-0.028376,4.02,4.8,506,-0.1681701404315325,16.346341463414635,53.50764115009354,2.098944358423404,5.535137996261144,1.1605930996325134e-09,9.643801,-7.3633633,4.71865,13.1689,13.402756
2235,27/5/2018,15:41:28,51.547485,-0.028393,4.39,4.8,501,-0.2671676099596285,16.353658536585368,58.09212977766337,2.2048682242831887,5.549915890123583,1.0011300625068384e-09,12.16099,1.6179817,-2.7376428,5.9007306,11.116127
2236,27/5/2018,15:41:28,51.547485,-0.028393,4.39,3.9,503,-0.2275686221483901,16.3609756097561,63.28001158920864,2.3271802228705627,5.55198488822448,8.148070810015564e-10,13.448594,-3.296497,1.8773435,9.199434,15.176233
2237,27/5/2018,15:41:29,51.547478,-0.028412,3.61,3.9,500,-0.2869671038652477,16.368292682926832,68.46789340075391,2.4494922214579367,5.554053886325376,6.284840994962746e-10,12.914693,2.2122421,-3.1862667,4.889099,10.406478
2238,27/5/2018,15:41:29,51.547478,-0.028412,3.61,3.9,502,-0.2473681160540093,16.37560975609756,74.96829339571121,2.4285202076289103,5.382813572465637,5.056076768781005e-10,12.763452,-1.8019521,0.83562106,8.464495,14.2851095
2239,27/5/2018,15:41:30,51.54747,-0.02843,3.04,3.9,499,-0.3067665977708669,16.382926829268293,81.88917077278305,2.3616458305407955,5.156052011959804,4.0305694827454835e-10,15.160436,7.0040054,-3.7625418,5.1142077,8.807667
2240,27/5/2018,15:41:30,51.54747,-0.02843,3.04,3.9,500,-0.2869671038652477,16.390243902439025,88.8100481498549,2.2947714534526806,4.92929045145397,3.005062196709961e-10,13.64013,4.0519357,-1.9333684,3.4696105,10.122124
2241,27/5/2018,15:41:31,51.547466,-0.028449,3.74,3.9,499,-0.3067665977708669,16.397560975609757,93.94666051973762,2.277401949377248,4.833340088562752,2.5953182792064477e-10,15.618694,7.9308476,-3.342803,5.0439706,7.623322
2242,27/5/2018,15:41:31,51.547466,-0.028449,3.74,4.6,500,-0.2869671038652477,16.40487804878049,97.81216305276334,2.2952997014578447,4.830579582216965,2.624243994164246e-10,13.288481,4.9435124,-1.2130219,3.5912054,9.480667
2243,27/5/2018,15:41:32,51.547459,-0.02847,4.67,4.6,497,-0.3463655855821053,16.41219512195122,101.67766558578906,2.313197453538441,4.827819075871176,2.6531697091220456e-10,11.938591,11.666123,-4.612541,2.1117601,4.2803755
2244,27/5/2018,15:41:32,51.547459,-0.02847,4.67,4.4,499,-0.3067665977708669,16.419512195121953,103.65306067757471,2.3100645150101307,4.828131477888082,2.648366909307037e-10,15.334114,9.12897,-2.6194348,4.551399,6.639577
2245,27/5/2018,15:41:33,51.547451,-0.028489,3.72,4.4,498,-0.3265660916764861,16.426829268292686,102.91507988077812,2.2767406108396746,4.832855245776171,2.5951445663774933e-10,12.618493,10.482593,-3.7748055,2.2853808,5.4481416
2246,27/5/2018,15:41:33,51.547451,-0.028489,3.72,4.0,500,-0.2869671038652477,16.434146341463414,102.17709908398189,2.2434167066692345,4.83757901366426,2.5419222234479745e-10,13.068438,5.1759486,-1.0288671,3.762616,9.316212
2247,27/5/2018,15:41:34,51.547443,-0.028506,4.83,4.0,498,-0.3265660916764861,16.441463414634146,101.37784635475492,2.2128871005395587,4.835631753107316,2.4860816183469544e-10,12.470811,10.5112,-3.9029818,2.2473466,5.4408236
2248,27/5/2018,15:41:34,51.547443,-0.028506,4.83,3.7,501,-0.2671676099596285,16.44878048780488,100.38153934188004,2.191344127879462,4.812230056901153,2.4218205219028717e-10,12.468245,4.636265,-0.7190994,4.535737,9.8642845
2249,27/5/2018,15:41:35,51.54744,-0.028521,4.35,3.7,499,-0.3067665977708669,16.45609756097561,99.38523232900516,2.169801155219365,4.788828360694989,2.357559425458789e-10,15.517802,8.424427,-3.0474122,4.885526,7.2109966
2250,27/5/2018,15:41:35,51.54744,-0.028521,4.35,3.5,500,-0.2869671038652477,16.463414634146343,98.54425497534793,2.1515167716346504,4.765270119640682,2.2871476779489063e-10,13.250372,5.000646,-1.1876892,3.6115973,9.457589
2251,27/5/2018,15:41:36,51.547436,-0.028534,4.11,3.5,498,-0.3265660916764861,16.470731707317075,99.98279558267546,2.181053340997451,4.739414527295967,2.1264729397979584e-10,12.467248,10.47622,-3.9737065,2.203817,5.4602513
2252,27/5/2018,15:41:36,51.547436,-0.028534,4.11,3.2,500,-0.2869671038652477,16.478048780487807,101.421336190003,2.210589910360252,4.713558934951252,1.9657982016470102e-10,13.085952,5.1829348,-1.054641,3.7283113,9.324576
2253,27/5/2018,15:41:37,51.547436,-0.028546,3.11,3.2,498,-0.3265660916764861,16.48536585365854,102.85987679733054,2.2401264797230533,4.687703342606538,1.8051234634960618e-10,12.685811,10.461116,-3.7263224,2.2960548,5.451427
2254,27/5/2018,15:41:37,51.547436,-0.028546,3.11,3.2,499,-0.3067665977708669,16.492682926829268,104.33641231641528,2.2119181727423176,4.639036542377378,1.853045340829855e-10,15.358864,9.07419,-2.6526067,4.5885687,6.6872735
2255,27/5/2018,15:41:38,51.547428,-0.028561,3.13,3.2,498,-0.3265660916764861,16.5,105.81762462854395,2.1766020499128493,4.587561910956991,1.92664337202208e-10,12.975551,10.467285,-3.4525685,2.4169567,5.4271984
2256,27/5/2018,15:41:38,51.547428,-0.028561,3.13,3.2,500,-0.2869671038652477,16.507317073170732,107.29883694067262,2.1412859270833806,4.536087279536603,2.0002414032143048e-10,12.921603,5.334558,-0.9425427,3.965361,9.155531
2257,27/5/2018,15:41:39,51.547417,-0.028577,3.48,3.2,499,-0.3067665977708669,16.514634146341464,109.471957257972,2.172637772188025,4.537730196994844,1.9355406053794136e-10,15.163297,9.530671,-2.3786588,4.249322,6.287555
2258,27/5/2018,15:41:40,51.547413,-0.028593,4.07,3.2,497,-0.3463655855821053,16.521951219512196,111.9181646057749,2.2303025913539227,4.5603379155285,1.81625507047126e-10,12.080222,12.167467,-4.6459327,2.1161926,3.820954
2259,27/5/2018,15:41:40,51.547413,-0.028593,4.07,3.0,498,-0.3265660916764861,16.52926829268293,114.36437195357782,2.2879674105198204,4.582945634062154,1.6969695355631059e-10,13.452022,10.503324,-2.9754322,2.7350848,5.285196
2260,27/5/2018,15:41:41,51.547401,-0.028612,4.83,3.0,497,-0.3463655855821053,16.53658536585366,113.39852916903548,2.324764403779032,4.620760040844422,1.7165605055372611e-10,12.137805,12.247203,-4.5937905,2.128865,3.6779256
2261,27/5/2018,15:41:41,51.547401,-0.028612,4.83,2.9,498,-0.3265660916764861,16.543902439024393,109.56812038072616,2.3440419403051336,4.671341130558431,1.8527444032754646e-10,13.226728,10.461901,-3.1754048,2.5848618,5.3512373
2262,27/5/2018,15:41:42,51.547394,-0.02863,4.93,2.9,497,-0.3463655855821053,16.55121951219512,105.7377115924187,2.3633194768312267,4.721922220272414,1.9889283010136027e-10,11.9793005,11.924483,-4.620758,2.1037152,4.0044694
2263,27/5/2018,15:41:42,51.547394,-0.02863,4.93,2.7,500,-0.2869671038652477,16.558536585365854,101.29589112357375,2.3263577855179167,4.768919312919747,2.4014023613885924e-10,13.076182,5.183883,-1.0449494,3.7349937,9.327719
2264,27/5/2018,15:41:43,51.547386,-0.028648,5.11,2.7,501,-0.2671676099596285,16.565853658536586,95.81399672205772,2.1937274036456027,4.809819659229896,3.283874305612049e-10,12.399668,4.5626297,-0.6965668,4.6129017,9.942852
2265,27/5/2018,15:41:43,51.547386,-0.028648,5.11,2.7,503,-0.2275686221483901,16.573170731707318,90.33210232054168,2.061097021773289,4.850720005540044,4.1663462498355044e-10,13.545984,-1.0378413,0.8614793,7.512324,14.383271
2266,27/5/2018,15:41:44,51.547379,-0.028665,5.06,2.7,500,-0.2869671038652477,16.58048780487805,86.58790297915415,1.989783125457283,4.897345722175482,4.835969338711142e-10,13.915693,3.7870185,-2.2939415,3.3068807,10.324289
2267,27/5/2018,15:41:44,51.547379,-0.028665,5.06,2.7,502,-0.2473681160540093,16.587804878048782,89.93462057666189,2.168680049233378,4.967334643525353,4.6370317759275244e-10,13.561197,-0.9878391,0.82633513,7.4531927,14.361832
2268,27/5/2018,15:41:45,51.547367,-0.028683,5.24,2.7,498,-0.3265660916764861,16.595121951219515,93.28133817416962,2.3475769730094727,5.037323564875224,4.4380942131439055e-10,11.955694,10.730311,-4.5398693,2.260375,5.266719
2269,27/5/2018,15:41:46,51.547359,-0.028701,4.76,2.7,498,-0.3265660916764861,16.602439024390243,96.54124650577228,2.52072741416156,5.102765778125932,4.231630184327852e-10,12.159968,10.631246,-4.262954,2.2335424,5.3614984
2270,27/5/2018,15:41:47,51.547348,-0.028718,4.96,2.7,497,-0.3463655855821053,16.609756097560975,96.18316865839611,2.454379289178828,4.9787129312433205,3.7114824744107455e-10,11.900547,11.443743,-4.6618376,2.1491992,4.573256
2271,27/5/2018,15:41:47,51.547348,-0.028718,4.96,3.2,500,-0.2869671038652477,16.617073170731707,95.82509081102,2.388031164196096,4.854660084360709,3.1913347644936393e-10,13.382641,4.8140373,-1.3300233,3.5516698,9.580037
2272,27/5/2018,15:41:48,51.54734,-0.028735,4.96,3.2,501,-0.2671676099596285,16.62439024390244,95.46701296364384,2.3216830392133634,4.730607237478097,2.6711870545765326e-10,12.368371,4.5208445,-0.69271266,4.631327,9.9605055
2273,27/5/2018,15:41:49,51.547333,-0.02875,4.46,3.2,500,-0.2869671038652477,16.63170731707317,90.38837050700918,2.3172643181531143,4.763689777683902,3.026183874515433e-10,13.644804,4.2790475,-1.7750912,3.4218972,9.951879
2274,27/5/2018,15:41:50,51.547325,-0.028762,4.02,3.2,499,-0.3067665977708669,16.639024390243904,84.47693415167645,2.3237710761416,4.8244938729299935,3.53557218896193e-10,15.314488,7.186144,-3.7509928,5.1854033,8.429683
2275,27/5/2018,15:41:51,51.547314,-0.028776,4.61,3.2,500,-0.2869671038652477,16.646341463414636,78.56549779634369,2.330277834130086,4.8852979681760855,4.044960503408426e-10,13.488934,2.5134277,-3.1876569,4.302153,10.560319
2276,27/5/2018,15:41:52,51.547306,-0.028787,4.72,3.2,504,-0.2077691282427709,16.653658536585368,75.78114901810095,2.258020292146122,4.829913165263548,4.074932216955969e-10,11.514041,-7.1131806,4.1882114,11.7092085,15.009158
2277,27/5/2018,15:41:52,51.547306,-0.028787,4.72,2.8,504,-0.2077691282427709,16.660975609756097,74.49117922274083,2.148122706006565,4.719003774960375,3.8757993484391607e-10,11.480584,-7.122632,4.2005057,11.718161,15.014436
2278,27/5/2018,15:41:53,51.547298,-0.028799,4.78,2.8,502,-0.2473681160540093,16.66829268292683,73.20120942738006,2.0382251198669543,4.6080943846571465,3.6766664799222565e-10,12.638873,-1.6412548,0.5514665,8.461379,14.118297
2279,27/5/2018,15:41:54,51.547291,-0.028811,4.76,2.8,501,-0.2671676099596285,16.67560975609756,76.88675911978955,2.0446680915835547,4.615855053545173,3.5100320940270845e-10,11.635663,3.2923896,-0.9583372,5.585264,10.9856415
2280,27/5/2018,15:41:55,51.547279,-0.028823,4.76,2.8,500,-0.2869671038652477,16.682926829268293,85.4835605505044,2.165948874389263,4.740752945173542,3.375476414618861e-10,13.976695,3.7381325,-2.3301651,3.3079827,10.3434925
2281,27/5/2018,15:41:56,51.547268,-0.028835,4.85,2.8,499,-0.3067665977708669,16.690243902439025,94.08036198121924,2.2872296571949717,4.865650836801909,3.240920735210638e-10,15.616905,7.959657,-3.3483148,5.037532,7.6204457
2282,27/5/2018,15:41:56,51.547268,-0.028835,4.85,3.4,500,-0.2869671038652477,16.697560975609758,102.58136111716172,2.3673693023410443,4.940112600505184,3.1074776120565657e-10,13.088849,5.1596684,-1.0677454,3.7118738,9.3611765
2283,27/5/2018,15:41:57,51.54726,-0.028849,4.87,3.4,495,-0.3859645733933436,16.70487804878049,110.88772616844552,2.3639256921044742,4.912107198721913,2.9762947830705286e-10,12.039946,12.295663,-4.4868717,1.9992435,3.5764153
2284,27/5/2018,15:41:58,51.547249,-0.028862,4.78,3.4,497,-0.3463655855821053,16.712195121951222,119.19409121972927,2.3604820818679046,4.8841017969386415,2.8451119540844905e-10,12.370649,12.441696,-4.4032354,2.2065911,3.4512656
2285,27/5/2018,15:41:59,51.547241,-0.028876,4.69,3.4,497,-0.3463655855821053,16.71951219512195,126.48314514101952,2.352213603324373,4.849108750593323,2.7147307638891115e-10,12.925212,12.61908,-3.9085002,2.4942064,3.1439986
2286,27/5/2018,15:42:0,51.547234,-0.02889,4.63,3.4,497,-0.3463655855821053,16.726829268292683,128.28756514409662,2.3179327912997563,4.776443185739399,2.588671452390803e-10,13.072846,12.627651,-3.8474467,2.5456831,3.143775
2287,27/5/2018,15:42:0,51.547234,-0.02889,4.63,3.7,498,-0.3265660916764861,16.734146341463415,130.09198514717372,2.2836519792751404,4.703777620885477,2.462612140892493e-10,14.349746,10.887511,-2.356982,3.3705697,5.0049624
2288,27/5/2018,15:42:1,51.547226,-0.028905,5.07,3.7,495,-0.3859645733933436,16.741463414634147,131.8964051502508,2.249371167250524,4.6311120560315535,2.3365528293941837e-10,12.1447,14.020777,-3.9193485,1.5050321,1.830681
2289,27/5/2018,15:42:2,51.547218,-0.028919,5.07,3.7,497,-0.3463655855821053,16.74878048780488,130.03718974423083,2.2111995917160647,4.576182666620907,2.1013160939954816e-10,13.117259,12.635773,-3.8072987,2.573271,3.1220012
2290,27/5/2018,15:42:3,51.547207,-0.028931,4.83,3.7,497,-0.3463655855821053,16.75609756097561,128.114876204147,2.172961006261092,4.521558744171608,1.8641990154510324e-10,13.088438,12.629037,-3.855995,2.5473661,3.142005
2291,27/5/2018,15:42:4,51.547199,-0.028944,4.74,3.7,498,-0.3265660916764861,16.763414634146343,126.19256266406316,2.134722420806119,4.466934821722308,1.6270819369065826e-10,14.242547,10.812975,-2.4062328,3.3059692,5.0805645
2292,27/5/2018,15:42:5,51.547192,-0.028956,4.85,3.7,498,-0.3265660916764861,16.770731707317076,125.56764665900194,2.160052587617881,4.494067991142684,1.7593531333849367e-10,14.237155,10.808741,-2.3934517,3.3200958,5.073893
2293,27/5/2018,15:42:5,51.547192,-0.028956,4.85,4.2,499,-0.3067665977708669,16.778048780487804,125.24770143373712,2.200325446569951,4.540419267109644,1.97845402333824e-10,14.7615385,10.442192,-2.2492306,3.7137704,5.4997745
2294,27/5/2018,15:42:6,51.54718,-0.028966,4.61,4.2,496,-0.3661650794877245,16.785365853658536,124.9277562084722,2.2405983055220404,4.586770543076626,2.1975549132916488e-10,12.236087,13.304872,-4.0130596,1.7934307,2.6474476
2295,27/5/2018,15:42:7,51.547169,-0.028976,4.85,4.2,496,-0.3661650794877245,16.79268292682927,124.27030634407598,2.246647177976567,4.612543532046016,2.3112638642223062e-10,12.236895,13.282587,-4.058277,1.7736328,2.6624696
2296,27/5/2018,15:42:8,51.547157,-0.028987,4.94,4.2,497,-0.3463655855821053,16.8,123.41992795467374,2.2331325171659016,4.626553309203516,2.364727387429296e-10,12.667313,12.565272,-4.1982083,2.350955,3.2666836
2297,27/5/2018,15:42:8,51.547157,-0.028987,4.94,4.9,499,-0.3067665977708669,16.807317073170733,122.5695495652715,2.2196178563552365,4.640563086361016,2.4181909106362846e-10,14.815421,10.358586,-2.2477422,3.7732005,5.586087
2298,27/5/2018,15:42:9,51.547146,-0.028993,5.37,4.9,497,-0.3463655855821053,16.814634146341465,121.63258269647244,2.1985287726162865,4.646270953404004,2.3093662066123892e-10,12.583552,12.50907,-4.2514195,2.3252275,3.3094716
2299,27/5/2018,15:42:9,51.547146,-0.028993,5.37,5.0,499,-0.3067665977708669,16.821951219512197,120.5951426508946,2.168650686700925,4.64234567654208,2.0122299182152588e-10,14.848197,10.293516,-2.2531242,3.7932556,5.6155605
2300,27/5/2018,15:42:10,51.547134,-0.028996,4.93,5.0,497,-0.3463655855821053,16.82926829268293,119.55770260531676,2.138772600785564,4.6384203996801565,1.715093629818129e-10,12.497134,12.462945,-4.2879696,2.2985468,3.3408186
2301,27/5/2018,15:42:10,51.547134,-0.028996,4.93,4.9,499,-0.3067665977708669,16.836585365853658,119.82312088005456,2.124603517323244,4.627000094464613,1.4994514603882283e-10,14.851111,10.286093,-2.2462807,3.822524,5.6627345
2302,27/5/2018,15:42:11,51.547123,-0.029003,4.89,4.9,497,-0.3463655855821053,16.84390243902439,123.28615487566827,2.1489891657299376,4.597184680496062,1.4838209667519784e-10,12.641695,12.531235,-4.205518,2.350889,3.2833679
2303,27/5/2018,15:42:11,51.547123,-0.029003,4.89,4.9,498,-0.3265660916764861,16.851219512195122,126.74918887128196,2.173374814136632,4.567369266527511,1.4681904731157284e-10,14.272129,10.823824,-2.402184,3.3150105,5.09142
2304,27/5/2018,15:42:12,51.547112,-0.029011,5.26,4.9,496,-0.3661650794877245,16.858536585365854,130.23562324337843,2.196840902915852,4.543303393904473,1.4475749731692962e-10,12.267104,13.3738985,-3.9644268,1.7447529,2.5675404
2305,27/5/2018,15:42:13,51.547104,-0.02902,4.46,4.9,496,-0.3661650794877245,16.865853658536587,133.90021126299413,2.213306125624973,4.563010396603347,1.3890072181504156e-10,12.443008,13.509862,-3.7725,1.7873138,2.4483066
2306,27/5/2018,15:42:13,51.547104,-0.02902,4.46,4.8,497,-0.3463655855821053,16.87317073170732,137.5647992826098,2.229771348334094,4.58271739930222,1.3304394631315352e-10,13.444936,12.741393,-3.408721,2.678602,2.9608235
2307,27/5/2018,15:42:14,51.547096,-0.029033,4.61,4.8,495,-0.3859645733933436,16.88048780487805,141.22938730222552,2.2462365710432146,4.602424402001094,1.2718717081126549e-10,12.3327,14.353231,-3.6764007,1.5242664,1.4310269
2308,27/5/2018,15:42:14,51.547096,-0.029033,4.61,4.9,497,-0.3463655855821053,16.887804878048783,141.081998252287,2.235637097464199,4.607971252500115,1.292909913113193e-10,13.661376,12.909794,-3.212906,2.6982825,2.835013
2309,27/5/2018,15:42:15,51.547089,-0.029046,4.89,4.9,495,-0.3859645733933436,16.89512195121951,140.70293195582025,2.223392736153769,4.612657503627148,1.3187862609692609e-10,12.348869,14.369026,-3.6920943,1.5212109,1.4546373
2310,27/5/2018,15:42:15,51.547089,-0.029046,4.89,5.2,497,-0.3463655855821053,16.902439024390244,140.3238656593533,2.2111483748433334,4.617343754754182,1.3446626088253416e-10,13.591761,12.865365,-3.2441282,2.6922758,2.8527057
2311,27/5/2018,15:42:16,51.547081,-0.029058,4.93,5.2,496,-0.3661650794877245,16.909756097560976,138.92816585302378,2.1978113274763555,4.600894655431955,1.297423185970269e-10,12.592271,13.535022,-3.696653,1.83812,2.4077718
2312,27/5/2018,15:42:16,51.547081,-0.029058,4.93,5.0,498,-0.3265660916764861,16.917073170731708,137.22761583328253,2.1841466245931103,4.578107858175828,1.2282590890917408e-10,14.469211,11.106982,-2.3138754,3.4184823,4.822945
2313,27/5/2018,15:42:17,51.547073,-0.02907,4.72,5.0,496,-0.3661650794877245,16.92439024390244,135.52706581354127,2.170481921709865,4.5553210609197015,1.1590949922132125e-10,12.49273,13.538319,-3.7419674,1.7994964,2.4220355
2314,27/5/2018,15:42:17,51.547073,-0.02907,4.72,5.1,497,-0.3463655855821053,16.931707317073172,134.4468571601843,2.166692538388609,4.555696149715931,1.1582434356009892e-10,13.36827,12.706449,-3.5104613,2.659463,3.000548
2315,27/5/2018,15:42:18,51.547066,-0.029082,4.5,5.1,496,-0.3661650794877245,16.939024390243905,133.7872909401973,2.16959943340048,4.571776900972313,1.2037133960186315e-10,12.437841,13.505031,-3.8104131,1.7581632,2.4610353
2316,27/5/2018,15:42:18,51.547066,-0.029082,4.5,4.9,498,-0.3265660916764861,16.946341463414637,133.12772472021027,2.1725063284123496,4.587857652228694,1.249183356436274e-10,14.442746,11.032941,-2.3203075,3.412792,4.90187
2317,27/5/2018,15:42:19,51.547054,-0.029094,4.2,4.9,496,-0.3661650794877245,16.953658536585365,132.8963624587873,2.1746731607652388,4.596910590496095,1.3071765042688968e-10,12.403836,13.517423,-3.8102574,1.7563304,2.4297361
2318,27/5/2018,15:42:19,51.547054,-0.029094,4.2,5.0,498,-0.3265660916764861,16.960975609756098,133.25023780799492,2.175828530020704,4.596358431941368,1.3822854216633692e-10,14.445956,11.042568,-2.2953296,3.4383638,4.859078
2319,27/5/2018,15:42:20,51.54705,-0.029106,4.2,5.0,496,-0.3661650794877245,16.96829268292683,133.60411315720253,2.176983899276169,4.595806273386639,1.457394339057841e-10,12.436635,13.514377,-3.7911046,1.7668657,2.4349003
2320,27/5/2018,15:42:20,51.54705,-0.029106,4.2,5.2,497,-0.3463655855821053,16.975609756097562,134.11419450945965,2.1847624567842576,4.609013955034993,1.5871746102785024e-10,13.362658,12.7054615,-3.5083294,2.6614578,3.0020294
2321,27/5/2018,15:42:21,51.547039,-0.029119,4.98,5.2,496,-0.3661650794877245,16.982926829268294,135.09507393037407,2.212503014323169,4.663693193897388,1.881731953377083e-10,12.513014,13.544921,-3.7464926,1.798607,2.4280024
2322,27/5/2018,15:42:21,51.547039,-0.029119,4.98,5.5,498,-0.3265660916764861,16.990243902439026,136.0759533512885,2.240243571862081,4.718372432759783,2.1762892964756635e-10,14.464291,11.06594,-2.3188245,3.4185226,4.8655686
2323,27/5/2018,15:42:22,51.547031,-0.02913,3.41,5.5,495,-0.3859645733933436,16.99756097560976,136.80217244348805,2.265060618127801,4.767298473849508,2.4583717336288666e-10,12.167173,14.081369,-3.887195,1.5002103,1.7624419
2324,27/5/2018,15:42:22,51.547031,-0.02913,3.41,5.7,497,-0.3463655855821053,17.00487804878049,134.42062057809034,2.254200323227417,4.746014831941315,2.5882154982277306e-10,13.365789,12.707527,-3.53505,2.6509461,3.0208528
2325,27/5/2018,15:42:23,51.547028,-0.029138,1.72,5.7,495,-0.3859645733933436,17.01219512195122,132.0390687126938,2.243340028327038,4.724731190033132,2.7180592628265315e-10,12.14165,13.988927,-3.9294255,1.5124108,1.8638014
2326,27/5/2018,15:42:24,51.547028,-0.029144,1.3,5.7,498,-0.3265660916764861,17.01951219512195,129.65751684729608,2.2324797334266537,4.703447548124938,2.8479030274253955e-10,14.369288,10.9038925,-2.3708851,3.3556697,5.032134
2327,27/5/2018,15:42:24,51.547028,-0.029144,1.3,5.8,499,-0.3067665977708669,17.026829268292683,127.64878784229089,2.196921240429945,4.6189578216919465,2.453298916052556e-10,14.680224,10.584721,-2.2615578,3.6391532,5.3702917
2328,27/5/2018,15:42:25,51.547028,-0.029151,2.22,5.8,498,-0.3265660916764861,17.034146341463416,125.68040790208936,2.158689764358987,4.52762756408071,2.0019359961896728e-10,14.244909,10.804663,-2.408353,3.3052573,5.0915017
2329,27/5/2018,15:42:26,51.54702,-0.029164,3.56,5.8,497,-0.3463655855821053,17.041463414634148,123.71202796188784,2.1204582882880287,4.4362973064694735,1.5505730763267895e-10,12.681205,12.548732,-4.189737,2.3572283,3.275522
2330,27/5/2018,15:42:27,51.547012,-0.029178,4.56,5.8,497,-0.3463655855821053,17.04878048780488,124.54873462857296,2.1309291919917883,4.44881833426379,1.4101032395143082e-10,12.731916,12.581027,-4.156372,2.3782947,3.2608225
2331,27/5/2018,15:42:27,51.547012,-0.029178,4.56,5.6,498,-0.3265660916764861,17.056097560975612,126.42847743921212,2.159509462542508,4.499955155241869,1.3852350820691436e-10,14.251539,10.815947,-2.4120126,3.2958796,5.089504
2332,27/5/2018,15:42:28,51.547005,-0.029188,4.11,5.6,496,-0.3661650794877245,17.063414634146344,128.30822024985127,2.188089733093228,4.551091976219947,1.360366924623979e-10,12.246831,13.346137,-4.013038,1.7487961,2.6103895
2333,27/5/2018,15:42:28,51.547005,-0.029188,4.11,5.9,498,-0.3265660916764861,17.070731707317073,130.1993828924691,2.1975431650305994,4.5770890114581135,1.3707787746257898e-10,14.35525,10.925621,-2.3487322,3.3777905,4.992718
2334,27/5/2018,15:42:29,51.546997,-0.029197,5.17,5.9,496,-0.3661650794877245,17.078048780487805,132.09968140067147,2.1916951260773136,4.582974218104391,1.4094146305851652e-10,12.401612,13.494178,-3.8400056,1.7521199,2.462739
2335,27/5/2018,15:42:29,51.546997,-0.029197,5.17,6.1,497,-0.3463655855821053,17.085365853658537,133.99997990887385,2.1858470871240274,4.588859424750668,1.4480504865445406e-10,13.342253,12.68922,-3.519965,2.6578388,3.00627
2336,27/5/2018,15:42:30,51.546989,-0.02921,4.57,6.1,496,-0.3661650794877245,17.09268292682927,135.3931777535417,2.1983215840603867,4.60164204510403,1.5203457456818967e-10,12.51628,13.53108,-3.7337773,1.8089813,2.4079866
2337,27/5/2018,15:42:30,51.546989,-0.02921,4.57,6.7,498,-0.3265660916764861,17.1,135.966549485922,2.2404179972075364,4.625575666177653,1.647057927599403e-10,14.449264,11.093864,-2.3069885,3.431272,4.8252583
2338,27/5/2018,15:42:31,51.546982,-0.029226,5.04,6.7,495,-0.3859645733933436,17.107317073170734,136.53992121830234,2.282514410354686,4.649509287251277,1.7737701095169102e-10,12.173979,14.093675,-3.8925827,1.4996929,1.7707655
2339,27/5/2018,15:42:32,51.546974,-0.029238,4.57,6.7,496,-0.3661650794877245,17.114634146341466,135.80585679666166,2.31060397293791,4.661149768712922,1.8475195136183416e-10,12.5325775,13.563849,-3.7183836,1.8085072,2.4027722
2340,27/5/2018,15:42:33,51.546967,-0.029248,4.17,6.7,496,-0.3661650794877245,17.121951219512198,130.11659988397307,2.285607470458503,4.626199162029009,1.720539606286759e-10,12.296039,13.401637,-3.9538531,1.753322,2.5679355
2341,27/5/2018,15:42:34,51.546951,-0.029257,6.3,6.7,498,-0.3265660916764861,17.129268292682926,124.42734297128725,2.2606109679791078,4.591248555345112,1.5935596989552382e-10,14.201128,10.791374,-2.4631264,3.2505302,5.1338296
2342,27/5/2018,15:42:35,51.546944,-0.029268,4.09,6.7,498,-0.3265660916764861,17.13658536585366,118.70957254781896,2.235387318178379,4.561029752377167,1.4860791200570742e-10,13.641939,10.568747,-2.8357427,2.8645644,5.238705
2343,27/5/2018,15:42:36,51.546936,-0.029278,4.37,6.7,499,-0.3067665977708669,17.14390243902439,112.21426061886076,2.2039695356539597,4.6598435968943015,1.9103302280533409e-10,15.103277,9.646407,-2.3484814,4.203624,6.2374926
2344,27/5/2018,15:42:36,51.546936,-0.029278,4.37,7.8,501,-0.2671676099596285,17.151219512195123,105.71894868990256,2.1725517531295395,4.758657441411437,2.334581336049608e-10,12.6563015,4.908076,-0.8308169,4.2370725,9.504731
2345,27/5/2018,15:42:37,51.546925,-0.029288,4.8,7.8,498,-0.3265660916764861,17.158536585365855,99.22363676094436,2.14113397060512,4.857471285928572,2.7588324440458745e-10,12.399017,10.517657,-4.0166683,2.2017477,5.440404
2346,27/5/2018,15:42:37,51.546925,-0.029288,4.8,8.2,501,-0.2671676099596285,17.165853658536587,95.9194543020025,2.1828562273797583,4.87766567945239,2.7460651362450424e-10,12.400848,4.5521255,-0.6962533,4.6153784,9.947676
2347,27/5/2018,15:42:38,51.546917,-0.029301,4.8,8.2,499,-0.3067665977708669,17.17317073170732,93.12623312087992,2.2362896128601237,4.88527158494448,2.663322764673111e-10,15.608647,7.8821263,-3.3569553,5.050362,7.644893
2348,27/5/2018,15:42:38,51.546917,-0.029301,4.8,8.5,500,-0.2869671038652477,17.180487804878048,90.33301193975868,2.289722998340462,4.892877490436566,2.5805803931012195e-10,13.588237,4.187266,-1.8053597,3.476352,10.022412
2349,27/5/2018,15:42:39,51.546906,-0.029312,4.33,8.5,499,-0.3067665977708669,17.18780487804878,86.79649228620839,2.287629757305744,4.8386701354916415,2.475729709705135e-10,15.408761,7.3539925,-3.668283,5.1631794,8.259664
2350,27/5/2018,15:42:39,51.546906,-0.029312,4.33,8.5,502,-0.2473681160540093,17.195121951219512,82.92381569452375,2.26042458419174,4.756507716551036,2.360880536219525e-10,13.285431,-1.3254542,0.7021092,7.832387,14.485489
2351,27/5/2018,15:42:40,51.546902,-0.029319,2.44,8.5,501,-0.2671676099596285,17.202439024390245,79.05113910283912,2.2332194110777364,4.67434529761043,2.2460313627339157e-10,11.687545,3.502622,-0.88166004,5.5255165,10.920293
2352,27/5/2018,15:42:40,51.546902,-0.029319,2.44,8.8,501,-0.2671676099596285,17.209756097560977,75.42927928668621,2.190957323891475,4.605979397347107,2.2406847017428857e-10,11.623167,3.086613,-1.1773605,5.6826367,11.082328
2353,27/5/2018,15:42:41,51.546898,-0.029332,3.94,8.8,502,-0.2473681160540093,17.21707317073171,72.04344335525437,2.134526362459414,4.550596312634839,2.3383822184425167e-10,12.56461,-1.7000283,0.5539733,8.514376,14.087043
2354,27/5/2018,15:42:41,51.546898,-0.029332,3.94,9.2,502,-0.2473681160540093,17.22439024390244,68.65760742382253,2.0780954010273534,4.495213227922571,2.436079735142148e-10,12.170804,-1.9319483,0.5946863,8.942937,13.797686
2355,27/5/2018,15:42:42,51.54689,-0.029346,4.96,9.2,503,-0.2275686221483901,17.231707317073173,67.2896843225495,2.0576907109382203,4.4852791588991945,2.585027574220226e-10,13.603196,-3.0286222,1.7176186,8.905174,15.157444
2356,27/5/2018,15:42:42,51.54689,-0.029346,4.96,9.7,504,-0.2077691282427709,17.2390243902439,69.80764908616086,2.1066616888840106,4.562866104607897,2.8326679845656003e-10,11.426119,-7.139732,4.223011,11.7685175,14.991218
2357,27/5/2018,15:42:43,51.546879,-0.029358,4.94,9.7,501,-0.2671676099596285,17.246341463414634,72.32561384977343,2.1556326668298245,4.640453050316638,3.0803083949110953e-10,11.661171,2.7596087,-1.4731407,5.7982926,11.196503
2358,27/5/2018,15:42:43,51.546879,-0.029358,4.94,10.4,501,-0.2671676099596285,17.253658536585366,75.39126699944843,2.2065881268345904,4.710143368140916,3.241320190686233e-10,11.638181,3.0782504,-1.2553163,5.7082148,11.112376
2359,27/5/2018,15:42:44,51.546875,-0.029372,4.78,10.4,499,-0.3067665977708669,17.2609756097561,81.16143883110637,2.267343080381808,4.740839655451349,2.9745545997903967e-10,15.242243,7.0900884,-3.7870307,5.1843677,8.567385
2360,27/5/2018,15:42:44,51.546875,-0.029372,4.78,11.1,500,-0.2869671038652477,17.26829268292683,86.93161066276429,2.3280980339290265,4.771535942761783,2.7077890088945597e-10,13.872886,3.783651,-2.2572222,3.3480034,10.308514
2361,27/5/2018,15:42:45,51.546867,-0.029386,4.46,11.1,499,-0.3067665977708669,17.275609756097563,92.70178249442222,2.3888529874762443,4.802232230072217,2.4410234179987227e-10,15.618107,7.906131,-3.3783805,5.067555,7.6863813
2362,27/5/2018,15:42:45,51.546867,-0.029386,4.46,11.7,500,-0.2869671038652477,17.282926829268295,90.49725117189048,2.441868248489804,4.882607935592204,2.9786302069886505e-10,13.551344,4.1814585,-1.7644373,3.5022411,9.998508
2363,27/5/2018,15:42:46,51.54686,-0.029397,4.63,11.7,497,-0.3463655855821053,17.290243902439027,88.25273729024792,2.49484470521081,4.963232717502464,3.520269856588444e-10,11.886484,11.259871,-4.6634736,2.1917129,4.7802095
2364,27/5/2018,15:42:47,51.546856,-0.029412,3.44,11.7,500,-0.2869671038652477,17.297560975609755,86.00822340860644,2.54782116193179,5.043857499412686,4.0619095061879744e-10,13.720568,3.8252225,-2.0864017,3.5183098,10.227774
2365,27/5/2018,15:42:48,51.546852,-0.029425,4.3,11.7,502,-0.2473681160540093,17.304878048780488,78.052347360407,2.4649178197225936,4.956814295832145,3.9802166244694805e-10,13.010971,-1.5657315,0.7611711,8.234611,14.369443
2366,27/5/2018,15:42:48,51.546852,-0.029425,4.3,13.9,503,-0.2275686221483901,17.31219512195122,68.8564699586571,2.3525134356113067,4.833368475346466,3.7631911968528064e-10,13.607018,-2.9183547,1.674055,8.852766,15.116443
2367,27/5/2018,15:42:49,51.546844,-0.029437,4.57,13.9,503,-0.2275686221483901,17.319512195121952,59.66059255690721,2.2401090515000197,4.709922654860788,3.5461657692361307e-10,12.604972,-4.26188,2.1807733,10.32507,14.736376
2368,27/5/2018,15:42:49,51.546844,-0.029437,4.57,14.0,505,-0.1879696343371517,17.326829268292684,51.87132486482776,2.231801636685257,4.720497091550501,3.7979876146167325e-10,9.840364,-7.0918484,4.412992,13.204803,13.564919
2369,27/5/2018,15:42:50,51.546841,-0.029452,4.5,14.0,504,-0.2077691282427709,17.334146341463416,44.84539224606935,2.2799852777363614,4.80380127134817,4.304242203529018e-10,10.5075865,-6.2506146,3.7809258,12.339735,13.9808235
2370,27/5/2018,15:42:50,51.546841,-0.029452,4.5,15.4,506,-0.1681701404315325,17.34146341463415,37.81945962731096,2.328168918787465,4.887105451145838,4.810496792441305e-10,8.610979,-7.2677855,4.806116,13.745918,12.644101
2371,27/5/2018,15:42:51,51.546841,-0.029469,4.56,15.4,506,-0.1681701404315325,17.34878048780488,32.648588425410054,2.326770498689622,5.161020634064578,7.247471641686251e-10,8.416997,-7.185488,4.8115025,13.882298,12.458486
2372,27/5/2018,15:42:51,51.546841,-0.029469,4.56,17.2,507,-0.1483706465259133,17.35609756097561,29.529447042723973,2.2705334665475285,5.64575486341453,1.1819856291750732e-09,6.38657,-7.512509,5.8490715,14.73241,10.900904
2373,27/5/2018,15:42:52,51.546829,-0.02948,4.63,17.2,509,-0.1087716587146749,17.36341463414634,26.410305660036386,2.214296434405408,6.130489092764717,1.6392240941817434e-09,4.966104,-7.5675097,5.8056393,15.171457,9.672366
2374,27/5/2018,15:42:52,51.546829,-0.02948,4.63,17.0,509,-0.1087716587146749,17.370731707317074,24.90395215698853,2.240408092267111,6.582090843779089,1.9666735933724007e-09,4.9648056,-7.5057063,5.80161,15.106027,9.668905
2375,27/5/2018,15:42:53,51.546818,-0.029492,5.02,17.0,505,-0.1879696343371517,17.378048780487806,27.13515772706873,2.4573589158799534,6.956909654778496,1.99334334781082e-09,9.004465,-5.9697556,3.8656867,12.922902,12.454905
2376,27/5/2018,15:42:53,51.546818,-0.029492,5.02,17.4,508,-0.1285711526202941,17.385365853658538,29.36636329714892,2.6743097394927964,7.3317284657779025,2.0200131022492403e-09,5.26546,-7.066731,5.6835666,14.653399,9.761677
2377,27/5/2018,15:42:54,51.546806,-0.029502,3.33,17.4,503,-0.2275686221483901,17.39268292682927,31.891518175875948,2.8451256387627413,7.57972556012624,1.9989058916252893e-09,9.468897,-5.4854484,3.4114926,12.372936,12.630316
2378,27/5/2018,15:42:54,51.546806,-0.029502,3.33,17.8,506,-0.1681701404315325,17.400000000000002,36.418443553150944,2.7017665160621025,6.964077245216844,1.6524414974370282e-09,8.630145,-6.156716,4.1772947,13.135217,12.15465
2379,27/5/2018,15:42:55,51.546795,-0.029513,4.28,17.8,504,-0.2077691282427709,17.407317073170734,40.94536893042594,2.5584073933614637,6.348428930307446,1.3059771032487671e-09,9.890221,-5.7354374,3.4820786,12.357098,13.202893
2380,27/5/2018,15:42:55,51.546795,-0.029513,4.28,17.2,505,-0.1879696343371517,17.414634146341463,45.472294307698746,2.4150482706608942,5.732780615398347,9.595127090606744e-10,9.59326,-6.7220607,4.139307,13.153068,13.224555
2381,27/5/2018,15:42:56,51.546783,-0.029526,4.91,17.2,503,-0.2275686221483901,17.421951219512195,50.3859574685728,2.368273608003985,5.534314641375719,8.370322261147251e-10,11.602761,-4.366024,2.3160844,10.946057,13.948651
2382,27/5/2018,15:42:57,51.546772,-0.029541,4.7,17.2,501,-0.2671676099596285,17.429268292682927,55.31799297071058,2.326087280741108,5.355667305875157,7.251923090235868e-10,12.1514845,1.6258969,-2.7144723,5.9148016,11.130285
2383,27/5/2018,15:42:57,51.546772,-0.029541,4.7,17.7,504,-0.2077691282427709,17.43658536585366,60.25002847284837,2.28390095347823,5.1770199703745945,6.133523919324485e-10,10.955979,-6.9185405,4.2186213,12.191235,14.542984
2384,27/5/2018,15:42:58,51.546757,-0.029552,4.89,17.7,502,-0.2473681160540093,17.44390243902439,67.14341882961688,2.2899640152260954,5.094512391707316,5.150285942345685e-10,11.93067,-2.1785493,0.74773663,9.170871,13.67342
2385,27/5/2018,15:42:58,51.546757,-0.029552,4.89,18.3,502,-0.2473681160540093,17.451219512195124,74.58597336491657,2.309536532449678,5.038923200837579,4.2048920535287126e-10,12.7330475,-1.7352455,0.7683153,8.459292,14.246521
2386,27/5/2018,15:42:59,51.546745,-0.029562,5.02,18.3,499,-0.3067665977708669,17.458536585365856,82.02852790021626,2.329109049673261,4.983334009967842,3.2594981647117406e-10,15.187571,7.0377965,-3.7710502,5.1399674,8.700434
2387,27/5/2018,15:42:59,51.546745,-0.029562,5.02,18.4,500,-0.2869671038652477,17.465853658536588,88.09921269482457,2.351974721342269,4.943664390488649,2.8081660386898296e-10,13.657055,4.002022,-1.9187769,3.4999373,10.121631
2388,27/5/2018,15:43:0,51.546734,-0.029575,4.96,18.4,497,-0.3463655855821053,17.473170731707317,93.28488627148796,2.3769648502685183,4.914264695950279,2.6755596556890967e-10,11.894894,11.420449,-4.660765,2.1398191,4.6561456
2389,27/5/2018,15:43:0,51.546734,-0.029575,4.96,18.4,499,-0.3067665977708669,17.48048780487805,98.47055984815388,2.4019549791947794,4.884865001411895,2.5429532726883e-10,15.580315,8.235233,-3.12354,4.929655,7.313009
2390,27/5/2018,15:43:1,51.546722,-0.029586,4.61,18.4,498,-0.3265660916764861,17.48780487804878,100.8043372740107,2.3860199118309056,4.867468528110878,2.7346031280519827e-10,12.370968,10.537272,-4.0233483,2.2254236,5.4296927
2391,27/5/2018,15:43:1,51.546722,-0.029586,4.61,18.7,500,-0.2869671038652477,17.495121951219513,99.42588662047208,2.3168137382313043,4.865696289552039,3.348327648593878e-10,13.173109,5.0727086,-1.1548443,3.627539,9.416811
2392,27/5/2018,15:43:2,51.546711,-0.029598,4.63,18.7,500,-0.2869671038652477,17.502439024390245,98.04743596693343,2.247607564631703,4.863924050993201,3.962052169135775e-10,13.264868,4.973489,-1.1996516,3.6017957,9.466963
2393,27/5/2018,15:43:2,51.546711,-0.029598,4.63,18.6,501,-0.2671676099596285,17.509756097560977,96.62872995545185,2.2024321307724515,4.878753330594075,4.434493636157077e-10,12.41543,4.5649567,-0.69930965,4.6119094,9.9482355
2394,27/5/2018,15:43:3,51.546703,-0.029614,4.52,18.6,497,-0.3463655855821053,17.51707317073171,95.09608752843752,2.2252719000693566,4.940570578211502,4.5070557947777983e-10,11.903973,11.435234,-4.6822014,2.1630287,4.61565
2395,27/5/2018,15:43:3,51.546703,-0.029614,4.52,17.6,500,-0.2869671038652477,17.52439024390244,93.56344510142318,2.2481116693662617,5.002387825828928,4.579617953398519e-10,13.518766,4.418254,-1.6510987,3.5102708,9.902943
2396,27/5/2018,15:43:4,51.546696,-0.02963,4.91,17.6,500,-0.2869671038652477,17.53170731707317,92.08631920378372,2.273452395881567,5.058385022520324,4.660204520244674e-10,13.524936,4.2444477,-1.7191703,3.5326345,9.985659
2397,27/5/2018,15:43:4,51.546696,-0.02963,4.91,17.9,502,-0.2473681160540093,17.539024390243902,91.18685236609556,2.3248160134539284,5.053823585869763,4.824286438195425e-10,13.574743,-0.96193475,0.8439473,7.4143205,14.338711
2398,27/5/2018,15:43:5,51.546688,-0.029643,4.54,17.9,499,-0.3067665977708669,17.546341463414635,90.2873855284074,2.37617963102629,5.049262149219202,4.988368356146173e-10,15.511944,7.5963807,-3.528055,5.1073565,7.977353
2399,27/5/2018,15:43:5,51.546688,-0.029643,4.54,18.6,500,-0.2869671038652477,17.553658536585367,89.38791869071925,2.427543248598651,5.044700712568641,5.15245027409692e-10,13.550989,4.1275663,-1.8447644,3.520171,10.081117
2400,27/5/2018,15:43:6,51.54668,-0.029657,4.72,18.6,498,-0.3265660916764861,17.5609756097561,84.27948686553144,2.4474626888417808,5.113576194656464,5.848067499432317e-10,11.864076,10.792874,-4.655385,2.3717692,5.314797
2401,27/5/2018,15:43:7,51.546673,-0.029669,4.17,18.6,499,-0.3067665977708669,17.56829268292683,78.77646457276562,2.464434237460295,5.18933638787601,6.593516159835017e-10,15.089527,6.9356513,-3.7567136,5.091954,8.90549
2402,27/5/2018,15:43:8,51.546665,-0.029681,4.57,18.6,504,-0.2077691282427709,17.575609756097563,73.27344227999978,2.4814057860788097,5.265096581095556,7.338964820237715e-10,11.462901,-7.1065507,4.1998796,11.746102,14.975006
2403,27/5/2018,15:43:9,51.546661,-0.029692,3.91,18.6,504,-0.2077691282427709,17.582926829268295,68.09425365888251,2.383871554217438,5.165357222947552,6.973345324757902e-10,11.376261,-7.117588,4.2393384,11.851943,14.892115
2404,27/5/2018,15:43:9,51.546661,-0.029692,3.91,20.1,504,-0.2077691282427709,17.590243902439024,63.028317621567815,2.246291840262248,5.004241363872597,6.219158022875928e-10,11.218975,-7.0887313,4.25522,12.005984,14.769486
2405,27/5/2018,15:43:10,51.54665,-0.029707,4.67,20.1,502,-0.2473681160540093,17.597560975609756,57.96238158425066,2.1087121263069912,4.843125504797564,5.464970720993589e-10,11.247245,-2.9141192,1.1767501,10.072783,13.24029
2406,27/5/2018,15:43:11,51.546638,-0.029719,3.72,20.1,504,-0.2077691282427709,17.60487804878049,56.19894457481276,2.083763337070552,4.755829280797675,4.683470798735826e-10,10.81697,-6.7722006,4.135729,12.283291,14.433935
2407,27/5/2018,15:43:12,51.546635,-0.029727,1.8,20.1,503,-0.2275686221483901,17.61219512195122,56.95240946168596,2.144652873785144,4.724792506970869,3.8811553711786507e-10,12.591607,-4.28338,2.1947024,10.344252,14.722621
2408,27/5/2018,15:43:12,51.546635,-0.029727,1.8,19.1,503,-0.2275686221483901,17.619512195121953,57.70587434855917,2.2055424104997363,4.693755733144062,3.078839943621477e-10,12.59863,-4.269871,2.190531,10.330855,14.7392845
2409,27/5/2018,15:43:13,51.546623,-0.029742,4.15,19.1,502,-0.2473681160540093,17.626829268292685,58.1437402327613,2.255916584159863,4.714188133478508,2.8559235662391983e-10,11.249293,-2.9053946,1.1662956,10.059472,13.240928
2410,27/5/2018,15:43:13,51.546623,-0.029742,4.15,18.1,503,-0.2275686221483901,17.634146341463417,58.09640442816221,2.290124445920385,4.813749206631581,3.5237748885498264e-10,12.55757,-4.266473,2.1962912,10.367653,14.696337
2411,27/5/2018,15:43:14,51.546616,-0.029753,4.0,18.1,501,-0.2671676099596285,17.64146341463415,58.04906862356312,2.3243323076809075,4.913310279784653,4.191626210860455e-10,12.099141,1.7010756,-2.6468813,5.9606614,11.187382
2412,27/5/2018,15:43:15,51.546604,-0.029765,4.24,18.1,503,-0.2275686221483901,17.648780487804878,57.84588138504723,2.3407599300109605,4.998202948149008,4.779114501244691e-10,12.449681,-4.2525167,2.2138276,10.494436,14.544387
2413,27/5/2018,15:43:16,51.546585,-0.029775,4.57,18.1,505,-0.1879696343371517,17.65609756097561,57.09241048773614,2.2944086932561283,5.031304091386308,5.08285523712325e-10,10.050243,-7.21331,4.4964685,13.015329,13.716823
2414,27/5/2018,15:43:17,51.546574,-0.029786,4.41,18.1,503,-0.2275686221483901,17.663414634146342,56.33893959042505,2.248057456501296,5.064405234623608,5.38659597300181e-10,12.344072,-4.272145,2.2387254,10.570303,14.456537
2415,27/5/2018,15:43:17,51.546574,-0.029786,4.41,13.7,504,-0.2077691282427709,17.670731707317074,55.672204006008926,2.204916341331933,5.094488103958313,5.646550144059311e-10,10.802353,-6.7501664,4.150381,12.241407,14.439816
2416,27/5/2018,15:43:18,51.546566,-0.029798,4.15,13.7,501,-0.2671676099596285,17.678048780487806,56.75181328378079,2.2264084090112983,5.063800487241338,5.024897505204079e-10,12.118778,1.6756235,-2.6888907,5.939973,11.160317
2417,27/5/2018,15:43:19,51.546558,-0.029808,3.98,13.7,503,-0.2275686221483901,17.68536585365854,57.83142256155266,2.2479004766906643,5.033112870524362,4.403244866348847e-10,12.438607,-4.2217736,2.2167797,10.533826,14.501076
2418,27/5/2018,15:43:20,51.546547,-0.029814,2.56,13.7,503,-0.2275686221483901,17.69268292682927,58.91103183932453,2.2693925443700302,5.002425253807386,3.7815922274936137e-10,12.466845,-4.246484,2.1994889,10.4918785,14.549858
2419,27/5/2018,15:43:20,51.546547,-0.029814,2.56,11.9,504,-0.2077691282427709,17.7,60.08981132507316,2.271800061720466,4.938034295199404,3.5151237991323606e-10,10.954505,-6.918776,4.233669,12.174993,14.575269
2420,27/5/2018,15:43:21,51.546539,-0.029818,3.5,11.9,501,-0.2671676099596285,17.70731707317073,61.28289767009461,2.2714543330971457,4.868781100449362,3.2998962688078584e-10,12.035967,1.8017541,-2.582114,5.9632072,11.198912
2421,27/5/2018,15:43:22,51.546528,-0.029825,2.87,11.9,502,-0.2473681160540093,17.714634146341464,62.47598401511607,2.271108604473826,4.79952790569932,3.0846687384833557e-10,11.494465,-2.5761642,0.9465933,9.761564,13.35629
2422,27/5/2018,15:43:23,51.546516,-0.029833,3.2,11.9,502,-0.2473681160540093,17.721951219512196,64.34425305120867,2.230759148321423,4.792660482463109,3.1180542016004616e-10,11.598732,-2.4683392,0.85279256,9.5731325,13.475215
2423,27/5/2018,15:43:23,51.546516,-0.029833,3.2,19.0,503,-0.2275686221483901,17.729268292682928,66.50115758816673,2.1733084007933106,4.812462505357408,3.2577198416721137e-10,13.57103,-3.156182,1.7830813,9.008041,15.200132
2424,27/5/2018,15:43:24,51.546505,-0.029841,3.82,19.0,502,-0.2473681160540093,17.73658536585366,68.6580621251248,2.115857653265198,4.832264528251708,3.397385481743765e-10,12.103509,-2.0281055,0.6188789,8.9580345,13.804247
2425,27/5/2018,15:43:24,51.546505,-0.029841,3.82,9.9,503,-0.2275686221483901,17.743902439024392,73.21391578127798,2.129955796093129,4.9138686339268896,3.4485987019106696e-10,13.57227,-2.7359774,1.4689552,8.6741,14.930074
2426,27/5/2018,15:43:25,51.546497,-0.029852,3.89,9.9,499,-0.3067665977708669,17.751219512195124,79.92173756041356,2.20823659708958,5.050912061351006,3.4204660174426555e-10,15.118441,6.9617996,-3.780614,5.1175146,8.82514
2427,27/5/2018,15:43:25,51.546497,-0.029852,3.89,9.3,501,-0.2671676099596285,17.758536585365853,86.62955933954589,2.286517398085992,5.187955488775057,3.3923333329746563e-10,12.159233,3.7998796,-0.8300995,5.080351,10.573563
2428,27/5/2018,15:43:26,51.546478,-0.029865,5.87,9.3,498,-0.3265660916764861,17.765853658536585,93.50649269615742,2.3413884625708445,5.250559425273204,3.2855076679258767e-10,11.915021,10.757668,-4.571948,2.2808228,5.2698474
2429,27/5/2018,15:43:26,51.546478,-0.029865,5.87,9.1,500,-0.2869671038652477,17.773170731707317,100.69237989623468,2.353491739197964,5.177168137964276,3.0349159806622187e-10,13.168016,5.056266,-1.1344523,3.6567855,9.432921
2430,27/5/2018,15:43:27,51.546467,-0.029875,4.33,9.1,496,-0.3661650794877245,17.78048780487805,107.87826709631192,2.365595015825084,5.103776850655349,2.78432429339856e-10,11.996786,12.118173,-4.551244,2.0230992,3.7947273
2431,27/5/2018,15:43:27,51.546467,-0.029875,4.33,8.6,498,-0.3265660916764861,17.78780487804878,114.12827140238296,2.3646188909378894,5.019748057934077,2.5039509094895057e-10,13.5020275,10.534024,-2.9728882,2.7369177,5.2874355
2432,27/5/2018,15:43:28,51.546459,-0.029884,3.96,8.6,497,-0.3463655855821053,17.795121951219514,116.12483308373488,2.3041989144074093,4.887373452685069,2.088224332612341e-10,12.246627,12.336179,-4.484177,2.1512208,3.5434685
2433,27/5/2018,15:43:28,51.546459,-0.029884,3.96,8.2,499,-0.3067665977708669,17.802439024390246,118.12139476508683,2.243778937876929,4.754998847436061,1.672497755735175e-10,14.858902,10.26736,-2.2471132,3.8547091,5.7175827
2434,27/5/2018,15:43:29,51.546448,-0.029896,4.89,8.2,497,-0.3463655855821053,17.809756097560978,120.11351186618604,2.1837536300977005,4.623574992202743,1.2602085847534912e-10,12.503402,12.473335,-4.287567,2.2963047,3.3386724
2435,27/5/2018,15:43:29,51.546448,-0.029896,4.89,7.5,498,-0.3265660916764861,17.817073170731707,121.47092358295492,2.1800887359464527,4.6279223729010335,1.3387959208728682e-10,13.811185,10.635736,-2.6714396,3.0354483,5.1995306
2436,27/5/2018,15:43:30,51.546436,-0.029909,4.69,7.5,497,-0.3463655855821053,17.82439024390244,122.82833529972449,2.1764238417952027,4.632269753599327,1.4173832569922829e-10,12.607903,12.516854,-4.2126107,2.3450172,3.2815301
2437,27/5/2018,15:43:30,51.546436,-0.029909,4.69,7.3,499,-0.3067665977708669,17.83170731707317,124.185747016494,2.172758947643953,4.63661713429762,1.4959705931116978e-10,14.788942,10.408445,-2.246528,3.7165463,5.499579
2438,27/5/2018,15:43:31,51.546429,-0.029919,2.22,7.3,496,-0.3661650794877245,17.839024390243903,126.928446652686,2.1887468137538297,4.648420360089238,1.5638035309144158e-10,12.240817,13.335077,-4.0101585,1.7459893,2.593854
2439,27/5/2018,15:43:32,51.546421,-0.029929,3.7,7.3,497,-0.3463655855821053,17.846341463414635,129.94775165690172,2.2086588164337977,4.661712321000143,1.6294890997387748e-10,13.136246,12.637033,-3.7718256,2.6036162,3.0921469
2440,27/5/2018,15:43:33,51.54641,-0.029942,4.72,7.3,496,-0.3661650794877245,17.853658536585368,132.96705666111745,2.228570819113765,4.675004281911048,1.6951746685631334e-10,12.385869,13.515801,-3.8287895,1.7546425,2.4657066
2441,27/5/2018,15:43:33,51.54641,-0.029942,4.72,6.5,498,-0.3265660916764861,17.8609756097561,134.4654017665038,2.23694177760681,4.669543991428282,1.7149433865154468e-10,14.445505,11.050705,-2.3096306,3.4240391,4.857736
2442,27/5/2018,15:43:34,51.546402,-0.029956,4.74,6.5,495,-0.3859645733933436,17.868292682926832,135.18080255025785,2.239371754342996,4.654430607029104,1.7110754933479178e-10,12.139371,14.036567,-3.9323401,1.4984902,1.8133752
2443,27/5/2018,15:43:35,51.546391,-0.029969,4.37,6.5,496,-0.3661650794877245,17.87560975609756,135.89620333401157,2.241801731079181,4.639317222629932,1.7072076001803906e-10,12.517678,13.550161,-3.7346673,1.8042911,2.4134052
2444,27/5/2018,15:43:36,51.546383,-0.029977,3.85,6.5,497,-0.3463655855821053,17.882926829268293,135.72679510349187,2.2394939289612097,4.645951559567632,1.884535557728287e-10,13.404161,12.724405,-3.4668212,2.669393,2.9849837
2445,27/5/2018,15:43:37,51.546368,-0.029987,3.89,6.5,497,-0.3463655855821053,17.890243902439025,134.62449041227006,2.232190860007875,4.675515559219222,2.2529069665740478e-10,13.384736,12.713005,-3.4860086,2.6681402,2.9941955
2446,27/5/2018,15:43:37,51.546368,-0.029987,3.89,5.1,499,-0.3067665977708669,17.897560975609757,133.5221857210483,2.2248877910545404,4.705079558870812,2.621278375419809e-10,14.558535,10.983549,-2.2937336,3.4956977,4.9727407
2447,27/5/2018,15:43:38,51.546356,-0.029995,4.63,5.1,495,-0.3859645733933436,17.90487804878049,131.98221266305964,2.224186983031173,4.709033307312541,2.761167247449658e-10,12.151026,13.994108,-3.9410472,1.5178771,1.8595716
2448,27/5/2018,15:43:39,51.546345,-0.029999,4.33,5.1,496,-0.3661650794877245,17.91219512195122,129.48329617918935,2.2379519102436354,4.656874291164285,2.4004445988733515e-10,12.259122,13.344958,-4.0027394,1.7461872,2.5982683
2449,27/5/2018,15:43:40,51.546329,-0.030012,4.24,5.1,497,-0.3463655855821053,17.919512195121953,126.98437969531908,2.2517168374560974,4.604715275016027,2.039721950297044e-10,13.020912,12.61804,-3.9055178,2.5212195,3.1584775
2450,27/5/2018,15:43:41,51.546318,-0.030018,5.02,5.1,498,-0.3265660916764861,17.926829268292686,124.16773245247316,2.259255567870164,4.552632952237665,1.6951208143239949e-10,14.17538,10.774809,-2.4826887,3.231949,5.143483
2451,27/5/2018,15:43:41,51.546318,-0.030018,5.02,4.5,499,-0.3067665977708669,17.934146341463414,119.39906546037464,2.228542858126544,4.50102180503311,1.4495642628001147e-10,14.871203,10.261663,-2.270677,3.852235,5.6434264
2452,27/5/2018,15:43:42,51.546307,-0.030024,4.87,4.5,498,-0.3265660916764861,17.941463414634146,114.6303984682738,2.197830148382909,4.449410657828532,1.2040077112761148e-10,13.484412,10.521243,-2.9592814,2.7483819,5.2809763
2453,27/5/2018,15:43:43,51.546295,-0.03003,3.65,4.5,498,-0.3265660916764861,17.94878048780488,109.86173147617296,2.167117438639274,4.397799510623952,9.584511597521149e-11,13.273689,10.474068,-3.1755645,2.5794594,5.355311
2454,27/5/2018,15:43:44,51.546284,-0.03004,4.5,4.5,499,-0.3067665977708669,17.95609756097561,106.1385920781909,2.1652903236471324,4.436659574843787,1.4220227235482564e-10,15.363522,9.061986,-2.679579,4.616653,6.7172604
2455,27/5/2018,15:43:45,51.546272,-0.03005,4.63,4.5,499,-0.3067665977708669,17.963414634146343,102.45158993361824,2.164461600340957,4.47864665466024,1.910104345756273e-10,15.414871,8.947124,-2.768163,4.70426,6.8275695
2456,27/5/2018,15:43:45,51.546272,-0.03005,4.63,4.7,501,-0.2671676099596285,17.970731707317075,98.7645877890456,2.163632877034782,4.520633734476692,2.3981859679642903e-10,12.42414,4.6284013,-0.71498,4.5540648,9.877705
2457,27/5/2018,15:43:46,51.546261,-0.03006,4.5,4.7,499,-0.3067665977708669,17.978048780487807,96.64909781370154,2.170970371802761,4.609914508636316,2.9757772503363303e-10,15.561255,8.289599,-3.132987,4.9482136,7.3150544
2458,27/5/2018,15:43:47,51.546249,-0.030071,4.72,4.7,499,-0.3067665977708669,17.98536585365854,94.9433331380524,2.1804369663087644,4.711525714254163,3.5767055281541627e-10,15.60301,8.069953,-3.2198393,4.9832554,7.450357
2459,27/5/2018,15:43:48,51.546238,-0.030081,4.76,4.7,500,-0.2869671038652477,17.992682926829268,93.2375684624041,2.1899035608147632,4.813136919871962,4.1776338059717025e-10,13.596187,4.517067,-1.6150686,3.4437692,9.811672
2460,27/5/2018,15:43:48,51.546238,-0.030081,4.76,5.4,502,-0.2473681160540093,18.0,92.27383989095694,2.235030989220973,4.930767763193465,4.62182840827229e-10,13.579794,-0.95632744,0.8457238,7.397842,14.33359
2461,27/5/2018,15:43:49,51.54623,-0.030091,4.46,5.4,498,-0.3265660916764861,18.007317073170732,91.76528712489257,2.302033295007448,5.058225286716121,4.969880280346981e-10,11.923507,10.763484,-4.586221,2.2865736,5.2525015
2462,27/5/2018,15:43:50,51.546219,-0.0301,5.04,5.4,500,-0.2869671038652477,18.014634146341464,91.25673435882818,2.3690356007939237,5.185682810238777,5.317932152421674e-10,13.481468,4.1544313,-1.7305465,3.5801237,10.016929
2463,27/5/2018,15:43:51,51.546207,-0.030106,4.89,5.4,498,-0.3265660916764861,18.0219512195122,89.44752208016183,2.4155371196884863,5.271492927259566,5.629577800231304e-10,11.8865385,10.796514,-4.6142454,2.3013887,5.262242
2464,27/5/2018,15:43:52,51.546196,-0.030113,3.94,5.4,501,-0.2671676099596285,18.02926829268293,86.02536867885931,2.436615718976505,5.305656311259794,5.896076277956763e-10,12.178171,3.7757163,-0.8409421,5.0429883,10.554443
2465,27/5/2018,15:43:52,51.546196,-0.030113,3.94,5.4,503,-0.2275686221483901,18.03658536585366,82.60321527755677,2.457694318264525,5.339819695260022,6.16257475568222e-10,13.218567,-1.73454,1.007461,8.264181,14.522966
2466,27/5/2018,15:43:53,51.546188,-0.030118,3.91,5.4,499,-0.3067665977708669,18.043902439024397,78.32690342896957,2.462028192621144,5.336192625570567,6.216744515854454e-10,15.08783,6.9337177,-3.7539976,5.0902824,8.916682
2467,27/5/2018,15:43:54,51.546177,-0.03012,3.0,5.4,500,-0.2869671038652477,18.05121951219512,71.7761464126224,2.421774369195464,5.231937487335665,5.70552734207868e-10,13.019111,2.2439058,-3.204416,4.8137035,10.445157
2468,27/5/2018,15:43:55,51.546162,-0.030122,5.0,5.4,503,-0.2275686221483901,18.058536585365854,65.22538939627205,2.3815205457697632,5.127682349100714,5.194310168302657e-10,13.543958,-3.2302258,1.8511336,9.112132,15.213629
2469,27/5/2018,15:43:56,51.54615,-0.030121,3.93,5.4,505,-0.1879696343371517,18.065853658536582,59.10645257045587,2.335465440806812,5.021279100238223,4.745061342651842e-10,10.102988,-7.216849,4.509696,12.984086,13.73511
2470,27/5/2018,15:43:57,51.546143,-0.030118,3.98,5.4,505,-0.1879696343371517,18.07317073170732,56.89027910552352,2.2369787230428315,4.895461364429412,4.855878497932524e-10,10.017388,-7.1729674,4.503539,13.025294,13.714897
2471,27/5/2018,15:43:58,51.546127,-0.030119,5.52,5.4,504,-0.2077691282427709,18.08048780487805,54.674105640591165,2.1384920052788514,4.769643628620602,4.966695653213206e-10,10.790441,-6.7228627,4.1006403,12.297572,14.394641
2472,27/5/2018,15:43:59,51.546116,-0.030118,3.69,5.4,503,-0.2275686221483901,18.087804878048782,52.45793217565881,2.040005287514871,4.643825892811791,5.077512808493888e-10,12.41967,-4.3163786,2.2318082,10.460416,14.594858
2473,27/5/2018,15:43:59,51.546116,-0.030118,3.69,5.7,504,-0.2077691282427709,18.095121951219515,55.39971246007116,2.120611917554081,4.71014221131782,4.769551160364338e-10,10.788383,-6.7430553,4.1239433,12.272736,14.419702
2474,27/5/2018,15:44:0,51.546104,-0.030118,4.98,5.7,501,-0.2671676099596285,18.102439024390247,58.752310670004576,2.215482878216356,4.791761519623943,4.428234843381651e-10,12.052971,1.7624714,-2.6227124,5.9615035,11.194544
2475,27/5/2018,15:44:1,51.546093,-0.03012,4.65,5.7,502,-0.2473681160540093,18.10975609756097,62.10490887993637,2.3103538388785845,4.873380827930027,4.0869185263991294e-10,11.4688,-2.609133,0.9720813,9.768282,13.360501
2476,27/5/2018,15:44:2,51.546082,-0.030121,3.52,5.7,502,-0.2473681160540093,18.117073170731707,64.11133085227569,2.3415252397719555,4.906096724068485,4.2436257116178623e-10,11.579926,-2.4856777,0.9057268,9.646171,13.422556
2477,27/5/2018,15:44:2,51.546082,-0.030121,3.52,5.5,503,-0.2275686221483901,18.12439024390244,65.67578532492234,2.3517832309821336,4.922756981874767,4.5638406129210205e-10,13.55168,-3.2117746,1.8437454,9.093312,15.23049
2478,27/5/2018,15:44:3,51.546059,-0.030126,3.94,5.5,500,-0.2869671038652477,18.13170731707317,67.240239797569,2.362041222192312,4.939417239681049,4.884055514224178e-10,13.078149,2.1737857,-3.266347,4.815111,10.484058
2479,27/5/2018,15:44:4,51.546051,-0.030124,4.63,5.5,501,-0.2671676099596285,18.139024390243904,68.06656971501147,2.3245373779571508,4.918853974999947,4.97399910993891e-10,11.892253,2.3053222,-1.9734188,5.8828883,11.263692
2480,27/5/2018,15:44:5,51.54604,-0.030125,4.07,5.5,503,-0.2275686221483901,18.14634146341464,68.35716717417657,2.25236788639382,4.871273794180088,4.896811275404047e-10,13.601382,-2.960675,1.708049,8.894374,15.144054
2481,27/5/2018,15:44:5,51.54604,-0.030125,4.07,6.9,504,-0.2077691282427709,18.153658536585368,68.64776463334165,2.18019839483049,4.823693613360229,4.819623440869184e-10,11.4197,-7.142584,4.2405767,11.810378,14.950684
2482,27/5/2018,15:44:6,51.546028,-0.030119,4.7,6.9,501,-0.2671676099596285,18.1609756097561,70.21005820501304,2.156981714504842,4.804052368172972,4.6474089324050923e-10,11.793491,2.4168758,-1.8975654,5.8700943,11.253192
2483,27/5/2018,15:44:7,51.546017,-0.030116,4.17,6.9,501,-0.2671676099596285,18.16829268292683,73.63255059501004,2.205371733863631,4.82527935757255,4.3361922639012516e-10,11.654499,2.89744,-1.403731,5.755218,11.158305
2484,27/5/2018,15:44:8,51.546013,-0.03011,4.2,6.9,500,-0.2869671038652477,18.17560975609756,77.05504298500871,2.253761753222444,4.846506346972139,4.024975595397259e-10,13.481774,2.5031886,-3.2166488,4.3535676,10.553686
2485,27/5/2018,15:44:8,51.546013,-0.03011,4.2,7.4,502,-0.2473681160540093,18.182926829268293,80.46038660952205,2.289153341902827,4.852899196633864,3.7085156359784336e-10,13.119209,-1.488426,0.72254974,8.068644,14.425626
2486,27/5/2018,15:44:9,51.545998,-0.030104,4.32,7.4,499,-0.3067665977708669,18.190243902439025,83.80916939348722,2.281672913608716,4.810365409967163,3.374762015296641e-10,15.3233185,7.1964364,-3.7262046,5.1620507,8.409366
2487,27/5/2018,15:44:10,51.54599,-0.030099,4.74,7.4,500,-0.2869671038652477,18.19756097560976,87.1579521774524,2.2741924853146043,4.767831623300464,3.041008394614849e-10,13.886029,3.7843835,-2.2605352,3.3442683,10.307424
2488,27/5/2018,15:44:11,51.545979,-0.0301,3.44,7.4,499,-0.3067665977708669,18.20487804878049,90.3655398560736,2.266558614906102,4.7280999106532535,2.7272172401491055e-10,15.5725565,7.735571,-3.4768143,5.0940585,7.8505816
2489,27/5/2018,15:44:12,51.545967,-0.030104,4.24,7.4,500,-0.2869671038652477,18.212195121951225,91.3316552373698,2.256488850931648,4.732851123065228,2.7303302368616465e-10,13.693048,4.399953,-1.7346231,3.3937974,9.890927
2490,27/5/2018,15:44:12,51.545967,-0.030104,4.24,7.4,501,-0.2671676099596285,18.21951219512195,92.29777061866554,2.2464190869571987,4.7376023354772,2.7334432335741865e-10,12.266609,4.4158974,-0.67223257,4.733689,10.061899
2491,27/5/2018,15:44:13,51.545952,-0.030103,4.61,7.4,498,-0.3265660916764861,18.226829268292683,93.26388599996172,2.2363493229827447,4.742353547889175,2.7365562302867274e-10,12.039597,10.650909,-4.4357944,2.200171,5.356532
2492,27/5/2018,15:44:14,51.54594,-0.030103,4.52,7.4,500,-0.2869671038652477,18.23414634146341,93.05696776872723,2.2227333152145565,4.702357146408022,2.467558670388057e-10,13.638449,4.5100327,-1.64257,3.4071538,9.812155
2493,27/5/2018,15:44:15,51.545929,-0.030105,4.74,7.4,500,-0.2869671038652477,18.241463414634147,92.69891636727785,2.2086604108483705,4.656595480679556,2.1635024978202476e-10,13.660756,4.4895444,-1.6556755,3.4071414,9.815263
2494,27/5/2018,15:44:16,51.545914,-0.030112,5.59,7.4,499,-0.3067665977708669,18.24878048780488,92.34086496582844,2.194587506482185,4.610833814951089,1.8594463252524384e-10,15.590536,7.8480577,-3.406293,5.066215,7.7250204
2495,27/5/2018,15:44:16,51.545914,-0.030112,5.59,8.4,501,-0.2671676099596285,18.25609756097561,91.75393497762148,2.201553453531458,4.577919405928146,1.6525441622861164e-10,12.224045,4.352251,-0.66696554,4.783819,10.11246
2496,27/5/2018,15:44:17,51.545902,-0.030108,3.8,8.4,500,-0.2869671038652477,18.263414634146343,91.07463769214893,2.217009936416121,4.550189695028245,1.4848499191716918e-10,13.76675,4.4163127,-1.7813237,3.3546896,9.902093
2497,27/5/2018,15:44:18,51.545891,-0.030106,4.33,8.4,499,-0.3067665977708669,18.27073170731708,90.39534040667635,2.2324664193007844,4.522459984128345,1.3171556760572678e-10,15.5703125,7.759763,-3.4461672,5.0809064,7.7937217
2498,27/5/2018,15:44:19,51.545879,-0.030103,4.48,8.4,500,-0.2869671038652477,18.278048780487804,88.905880957115,2.224690993883237,4.504779479172391,1.280706959449857e-10,13.885628,4.0321264,-2.0188987,3.2863507,10.062415
2499,27/5/2018,15:44:20,51.545868,-0.030103,3.83,8.4,500,-0.2869671038652477,18.285365853658536,86.72371695390538,2.197051830828727,4.495691242562766,1.3564757443341635e-10,13.9691305,3.831311,-2.2498875,3.2359097,10.235295
2500,27/5/2018,15:44:21,51.545856,-0.0301,3.85,8.4,500,-0.2869671038652477,18.29268292682927,84.54155295069575,2.1694126677742163,4.486603005953142,1.4322445292184694e-10,13.996474,3.7183986,-2.341932,3.2372205,10.294211
2501,27/5/2018,15:44:21,51.545856,-0.0301,3.85,8.1,502,-0.2473681160540093,18.3,83.08418513834471,2.147738095474341,4.483656177696716,1.5812457652932437e-10,13.313167,-1.2946163,0.6759027,7.8200707,14.480431
2502,27/5/2018,15:44:22,51.545845,-0.030099,3.82,8.1,501,-0.2671676099596285,18.307317073170733,82.88404957768388,2.136409708708332,4.49136224297067,1.8572760899148567e-10,11.879199,3.8635652,-0.68758625,5.236734,10.591046
2503,27/5/2018,15:44:22,51.545845,-0.030099,3.82,7.8,502,-0.2473681160540093,18.314634146341465,82.68391401702307,2.125081321942321,4.499068308244624,2.1333064145364707e-10,13.285287,-1.3194172,0.66543454,7.7932487,14.498919
2504,27/5/2018,15:44:23,51.545841,-0.030084,2.59,7.8,500,-0.2869671038652477,18.3219512195122,83.12653001052644,2.1225225394726897,4.504496419303631,2.2964670305010511e-10,13.984364,3.657326,-2.3700562,3.2715492,10.329373
2505,27/5/2018,15:44:24,51.54583,-0.030082,4.11,7.8,499,-0.3067665977708669,18.32926829268293,86.2690057162115,2.1568002316536017,4.50035604815317,1.9855216296780612e-10,15.342106,7.300791,-3.7086966,5.183472,8.311507
2506,27/5/2018,15:44:25,51.545818,-0.030078,4.43,7.8,500,-0.2869671038652477,18.336585365853654,89.41148142189502,2.1910779238344973,4.496215677002712,1.6745762288552227e-10,13.8700075,4.07865,-2.000854,3.27817,10.046121
2507,27/5/2018,15:44:26,51.545807,-0.030077,4.69,7.8,500,-0.2869671038652477,18.34390243902439,92.53714716398152,2.224581399835885,4.492455677765975,1.3706300240710255e-10,13.704659,4.486822,-1.7330681,3.3576052,9.849126
2508,27/5/2018,15:44:27,51.545795,-0.030072,4.41,7.8,499,-0.3067665977708669,18.35121951219512,94.79003959603436,2.2178875717965147,4.508444588289697,1.4300820776194022e-10,15.567852,8.214657,-3.202398,4.983246,7.415759
2509,27/5/2018,15:44:27,51.545795,-0.030072,4.41,7.8,500,-0.2869671038652477,18.35853658536585,97.0429320280872,2.2111937437571445,4.524433498813419,1.4895341311677786e-10,13.300311,4.9439516,-1.222875,3.585526,9.488978
2510,27/5/2018,15:44:28,51.54578,-0.030068,5.07,7.8,498,-0.3265660916764861,18.365853658536587,99.29582446014004,2.2044999157177747,4.5404224093371415,1.548986184716155e-10,12.4433565,10.49634,-3.9590673,2.24155,5.472921
2511,27/5/2018,15:44:29,51.545769,-0.030067,5.07,7.8,499,-0.3067665977708669,18.37317073170732,100.84154617495662,2.2036531582149075,4.540819844202126,1.5827169897800958e-10,15.440961,8.841517,-2.830633,4.750429,6.9083095
2512,27/5/2018,15:44:29,51.545769,-0.030067,5.07,7.6,500,-0.2869671038652477,18.38048780487805,102.25804770865118,2.203874826617334,4.538368273502433,1.6117477919920603e-10,13.015803,5.246524,-1.0091798,3.7879145,9.2803755
2513,27/5/2018,15:44:30,51.545753,-0.030069,5.32,7.6,498,-0.3265660916764861,18.387804878048783,103.67454924234572,2.204096495019761,4.535916702802741,1.6407785942040255e-10,12.813918,10.44931,-3.5928798,2.3448036,5.451302
2514,27/5/2018,15:44:30,51.545753,-0.030069,5.32,7.9,499,-0.3067665977708669,18.39512195121951,103.9090793350848,2.204910851463786,4.517343474071591,1.4930761416225807e-10,15.372832,9.030232,-2.689163,4.6297617,6.735788
2515,27/5/2018,15:44:31,51.545742,-0.030074,4.57,7.9,498,-0.3265660916764861,18.402439024390244,103.56697963577945,2.2060143532884298,4.490905225936424,1.2591536193949217e-10,12.799715,10.450937,-3.5864713,2.3433084,5.4556084
2516,27/5/2018,15:44:31,51.545742,-0.030074,4.57,7.6,499,-0.3067665977708669,18.409756097560976,103.22487993647408,2.207117855113073,4.464466977801257,1.0252310971672623e-10,15.402431,8.970879,-2.737434,4.674696,6.791963
2517,27/5/2018,15:44:32,51.545727,-0.030078,5.07,7.6,499,-0.3067665977708669,18.417073170731708,102.63077477202164,2.19776500276312,4.452397573162117,1.046682024066838e-10,15.426477,8.946578,-2.7780302,4.7127566,6.8367
2518,27/5/2018,15:44:32,51.545727,-0.030078,5.07,7.9,500,-0.2869671038652477,18.42439024390244,101.78336553893423,2.177901913843621,4.454771055771474,1.3248223590613352e-10,13.040713,5.219281,-1.0148048,3.7822134,9.281122
2519,27/5/2018,15:44:33,51.545715,-0.030081,4.39,7.9,499,-0.3067665977708669,18.43170731707317,100.93595630584682,2.158038824924122,4.45714453838083,1.6029626940558324e-10,15.418506,8.887221,-2.805521,4.731452,6.876572
2520,27/5/2018,15:44:33,51.545715,-0.030081,4.39,8.1,500,-0.2869671038652477,18.439024390243905,100.37095829917163,2.15438797727426,4.478115642156983,1.8140171381449612e-10,13.085756,5.154651,-1.0314115,3.7617402,9.303718
2521,27/5/2018,15:44:34,51.545704,-0.030085,4.48,8.1,498,-0.3265660916764861,18.44634146341464,100.39164863054346,2.1843594496924035,4.537656069012772,1.8859431755842278e-10,12.483998,10.4882145,-3.8646657,2.2612605,5.4715815
2522,27/5/2018,15:44:35,51.545692,-0.030088,4.54,8.1,498,-0.3265660916764861,18.453658536585365,100.41233896191528,2.2143309221105327,4.597196495868531,1.95786921302346e-10,12.499052,10.480529,-3.8697515,2.2707856,5.4740744
2523,27/5/2018,15:44:36,51.545681,-0.03009,4.57,8.1,500,-0.2869671038652477,18.460975609756098,100.25992154057433,2.244056411910233,4.65284328918623,2.04544273767889e-10,13.087845,5.1669164,-1.0688267,3.7205997,9.333123
2524,27/5/2018,15:44:36,51.545681,-0.03009,4.57,8.1,501,-0.2671676099596285,18.46829268292683,99.14120114140378,2.2724088047054862,4.686755471410714,2.220361937242455e-10,12.457061,4.6331897,-0.7141843,4.544178,9.873034
2525,27/5/2018,15:44:37,51.54567,-0.030093,4.28,8.1,498,-0.3265660916764861,18.47560975609756,98.02248074223328,2.30076119750074,4.720667653635196,2.3952811368060197e-10,12.340858,10.537309,-4.1002645,2.2142687,5.427887
2526,27/5/2018,15:44:38,51.545658,-0.030097,4.82,8.1,498,-0.3265660916764861,18.48292682926829,96.90376034306276,2.3291135902959925,4.75457983585968,2.5702003363695846e-10,12.248211,10.575972,-4.222937,2.2034318,5.3890424
2527,27/5/2018,15:44:39,51.545647,-0.030096,4.74,8.1,500,-0.2869671038652477,18.490243902439023,93.56771331371216,2.271508162903588,4.731162679609255,2.5372857820012353e-10,13.574574,4.5693636,-1.574238,3.4480228,9.769686
2528,27/5/2018,15:44:40,51.545635,-0.030091,3.52,8.1,500,-0.2869671038652477,18.49756097560976,90.18302417382858,2.212017054920045,4.706487873727549,2.4998119208110404e-10,13.73336,4.3594184,-1.7885472,3.366614,9.916622
2529,27/5/2018,15:44:40,51.545635,-0.030091,3.52,8.1,502,-0.2473681160540093,18.50487804878049,86.79833503394501,2.152525946936503,4.681813067845843,2.462338059620845e-10,13.450853,-1.1401752,0.79404134,7.610761,14.421087
2530,27/5/2018,15:44:41,51.545624,-0.03009,4.52,8.1,500,-0.2869671038652477,18.51219512195122,84.53645865946307,2.1654785714254787,4.683329784106562,2.5799862845026977e-10,13.9677,3.685875,-2.333064,3.3014004,10.321908
2531,27/5/2018,15:44:41,51.545624,-0.03009,4.52,7.9,502,-0.2473681160540093,18.51951219512195,82.54632574247154,2.195964048178258,4.691185379834342,2.7351771997613877e-10,13.2877655,-1.3299582,0.70716524,7.826268,14.484913
2532,27/5/2018,15:44:42,51.545609,-0.030097,4.52,7.9,500,-0.2869671038652477,18.526829268292683,80.55619282548,2.226449524931037,4.699040975562121,2.8903681150200776e-10,13.802914,2.9989908,-2.8708186,3.7155268,10.538304
2533,27/5/2018,15:44:43,51.545597,-0.030097,4.56,7.9,500,-0.2869671038652477,18.534146341463416,79.8353916461148,2.215976579624064,4.672598547683849,2.886422393047436e-10,13.796858,2.9760816,-2.889608,3.7308018,10.545336
2534,27/5/2018,15:44:44,51.545589,-0.030097,4.0,7.9,501,-0.2671676099596285,18.541463414634148,79.8545024344107,2.181628373216949,4.626163302025178,2.7897136061560873e-10,11.701959,3.572069,-0.78038347,5.4383965,10.819734
2535,27/5/2018,15:44:45,51.545578,-0.030099,4.72,7.9,502,-0.2473681160540093,18.54878048780488,79.87361322270662,2.147280166809834,4.579728056366508,2.693004819264739e-10,13.116968,-1.4494661,0.6281291,7.982486,14.419371
2536,27/5/2018,15:44:45,51.545578,-0.030099,4.72,6.1,502,-0.2473681160540093,18.55609756097561,80.64865909843995,2.1521601882026893,4.575274300300323,2.61245965123734e-10,13.243931,-1.350769,0.6574093,7.919212,14.459119
2537,27/5/2018,15:44:46,51.545567,-0.030101,4.39,6.1,499,-0.3067665977708669,18.563414634146344,82.31701480869918,2.2033973138854512,4.620431255714864,2.5510154879557876e-10,15.281449,7.1439176,-3.7839432,5.2023764,8.498617
2538,27/5/2018,15:44:47,51.545555,-0.030102,4.39,6.1,500,-0.2869671038652477,18.570731707317076,83.98537051895761,2.2546344395681888,4.665588211129383,2.489571324674266e-10,13.962319,3.6651726,-2.3717656,3.3051205,10.349431
2539,27/5/2018,15:44:48,51.545544,-0.030105,4.3,6.1,500,-0.2869671038652477,18.578048780487805,85.37323258235685,2.2833500283363346,4.690285539484222,2.4102208497834073e-10,13.914727,3.7181,-2.3086958,3.318879,10.332297
2540,27/5/2018,15:44:48,51.545544,-0.030105,4.3,5.6,501,-0.2671676099596285,18.585365853658537,86.05725647618137,2.255552688931444,4.663643856702496,2.2859383569020695e-10,12.050918,4.029222,-0.6650089,5.057619,10.403733
2541,27/5/2018,15:44:49,51.545536,-0.030104,3.74,5.6,499,-0.3067665977708669,18.59268292682927,86.74128037000588,2.2277553495265527,4.637002173920771,2.1616558640207322e-10,15.385293,7.318131,-3.69641,5.1752543,8.299219
2542,27/5/2018,15:44:50,51.545528,-0.030105,4.48,5.6,501,-0.2671676099596285,18.6,87.22356244921652,2.204217578928319,4.612962112951647,2.032085233047901e-10,12.075941,4.1065927,-0.65571266,5.0245094,10.360524
2543,27/5/2018,15:44:51,51.545517,-0.030107,4.15,5.6,500,-0.2869671038652477,18.607317073170734,86.09929080961652,2.2146005209000723,4.609639845197451,1.8604029658100101e-10,13.985704,3.7346518,-2.3145967,3.2726877,10.309611
2544,27/5/2018,15:44:52,51.545509,-0.030104,2.89,5.6,500,-0.2869671038652477,18.614634146341466,84.97501917001652,2.2249834628718257,4.606317577443256,1.6887206985721182e-10,13.972309,3.7253928,-2.329942,3.2709074,10.320901
2545,27/5/2018,15:44:53,51.545509,-0.030093,2.7,5.6,500,-0.2869671038652477,18.6219512195122,83.85074753041653,2.235366404843579,4.602995309689059,1.517038431334227e-10,13.958091,3.6626244,-2.3736088,3.3027842,10.348257
2546,27/5/2018,15:44:53,51.545509,-0.030093,2.7,4.4,502,-0.2473681160540093,18.629268292682926,81.58217938571485,2.2187368405685417,4.619549152631147,1.7548041402079242e-10,13.291022,-1.328207,0.6767252,7.908551,14.480474
2547,27/5/2018,15:44:54,51.545513,-0.030085,3.06,4.4,500,-0.2869671038652477,18.63658536585366,79.23819756544235,2.2003270450568047,4.637412910055158,2.019554093720673e-10,13.769735,2.929646,-2.9141436,3.7691221,10.548455
2548,27/5/2018,15:44:55,51.545513,-0.030081,0.63,4.4,501,-0.2671676099596285,18.64390243902439,76.89421574516983,2.181917249545068,4.655276667479168,2.2843040472334223e-10,11.622862,3.2237298,-1.0699031,5.646798,11.049087
2549,27/5/2018,15:44:56,51.545513,-0.030093,3.72,4.4,502,-0.2473681160540093,18.651219512195123,75.17378349929297,2.2024579280843115,4.692844707789581,2.510936508535779e-10,12.818955,-1.5544697,0.5677128,8.33625,14.206336
2550,27/5/2018,15:44:56,51.545513,-0.030093,3.72,3.0,503,-0.2275686221483901,18.65853658536585,73.6451368113839,2.2349786298738623,4.736473207513165,2.7258451473674197e-10,13.5818815,-2.6886582,1.5330917,8.685,14.99609
2551,27/5/2018,15:44:57,51.545513,-0.030097,1.04,3.0,500,-0.2869671038652477,18.665853658536587,72.11649012347486,2.2674993316634127,4.780101707236749,2.940753786199061e-10,13.225511,2.31107,-3.262225,4.6443815,10.505806
2552,27/5/2018,15:44:58,51.545513,-0.030092,0.63,3.0,501,-0.2671676099596285,18.67317073170732,70.52865720958175,2.275578550419227,4.811484476258623,3.0928702729632587e-10,11.816435,2.4043806,-1.9125543,5.894053,11.280909
2553,27/5/2018,15:44:59,51.545513,-0.030091,0.81,3.0,502,-0.2473681160540093,18.68048780487805,68.89992951837918,2.2667699039807494,4.834406046383088,3.2016004644723474e-10,12.1031685,-2.031767,0.65555114,8.969112,13.799037
2554,27/5/2018,15:45:0,51.545513,-0.03009,0.83,3.0,502,-0.2473681160540093,18.68780487804878,67.2712018271774,2.2579612575422763,4.857327616507543,3.310330655981384e-10,12.001506,-2.1058176,0.70376366,9.112168,13.69271
2555,27/5/2018,15:45:0,51.545513,-0.03009,0.83,4.3,504,-0.2077691282427709,18.695121951219512,64.99899888220389,2.2906951518619265,4.983672604708007,3.824594177058501e-10,11.321973,-7.124763,4.2723002,11.9184065,14.858703
2556,27/5/2018,15:45:1,51.545513,-0.030088,0.48,4.3,501,-0.2671676099596285,18.702439024390245,61.83081773577662,2.381273090275207,5.254024883900457,4.903524359559808e-10,12.158153,1.6484927,-2.7334611,5.8850317,11.107805
2557,27/5/2018,15:45:1,51.545513,-0.030088,0.48,4.5,502,-0.2473681160540093,18.709756097560977,58.66263658934935,2.471851028688488,5.524377163092908,5.982454542061112e-10,11.035188,-3.3328638,1.5183913,10.463686,13.195594
2558,27/5/2018,15:45:2,51.545506,-0.030088,2.22,4.5,502,-0.2473681160540093,18.71707317073171,55.7504586119472,2.511884049937603,5.729274469384534,6.953390790988659e-10,10.984233,-3.433533,1.5900421,10.53728,13.197608
2559,27/5/2018,15:45:3,51.545498,-0.030088,1.63,4.5,507,-0.1483706465259133,18.72439024390244,53.62891588523542,2.395815123678045,5.732021899542029,7.59080065792149e-10,9.478694,-7.394142,4.7955127,13.221457,13.295267
2560,27/5/2018,15:45:4,51.545486,-0.030088,3.96,4.5,504,-0.2077691282427709,18.731707317073173,51.50737315852365,2.2797461974184867,5.734769329699523,8.228210524854325e-10,10.66727,-6.5337596,3.9988422,12.238317,14.178198
2561,27/5/2018,15:45:4,51.545486,-0.030088,3.96,7.4,505,-0.1879696343371517,18.7390243902439,49.72304087241276,2.1743181758087715,5.7173664644515885,8.69310763095352e-10,9.671591,-6.802092,4.181924,13.133843,13.290109
2562,27/5/2018,15:45:5,51.545471,-0.03009,3.82,7.4,502,-0.2473681160540093,18.746341463414637,52.33747917450074,2.207696349885161,5.437111338119281,6.907647194466564e-10,10.999509,-3.4258885,1.6048954,10.554597,13.202589
2563,27/5/2018,15:45:6,51.545456,-0.03009,4.22,7.4,503,-0.2275686221483901,18.75365853658537,54.951917476588726,2.241074523961551,5.156856211786973,5.122186757979612e-10,12.27414,-4.2852664,2.256299,10.645461,14.36377
2564,27/5/2018,15:45:6,51.545456,-0.03009,4.22,86.0,503,-0.2275686221483901,18.7609756097561,57.56635577867671,2.2744526980379405,4.876601085454665,3.336726321492657e-10,12.532772,-4.2733417,2.185999,10.419272,14.640144
2565,27/5/2018,15:45:7,51.545448,-0.030083,4.32,86.0,502,-0.2473681160540093,18.76829268292683,60.72495099229817,2.3025512225534555,4.847240041214422,3.147838408477918e-10,11.404351,-2.689562,1.0325035,9.869111,13.311913
2566,27/5/2018,15:45:7,51.545448,-0.030083,4.32,8.6,503,-0.2275686221483901,18.775609756097563,63.9454842547825,2.3300487968916426,4.846436733881781,3.140678568517104e-10,13.549921,-3.2588906,1.8523327,9.109823,15.237598
2567,27/5/2018,15:45:8,51.545433,-0.030077,4.07,8.6,500,-0.2869671038652477,18.78292682926829,67.16601751726684,2.357546371229829,4.8456334265491385,3.1335187285562886e-10,13.058613,2.179151,-3.2891,4.828608,10.50132
2568,27/5/2018,15:45:9,51.545425,-0.030075,4.43,8.6,501,-0.2671676099596285,18.790243902439027,68.2612927337973,2.3294573229703053,4.787954746900694,2.893290992544735e-10,11.858029,2.3114877,-2.0061378,5.8987975,11.266587
2569,27/5/2018,15:45:10,51.54541,-0.030064,4.82,8.6,502,-0.2473681160540093,18.797560975609755,68.54806515029286,2.2802216943695197,4.70863921338511,2.564398236813033e-10,12.111846,-2.0132291,0.63899225,8.957514,13.797765
2570,27/5/2018,15:45:11,51.545395,-0.030063,3.89,8.6,502,-0.2473681160540093,18.804878048780488,68.83483756678854,2.2309860657687097,4.629323679869488,2.2355054810811718e-10,12.116754,-1.9974391,0.60515547,8.940772,13.807584
2571,27/5/2018,15:45:11,51.545395,-0.030063,3.89,11.2,503,-0.2275686221483901,18.81219512195122,68.2950245378223,2.219197983518709,4.633132814967585,2.3134645480887822e-10,13.614084,-2.9418674,1.6943165,8.872745,15.140045
2572,27/5/2018,15:45:12,51.545387,-0.030063,4.09,11.2,501,-0.2671676099596285,18.819512195121952,67.08169744218273,2.2379227168138414,4.704673161528774,2.7229325076992296e-10,11.874717,2.2567577,-2.0954285,5.939801,11.279092
2573,27/5/2018,15:45:13,51.545376,-0.030063,4.24,11.2,501,-0.2671676099596285,18.826829268292684,65.86837034654317,2.2566474501089733,4.776213508089962,3.1324004673096765e-10,11.880613,2.1775281,-2.1579196,5.9453864,11.274611
2574,27/5/2018,15:45:14,51.545364,-0.030062,4.2,11.2,503,-0.2275686221483901,18.834146341463416,64.9681598882122,2.262131442573943,4.853788268305077,3.599315822338076e-10,13.56024,-3.231822,1.8035179,9.053601,15.271252
2575,27/5/2018,15:45:14,51.545364,-0.030062,4.2,11.5,504,-0.2077691282427709,18.84146341463415,64.58400275085745,2.2457931251919363,4.941308457268466,4.160911292232591e-10,11.2683735,-7.0891237,4.2744083,11.915418,14.865661
2576,27/5/2018,15:45:15,51.545349,-0.030057,4.65,11.5,501,-0.2671676099596285,18.84878048780488,64.19984561350272,2.2294548078099297,5.028828646231855,4.722506762127106e-10,11.956301,1.9652815,-2.458484,5.956166,11.225208
2577,27/5/2018,15:45:16,51.545338,-0.030056,4.11,11.5,503,-0.2275686221483901,18.85609756097561,64.15342676257946,2.214802327199846,5.090118548615066,5.028773056303124e-10,13.547198,-3.2359073,1.8320812,9.092336,15.204254
2578,27/5/2018,15:45:17,51.54533,-0.030053,2.82,11.5,501,-0.2671676099596285,18.86341463414634,65.42296227122225,2.2067184955663333,5.049205469090245,4.3401816295464287e-10,11.922087,2.0579045,-2.3173904,5.9431515,11.244485
2579,27/5/2018,15:45:17,51.54533,-0.030053,2.82,13.5,503,-0.2275686221483901,18.870731707317077,66.69249777986504,2.1986346639328205,5.008292389565423,3.651590202789735e-10,13.566293,-3.1500123,1.8050274,9.039935,15.178161
2580,27/5/2018,15:45:18,51.545319,-0.030052,4.13,13.5,501,-0.2671676099596285,18.87804878048781,68.0037367736419,2.1916412086411063,4.9664809534521694,2.985757658115e-10,11.864882,2.305781,-2.0105822,5.900253,11.2717705
2581,27/5/2018,15:45:18,51.545319,-0.030052,4.13,13.2,503,-0.2275686221483901,18.885365853658534,70.62556911641515,2.218914433385131,4.896437340434707,3.0351564518119794e-10,13.601314,-2.811907,1.6112748,8.769624,15.071583
2582,27/5/2018,15:45:19,51.545307,-0.030049,4.09,13.2,501,-0.2671676099596285,18.89268292682927,73.24740145918841,2.246187658129156,4.826393727417245,3.084555245508959e-10,11.663608,2.8176537,-1.4358002,5.761509,11.164409
2583,27/5/2018,15:45:20,51.545292,-0.030045,4.72,13.2,500,-0.2869671038652477,18.9,75.86923380196167,2.2734608828731804,4.756350114399782,3.133954039205938e-10,13.431478,2.453342,-3.2269044,4.3836856,10.547516
2584,27/5/2018,15:45:21,51.545277,-0.030043,5.26,13.2,500,-0.2869671038652477,18.90731707317073,77.57378755255505,2.2760907885589736,4.716246990475722,2.9916037447717087e-10,13.493586,2.5202973,-3.1601179,4.2473283,10.56374
2585,27/5/2018,15:45:21,51.545277,-0.030043,5.26,12.8,502,-0.2473681160540093,18.914634146341463,79.12583888558358,2.2746236121093912,4.681121631222872,2.8173741502481264e-10,13.097884,-1.4723023,0.68118,8.060303,14.413057
2586,27/5/2018,15:45:22,51.545261,-0.030043,5.56,12.8,500,-0.2869671038652477,18.921951219512195,80.67789021861284,2.273156435659808,4.645996271970005,2.643144555724459e-10,13.809536,3.0186636,-2.8506234,3.6973991,10.529833
2587,27/5/2018,15:45:23,51.545246,-0.030054,6.11,12.8,500,-0.2869671038652477,18.929268292682927,80.21431875555959,2.2624308646202977,4.600684252315074,2.305244532913552e-10,13.791316,2.967969,-2.8871424,3.7309198,10.543736
2588,27/5/2018,15:45:24,51.545231,-0.030053,5.39,12.8,501,-0.2671676099596285,18.93658536585366,78.81977455354301,2.247429040609973,4.55066723371201,1.8917486658772212e-10,11.645597,3.4586885,-0.9003825,5.5404735,10.9373665
2589,27/5/2018,15:45:25,51.5452,-0.030078,5.8,12.8,501,-0.2671676099596285,18.94390243902439,77.42523035152644,2.2324272165996493,4.500650215108947,1.4782527988408903e-10,11.624847,3.365629,-0.94836825,5.581529,10.981266
2590,27/5/2018,15:45:25,51.5452,-0.030078,5.8,15.6,502,-0.2473681160540093,18.951219512195124,75.26285157043722,2.215834072740197,4.489291578737609,1.4839206899886655e-10,12.757694,-1.5796902,0.5646891,8.34659,14.202368
2591,27/5/2018,15:45:26,51.545162,-0.030119,8.2,15.6,501,-0.2671676099596285,18.958536585365856,72.36468814386029,2.1977160317961904,4.514977697630942,1.8912561611369075e-10,11.64289,2.7447572,-1.4647063,5.7842174,11.181664
2592,27/5/2018,15:45:27,51.545143,-0.030134,5.52,15.6,501,-0.2671676099596285,18.965853658536588,69.46652471728336,2.179597990852184,4.540663816524276,2.298591632285149e-10,11.76841,2.4843524,-1.8052349,5.886354,11.26049
2593,27/5/2018,15:45:28,51.545128,-0.030143,4.87,15.6,503,-0.2275686221483901,18.97317073170732,67.61535273746746,2.1652530264205287,4.56108833795831,2.6515691621568977e-10,13.608969,-3.0120504,1.7106336,8.894515,15.15799
2594,27/5/2018,15:45:28,51.545128,-0.030143,4.87,19.9,504,-0.2077691282427709,18.98048780487805,67.82155884039113,2.158322301087974,4.571173619920588,2.897731266410143e-10,11.390122,-7.131927,4.2422876,11.816911,14.95251
2595,27/5/2018,15:45:29,51.545116,-0.030145,4.32,19.9,502,-0.2473681160540093,18.98780487804878,68.0277649433148,2.15139157575542,4.581258901882865,3.143893370663388e-10,12.09424,-1.9766378,0.58810806,8.962305,13.788119
2596,27/5/2018,15:45:29,51.545116,-0.030145,4.32,20.0,502,-0.2473681160540093,18.995121951219517,68.58658322473929,2.157993781135689,4.601885789374729,3.3395381786189267e-10,12.100063,-2.0062711,0.60237586,8.952284,13.79451
2597,27/5/2018,15:45:30,51.545105,-0.030151,4.76,20.0,500,-0.2869671038652477,19.002439024390245,70.94456936528111,2.233646392210092,4.676300149361061,3.2774236085099526e-10,13.176044,2.266376,-3.2696865,4.689168,10.503265
2598,27/5/2018,15:45:31,51.545094,-0.030158,5.09,20.0,500,-0.2869671038652477,19.009756097560977,73.30255550582294,2.3092990032844947,4.750714509347392,3.2153090384009775e-10,13.268039,2.3424833,-3.2573502,4.6229835,10.507496
2599,27/5/2018,15:45:32,51.545078,-0.030176,4.15,20.0,501,-0.2671676099596285,19.01707317073171,75.66054164636478,2.3849516143588976,4.825128869333724,3.153194468292004e-10,11.683488,3.0599167,-1.2619094,5.6795244,11.090193
2600,27/5/2018,15:45:32,51.545078,-0.030176,4.15,21.5,503,-0.2275686221483901,19.02439024390244,73.87007437682672,2.372839300228867,4.849425926318793,3.3312471697334683e-10,13.570447,-2.686412,1.5165745,8.672623,14.979481
2601,27/5/2018,15:45:33,51.545067,-0.030183,4.78,21.5,500,-0.2869671038652477,19.03170731707317,72.03971813219356,2.359883092587281,4.87324108615962,3.5116091718627765e-10,13.192672,2.2976356,-3.239714,4.709957,10.479955
2602,27/5/2018,15:45:34,51.545048,-0.030191,5.33,21.5,501,-0.2671676099596285,19.039024390243902,70.20936188755951,2.346926884945689,4.897056246000458,3.6919711739921725e-10,11.85229,2.3769758,-1.9165337,5.878555,11.268606
2603,27/5/2018,15:45:35,51.545033,-0.030189,4.85,21.5,502,-0.2473681160540093,19.046341463414635,67.87391086213454,2.258415737725584,4.837666835989958,3.891596796001228e-10,12.02866,-2.0772548,0.6704175,9.042758,13.742975
2604,27/5/2018,15:45:35,51.545033,-0.030189,4.85,23.0,504,-0.2077691282427709,19.053658536585367,65.42538588948356,2.1529903487127067,4.759650686012751,4.0955349027566966e-10,11.345598,-7.125413,4.2631993,11.872856,14.909787
2605,27/5/2018,15:45:36,51.545017,-0.030196,4.02,23.0,503,-0.2275686221483901,19.0609756097561,62.976860916832585,2.0475649596998293,4.681634536035544,4.2994730095121647e-10,13.571391,-3.2454891,1.8581817,9.124604,15.21745
2606,27/5/2018,15:45:36,51.545017,-0.030196,4.02,23.5,504,-0.2077691282427709,19.06829268292683,64.05530519747174,2.0668186807444213,4.709823270058673,4.3293301636537654e-10,11.317193,-7.117705,4.286586,11.925497,14.8665285
2607,27/5/2018,15:45:37,51.545002,-0.030206,5.76,23.5,501,-0.2671676099596285,19.075609756097563,67.08609013804632,2.1550880575911417,4.79680132103549,4.2628254565199086e-10,11.861151,2.2633002,-2.1132398,5.936413,11.270818
2608,27/5/2018,15:45:38,51.544979,-0.030216,5.48,23.5,501,-0.2671676099596285,19.082926829268292,70.1168750786209,2.243357434437862,4.883779372012307,4.1963207493860517e-10,11.832775,2.3717208,-1.9189062,5.88101,11.268584
2609,27/5/2018,15:45:38,51.544979,-0.030216,5.48,40.0,502,-0.2473681160540093,19.090243902439024,73.52070683676997,2.3069390364453857,4.931591520241626,4.1305172462654617e-10,12.632313,-1.7680464,0.73256725,8.54016,14.172416
2610,27/5/2018,15:45:39,51.544956,-0.03022,5.91,40.0,499,-0.3067665977708669,19.09756097560976,77.34471090247011,2.342714157245483,4.935290096234679,4.0655035274143285e-10,15.095105,6.939436,-3.76509,5.099846,8.886037
2611,27/5/2018,15:45:39,51.544956,-0.03022,5.91,23.0,501,-0.2671676099596285,19.10487804878049,81.16871496817026,2.3784892780455795,4.938988672227733,4.000489808563195e-10,12.000447,3.6635134,-0.84302753,5.248267,10.702909
2612,27/5/2018,15:45:40,51.544937,-0.030222,6.54,23.0,499,-0.3067665977708669,19.11219512195122,83.59746246657699,2.383833298416852,4.924062726413661,3.965008572518718e-10,15.24367,7.110614,-3.7638052,5.1710005,8.50452
2613,27/5/2018,15:45:41,51.54493,-0.030214,5.41,23.0,500,-0.2869671038652477,19.119512195121956,82.72206623052661,2.317112630349076,4.865031561187757,3.999463984912934e-10,13.8379545,3.5520303,-2.4307604,3.4455366,10.382311
2614,27/5/2018,15:45:42,51.544926,-0.030205,3.89,23.0,501,-0.2671676099596285,19.126829268292685,81.84666999447622,2.2503919622813,4.806000395961852,4.033919397307149e-10,11.95622,3.7453957,-0.774444,5.268581,10.678179
2615,27/5/2018,15:45:42,51.544926,-0.030205,3.89,17.3,503,-0.2275686221483901,19.134146341463417,81.0221879511344,2.191823489790273,4.751484457652602,4.019917137589529e-10,13.359505,-1.7706777,0.9927032,8.091948,14.592658
2616,27/5/2018,15:45:43,51.544941,-0.030159,3.33,17.3,500,-0.2869671038652477,19.14146341463415,80.55902841614501,2.1911086647336884,4.729011708649012,3.662025547511984e-10,13.802596,3.0040321,-2.867108,3.712598,10.5366745
2617,27/5/2018,15:45:44,51.544956,-0.030113,3.09,17.3,500,-0.2869671038652477,19.14878048780488,80.09586888115585,2.1903938396771028,4.7065389596454335,3.3041339574346117e-10,13.8087015,3.0025575,-2.888891,3.727426,10.555045
2618,27/5/2018,15:45:45,51.544956,-0.030097,3.26,17.3,501,-0.2671676099596285,19.15609756097561,79.63270934616646,2.189679014620517,4.684066210641844,2.946242367357065e-10,11.732357,3.5773287,-0.83420646,5.475627,10.86555
2619,27/5/2018,15:45:46,51.544964,-0.030069,3.93,17.3,502,-0.2473681160540093,19.163414634146346,81.46484450596162,2.2252425095079835,4.769943985043656,3.3346882514840796e-10,13.252656,-1.3723468,0.7082303,7.8991103,14.474672
2620,27/5/2018,15:45:47,51.544964,-0.030051,3.46,17.3,501,-0.2671676099596285,19.170731707317078,83.41749633230864,2.262710832650268,4.861510808407085,3.7623213060943646e-10,12.022634,3.7890303,-0.77761704,5.182731,10.616169
2621,27/5/2018,15:45:48,51.544964,-0.030038,3.78,17.3,498,-0.3265660916764861,19.178048780487806,85.37014815865567,2.3001791557925517,4.953077631770514,4.1899543607046496e-10,11.862035,10.798002,-4.6307187,2.3542078,5.317171
2622,27/5/2018,15:45:48,51.544964,-0.030038,3.78,13.3,501,-0.2671676099596285,19.18536585365854,85.58171096734874,2.316850208122578,4.941147046956607,3.9044592460198744e-10,12.070727,3.8230948,-0.7614914,5.0888977,10.528726
2623,27/5/2018,15:45:49,51.544956,-0.03003,4.0,13.3,499,-0.3067665977708669,19.19268292682927,85.2927699848645,2.327542753448005,4.899464482407868,3.4139640717698287e-10,15.344165,7.2451115,-3.7407658,5.176674,8.381983
2624,27/5/2018,15:45:50,51.544949,-0.030037,3.87,13.3,500,-0.2869671038652477,19.200000000000003,85.00382900238029,2.338235298773432,4.857781917859128,2.923468897519783e-10,13.873032,3.719221,-2.2773836,3.3877726,10.325539
2625,27/5/2018,15:45:51,51.544945,-0.030032,4.04,13.3,501,-0.2671676099596285,19.20731707317073,82.19977468724714,2.319792639872528,4.842955633721672,2.9913577389946805e-10,11.975438,3.765605,-0.7904984,5.2167826,10.652274
2626,27/5/2018,15:45:51,51.544945,-0.030032,4.04,11.3,502,-0.2473681160540093,19.214634146341464,77.7420853470884,2.282194186461496,4.845786798794725,3.4263725281673685e-10,12.993083,-1.5296392,0.7176129,8.201144,14.35444
2627,27/5/2018,15:45:52,51.544933,-0.030041,3.28,11.3,500,-0.2869671038652477,19.2219512195122,73.28439600692968,2.244595733050464,4.8486179638677775,3.861387317340056e-10,13.257895,2.327091,-3.2584965,4.6299276,10.502729
2628,27/5/2018,15:45:53,51.54493,-0.030049,3.69,11.3,503,-0.2275686221483901,19.229268292682928,69.47671995729868,2.221842862277089,4.8676860718723765,4.2883193513920425e-10,13.60157,-2.8965507,1.650085,8.820175,15.099802
2629,27/5/2018,15:45:54,51.544926,-0.030059,2.24,11.3,503,-0.2275686221483901,19.23658536585366,66.53092861884149,2.218774482406164,4.908283544080496,4.704534061407411e-10,13.56545,-3.167931,1.7914734,9.025619,15.196331
2630,27/5/2018,15:45:54,51.544926,-0.030059,2.24,9.4,504,-0.2077691282427709,19.243902439024392,63.5851372803843,2.21570610253524,4.948881016288616,5.120748771422781e-10,11.295271,-7.107693,4.2738338,11.92478,14.855916
2631,27/5/2018,15:45:55,51.544922,-0.030062,0.69,9.4,501,-0.2671676099596285,19.251219512195124,60.99379668802665,2.228794007909734,4.997469940701395,5.411471084658504e-10,12.049025,1.7768929,-2.5528555,5.991741,11.236261
2632,27/5/2018,15:45:56,51.544922,-0.030065,0.24,9.4,502,-0.2473681160540093,19.258536585365857,59.42967399155143,2.2887037228521354,5.069218536264671,5.338509480769585e-10,11.305611,-2.847851,1.121179,9.986457,13.284089
2633,27/5/2018,15:45:56,51.544922,-0.030065,0.24,9.1,504,-0.2077691282427709,19.265853658536585,57.86555129507696,2.348613437794508,5.140967131827913,5.265547876880698e-10,10.882743,-6.860039,4.19252,12.223035,14.482989
2634,27/5/2018,15:45:57,51.544922,-0.030067,0.06,9.1,502,-0.2473681160540093,19.27317073170732,56.33119805666009,2.396028543771036,5.206898283166464,5.298984465088373e-10,11.103771,-3.178344,1.3995951,10.335324,13.206802
2635,27/5/2018,15:45:58,51.544926,-0.030068,0.63,9.1,503,-0.2275686221483901,19.28048780487805,55.12512075119619,2.305662189060165,5.208678890463238,6.505702935234693e-10,12.275112,-4.27567,2.2652388,10.67158,14.336491
2636,27/5/2018,15:45:58,51.544926,-0.030068,0.63,9.2,506,-0.1681701404315325,19.28780487804878,53.9190434457323,2.2152958343492943,5.210459497760012,7.712421405381014e-10,9.664911,-7.3580375,4.6670566,13.167556,13.430004
2637,27/5/2018,15:45:59,51.544922,-0.030074,2.78,9.2,503,-0.2275686221483901,19.295121951219517,52.7129661402684,2.124929479638423,5.212240105056786,8.919139875527334e-10,12.148709,-4.309344,2.259293,10.656825,14.350361
2638,27/5/2018,15:45:59,51.544922,-0.030074,2.78,9.4,504,-0.2077691282427709,19.30243902439025,55.54739143863052,2.146806964027141,5.063151693925744,7.173183810017094e-10,10.796373,-6.74541,4.116919,12.259687,14.402671
2639,27/5/2018,15:46:0,51.54491,-0.030082,4.33,9.4,502,-0.2473681160540093,19.309756097560975,58.78264426349223,2.179819305833968,4.899096715164085,5.134315365347668e-10,11.27183,-2.8773425,1.14849,10.033101,13.254525
2640,27/5/2018,15:46:1,51.544903,-0.030085,5.0,9.4,502,-0.2473681160540093,19.317073170731707,62.01789708835238,2.21283164764078,4.735041736402507,3.0954469206792315e-10,11.448378,-2.62879,0.99961513,9.81488,13.339505
2641,27/5/2018,15:46:2,51.544891,-0.030085,5.09,9.4,502,-0.2473681160540093,19.32439024390244,66.10296527023641,2.263750557170111,4.7121706602612985,2.529528419038094e-10,11.911871,-2.1723092,0.7079929,9.138481,13.679717
2642,27/5/2018,15:46:2,51.544891,-0.030085,5.09,9.3,502,-0.2473681160540093,19.33170731707317,70.49229910242818,2.3210806870049416,4.739848696452345,2.4909810322901916e-10,12.24012,-1.9567991,0.6390948,8.851157,13.8902645
2643,27/5/2018,15:46:3,51.544876,-0.030081,6.78,9.3,499,-0.3067665977708669,19.339024390243903,74.88163293461996,2.3784108168397724,4.767526732643391,2.4524336455422887e-10,15.093703,6.935191,-3.76136,5.0969415,8.902333
2644,27/5/2018,15:46:4,51.544865,-0.030076,4.85,9.3,500,-0.2869671038652477,19.346341463414635,77.67231074775164,2.3618789626064958,4.753030488337365,2.407157748715929e-10,13.472571,2.4998653,-3.1895885,4.315006,10.557292
2645,27/5/2018,15:46:5,51.544857,-0.030073,4.5,9.3,501,-0.2671676099596285,19.353658536585368,79.22192665135032,2.288006883899316,4.705793684171783,2.3566584032760333e-10,11.686406,3.4986775,-0.90372545,5.530347,10.928924
2646,27/5/2018,15:46:6,51.544842,-0.030071,4.78,9.3,502,-0.2473681160540093,19.3609756097561,80.77154255494901,2.214134805192136,4.658556880006202,2.3061590578361366e-10,13.203565,-1.397125,0.662661,7.971032,14.453743
2647,27/5/2018,15:46:6,51.544842,-0.030071,4.78,8.6,502,-0.2473681160540093,19.368292682926832,82.02713022944441,2.206418053317285,4.672737231027112,2.3856356717299516e-10,13.245614,-1.3661108,0.6957457,7.8245544,14.491073
2648,27/5/2018,15:46:7,51.54483,-0.03007,4.52,8.6,499,-0.3067665977708669,19.37560975609756,82.82199381037451,2.3023626168278764,4.783154474807984,2.6687765944278527e-10,15.287159,7.146322,-3.7721496,5.182294,8.5116415
2649,27/5/2018,15:46:8,51.544823,-0.030073,3.76,8.6,498,-0.3265660916764861,19.382926829268293,83.616857391305,2.3983071803385143,4.893571718588909,2.9519175171258914e-10,11.865927,10.78393,-4.6546035,2.3960428,5.359923
2650,27/5/2018,15:46:9,51.544815,-0.030074,2.69,8.6,501,-0.2671676099596285,19.390243902439025,83.51012140221745,2.4588600759547923,4.965100472950713,3.157838480246529e-10,12.040487,3.7269359,-0.80482316,5.165074,10.615188
2651,27/5/2018,15:46:9,51.544815,-0.030074,2.69,8.1,502,-0.2473681160540093,19.39756097560976,80.13429886029981,2.391087238681285,4.895624459733296,3.0837695899342224e-10,13.077437,-1.5221913,0.7511656,8.14981,14.406261
2652,27/5/2018,15:46:10,51.544811,-0.030073,1.02,8.1,500,-0.2869671038652477,19.40487804878049,76.75847631838218,2.3233144014077776,4.8261484465158775,3.0097006996219154e-10,13.441715,2.466069,-3.2151175,4.370758,10.545646
2653,27/5/2018,15:46:11,51.544815,-0.030076,1.63,8.1,501,-0.2671676099596285,19.41219512195122,73.42464447893687,2.255996339782063,4.762295815746473,2.977756740200821e-10,11.659904,2.8423002,-1.4043875,5.754776,11.158058
2654,27/5/2018,15:46:12,51.544815,-0.030075,0.31,8.1,503,-0.2275686221483901,19.419512195121957,71.03033606017419,2.1988536824030147,4.824263883424415,3.888339503046648e-10,13.602956,-2.7955155,1.6244531,8.784561,15.084448
2655,27/5/2018,15:46:13,51.544815,-0.030076,0.17,8.1,504,-0.2077691282427709,19.42682926829269,68.63602764141152,2.1417110250239664,4.886231951102357,4.798922265892474e-10,11.446608,-7.149653,4.2366333,11.79496,14.961462
2656,27/5/2018,15:46:14,51.544815,-0.030074,1.54,8.1,502,-0.2473681160540093,19.43414634146341,66.24171922265,2.0845683676449456,4.94820001878027,5.709505028737859e-10,11.962108,-2.1423004,0.69021046,9.093027,13.714108
2657,27/5/2018,15:46:14,51.544815,-0.030074,1.54,8.4,503,-0.2275686221483901,19.441463414634143,69.14816218687307,2.14460186340778,5.020513484654626,5.846162660642353e-10,13.592447,-2.9172761,1.6574435,8.834707,15.099624
2658,27/5/2018,15:46:15,51.544811,-0.030073,0.44,8.4,499,-0.3067665977708669,19.44878048780488,72.8509621663794,2.222239288281111,5.094381188755673,5.866549850339838e-10,15.086979,6.928416,-3.7545161,5.0863624,8.953047
2659,27/5/2018,15:46:16,51.544811,-0.030073,0.09,8.4,502,-0.2473681160540093,19.45609756097561,76.55376214588574,2.299876713154442,5.168248892856719,5.886937040037323e-10,12.923016,-1.6663843,0.8191557,8.365228,14.337557
2660,27/5/2018,15:46:17,51.544811,-0.030072,0.13,8.4,501,-0.2671676099596285,19.463414634146343,81.80424620465597,2.3085083232730232,5.093091799260133,5.157509949529605e-10,12.0151,3.6502578,-0.83244276,5.233578,10.694508
2661,27/5/2018,15:46:18,51.544811,-0.030071,0.19,8.4,499,-0.3067665977708669,19.470731707317075,87.73074952567629,2.286998601186612,4.952841554453752,4.1005684112607004e-10,15.425731,7.3837185,-3.6290226,5.146358,8.173395
2662,27/5/2018,15:46:19,51.544815,-0.030068,0.41,8.4,499,-0.3067665977708669,19.478048780487807,93.6572528466966,2.2654888791002006,4.81259130964737,3.043626872991797e-10,15.628076,7.950033,-3.3404293,5.039724,7.622631
2663,27/5/2018,15:46:19,51.544815,-0.030068,0.41,9.0,500,-0.2869671038652477,19.48536585365854,98.46250731843418,2.2675827701886893,4.75922069875161,2.545730689326029e-10,13.247256,5.0072227,-1.1923361,3.599543,9.459271
2664,27/5/2018,15:46:20,51.544815,-0.030067,0.19,9.0,497,-0.3463655855821053,19.492682926829268,102.24349107393353,2.291238770159496,4.785215399944153,2.5585273693669046e-10,11.951859,11.684932,-4.6046295,2.1126006,4.2679853
2665,27/5/2018,15:46:20,51.544815,-0.030067,0.19,9.1,499,-0.3067665977708669,19.5,106.02447482943468,2.3148947701303144,4.811210101136708,2.5713240494077876e-10,15.312959,9.182885,-2.5845296,4.514775,6.5952253
2666,27/5/2018,15:46:21,51.544815,-0.030064,0.15,9.1,497,-0.3463655855821053,19.50731707317073,107.8560520897554,2.332800598842573,4.829863645152089,2.726848613869681e-10,12.028863,12.027517,-4.598798,2.084528,3.8938515
2667,27/5/2018,15:46:22,51.544815,-0.030066,1.09,9.1,499,-0.3067665977708669,19.514634146341464,106.05464451814578,2.339990199300236,4.834835941700905,3.1483660538436906e-10,15.291361,9.221423,-2.5743642,4.500569,6.5799403
2668,27/5/2018,15:46:23,51.544815,-0.030064,0.81,9.1,499,-0.3067665977708669,19.5219512195122,104.25323694653612,2.3471797997578974,4.839808238249721,3.569883493817701e-10,15.313682,9.165066,-2.622302,4.556454,6.643999
2669,27/5/2018,15:46:23,51.544815,-0.030064,0.81,9.9,500,-0.2869671038652477,19.52926829268293,101.06615362225322,2.3753860494705963,4.87350746554769,4.0855547006326057e-10,13.136487,5.1045127,-1.1077675,3.6764307,9.397703
2670,27/5/2018,15:46:24,51.544815,-0.030064,0.15,9.9,497,-0.3463655855821053,19.53658536585366,91.38319394064813,2.502115748657348,5.041874987294667,5.04260710849304e-10,11.886597,11.3497505,-4.6708565,2.1720707,4.7036614
2671,27/5/2018,15:46:25,51.544819,-0.030064,0.07,9.9,500,-0.2869671038652477,19.543902439024397,81.70023425904301,2.6288454478441,5.210242509041644,5.999659516353472e-10,13.625123,3.7657232,-2.1533215,3.557483,10.263632
2672,27/5/2018,15:46:25,51.544819,-0.030064,0.07,10.2,502,-0.2473681160540093,19.55121951219512,72.01882816523985,2.754713179261345,5.378363954833939,6.960134494494575e-10,12.6471195,-1.826557,0.82589304,8.524578,14.230723
2673,27/5/2018,15:46:26,51.544819,-0.030063,0.26,10.2,505,-0.1879696343371517,19.558536585365854,62.97817993854581,2.5250730787773152,5.444994449103946,9.33220580292568e-10,10.199902,-7.2025476,4.522487,12.911419,13.760679
2674,27/5/2018,15:46:27,51.544819,-0.030062,0.28,10.2,508,-0.1285711526202941,19.565853658536582,53.937531711851776,2.295432978293285,5.511624943373953,1.1704277111356784e-09,9.486094,-7.3984184,4.8077874,13.2126255,13.305223
2675,27/5/2018,15:46:28,51.544819,-0.030064,0.91,10.2,505,-0.1879696343371517,19.57317073170732,44.89688348515773,2.065792877809255,5.57825543764396,1.407634841978789e-09,9.575974,-6.765539,4.1620255,13.212938,13.254905
2676,27/5/2018,15:46:29,51.544819,-0.030068,1.0,10.2,504,-0.2077691282427709,19.58048780487805,43.12983200172098,2.3864440833227074,6.368185705547164,1.8486810595648894e-09,9.902222,-5.7454324,3.4998188,12.34576,13.205869
2677,27/5/2018,15:46:29,51.544819,-0.030068,1.0,10.5,506,-0.1681701404315325,19.587804878048782,42.86286037179024,2.8205853448324,7.307286659806942,2.3317663010580663e-09,8.658552,-6.075493,4.1554055,13.105987,12.158612
2678,27/5/2018,15:46:30,51.544819,-0.030066,0.96,10.5,503,-0.2275686221483901,19.595121951219515,42.595888741859504,3.2547266063420923,8.24638761406672,2.814851542551243e-09,9.50631,-5.423364,3.3588338,12.313923,12.641899
2679,27/5/2018,15:46:31,51.544819,-0.030064,0.59,10.5,500,-0.2869671038652477,19.602439024390247,43.301067442065815,3.311822093738833,8.617109952946127,2.944385608644314e-09,9.572617,-5.342764,3.315213,12.270937,12.6592865
2680,27/5/2018,15:46:32,51.544823,-0.030063,2.76,10.5,510,-0.0889721648090557,19.60975609756097,44.516866029762674,3.1708750924503564,8.689292636341372,2.888217673916501e-09,4.9178023,-7.0101004,5.837804,14.68354,9.40435
2681,27/5/2018,15:46:33,51.544827,-0.030061,0.65,10.5,504,-0.2077691282427709,19.617073170731707,45.73266461746013,3.0299280911618114,8.761475319736656,2.832049739188661e-09,9.41679,-5.502858,3.4327874,12.387556,12.6100855
2682,27/5/2018,15:46:34,51.544827,-0.030063,1.93,10.5,504,-0.2077691282427709,19.62439024390244,49.07894893826616,2.8786815291283268,8.231370717307302,2.43535677051154e-09,9.432088,-5.521812,3.4543598,12.409825,12.638233
2683,27/5/2018,15:46:35,51.544823,-0.030064,1.11,10.5,503,-0.2275686221483901,19.63170731707317,54.71266700073075,2.71637666127936,7.0546097029821295,1.6730530678923146e-09,9.76011,-5.5261207,3.3859377,12.26938,12.989173
2684,27/5/2018,15:46:36,51.544819,-0.030064,2.11,10.5,502,-0.2473681160540093,19.639024390243904,60.34638506319533,2.5540717934303934,5.877848688656959,9.107493652730895e-10,11.037264,-3.3403075,1.5261323,10.470371,13.197918
2685,27/5/2018,15:46:36,51.544819,-0.030064,2.11,9.9,502,-0.2473681160540093,19.64634146341464,65.72894852154202,2.437116955454641,5.029135785655508,3.7073546472760717e-10,11.69401,-2.3836017,0.8384143,9.456433,13.526186
2686,27/5/2018,15:46:37,51.544811,-0.030073,3.8,9.9,499,-0.3067665977708669,19.653658536585368,70.54945674247979,2.4216502900585457,4.914556982003727,3.281806807169712e-10,15.072759,6.909697,-3.739982,5.077501,8.996403
2687,27/5/2018,15:46:38,51.5448,-0.030089,5.48,9.9,500,-0.2869671038652477,19.6609756097561,75.36996496341754,2.4061836246624506,4.799978178351944,2.8562589670633514e-10,13.381854,2.4252236,-3.2225032,4.446898,10.532834
2688,27/5/2018,15:46:39,51.544788,-0.030105,5.74,9.9,501,-0.2671676099596285,19.66829268292683,79.43701232351908,2.383346634448453,4.693535280949745,2.4612218910959555e-10,11.718764,3.4477236,-0.9002495,5.5161204,10.916759
2689,27/5/2018,15:46:40,51.544781,-0.03012,5.44,9.9,501,-0.2671676099596285,19.67560975609756,78.69486028283099,2.31346624285762,4.639022347655804,2.2609293018577928e-10,11.677259,3.430363,-0.9250444,5.5555425,10.955763
2690,27/5/2018,15:46:41,51.544769,-0.030137,6.22,9.9,501,-0.2671676099596285,19.682926829268293,77.9527082421429,2.2435858512667872,4.584509414361863,2.0606367126196302e-10,11.636418,3.399253,-0.93304235,5.563058,10.962528
2691,27/5/2018,15:46:41,51.544769,-0.030137,6.22,9.7,502,-0.2473681160540093,19.690243902439025,77.2105562014548,2.173705459675954,4.529996481067922,1.8603441233814675e-10,12.9219675,-1.5179288,0.61002207,8.177133,14.317484
2692,27/5/2018,15:46:42,51.544758,-0.030159,7.22,9.7,500,-0.2869671038652477,19.69756097560976,75.51714987580313,2.1948468297346304,4.5946419697377445,2.22864960742006e-10,13.404599,2.4385478,-3.193273,4.326714,10.552379
2693,27/5/2018,15:46:43,51.54475,-0.03018,6.48,9.7,501,-0.2671676099596285,19.70487804878049,73.78622550717165,2.219578152994721,4.663987138469259,2.6193809425571857e-10,11.64409,2.8509228,-1.4160067,5.775187,11.176199
2694,27/5/2018,15:46:43,51.54475,-0.03018,6.48,9.4,503,-0.2275686221483901,19.712195121951225,72.05530113854016,2.244309476254812,4.733332307200774,3.0101122776943125e-10,13.5983,-2.7441356,1.5498996,8.702998,15.013354
2695,27/5/2018,15:46:44,51.544743,-0.030202,6.15,9.4,501,-0.2671676099596285,19.719512195121958,69.43962987730319,2.2734624125859177,4.746513847430533,3.0177098869974937e-10,11.846646,2.3424904,-1.9782618,5.880357,11.255964
2696,27/5/2018,15:46:45,51.544739,-0.030224,5.7,9.4,502,-0.2473681160540093,19.726829268292683,66.58687290476598,2.303800209003892,4.744645214640293,2.9226391143350207e-10,11.962352,-2.1319609,0.6982656,9.115399,13.695483
2697,27/5/2018,15:46:46,51.544739,-0.030239,4.28,9.4,502,-0.2473681160540093,19.73414634146341,63.73411593222738,2.33413800542188,4.742776581850052,2.8275683416725006e-10,11.533985,-2.5320003,0.92397976,9.689513,13.3995075
2698,27/5/2018,15:46:46,51.544739,-0.030239,4.28,8.8,503,-0.2275686221483901,19.741463414634147,59.12664347886976,2.368447661807468,4.804490664673874,3.3306487489720936e-10,12.5434,-4.252347,2.1956906,10.37529,14.683746
2699,27/5/2018,15:46:47,51.544739,-0.030253,3.48,8.8,502,-0.2473681160540093,19.74878048780488,53.421934932469895,2.4052409505315167,4.905963472617523,4.2077573511126514e-10,11.132472,-3.1329572,1.392484,10.329604,13.205055
2700,27/5/2018,15:46:48,51.544746,-0.030266,4.54,8.8,505,-0.1879696343371517,19.75609756097561,47.71722638607002,2.442034239255565,5.007436280561171,5.08486595325321e-10,9.555388,-7.0150347,4.358477,13.29835,13.425468
2701,27/5/2018,15:46:48,51.544746,-0.030266,4.54,8.2,506,-0.1681701404315325,19.763414634146343,42.20274748743997,2.422747336559712,5.104763661103621,6.002736780975008e-10,8.930648,-7.342125,4.810058,13.585341,12.752446
2702,27/5/2018,15:46:49,51.54475,-0.030283,4.48,8.2,505,-0.1879696343371517,19.77073170731708,36.928544969092506,2.332626336456311,5.196855010867682,6.97209379988597e-10,9.162024,-6.819486,4.125018,13.575365,13.017163
2703,27/5/2018,15:46:50,51.54475,-0.030304,4.91,8.2,507,-0.1483706465259133,19.778048780487808,31.65434245074505,2.2425053363529104,5.288946360631744,7.941450818796932e-10,6.5497556,-7.538429,5.802435,14.70079,11.057515
2704,27/5/2018,15:46:51,51.544754,-0.030326,5.39,8.2,509,-0.1087716587146749,19.785365853658536,27.39851487119032,2.227734073256864,5.399677590517372,8.731000673884676e-10,4.790717,-7.9640074,5.96838,15.534005,9.68199
2705,27/5/2018,15:46:51,51.544754,-0.030326,5.39,8.4,508,-0.1285711526202941,19.79268292682927,25.91741495425009,2.418265387513556,5.561196196477659,9.030636753219128e-10,5.138726,-8.063203,5.9268084,15.445689,9.982796
2706,27/5/2018,15:46:52,51.544754,-0.030347,5.06,8.4,505,-0.1879696343371517,19.8,24.436315037309864,2.608796701770249,5.722714802437946,9.330272832553576e-10,8.6629305,-6.7593665,4.3020988,13.726288,12.489648
2707,27/5/2018,15:46:53,51.544754,-0.030369,4.94,8.4,506,-0.1681701404315325,19.807317073170733,22.96778620052591,2.7646172355447725,5.84193194968612,9.514073559245516e-10,8.220235,-6.8982906,4.6111937,13.85789,12.105763
2708,27/5/2018,15:46:54,51.544754,-0.030385,4.24,8.4,508,-0.1285711526202941,19.814634146341465,21.618892476325755,2.590105921997221,5.558579093993298,8.59550477732723e-10,5.0741615,-8.125329,6.03318,15.5179825,10.01329
2709,27/5/2018,15:46:55,51.544754,-0.030401,3.28,8.4,508,-0.1285711526202941,19.8219512195122,20.2699987521256,2.41559460844967,5.275226238300478,7.676935995408944e-10,5.059315,-8.263432,6.032021,15.606647,10.058609
2710,27/5/2018,15:46:55,51.544754,-0.030401,3.28,8.0,509,-0.1087716587146749,19.82926829268293,18.92110502792545,2.2410832949021198,4.991873382607657,6.758367213490657e-10,4.4846363,-8.198211,6.1225514,15.785666,9.545401
2711,27/5/2018,15:46:56,51.544754,-0.030419,3.96,8.0,508,-0.1285711526202941,19.836585365853654,18.045776009559805,2.227533716496785,4.9781542814750415,6.621156064988198e-10,5.0135884,-8.33233,6.0029593,15.738473,10.025836
2712,27/5/2018,15:46:57,51.544758,-0.030435,3.89,8.0,508,-0.1285711526202941,19.84390243902439,17.21068096160896,2.2276594175409303,4.987343214598926,6.550328917487581e-10,5.0215774,-8.370541,5.9998684,15.714655,10.039274
2713,27/5/2018,15:46:58,51.544758,-0.030454,4.82,8.0,509,-0.1087716587146749,19.85121951219512,16.37558591365812,2.2277851185850754,4.996532147722812,6.47950176998696e-10,4.425622,-8.197765,6.141135,15.782458,9.525834
2714,27/5/2018,15:46:58,51.544758,-0.030454,4.82,8.1,509,-0.1087716587146749,19.85853658536585,16.058459751398804,2.2845583281589152,5.092688235341959,7.231095474371771e-10,4.430053,-8.165651,6.161498,15.7880535,9.48398
2715,27/5/2018,15:46:59,51.544765,-0.03047,4.22,8.1,507,-0.1483706465259133,19.865853658536587,15.91555948705386,2.360385699692737,5.2180969112913225,8.25932164711796e-10,6.33951,-7.6261253,6.0349507,14.861858,10.921707
2716,27/5/2018,15:47:0,51.544769,-0.030484,3.04,8.1,508,-0.1285711526202941,19.87317073170732,15.772659222708915,2.43621307122656,5.343505587240685,9.287547819864147e-10,5.01069,-8.213347,6.091178,15.574393,10.033546
2717,27/5/2018,15:47:1,51.544773,-0.030497,2.93,8.1,509,-0.1087716587146749,19.88048780487805,15.732884309958772,2.4586367099766147,5.498441072051274,1.1188240889622183e-09,4.2168984,-7.971465,6.3328857,15.715037,9.257044
2718,27/5/2018,15:47:2,51.544769,-0.030514,4.39,8.1,509,-0.1087716587146749,19.887804878048783,15.769361957998552,2.441572760878209,5.675209159154164,1.3734050160903483e-09,4.2003946,-7.946402,6.367614,15.678214,9.220763
2719,27/5/2018,15:47:2,51.544769,-0.030514,4.39,8.6,510,-0.0889721648090557,19.89512195121951,15.805839606038312,2.424508811779812,5.851977246256969,1.627985943218355e-09,3.9161756,-7.7814493,6.46526,15.710789,9.041261
2720,27/5/2018,15:47:3,51.544765,-0.030532,4.61,8.6,507,-0.1483706465259133,19.902439024390244,16.266031506584778,2.4167907692084847,5.945359557622203,1.750296293571892e-09,5.814076,-7.4631186,6.1493382,14.815167,10.459414
2721,27/5/2018,15:47:4,51.544758,-0.030555,5.41,8.6,507,-0.1483706465259133,19.909756097560976,17.357806511677616,2.4230036166750804,5.914448086553096,1.6754457954875587e-09,5.8952417,-7.468694,6.141704,14.78464,10.491614
2722,27/5/2018,15:47:5,51.544746,-0.03058,4.94,8.6,509,-0.1087716587146749,19.917073170731708,18.44958151677045,2.4292164641416765,5.883536615483988,1.6005952974032255e-09,4.226781,-7.915858,6.358933,15.657474,9.206683
2723,27/5/2018,15:47:6,51.544739,-0.030602,5.2,8.6,508,-0.1285711526202941,19.92439024390244,19.6850925335074,2.4429608355612884,5.851969434499258,1.5246691011311002e-09,5.009909,-8.013503,6.1888328,15.375041,9.930853
2724,27/5/2018,15:47:6,51.544739,-0.030602,5.2,6.4,508,-0.1285711526202941,19.93170731707317,21.40696277851072,2.4821896081101595,5.818183529307002,1.445103067253369e-09,5.015918,-8.006974,6.0851116,15.388923,9.989394
2725,27/5/2018,15:47:7,51.544735,-0.030621,4.59,6.4,505,-0.1879696343371517,19.939024390243905,23.12883302351404,2.521418380659031,5.784397624114746,1.365537033375638e-09,8.577151,-6.76431,4.466401,13.777032,12.293671
2726,27/5/2018,15:47:8,51.544724,-0.030642,5.17,6.4,507,-0.1483706465259133,19.94634146341464,24.82415715895846,2.5526619856143817,5.738875471407466,1.279018969712444e-09,6.276352,-7.529355,5.947578,14.749228,10.851943
2727,27/5/2018,15:47:9,51.54472,-0.030667,4.5,6.4,506,-0.1681701404315325,19.953658536585365,26.06093758426432,2.4459739525539548,5.4906274741958185,1.0724151539830134e-09,8.273312,-6.995144,4.6063414,13.915035,12.187651
2728,27/5/2018,15:47:10,51.544708,-0.030695,5.11,6.4,507,-0.1483706465259133,19.960975609756098,27.29771800957077,2.3392859194934763,5.242379476984051,8.65811338253483e-10,6.464367,-7.5403795,5.910362,14.76543,11.028538
2729,27/5/2018,15:47:10,51.544708,-0.030695,5.11,3.4,507,-0.1483706465259133,19.96829268292683,28.53449843487723,2.232597886432998,4.994131479772284,6.592075225239525e-10,6.5288954,-7.5689607,5.87756,14.752074,11.082651
2730,27/5/2018,15:47:11,51.544704,-0.030714,5.32,3.4,505,-0.1879696343371517,19.97560975609756,29.2657095410112,2.2646986580496398,4.968911695966016,5.99833917303019e-10,8.828742,-6.918938,4.2603803,13.7820015,12.78461
2731,27/5/2018,15:47:12,51.544704,-0.030733,5.13,3.4,506,-0.1681701404315325,19.98292682926829,29.928846562145093,2.315487116059345,4.973722297669758,5.602846200150652e-10,8.389262,-7.166708,4.79408,13.902359,12.437892
2732,27/5/2018,15:47:13,51.544701,-0.030746,4.57,3.4,506,-0.1681701404315325,19.990243902439023,30.591983583278985,2.3662755740690504,4.9785328993735,5.207353227271112e-10,8.411399,-7.1583543,4.7723336,13.877621,12.464365
2733,27/5/2018,15:47:14,51.544701,-0.030758,3.78,3.4,505,-0.1879696343371517,19.99756097560976,30.979479032318856,2.3171838492415318,4.962434467445032,5.297934147433638e-10,8.912472,-6.9547954,4.2296886,13.781784,12.83593
2734,27/5/2018,15:47:14,51.544701,-0.030758,3.78,3.0,507,-0.1483706465259133,20.00487804878049,31.253256882109373,2.22688595032877,4.93770988711226,5.589047794770125e-10,6.57241,-7.54571,5.8313146,14.7264595,11.122014
2735,27/5/2018,15:47:15,51.544697,-0.030762,2.57,3.0,506,-0.1681701404315325,20.01219512195122,31.52703473189976,2.1365880514160525,4.9129853067795,5.880161442106469e-10,8.440068,-7.203637,4.8292413,13.858494,12.507766
2736,27/5/2018,15:47:15,51.544697,-0.030762,2.57,1.6,507,-0.1483706465259133,20.01951219512195,32.32380601400259,2.154639159137518,4.894806935018201,5.698459231584897e-10,6.568091,-7.5521502,5.8014846,14.696689,11.140807
2737,27/5/2018,15:47:16,51.544697,-0.03078,3.59,1.6,505,-0.1879696343371517,20.026829268292683,33.57597796864254,2.2670360223530763,4.88232872620701,5.105048868816042e-10,8.944471,-7.010508,4.2526035,13.814014,12.872886
2738,27/5/2018,15:47:17,51.544708,-0.030783,1.76,1.6,504,-0.2077691282427709,20.034146341463416,34.828149923282496,2.3794328855686344,4.86985051739582,4.511638506047186e-10,10.343737,-6.2367935,3.7561536,12.431772,13.81666
2739,27/5/2018,15:47:18,51.544708,-0.030796,1.57,1.6,505,-0.1879696343371517,20.041463414634148,35.68040607996833,2.4117895734293846,4.810765740042379,3.8628196516866016e-10,8.960403,-7.0292897,4.2555447,13.791017,12.913989
2740,27/5/2018,15:47:19,51.544704,-0.030806,2.0,1.6,505,-0.1879696343371517,20.04878048780488,35.82523479330835,2.302559915099581,4.66923669368122,3.115986445937772e-10,8.946341,-7.0366626,4.258064,13.791285,12.926699
2741,27/5/2018,15:47:20,51.544701,-0.030817,2.5,1.6,506,-0.1681701404315325,20.05609756097561,35.970063506648366,2.193330256769778,4.52770764732006,2.3691532401889406e-10,8.617943,-7.208667,4.730157,13.811732,12.634964
2742,27/5/2018,15:47:21,51.544704,-0.030835,2.32,1.6,506,-0.1681701404315325,20.063414634146344,36.03431484721042,2.119340636827437,4.4205180696076205,1.7281698386384066e-10,8.65722,-7.197873,4.7386317,13.818749,12.643092
2743,27/5/2018,15:47:22,51.544697,-0.03086,4.04,1.6,505,-0.1879696343371517,20.070731707317076,35.749981466408194,2.197802487299882,4.461884019309784,1.5451018943790814e-10,8.946377,-7.0625844,4.293569,13.819823,12.904183
2744,27/5/2018,15:47:23,51.544685,-0.030899,5.2,1.6,505,-0.1879696343371517,20.078048780487805,35.46564808560583,2.276264337772366,4.503249969011967,1.3620339501196673e-10,8.940993,-7.052451,4.2666845,13.807048,12.902843
2745,27/5/2018,15:47:24,51.544674,-0.030925,4.98,1.6,505,-0.1879696343371517,20.085365853658537,35.14528737916842,2.355837422687157,4.54841736756724,1.2120691745302222e-10,8.933641,-7.0526876,4.2769313,13.773894,12.921402
2746,27/5/2018,15:47:25,51.544662,-0.030948,4.7,1.6,505,-0.1879696343371517,20.09268292682927,32.35231442913043,2.511676281958761,4.8544842031994495,3.3340271329373247e-10,8.923281,-6.972562,4.230598,13.803673,12.871972
2747,27/5/2018,15:47:26,51.544647,-0.030967,4.57,1.6,506,-0.1681701404315325,20.1,29.55934147909245,2.667515141230364,5.16055103883166,5.455985091344428e-10,8.336865,-7.12596,4.7490363,13.94528,12.370588
2748,27/5/2018,15:47:27,51.54464,-0.030979,3.82,1.6,507,-0.1483706465259133,20.107317073170734,26.766368529054457,2.8233540005019675,5.466617874463871,7.57794304975153e-10,6.3137474,-7.5136847,5.9704804,14.7617655,10.862866
2749,27/5/2018,15:47:28,51.544636,-0.03099,2.89,1.6,506,-0.1681701404315325,20.114634146341466,21.672082900453734,3.4628848181522347,6.180499124558796,1.382056584391946e-09,5.378301,-6.822493,6.037332,14.372799,9.96245
2750,27/5/2018,15:47:28,51.544636,-0.03099,2.89,5.3,510,-0.0889721648090557,20.1219512195122,16.1426038622102,4.193884976124864,6.971500770845324,2.084243354321258e-09,3.5935533,-6.686439,6.742541,14.6087,8.391429
2751,27/5/2018,15:47:29,51.544632,-0.030994,1.5,5.3,510,-0.0889721648090557,20.129268292682926,10.613124823969349,4.9248851340971385,7.7625024171314685,2.7864301242502293e-09,3.210442,-6.178379,6.9417667,14.221272,7.9230165
2752,27/5/2018,15:47:30,51.544624,-0.030998,1.96,5.3,513,-0.0295736830921981,20.13658536585366,7.145527508200326,7.171424407188483,8.32359974417226,5.7136295992574525e-09,0.05635354,-2.752687,9.157591,11.872944,4.4871755
2753,27/5/2018,15:47:31,51.544628,-0.030997,1.11,5.3,515,0.0100253047190402,20.14390243902439,4.704668849070368,10.172644503229009,8.77021346658873,9.748800754170177e-09,-0.30150634,-2.4895575,9.3784,11.604058,3.9959567
2754,27/5/2018,15:47:31,51.544628,-0.030997,1.11,5.0,516,0.0298247986246594,20.151219512195123,2.263810189940409,13.173864599269535,9.2168271890052,1.3783971909082904e-08,-4.6190205,-1.521887,10.263036,10.483545,1.2465955
2755,27/5/2018,15:47:32,51.544628,-0.030995,0.02,5.0,516,0.0298247986246594,20.15853658536585,0.9367913527842746,15.25493088839656,10.952125557225608,2.2690776250239744e-08,-4.8803115,-1.3289483,10.391538,10.303961,0.92117
2756,27/5/2018,15:47:32,51.544628,-0.030995,0.02,5.0,516,0.0298247986246594,20.165853658536587,0.749848393365562,16.39416951220332,14.006463027574815,3.6583963167465544e-08,-5.207539,-0.90093863,10.454357,9.936899,0.4455642
2757,27/5/2018,15:47:33,51.544632,-0.030993,0.28,5.0,514,-0.0097741891865789,20.17317073170732,0.5629054339468492,17.53340813601008,17.06080049792403,5.047715008469133e-08,-5.4734645,-0.3044319,10.412656,9.438307,0.00810819
2758,27/5/2018,15:47:34,51.544632,-0.030995,0.44,5.0,513,-0.0295736830921981,20.18048780487805,0.4824824557816373,18.380869923177546,19.083868636741556,5.867986843248725e-08,-5.679256,0.14848378,10.3871155,8.999686,-0.26936933
2759,27/5/2018,15:47:35,51.544632,-0.030995,0.19,5.0,516,0.0298247986246594,20.18780487804878,0.6275987216177897,18.61054032155233,18.92338677246639,5.483391793843839e-08,-5.7006683,0.10176568,10.441196,9.00503,-0.29965702
2760,27/5/2018,15:47:36,51.544628,-0.030997,0.3,5.0,516,0.0298247986246594,20.195121951219512,0.7727149874540127,18.84021071992724,18.762904908191143,5.098796744438764e-08,-5.7315874,0.09008011,10.457676,9.006654,-0.31228364
2761,27/5/2018,15:47:37,51.544628,-0.031001,0.24,5.0,519,0.089223280341517,20.202439024390245,0.8985479670667655,19.07059670948764,18.570524901580896,4.7469112376793536e-08,-5.7318363,0.10636731,10.418078,8.991281,-0.2992423
2762,27/5/2018,15:47:38,51.544628,-0.031003,0.06,5.0,515,0.0100253047190402,20.209756097560977,0.9128345525255692,19.305122118828777,18.193626410079364,4.584237854531309e-08,-5.7376676,0.075470544,10.495444,9.040295,-0.30729115
2763,27/5/2018,15:47:38,51.544628,-0.031003,0.06,5.3,513,-0.0295736830921981,20.21707317073171,0.927121137984373,19.53964752816991,17.81672791857783,4.4215644713832645e-08,-5.81078,0.10316693,10.520931,9.053053,-0.3055497
2764,27/5/2018,15:47:39,51.544632,-0.031005,0.57,5.3,514,-0.0097741891865789,20.22439024390244,0.9414077234431768,19.77417293751104,17.439829427076294,4.2588910882352186e-08,-5.8196,-0.0041743643,10.609426,9.0791025,-0.31689945
2765,27/5/2018,15:47:39,51.544632,-0.031005,0.57,5.6,514,-0.0097741891865789,20.231707317073173,2.069864188539933,15.088392258682106,15.193589570180563,3.122113987285419e-08,-4.6125927,-1.0339957,10.044574,10.0857115,0.8303214
2766,27/5/2018,15:47:40,51.544628,-0.031007,0.57,5.6,511,-0.0691726709034365,20.239024390243905,3.228064130168773,10.271260866341054,12.89744645162951,1.9593325654508493e-08,-0.8812318,-2.7386174,9.240408,11.497932,3.157795
2767,27/5/2018,15:47:40,51.544628,-0.031007,0.57,4.8,512,-0.0493731769978173,20.246341463414637,4.386264071797051,5.454129474002341,10.601303333079567,7.965511436168432e-09,0.6279971,-3.718848,8.443021,12.5555725,5.028685
2768,27/5/2018,15:47:41,51.544632,-0.031007,0.11,4.8,509,-0.1087716587146749,20.25365853658537,7.689914611054858,4.288720243119123,9.515823266598236,4.973271627342777e-09,3.1379604,-5.822031,6.94405,13.968494,7.719381
2769,27/5/2018,15:47:42,51.544632,-0.031008,0.17,4.8,510,-0.0889721648090557,20.2609756097561,11.527902261013397,4.032793929713288,8.731865965539692,4.1317724994368104e-09,3.1912775,-6.194776,6.9101543,14.291078,7.9334
2770,27/5/2018,15:47:43,51.544632,-0.031009,0.26,4.8,508,-0.1285711526202941,20.26829268292683,15.365889910971932,3.776867616307453,7.947908664481146,3.290273371530842e-09,4.028685,-6.3580194,6.5141563,14.276088,8.609644
2771,27/5/2018,15:47:44,51.544632,-0.031008,0.19,4.8,504,-0.2077691282427709,20.275609756097563,19.02862069465056,3.469679244126574,7.410580032837975,2.739912857984808e-09,4.3275733,-5.8488255,6.225355,13.714984,8.827842
2772,27/5/2018,15:47:44,51.544632,-0.031008,0.19,5.7,507,-0.1483706465259133,20.28292682926829,22.58718579208038,3.132022750244254,7.019837638547992,2.362593516531246e-09,5.0772038,-6.7234836,6.052632,14.353366,9.639135
2773,27/5/2018,15:47:45,51.544632,-0.031009,0.87,5.7,507,-0.1483706465259133,20.290243902439027,26.145750889510204,2.794366256361934,6.629095244258008,1.985274175077685e-09,5.405008,-6.852684,5.8270845,14.417133,9.916427
2774,27/5/2018,15:47:45,51.544632,-0.031009,0.87,5.8,508,-0.1285711526202941,20.29756097560976,29.83817052550587,2.5906589493804413,6.2522770739274005,1.6320482573519271e-09,5.2911806,-7.5258837,5.721792,14.992925,9.9170685
2775,27/5/2018,15:47:46,51.544632,-0.031009,0.17,5.8,504,-0.2077691282427709,20.304878048780488,33.69168824538965,2.5481636384922437,5.892217138495421,1.3078195214812361e-09,9.905831,-5.873759,3.556953,12.37838,13.327947
2776,27/5/2018,15:47:47,51.544636,-0.031008,0.17,5.8,505,-0.1879696343371517,20.31219512195122,37.5452059652753,2.505668327604025,5.532157203063266,9.835907856103871e-10,9.223262,-6.716244,4.04605,13.407492,12.977698
2777,27/5/2018,15:47:48,51.54464,-0.031008,0.11,5.8,504,-0.2077691282427709,20.319512195121952,40.95481153123314,2.4746911855139646,5.250232564853991,7.191495654822377e-10,10.284303,-6.012071,3.6482825,12.323725,13.696687
2778,27/5/2018,15:47:49,51.544636,-0.031009,0.33,5.8,503,-0.2275686221483901,20.326829268292684,43.2253217588115,2.473270099207824,5.168806047820169,6.08125366882346e-10,11.411232,-4.449238,2.4067125,11.1150465,13.815941
2779,27/5/2018,15:47:50,51.54464,-0.03101,0.35,5.8,503,-0.2275686221483901,20.334146341463416,45.49583198638986,2.4718490129016835,5.087379530786348,4.971011682824545e-10,11.500921,-4.426856,2.3690069,11.033921,13.890836
2780,27/5/2018,15:47:51,51.54464,-0.03101,0.13,5.8,503,-0.2275686221483901,20.34146341463415,47.41400428298029,2.4577174502985955,5.011932916397626,4.0074837722290974e-10,11.572553,-4.3760686,2.35752,10.994086,13.927286
2781,27/5/2018,15:47:51,51.54464,-0.03101,0.13,6.6,506,-0.1681701404315325,20.34878048780488,46.3925435875608,2.3375395833367936,4.986377947382584,4.2680237195533836e-10,9.060641,-7.3319287,4.800924,13.488292,12.936838
2782,27/5/2018,15:47:52,51.544643,-0.03101,0.35,6.6,504,-0.2077691282427709,20.35609756097561,45.37108289214181,2.21736171637505,4.960822978367554,4.5285636668775416e-10,10.504388,-6.240411,3.7874825,12.33429,13.986139
2783,27/5/2018,15:47:52,51.544643,-0.03101,0.35,6.9,505,-0.1879696343371517,20.36341463414634,44.34962219672232,2.097183849413248,4.935268009352512,4.789103614201828e-10,9.545783,-7.027573,4.30311,13.439423,13.337546
2784,27/5/2018,15:47:53,51.544643,-0.031011,0.7,6.9,504,-0.2077691282427709,20.370731707317077,45.72974050917296,2.112489863516816,4.880702480703254,4.327177000441111e-10,10.503821,-6.2590513,3.7765148,12.3458,13.980332
2785,27/5/2018,15:47:53,51.544643,-0.031011,0.7,6.9,505,-0.1879696343371517,20.37804878048781,47.28056691496148,2.137426289503105,4.8240748348779245,3.813896303079964e-10,9.605525,-7.059737,4.345069,13.343641,13.436902
2786,27/5/2018,15:47:54,51.54464,-0.031013,0.35,6.9,503,-0.2275686221483901,20.385365853658534,48.83139332075,2.1623627154893943,4.767447189052595,3.300615605718818e-10,12.122162,-4.3408604,2.2771573,10.688357,14.311567
2787,27/5/2018,15:47:54,51.54464,-0.031013,0.35,6.6,504,-0.2077691282427709,20.39268292682927,51.38354230381469,2.217335699009048,4.739224130093578,3.0200768425423583e-10,10.7133465,-6.5778503,3.9656997,12.300537,14.254183
2788,27/5/2018,15:47:55,51.544643,-0.031021,3.43,6.6,502,-0.2473681160540093,20.4,54.25147923827264,2.281781337181278,4.719959049812204,2.8129381007650106e-10,11.153491,-3.0653987,1.2845353,10.208692,13.211385
2789,27/5/2018,15:47:56,51.544651,-0.031038,5.17,6.6,502,-0.2473681160540093,20.40731707317073,57.11941617273058,2.346226975353509,4.700693969530832,2.6057993589876634e-10,11.218571,-2.9634793,1.2142667,10.121664,13.218018
2790,27/5/2018,15:47:57,51.544655,-0.031057,5.56,6.6,502,-0.2473681160540093,20.414634146341463,58.29916152358055,2.351332281111187,4.685974460356719,2.501614779491701e-10,11.234738,-2.92505,1.1786277,10.078793,13.232457
2791,27/5/2018,15:47:58,51.544659,-0.031077,4.91,6.6,503,-0.2275686221483901,20.421951219512195,58.29038868844509,2.3146608922555445,4.674455117549451,2.469911839747055e-10,12.596654,-4.2863913,2.1906934,10.34096,14.727167
2792,27/5/2018,15:47:58,51.544659,-0.031077,4.91,4.8,504,-0.2077691282427709,20.429268292682927,58.28161585330963,2.277989503399902,4.662935774742183,2.4382089000024084e-10,10.877969,-6.834391,4.1295176,12.270891,14.446219
2793,27/5/2018,15:47:59,51.544662,-0.031097,4.96,4.8,502,-0.2473681160540093,20.43658536585366,57.27495782149966,2.2754468476251315,4.686772878414018,2.638634877675315e-10,11.220647,-2.9450696,1.1967766,10.102623,13.225539
2794,27/5/2018,15:48:0,51.544666,-0.031116,4.8,4.8,502,-0.2473681160540093,20.44390243902439,54.852652783073765,2.3213208223270323,4.760768304696027,3.1683698862730887e-10,11.162048,-3.047476,1.2799013,10.202477,13.212884
2795,27/5/2018,15:48:1,51.54467,-0.031135,4.63,4.8,504,-0.2077691282427709,20.451219512195124,52.43034774464787,2.367194797028933,4.834763730978037,3.698104894870862e-10,10.669552,-6.5241275,3.9813032,12.284296,14.262955
2796,27/5/2018,15:48:2,51.54467,-0.031155,4.85,4.8,504,-0.2077691282427709,20.458536585365856,49.11245550505952,2.4649695352175307,4.965609176915004,4.506963624186152e-10,10.65343,-6.4666142,3.8996215,12.296754,14.15487
2797,27/5/2018,15:48:2,51.54467,-0.031155,4.85,3.9,505,-0.1879696343371517,20.465853658536588,42.95947708143938,2.7270422192799044,5.276420018825148,6.199421184765035e-10,9.381515,-6.8451767,4.123556,13.33365,13.133317
2798,27/5/2018,15:48:3,51.544674,-0.031171,4.13,3.9,503,-0.2275686221483901,20.47317073170732,36.80649865782223,2.9891149033421507,5.587230860735139,7.891878745343094e-10,11.203579,-4.455415,2.4559076,11.260325,13.562488
2799,27/5/2018,15:48:4,51.544674,-0.031186,3.39,3.9,506,-0.1681701404315325,20.48048780487805,30.644631477754647,3.226739471397291,5.913180187713294,9.949352453231452e-10,8.295941,-6.702273,4.6411166,13.636733,12.074245
2800,27/5/2018,15:48:5,51.544682,-0.031196,1.0,3.9,509,-0.1087716587146749,20.48780487804878,24.35832170742276,3.1220904153508044,6.451068305643838,1.7117052223457799e-09,4.894118,-7.040812,5.9278054,14.785151,9.504945
2801,27/5/2018,15:48:5,51.544682,-0.031196,1.0,4.3,511,-0.0691726709034365,20.495121951219517,18.07201193709087,3.017441359304318,6.988956423574382,2.428475199368414e-09,3.397288,-7.166813,6.8289104,15.126414,8.429783
2802,27/5/2018,15:48:6,51.544682,-0.031199,0.37,4.3,512,-0.0493731769978173,20.502439024390245,11.78570216675898,2.912792303257832,7.526844541504925,3.1452451763910483e-09,2.8528485,-6.876687,7.1457834,14.993578,7.9046154
2803,27/5/2018,15:48:6,51.544682,-0.031199,0.37,4.0,513,-0.0295736830921981,20.509756097560977,11.930736097348426,3.2306378623688485,7.909083697646012,3.3929467041568677e-09,2.6916606,-6.705175,7.246176,14.86114,7.72958
2804,27/5/2018,15:48:7,51.544682,-0.031199,0.76,4.0,509,-0.1087716587146749,20.51707317073171,12.844179006248206,3.598962554717339,8.272726108648664,3.584604514682165e-09,3.5622885,-6.3032045,6.735957,14.341204,8.231688
2805,27/5/2018,15:48:7,51.544682,-0.031199,0.76,3.7,510,-0.0889721648090557,20.52439024390244,13.757621915147986,3.96728724706583,8.636368519651318,3.7762623252074625e-09,3.225022,-6.205144,6.9040246,14.292821,7.9707727
2806,27/5/2018,15:48:8,51.544682,-0.031198,1.2,3.7,505,-0.1879696343371517,20.53170731707317,15.555503638960529,4.083463805079439,8.511350460043376,3.648100139577473e-09,4.192601,-5.7871346,6.2831984,13.714706,8.708666
2807,27/5/2018,15:48:9,51.544685,-0.031199,0.37,3.7,505,-0.1879696343371517,20.539024390243902,17.69754015572532,4.101523921908246,8.196183754479623,3.3954888878248484e-09,4.2012157,-5.799336,6.291359,13.727834,8.741642
2808,27/5/2018,15:48:10,51.544685,-0.031197,0.19,3.7,505,-0.1879696343371517,20.546341463414635,19.839576672490114,4.119584038737053,7.88101704891587,3.142877636072226e-09,4.2149763,-5.8141303,6.3146243,13.74155,8.731742
2809,27/5/2018,15:48:11,51.544685,-0.031199,0.57,3.7,510,-0.0889721648090557,20.553658536585367,18.68629948149673,4.499939951916184,8.146169862596766,3.4154090842243476e-09,3.244183,-6.217827,6.9268017,14.28554,7.94814
2810,27/5/2018,15:48:12,51.544685,-0.0312,0.3,3.7,510,-0.0889721648090557,20.5609756097561,14.79832211809084,5.180956277004194,8.892915638306253,4.123743602836692e-09,3.1527357,-5.57748,6.990889,13.780408,7.7733636
2811,27/5/2018,15:48:13,51.544685,-0.0312,0.22,3.7,508,-0.1285711526202941,20.56829268292683,10.910344754684951,5.861972602092203,9.63966141401574,4.832078121449036e-09,3.232432,-5.3862977,6.93005,13.608752,7.8300037
2812,27/5/2018,15:48:14,51.544682,-0.031199,0.67,3.7,510,-0.0889721648090557,20.575609756097563,7.663207198673941,8.092344057596394,11.015433730396706,1.0157458120463838e-08,-0.35489354,-3.0404441,8.923525,12.010234,3.8693016
2813,27/5/2018,15:48:15,51.544678,-0.031201,1.35,3.7,515,0.0100253047190402,20.582926829268292,5.492877860353919,12.926109243174874,13.448164338576516,2.3240896307157572e-08,-4.2424517,-1.6066097,10.043115,10.552059,1.4733161
2814,27/5/2018,15:48:15,51.544678,-0.031201,1.35,4.1,518,0.0694237864358978,20.590243902439024,3.3225485220349498,17.75987442875101,15.880894946755143,3.632433449384495e-08,-5.41835,-0.61740965,10.517528,9.687265,0.15641706
2815,27/5/2018,15:48:16,51.544682,-0.031197,1.31,4.1,514,-0.0097741891865789,20.59756097560976,1.6122522365880927,21.289925020850603,17.84494424325055,4.5221720397047584e-08,-5.892239,-0.031579766,10.710416,9.071456,-0.34319732
2816,27/5/2018,15:48:17,51.544678,-0.031199,0.5,4.1,517,0.0496242925302786,20.60487804878049,1.7455706232931556,19.595248089949955,17.930720364833455,3.734320865541948e-08,-5.7629876,0.06266968,10.481284,9.047288,-0.29622507
2817,27/5/2018,15:48:18,51.544674,-0.031201,0.04,4.1,515,0.0100253047190402,20.61219512195122,1.8788890099982185,17.900571159049303,18.01649648641636,2.9464696913791378e-08,-5.5668745,-0.12186941,10.421126,9.243443,-0.14021619
2818,27/5/2018,15:48:18,51.544674,-0.031201,0.04,4.7,515,0.0100253047190402,20.619512195121956,2.0769874719091237,16.154934551835254,18.02374907432526,2.16408551976572e-08,-5.0606375,-0.28477633,10.11846,9.481249,0.21951386
2819,27/5/2018,15:48:19,51.544674,-0.0312,0.09,4.7,509,-0.1087716587146749,20.626829268292685,4.67306561426283,12.522911305933576,15.124277062293586,1.5840747011426135e-08,-3.8569577,-1.4847432,9.6332655,10.534626,1.5346851
2820,27/5/2018,15:48:19,51.544674,-0.0312,0.09,4.7,510,-0.0889721648090557,20.634146341463417,7.269143756616537,8.890888060031902,12.224805050261914,1.0040638825195075e-08,-0.58742785,-2.9440014,8.96884,11.883784,3.602391
2821,27/5/2018,15:48:20,51.544674,-0.0312,0.22,4.7,508,-0.1285711526202941,20.64146341463415,9.865221898970244,5.258864814130224,9.32533303823024,4.2405306389640125e-09,3.2554688,-5.4578757,6.9063816,13.639946,7.908464
2822,27/5/2018,15:48:20,51.544674,-0.0312,0.22,4.8,509,-0.1087716587146749,20.64878048780488,11.328061966725352,5.032144873203731,9.542615260184036,4.812338812969741e-09,3.1932948,-5.5275083,6.97037,13.690174,7.7905626
2823,27/5/2018,15:48:21,51.544674,-0.031199,0.37,4.8,507,-0.1483706465259133,20.65609756097561,12.595467676703954,5.392691879410529,10.29740224457237,6.483025862992102e-09,3.367196,-5.3854265,6.823122,13.601409,7.9568987
2824,27/5/2018,15:48:22,51.544674,-0.031198,0.37,4.8,506,-0.1681701404315325,20.663414634146346,13.862873386682558,5.753238885617327,11.052189228960705,8.153712913014464e-09,3.4128463,-5.399378,6.785923,13.579571,7.981047
2825,27/5/2018,15:48:23,51.544678,-0.0312,1.06,4.8,507,-0.1483706465259133,20.670731707317078,13.180215700824672,6.73758109571421,12.372773043752204,1.0591169580962496e-08,-0.32930997,-3.3671439,8.602454,12.238043,3.8506522
2826,27/5/2018,15:48:24,51.544678,-0.031203,0.33,4.8,517,0.0496242925302786,20.678048780487806,11.5778395724366,8.016127050471148,13.960206531614824,1.3390261752804269e-08,-1.3101856,-1.7435777,9.283311,10.7957325,3.5728402
2827,27/5/2018,15:48:25,51.544678,-0.031202,0.33,4.8,512,-0.0493731769978173,20.68536585365854,9.975463444048522,9.294673005228084,15.54764001947744,1.6189353924646037e-08,-2.6951416,-2.2179523,9.127955,11.151186,2.5940633
2828,27/5/2018,15:48:26,51.544674,-0.031202,0.94,4.8,506,-0.1681701404315325,20.69268292682927,8.534888045907282,10.32702250612153,15.912668417791808,1.6753624881205246e-08,-3.1654828,-2.0218825,9.168996,11.0464115,2.1887138
2829,27/5/2018,15:48:27,51.544678,-0.031199,1.89,4.8,507,-0.1483706465259133,20.700000000000003,7.252198844216345,11.119131918971128,15.084866043242354,1.5137142877693658e-08,-3.3551745,-1.8430163,9.305232,10.900591,2.013542
2830,27/5/2018,15:48:28,51.544682,-0.031198,0.3,4.8,513,-0.0295736830921981,20.70731707317073,5.969509642526029,11.911241331820342,14.2570636686933,1.3520660874182856e-08,-4.001484,-1.5955744,9.820151,10.595346,1.6134796
2831,27/5/2018,15:48:28,51.544682,-0.031198,0.3,5.8,513,-0.0295736830921981,20.714634146341464,4.96591659037904,13.61230333253672,13.952326100850744,1.6010021737077952e-08,-4.2568517,-1.3719054,9.94675,10.407714,1.2599468
2832,27/5/2018,15:48:29,51.544682,-0.031198,0.17,5.8,514,-0.0097741891865789,20.7219512195122,4.5220374882948375,17.136226179617424,14.696569930921187,2.6733453664187876e-08,-5.332668,-0.7376258,10.488236,9.818482,0.29445237
2833,27/5/2018,15:48:29,51.544682,-0.031198,0.17,5.8,518,0.0694237864358978,20.729268292682928,4.078158386210636,20.66014902669813,15.440813760991633,3.74568855912978e-08,-5.8283167,-0.3907458,10.784166,9.319113,-0.19927056
2834,27/5/2018,15:48:30,51.544678,-0.0312,0.46,5.8,521,0.1288222681527554,20.73658536585366,4.128221149034353,22.862913364113304,15.872368141164124,4.45867313795459e-08,-5.9019785,-0.28251624,10.815964,9.190722,-0.29686058
2835,27/5/2018,15:48:31,51.544674,-0.031213,5.22,5.8,510,-0.0889721648090557,20.743902439024392,6.784366180121584,18.09512507131835,14.654144503423444,3.2756489389627644e-08,-5.4939814,-0.7210857,10.624505,9.735636,0.17122722
2836,27/5/2018,15:48:32,51.544666,-0.031238,6.35,5.8,507,-0.1483706465259133,20.751219512195124,9.440511211208817,13.327336778523394,13.435920865682766,2.0926247399709393e-08,-3.9570434,-1.4245164,9.73422,10.520228,1.445808
2837,27/5/2018,15:48:33,51.544666,-0.031261,5.82,5.8,508,-0.1285711526202941,20.758536585365857,12.096656242296048,8.559548485728438,12.217697227942086,9.096005409791134e-09,-0.58401394,-3.1237576,8.836049,11.980518,3.623611
2838,27/5/2018,15:48:33,51.544666,-0.031261,5.82,5.3,509,-0.1087716587146749,20.765853658536585,18.381323556347645,6.778985795219536,10.41297510696382,6.558309613124841e-09,2.9494362,-5.23983,6.9896793,13.503025,7.688998
2839,27/5/2018,15:48:34,51.544666,-0.031285,6.52,5.3,504,-0.2077691282427709,20.77317073170732,24.717731528529136,5.041019237951423,8.599889852139363,4.153120224911737e-09,4.1057754,-5.739918,6.380404,13.714498,8.659065
2840,27/5/2018,15:48:35,51.544662,-0.03131,6.0,5.3,504,-0.2077691282427709,20.78048780487805,31.054139500710622,3.303052680683309,6.786804597314908,1.7479308366986343e-09,9.233629,-5.7741966,3.6335883,12.647372,12.5874605
2841,27/5/2018,15:48:36,51.544662,-0.03133,5.35,5.3,506,-0.1681701404315325,20.78780487804878,35.375685871737865,2.8431735808620635,6.221508592815146,1.1729670222338334e-09,8.443124,-6.648384,4.5484796,13.51149,12.18123
2842,27/5/2018,15:48:36,51.544662,-0.03133,5.35,5.0,505,-0.1879696343371517,20.795121951219517,39.23240835710325,2.6781462851775326,5.944074666529955,1.020231991294413e-09,9.247504,-6.4970446,4.0433154,13.245594,12.871031
2843,27/5/2018,15:48:37,51.544662,-0.031352,5.59,5.0,502,-0.2473681160540093,20.80243902439025,43.08913084246864,2.5131189894930017,5.666640740244765,8.674969603549924e-10,10.927539,-3.7832377,1.959277,10.894856,13.264452
2844,27/5/2018,15:48:38,51.544662,-0.031374,5.67,5.0,505,-0.1879696343371517,20.809756097560975,45.08791112972505,2.510297261457347,5.628185680642851,8.210273908273511e-10,9.554547,-6.70918,4.1332026,13.159462,13.220123
2845,27/5/2018,15:48:39,51.544662,-0.031396,5.11,5.0,504,-0.2077691282427709,20.81707317073171,46.03775385149416,2.5990518555544635,5.724650809019231,8.345520635867444e-10,10.110292,-5.8622274,3.561135,12.298082,13.483094
2846,27/5/2018,15:48:40,51.544662,-0.031419,5.37,5.0,503,-0.2275686221483901,20.82439024390244,46.987596573262806,2.687806449651537,5.8211159373955645,8.480767363461313e-10,11.360991,-4.321862,2.311985,11.049671,13.74884
2847,27/5/2018,15:48:40,51.544662,-0.031419,5.37,5.7,504,-0.2077691282427709,20.83170731707317,45.571704295713005,2.7725870939966413,6.0350413628818425,1.0183981796043867e-09,10.030037,-5.800832,3.5046837,12.291536,13.385343
2848,27/5/2018,15:48:41,51.544662,-0.03144,5.04,5.7,501,-0.2671676099596285,20.839024390243903,41.44224256422404,2.8528094980224985,6.38369729469271,1.3685702515359791e-09,10.824089,-3.8480887,1.9587033,10.908327,13.180442
2849,27/5/2018,15:48:42,51.544659,-0.031458,4.72,5.7,507,-0.1483706465259133,20.846341463414635,37.31278083273507,2.933031902048356,6.732353226503577,1.7187423234675715e-09,5.624319,-7.011744,5.6102176,14.471604,10.035381
2850,27/5/2018,15:48:42,51.544659,-0.031458,4.72,5.3,509,-0.1087716587146749,20.853658536585368,33.39538205051529,2.944778639965272,6.850882559534476,1.8720898113289687e-09,5.066484,-7.1937013,5.7752028,14.848958,9.618772
2851,27/5/2018,15:48:43,51.544659,-0.031478,4.82,5.3,508,-0.1285711526202941,20.8609756097561,29.99125455347061,2.79078877340658,6.412419850740855,1.5490485308179615e-09,5.3403635,-7.350415,5.704061,14.854071,9.914107
2852,27/5/2018,15:48:44,51.544659,-0.031498,4.37,5.3,506,-0.1681701404315325,20.868292682926832,26.58712705642593,2.636798906847888,5.973957141947237,1.2260072503069543e-09,8.266849,-6.877318,4.569002,13.780306,12.104255
2853,27/5/2018,15:48:45,51.544662,-0.031518,5.19,5.3,506,-0.1681701404315325,20.87560975609756,23.47594264431336,2.485404448066081,5.561834609737696,9.39762416722235e-10,8.218305,-6.928398,4.611343,13.889996,12.196138
2854,27/5/2018,15:48:46,51.544662,-0.031537,4.67,5.3,507,-0.1483706465259133,20.882926829268293,22.534100416411626,2.3532298578016886,5.344769954441317,9.260076627886452e-10,6.391946,-7.600139,5.970497,14.793362,10.965168
2855,27/5/2018,15:48:46,51.544662,-0.031537,4.67,5.2,509,-0.1087716587146749,20.890243902439025,21.592258188509884,2.221055267537295,5.127705299144939,9.12252908855055e-10,4.52743,-8.172286,6.098184,15.765256,9.580099
2856,27/5/2018,15:48:47,51.544659,-0.031557,4.85,5.2,508,-0.1285711526202941,20.89756097560976,20.650415960608143,2.0888806772729023,4.910640643848559,8.98498154921465e-10,5.0411835,-8.323826,5.9943614,15.723125,10.023566
2857,27/5/2018,15:48:48,51.544655,-0.031576,4.59,5.2,508,-0.1285711526202941,20.90487804878049,21.304581556832872,2.3039431297377995,5.18036879217941,9.152134436830238e-10,5.0598745,-8.287198,5.9799733,15.680187,10.047159
2858,27/5/2018,15:48:49,51.544655,-0.031597,4.85,5.2,508,-0.1285711526202941,20.91219512195122,22.050603718474346,2.5389904479711563,5.478113792517398,9.336824039665936e-10,5.101775,-8.196109,6.022484,15.527085,10.0279455
2859,27/5/2018,15:48:49,51.544655,-0.031597,4.85,5.7,507,-0.1483706465259133,20.919512195121957,22.79662588011582,2.774037766204513,5.775858792855385,9.52151364250164e-10,6.1709275,-7.50162,6.0110426,14.748412,10.734093
2860,27/5/2018,15:48:50,51.544655,-0.031617,4.46,5.7,504,-0.2077691282427709,20.92682926829269,23.01799433115054,2.8812776428113285,6.229231310093611,1.3840708940781547e-09,9.25978,-5.771798,3.6509168,12.672868,12.599138
2861,27/5/2018,15:48:51,51.544655,-0.031636,4.5,5.7,506,-0.1681701404315325,20.93414634146341,23.08457555785412,2.9508108211935697,6.728518210254139,1.937969673769352e-09,5.3438478,-6.72035,5.9536705,14.2828045,9.885624
2862,27/5/2018,15:48:52,51.544651,-0.031656,4.76,5.7,509,-0.1087716587146749,20.941463414634143,23.15115678455772,3.0203439995758448,7.227805110414909,2.4918684534608198e-09,4.73032,-6.9393063,6.0165253,14.681379,9.333254
2863,27/5/2018,15:48:52,51.544651,-0.031656,4.76,4.7,510,-0.0889721648090557,20.94878048780488,22.54734118628056,3.107340927991333,7.538444839795368,2.799075545934334e-09,4.583886,-6.8627453,6.1233687,14.650082,9.121708
2864,27/5/2018,15:48:53,51.544651,-0.031668,2.67,4.7,505,-0.1879696343371517,20.95609756097561,21.49433771284609,3.206039142089256,7.722684773353885,2.940991111551972e-09,4.2926106,-5.84546,6.2366033,13.724703,8.797677
2865,27/5/2018,15:48:54,51.544651,-0.031684,4.56,4.7,508,-0.1285711526202941,20.963414634146343,20.44133423941162,3.304737356187179,7.906924706912402,3.08290667716961e-09,4.2675815,-6.4601145,6.3626385,14.350308,8.817191
2866,27/5/2018,15:48:55,51.544651,-0.031705,4.54,4.7,506,-0.1681701404315325,20.970731707317075,18.582510214026225,3.4689036420568766,8.08558372787487,3.32346771542115e-09,4.2685065,-5.8953304,6.287886,13.777211,8.721568
2867,27/5/2018,15:48:56,51.544651,-0.031718,3.3,4.7,508,-0.1285711526202941,20.978048780487807,15.635227084886234,3.721500681588448,8.256704351972523,3.6972737577528094e-09,3.9236534,-6.291922,6.5498376,14.23683,8.495891
2868,27/5/2018,15:48:57,51.544651,-0.031731,3.15,4.7,510,-0.0889721648090557,20.98536585365854,12.687943955746242,3.9740977211200192,8.427824976070177,4.07107980008447e-09,3.260265,-6.229726,6.909938,14.314667,7.9751716
2869,27/5/2018,15:48:58,51.544651,-0.031741,2.59,4.7,510,-0.0889721648090557,20.992682926829268,10.33630650481441,4.261977866465254,8.752772711357435,4.774388410938682e-09,3.1860633,-6.1504717,6.8816442,14.215577,7.9748697
2870,27/5/2018,15:48:59,51.544655,-0.031753,3.13,4.7,514,-0.0097741891865789,21.0,9.75266834348438,4.654585550842834,9.534311056223077,6.455728640900113e-09,1.1844642,-1.1421176,9.898941,11.175499,6.0400076
2871,27/5/2018,15:48:59,51.544655,-0.031753,3.13,3.6,515,0.0100253047190402,21.00731707317073,9.16903018215435,5.047193235220415,10.315849401088714,8.137068870861543e-09,1.1352175,-1.0819255,9.96576,11.057562,5.994644
2872,27/5/2018,15:49:0,51.544655,-0.031768,4.35,3.6,509,-0.1087716587146749,21.014634146341464,9.0344726552337,5.368382027209315,10.933607620918565,9.48695745242794e-09,2.9790165,-5.2923503,7.039136,13.552057,7.5922365
2873,27/5/2018,15:49:1,51.544655,-0.03179,4.22,3.6,507,-0.1483706465259133,21.0219512195122,14.163658333534578,4.85245899399165,9.631673798268611,6.951850270608982e-09,3.483243,-5.5888796,6.8113713,13.654527,8.004095
2874,27/5/2018,15:49:2,51.544655,-0.031819,4.44,3.6,506,-0.1681701404315325,21.02926829268293,19.292844011835456,4.336535960773984,8.32973997561866,4.416743088790025e-09,4.1556306,-5.845151,6.3687034,13.809306,8.677753
2875,27/5/2018,15:49:3,51.544662,-0.031825,2.65,3.6,507,-0.1483706465259133,21.03658536585366,24.422029690136338,3.82061292755632,7.027806152968708,1.881635906971068e-09,4.925933,-6.6697507,6.145943,14.339904,9.475108
2876,27/5/2018,15:49:4,51.544662,-0.031841,3.32,3.6,504,-0.2077691282427709,21.043902439024397,24.128131154833547,4.468316480304176,8.000964427933315,2.9827560484626515e-09,4.192545,-5.785334,6.3667135,13.718053,8.704867
2877,27/5/2018,15:49:4,51.544662,-0.031841,3.32,4.2,504,-0.2077691282427709,21.05121951219512,23.266384623217967,5.237862696611961,9.212346274240325,4.464623439738367e-09,4.0131197,-5.7027454,6.4726415,13.642786,8.496528
2878,27/5/2018,15:49:5,51.54467,-0.031851,2.57,4.2,503,-0.2275686221483901,21.058536585365854,22.40463809160197,6.00740891292012,10.42372812054792,5.9464908310148005e-09,3.8200445,-5.5836115,6.5641813,13.614417,8.331461
2879,27/5/2018,15:49:6,51.544674,-0.031862,1.35,4.2,514,-0.0097741891865789,21.065853658536582,19.167795495243183,6.472238790069008,11.66347456768418,8.143011561941674e-09,0.17755866,-3.1835642,8.846835,12.022167,4.622003
2880,27/5/2018,15:49:7,51.544674,-0.031868,0.54,4.2,513,-0.0295736830921981,21.07317073170732,15.060591316803656,6.825404385939555,12.913615313905346,1.0601419304754442e-08,-0.028436476,-3.3792114,8.615579,12.046801,4.4659247
2881,27/5/2018,15:49:8,51.54467,-0.031879,1.02,4.2,516,0.0298247986246594,21.08048780487805,10.953387138364128,7.178569981810103,14.163756060126511,1.3059827047567212e-08,-1.179902,-1.9469985,9.042304,10.843116,3.7225366
2882,27/5/2018,15:49:8,51.54467,-0.031879,1.02,5.1,511,-0.0691726709034365,21.087804878048782,12.852005318627551,6.729883312140313,13.293536421164776,1.1870289066099357e-08,-0.26578003,-3.409745,8.636828,12.145751,4.076997
2883,27/5/2018,15:49:9,51.544666,-0.031877,0.5,5.1,508,-0.1285711526202941,21.095121951219515,19.49967794116006,5.647138584094938,10.746659314658665,7.796168122908191e-09,3.2197752,-5.2746196,6.9241834,13.559156,7.786651
2884,27/5/2018,15:49:10,51.544666,-0.031878,1.15,5.1,506,-0.1681701404315325,21.102439024390247,26.14735056369257,4.564393856049562,8.199782208152554,3.722047179717027e-09,4.189016,-5.8661056,6.3640966,13.792911,8.692214
2885,27/5/2018,15:49:11,51.544659,-0.03189,1.33,5.1,502,-0.2473681160540093,21.10975609756097,35.06120536821469,3.781240318971243,6.510782845060809,1.1575614391243796e-09,10.690962,-4.2241316,2.2461364,11.177461,13.170495
2886,27/5/2018,15:49:11,51.544659,-0.03189,1.33,5.5,503,-0.2275686221483901,21.117073170731707,47.594545495219066,3.4765857865460323,6.191962775335458,1.0042245026787676e-09,11.133149,-4.273791,2.2613485,11.080891,13.544039
2887,27/5/2018,15:49:12,51.544647,-0.031913,5.26,5.5,500,-0.2869671038652477,21.12439024390244,60.12788562222344,3.1719312541208216,5.873142705610107,8.508875662331556e-10,12.669199,2.0151734,-3.0886137,5.2308545,10.388436
2888,27/5/2018,15:49:12,51.544647,-0.031913,5.26,5.7,501,-0.2671676099596285,21.13170731707317,69.5818002238502,2.944824745534764,5.676548950668602,7.663781255736852e-10,12.055255,2.422985,-1.9294516,5.7838645,11.191025
2889,27/5/2018,15:49:13,51.544628,-0.03195,5.8,5.7,498,-0.3265660916764861,21.139024390243904,67.56485474345821,3.006584625749224,5.935248218296411,9.382511067173039e-10,15.050438,6.8798857,-3.634684,5.0704446,9.243737
2890,27/5/2018,15:49:14,51.544617,-0.03197,5.63,5.7,499,-0.3067665977708669,21.14634146341464,65.54790926306623,3.068344505963684,6.19394748592422,1.110124087860922e-09,12.842286,2.1809988,-3.2269936,5.0570793,10.196483
2891,27/5/2018,15:49:15,51.544617,-0.031983,3.32,5.7,506,-0.1681701404315325,21.153658536585368,63.23282793890591,3.1168770575373923,6.438072192495221,1.2777470086446203e-09,9.894282,-7.0747533,4.442531,12.998269,13.534227
2892,27/5/2018,15:49:15,51.544617,-0.031983,3.32,6.4,504,-0.2077691282427709,21.1609756097561,53.42074962650344,2.8327919616360684,6.315701415105777,1.3384968701026308e-09,10.013003,-5.757602,3.505209,12.308842,13.299975
2893,27/5/2018,15:49:16,51.544624,-0.032,4.69,6.4,506,-0.1681701404315325,21.16829268292683,43.60867131410572,2.548706865734882,6.193330637716392,1.3992467315606115e-09,8.690881,-6.54909,4.4312115,13.331302,12.3678465
2894,27/5/2018,15:49:16,51.544624,-0.032,4.69,6.9,508,-0.1285711526202941,21.17560975609756,33.79659300170326,2.2646217698335582,6.070959860326948,1.459996593018622e-09,5.355309,-7.642951,5.703629,15.031767,9.986626
2895,27/5/2018,15:49:17,51.544628,-0.032014,4.07,6.9,507,-0.1483706465259133,21.182926829268293,29.91129372941265,2.2672066006245046,6.0511525018489145,1.639133819428588e-09,6.1760883,-7.4182897,5.8081985,14.712219,10.732929
2896,27/5/2018,15:49:18,51.544632,-0.032028,4.24,6.9,509,-0.1087716587146749,21.190243902439025,26.95215080423999,2.314588305119868,6.047372358282056,1.8367710116254935e-09,5.0268087,-7.622871,5.7890654,15.157092,9.698645
2897,27/5/2018,15:49:19,51.544636,-0.032046,3.39,6.9,506,-0.1681701404315325,21.19756097560976,23.993007879067328,2.361970009615232,6.043592214715198,2.0344082038224e-09,8.242018,-6.920095,4.5737357,13.824132,12.15419
2898,27/5/2018,15:49:19,51.544636,-0.032046,3.39,6.9,506,-0.1681701404315325,21.20487804878049,24.57915814057424,2.3751095576036705,6.025651181181966,2.055800509712491e-09,8.234782,-6.8762712,4.588349,13.828479,12.11362
2899,27/5/2018,15:49:20,51.54464,-0.032072,5.2,6.9,508,-0.1285711526202941,21.212195121951225,26.74728115984276,2.3729696474743736,6.001391307154348,1.998549218542756e-09,5.1987004,-7.7903557,5.776166,15.172356,9.929573
2900,27/5/2018,15:49:20,51.54464,-0.032072,5.2,7.0,509,-0.1087716587146749,21.219512195121958,28.91540417911128,2.370829737345076,5.977131433126731,1.941297927373021e-09,5.030446,-7.6196733,5.7871256,15.184025,9.736287
2901,27/5/2018,15:49:21,51.54464,-0.032087,3.78,7.0,505,-0.1879696343371517,21.226829268292683,33.63025610993769,2.450653663106499,5.932906646341176,1.755392985732185e-09,9.060289,-6.4368525,3.9613156,13.288219,12.70364
2902,27/5/2018,15:49:22,51.54464,-0.032101,2.98,7.0,503,-0.2275686221483901,21.23414634146341,40.71422732003519,2.6067252424482783,5.8701093057556655,1.449806737495934e-09,11.234583,-4.4221787,2.418572,11.202451,13.626288
2903,27/5/2018,15:49:22,51.54464,-0.032101,2.98,6.6,504,-0.2077691282427709,21.241463414634147,47.79819853013269,2.762796821790058,5.807311965170155,1.144220489259683e-09,10.10714,-5.856508,3.5513859,12.299091,13.458963
2904,27/5/2018,15:49:23,51.54464,-0.032125,4.52,6.6,500,-0.2869671038652477,21.24878048780488,52.410786551673226,2.8909125312817965,5.760852472208535,9.485681659187242e-10,10.868512,-3.5512955,1.8005676,10.759284,13.113421
2905,27/5/2018,15:49:23,51.54464,-0.032125,4.52,6.6,502,-0.2473681160540093,21.25609756097561,52.32449469497288,2.965875304019207,5.745456386900218,9.619349497798967e-10,10.982354,-3.5876358,1.7674664,10.699934,13.23624
2906,27/5/2018,15:49:24,51.544636,-0.03215,4.11,6.6,501,-0.2671676099596285,21.263414634146343,52.23820283827255,3.040838076756618,5.730060301591903,9.753017336410691e-10,10.892416,-3.5940068,1.7994993,10.752609,13.1536455
2907,27/5/2018,15:49:25,51.54464,-0.032167,4.11,6.6,503,-0.2275686221483901,21.27073170731708,50.89498117402204,3.0727716096625297,5.76805444905141,1.071447211267213e-09,11.316837,-4.2809563,2.2343972,11.023631,13.642488
2908,27/5/2018,15:49:26,51.544643,-0.032193,4.33,6.6,506,-0.1681701404315325,21.278048780487808,43.47012737829182,2.896508944196446,6.064376271737934,1.5681159009127962e-09,8.693429,-6.526069,4.4229565,13.347499,12.333231
2909,27/5/2018,15:49:27,51.54464,-0.032227,4.44,6.6,510,-0.0889721648090557,21.285365853658536,36.0452735825652,2.720246278730448,6.360698094424314,2.0647845905581384e-09,5.0079503,-7.3244905,5.769579,14.9761915,9.6286335
2910,27/5/2018,15:49:27,51.54464,-0.032227,4.44,1.7,509,-0.1087716587146749,21.29268292682927,28.62041978683498,2.543983613264364,6.657019917110837,2.561453280203721e-09,5.0250373,-7.3590236,5.77426,15.002909,9.655945
2911,27/5/2018,15:49:28,51.544647,-0.032248,4.8,1.7,505,-0.1879696343371517,21.3,26.11215043067931,2.769347257914172,6.675446857648582,2.3992457395816116e-09,9.042595,-5.9985933,3.8486626,12.916187,12.471571
2912,27/5/2018,15:49:29,51.544651,-0.032272,4.96,1.7,507,-0.1483706465259133,21.307317073170733,23.61430861310231,2.995562708099796,6.69328441349457,2.235640794441362e-09,5.170968,-6.7473273,5.979128,14.357168,9.753044
2913,27/5/2018,15:49:30,51.544655,-0.032294,4.54,1.7,506,-0.1681701404315325,21.314634146341465,21.116466795525305,3.221778158285421,6.711121969340558,2.0720358493011123e-09,5.2304206,-6.7272644,6.0482116,14.290585,9.819217
2914,27/5/2018,15:49:30,51.544655,-0.032294,4.54,1.8,508,-0.1285711526202941,21.3219512195122,18.77115713950255,3.268829725877472,7.137354656035185,2.602294711653958e-09,4.749785,-6.8227735,6.199699,14.556141,9.324364
2915,27/5/2018,15:49:31,51.544659,-0.032312,4.3,1.8,509,-0.1087716587146749,21.32926829268293,16.458317201038316,3.2777424471749206,7.650522939890504,3.2802572557996238e-09,4.2517605,-6.7024317,6.354292,14.540887,8.873949
2916,27/5/2018,15:49:32,51.544662,-0.032333,4.32,1.8,512,-0.0493731769978173,21.33658536585366,14.145477262574085,3.286655168472369,8.163691223745824,3.958219799945289e-09,2.73088,-6.7048697,7.2095184,14.868021,7.7692413
2917,27/5/2018,15:49:33,51.544666,-0.032354,4.93,1.8,510,-0.0889721648090557,21.34390243902439,12.372848395303434,3.6518452356217033,8.87771786231733,4.633480411197348e-09,3.1166394,-6.16977,6.926498,14.299895,7.86405
2918,27/5/2018,15:49:34,51.544666,-0.032374,4.85,1.8,506,-0.1681701404315325,21.35121951219512,10.889703426873409,4.207954298412005,9.699378836316347,5.307293132707995e-09,3.8291872,-5.6280284,6.446495,13.62443,8.300633
2919,27/5/2018,15:49:34,51.544666,-0.032374,4.85,2.4,510,-0.0889721648090557,21.35853658536585,9.40655845844338,4.764063361202307,10.521039810315369,5.981105854218642e-09,2.8725634,-5.383922,7.0870485,13.598725,7.482762
2920,27/5/2018,15:49:35,51.544662,-0.032394,5.19,2.4,513,-0.0295736830921981,21.365853658536587,8.561619375173626,4.806896963115856,10.610346887290444,5.894583934529563e-09,1.0388081,-4.3043423,8.080449,12.876138,5.582335
2921,27/5/2018,15:49:36,51.544659,-0.032415,5.22,2.4,511,-0.0691726709034365,21.37317073170732,8.414465523938187,4.288538565874677,9.89893158634864,4.976746766313684e-09,2.6265152,-5.545015,7.2126293,13.813505,7.247314
2922,27/5/2018,15:49:37,51.544659,-0.032434,4.63,2.4,510,-0.0889721648090557,21.38048780487805,8.267311672702746,3.770180168633499,9.187516285406836,4.058909598097805e-09,2.974933,-6.071584,6.983139,14.224492,7.67757
2923,27/5/2018,15:49:37,51.544659,-0.032434,4.63,3.2,511,-0.0691726709034365,21.387804878048783,8.150341334184839,3.5864897791491663,8.739013452416005,3.5092707381706833e-09,2.7341864,-6.2358155,7.1078973,14.404196,7.5825896
2924,27/5/2018,15:49:38,51.544659,-0.032454,5.2,3.2,508,-0.1285711526202941,21.395121951219515,8.10237473412983,4.167897338842198,8.89156535241477,3.801384791677039e-09,3.3349533,-5.9161673,6.843584,14.041418,8.01795
2925,27/5/2018,15:49:39,51.544659,-0.032473,5.3,3.2,507,-0.1483706465259133,21.402439024390244,8.054408134074844,4.749304898534946,9.04411725241346,4.0934988451832545e-09,3.4471786,-5.578615,6.81212,13.696613,8.015825
2926,27/5/2018,15:49:40,51.544651,-0.032495,5.17,3.2,511,-0.0691726709034365,21.409756097560976,7.780038783576922,5.295410240206662,9.334366666884875,4.725460980720372e-09,2.892169,-5.445365,7.1297293,13.6937275,7.4805417
2927,27/5/2018,15:49:41,51.544651,-0.032515,4.78,3.2,513,-0.0295736830921981,21.417073170731708,6.002679349593465,5.607159402427014,10.53873041242398,7.613527762444673e-09,0.5672578,-3.591741,8.556137,12.482507,5.014592
2928,27/5/2018,15:49:41,51.544651,-0.032515,4.78,2.5,512,-0.0493731769978173,21.42439024390244,4.225319915610008,5.918908564647365,11.743094157963082,1.0501594544168977e-08,0.3135829,-3.606311,8.502622,12.442419,4.7207155
2929,27/5/2018,15:49:42,51.544651,-0.032537,5.09,2.5,513,-0.0295736830921981,21.43170731707317,2.4479604816265503,6.230657726867717,12.947457903502183,1.3389661325893277e-08,0.023615018,-3.4098637,8.616446,12.066468,4.4922695
2930,27/5/2018,15:49:43,51.544655,-0.032554,3.85,2.5,512,-0.0493731769978173,21.439024390243905,1.949451410211492,9.02440349427508,15.082687374390362,2.1933144581287618e-08,-2.6476285,-2.2475467,9.131134,11.173083,2.6619012
2931,27/5/2018,15:49:44,51.544659,-0.03257,4.63,2.5,516,0.0298247986246594,21.44634146341464,1.5076769380828403,11.928259941514211,17.259213540703534,3.0727523325961114e-08,-3.6630037,-0.6606625,9.373184,9.758915,1.3045703
2932,27/5/2018,15:49:44,51.544659,-0.03257,4.63,3.1,515,0.0100253047190402,21.453658536585365,1.0659024659544027,14.832116388751931,19.43573970701565,3.9521902070630335e-08,-4.6733837,-0.06367637,9.753604,9.319374,0.38407943
2933,27/5/2018,15:49:45,51.544651,-0.032586,5.54,3.1,512,-0.0493731769978173,21.460975609756098,1.5742887665018226,13.365870482566534,18.44943595099761,3.537988323168801e-08,-4.062086,-0.74465954,9.556108,9.973255,1.0854698
2934,27/5/2018,15:49:46,51.544647,-0.0326,3.72,3.1,510,-0.0889721648090557,21.46829268292683,2.3442577898911283,10.696519475033991,16.592393592880654,2.76764270013064e-08,-3.4299376,-1.6383983,9.301022,10.630492,1.8418366
2935,27/5/2018,15:49:47,51.544651,-0.032604,0.35,3.1,514,-0.0097741891865789,21.47560975609756,3.114226813280434,8.027168467501452,14.735351234763698,1.9972970770924777e-08,-2.2685592,-1.9921172,9.179293,10.995766,3.0091789
2936,27/5/2018,15:49:47,51.544651,-0.032604,0.35,3.3,512,-0.0493731769978173,21.48292682926829,5.172451443334266,6.388895368884373,12.668380393970631,1.4125268266196712e-08,-0.028234372,-3.4555547,8.572165,12.183473,4.4151273
2937,27/5/2018,15:49:48,51.544662,-0.032602,0.3,3.3,509,-0.1087716587146749,21.490243902439023,8.051779585061794,5.407806828548924,10.467606126719376,9.460379089082189e-09,2.9938498,-5.2873297,7.046909,13.563341,7.5770183
2938,27/5/2018,15:49:48,51.544662,-0.032602,0.3,3.2,509,-0.1087716587146749,21.49756097560976,10.93110772678932,4.426718288213474,8.266831859468116,4.795489911967667e-09,3.3186574,-6.1504936,6.8351436,14.211272,8.098163
2939,27/5/2018,15:49:49,51.54467,-0.032598,0.28,3.2,507,-0.1483706465259133,21.50487804878049,12.879041017056162,3.847367144089695,6.995984717329753,2.091032312287946e-09,4.8668046,-6.696469,6.2223163,14.387102,9.471185
2940,27/5/2018,15:49:49,51.54467,-0.032598,0.28,3.2,506,-0.1681701404315325,21.51219512195122,13.628684768044378,3.784872753750192,6.921538805632325,1.9087753110191333e-09,4.9115343,-6.69515,6.2016215,14.362242,9.499753
2941,27/5/2018,15:49:50,51.544674,-0.032597,0.15,3.2,507,-0.1483706465259133,21.51951219512195,14.37832851903296,3.722378363410659,6.847092893934861,1.7265183097502327e-09,4.8970275,-6.7101364,6.211221,14.392113,9.496031
2942,27/5/2018,15:49:51,51.544674,-0.032596,0.3,3.2,510,-0.0889721648090557,21.526829268292683,14.565312007214676,3.656572576335837,7.064747145056239,1.9753493512215406e-09,3.6577966,-6.913516,6.6998644,14.856146,8.550079
2943,27/5/2018,15:49:51,51.544674,-0.032596,0.3,2.9,512,-0.0493731769978173,21.534146341463416,13.183227442931598,3.581532430323953,8.096969375996249,3.426338285075269e-09,2.6902041,-6.6875477,7.244888,14.84654,7.717339
2944,27/5/2018,15:49:52,51.544678,-0.032596,0.59,2.9,511,-0.0691726709034365,21.541463414634148,11.80114287864852,3.5064922843120705,9.129191606936258,4.877327218928999e-09,2.6959703,-6.1174083,7.0959687,14.299728,7.512206
2945,27/5/2018,15:49:53,51.544682,-0.032599,0.85,2.9,507,-0.1483706465259133,21.54878048780488,10.731719462610116,3.445167109880708,10.0306258907451,6.112906106206239e-09,3.8029206,-5.640935,6.4486356,13.663528,8.2322035
2946,27/5/2018,15:49:54,51.544685,-0.032602,0.52,2.9,511,-0.0691726709034365,21.55609756097561,12.80247879755255,3.5215869588688755,9.6185037639695,5.185034509005222e-09,2.679508,-5.960021,7.075291,14.177601,7.413853
2947,27/5/2018,15:49:54,51.544685,-0.032602,0.52,3.7,511,-0.0691726709034365,21.563414634146344,14.873238132494984,3.5980068078570437,9.2063816371939,4.257162911804204e-09,2.7439284,-6.0958204,7.0757127,14.273902,7.521119
2948,27/5/2018,15:49:55,51.544685,-0.032604,0.06,3.7,506,-0.1681701404315325,21.570731707317076,16.94399746743641,3.6744266568451738,8.7942595104185,3.3292913146036373e-09,4.1668854,-5.7972584,6.3053045,13.733939,8.636291
2949,27/5/2018,15:49:56,51.544685,-0.032606,0.17,3.7,505,-0.1879696343371517,21.578048780487805,20.87978158382423,3.494695298735755,8.075761535072946,2.697117864809963e-09,4.2632036,-5.8271613,6.2681313,13.720628,8.745496
2950,27/5/2018,15:49:57,51.544689,-0.03261,1.15,3.7,508,-0.1285711526202941,21.585365853658537,24.98402351795264,3.291827157786466,7.329590250840567,2.0916532636695332e-09,4.7806582,-6.789348,6.073872,14.533279,9.303818
2951,27/5/2018,15:49:58,51.544685,-0.032614,1.39,3.7,506,-0.1681701404315325,21.59268292682927,29.08826545208104,3.088959016837178,6.583418966608191,1.4861886625291031e-09,5.486649,-6.69106,5.856892,14.245227,10.004611
2952,27/5/2018,15:49:59,51.544685,-0.032622,2.17,3.7,504,-0.2077691282427709,21.6,30.334748238325208,2.997399198927785,6.411544231523693,1.3675853418465723e-09,9.254042,-5.7778344,3.6354432,12.651892,12.608032
2953,27/5/2018,15:50:0,51.544685,-0.032625,1.13,3.7,503,-0.2275686221483901,21.607317073170734,30.59669814740384,2.944186455724136,6.43752166123671,1.4167116696141527e-09,9.400249,-5.613356,3.4370887,12.416118,12.730406
2954,27/5/2018,15:50:0,51.544685,-0.032625,1.13,5.8,507,-0.1483706465259133,21.614634146341466,30.85864805648247,2.890973712520487,6.463499090949728,1.4658379973817326e-09,5.5698805,-6.988134,5.721501,14.450078,10.043687
2955,27/5/2018,15:50:1,51.544685,-0.032626,0.85,5.8,507,-0.1483706465259133,21.6219512195122,32.01998671207909,2.7704172239121223,6.3663390360152405,1.440766025830177e-09,5.6689415,-7.000754,5.691144,14.491657,10.079368
2956,27/5/2018,15:50:2,51.544682,-0.032629,1.3,5.8,510,-0.0889721648090557,21.629268292682926,33.858787020895456,2.599134277726316,6.176426070567236,1.359804426220149e-09,4.987626,-7.382908,5.764855,15.003605,9.629777
2957,27/5/2018,15:50:3,51.544678,-0.03263,1.54,5.8,506,-0.1681701404315325,21.63658536585366,35.69758732971272,2.427851331540426,5.98651310511914,1.278842826610082e-09,8.485415,-6.756873,4.6344075,13.560564,12.274694
2958,27/5/2018,15:50:4,51.544674,-0.032636,1.41,5.8,504,-0.2077691282427709,21.64390243902439,40.80965043786225,2.370485268622644,5.766533983009074,1.120896892685711e-09,10.128047,-5.8858905,3.575256,12.305288,13.524366
2959,27/5/2018,15:50:5,51.544666,-0.032637,3.17,5.8,502,-0.2473681160540093,21.651219512195123,50.89393186532964,2.4861635497095094,5.500883155291804,8.460086474210603e-10,10.958057,-3.5472653,1.6509758,10.599948,13.238908
2960,27/5/2018,15:50:6,51.544662,-0.032643,1.7,5.8,501,-0.2671676099596285,21.65853658536585,60.97821329279702,2.601841830796375,5.235232327574534,5.711204021564095e-10,12.190305,1.6154842,-2.743622,5.87218,11.095523
2961,27/5/2018,15:50:6,51.544662,-0.032643,1.7,6.7,501,-0.2671676099596285,21.665853658536587,69.47179792130882,2.693951889087593,5.047309352191534,3.6560135924406685e-10,11.918558,2.406187,-1.9181471,5.852356,11.247604
2962,27/5/2018,15:50:7,51.544655,-0.032647,1.87,6.7,498,-0.3265660916764861,21.67317073170732,72.44150238793122,2.7042185448917087,5.129305409660963,4.009749622285402e-10,15.067232,6.9288626,-3.7420418,5.0614533,8.99041
2963,27/5/2018,15:50:8,51.544655,-0.032646,0.35,6.7,500,-0.2869671038652477,21.68048780487805,75.41120685455363,2.7144852006958247,5.211301467130393,4.3634856521301355e-10,13.164771,2.3530517,-3.1562872,4.7079463,10.449652
2964,27/5/2018,15:50:8,51.544655,-0.032646,0.35,6.6,501,-0.2671676099596285,21.68780487804878,77.96787297434963,2.7149649780913374,5.294281263846877,4.807929687740719e-10,11.877795,3.1654568,-1.2530125,5.535393,10.968819
2965,27/5/2018,15:50:9,51.544659,-0.032643,1.41,6.6,500,-0.2869671038652477,21.695121951219512,72.70791278961207,2.5302310294587644,5.395878029507682,6.96899541078787e-10,12.998331,2.257443,-3.1799536,4.8400164,10.423855
2966,27/5/2018,15:50:10,51.544659,-0.032639,0.78,6.6,505,-0.1879696343371517,21.702439024390245,67.4479526048745,2.345497080826191,5.497474795168488,9.13006113383502e-10,10.384488,-7.2012258,4.524383,12.831689,13.852841
2967,27/5/2018,15:50:11,51.544659,-0.032643,1.04,6.6,507,-0.1483706465259133,21.709756097560977,62.18799242013692,2.160763132193618,5.599071560829295,1.129112685688217e-09,9.678017,-7.3547964,4.7405477,13.153296,13.414294
2968,27/5/2018,15:50:12,51.544659,-0.032647,0.46,6.6,503,-0.2275686221483901,21.71707317073171,65.52547924983911,2.2653074087316085,5.479071516075963,9.741824677144562e-10,13.493139,-3.2203946,1.8426262,9.120929,15.192336
2969,27/5/2018,15:50:13,51.544659,-0.032649,0.3,6.6,501,-0.2671676099596285,21.72439024390244,70.07105561691189,2.4105002634615595,5.327933298824866,7.67115183520671e-10,11.962166,2.439846,-1.8823774,5.807156,11.209144
2970,27/5/2018,15:50:14,51.544659,-0.032651,0.43,6.6,499,-0.3067665977708669,21.731707317073173,74.61663198398468,2.5556931181915106,5.176795081573769,5.600478993268858e-10,15.085258,6.9266024,-3.7500422,5.085571,8.95687
2971,27/5/2018,15:50:15,51.544659,-0.032652,0.04,6.6,499,-0.3067665977708669,21.739024390243905,80.06483132446837,2.533180123226984,5.1796237901286615,5.159720844921427e-10,15.072056,6.9132605,-3.7496703,5.0789704,8.91332
2972,27/5/2018,15:50:15,51.544659,-0.032652,0.04,6.4,500,-0.2869671038652477,21.746341463414637,85.89363377559414,2.4399517022792043,5.24737472271771,5.406238137971181e-10,13.656912,3.8480906,-2.056196,3.543547,10.220027
2973,27/5/2018,15:50:16,51.544659,-0.032654,0.13,6.4,498,-0.3265660916764861,21.75365853658537,91.72243622672272,2.34672328133138,5.315125655306793,5.652755431021055e-10,11.883236,10.806084,-4.588796,2.2800279,5.268254
2974,27/5/2018,15:50:16,51.544659,-0.032654,0.13,6.4,503,-0.2275686221483901,21.7609756097561,97.7222914477682,2.295367956273635,5.285913852675441,5.439078384494101e-10,13.559192,-0.9756946,0.85690796,7.396152,14.324915
2975,27/5/2018,15:50:17,51.544659,-0.032657,0.17,6.4,499,-0.3067665977708669,21.76829268292683,103.87383037151513,2.281144249904488,5.170718837322969,4.817316853727563e-10,15.3113575,9.159486,-2.6105607,4.5428114,6.6302304
2976,27/5/2018,15:50:18,51.544659,-0.032662,1.46,6.4,497,-0.3463655855821053,21.775609756097563,110.02536929526204,2.266920543535341,5.055523821970496,4.1955553229610287e-10,12.026894,12.080636,-4.568483,2.0515945,3.8044994
2977,27/5/2018,15:50:19,51.544659,-0.032676,3.87,6.4,498,-0.3265660916764861,21.78292682926829,117.95431896027016,2.2524516130604764,4.930267528858111,3.502543955962285e-10,13.583252,10.551449,-2.8880866,2.8184924,5.2612166
2978,27/5/2018,15:50:20,51.544659,-0.032697,5.41,6.4,496,-0.3661650794877245,21.790243902439027,129.08999186173153,2.237540260460164,4.786859138184847,2.680986890360876e-10,12.239947,13.352563,-4.019676,1.7405162,2.5986001
2979,27/5/2018,15:50:21,51.544659,-0.032717,4.83,6.4,495,-0.3859645733933436,21.79756097560976,140.22566476319292,2.222628907859852,4.643450747511585,1.8594298247594647e-10,12.324394,14.341262,-3.6995318,1.5202602,1.4642285
2980,27/5/2018,15:50:22,51.544659,-0.032738,5.22,6.4,496,-0.3661650794877245,21.804878048780488,151.3287491216877,2.2174432303458054,4.533377861793654,1.2046913830658693e-10,13.791089,13.666332,-2.867033,2.51277,2.065927
2981,27/5/2018,15:50:22,51.544659,-0.032738,5.22,7.2,496,-0.3661650794877245,21.81219512195122,162.28655633693768,2.255613842015835,4.571912016730339,1.29361715339557e-10,14.027386,14.030094,-2.6789546,2.645321,1.672015
2982,27/5/2018,15:50:23,51.544659,-0.032759,4.94,7.2,492,-0.4453630551102012,21.819512195121952,173.24436355218762,2.2937844536858645,4.610446171667024,1.3825429237252703e-10,14.154118,15.465088,-2.4837806,2.7102952,0.16726735
2983,27/5/2018,15:50:24,51.544659,-0.03278,5.54,7.2,492,-0.4453630551102012,21.826829268292684,184.12847304053497,2.331355849182938,4.6485587943024,1.4706570329721915e-10,14.465773,15.641325,-2.3891299,2.9589531,-0.041556317
2984,27/5/2018,15:50:25,51.544655,-0.032804,5.67,7.2,493,-0.425563561204582,21.834146341463416,187.58611927963,2.3085446918680623,4.64419393119147,1.4769806792639167e-10,14.444245,15.541954,-2.3694332,3.0066848,0.023820123
2985,27/5/2018,15:50:26,51.544655,-0.032827,5.83,7.2,492,-0.4453630551102012,21.84146341463415,191.04376551872505,2.2857335345531866,4.63982906808054,1.483304325555641e-10,14.615888,15.69649,-2.3603415,3.0804744,-0.063786395
2986,27/5/2018,15:50:26,51.544655,-0.032827,5.83,6.8,495,-0.3859645733933436,21.84878048780488,194.50141175782005,2.2629223772383105,4.63546420496961,1.4896279718473663e-10,14.720607,15.257461,-2.3607051,3.1662958,0.40000382
2987,27/5/2018,15:50:27,51.544651,-0.032843,4.15,6.8,492,-0.4453630551102012,21.856097560975613,190.0990329181243,2.271152264902264,4.637225284601882,1.457274977958123e-10,14.572908,15.679217,-2.3774712,3.049846,-0.07539081
2988,27/5/2018,15:50:28,51.544651,-0.032863,5.07,6.8,493,-0.425563561204582,21.86341463414634,184.1595951347814,2.285452351493908,4.640184316529132,1.417358614346212e-10,14.380786,15.535292,-2.4050272,2.919049,0.05354154
2989,27/5/2018,15:50:29,51.544647,-0.032882,4.96,6.8,494,-0.4057640672989628,21.870731707317077,178.22015735143566,2.299752438085558,4.643143348456384,1.3774422507342816e-10,14.264417,15.201784,-2.442059,2.8586876,0.36995977
2990,27/5/2018,15:50:29,51.544647,-0.032882,4.96,6.9,496,-0.3661650794877245,21.87804878048781,168.8959833107336,2.269988372058326,4.6363857230647385,1.5959731977722922e-10,14.0933,14.221136,-2.6301258,2.6826375,1.4773428
2991,27/5/2018,15:50:30,51.544643,-0.0329,4.48,6.9,494,-0.4057640672989628,21.885365853658534,157.85165944840645,2.2178305540503613,4.624690015328401,1.9458491186905458e-10,13.424603,15.548119,-2.7869046,2.015619,0.2749252
2992,27/5/2018,15:50:31,51.54464,-0.032912,3.56,6.9,497,-0.3463655855821053,21.89268292682927,146.8073355860793,2.1656727360423966,4.612994307592063,2.2957250396087995e-10,13.880418,13.106168,-2.9578762,2.7102363,2.621636
2993,27/5/2018,15:50:32,51.544632,-0.032923,3.35,6.9,499,-0.3067665977708669,21.9,139.8936550915232,2.129147228398344,4.606107559135138,2.545275178773546e-10,14.519474,11.1001215,-2.287066,3.4759223,4.8163657
2994,27/5/2018,15:50:33,51.544621,-0.032936,4.82,6.9,498,-0.3265660916764861,21.90731707317073,137.2853318089384,2.108915231031689,4.604233174533499,2.6902560560675447e-10,14.453881,11.141821,-2.31215,3.4189084,4.802364
2995,27/5/2018,15:50:33,51.544621,-0.032936,4.82,7.3,499,-0.3067665977708669,21.914634146341463,134.67700852635355,2.088683233665035,4.602358789931859,2.8352369333615446e-10,14.531178,11.022734,-2.257008,3.5216208,4.893076
2996,27/5/2018,15:50:34,51.544613,-0.032944,4.44,7.3,495,-0.3859645733933436,21.921951219512195,134.87666328651025,2.1035848737442824,4.604546843765875,2.7922392828567234e-10,12.128017,14.026039,-3.9110434,1.5005437,1.7981412
2997,27/5/2018,15:50:35,51.544598,-0.032954,5.35,7.3,495,-0.3859645733933436,21.929268292682927,141.14729543066557,2.1944470502326703,4.615518075919431,2.3428234290849217e-10,12.341774,14.363854,-3.689327,1.5220958,1.4500711
2998,27/5/2018,15:50:35,51.544598,-0.032954,5.35,7.6,496,-0.3661650794877245,21.93658536585366,147.41792757482088,2.285309226721058,4.626489308072988,1.8934075753131202e-10,13.658283,13.630344,-2.9411619,2.4412014,2.1262221
2999,27/5/2018,15:50:36,51.54459,-0.032955,4.07,7.6,494,-0.4057640672989628,21.94390243902439,152.70616154627092,2.35524816583432,4.634984851898263,1.5264919132543704e-10,13.380415,15.512554,-2.861913,1.9240894,0.30448076
3000,27/5/2018,15:50:37,51.544579,-0.03296,3.85,7.6,495,-0.3859645733933436,21.951219512195124,152.10000648149614,2.299647680696961,4.628626265753868,1.6545774014733674e-10,13.028845,14.68295,-3.1623774,1.8040006,1.0561895
3001,27/5/2018,15:50:38,51.544567,-0.032962,4.28,7.6,495,-0.3859645733933436,21.958536585365856,151.49385141672133,2.2440471955596037,4.622267679609473,1.782662889692365e-10,13.015017,14.68731,-3.1634293,1.8003911,1.0499808
3002,27/5/2018,15:50:39,51.544559,-0.032967,4.32,7.6,496,-0.3661650794877245,21.965853658536588,150.88769635194654,2.1884467104222454,4.615909093465078,1.9107483779113623e-10,13.7604475,13.665275,-2.8908334,2.4895134,2.0872362
3003,27/5/2018,15:50:39,51.544559,-0.032967,4.32,7.7,499,-0.3067665977708669,21.97317073170732,150.29376845243502,2.1830474963815583,4.641094075907187,1.9717712318309088e-10,14.118486,12.942111,-2.745555,2.8597443,2.7540374
3004,27/5/2018,15:50:40,51.544544,-0.032971,5.56,7.7,495,-0.3859645733933436,21.98048780487805,149.70022569051605,2.179229548013932,4.667272634032197,2.0306817121143927e-10,12.985083,14.698894,-3.1803305,1.7838943,1.0465153
3005,27/5/2018,15:50:41,51.544533,-0.032968,5.13,7.7,495,-0.3859645733933436,21.98780487804878,149.1066829285971,2.175411599646305,4.693451192157208,2.0895921923978768e-10,12.991059,14.697345,-3.1949832,1.7722756,1.0519291
3006,27/5/2018,15:50:42,51.544521,-0.032967,4.78,7.7,495,-0.3859645733933436,21.995121951219517,151.20281867428525,2.2026365156452696,4.678493887676344,1.975489522690475e-10,13.028307,14.685716,-3.163151,1.800734,1.0463896
3007,27/5/2018,15:50:42,51.544521,-0.032967,4.78,7.8,497,-0.3463655855821053,22.002439024390245,153.98797384776756,2.2378137339667847,4.652998740685918,1.8170657858851188e-10,14.012141,13.319053,-2.7957206,2.7432232,2.3786082
3008,27/5/2018,15:50:43,51.54451,-0.032969,3.67,7.8,494,-0.4057640672989628,22.009756097560977,156.77312902124984,2.2729909522883,4.627503593695493,1.6586420490797626e-10,13.430879,15.517806,-2.8174624,1.9791249,0.27230427
3009,27/5/2018,15:50:44,51.544502,-0.03297,3.63,7.8,494,-0.4057640672989628,22.01707317073171,157.1733492460189,2.268279353350709,4.617885446802765,1.6977899254782975e-10,13.420348,15.527927,-2.8135512,1.9859266,0.27252567
3010,27/5/2018,15:50:45,51.544495,-0.03297,2.78,7.8,495,-0.3859645733933436,22.02439024390244,156.12836489880908,2.2393962351417884,4.617888322547522,1.856660731363676e-10,13.575304,14.504147,-2.8585556,2.2053916,1.2075258
3011,27/5/2018,15:50:46,51.544483,-0.032973,3.57,7.8,496,-0.3661650794877245,22.03170731707317,155.08338055159976,2.2105131169328818,4.617891198292279,2.0155315372489768e-10,13.854921,13.742154,-2.8151119,2.5499697,1.9799563
3012,27/5/2018,15:50:46,51.544483,-0.032973,3.57,7.4,498,-0.3265660916764861,22.039024390243902,154.15385586168696,2.1949386135024027,4.622564627415701,2.1268525795021694e-10,14.077416,13.071877,-2.7724745,2.8187683,2.6458116
3013,27/5/2018,15:50:47,51.544476,-0.032972,3.07,7.4,494,-0.4057640672989628,22.046341463414635,153.3658586049951,2.195677462574558,4.632963098920842,2.179888363036677e-10,13.385766,15.518641,-2.8396413,1.9500152,0.2852761
3014,27/5/2018,15:50:48,51.544468,-0.032971,3.87,7.4,495,-0.3859645733933436,22.053658536585367,152.5778613483033,2.196416311646713,4.643361570425984,2.2329241465711848e-10,13.04821,14.679817,-3.1349277,1.831425,1.075575
3015,27/5/2018,15:50:49,51.54446,-0.032972,3.32,7.4,496,-0.3661650794877245,22.0609756097561,152.4194805476725,2.197447157340464,4.640733085406028,2.215970837565008e-10,13.807317,13.7027645,-2.840915,2.535132,2.041417
3016,27/5/2018,15:50:49,51.54446,-0.032972,3.32,7.4,497,-0.3463655855821053,22.06829268292683,153.9136273221275,2.199244394167059,4.603913300794185,2.0153201295069e-10,14.011592,13.3915615,-2.7919323,2.7239923,2.3251066
3017,27/5/2018,15:50:50,51.544453,-0.03297,3.0,7.4,494,-0.4057640672989628,22.075609756097563,155.4077740965825,2.2010416309936547,4.56709351618234,1.8146694214487919e-10,13.422972,15.547374,-2.8261342,1.9648315,0.27117538
3018,27/5/2018,15:50:51,51.544445,-0.032968,3.28,7.4,495,-0.3859645733933436,22.082926829268292,156.84593504376568,2.202826763683206,4.538992091615822,1.6574813971810567e-10,13.583862,14.507911,-2.854471,2.2170217,1.196918
3019,27/5/2018,15:50:52,51.544434,-0.032966,3.82,7.4,495,-0.3859645733933436,22.090243902439024,157.79384841497344,2.204505904836428,4.587234182667063,1.8808803252173807e-10,13.614989,14.502271,-2.8271677,2.2527628,1.217452
3020,27/5/2018,15:50:53,51.544422,-0.032967,3.78,7.4,495,-0.3859645733933436,22.09756097560976,158.74176178618163,2.2061850459896504,4.635476273718328,2.1042792532538127e-10,13.618817,14.499261,-2.8107395,2.280414,1.2224445
3021,27/5/2018,15:50:53,51.544422,-0.032967,3.78,7.1,497,-0.3463655855821053,22.10487804878049,159.68967515738984,2.2078641871428726,4.683718364769591,2.3276781812902447e-10,14.107512,13.854587,-2.661243,2.7168238,1.8233209
3022,27/5/2018,15:50:54,51.544411,-0.032968,3.98,7.1,493,-0.425563561204582,22.11219512195122,160.5750130851094,2.2187278293709345,4.7387626219481565,2.3061311591590787e-10,13.711253,15.439592,-2.662424,2.3472376,0.28376874
3023,27/5/2018,15:50:55,51.544403,-0.032972,3.76,7.1,495,-0.3859645733933436,22.119512195121956,161.45557589356497,2.2302923389930918,4.794325951029376,2.2658923617872862e-10,13.722179,14.48377,-2.7591867,2.360848,1.2314602
3024,27/5/2018,15:50:55,51.544403,-0.032972,3.76,7.2,497,-0.3463655855821053,22.126829268292685,162.33613870202058,2.2418568486152486,4.849889280110595,2.2256535644154942e-10,14.132524,13.928213,-2.639916,2.7197993,1.7476053
3025,27/5/2018,15:50:56,51.544388,-0.032973,5.06,7.2,493,-0.425563561204582,22.134146341463417,163.34772919518224,2.2325434141182523,4.824922892082814,2.148702860762117e-10,13.838056,15.40993,-2.6238177,2.4561796,0.29984558
3026,27/5/2018,15:50:57,51.544376,-0.032975,4.76,7.2,495,-0.3859645733933436,22.14146341463415,164.40167630736465,2.216480878261682,4.773924093003221,2.0598844954662158e-10,13.755995,14.535598,-2.7132092,2.4210749,1.1928321
3027,27/5/2018,15:50:58,51.544369,-0.032976,3.43,7.2,495,-0.3859645733933436,22.14878048780488,165.45562341954655,2.20041834240512,4.7229252939236535,1.9710661301703582e-10,13.782289,14.536378,-2.7134542,2.4301705,1.1699922
3028,27/5/2018,15:50:59,51.544357,-0.032972,3.82,7.2,494,-0.4057640672989628,22.15609756097561,167.11334648364945,2.2008559581563367,4.7089984509878695,2.0838451419571878e-10,13.978367,15.226641,-2.5564773,2.5707517,0.4278435
3029,27/5/2018,15:50:59,51.544357,-0.032972,3.82,6.9,497,-0.3463655855821053,22.163414634146346,169.20415183102222,2.213128963028089,4.721662941080461,2.3412278798290016e-10,14.170084,14.044317,-2.611693,2.7402146,1.6372211
3030,27/5/2018,15:51:0,51.544346,-0.03297,3.91,6.9,493,-0.425563561204582,22.170731707317078,171.29495717839498,2.225401967899841,4.734327431173052,2.5986106177008166e-10,14.088913,15.359431,-2.5146303,2.6433272,0.28399995
3031,27/5/2018,15:51:1,51.544334,-0.032969,4.41,6.9,493,-0.425563561204582,22.178048780487806,173.5122085787902,2.231393721694576,4.752617651214119,2.7439017001110914e-10,14.116979,15.358051,-2.5042493,2.673447,0.2579715
3032,27/5/2018,15:51:2,51.544323,-0.032966,4.22,6.9,494,-0.4057640672989628,22.18536585365854,175.9122341260681,2.228306107019388,4.779039702714903,2.7271675060501496e-10,14.165955,15.222426,-2.4746377,2.7656476,0.4073101
3033,27/5/2018,15:51:2,51.544323,-0.032966,4.22,7.0,496,-0.3661650794877245,22.19268292682927,178.31225967334603,2.2252184923442004,4.805461754215687,2.7104333119892077e-10,14.308191,14.627205,-2.5118961,2.8710277,1.0242188
3034,27/5/2018,15:51:3,51.544315,-0.032963,3.44,7.0,492,-0.4453630551102012,22.200000000000003,180.52637934684816,2.2259874061258063,4.835595966374594,2.6150120193160445e-10,14.418429,15.622428,-2.411112,2.9184115,-0.009927183
3035,27/5/2018,15:51:3,51.544315,-0.032963,3.44,6.7,495,-0.3859645733933436,22.20731707317073,182.1370805327485,2.2392739478958315,4.877779213480905,2.2641859399413788e-10,14.47342,14.990755,-2.4178724,3.020115,0.56679547
3036,27/5/2018,15:51:4,51.544304,-0.032963,3.43,6.7,492,-0.4453630551102012,22.214634146341464,183.74778171864972,2.2525604896658638,4.919962460587237,1.9133598605665423e-10,14.430478,15.663676,-2.38946,2.957747,-0.036032915
3037,27/5/2018,15:51:4,51.544304,-0.032963,3.43,6.7,495,-0.3859645733933436,22.2219512195122,185.2056967209023,2.2659400633048388,4.961878940703618,1.604086637169777e-10,14.535882,15.03284,-2.4008315,3.0636933,0.535804
3038,27/5/2018,15:51:5,51.544296,-0.032961,2.89,6.7,492,-0.4453630551102012,22.229268292682928,184.35732100940317,2.2807239428195416,4.999768602314786,1.922049225176556e-10,14.458149,15.637803,-2.3856418,2.9730518,-0.043667253
3039,27/5/2018,15:51:5,51.544296,-0.032961,2.89,6.3,495,-0.3859645733933436,22.23658536585366,183.508945297904,2.295507822334244,5.037658263925954,2.2400118131833343e-10,14.497365,15.0401125,-2.414179,3.0244644,0.5649034
3040,27/5/2018,15:51:6,51.544285,-0.032961,3.26,6.3,492,-0.4453630551102012,22.243902439024392,182.6605695864048,2.310291701848947,5.075547925537122,2.557974401190114e-10,14.426119,15.63419,-2.3930619,2.9479828,-0.038526144
3041,27/5/2018,15:51:6,51.544285,-0.032961,3.26,6.5,496,-0.3661650794877245,22.251219512195124,175.4725541043553,2.3299154820712547,5.107631393764552,3.2372302661756066e-10,14.2474375,14.502933,-2.5400283,2.824633,1.1406541
3042,27/5/2018,15:51:7,51.544273,-0.032963,3.74,6.5,492,-0.4453630551102012,22.258536585365857,167.49087050338787,2.3501451760409324,5.138987976751222,3.961716927530546e-10,14.04292,15.43774,-2.536493,2.5981212,0.19991675
3043,27/5/2018,15:51:8,51.544262,-0.032965,4.04,6.5,495,-0.3859645733933436,22.265853658536585,159.5091869024243,2.370374870010601,5.1703445597378765,4.686203588885133e-10,13.69997,14.460982,-2.7554705,2.3722456,1.2650577
3044,27/5/2018,15:51:9,51.544247,-0.032964,4.83,6.5,498,-0.3265660916764861,22.27317073170732,151.38951933965365,2.341454845769753,5.220873568924041,5.252763275367726e-10,14.076599,13.046469,-2.763905,2.8426094,2.7072902
3045,27/5/2018,15:51:9,51.544247,-0.032964,4.83,6.8,500,-0.2869671038652477,22.28048780487805,143.2149439577631,2.292976723601938,5.279031842381897,5.756479239600828e-10,14.554516,11.131981,-2.2796817,3.5070689,4.7898626
3046,27/5/2018,15:51:10,51.544231,-0.032964,4.52,6.8,495,-0.3859645733933436,22.28780487804878,135.04036857587255,2.244498601434122,5.3371901158397534,6.260195203833932e-10,12.141183,13.974492,-3.9323068,1.5129203,1.8710226
3047,27/5/2018,15:51:10,51.544231,-0.032964,4.52,6.8,498,-0.3265660916764861,22.295121951219517,130.32647363841463,2.238969497989275,5.403197148141184,6.060796667374446e-10,14.475069,10.795765,-2.3446493,3.4105992,5.0577397
3048,27/5/2018,15:51:11,51.544216,-0.032962,4.43,6.8,495,-0.3859645733933436,22.30243902439025,128.53750526905,2.2697404020006027,5.475837859465207,5.267133992255224e-10,12.139319,13.675559,-4.0443244,1.6243043,2.2735398
3049,27/5/2018,15:51:11,51.544216,-0.032962,4.43,7.1,500,-0.2869671038652477,22.309756097560975,126.74853689968532,2.3005113060119307,5.5484785707892295,4.473471317136001e-10,14.719759,10.543292,-2.2510955,3.679355,5.4147587
3050,27/5/2018,15:51:12,51.544201,-0.032959,5.06,7.1,496,-0.3661650794877245,22.31707317073171,125.73223296898178,2.317141515717093,5.55424751631235,3.8647400095877444e-10,12.2117605,13.348787,-4.082747,1.7416439,2.6032698
3051,27/5/2018,15:51:12,51.544201,-0.032959,5.06,7.2,499,-0.3067665977708669,22.32439024390244,126.03972697112616,2.309544621190601,5.445445762184159,3.5728496874141067e-10,14.696137,10.558,-2.2651513,3.6507242,5.386341
3052,27/5/2018,15:51:13,51.544189,-0.032959,4.2,7.2,496,-0.3661650794877245,22.33170731707317,126.34722097327072,2.301947726664105,5.336644008055915,3.2809593652403274e-10,12.201884,13.349267,-4.094008,1.7419822,2.60797
3053,27/5/2018,15:51:13,51.544189,-0.032959,4.2,6.8,498,-0.3265660916764861,22.339024390243903,126.00991348631447,2.307812423162364,5.2533927423503375,3.1607471292838606e-10,14.365067,10.799558,-2.381722,3.3615675,5.1025515
3054,27/5/2018,15:51:14,51.544174,-0.032963,4.2,6.8,495,-0.3859645733933436,22.346341463414635,123.01348661286036,2.3691918451569127,5.275510028435724,3.7485241505078585e-10,12.168911,13.384869,-4.157714,1.6639961,2.487741
3055,27/5/2018,15:51:14,51.544174,-0.032963,4.2,6.1,499,-0.3067665977708669,22.353658536585368,120.01705973940624,2.430571267151461,5.297627314521111,4.336301171731857e-10,14.796172,10.365151,-2.256458,3.7544327,5.572146
3056,27/5/2018,15:51:15,51.544159,-0.03297,3.76,6.1,496,-0.3661650794877245,22.3609756097561,116.90837072163043,2.4884532127797185,5.318135519229864,4.921999116715415e-10,12.094956,12.411006,-4.456584,2.0140173,3.4746833
3057,27/5/2018,15:51:15,51.544159,-0.03297,3.76,6.0,499,-0.3067665977708669,22.368292682926832,108.7549015934133,2.389167314198168,5.266335629576409,5.414268573144412e-10,15.27551,9.263478,-2.5180776,4.4351273,6.50371
3058,27/5/2018,15:51:16,51.544136,-0.03297,4.0,6.0,501,-0.2671676099596285,22.375609756097564,100.60143246519615,2.2898814156166174,5.214535739922955,5.906538029573412e-10,12.504598,4.598102,-0.73522866,4.5372157,9.892653
3059,27/5/2018,15:51:16,51.544136,-0.03297,4.0,6.3,503,-0.2275686221483901,22.382926829268293,92.44796333698297,2.190595517035115,5.162735850269525,6.39880748600217e-10,13.5615015,-0.9983186,0.8592326,7.429344,14.343061
3060,27/5/2018,15:51:17,51.544125,-0.032969,4.04,6.3,499,-0.3067665977708669,22.390243902439025,87.83587543411934,2.2359495240124008,5.245504001858478,5.95914057339004e-10,15.4192505,7.383231,-3.6152682,5.139139,8.174427
3061,27/5/2018,15:51:17,51.544125,-0.032969,4.04,6.7,501,-0.2671676099596285,22.39756097560976,83.85671792488208,2.3071541769760686,5.352322713918955,5.352914113709369e-10,12.137917,3.7337263,-0.8435116,5.0933733,10.592917
3062,27/5/2018,15:51:18,51.544109,-0.032973,3.63,6.7,499,-0.3067665977708669,22.40487804878049,79.87756041564481,2.3783588299397365,5.459141425979432,4.746687654028698e-10,15.100499,6.94298,-3.7509303,5.0899596,8.913501
3063,27/5/2018,15:51:18,51.544109,-0.032973,3.63,7.6,503,-0.2275686221483901,22.41219512195122,77.0444715902566,2.366852397118954,5.530479684310308,4.62723309986913e-10,13.208813,-2.1205919,1.1884866,8.493538,14.641342
3064,27/5/2018,15:51:19,51.544094,-0.032974,4.22,7.6,501,-0.2671676099596285,22.419512195121957,74.76324114566837,2.315518677750286,5.584733289669509,4.742170392712664e-10,12.047909,2.6076894,-1.7524073,5.7042904,11.125674
3065,27/5/2018,15:51:19,51.544094,-0.032974,4.22,7.8,503,-0.2275686221483901,22.42682926829269,72.48201070108014,2.264184958381618,5.63898689502871,4.857107685556198e-10,13.227536,-2.278899,1.2876718,8.602253,14.714257
3066,27/5/2018,15:51:20,51.544086,-0.032975,3.7,7.8,500,-0.2869671038652477,22.434146341463418,71.1257361515265,2.257761420328158,5.692895783239933,5.169978025622928e-10,12.935343,2.2503812,-3.1429262,4.903349,10.406893
3067,27/5/2018,15:51:20,51.544086,-0.032975,3.7,7.2,504,-0.2077691282427709,22.441463414634143,70.68856334577251,2.295963821935956,5.746462136057254,5.679528672107231e-10,11.402,-7.1000986,4.1845574,11.7481575,14.952909
3068,27/5/2018,15:51:21,51.544079,-0.032977,3.65,7.2,500,-0.2869671038652477,22.44878048780488,70.2513905400183,2.334166223543773,5.800028488874601,6.189079318591786e-10,12.871015,2.2251449,-3.1468225,4.9226522,10.410432
3069,27/5/2018,15:51:21,51.544079,-0.032977,3.65,6.7,502,-0.2473681160540093,22.45609756097561,70.69435670026948,2.352483903529382,5.824039004231143,6.55000941368493e-10,12.765514,-1.8271544,0.87844515,8.518312,14.280099
3070,27/5/2018,15:51:22,51.544067,-0.032987,4.43,6.7,501,-0.2671676099596285,22.463414634146343,72.93895232386761,2.330097897246425,5.787549224020776,6.60671577299589e-10,12.11445,2.5026238,-1.8488463,5.7484508,11.165428
3071,27/5/2018,15:51:22,51.544067,-0.032987,4.43,7.1,504,-0.2077691282427709,22.470731707317075,75.18354794746574,2.3077118909634686,5.751059443810408,6.663422132306851e-10,11.407649,-7.108556,4.171718,11.712546,14.977526
3072,27/5/2018,15:51:23,51.544056,-0.032993,4.3,7.1,499,-0.3067665977708669,22.478048780487807,77.76427831882587,2.2956920021517,5.714578189136366,6.563924065529697e-10,15.103608,6.9418373,-3.7471569,5.090916,8.930319
3073,27/5/2018,15:51:23,51.544056,-0.032993,4.3,7.0,501,-0.2671676099596285,22.48536585365854,82.1802912826964,2.340270709805949,5.6781434835576325,5.611555934049875e-10,12.138124,3.644841,-0.9295362,5.0722322,10.626139
3074,27/5/2018,15:51:24,51.544041,-0.032997,4.15,7.0,498,-0.3265660916764861,22.492682926829268,86.59630424656477,2.3848494174601766,5.641708777978917,4.659187802570517e-10,11.881142,10.801732,-4.636142,2.3132787,5.252384
3075,27/5/2018,15:51:24,51.544041,-0.032997,4.15,7.8,501,-0.2671676099596285,22.5,91.0123172104353,2.429428125114426,5.605274072400185,3.7068196710906956e-10,12.404102,3.8550506,-0.918205,4.8890557,10.502163
3076,27/5/2018,15:51:25,51.544029,-0.032999,4.52,7.8,498,-0.3265660916764861,22.50731707317073,91.93871168537837,2.435496307480523,5.612733139583424,3.8526921624822953e-10,11.882134,10.81261,-4.5955186,2.2748773,5.2252245
3077,27/5/2018,15:51:25,51.544029,-0.032999,4.52,7.6,501,-0.2671676099596285,22.514634146341464,92.7989904680631,2.440834854201137,5.621023835548203,4.0193723551391666e-10,12.427264,3.898137,-0.90978104,4.8439894,10.459082
3078,27/5/2018,15:51:26,51.544014,-0.033006,5.17,7.6,497,-0.3463655855821053,22.5219512195122,93.65926925074784,2.446173400921751,5.629314531512982,4.18605254779604e-10,11.8922,11.34922,-4.664695,2.1721563,4.686229
3079,27/5/2018,15:51:26,51.544014,-0.033006,5.17,7.5,501,-0.2671676099596285,22.52926829268293,89.91921253938338,2.433521574753171,5.575211137362857,4.0532827359940254e-10,12.382683,3.8442385,-0.89301914,4.918829,10.505239
3080,27/5/2018,15:51:27,51.544003,-0.033011,3.33,7.5,500,-0.2869671038652477,22.53658536585366,85.08609201558987,2.4165951417428246,5.506282580547472,3.849362034451657e-10,13.614775,3.8524213,-2.013972,3.5623605,10.201589
3081,27/5/2018,15:51:27,51.544003,-0.033011,3.33,8.0,502,-0.2473681160540093,22.543902439024397,80.25297149179636,2.399668708732478,5.437354023732087,3.6454413329092887e-10,12.996828,-1.6286931,0.8200062,8.270392,14.400394
3082,27/5/2018,15:51:28,51.543995,-0.033024,5.07,8.0,500,-0.2869671038652477,22.55121951219512,73.30285602735222,2.437129262999865,5.481686758595931,4.0857950495979377e-10,12.964423,2.2500083,-3.178668,4.839349,10.4275465
3083,27/5/2018,15:51:28,51.543995,-0.033024,5.07,7.5,504,-0.2077691282427709,22.558536585365854,65.13387996939565,2.505903144625556,5.591229722613733,4.897089992790358e-10,11.181217,-7.036265,4.206705,11.974047,14.743206
3084,27/5/2018,15:51:29,51.543983,-0.033038,4.54,7.5,502,-0.2473681160540093,22.565853658536582,56.96490391143908,2.5746770262512464,5.700772686631535,5.70838493598278e-10,11.0290575,-3.3671734,1.5560445,10.502885,13.197889
3085,27/5/2018,15:51:29,51.543983,-0.033038,4.54,7.3,505,-0.1879696343371517,22.57317073170732,49.58300927154128,2.5828682406205523,5.983766445348216,9.26846898233257e-10,9.641134,-6.681148,4.150159,13.090304,13.249595
3086,27/5/2018,15:51:30,51.543976,-0.033052,3.37,7.3,505,-0.1879696343371517,22.58048780487805,43.12053717309259,2.5202903215576278,6.469375291677733,1.6039527910246487e-09,9.34508,-6.407755,4.0391665,13.048175,12.896823
3087,27/5/2018,15:51:31,51.543968,-0.03306,4.46,7.3,508,-0.1285711526202941,22.587804878048782,36.65806507464391,2.457712402494702,6.95498413800725,2.28105868381604e-09,5.417153,-7.0926304,5.613572,14.641328,9.878858
3088,27/5/2018,15:51:31,51.543968,-0.03306,4.46,7.7,510,-0.0889721648090557,22.595121951219515,32.443260082384946,2.4655844720605944,7.364314014040354,2.726826259540734e-09,5.000627,-7.187672,5.766124,14.846794,9.581687
3089,27/5/2018,15:51:32,51.543961,-0.033064,3.87,7.7,504,-0.2077691282427709,22.602439024390247,33.789778481533354,2.647768462020251,7.584909526068358,2.600201602230168e-09,9.327991,-5.6045284,3.5532796,12.522881,12.574426
3090,27/5/2018,15:51:32,51.543961,-0.033064,3.87,7.3,507,-0.1483706465259133,22.60975609756097,35.1362968806811,2.82995245197982,7.805505038096255,2.4735769449196642e-09,5.4747386,-6.996129,5.5968738,14.537498,9.924568
3091,27/5/2018,15:51:33,51.543949,-0.033073,3.93,7.3,502,-0.2473681160540093,22.617073170731707,36.69292869836757,2.978104298022473,7.936572225865638,2.29975941530954e-09,9.542172,-5.394906,3.333204,12.289355,12.641289
3092,27/5/2018,15:51:33,51.543949,-0.033073,3.93,7.8,505,-0.1879696343371517,22.62439024390244,39.87551085396487,2.862900398931431,7.374829739251833,1.760742617626265e-09,9.028816,-5.842359,3.809496,12.796289,12.41939
3093,27/5/2018,15:51:34,51.543945,-0.033081,3.43,7.8,503,-0.2275686221483901,22.63170731707317,43.05809300956216,2.747696499840388,6.813087252638028,1.2217258199429902e-09,9.619563,-5.472555,3.3446724,12.2749605,12.80188
3094,27/5/2018,15:51:34,51.543945,-0.033081,3.43,7.9,505,-0.1879696343371517,22.639024390243904,46.24067516515945,2.6324926007493445,6.251344766024223,6.827090222597148e-10,9.4911785,-6.5392995,4.060157,13.040816,13.049898
3095,27/5/2018,15:51:35,51.543938,-0.033091,3.98,7.9,502,-0.2473681160540093,22.64634146341464,44.77205829394978,2.5962172631903764,6.168170762362017,6.499102587531416e-10,10.880344,-3.8701203,1.9890958,10.932674,13.203135
3096,27/5/2018,15:51:35,51.543938,-0.033091,3.98,8.4,505,-0.1879696343371517,22.653658536585368,43.0120410017844,2.564886847558704,6.114979362450906,6.488263600382665e-10,9.371517,-6.5000734,4.062789,13.076676,12.96839
3097,27/5/2018,15:51:36,51.54393,-0.033106,5.13,8.4,504,-0.2077691282427709,22.6609756097561,41.25202370961902,2.533556431927031,6.061787962539795,6.477424613233911e-10,10.008144,-5.80388,3.516648,12.329427,13.340593
3098,27/5/2018,15:51:36,51.54393,-0.033106,5.13,9.5,507,-0.1483706465259133,22.66829268292683,39.26907159497093,2.476085727025578,6.377204483054333,9.136542437250056e-10,5.66588,-7.0684614,5.575184,14.492527,10.046847
3099,27/5/2018,15:51:37,51.543922,-0.033117,4.35,9.5,505,-0.1879696343371517,22.67560975609756,37.21864196512759,2.410702925903616,6.804190592716939,1.2603798035736296e-09,9.000954,-6.001682,3.8984408,12.916692,12.464182
3100,27/5/2018,15:51:37,51.543922,-0.033117,4.35,9.5,508,-0.1285711526202941,22.682926829268293,35.16821233528425,2.3453201247816544,7.231176702379543,1.607105363422254e-09,5.3799105,-7.0754857,5.644526,14.668825,9.871245
3101,27/5/2018,15:51:38,51.543915,-0.033129,4.13,9.5,504,-0.2077691282427709,22.690243902439025,35.33677491073203,2.4932060120099027,7.464514967990305,1.902573278160609e-09,9.330254,-5.6160083,3.5160942,12.476758,12.613564
3102,27/5/2018,15:51:38,51.543915,-0.033129,4.13,9.8,508,-0.1285711526202941,22.69756097560976,37.02041636661807,2.7867070504801004,7.565634761600235,2.163043604632366e-09,5.344751,-7.0670753,5.6483655,14.610714,9.813986
3103,27/5/2018,15:51:39,51.543907,-0.033144,4.02,9.8,502,-0.2473681160540093,22.70487804878049,38.70405782250411,3.080208088950298,7.666754555210165,2.423513931104123e-09,9.569796,-5.372287,3.3258228,12.2839775,12.659882
3104,27/5/2018,15:51:40,51.5439,-0.033153,3.09,9.8,502,-0.2473681160540093,22.712195121951225,39.63459171899931,3.167627671349217,7.603391421761478,2.5208350525559474e-09,9.558745,-5.3881426,3.3002925,12.2560005,12.682005
3105,27/5/2018,15:51:41,51.543892,-0.033169,3.91,9.8,505,-0.1879696343371517,22.719512195121958,39.52879118301514,2.971463181115936,7.313687019074019,2.3936502097726583e-09,9.058435,-5.8161817,3.7998836,12.785988,12.41757
3106,27/5/2018,15:51:41,51.543892,-0.033169,3.91,10.9,508,-0.1285711526202941,22.726829268292683,39.42299064703103,2.77529869088275,7.023982616386699,2.26646536698943e-09,5.389133,-7.120704,5.612503,14.6367,9.857335
3107,27/5/2018,15:51:42,51.543884,-0.033175,4.48,10.9,504,-0.2077691282427709,22.73414634146341,39.30292038601343,2.62724478441465,6.836643127289038,2.105777824264044e-09,9.53315,-5.565956,3.4675803,12.413696,12.745534
3108,27/5/2018,15:51:42,51.543884,-0.033175,4.48,10.7,506,-0.1681701404315325,22.741463414634147,39.139456911057934,2.62549172460679,6.960588024171496,1.843210965526697e-09,8.642274,-6.1215787,4.1669474,13.119129,12.161368
3109,27/5/2018,15:51:43,51.543873,-0.033182,4.09,10.7,503,-0.2275686221483901,22.74878048780488,38.97599343610244,2.6237386647989305,7.084532921053954,1.5806441067893503e-09,9.554182,-5.467687,3.3557377,12.307873,12.719443
3110,27/5/2018,15:51:43,51.543873,-0.033182,4.09,9.9,507,-0.1483706465259133,22.75609756097561,38.88876671144157,2.620066989196532,7.191420278353811,1.3222493084139096e-09,5.5797663,-7.024814,5.550718,14.491861,9.995876
3111,27/5/2018,15:51:44,51.543865,-0.033193,4.48,9.9,503,-0.2275686221483901,22.763414634146343,39.75449936546222,2.592412616162436,7.085088390871427,1.1160052645622236e-09,9.565292,-5.4591985,3.345546,12.294672,12.744085
3112,27/5/2018,15:51:44,51.543865,-0.033193,4.48,10.1,506,-0.1681701404315325,22.77073170731708,40.62023201948288,2.56475824312834,6.978756503389042,9.097612207105375e-10,8.592183,-6.120053,4.1687593,13.120898,12.148428
3113,27/5/2018,15:51:45,51.543858,-0.033208,4.5,10.1,503,-0.2275686221483901,22.778048780487808,41.48596467350353,2.537103870094244,6.872424615906658,7.035171768588513e-10,9.555407,-5.4367123,3.3269856,12.289724,12.762742
3114,27/5/2018,15:51:45,51.543858,-0.033208,4.5,10.1,506,-0.1681701404315325,22.785365853658536,41.29663550890071,2.578429982152136,6.80857640787555,8.514917965544297e-10,8.631387,-6.1451893,4.1902246,13.140976,12.181517
3115,27/5/2018,15:51:46,51.543854,-0.033224,4.17,10.1,503,-0.2275686221483901,22.79268292682927,40.99096266943501,2.6273627035932705,6.749412956037652,1.038526782471886e-09,9.591357,-5.452659,3.3372653,12.278249,12.794914
3116,27/5/2018,15:51:46,51.543854,-0.033224,4.17,10.4,506,-0.1681701404315325,22.8,40.68528982996931,2.676295425034405,6.690249504199755,1.2255617683893423e-09,8.590183,-6.2395916,4.2602525,13.205866,12.191431
3117,27/5/2018,15:51:47,51.543842,-0.03324,4.69,10.4,503,-0.2275686221483901,22.807317073170733,38.27308175367449,2.8047154178670297,6.996668847872458,1.5809318213402122e-09,9.517299,-5.4735208,3.3485956,12.296207,12.741779
3118,27/5/2018,15:51:48,51.543835,-0.033253,4.85,10.4,505,-0.1879696343371517,22.814634146341465,35.070977695830514,2.9629410722232445,7.44017224124376,1.999423150725865e-09,9.051489,-5.819167,3.7950978,12.783267,12.426406
3119,27/5/2018,15:51:48,51.543835,-0.033253,4.85,9.9,509,-0.1087716587146749,22.8219512195122,31.86887363798653,3.12116672657946,7.883675634615063,2.417914480111519e-09,4.890088,-6.940804,5.8782125,14.66315,9.3870735
3120,27/5/2018,15:51:49,51.543827,-0.033261,3.65,9.9,504,-0.2077691282427709,22.82926829268293,28.36643443892528,3.2171035009052944,8.415011405978428,2.9934554227335283e-09,4.2915235,-5.823399,6.219456,13.685911,8.794271
3121,27/5/2018,15:51:49,51.543827,-0.033261,3.65,9.6,508,-0.1285711526202941,22.83658536585366,24.622104136771423,3.2628725664512515,9.017087719769282,3.695484741081533e-09,3.8740354,-6.168739,6.4636364,14.131739,8.341366
3122,27/5/2018,15:51:50,51.543823,-0.033267,3.0,9.6,509,-0.1087716587146749,22.84390243902439,20.877773834619383,3.3086416319971863,9.619164033559846,4.397514059429196e-09,3.523218,-6.0211267,6.570979,14.033606,8.009085
3123,27/5/2018,15:51:50,51.543823,-0.033267,3.0,9.4,512,-0.0493731769978173,22.85121951219512,18.43136603775908,3.3577605989851604,9.997664459845078,4.7222145549596655e-09,2.5660903,-5.946482,7.1302967,14.172701,7.3376703
3124,27/5/2018,15:51:51,51.543812,-0.033273,4.22,9.4,506,-0.1681701404315325,22.85853658536585,18.09814315416461,3.4123336367357,10.01215456153851,4.432575155414478e-09,3.9144466,-5.6517076,6.3848844,13.6566,8.36505
3125,27/5/2018,15:51:51,51.543812,-0.033273,4.22,9.2,509,-0.1087716587146749,22.865853658536587,17.764920270570155,3.466906674486239,10.026644663231943,4.142935755869291e-09,3.3721583,-5.911708,6.605784,13.957828,7.871898
3126,27/5/2018,15:51:52,51.543804,-0.033289,4.48,9.2,506,-0.1681701404315325,22.87317073170732,17.422500613804257,3.5200434606552675,10.03241745156816,3.8077914382104915e-09,3.9019768,-5.632795,6.404326,13.625682,8.31968
3127,27/5/2018,15:51:52,51.543804,-0.033289,4.48,9.5,509,-0.1087716587146749,22.88048780487805,17.044871413035306,3.567681604820629,10.00481629205138,3.298433036240834e-09,3.3655455,-5.9092426,6.594213,13.940721,7.8718405
3128,27/5/2018,15:51:53,51.543793,-0.033297,4.56,9.5,506,-0.1681701404315325,22.887804878048783,16.667242212266352,3.615319748985989,9.9772151325346,2.789074634271177e-09,3.8946857,-5.6774335,6.399237,13.62334,8.336239
3129,27/5/2018,15:51:53,51.543793,-0.033297,4.56,9.1,510,-0.0889721648090557,22.895121951219515,16.228164611519706,3.6619397268557976,9.971003883069002,2.3294480330637874e-09,3.2207525,-5.9177523,6.72236,14.0125475,7.713285
3130,27/5/2018,15:51:54,51.543785,-0.033306,3.35,9.1,507,-0.1483706465259133,22.902439024390244,14.027749913676432,3.67937531476553,10.577906109143644,3.295317711984326e-09,3.7221632,-5.6399045,6.4678955,13.674605,8.167797
3131,27/5/2018,15:51:54,51.543785,-0.033306,3.35,9.0,512,-0.0493731769978173,22.909756097560976,11.827335215832091,3.696810902675271,11.184808335218582,4.261187390905334e-09,1.6444813,-5.0200834,7.6474204,13.399928,6.2470903
3132,27/5/2018,15:51:55,51.543774,-0.033319,3.94,9.0,510,-0.0889721648090557,22.917073170731708,9.626920517987754,3.714246490585012,11.791710561293518,5.2270570698263424e-09,0.69814336,-4.532952,7.7725697,13.0274515,5.188548
3133,27/5/2018,15:51:55,51.543774,-0.033319,3.94,9.3,512,-0.0493731769978173,22.92439024390244,8.726302434826419,3.8741734349010537,12.274403970198833,5.5413293414599795e-09,0.7099803,-4.4634266,7.8547015,12.936322,5.2768855
3134,27/5/2018,15:51:56,51.543766,-0.033331,2.78,9.3,509,-0.1087716587146749,22.93170731707317,8.036721440395423,4.0572355071944495,12.736930633881082,5.7498072001025505e-09,0.02652469,-4.352889,7.929179,12.745446,4.552622
3135,27/5/2018,15:51:56,51.543766,-0.033331,2.78,10.1,512,-0.0493731769978173,22.939024390243905,7.347140445964428,4.240297579487845,13.199457297563333,5.958285058745121e-09,0.15891773,-4.2296863,7.8511224,12.460171,4.8379655
3136,27/5/2018,15:51:57,51.543758,-0.033342,3.22,10.1,508,-0.1285711526202941,22.94634146341464,7.001727849971911,4.373885082695124,13.404909660739802,5.712358703943667e-09,-0.23168203,-4.277914,7.9084063,12.651402,4.386841
3137,27/5/2018,15:51:57,51.543758,-0.033342,3.22,10.5,512,-0.0493731769978173,22.95365853658537,6.813175454940125,4.484923767113392,13.49319633810046,5.259330428798494e-09,0.010753109,-4.179421,7.825318,12.380974,4.75805
3138,27/5/2018,15:51:58,51.543751,-0.033354,3.22,10.5,509,-0.1087716587146749,22.960975609756098,6.624623059908429,4.595962451531604,13.581483015461076,4.8063021536535415e-09,-0.2482298,-4.251924,7.8967137,12.631602,4.359299
3139,27/5/2018,15:51:58,51.543751,-0.033354,3.22,11.0,512,-0.0493731769978173,22.96829268292683,6.271105093199976,4.617215037253004,13.776268188361882,4.722622332281968e-09,7.734135e-05,-4.161194,7.841817,12.3629875,4.7444353
3140,27/5/2018,15:51:59,51.543743,-0.033367,3.44,11.0,510,-0.0889721648090557,22.97560975609756,5.7613141769314975,4.553412672840032,14.07194007266926,4.988828682309633e-09,-0.2610697,-4.2038207,7.8820257,12.510675,4.325331
3141,27/5/2018,15:51:59,51.543743,-0.033367,3.44,11.1,513,-0.0295736830921981,22.98292682926829,5.251523260663019,4.489610308427059,14.36761195697664,5.255035032337298e-09,-0.16703044,-4.1061907,7.8212175,12.277649,4.69208
3142,27/5/2018,15:52:0,51.543732,-0.033377,3.91,11.1,510,-0.0889721648090557,22.990243902439023,4.806203337022676,4.781133844698016,14.691436097959334,6.255356609053308e-09,-0.6576491,-4.0291567,7.8674207,12.34731,4.083058
3143,27/5/2018,15:52:0,51.543732,-0.033377,3.91,11.2,513,-0.0295736830921981,22.99756097560976,4.485957139080679,5.761989628294498,15.06987561689204,8.679861725542023e-09,-0.98588586,-3.355058,8.049289,11.554031,3.9606476
3144,27/5/2018,15:52:1,51.54372,-0.033392,4.76,11.2,509,-0.1087716587146749,23.00487804878049,4.165710941138682,6.742845411890981,15.448315135824748,1.110436684203074e-08,-1.7363871,-3.590894,7.946185,11.87686,3.042652
3145,27/5/2018,15:52:1,51.54372,-0.033392,4.76,11.5,512,-0.0493731769978173,23.012195121951223,3.885675796148591,8.037626057925676,15.612364823454527,1.3526503869351324e-08,-2.3230636,-2.5012305,8.750765,11.273059,2.8327854
3146,27/5/2018,15:52:2,51.543705,-0.033411,4.85,11.5,510,-0.0889721648090557,23.01951219512195,3.8065865476865626,10.901177186058312,14.705048463814505,1.5936806891689143e-08,-3.391127,-1.7862847,9.3978615,10.762593,1.9071175
3147,27/5/2018,15:52:3,51.543694,-0.033431,4.74,11.5,513,-0.0295736830921981,23.026829268292683,3.727497299224496,13.76472831419234,13.797732104174036,1.8347109914028132e-08,-4.3267884,-1.3591391,9.939822,10.394589,1.2458059
3148,27/5/2018,15:52:3,51.543694,-0.033431,4.74,11.6,518,0.0694237864358978,23.034146341463416,3.648408050762429,16.62827944232637,12.890415744533568,2.075741293636712e-08,-5.1902866,-1.0956559,10.527102,10.05131,0.53232574
3149,27/5/2018,15:52:4,51.543686,-0.033444,4.43,11.6,518,0.0694237864358978,23.041463414634148,3.756310971079003,14.25946731362116,13.482910374634264,1.7425425571105022e-08,-4.4613566,-1.4928699,10.142853,10.426417,1.3031149
3150,27/5/2018,15:52:4,51.543686,-0.033444,4.43,11.6,521,0.1288222681527554,23.04878048780488,3.8654660075766794,11.85561881552103,14.085447872418207,1.405498731906056e-08,-4.016653,-1.8031148,9.968027,10.680102,1.8243731
3151,27/5/2018,15:52:5,51.543674,-0.033457,3.74,11.6,517,0.0496242925302786,23.05609756097561,3.9746210440743535,9.451770317420902,14.687985370202153,1.0684549067016102e-08,-2.2107055,-1.7012964,9.407242,10.656187,2.9857032
3152,27/5/2018,15:52:5,51.543674,-0.033457,3.74,11.8,518,0.0694237864358978,23.063414634146344,3.313462356423308,10.456546043281053,17.413184553614688,1.334425523129532e-08,-3.2325537,-0.47621226,9.2725315,9.559225,1.7226903
3153,27/5/2018,15:52:6,51.543667,-0.033472,4.09,11.8,514,-0.0097741891865789,23.070731707317076,2.483158453901612,12.209786269644471,20.604477038571066,1.732805837194379e-08,-3.879273,0.081879355,9.128489,9.085695,0.8150834
3154,27/5/2018,15:52:6,51.543667,-0.033472,4.09,12.0,518,0.0694237864358978,23.078048780487805,1.652854551379512,13.963026496008744,23.795769523528985,2.13118615125942e-08,-3.986493,0.8288093,9.103052,8.360142,0.6796265
3155,27/5/2018,15:52:7,51.543659,-0.033488,4.13,12.0,514,-0.0097741891865789,23.085365853658537,1.1428365283602933,19.77752004732008,26.33246898423368,3.5009007418735745e-08,-5.59547,2.2968302,9.859312,6.9863667,-0.75177044
3156,27/5/2018,15:52:7,51.543659,-0.033488,4.13,11.9,515,0.0100253047190402,23.09268292682927,0.8079011301429974,27.812076790992258,28.51133854297339,5.4015902070661944e-08,-6.1234574,4.09798,10.325329,5.0516777,-1.2523619
3157,27/5/2018,15:52:8,51.543652,-0.0335,4.0,11.9,512,-0.0493731769978173,23.1,0.4729657319257014,35.84663353466444,30.690208101713104,7.302279672258813e-08,-6.1416063,5.141246,10.432875,3.9509895,-1.5843314
3158,27/5/2018,15:52:8,51.543652,-0.0335,4.0,12.0,515,0.0100253047190402,23.107317073170734,0.3105124526645904,39.68411210179911,32.24722117796099,8.39016695713015e-08,-6.104878,5.554336,10.466801,3.53663,-1.8258703
3159,27/5/2018,15:52:9,51.54364,-0.033507,4.44,12.0,513,-0.0295736830921981,23.114634146341466,0.3401039608033097,38.84848605384979,33.11184772338426,8.573065232922979e-08,-6.086787,5.5190797,10.463388,3.5415576,-1.8201996
3160,27/5/2018,15:52:9,51.54364,-0.033507,4.44,12.3,516,0.0298247986246594,23.1219512195122,0.3696954689420291,38.01286000590047,33.976474268807536,8.755963508715807e-08,-6.083166,5.4687133,10.440345,3.6110764,-1.7444917
3161,27/5/2018,15:52:10,51.543633,-0.033522,4.98,12.3,513,-0.0295736830921981,23.129268292682926,0.6451338767569106,34.667964040108025,32.971253728841305,8.178276167726845e-08,-6.0911164,5.125853,10.394915,3.9512944,-1.4951342
3162,27/5/2018,15:52:10,51.543633,-0.033522,4.98,12.1,518,0.0694237864358978,23.13658536585366,1.4948349367661655,25.461777978770467,27.598341963695148,5.823971289200376e-08,-5.9966197,3.6113582,10.191862,5.471302,-1.1343024
3163,27/5/2018,15:52:11,51.543621,-0.033535,4.72,12.1,515,0.0100253047190402,23.14390243902439,2.34453599677542,16.255591917432906,22.22543019854899,3.469666410673905e-08,-5.097401,1.0356103,9.704197,8.237743,-0.27469528
3164,27/5/2018,15:52:12,51.543613,-0.033548,4.67,12.1,518,0.0694237864358978,23.151219512195123,3.45277773184605,8.046268089459295,17.270746500345634,1.3728457640256673e-08,-1.7456329,-1.1523887,9.1633625,10.077436,3.1585724
3165,27/5/2018,15:52:12,51.543613,-0.033548,4.67,12.0,520,0.1090227742471362,23.15853658536585,6.348228272153573,6.727933312447312,15.207139355802312,1.0559310695576448e-08,-0.8057818,-0.6974401,9.751376,9.996453,4.29646
3166,27/5/2018,15:52:13,51.543606,-0.033562,4.39,12.0,518,0.0694237864358978,23.165853658536587,9.243678812461097,5.409598535435329,13.143532211258991,7.3901637508962225e-09,0.24935797,-0.8382513,9.8424425,10.43426,5.2181892
3167,27/5/2018,15:52:13,51.543606,-0.033562,4.39,12.0,522,0.1486217620583746,23.17317073170732,12.139129352768618,4.091263758423347,11.079925066715672,4.2210168062159966e-09,0.63412875,0.3451657,10.619129,9.624767,5.8843617
3168,27/5/2018,15:52:14,51.543594,-0.033572,4.39,12.0,519,0.089223280341517,23.18048780487805,17.735752428452876,3.729422948348359,10.20102664192941,3.6658307994841472e-09,1.3889308,0.05955501,10.642973,10.243307,6.402603
3169,27/5/2018,15:52:14,51.543594,-0.033572,4.39,12.1,525,0.2080202437752321,23.18780487804878,23.465634491839445,3.414769578583505,9.380574348463403,3.2396013047596364e-09,1.1483936,1.536423,11.157299,8.706912,6.7741003
3170,27/5/2018,15:52:15,51.543587,-0.033586,4.76,12.1,521,0.1288222681527554,23.195121951219512,29.195516555228792,3.100116208818497,8.560122054996999,2.81337181003492e-09,1.956088,1.1975379,11.2920065,9.376921,7.2282314
3171,27/5/2018,15:52:15,51.543587,-0.033586,4.76,12.2,524,0.1882207498696129,23.202439024390245,36.85246196979784,3.0552582955205163,7.844206644282765,2.3045404745464504e-09,1.8401632,2.3038313,11.595148,8.359616,7.636092
3172,27/5/2018,15:52:16,51.543579,-0.033601,4.28,12.2,527,0.2476192315864706,23.209756097560977,45.054231577894456,3.0866776316949336,7.157846163770732,1.772355739051459e-09,1.9771739,3.896145,11.891771,7.0540633,8.6305275
3173,27/5/2018,15:52:16,51.543579,-0.033601,4.28,12.1,528,0.2674187254920898,23.21707317073171,53.25600118599107,3.118096967869351,6.4714856832587,1.240171003556468e-09,1.9984684,4.2541785,11.964729,6.731229,8.876869
3174,27/5/2018,15:52:17,51.543571,-0.033616,3.98,12.1,528,0.2674187254920898,23.22439024390244,55.40600172557421,3.147371351718878,6.514645386570084,1.224079299346881e-09,2.0015395,4.2858825,11.954042,6.65527,8.915795
3175,27/5/2018,15:52:17,51.543571,-0.033616,3.98,11.9,530,0.3070177133033281,23.231707317073173,53.624616124643694,3.175252318908472,7.031720321516844,1.5432550132163355e-09,1.9317026,4.3238063,11.907874,6.5664253,8.931047
3176,27/5/2018,15:52:18,51.543564,-0.033627,4.15,11.9,522,0.1486217620583746,23.239024390243905,51.84323052371317,3.2031332860980664,7.548795256463604,1.86243072708579e-09,2.2474444,1.764593,11.576883,8.917999,7.7061205
3177,27/5/2018,15:52:18,51.543564,-0.033627,4.15,12.0,525,0.2080202437752321,23.246341463414637,47.4965599607211,3.205011340468979,8.00269140020559,2.023576227082521e-09,1.9512146,2.798751,11.73043,7.996083,7.993682
3178,27/5/2018,15:52:19,51.543556,-0.03364,5.04,12.0,521,0.1288222681527554,23.25365853658537,39.78804895845046,3.172812227918641,8.373790888481807,1.977621006698862e-09,2.1189508,1.3896098,11.396133,9.231617,7.480795
3179,27/5/2018,15:52:19,51.543556,-0.03364,5.04,11.9,525,0.2080202437752321,23.2609756097561,32.07953795617982,3.140613115368302,8.744890376758024,1.9316657863152047e-09,1.5023446,2.0644796,11.370868,8.463004,7.2200136
3180,27/5/2018,15:52:20,51.543545,-0.033652,4.91,11.9,520,0.1090227742471362,23.26829268292683,25.333413505880998,3.1087501730685,9.08166495034899,1.949411470112136e-09,1.7644637,0.7425816,11.127027,9.712705,6.9853673
3181,27/5/2018,15:52:20,51.543545,-0.033652,4.91,11.9,521,0.1288222681527554,23.275609756097563,21.334801711822745,3.0778469615713626,9.320445493029116,2.1490165534315834e-09,1.6007152,0.84362966,11.1086035,9.475843,6.8672633
3182,27/5/2018,15:52:21,51.543537,-0.03367,5.48,11.9,518,0.0694237864358978,23.28292682926829,17.336189917764496,3.046943750074225,9.55922603570924,2.34862163675103e-09,1.6060431,0.07856392,10.697249,10.377304,6.574625
3183,27/5/2018,15:52:21,51.543537,-0.03367,5.48,12.6,521,0.1288222681527554,23.290243902439027,13.613833105463844,3.027553488837317,9.81087820061434,2.580827958556201e-09,1.4201376,0.6585225,10.940579,9.662088,6.6106386
3184,27/5/2018,15:52:22,51.54353,-0.033684,4.09,12.6,518,0.0694237864358978,23.29756097560976,12.826867540434794,3.130495911735694,10.199299834714136,3.159443925148085e-09,1.5379801,-0.06490099,10.655056,10.403161,6.506772
3185,27/5/2018,15:52:22,51.54353,-0.033684,4.09,12.8,521,0.1288222681527554,23.304878048780488,12.039901975406126,3.23343833463402,10.587721468813744,3.738059891739688e-09,1.2838786,0.5447218,10.803899,9.773877,6.420438
3186,27/5/2018,15:52:23,51.543522,-0.033699,4.35,12.8,517,0.0496242925302786,23.31219512195122,11.252936410377078,3.336380757532396,10.97614310291354,4.316675858331571e-09,1.2164489,-0.35337755,10.446907,10.468497,6.2455893
3187,27/5/2018,15:52:23,51.543522,-0.033699,4.35,12.8,521,0.1288222681527554,23.319512195121952,13.036348817824445,3.218818401981593,10.283465672577789,4.285414525082332e-09,1.3203696,0.57571924,10.8425455,9.736272,6.473694
3188,27/5/2018,15:52:24,51.543514,-0.033712,4.2,12.8,520,0.1090227742471362,23.326829268292684,15.06585671443774,3.080144275361731,9.487280662443268,4.1957617591166836e-09,1.5993737,0.6083696,10.966768,9.820853,6.7223415
3189,27/5/2018,15:52:24,51.543514,-0.033712,4.2,12.7,522,0.1486217620583746,23.334146341463416,17.095364611051036,2.9414701487418684,8.691095652308748,4.106108993151036e-09,1.716947,1.227399,11.245851,9.279353,6.9810724
3190,27/5/2018,15:52:25,51.543503,-0.033728,5.09,12.7,519,0.089223280341517,23.34146341463415,21.48421823924054,3.1396792609372888,8.311230977935905,3.76676584988075e-09,1.935221,0.66613185,11.182397,9.927381,7.072542
3191,27/5/2018,15:52:26,51.543495,-0.033739,3.7,12.7,522,0.1486217620583746,23.34878048780488,26.70535640464168,3.456727552469269,8.0782277716997,3.3393417452914323e-09,1.9165328,1.332889,11.358997,9.280817,7.1760187
3192,27/5/2018,15:52:27,51.543488,-0.033747,4.09,12.7,528,0.2674187254920898,23.356097560975613,31.926494570042816,3.773775844001249,7.845224565463496,2.911917640702114e-09,1.89154,3.7913685,11.838336,7.0613537,8.57886
3193,27/5/2018,15:52:28,51.543476,-0.033755,5.2,12.7,526,0.2278197376808514,23.36341463414634,34.45747199491033,3.734971399473405,7.636305655332041,2.533240120345569e-09,1.8790197,3.0814905,11.769513,7.6585283,8.147699
3194,27/5/2018,15:52:28,51.543476,-0.033755,5.2,13.5,526,0.2278197376808514,23.370731707317077,34.92429188657099,3.423121521346187,7.445866600507041,2.1919658032791943e-09,1.9080713,3.115385,11.775954,7.6459985,8.164772
3195,27/5/2018,15:52:29,51.543468,-0.033769,5.09,13.5,520,0.1090227742471362,23.37804878048781,35.391111778231654,3.111271643218969,7.255427545682042,1.8506914862128187e-09,2.4731288,1.4456338,11.662872,9.371386,7.677539
3196,27/5/2018,15:52:29,51.543468,-0.033769,5.09,13.7,522,0.1486217620583746,23.385365853658534,35.24065712312371,2.9319282892286336,7.131031424227139,1.6830609072966055e-09,2.442042,1.8649116,11.753075,8.977524,7.8336916
3197,27/5/2018,15:52:30,51.543457,-0.033785,4.76,13.7,522,0.1486217620583746,23.39268292682927,34.134568260210166,2.9577250432915334,7.108879736213858,1.7842570555088954e-09,2.4289672,1.8512176,11.758967,8.970488,7.843379
3198,27/5/2018,15:52:31,51.543449,-0.033796,4.39,13.7,525,0.2080202437752321,23.4,33.02847939729663,2.983521797354433,7.086728048200578,1.885453203721185e-09,1.956547,3.000651,11.796077,7.7593756,8.142741
3199,27/5/2018,15:52:31,51.543449,-0.033796,4.39,14.2,526,0.2278197376808514,23.40731707317073,31.778588867495777,3.005468020488412,7.163612546534755,1.996146422888985e-09,1.9692835,3.1823776,11.806311,7.6330514,8.21352
3200,27/5/2018,15:52:32,51.543442,-0.033808,4.57,14.2,521,0.1288222681527554,23.414634146341463,30.01601413401076,3.0136862637888746,7.593582578802644,2.1406987645937518e-09,2.3499777,1.419502,11.579162,9.384967,7.5652537
3201,27/5/2018,15:52:32,51.543442,-0.033808,4.57,14.2,524,0.1882207498696129,23.421951219512195,28.2534394005266,3.0219045070893333,8.023552611070324,2.285251106298448e-09,1.731505,1.9362895,11.457124,8.677711,7.318679
3202,27/5/2018,15:52:33,51.543438,-0.033825,5.13,14.2,520,0.1090227742471362,23.429268292682927,26.454735371942345,3.0246756804261112,8.432786469896229,2.4125159157826807e-09,1.9027207,0.87597376,11.21598,9.681191,7.1269283
3203,27/5/2018,15:52:33,51.543438,-0.033825,5.13,14.3,523,0.1684212559639938,23.43658536585366,23.900785515674965,2.913581447535861,8.40855190839581,2.1784026096786508e-09,1.7279418,1.6384614,11.387805,8.971081,7.179825
3204,27/5/2018,15:52:34,51.54343,-0.03384,3.93,14.3,519,0.089223280341517,23.44390243902439,21.346835659407585,2.8024872146456112,8.38431734689539,1.9442893035746208e-09,1.9438113,0.668687,11.176041,9.936132,7.078783
3205,27/5/2018,15:52:34,51.54343,-0.03384,3.93,14.6,522,0.1486217620583746,23.451219512195124,18.79288580314021,2.691392981755361,8.360082785394969,1.7101759974705902e-09,1.7592742,1.3471829,11.311312,9.196183,7.0787272
3206,27/5/2018,15:52:35,51.543423,-0.033851,4.24,14.6,520,0.1090227742471362,23.458536585365856,18.010037555927067,2.644546894088553,7.964118098759232,1.588526790999802e-09,2.1098862,0.7893274,11.287369,9.869427,7.1862016
3207,27/5/2018,15:52:35,51.543423,-0.033851,4.24,14.9,521,0.1288222681527554,23.465853658536588,17.48656207468434,2.6071097635645093,7.513714598303908,1.48334763031584e-09,2.2406182,1.2220335,11.536118,9.562679,7.4411025
3208,27/5/2018,15:52:36,51.543415,-0.033863,4.46,14.9,520,0.1090227742471362,23.47317073170732,16.96308659344161,2.5696726330404656,7.063311097848584,1.3781684696318782e-09,2.5117667,1.0586765,11.6373625,9.737084,7.6059537
3209,27/5/2018,15:52:36,51.543415,-0.033863,4.46,15.2,522,0.1486217620583746,23.48048780487805,16.485488675398393,2.778155291754893,7.692873050209632,1.975206007482293e-09,1.919144,1.39774,11.460741,9.321174,7.2615676
3210,27/5/2018,15:52:37,51.543411,-0.033874,3.8,15.2,520,0.1090227742471362,23.48780487804878,16.027658896202627,3.09260209067328,8.78778027231083,2.874821019587544e-09,1.793301,0.71168613,11.097239,9.8100195,6.9191675
3211,27/5/2018,15:52:37,51.543411,-0.033874,3.8,15.9,523,0.1684212559639938,23.495121951219517,15.56982911700686,3.407048889591666,9.882687494412028,3.7744360316927945e-09,1.26197,0.9485893,10.995153,9.36822,6.566345
3212,27/5/2018,15:52:38,51.543404,-0.033893,5.82,15.9,517,0.0496242925302786,23.502439024390245,15.484977579880145,3.451547469483492,10.155002111470711,3.98005633142681e-09,1.5260499,-0.17217796,10.613171,10.455992,6.4687
3213,27/5/2018,15:52:38,51.543404,-0.033893,5.82,16.4,521,0.1288222681527554,23.509756097560977,15.736943851111583,3.252269449972819,9.68447490251543,3.5589650655307902e-09,1.4120873,0.6744165,10.916891,9.6700945,6.57294
3214,27/5/2018,15:52:39,51.543396,-0.033907,4.13,16.4,519,0.089223280341517,23.51707317073171,15.988910122343023,3.052991430462145,9.213947693560147,3.1378737996347704e-09,1.703206,0.389975,10.933059,10.06162,6.7822576
3215,27/5/2018,15:52:40,51.543388,-0.03392,4.17,16.4,521,0.1288222681527554,23.52439024390244,16.49467273410894,2.973315004247912,8.708043835338643,2.7396184053713833e-09,1.72663,0.9741373,11.188864,9.507887,6.9646297
3216,27/5/2018,15:52:41,51.543381,-0.033932,4.0,16.4,523,0.1684212559639938,23.53170731707317,17.46749035468957,3.1137383757442585,8.137037221103888,2.38338729011931e-09,1.740025,1.6167519,11.389989,9.043854,7.164292
3217,27/5/2018,15:52:42,51.543373,-0.033943,4.13,16.4,522,0.1486217620583746,23.539024390243902,18.44030797526973,3.2541617472405373,7.566030606869411,2.027156174867411e-09,1.983036,1.3712473,11.441247,9.300008,7.2401514
3218,27/5/2018,15:52:42,51.543373,-0.033943,4.13,16.1,523,0.1684212559639938,23.546341463414635,18.862887239946517,3.359016239354917,7.241273790221254,1.793616963698523e-09,1.8815249,1.5555116,11.479329,9.122574,7.261019
3219,27/5/2018,15:52:43,51.543365,-0.033957,4.82,16.1,519,0.089223280341517,23.553658536585367,16.75632522913899,3.3003802731934746,8.048391043189495,2.1240245502311966e-09,1.9988656,0.6581534,11.218046,9.965739,7.108694
3220,27/5/2018,15:52:43,51.543365,-0.033957,4.82,15.8,521,0.1288222681527554,23.5609756097561,14.649763218331469,3.2417443070320324,8.855508296157735,2.4544321367638703e-09,1.6872047,0.9158542,11.1447935,9.532146,6.896955
3221,27/5/2018,15:52:44,51.543358,-0.033968,4.02,15.8,517,0.0496242925302786,23.56829268292683,12.54725594273422,3.184001971155064,9.661451611890657,2.784509587252066e-09,1.6022218,-0.0913862,10.653477,10.437618,6.5284743
3222,27/5/2018,15:52:44,51.543358,-0.033968,4.02,16.3,520,0.1090227742471362,23.575609756097563,11.207038886663176,3.294262128757926,10.246694727385108,3.052521461378863e-09,1.3394054,0.50735277,10.816524,9.820544,6.4653115
3223,27/5/2018,15:52:45,51.54335,-0.033977,4.43,16.3,518,0.0694237864358978,23.582926829268292,9.866821830592134,3.404522286360788,10.83193784287956,3.32053333550566e-09,1.3332698,-0.23496655,10.466753,10.464848,6.2611737
3224,27/5/2018,15:52:45,51.54335,-0.033977,4.43,16.8,520,0.1090227742471362,23.590243902439024,8.52660477452174,3.514782443963596,11.417180958373727,3.5885452096323277e-09,0.9221856,0.03493911,10.523048,10.049594,6.05068
3225,27/5/2018,15:52:46,51.543343,-0.033985,3.93,16.8,517,0.0496242925302786,23.59756097560976,8.129962511496931,3.741897282095725,12.002450583237277,3.956457542620583e-09,0.7757978,-0.79058415,10.011053,10.622055,5.7598276
3226,27/5/2018,15:52:46,51.543343,-0.033985,3.93,17.2,521,0.1288222681527554,23.60487804878049,7.92398991408505,3.99262513217563,12.58772556489138,4.344556920903042e-09,0.44861215,-0.20889905,10.2664175,10.039406,5.5302887
3227,27/5/2018,15:52:47,51.543331,-0.033996,4.67,17.2,517,0.0496242925302786,23.61219512195122,7.718017316673169,4.243352982255535,13.173000546545484,4.7326562991855014e-09,0.5051069,-0.893496,9.906533,10.5741005,5.5294642
3228,27/5/2018,15:52:47,51.543331,-0.033996,4.67,17.7,520,0.1090227742471362,23.619512195121956,7.596316886475152,4.320238992209556,13.415588956672316,4.661359308960525e-09,0.22394396,-0.47382158,10.098054,10.134042,5.2942452
3229,27/5/2018,15:52:48,51.543324,-0.034007,4.44,17.7,517,0.0496242925302786,23.626829268292685,7.51831958431567,4.306971485900068,13.4804618100776,4.351821640026434e-09,0.43574324,-0.9337242,9.856742,10.563067,5.437991
3230,27/5/2018,15:52:48,51.543324,-0.034007,4.44,18.0,520,0.1090227742471362,23.634146341463417,7.440322282156186,4.29370397959058,13.545334663482883,4.042283971092344e-09,0.17979601,-0.4997995,10.092289,10.122279,5.2610207
3231,27/5/2018,15:52:49,51.543312,-0.034016,4.3,18.0,517,0.0496242925302786,23.64146341463415,7.105912091641923,4.969057204556215,14.360856393274853,4.5565769151348135e-09,0.043133613,-1.0783683,9.666506,10.528606,5.085482
3232,27/5/2018,15:52:49,51.543312,-0.034016,4.3,18.1,521,0.1288222681527554,23.64878048780488,6.499347866308472,6.37530547804759,15.97310921467436,5.945275302553369e-09,-0.84407145,-0.6638884,9.788959,9.945133,4.3386297
3233,27/5/2018,15:52:50,51.543304,-0.034027,4.07,18.1,517,0.0496242925302786,23.65609756097561,5.892783640974725,7.781553751539648,17.58536203607465,7.333973689972598e-09,-1.8283069,-1.2589054,8.9835005,10.080115,3.0708945
3234,27/5/2018,15:52:50,51.543304,-0.034027,4.07,17.8,521,0.1288222681527554,23.663414634146346,5.164046563230705,10.47857242314751,19.603287110863175,1.0357650421034316e-08,-3.2308118,-0.048494235,9.194727,9.114376,1.5299844
3235,27/5/2018,15:52:51,51.543297,-0.034043,4.46,17.8,514,-0.0097741891865789,23.670731707317078,4.165545665397555,16.025677235695788,22.516956981808832,1.6991441797392626e-08,-5.1027923,1.0615774,9.639758,8.239313,-0.253505
3236,27/5/2018,15:52:51,51.543297,-0.034043,4.46,17.2,517,0.0496242925302786,23.678048780487806,3.1670447675644047,21.57278204824407,25.43062685275448,2.3625233173750932e-08,-5.85509,2.5095172,10.053831,6.787141,-0.8893423
3237,27/5/2018,15:52:52,51.543289,-0.034055,3.93,17.2,510,-0.0889721648090557,23.68536585365854,2.354633096685197,25.69676551015797,27.7506653767322,2.8779336741720554e-08,-6.0505815,3.9533007,10.2439375,5.122686,-1.1633484
3238,27/5/2018,15:52:52,51.543289,-0.034055,3.93,17.3,514,-0.0097741891865789,23.69268292682927,2.701465790432725,20.95540285339943,26.37267255895638,2.471571297877904e-08,-5.702431,2.3975961,9.949518,6.866621,-0.8243992
3239,27/5/2018,15:52:53,51.543278,-0.034063,4.0,17.3,510,-0.0889721648090557,23.700000000000003,3.0482984841802523,16.214040196640894,24.99467974118057,2.065208921583753e-08,-4.9119906,0.95917386,9.437686,8.314539,-0.2642838
3240,27/5/2018,15:52:53,51.543278,-0.034063,4.0,16.4,514,-0.0097741891865789,23.70731707317073,3.395131177927612,11.472677539884655,23.616686923405425,1.6588465452897994e-08,-3.5639427,1.1362247,8.517193,8.421519,0.64536625
3241,27/5/2018,15:52:54,51.543266,-0.034072,4.37,16.4,508,-0.1285711526202941,23.714634146341464,4.72192449408874,9.569253509008348,21.08371829626349,1.3074003004807173e-08,-2.9829853,1.6172996,7.733566,9.001404,0.8584098
3242,27/5/2018,15:52:54,51.543266,-0.034072,4.37,15.8,512,-0.0493731769978173,23.7219512195122,6.084335993612072,7.768978743557007,18.50877028830156,9.57950067343982e-09,-2.1176536,-2.1803386,8.175957,10.601813,2.6918225
3243,27/5/2018,15:52:55,51.543255,-0.034075,4.04,15.8,508,-0.1285711526202941,23.729268292682928,7.446747493135404,5.968703978105664,15.93382228033962,6.084998342072468e-09,-1.8649185,-3.6545486,7.736862,11.842143,2.9643345
3244,27/5/2018,15:52:55,51.543255,-0.034075,4.04,15.1,511,-0.0691726709034365,23.73658536585366,7.81396727409308,5.444380676381171,14.945167726805884,5.1026268755696975e-09,-1.1298325,-3.626235,7.8870955,11.869082,3.73153
3245,27/5/2018,15:52:56,51.543243,-0.034079,4.57,15.1,508,-0.1285711526202941,23.743902439024392,7.919084423289839,5.256103415236686,14.374293668622318,4.781872762512976e-09,-1.3912203,-3.8584015,7.8504663,12.193307,3.5092375
3246,27/5/2018,15:52:56,51.543243,-0.034079,4.57,14.5,512,-0.0493731769978173,23.751219512195124,8.024201572486598,5.067826154092202,13.803419610438754,4.461118649456255e-09,-0.039280493,-4.0778346,7.904244,12.354043,4.6929946
3247,27/5/2018,15:52:57,51.543232,-0.034083,4.39,14.5,508,-0.1285711526202941,23.758536585365857,7.104128687141884,5.805180427053326,14.357261915715148,5.263270972109535e-09,-1.5625827,-3.7743263,7.866509,12.019775,3.1975164
3248,27/5/2018,15:52:57,51.543232,-0.034083,4.39,13.8,512,-0.0493731769978173,23.765853658536585,5.5507395809015705,7.114348164221404,15.60590332446187,6.759104306402166e-09,-1.6939688,-2.974678,8.208352,11.372859,3.200256
3249,27/5/2018,15:52:58,51.543221,-0.034091,4.54,13.8,511,-0.0691726709034365,23.77317073170732,3.997350474660503,8.423515901390118,16.8545447332092,8.254937640695523e-09,-2.5643413,-2.369962,8.741858,11.07034,2.5235682
3250,27/5/2018,15:52:58,51.543221,-0.034091,4.54,13.6,515,0.0100253047190402,23.78048780487805,2.812240180769533,11.580071264023728,19.135710588995003,1.3277909738509844e-08,-3.714592,-0.35389245,9.337108,9.507437,1.1247702
3251,27/5/2018,15:52:59,51.543213,-0.034104,4.17,13.6,513,-0.0295736830921981,23.78780487804878,2.086915093459769,17.043035446620813,22.705952683384588,2.2704410279020452e-08,-5.228363,1.0235765,9.700794,8.186604,-0.3761256
3252,27/5/2018,15:52:59,51.543213,-0.034104,4.17,13.3,517,0.0496242925302786,23.795121951219517,1.3615900061500052,22.505999629217897,26.27619477777417,3.2130910819531054e-08,-5.864143,2.6406455,10.074494,6.6220527,-0.9308799
3253,27/5/2018,15:53:0,51.543209,-0.034117,4.17,13.3,515,0.0100253047190402,23.80243902439025,0.8399206998377631,25.898015856999454,28.941334012881075,3.850858974142791e-08,-6.023942,3.8944476,10.225287,5.243857,-1.1597413
3254,27/5/2018,15:53:0,51.543209,-0.034117,4.17,13.2,518,0.0694237864358978,23.809756097560975,0.865115384838166,23.72904649024511,29.176057770698705,3.669946075151947e-08,-5.817286,3.585696,9.978892,5.5829053,-0.97446084
3255,27/5/2018,15:53:1,51.543198,-0.034123,3.93,13.2,514,-0.0097741891865789,23.81707317073171,0.8903100698385689,21.56007712349077,29.41078152851633,3.4890331761611044e-08,-5.513283,3.522278,9.757125,5.744902,-0.8281947
3256,27/5/2018,15:53:1,51.543198,-0.034123,3.93,12.7,518,0.0694237864358978,23.82439024390244,0.9198907154907392,19.857220704410032,29.5839940404582,3.3556379925424786e-08,-5.2362943,2.843529,9.422662,6.5273542,-0.5438089
3257,27/5/2018,15:53:2,51.543186,-0.034129,3.59,12.7,515,0.0100253047190402,23.83170731707317,0.9898587488114948,22.446487678490524,29.19079049662715,3.659801771309914e-08,-5.597299,3.5538764,9.798903,5.6992254,-0.8496636
3258,27/5/2018,15:53:2,51.543186,-0.034129,3.59,12.5,517,0.0496242925302786,23.839024390243903,1.059826782132251,25.03575465257102,28.797586952796102,3.96396555007735e-08,-5.95094,3.67393,10.145354,5.43663,-1.1005796
3259,27/5/2018,15:53:3,51.543179,-0.03413,2.61,12.5,511,-0.0691726709034365,23.846341463414635,1.1297948154530064,27.62502162665151,28.404383408965057,4.268129328844785e-08,-6.0627236,4.0643907,10.3060665,5.0644264,-1.2328342
3260,27/5/2018,15:53:3,51.543179,-0.03413,2.61,12.6,514,-0.0097741891865789,23.853658536585368,1.8374461172059684,22.13305424025556,25.716357094659088,3.3058952051971536e-08,-5.9083652,2.5577092,10.13849,6.772531,-0.95366335
3261,27/5/2018,15:53:4,51.543175,-0.03413,3.02,12.6,510,-0.0889721648090557,23.8609756097561,2.597125533894671,15.981744809080492,22.84109785647076,2.2403365960518494e-08,-4.915721,0.907723,9.4473715,8.345954,-0.251691
3262,27/5/2018,15:53:4,51.543175,-0.03413,3.02,12.8,513,-0.0295736830921981,23.868292682926832,3.3568049505833737,9.83043537790542,19.965838618282422,1.1747779869065452e-08,-3.1250873,-1.2432859,8.893469,10.2616625,1.842003
3263,27/5/2018,15:53:5,51.543163,-0.034131,4.28,12.8,509,-0.1087716587146749,23.875609756097564,4.757412310224826,7.307997738433896,17.67983134259626,7.909291494779816e-09,-2.3373868,-3.2214959,7.7279234,11.188319,2.4355028
3264,27/5/2018,15:53:5,51.543163,-0.034131,4.28,12.5,512,-0.0493731769978173,23.882926829268293,6.370329469442327,5.987637573128305,15.589016002969846,6.328992462903117e-09,-1.4467576,-3.104069,7.9948244,11.399017,3.4572845
3265,27/5/2018,15:53:6,51.543148,-0.034134,4.63,12.5,508,-0.1285711526202941,23.890243902439025,7.983246628660611,4.667277407822073,13.498200663342416,4.748693431025651e-09,-0.27514467,-4.2693396,7.8958616,12.643862,4.3476043
3266,27/5/2018,15:53:6,51.543148,-0.034134,4.63,12.1,511,-0.0691726709034365,23.89756097560976,10.02286406342938,3.991906593070501,12.072324078335695,3.960013614004749e-09,0.6378044,-4.474714,7.8462114,12.943812,5.1420674
3267,27/5/2018,15:53:7,51.543137,-0.034136,4.74,12.1,508,-0.1285711526202941,23.90487804878049,12.374300930331287,3.787874149878248,11.132364275551955,3.749824761686899e-09,3.430164,-5.7525964,6.585342,13.788855,7.884158
3268,27/5/2018,15:53:7,51.543137,-0.034136,4.74,12.0,510,-0.0889721648090557,23.91219512195122,14.725737797233196,3.5838417066859964,10.192404472768215,3.5396359093690483e-09,3.1663294,-5.8851657,6.7194943,13.983965,7.701136
3269,27/5/2018,15:53:8,51.543125,-0.034128,3.98,12.0,505,-0.1879696343371517,23.919512195121957,16.82950309654985,3.405138767693868,9.460611303480622,3.2426966101273424e-09,3.98725,-5.671881,6.3515773,13.641992,8.446584
3270,27/5/2018,15:53:8,51.543125,-0.034128,3.98,12.0,508,-0.1285711526202941,23.92682926829269,18.56847363837689,3.263743584420754,9.035426185024352,2.8179828208371994e-09,3.8484132,-6.1402845,6.4948845,14.104639,8.287591
3271,27/5/2018,15:53:9,51.543118,-0.034118,4.26,12.0,506,-0.1681701404315325,23.934146341463418,20.30744418020393,3.12234840114764,8.610241066568083,2.393269031547056e-09,4.1891356,-5.7995214,6.2953444,13.715311,8.652514
3272,27/5/2018,15:53:9,51.543118,-0.034118,4.26,11.9,509,-0.1087716587146749,23.941463414634143,21.759620747915218,3.0102364667756527,8.352905003554941,2.023033195105554e-09,4.150748,-6.477766,6.3651915,14.338997,8.625234
3273,27/5/2018,15:53:10,51.543106,-0.034111,4.33,11.9,506,-0.1681701404315325,23.94878048780488,22.25700612039108,2.9956139873509326,8.654370082581675,1.8341647317919242e-09,4.2115545,-5.7896285,6.2678337,13.737466,8.6209545
3274,27/5/2018,15:53:10,51.543106,-0.034111,4.33,11.7,509,-0.1087716587146749,23.95609756097561,22.75439149286694,2.9809915079262126,8.955835161608409,1.645296268478294e-09,3.8445625,-6.1879954,6.4852643,14.170585,8.305411
3275,27/5/2018,15:53:11,51.543095,-0.0341,4.93,11.7,505,-0.1879696343371517,23.963414634146343,23.222756125668926,2.9826530217878697,9.271034660134417,1.4836117447152871e-09,4.0725107,-5.706765,6.3099875,13.677643,8.542467
3276,27/5/2018,15:53:11,51.543095,-0.0341,4.93,11.6,509,-0.1087716587146749,23.970731707317075,23.21627747467378,3.2507565675317878,9.810959542278145,1.766716405094954e-09,3.4951575,-5.9801583,6.547311,14.035933,8.008579
3277,27/5/2018,15:53:12,51.543091,-0.034087,4.74,11.6,504,-0.2077691282427709,23.978048780487807,23.20979882367864,3.5188601132757045,10.35088442442187,2.049821065474621e-09,3.922396,-5.635885,6.3921094,13.617576,8.363311
3278,27/5/2018,15:53:12,51.543091,-0.034087,4.74,11.4,509,-0.1087716587146749,23.98536585365854,23.20332017268349,3.786963659019622,10.890809306565597,2.3329257258542877e-09,3.3131278,-5.8917556,6.5952415,13.910658,7.8409147
3279,27/5/2018,15:53:13,51.543083,-0.034077,4.5,11.4,505,-0.1879696343371517,23.99268292682927,21.265649936456324,4.330173341287028,12.44899354552497,4.478901470616459e-09,3.7906346,-5.5982647,6.4819174,13.614618,8.205225
3280,27/5/2018,15:53:13,51.543083,-0.034077,4.5,11.2,510,-0.0889721648090557,24.0,19.075065910816427,4.909411626832675,14.140531634255687,6.868843577256557e-09,-0.34797478,-4.1943297,7.8795075,12.521303,4.2545433
3281,27/5/2018,15:53:14,51.543076,-0.034063,4.85,11.2,506,-0.1681701404315325,24.00731707317073,16.88448188517546,5.4886499123786034,15.832069722987228,9.258785683897818e-09,-1.8686213,-3.6839695,7.7518916,11.845194,2.9566069
3282,27/5/2018,15:53:14,51.543076,-0.034063,4.85,11.4,515,0.0100253047190402,24.014634146341464,16.10410647294145,5.700150842832917,16.44713584020692,9.903095414762949e-09,-1.3625602,-2.105798,8.591357,10.645123,3.553918
3283,27/5/2018,15:53:15,51.543064,-0.034048,4.85,11.4,506,-0.1681701404315325,24.0219512195122,15.897471825796648,5.762038510783874,16.624241327587452,9.837197843445558e-09,-1.9036012,-3.6557207,7.7274613,11.806414,2.928116
3284,27/5/2018,15:53:15,51.543064,-0.034048,4.85,11.3,511,-0.0691726709034365,24.02926829268293,15.690837178651844,5.823926178734832,16.80134681496799,9.77130027212817e-09,-1.7904122,-3.1412685,7.850717,11.416045,3.1223521
3285,27/5/2018,15:53:16,51.543056,-0.034035,4.32,11.3,505,-0.1879696343371517,24.03658536585366,16.545327934187135,5.513187526138028,15.846008741576686,8.41080842575562e-09,-1.9585164,-3.6728551,7.735773,11.823141,2.920816
3286,27/5/2018,15:53:16,51.543056,-0.034035,4.32,11.3,509,-0.1087716587146749,24.043902439024397,18.313192454053844,4.881707230538373,13.91590912220543,5.935982266678349e-09,-0.3492171,-4.2069955,7.88476,12.565472,4.250508
3287,27/5/2018,15:53:17,51.543049,-0.034022,4.61,11.3,505,-0.1879696343371517,24.051219512195125,20.081056973920557,4.250226934938717,11.985809502834174,3.4611561076010798e-09,3.7636395,-5.579011,6.471732,13.604278,8.223642
3288,27/5/2018,15:53:17,51.543049,-0.034022,4.61,11.6,509,-0.1087716587146749,24.058536585365854,20.573040632939755,3.870453959603201,10.70410927226904,1.9400929251503837e-09,3.3526871,-5.865635,6.584573,13.902661,7.8543344
3289,27/5/2018,15:53:18,51.543041,-0.034007,4.3,11.6,505,-0.1879696343371517,24.065853658536582,18.83594174147005,3.930437087402531,10.555223090167306,2.0853423849995892e-09,3.901061,-5.6269374,6.407249,13.621221,8.331658
3290,27/5/2018,15:53:18,51.543041,-0.034007,4.3,11.3,509,-0.1087716587146749,24.07317073170732,17.09884285000035,3.990420215201861,10.406336908065573,2.2305918448487936e-09,3.326556,-5.856719,6.673293,13.927787,7.7567787
3291,27/5/2018,15:53:19,51.543034,-0.033992,5.22,11.3,508,-0.1285711526202941,24.08048780487805,15.037109738283885,4.236452401415176,10.733351629775548,2.905810907443076e-09,3.4256673,-5.6786366,6.5983467,13.757024,7.913609
3292,27/5/2018,15:53:19,51.543034,-0.033992,5.22,11.2,512,-0.0493731769978173,24.087804878048782,11.597032760428476,5.272418496231584,13.08096384475114,5.831194326181065e-09,0.058788534,-4.015985,7.9841685,12.370135,4.7422543
3293,27/5/2018,15:53:20,51.543022,-0.033977,5.02,11.2,509,-0.1087716587146749,24.095121951219515,8.156955782573068,6.308384591047991,15.428576059726732,8.756577744919054e-09,-1.7142893,-3.6470962,7.8751326,11.915452,3.0606432
3294,27/5/2018,15:53:20,51.543022,-0.033977,5.02,10.9,515,0.0100253047190402,24.102439024390247,4.755520052963241,7.383168851231401,17.807078250762032,1.178276664169934e-08,-1.9344184,-1.7014847,8.621634,10.418035,2.9532158
3295,27/5/2018,15:53:21,51.543015,-0.033964,4.24,10.9,512,-0.0493731769978173,24.10975609756097,3.5576523482578013,10.671610067951578,21.947121971267045,2.0557520562498944e-08,-3.2313888,0.99185675,8.357971,8.766535,0.8970996
3296,27/5/2018,15:53:21,51.543015,-0.033964,4.24,11.0,515,0.0100253047190402,24.117073170731707,2.35978464355178,13.960051284673352,26.087165691774068,2.9332274483302804e-08,-4.2383957,1.7991147,8.744069,7.776881,0.11175032
3297,27/5/2018,15:53:22,51.543007,-0.033951,4.78,11.0,511,-0.0691726709034365,24.12439024390244,1.1619169388457586,17.248492501395123,30.22720941228109,3.8107028404106675e-08,-4.5769234,2.9326687,8.774789,6.535939,-0.41189188
3298,27/5/2018,15:53:22,51.543007,-0.033951,4.78,10.9,515,0.0100253047190402,24.13170731707317,0.9283588449924878,17.635546608491985,30.587992773837136,4.079031420797899e-08,-4.909524,2.7735803,9.1144905,6.6659656,-0.35027352
3299,27/5/2018,15:53:23,51.542995,-0.033938,4.78,10.9,513,-0.0295736830921981,24.139024390243904,0.8732550377764338,17.48567257437841,30.24938954442422,4.2346318291181674e-08,-4.815867,2.7891812,9.0413475,6.654456,-0.35843074
3300,27/5/2018,15:53:23,51.542995,-0.033938,4.78,10.7,514,-0.0097741891865789,24.14634146341464,0.8181512305603799,17.33579854026483,29.910786315011304,4.390232237438434e-08,-4.830135,2.7027495,9.086929,6.7212667,-0.32739934
3301,27/5/2018,15:53:24,51.542988,-0.033928,4.32,10.7,511,-0.0691726709034365,24.153658536585368,0.8444981489574866,19.289302695416687,29.511758771628493,5.210319971102112e-08,-4.88212,3.1425767,9.137333,6.2158117,-0.559195
3302,27/5/2018,15:53:24,51.542988,-0.033928,4.32,10.4,515,0.0100253047190402,24.1609756097561,0.9108817261678008,22.276710898504437,29.08302998710605,6.357032816208333e-08,-5.556184,3.5353303,9.80313,5.6950226,-0.8539553
3303,27/5/2018,15:53:25,51.542976,-0.033918,4.13,10.4,510,-0.0889721648090557,24.16829268292683,0.9772653033780824,25.26411910159073,28.654301202583813,7.503745661313996e-08,-5.917755,4.0629487,10.1921835,5.007272,-1.1131048
3304,27/5/2018,15:53:25,51.542976,-0.033918,4.13,10.2,515,0.0100253047190402,24.17560975609756,1.3838617992474496,25.209077442584263,27.522386036831826,7.313015015910445e-08,-6.0407205,3.6640298,10.210289,5.431891,-1.1471025
3305,27/5/2018,15:53:26,51.542969,-0.033907,4.54,10.2,515,0.0100253047190402,24.182926829268293,2.134706585986197,22.07549846874018,25.67894377547449,5.768977042974828e-08,-5.861793,2.5612962,10.132127,6.763759,-0.95298004
3306,27/5/2018,15:53:26,51.542969,-0.033907,4.54,9.8,518,0.0694237864358978,24.190243902439025,2.885551372724944,18.94191949489609,23.83550151411716,4.22493907003921e-08,-5.5887322,1.7114085,9.951252,7.5838866,-0.60654074
3307,27/5/2018,15:53:27,51.542961,-0.033895,4.63,9.8,517,0.0496242925302786,24.19756097560976,3.4362203572400256,17.027013845878997,22.940735095103957,3.2036186197581535e-08,-5.320898,1.0238402,9.860542,8.171242,-0.37851587
3308,27/5/2018,15:53:27,51.542961,-0.033895,4.63,9.7,525,0.2080202437752321,24.20487804878049,3.568586427627588,17.658742692548884,24.028395447991603,3.274609330781244e-08,-4.9239893,1.4303149,9.493494,7.8541474,-0.09779145
3309,27/5/2018,15:53:28,51.542953,-0.033884,4.41,9.7,514,-0.0097741891865789,24.212195121951225,3.70095249801515,18.29047153921877,25.11605580087925,3.3456000418043336e-08,-5.284933,1.6896983,9.704912,7.579777,-0.5322728
3310,27/5/2018,15:53:28,51.542953,-0.033884,4.41,9.5,518,0.0694237864358978,24.219512195121958,3.6669498205738416,19.96525774411434,26.46067397526223,3.590058150760126e-08,-5.654071,2.4166298,9.937891,6.8478208,-0.79914665
3311,27/5/2018,15:53:29,51.542942,-0.033875,4.07,9.5,513,-0.0295736830921981,24.226829268292683,2.692143590271914,27.53845985501531,29.25837053457539,4.8154621790085643e-08,-5.996223,4.152924,10.273414,4.9734454,-1.1971998
3312,27/5/2018,15:53:29,51.542942,-0.033875,4.07,9.5,516,0.0298247986246594,24.23414634146341,1.717337359969513,35.111661965919964,32.05606709388991,6.040866207257598e-08,-6.1177115,5.106232,10.412632,3.9479492,-1.5372009
3313,27/5/2018,15:53:30,51.542931,-0.033865,4.54,9.5,511,-0.0691726709034365,24.241463414634147,0.7425311296671113,42.684864076824624,34.853763653204425,7.26627023550663e-08,-6.1414857,5.7976046,10.4898,3.3502877,-2.0385225
3314,27/5/2018,15:53:30,51.542931,-0.033865,4.54,9.2,516,0.0298247986246594,24.24878048780488,0.6294127669605495,44.46475933203978,35.66561054399253,7.853226699427008e-08,-6.1848645,5.9464593,10.508835,3.255181,-2.1512797
3315,27/5/2018,15:53:31,51.542919,-0.033856,5.15,9.2,512,-0.0493731769978173,24.25609756097561,0.536696484684366,46.10748715473972,36.43043871003874,8.425066716838332e-08,-6.186835,6.0029616,10.519802,3.2058437,-2.2130876
3316,27/5/2018,15:53:31,51.542919,-0.033856,5.15,9.0,516,0.0298247986246594,24.263414634146343,0.4439802024081825,47.75021497743965,37.19526687608496,8.996906734249656e-08,-6.2345395,6.0824,10.544564,3.1584117,-2.2672398
3317,27/5/2018,15:53:32,51.542912,-0.033845,4.74,9.0,513,-0.0295736830921981,24.27073170731708,0.5718597407487132,41.65328399394621,35.92407426921736,7.907430507281429e-08,-6.119346,5.7331324,10.458292,3.39446,-1.9773887
3318,27/5/2018,15:53:32,51.542912,-0.033845,4.74,8.7,516,0.0298247986246594,24.278048780487808,0.7536949830970715,33.663303819851244,34.154889751759576,6.411611642929856e-08,-6.0460234,5.059291,10.362322,3.9722686,-1.416222
3319,27/5/2018,15:53:33,51.5429,-0.033836,4.11,8.7,510,-0.0889721648090557,24.285365853658536,0.9355302254453416,25.673323645760163,32.385705234302655,4.91579277857901e-08,-5.5833635,4.516669,10.019447,4.5087748,-0.89176285
3320,27/5/2018,15:53:33,51.5429,-0.033836,4.11,8.5,514,-0.0097741891865789,24.29268292682927,1.1475984734006115,20.958337270105567,30.786631117412853,3.8745774724126e-08,-5.3159585,3.6319919,9.62618,5.6408544,-0.74410105
3321,27/5/2018,15:53:34,51.542892,-0.033824,4.65,8.5,510,-0.0889721648090557,24.3,1.377416281029616,18.16607398101169,29.287427478015832,3.100256337762338e-08,-4.643914,3.023404,8.849922,6.42732,-0.45698366
3322,27/5/2018,15:53:34,51.542892,-0.033824,4.65,8.5,514,-0.0097741891865789,24.307317073170733,1.6072340886586205,15.37381069191782,27.788223838618816,2.325935203112076e-08,-4.514661,2.052307,8.898753,7.4108644,-0.1262703
3323,27/5/2018,15:53:35,51.542885,-0.033809,5.15,8.5,511,-0.0691726709034365,24.314634146341465,1.6815873196393631,14.2307855033302,27.438861844272434,1.9688843125309933e-08,-4.0610824,2.0886517,8.483591,7.5982175,0.02311205
3324,27/5/2018,15:53:35,51.542885,-0.033809,5.15,8.7,515,0.0100253047190402,24.3219512195122,1.5709886510924287,15.049813189026466,28.457434597462136,2.1082482704049383e-08,-4.493711,2.076389,8.887611,7.4028563,-0.08974562
3325,27/5/2018,15:53:36,51.542873,-0.033797,4.46,8.7,511,-0.0691726709034365,24.32926829268293,1.4603899825454945,15.868840874722732,29.47600735065184,2.2476122282788843e-08,-4.463865,2.7212195,8.662414,6.819651,-0.30127665
3326,27/5/2018,15:53:36,51.542873,-0.033797,4.46,8.4,515,0.0100253047190402,24.33658536585366,1.333337831606183,17.210006547349195,30.323940242917995,2.5097484834611237e-08,-4.8833137,2.7291982,9.118719,6.685753,-0.3323366
3327,27/5/2018,15:53:37,51.542866,-0.033787,4.26,8.4,510,-0.0889721648090557,24.34390243902439,1.16466030178639,19.87212003002422,30.74017431947549,3.0824842378629355e-08,-4.9344854,3.2452643,9.188604,6.0836463,-0.58655363
3328,27/5/2018,15:53:37,51.542866,-0.033787,4.26,8.2,514,-0.0097741891865789,24.35121951219512,0.9959827719665156,22.53423351270053,31.15640839603318,3.655219992265024e-08,-5.427352,3.7900038,9.738388,5.476282,-0.80953395
3329,27/5/2018,15:53:38,51.542858,-0.033777,4.15,8.2,512,-0.0493731769978173,24.35853658536585,0.8284850351273737,25.401927823863595,31.53871788183133,4.390437339769434e-08,-5.606632,4.4836316,10.029061,4.5209665,-0.90331113
3330,27/5/2018,15:53:38,51.542858,-0.033777,4.15,8.0,517,0.0496242925302786,24.365853658536587,0.6705424854554228,29.93462889999043,31.6462708471454,6.441599144200169e-08,-5.8464904,4.6736736,10.227864,4.3302345,-1.1122553
3331,27/5/2018,15:53:39,51.54285,-0.033767,4.59,8.0,513,-0.0295736830921981,24.37317073170732,0.5125999357834718,34.467329976117256,31.75382381245947,8.4927609486309e-08,-6.129439,5.0732913,10.417752,3.9998684,-1.5283898
3332,27/5/2018,15:53:39,51.54285,-0.033767,4.59,7.6,516,0.0298247986246594,24.38048780487805,0.354657386111521,39.00003105224409,31.861376777773536,1.0543922753061632e-07,-6.11486,5.5393696,10.459606,3.5674603,-1.8010874
3333,27/5/2018,15:53:40,51.542843,-0.033755,4.04,7.6,516,0.0298247986246594,24.387804878048783,0.3165380407774846,33.31609728482235,29.903585261305132,9.33802657543058e-08,-6.2390904,4.831342,10.469427,4.264734,-1.555457
3334,27/5/2018,15:53:40,51.542843,-0.033755,4.04,7.4,515,0.0100253047190402,24.395121951219515,0.2865423025171399,26.939510307674063,27.805770390140744,7.911312907492028e-08,-6.1201572,3.931482,10.286902,5.2202806,-1.2144251
3335,27/5/2018,15:53:41,51.542831,-0.033743,4.63,7.4,516,0.0298247986246594,24.402439024390244,0.2565465642568098,20.562923330528875,25.70795551897737,6.48459923955417e-08,-5.7825627,2.4467673,9.998207,6.8429995,-0.8474023
3336,27/5/2018,15:53:41,51.542831,-0.033743,4.63,7.5,515,0.0100253047190402,24.409756097560976,0.2424804481405131,23.83863721936184,27.76405633226446,7.424499541180506e-08,-5.867244,3.5384197,10.071172,5.6167684,-1.0428921
3337,27/5/2018,15:53:42,51.542824,-0.03373,4.3,7.5,513,-0.0295736830921981,24.417073170731708,0.2333592048252743,30.11061803707805,31.10961552065848,9.099044076228127e-08,-5.9623213,4.6075983,10.289933,4.3370295,-1.2034562
3338,27/5/2018,15:53:42,51.542824,-0.03373,4.3,7.7,516,0.0298247986246594,24.42439024390244,0.2242379615100354,36.38259885479427,34.4551747090525,1.0773588611275749e-07,-6.0770073,5.286215,10.401217,3.8215098,-1.5668924
3339,27/5/2018,15:53:43,51.54282,-0.033715,4.93,7.7,513,-0.0295736830921981,24.43170731707317,0.6986210717390657,34.42236856653726,33.971488632378154,9.75516053627187e-08,-6.0990605,5.084718,10.385594,3.9301035,-1.4812298
3340,27/5/2018,15:53:43,51.54282,-0.033715,4.93,7.5,517,0.0496242925302786,24.439024390243905,1.5093873697450182,26.734832217888567,30.82372369146781,6.863180125028027e-08,-5.7600527,4.5225077,10.195027,4.466291,-1.0713407
3341,27/5/2018,15:53:44,51.542812,-0.033702,4.32,7.5,514,-0.0097741891865789,24.44634146341464,2.320153667750971,19.04729586923987,27.67595875055746,3.97119971378418e-08,-5.4800887,2.3143966,9.793382,6.9807496,-0.7158677
3342,27/5/2018,15:53:44,51.542812,-0.033702,4.32,7.4,520,0.1090227742471362,24.45365853658537,3.907175749859977,13.933207015377224,25.09200843425194,2.1464386974111484e-08,-3.9451663,0.97273386,9.10251,8.223292,0.6837563
3343,27/5/2018,15:53:45,51.542801,-0.033692,3.91,7.4,516,0.0298247986246594,24.460975609756098,6.582477999874065,12.426990629686449,23.2985041112638,1.817877420902328e-08,-3.844315,0.7439971,8.906554,8.564594,0.6538404
3344,27/5/2018,15:53:45,51.542801,-0.033692,3.91,7.7,526,0.2278197376808514,24.46829268292683,9.257780249889452,10.920774243994943,21.504999788274777,1.4893161443933485e-08,-3.4421797,0.443266,9.090138,8.660062,1.2386173
3345,27/5/2018,15:53:46,51.542793,-0.033681,4.85,7.7,518,0.0694237864358978,24.47560975609756,11.253848441626598,9.532833208743424,19.96085622262037,1.2185941620616716e-08,-2.9315467,-0.14233476,9.146957,9.154957,1.8451465
3346,27/5/2018,15:53:46,51.542793,-0.033681,4.85,8.1,524,0.1882207498696129,24.48292682926829,11.13317477657662,8.513481442317875,19.19381201771989,1.1281205837373929e-08,-2.6588643,-0.17450014,9.163857,9.184151,2.1658862
3347,27/5/2018,15:53:47,51.542782,-0.033668,5.07,8.1,516,0.0298247986246594,24.490243902439023,11.012501111526642,7.494129675892327,18.426767812819406,1.0376470054131145e-08,-1.9611826,-1.4532406,8.702838,10.245648,2.9132707
3348,27/5/2018,15:53:47,51.542782,-0.033668,5.07,8.2,519,0.089223280341517,24.49756097560976,11.013910983757928,6.484589182875255,17.541129219473117,9.408943299701901e-09,-1.3399826,-0.83629686,9.546231,9.906249,3.792121
3349,27/5/2018,15:53:48,51.542774,-0.033656,4.72,8.2,516,0.0298247986246594,24.50487804878049,12.648851664601173,5.606327793833817,15.068646145954244,7.601246050380835e-09,-0.34385872,-1.265481,9.390795,10.533691,4.6051745
3350,27/5/2018,15:53:48,51.542774,-0.033656,4.72,8.2,521,0.1288222681527554,24.512195121951223,14.283792345444413,4.728066404792379,12.596163072435374,5.7935488010597695e-09,0.31934044,-0.2812174,10.269826,9.9934635,5.475394
3351,27/5/2018,15:53:49,51.542763,-0.033643,4.17,8.2,521,0.1288222681527554,24.51951219512195,15.918733026286862,3.8498050157513672,10.123679998917703,3.985851551739581e-09,1.21323,0.5714528,10.815458,9.699942,6.3576593
3352,27/5/2018,15:53:49,51.542763,-0.033643,4.17,8.2,524,0.1882207498696129,24.526829268292683,18.4391017047368,4.055556462438161,10.01452280889416,3.752178691650732e-09,0.86327237,0.9361851,10.851075,9.235842,6.2337
3353,27/5/2018,15:53:50,51.542755,-0.033629,4.8,8.2,522,0.1486217620583746,24.534146341463416,21.06208324323347,4.3869349027394735,10.179253082090035,3.7009206013670143e-09,0.8276739,0.573437,10.729604,9.555793,6.094764
3354,27/5/2018,15:53:50,51.542755,-0.033629,4.8,8.3,527,0.2476192315864706,24.541463414634148,23.685064781730148,4.718313343040786,10.343983355285912,3.649662511083296e-09,0.75261503,0.9981145,10.834553,9.106121,6.167125
3355,27/5/2018,15:53:51,51.542747,-0.033616,4.46,8.3,520,0.1090227742471362,24.54878048780488,20.88801486326663,5.704307204826429,12.01821122613517,4.963857044736833e-09,0.3375121,-0.30675563,10.243457,10.077476,5.463147
3356,27/5/2018,15:53:51,51.542747,-0.033616,4.46,8.5,522,0.1486217620583746,24.55609756097561,16.011831355165747,6.941412692422823,14.271485027562518,6.801841603970523e-09,-0.43277293,-0.5365759,9.9571495,9.992522,4.6732397
3357,27/5/2018,15:53:52,51.54274,-0.033604,4.09,8.5,514,-0.0097741891865789,24.563414634146344,11.13564784706487,8.178518180019218,16.524758828989867,8.639826163204215e-09,-2.2443836,-1.9568202,8.959296,10.833038,2.837749
3358,27/5/2018,15:53:52,51.54274,-0.033604,4.09,8.4,518,0.0694237864358978,24.57073170731708,7.520886811636519,12.720664790046843,20.862619717698266,1.7614727587376077e-08,-3.7152066,0.3090752,9.144289,8.907408,0.98765177
3359,27/5/2018,15:53:53,51.542732,-0.033593,4.98,8.4,512,-0.0493731769978173,24.578048780487805,4.940880974621216,19.973963735223847,26.91048448839905,3.2444100440911534e-08,-5.562464,2.1946516,9.857839,7.078612,-0.7405769
3360,27/5/2018,15:53:53,51.542732,-0.033593,4.98,8.5,517,0.0496242925302786,24.585365853658537,2.3608751376046584,27.22726268040437,32.95834925910277,4.7273473294454174e-08,-5.7132783,4.6910825,10.151301,4.2989006,-1.0038568
3361,27/5/2018,15:53:54,51.542721,-0.033581,5.06,8.5,513,-0.0295736830921981,24.59268292682927,0.9825281136152424,29.097891499035967,34.57430074624189,5.1380283796388134e-08,-5.776069,4.8580995,10.191119,4.1049957,-1.0486611
3362,27/5/2018,15:53:54,51.542721,-0.033581,5.06,8.6,516,0.0298247986246594,24.6,1.5987317853142278,22.03419692305618,28.834024636051545,3.768945160131775e-08,-5.608722,3.4805043,9.808217,5.749185,-0.85374206
3363,27/5/2018,15:53:55,51.542709,-0.033569,4.94,8.6,514,-0.0097741891865789,24.607317073170734,2.2149354570132127,14.97050234707639,23.0937485258612,2.3998619406247387e-08,-4.878365,0.9938676,9.503974,8.248606,-0.12923339
3364,27/5/2018,15:53:55,51.542709,-0.033569,4.94,8.6,519,0.089223280341517,24.614634146341466,3.41342782606379,9.0124631110509,17.835561550603096,1.24165818949828e-08,-2.4057689,-0.5054568,9.201616,9.599705,2.5415177
3365,27/5/2018,15:53:56,51.542702,-0.033556,4.61,8.6,518,0.0694237864358978,24.6219512195122,6.904138761176653,7.406910381179996,14.47515083412295,9.135956291966816e-09,-1.2365434,-1.6547133,9.297241,10.648671,3.651467
3366,27/5/2018,15:53:56,51.542702,-0.033556,4.61,8.7,521,0.1288222681527554,24.629268292682926,10.39484969628782,5.801357651309872,11.114740117644436,5.855330688952425e-09,0.41989523,-0.21820357,10.377994,9.966826,5.581537
3367,27/5/2018,15:53:57,51.542694,-0.033542,4.52,8.7,523,0.1684212559639938,24.63658536585366,13.800983523995535,4.244422620791153,7.876475231589306,2.6956886031373987e-09,1.73979,1.3675333,11.348106,9.201871,7.059522
3368,27/5/2018,15:53:57,51.542694,-0.033542,4.52,8.8,522,0.1486217620583746,24.64390243902439,14.392846969569709,4.305222643315854,8.702565386899733,3.5617260378338286e-09,1.6837692,1.197732,11.234758,9.314809,6.9374285
3369,27/5/2018,15:53:58,51.542686,-0.033526,5.04,8.8,521,0.1288222681527554,24.651219512195123,14.984710415143876,4.366022665840553,9.52865554221016,4.427763472530259e-09,1.1424158,0.50175333,10.802069,9.719493,6.3364906
3370,27/5/2018,15:53:58,51.542686,-0.033526,5.04,9.0,523,0.1684212559639938,24.65853658536585,15.576573860718046,4.426822688365254,10.354745697520588,5.2938009072266886e-09,0.7582597,0.67108995,10.751729,9.399155,6.0706315
3371,27/5/2018,15:53:59,51.542679,-0.03351,4.63,9.0,516,0.0298247986246594,24.665853658536587,13.503427107681627,4.781271881517457,12.28389259003366,6.759345142357066e-09,0.6456825,-0.899241,9.887167,10.657048,5.587761
3372,27/5/2018,15:53:59,51.542679,-0.03351,4.63,9.1,520,0.1090227742471362,24.67317073170732,10.981168938027572,5.185207262406527,14.398928217273896,8.32591914035858e-09,-0.15337072,-0.5997268,9.948098,10.1132145,4.9687853
3373,27/5/2018,15:54:0,51.542671,-0.033496,4.33,9.1,515,0.0100253047190402,24.68048780487805,8.458910768373517,5.589142643295597,16.51396384451413,9.892493138360096e-09,-1.3435091,-2.1219876,8.565653,10.646622,3.5515246
3374,27/5/2018,15:54:0,51.542671,-0.033496,4.33,8.8,520,0.1090227742471362,24.68780487804878,7.894171890280219,5.308190732087473,15.801062320187285,9.439997082765634e-09,-0.6897601,-0.690677,9.767897,10.0060215,4.4266343
3375,27/5/2018,15:54:1,51.542664,-0.033485,4.26,8.8,517,0.0496242925302786,24.695121951219512,8.240542456484944,4.7084642970213535,13.77192332234782,8.047743343830373e-09,0.2748885,-1.0194451,9.738903,10.568732,5.2521787
3376,27/5/2018,15:54:1,51.542664,-0.033485,4.26,8.8,519,0.089223280341517,24.702439024390245,8.586913022689666,4.108737861955234,11.742784324508351,6.655489604895113e-09,0.85549474,-0.25104198,10.356579,10.227183,5.870993
3377,27/5/2018,15:54:2,51.542656,-0.033475,4.57,8.8,521,0.1288222681527554,24.709756097560977,9.593585586175216,3.64779545180228,10.200530607973183,5.3563759425202235e-09,1.2716075,0.533762,10.807407,9.737251,6.4101167
3378,27/5/2018,15:54:3,51.542645,-0.033464,4.93,8.8,520,0.1090227742471362,24.71707317073171,11.237223070114938,3.320732017865,9.127954169037404,4.1471105036880215e-09,1.6681867,0.6231564,11.04545,9.823058,6.827678
3379,27/5/2018,15:54:3,51.542645,-0.033464,4.93,8.8,521,0.1288222681527554,24.72439024390244,12.88086055405466,2.9936685839277213,8.055377730101624,2.9378450648558203e-09,1.9287103,0.98807436,11.305853,9.62634,7.121766
3380,27/5/2018,15:54:4,51.542637,-0.033453,4.76,8.8,519,0.089223280341517,24.731707317073173,14.638962081838518,2.849501490890437,7.527709638637946,2.26325681421903e-09,2.1457114,0.68732333,11.297161,9.984974,7.196677
3381,27/5/2018,15:54:4,51.542637,-0.033453,4.76,8.8,522,0.1486217620583746,24.739024390243905,16.62367148020544,3.0674197213912504,8.078812802641481,2.647184888859813e-09,1.7922504,1.3852779,11.362188,9.250444,7.121338
3382,27/5/2018,15:54:5,51.542625,-0.033441,4.61,8.8,519,0.089223280341517,24.746341463414637,18.60838087857141,3.2853379518919583,8.62991596664475,3.0311129635004102e-09,1.9289072,0.6040806,11.134609,9.969847,7.0208745
3383,27/5/2018,15:54:5,51.542625,-0.033441,4.61,8.9,523,0.1684212559639938,24.75365853658537,20.193052162393503,3.593550032598202,9.272090120915353,3.565223971314654e-09,1.5237069,1.2416967,11.183484,9.251644,6.8753157
3384,27/5/2018,15:54:6,51.542622,-0.033428,3.96,8.9,523,0.1684212559639938,24.7609756097561,19.711543361588177,4.368126062827271,10.384642120535052,4.875023530523574e-09,0.76185596,0.656324,10.736822,9.419631,6.0492992
3385,27/5/2018,15:54:6,51.542622,-0.033428,3.96,9.0,527,0.2476192315864706,24.76829268292683,19.23003456078285,5.142702093056339,11.497194120154752,6.184823089732493e-09,0.6439167,0.8612495,10.73279,9.224687,5.988108
3386,27/5/2018,15:54:7,51.542614,-0.033415,4.54,9.0,517,0.0496242925302786,24.775609756097563,18.748525759977525,5.917278123285408,12.609746119774451,7.494622648941412e-09,0.20825735,-0.9352943,9.778816,10.488023,5.199784
3387,27/5/2018,15:54:7,51.542614,-0.033415,4.54,8.9,519,0.089223280341517,24.78292682926829,15.421788852252504,5.952261761946823,14.020455034762495,8.514598250888113e-09,-0.09310127,-0.7895289,9.832176,10.291527,4.991985
3388,27/5/2018,15:54:8,51.542606,-0.0334,4.8,8.9,516,0.0298247986246594,24.790243902439027,12.06286315383621,5.978878203394374,15.434537074920575,9.531295000543518e-09,-1.0550194,-1.8917689,8.924861,10.669633,3.9182093
3389,27/5/2018,15:54:8,51.542606,-0.0334,4.8,8.9,521,0.1288222681527554,24.79756097560976,8.703937455419917,6.005494644841924,16.84861911507866,1.0547991750198925e-08,-0.91753274,-0.6642114,9.7625885,9.9118805,4.259816
3390,27/5/2018,15:54:9,51.542595,-0.033386,4.52,8.9,516,0.0298247986246594,24.804878048780488,7.835586157332104,5.816240724086132,16.9938534541803,9.767492627929928e-09,-1.3732272,-2.0465386,8.61015,10.5953,3.5328512
3391,27/5/2018,15:54:9,51.542595,-0.033386,4.52,8.8,520,0.1090227742471362,24.81219512195122,7.531007818605077,5.578121821452262,16.851868096769834,8.580175530203439e-09,-0.9294788,-0.6632001,9.743324,9.942475,4.2708635
3392,27/5/2018,15:54:10,51.542587,-0.033375,3.94,8.8,516,0.0298247986246594,24.819512195121952,7.22642947987805,5.340002918818392,16.709882739359372,7.3928584324769505e-09,-1.3330785,-2.047668,8.591951,10.63506,3.578568
3393,27/5/2018,15:54:10,51.542587,-0.033375,3.94,9.1,520,0.1090227742471362,24.826829268292684,9.157089186833142,5.060818217845572,15.483954060044224,6.3019419864712465e-09,-0.6303528,-0.66312474,9.823228,10.010311,4.550672
3394,27/5/2018,15:54:11,51.54258,-0.033365,5.06,9.1,517,0.0496242925302786,24.834146341463416,12.334050681442744,4.758736457662366,13.653651049138045,5.264775656612126e-09,0.28512233,-0.98999745,9.779927,10.532609,5.27046
3395,27/5/2018,15:54:11,51.54258,-0.033365,5.06,9.0,523,0.1684212559639938,24.84146341463415,15.511012176052343,4.456654697479159,11.82334803823186,4.2276093267530065e-09,0.4787592,0.24073187,10.546249,9.63029,5.7517633
3396,27/5/2018,15:54:12,51.542568,-0.033353,4.94,9.0,522,0.1486217620583746,24.84878048780488,18.34667352677901,4.321377212938902,10.878080401973325,3.6496094839079907e-09,0.66796744,0.41523415,10.653034,9.603063,5.925552
3397,27/5/2018,15:54:12,51.542568,-0.033353,4.94,8.9,526,0.2278197376808514,24.856097560975613,20.795344553070944,4.375234253845279,10.93632868245166,3.592245190047963e-09,0.71775705,0.9181479,10.790166,9.173839,6.091763
3398,27/5/2018,15:54:13,51.542561,-0.033341,4.61,8.9,521,0.1288222681527554,24.86341463414634,23.244015579361687,4.42909129475163,10.994576962929964,3.534880896187963e-09,0.6847413,0.21787837,10.614334,9.754657,5.9371724
3399,27/5/2018,15:54:13,51.542561,-0.033341,4.61,8.7,525,0.2080202437752321,24.870731707317077,23.72997261651911,4.6914762180742695,11.603935034260692,3.704873025935694e-09,0.60468346,0.6906293,10.684226,9.34033,5.929886
3400,27/5/2018,15:54:14,51.542549,-0.033329,4.44,8.7,518,0.0694237864358978,24.87804878048781,19.530741421550346,5.451637376842037,13.52884550956126,4.4175869410695316e-09,0.12699227,-0.90339357,9.766676,10.423714,5.106258
3401,27/5/2018,15:54:14,51.542549,-0.033329,4.44,8.8,523,0.1684212559639938,24.885365853658534,15.331510226581583,6.211798535609805,15.453755984861832,5.130300856203369e-09,-0.4850991,-0.44879377,9.97047,9.894564,4.6408877
3402,27/5/2018,15:54:15,51.542542,-0.033315,5.07,8.8,515,0.0100253047190402,24.89268292682927,11.277708802234637,7.210449800643698,17.597337349273488,6.260328510036132e-09,-1.8721174,-1.7828504,8.618017,10.443626,3.0534117
3403,27/5/2018,15:54:15,51.542542,-0.033315,5.07,9.0,519,0.089223280341517,24.9,8.272048243320295,9.927946012692862,21.316922677507904,1.0398018084578873e-08,-3.0556517,-0.028074756,9.112654,9.057349,1.733974
3404,27/5/2018,15:54:16,51.542534,-0.0333,4.7,9.0,514,-0.0097741891865789,24.90731707317073,5.266387684405954,12.645442224742029,25.03650800574232,1.453570765912161e-08,-3.8457296,1.3734535,8.537122,8.166776,0.43583122
3405,27/5/2018,15:54:16,51.542534,-0.0333,4.7,9.0,518,0.0694237864358978,24.914634146341463,2.260727125491613,15.36293843679119,28.756093333976736,1.867339723366435e-08,-4.50517,2.023711,8.936948,7.4384027,-0.036966573
3406,27/5/2018,15:54:17,51.542526,-0.033285,4.74,9.0,513,-0.0295736830921981,24.921951219512195,1.6154550473524032,21.26357105333704,31.7068890063906,3.0511024450007775e-08,-5.3307824,3.6940956,9.637357,5.5639625,-0.7551556
3407,27/5/2018,15:54:17,51.542526,-0.033285,4.74,8.7,517,0.0496242925302786,24.929268292682927,1.0984731305038178,27.33721124303332,34.615899968472334,4.276715321813253e-08,-5.6546392,4.7755237,10.143083,4.1512113,-0.97194254
3408,27/5/2018,15:54:18,51.542519,-0.033272,4.2,8.7,514,-0.0097741891865789,24.93658536585366,0.5814912136552324,33.41085143272959,37.52491093055407,5.5023281986257294e-08,-5.8692417,5.0667825,10.2340145,3.9381607,-1.1356548
3409,27/5/2018,15:54:18,51.542519,-0.033272,4.2,8.7,517,0.0496242925302786,24.94390243902439,0.4149610052046976,39.35592424588496,37.72588573465775,6.45994262129282e-08,-6.0285196,5.4956646,10.403855,3.5662043,-1.7301626
3410,27/5/2018,15:54:19,51.542511,-0.03326,4.37,8.7,513,-0.0295736830921981,24.951219512195124,0.3501417665407194,45.26368318030177,37.14091206927313,7.339776334038349e-08,-6.1859117,5.968886,10.51372,3.240498,-2.1704175
3411,27/5/2018,15:54:19,51.542511,-0.03326,4.37,8.9,516,0.0298247986246594,24.958536585365856,0.2853225278767413,51.17144211471857,36.55593840388851,8.219610046783879e-08,-6.2854643,6.2199035,10.596318,3.0422018,-2.4047868
3412,27/5/2018,15:54:20,51.5425,-0.033248,4.76,8.9,513,-0.0295736830921981,24.965853658536588,0.2599866442586773,52.78353714486798,36.49529753125837,8.627884176480904e-08,-6.286858,6.223235,10.605021,3.021059,-2.4279246
3413,27/5/2018,15:54:20,51.5425,-0.033248,4.76,9.0,516,0.0298247986246594,24.97317073170732,0.26079112258683,51.5516436353842,36.78179658548941,8.723957426446193e-08,-6.291001,6.2288723,10.610214,3.0173533,-2.429773
3414,27/5/2018,15:54:21,51.542492,-0.033235,4.93,9.0,513,-0.0295736830921981,24.98048780487805,0.2615956009149823,50.31975012590102,37.06829563972031,8.820030676411437e-08,-6.2970815,6.230632,10.595033,3.0468667,-2.3950753
3415,27/5/2018,15:54:21,51.542492,-0.033235,4.93,8.9,517,0.0496242925302786,24.98780487804878,0.2911875851370031,46.39841508118487,37.04861300780264,8.315219729657797e-08,-6.208889,6.024571,10.507582,3.2213814,-2.1960819
3416,27/5/2018,15:54:22,51.542484,-0.033222,4.33,8.9,514,-0.0097741891865789,24.995121951219517,0.3592103308452987,38.886727799882216,36.62018376910258,7.008240045879399e-08,-6.0786486,5.5374727,10.441706,3.5513177,-1.7899538
3417,27/5/2018,15:54:22,51.542484,-0.033222,4.33,8.6,517,0.0496242925302786,25.002439024390245,0.4272330765535942,31.37504051857957,36.19175453040252,5.701260362101001e-08,-5.826149,4.967862,10.214969,3.991448,-1.0782452
3418,27/5/2018,15:54:23,51.542477,-0.033209,4.02,8.6,514,-0.0097741891865789,25.009756097560977,0.5862646424440192,24.757661953614083,35.05517722237818,4.527953952754021e-08,-5.5775695,4.7036614,10.025376,4.317412,-0.86370707
3419,27/5/2018,15:54:23,51.542477,-0.033209,4.02,8.8,517,0.0496242925302786,25.01707317073171,1.0113593605745823,20.754783781778823,31.84833785403778,3.745439696236951e-08,-5.3221107,3.6375952,9.606193,5.6337514,-0.7188147
3420,27/5/2018,15:54:24,51.542473,-0.033192,4.48,8.8,514,-0.0097741891865789,25.02439024390244,1.436454078705145,16.75190560994357,28.641498485697383,2.962925439719882e-08,-4.705826,2.4311955,9.024156,7.000881,-0.25496623
3421,27/5/2018,15:54:24,51.542473,-0.033192,4.48,9.1,519,0.089223280341517,25.03170731707317,1.8654096664453168,13.038708511703751,25.645855639561173,2.231604501655906e-08,-3.8438792,0.929649,9.051559,8.265881,0.8267532
3422,27/5/2018,15:54:25,51.542469,-0.033173,4.83,9.1,516,0.0298247986246594,25.039024390243902,2.3378877843298027,12.591007152165696,25.030973589173747,2.077371880697721e-08,-3.8151002,1.1369333,8.7179,8.279137,0.58704644
3423,27/5/2018,15:54:25,51.542469,-0.033173,4.83,9.4,521,0.1288222681527554,25.046341463414635,2.8103659022145173,12.14330579262742,24.416091538786024,1.9231392597394604e-08,-3.6742828,0.72729886,9.025762,8.40006,0.9956857
3424,27/5/2018,15:54:26,51.542461,-0.033158,4.57,9.4,515,0.0100253047190402,25.053658536585367,3.2828440200992324,11.695604433089148,23.801209488398296,1.7689066387812e-08,-3.6357796,1.1366144,8.588277,8.408993,0.6504763
3425,27/5/2018,15:54:26,51.542461,-0.033158,4.57,9.0,519,0.089223280341517,25.0609756097561,3.2426727800743387,11.033253914244698,23.618911978347487,1.7198532485188754e-08,-3.5391285,0.6836877,8.981954,8.476592,1.1303012
3426,27/5/2018,15:54:27,51.542458,-0.033143,4.65,9.0,514,-0.0097741891865789,25.06829268292683,3.150613607702426,10.349177627320016,23.480398620206856,1.681445600268042e-08,-3.2046478,0.9567512,8.361748,8.710093,0.9724571
3427,27/5/2018,15:54:27,51.542458,-0.033143,4.65,8.7,518,0.0694237864358978,25.075609756097563,3.058554435330513,9.665101340395337,23.341885262066224,1.6430379520172085e-08,-3.2715583,0.5363946,8.821674,8.643537,1.2560652
3428,27/5/2018,15:54:28,51.54245,-0.033128,4.24,8.7,516,0.0298247986246594,25.082926829268292,3.424031861580981,8.95973781632478,22.31076292745457,1.4498299010870071e-08,-2.638896,-0.9002293,8.262844,9.779514,1.9625453
3429,27/5/2018,15:54:28,51.54245,-0.033128,4.24,8.9,520,0.1090227742471362,25.090243902439028,3.954730837333547,8.246687234396013,20.95730957356256,1.200721704744956e-08,-2.7324116,-0.15346523,9.136584,9.151979,2.0901263
3430,27/5/2018,15:54:29,51.542442,-0.033114,4.44,8.9,516,0.0298247986246594,25.09756097560976,4.485429813085855,7.533636652467591,19.603856219671204,9.516135084030262e-09,-2.2283652,-1.416664,8.504486,10.173391,2.62012
3431,27/5/2018,15:54:29,51.542442,-0.033114,4.44,9.0,520,0.1090227742471362,25.10487804878049,5.050743207358171,7.283313515388232,19.144581610217664,8.857509638350796e-09,-2.513917,-0.28118372,9.201184,9.274045,2.3482873
3432,27/5/2018,15:54:30,51.542435,-0.033099,4.91,9.0,516,0.0298247986246594,25.11219512195122,5.643110477888056,7.394648079616034,19.384177648855,9.6310923301576e-09,-2.1720884,-1.433876,8.547061,10.178061,2.67865
3433,27/5/2018,15:54:30,51.542435,-0.033099,4.91,9.1,522,0.1486217620583746,25.119512195121956,6.235477748417941,7.5059826438438355,19.62377368749233,1.0404675021964405e-08,-2.6078858,-0.21634786,9.17055,9.210849,2.2387772
3434,27/5/2018,15:54:31,51.542427,-0.033084,4.59,9.1,516,0.0298247986246594,25.126829268292685,6.603158959482869,7.753313221687452,19.93631158518514,1.228260841612115e-08,-2.3050275,-1.3714987,8.446636,10.134958,2.5125227
3435,27/5/2018,15:54:31,51.542427,-0.033084,4.59,9.0,520,0.1090227742471362,25.134146341463417,6.61629852800199,8.21523766513114,20.36394752937649,1.5903143522596537e-08,-2.685126,-0.1843056,9.137041,9.152497,2.1121044
3436,27/5/2018,15:54:32,51.542419,-0.033069,4.22,9.0,516,0.0298247986246594,25.14146341463415,6.629438096521112,8.677162108574828,20.791583473567844,1.9523678629071928e-08,-2.5395105,-1.1546661,8.259347,9.954251,2.105051
3437,27/5/2018,15:54:32,51.542419,-0.033069,4.22,9.3,523,0.1684212559639938,25.14878048780488,6.64128364515832,8.91257807871491,20.844510645335788,2.203702491143488e-08,-2.73337,-0.14951345,9.151638,9.1494255,2.0887568
3438,27/5/2018,15:54:33,51.542416,-0.033053,4.7,9.3,515,0.0100253047190402,25.15609756097561,6.648390837695178,8.318580358030077,19.52535410920834,2.0496140658163716e-08,-2.3907466,-1.4110705,8.42345,10.167727,2.419075
3439,27/5/2018,15:54:34,51.542408,-0.033036,4.7,9.3,517,0.0496242925302786,25.163414634146346,6.655498030232039,7.724582637344955,18.206197573080253,1.89552564048918e-08,-1.8825567,-1.2911408,8.882784,10.090646,2.9815443
3440,27/5/2018,15:54:35,51.5424,-0.033018,4.98,9.3,520,0.1090227742471362,25.170731707317078,6.656161664462662,7.141767209061251,16.919242954366563,1.7373425610746422e-08,-1.3786455,-0.8105014,9.55158,9.903437,3.7620673
3441,27/5/2018,15:54:36,51.542397,-0.033002,4.83,9.3,519,0.089223280341517,25.178048780487806,6.506562466574125,6.819721195123464,16.383232314179455,1.4836727504983429e-08,-1.2592895,-0.82315415,9.588608,9.949781,3.8896153
3442,27/5/2018,15:54:36,51.542397,-0.033002,4.83,10.0,521,0.1288222681527554,25.18536585365854,6.356963268685587,6.497675181185679,15.847221673992346,1.230002939922043e-08,-0.81998676,-0.65368474,9.788029,9.945754,4.328391
3443,27/5/2018,15:54:37,51.542389,-0.032988,4.15,10.0,515,0.0100253047190402,25.19268292682927,6.20736407079705,6.175629167247894,15.311211033805236,9.763331293457434e-09,-1.1229246,-2.1704016,8.736356,10.864805,3.7845087
3444,27/5/2018,15:54:37,51.542389,-0.032988,4.15,10.2,519,0.089223280341517,25.200000000000003,6.352343935519532,5.631609439615843,14.924193457101804,8.973876614026613e-09,-0.5315188,-0.71139395,9.779134,10.076756,4.634007
3445,27/5/2018,15:54:38,51.542381,-0.032974,4.32,10.2,516,0.0298247986246594,25.20731707317073,6.542229145151971,5.053752255628367,14.55988823763683,8.450770017877393e-09,-0.033225805,-1.099362,9.60538,10.532326,4.9678044
3446,27/5/2018,15:54:38,51.542381,-0.032974,4.32,10.0,519,0.089223280341517,25.214634146341464,6.732114354784502,4.475895071640609,14.195583018171678,7.927663421727919e-09,0.1307371,-0.5538789,10.039877,10.168794,5.208173
3447,27/5/2018,15:54:39,51.542374,-0.03296,4.96,10.0,518,0.0694237864358978,25.2219512195122,9.63702937956046,4.149589401007027,13.008230567339073,7.0060727375626315e-09,0.48558003,-0.7809256,9.936978,10.475233,5.4580636
3448,27/5/2018,15:54:39,51.542374,-0.03296,4.96,10.0,522,0.1486217620583746,25.229268292682928,13.73719593628163,3.934025546180661,11.458543803023703,5.909055354950006e-09,0.5811558,0.28934622,10.571273,9.651757,5.8124776
3449,27/5/2018,15:54:40,51.542362,-0.032945,5.44,10.0,518,0.0694237864358978,25.23658536585366,17.837362493002804,3.718461691354295,9.908857038708335,4.812037972337382e-09,1.4477304,-0.1614745,10.62472,10.389952,6.445211
3450,27/5/2018,15:54:40,51.542362,-0.032945,5.44,9.9,523,0.1684212559639938,25.243902439024392,24.529266568766364,3.5481811264376244,8.755854306244766,3.844754249716373e-09,1.5963771,1.4346743,11.290055,9.116188,7.033736
3451,27/5/2018,15:54:41,51.542355,-0.03293,4.98,9.9,526,0.2278197376808514,25.251219512195124,33.60457638969493,3.4195438423461733,7.96764893214954,2.99677579944391e-09,1.7756659,2.8201287,11.681764,7.814337,7.9523916
3452,27/5/2018,15:54:41,51.542355,-0.03293,4.98,9.9,528,0.2674187254920898,25.258536585365857,42.67988621062349,3.2909065582547217,7.179443558054316,2.1487973491714473e-09,1.9517652,3.9259722,11.874466,7.0135593,8.642394
3453,27/5/2018,15:54:42,51.542347,-0.032915,4.52,9.9,525,0.2080202437752321,25.265853658536585,50.24007619390438,3.117883004016819,6.559848647501658,1.501965627658584e-09,2.3197641,3.2202842,12.022423,7.7980766,8.461256
3454,27/5/2018,15:54:42,51.542347,-0.032915,4.52,10.0,529,0.287218219397709,25.27317073170732,54.955874172289406,2.861531419351591,6.25679256280672,1.232754298195897e-09,1.979336,4.3388777,11.957572,6.6070876,8.947631
3455,27/5/2018,15:54:43,51.542343,-0.032897,4.82,10.0,525,0.2080202437752321,25.28048780487805,59.67167215067443,2.6051798346863637,5.953736478111782,9.635429687332103e-10,3.1483877,4.579124,12.762299,7.1615944,9.671631
3456,27/5/2018,15:54:43,51.542343,-0.032897,4.82,10.1,527,0.2476192315864706,25.28780487804878,63.2547949814215,2.412981185504335,5.6754225399854725,7.273129033317959e-10,2.8571157,5.6199546,12.70364,6.1906466,10.042219
3457,27/5/2018,15:54:44,51.542336,-0.03288,4.93,10.1,527,0.2476192315864706,25.295121951219517,61.46655988547839,2.5250077850590857,5.514440500040099,6.474861760959673e-10,2.848611,5.5758233,12.674742,6.2207656,9.991063
3458,27/5/2018,15:54:44,51.542336,-0.03288,4.93,10.0,527,0.2476192315864706,25.30243902439025,59.67832478953529,2.637034384613837,5.353458460094725,5.676594488601387e-10,2.8030388,5.506462,12.6291,6.2416544,9.925189
3459,27/5/2018,15:54:45,51.542332,-0.032862,5.09,10.0,528,0.2674187254920898,25.309756097560975,57.885815708918095,2.7489663382994145,5.19292146654876,4.882727115056174e-10,2.6851227,5.6856647,12.539261,6.0172834,9.940005
3460,27/5/2018,15:54:45,51.542332,-0.032862,5.09,10.0,526,0.2278197376808514,25.31707317073171,50.44309889179554,2.735776452996237,5.620735812746152,9.905525969675758e-10,2.6330621,4.0117016,12.365807,7.242931,9.139812
3461,27/5/2018,15:54:46,51.542324,-0.032846,4.72,10.0,522,0.1486217620583746,25.32439024390244,43.0003820746766,2.722586567693065,6.048550158943336,1.4928324824292903e-09,2.8141623,2.2863064,12.059994,8.7610035,8.296443
3462,27/5/2018,15:54:47,51.54232,-0.032829,4.48,10.0,520,0.1090227742471362,25.33170731707317,35.55766525755405,2.709396682389887,6.476364505140728,1.995112367891249e-09,2.6832204,1.5224055,11.838074,9.378411,7.888797
3463,27/5/2018,15:54:47,51.54232,-0.032829,4.48,10.2,523,0.1684212559639938,25.339024390243903,30.45082565724025,3.0323131507016945,7.933844780368086,2.809133723760021e-09,1.8274341,1.859805,11.465425,8.784884,7.31537
3464,27/5/2018,15:54:48,51.542313,-0.032815,4.59,10.2,520,0.1090227742471362,25.346341463414635,25.83139182736153,3.4253618053514643,9.60617586702432,3.688203272430544e-09,1.5900246,0.698435,10.977985,9.780438,6.773422
3465,27/5/2018,15:54:48,51.542313,-0.032815,4.59,10.3,524,0.1882207498696129,25.353658536585368,21.21195799748281,3.8184104600012336,11.278506953680555,4.567272821101067e-09,0.62083125,0.52613384,10.662652,9.452636,5.914749
3466,27/5/2018,15:54:49,51.542301,-0.032802,4.85,10.3,518,0.0694237864358978,25.3609756097561,17.7191215585457,4.59632093835811,13.11986882607213,5.535797452721553e-09,0.36115715,-0.82542056,9.871133,10.468494,5.3428817
3467,27/5/2018,15:54:49,51.542301,-0.032802,4.85,10.3,524,0.1882207498696129,25.368292682926832,14.822397331320088,5.5778718962492135,15.050669318100312,6.551655113669906e-09,-0.38501766,-0.37320432,10.019616,9.874834,4.736202
3468,27/5/2018,15:54:50,51.542294,-0.03279,4.76,10.3,516,0.0298247986246594,25.375609756097564,11.925673104094477,6.559422854140318,16.981469810128495,7.567512774618261e-09,-1.5078851,-1.9683988,8.637398,10.570253,3.424258
3469,27/5/2018,15:54:50,51.542294,-0.03279,4.76,10.3,520,0.1090227742471362,25.382926829268293,9.3473239944701,7.695537603924354,19.120723352924504,8.797114551045674e-09,-2.5692065,-0.25455093,9.176949,9.244169,2.2759802
3470,27/5/2018,15:54:51,51.542286,-0.032777,4.59,10.3,515,0.0100253047190402,25.390243902439025,7.113088412391643,8.99871155123819,21.4852819232274,1.0257740165406172e-08,-2.5806875,-1.1278694,8.228448,9.929988,2.0380597
3471,27/5/2018,15:54:51,51.542286,-0.032777,4.59,10.4,519,0.089223280341517,25.39756097560976,4.878852830313186,10.301885498552023,23.8498404935303,1.1718365779766673e-08,-3.4633944,0.6284022,8.902456,8.521227,1.1936274
3472,27/5/2018,15:54:52,51.542278,-0.032763,4.43,10.4,514,-0.0097741891865789,25.40487804878049,3.174048941400527,11.75210175044646,26.04531688481591,1.3323083169901281e-08,-3.7935662,1.3765894,8.498486,8.192423,0.4715857
3473,27/5/2018,15:54:52,51.542278,-0.032763,4.43,10.7,519,0.089223280341517,25.41219512195122,2.6633323801327564,13.5339591843742,27.85944306624187,1.525278707990376e-08,-4.2616267,1.6667575,8.931109,7.7132716,0.26620445
3474,27/5/2018,15:54:53,51.542271,-0.032746,4.83,10.7,514,-0.0097741891865789,25.419512195121957,2.152615818864986,15.315816618301938,29.673569247667828,1.7182490989906238e-08,-4.533923,2.1923997,8.882801,7.308374,-0.12044928
3475,27/5/2018,15:54:53,51.542271,-0.032746,4.83,10.8,518,0.0694237864358978,25.42682926829269,1.7644268486865775,16.551338381721273,30.88961257047723,1.861603547221316e-08,-4.899043,2.7114356,9.133482,6.6943784,-0.34610265
3476,27/5/2018,15:54:54,51.542267,-0.03273,5.13,10.8,514,-0.0097741891865789,25.434146341463418,2.169552112339094,14.249568176772607,28.23332280869375,1.6837157897244585e-08,-4.350759,2.0386384,8.7528715,7.5084977,-0.02255127
3477,27/5/2018,15:54:54,51.542267,-0.03273,5.13,10.8,519,0.089223280341517,25.441463414634143,2.574677375991414,11.94779797182506,25.577033046911563,1.5058280322276877e-08,-3.7533083,0.85295385,9.012156,8.316053,0.96766514
3478,27/5/2018,15:54:55,51.542255,-0.032715,4.93,10.8,515,0.0100253047190402,25.44878048780488,2.9798026396439306,9.646027766876395,22.920743285128083,1.3279402747308306e-08,-3.1538658,0.85409373,8.345371,8.810772,1.0794777
3479,27/5/2018,15:54:55,51.542255,-0.032715,4.93,10.8,519,0.089223280341517,25.45609756097561,4.180521527634776,8.451861282716715,20.32297471689932,1.1375993701373092e-08,-2.7078881,-0.17449673,9.11135,9.179923,2.0888703
3480,27/5/2018,15:54:56,51.542248,-0.032701,4.46,10.8,518,0.0694237864358978,25.463414634146343,5.41405098222026,7.303372773505164,17.727619583695148,9.467448932882688e-09,-1.7597039,-1.1729311,9.070175,10.054515,3.168492
3481,27/5/2018,15:54:56,51.542248,-0.032701,4.46,11.0,522,0.1486217620583746,25.470731707317075,6.647580436805745,6.154884264293612,15.13226445049098,7.558904164392284e-09,-0.51990455,-0.5239874,9.882178,9.959268,4.551582
3482,27/5/2018,15:54:57,51.54224,-0.032688,4.33,11.0,517,0.0496242925302786,25.478048780487807,7.031918987404668,5.579225513235497,14.45769058326236,6.7939389548215455e-09,-0.10487411,-1.0875559,9.59616,10.48148,4.9057503
3483,27/5/2018,15:54:57,51.54224,-0.032688,4.33,11.0,520,0.1090227742471362,25.48536585365854,7.186424655998848,5.1586027070943885,14.302974726744214,6.338482696176143e-09,-0.06460652,-0.5686405,9.97799,10.096663,4.984097
3484,27/5/2018,15:54:58,51.542233,-0.032676,4.76,11.0,517,0.0496242925302786,25.49268292682927,7.340930324593027,4.73797990095328,14.148258870226067,5.883026437530741e-09,0.15914461,-1.0684652,9.695304,10.541398,5.144114
3485,27/5/2018,15:54:58,51.542233,-0.032676,4.76,11.0,520,0.1090227742471362,25.5,7.890293504111478,4.400500664983416,13.611666930689552,5.618435510237883e-09,0.1619874,-0.50529087,10.081528,10.138582,5.260553
3486,27/5/2018,15:54:59,51.542221,-0.032662,5.28,11.0,516,0.0298247986246594,25.50731707317073,8.688303098491518,4.115377912225279,12.834603133997163,5.474034725082439e-09,0.6326939,-0.89085543,9.915253,10.617667,5.607472
3487,27/5/2018,15:54:59,51.542221,-0.032662,5.28,10.9,520,0.1090227742471362,25.514634146341464,9.48631269287156,3.830255159467142,12.057539337304776,5.329633939926995e-09,0.675982,-0.14521118,10.357129,10.068956,5.7336283
3488,27/5/2018,15:55:0,51.542217,-0.032646,4.87,10.9,518,0.0694237864358978,25.5219512195122,11.154038062910578,3.767068654436624,11.327696812614183,5.261682409557362e-09,1.0979352,-0.3999878,10.36576,10.470493,6.1113896
3489,27/5/2018,15:55:0,51.542217,-0.032646,4.87,10.8,522,0.1486217620583746,25.52926829268293,13.92772411882223,3.986103964424764,10.65790249198349,5.2909463978936014e-09,0.7559976,0.46700588,10.697388,9.595843,6.022618
3490,27/5/2018,15:55:1,51.54221,-0.03263,4.61,10.8,523,0.1684212559639938,25.53658536585366,16.70141017473388,4.205139274412904,9.9881081713528,5.320210386229839e-09,0.8560686,0.76627976,10.801773,9.399411,6.168272
3491,27/5/2018,15:55:1,51.54221,-0.03263,4.61,10.8,525,0.2080202437752321,25.543902439024397,19.11388528556028,4.240001235831103,9.44361575679746,5.246087164483961e-09,0.9918394,1.2588637,11.014259,8.893626,6.478752
3492,27/5/2018,15:55:2,51.542202,-0.032614,4.8,10.8,518,0.0694237864358978,25.551219512195125,20.53379774275399,3.768777791831007,9.243437361768947,4.887868776223768e-09,1.5324578,-0.017926874,10.681611,10.371038,6.51731
3493,27/5/2018,15:55:2,51.542202,-0.032614,4.8,11.2,521,0.1288222681527554,25.558536585365854,21.95371019994701,3.297554347831139,9.04325896674053,4.5296503879637504e-09,1.7237948,0.9607795,11.163058,9.463229,6.949312
3494,27/5/2018,15:55:3,51.542198,-0.032597,4.41,11.2,520,0.1090227742471362,25.565853658536582,23.588324865372083,2.880496601196229,8.796821843794351,4.1109478237278614e-09,1.8332856,0.77195865,11.143174,9.762293,7.010114
3495,27/5/2018,15:55:3,51.542198,-0.032597,4.41,11.3,524,0.1882207498696129,25.57317073170732,27.30638474562263,2.9890564712258683,8.101495414501974,3.1053138625245347e-09,1.7084874,1.9151319,11.424701,8.710625,7.2734165
3496,27/5/2018,15:55:4,51.542194,-0.032581,4.74,11.3,523,0.1684212559639938,25.58048780487805,31.02444462587318,3.0976163412555078,7.406168985209597,2.099679901321208e-09,1.9963847,1.9811164,11.598247,8.751515,7.5526676
3497,27/5/2018,15:55:4,51.542194,-0.032581,4.74,11.3,527,0.2476192315864706,25.587804878048782,34.74250450612372,3.206176211285146,6.710842555917219,1.0940459401178816e-09,1.9966599,3.5885966,11.8717375,7.287262,8.491654
3498,27/5/2018,15:55:5,51.542187,-0.032566,4.74,11.3,525,0.2080202437752321,25.595121951219515,33.44568072550106,3.262954567529938,6.78858093672142,1.1066466792421671e-09,2.006098,3.1200893,11.823616,7.7069597,8.204909
3499,27/5/2018,15:55:5,51.542187,-0.032566,4.74,11.3,525,0.2080202437752321,25.602439024390247,31.712959235942265,3.3152320330760747,6.933514730693305,1.2077531949799803e-09,1.9809014,3.1037958,11.820136,7.6927443,8.206152
3500,27/5/2018,15:55:6,51.542179,-0.032553,4.19,11.3,521,0.1288222681527554,25.60975609756098,29.980237746383462,3.367509498622212,7.07844852466519,1.3088597107177942e-09,2.4875288,1.463198,11.645475,9.386891,7.637587
3501,27/5/2018,15:55:6,51.542179,-0.032553,4.19,11.0,522,0.1486217620583746,25.617073170731707,25.72744394384532,3.362729485026045,8.162593152835148,1.93883416640163e-09,1.8445222,1.336825,11.319272,9.227862,7.1211567
3502,27/5/2018,15:55:7,51.542175,-0.032536,4.89,11.0,517,0.0496242925302786,25.62439024390244,20.61948893528124,3.3385875894613823,9.565449536040049,2.7482746409861553e-09,1.5834297,-0.06045292,10.6640625,10.427744,6.5365734
3503,27/5/2018,15:55:7,51.542175,-0.032536,4.89,11.0,520,0.1090227742471362,25.63170731707317,15.511533926717169,3.31444569389672,10.968305919244948,3.5577151155706804e-09,1.271396,0.45653698,10.776278,9.85099,6.411647
3504,27/5/2018,15:55:8,51.542171,-0.032518,4.46,11.0,517,0.0496242925302786,25.639024390243904,13.326420810164471,3.760922272093746,12.536112328708157,5.027086787496578e-09,0.67101777,-0.8415196,9.968798,10.602877,5.673971
3505,27/5/2018,15:55:8,51.542171,-0.032518,4.46,11.3,522,0.1486217620583746,25.64634146341464,13.317252488216248,4.5577564324184,14.226717768795504,6.987752175164275e-09,-0.078171395,-0.4427654,10.05728,10.000078,5.0125422
3506,27/5/2018,15:55:9,51.542164,-0.032501,5.0,11.3,518,0.0694237864358978,25.653658536585368,13.308084166268022,5.354590592743055,15.917323208882856,8.948417562831972e-09,-0.68280596,-0.7712346,9.693962,10.101009,4.4587054
3507,27/5/2018,15:55:9,51.542164,-0.032501,5.0,11.2,524,0.1882207498696129,25.6609756097561,14.326952763356523,5.81485763259356,16.85706898238585,9.903590201816316e-09,-0.52474636,-0.45654887,9.95164,9.874647,4.5855594
3508,27/5/2018,15:55:10,51.542156,-0.032488,4.57,11.2,516,0.0298247986246594,25.668292682926836,16.888848418506917,5.769955875362143,16.669815558785498,9.349573346558378e-09,-1.3130374,-2.0422497,8.601605,10.612079,3.5658484
3509,27/5/2018,15:55:10,51.542156,-0.032488,4.57,11.2,526,0.2278197376808514,25.67560975609756,19.450744073656068,5.725054118130748,16.48256213518524,8.795556491300706e-09,-0.46468177,-0.38846985,10.011934,9.84821,4.6819882
3510,27/5/2018,15:55:11,51.542152,-0.032473,4.46,11.2,519,0.089223280341517,25.682926829268293,22.011986403748853,5.5315077033332845,15.892408424026328,7.916293606683186e-09,-0.7249029,-0.7088772,9.744303,10.034319,4.453376
3511,27/5/2018,15:55:11,51.542152,-0.032473,4.46,11.2,525,0.2080202437752321,25.690243902439025,24.570997048714936,4.830207808719125,13.925992515646438,5.926026761963626e-09,-0.12120003,-0.17631891,10.175343,9.770472,5.006096
3512,27/5/2018,15:55:12,51.542145,-0.032457,4.3,11.2,522,0.1486217620583746,25.69756097560976,27.13000769368102,4.128907914104966,11.959576607266548,3.935759917244066e-09,0.55270046,0.29063347,10.567911,9.646683,5.8056536
3513,27/5/2018,15:55:12,51.542145,-0.032457,4.3,11.3,525,0.2080202437752321,25.70487804878049,29.64656944936436,3.4486646646721715,10.066201622351082,2.0439211260568288e-09,1.1612633,1.5458364,11.153711,8.737767,6.773596
3514,27/5/2018,15:55:13,51.542141,-0.032442,4.44,11.3,521,0.1288222681527554,25.712195121951225,31.405581796315268,3.1442015446270286,9.476326194636922,1.908644520971429e-09,1.6983804,1.048973,11.154334,9.427759,6.9955964
3515,27/5/2018,15:55:13,51.542141,-0.032442,4.44,11.5,525,0.2080202437752321,25.719512195121958,33.16459414326618,2.839738424581886,8.88645076692276,1.773367915886029e-09,1.5286981,2.0661001,11.39732,8.440832,7.266211
3516,27/5/2018,15:55:14,51.542133,-0.032427,4.5,11.5,521,0.1288222681527554,25.726829268292683,34.92360649021624,2.535275304536891,8.296575339208886,1.6380913108006952e-09,2.146747,1.3274583,11.438106,9.313724,7.485976
3517,27/5/2018,15:55:14,51.542133,-0.032427,4.5,11.2,525,0.2080202437752321,25.73414634146341,40.60444327988934,2.857271726420482,8.14185908760344,2.0144565521422107e-09,1.8246514,2.5973473,11.634229,8.106915,7.7781157
3518,27/5/2018,15:55:15,51.542126,-0.032413,4.63,11.2,522,0.1486217620583746,25.741463414634147,46.821759233751,3.264963593462395,8.046669679817077,2.460810951372821e-09,2.1467972,1.627782,11.495758,9.023905,7.6011157
3519,27/5/2018,15:55:15,51.542126,-0.032413,4.63,11.3,529,0.287218219397709,25.74878048780488,53.03907518761265,3.672655460504308,7.951480272030713,2.907165350603432e-09,1.9159869,4.183327,11.837204,6.7121572,8.795755
3520,27/5/2018,15:55:16,51.542118,-0.032401,4.33,11.3,532,0.3466167011145665,25.75609756097561,52.94604409613194,3.9784543818844575,8.212474359137957,3.3369500848172804e-09,1.8831364,4.270817,11.878897,6.563771,8.915755
3521,27/5/2018,15:55:16,51.542118,-0.032401,4.33,11.4,530,0.3070177133033281,25.763414634146343,50.2286542056164,4.2418778765906655,8.621598696796946,3.759843796101431e-09,1.8999327,4.185169,11.830529,6.6521573,8.83942
3522,27/5/2018,15:55:17,51.542107,-0.032389,4.91,11.4,520,0.1090227742471362,25.77073170731708,47.51126431510086,4.5053013712968735,9.030723034455937,4.182737507385581e-09,2.0993133,1.3899927,11.340804,9.232679,7.403001
3523,27/5/2018,15:55:17,51.542107,-0.032389,4.91,11.2,523,0.1684212559639938,25.778048780487808,41.28312248590765,4.46280496473105,9.809179495986236,4.449361959830604e-09,1.3940237,1.2672976,11.132475,9.087462,6.836418
3524,27/5/2018,15:55:18,51.542099,-0.032377,4.33,11.2,518,0.0694237864358978,25.785365853658536,31.97747044665064,4.152140474497704,10.911390925674835,4.579001444953047e-09,1.2195408,-0.25525284,10.511243,10.396923,6.2818584
3525,27/5/2018,15:55:18,51.542099,-0.032377,4.33,10.9,522,0.1486217620583746,25.79268292682927,22.67181840738912,3.841475984264207,12.013602355363975,4.708640930075554e-09,0.56041986,0.30069435,10.567864,9.612416,5.7985153
3526,27/5/2018,15:55:19,51.542095,-0.032366,3.76,10.9,517,0.0496242925302786,25.8,16.57911545783282,3.6421405617044553,12.669700794182056,4.769194039688786e-09,0.68965983,-0.78530955,9.998144,10.591273,5.7149816
3527,27/5/2018,15:55:19,51.542095,-0.032366,3.76,10.7,521,0.1288222681527554,25.807317073170733,16.211082522189436,3.641165635248064,12.530937692915524,4.706652543316785e-09,0.52790225,0.0730766,10.449877,9.834818,5.7233434
3528,27/5/2018,15:55:20,51.542084,-0.032355,4.98,10.7,517,0.0496242925302786,25.814634146341465,15.843049586546051,3.640190708791673,12.39217459164899,4.644111046944787e-09,0.8128715,-0.74389935,10.03981,10.600301,5.770258
3529,27/5/2018,15:55:20,51.542084,-0.032355,4.98,10.6,523,0.1684212559639938,25.8219512195122,16.58172273209003,3.621695227299052,11.971186156804922,4.434537145573395e-09,0.54641575,0.30604652,10.586526,9.616386,5.8279424
3530,27/5/2018,15:55:21,51.542076,-0.032343,4.94,10.6,520,0.1090227742471362,25.82926829268293,22.16077405886929,3.5265704457943485,10.315834443343178,3.5818905646608893e-09,1.3489164,0.51974463,10.844108,9.841763,6.5305295
3531,27/5/2018,15:55:21,51.542076,-0.032343,4.94,10.4,524,0.1882207498696129,25.83658536585366,27.73982538564855,3.4314456642896456,8.660482729881434,2.7292439837483833e-09,1.554025,1.7981834,11.345477,8.677907,7.140251
3532,27/5/2018,15:55:22,51.542065,-0.032334,4.61,10.4,526,0.2278197376808514,25.84390243902439,33.260810852777865,3.3369037896678813,7.023323780156553,1.885196562267187e-09,1.961297,3.1864545,11.806442,7.58809,8.242545
3533,27/5/2018,15:55:22,51.542065,-0.032334,4.61,10.2,526,0.2278197376808514,25.85121951219512,34.267175732407786,3.287682925190262,6.80065221088763,1.7097337865272956e-09,2.00112,3.2687697,11.830794,7.58164,8.271621
3534,27/5/2018,15:55:23,51.542053,-0.032325,4.2,10.2,526,0.2278197376808514,25.85853658536585,35.27354061203771,3.238462060712642,6.5779806416187085,1.5342710107874043e-09,2.0148997,3.28012,11.85001,7.5650454,8.310535
3535,27/5/2018,15:55:23,51.542053,-0.032325,4.2,10.2,524,0.1882207498696129,25.865853658536587,36.27990549166764,3.189241196235024,6.355309072349785,1.3588082350475127e-09,2.4895442,2.8095372,12.010246,8.149138,8.346105
3536,27/5/2018,15:55:24,51.542042,-0.032317,4.91,10.2,519,0.089223280341517,25.87317073170732,33.514429230514914,2.9647290765898044,6.589040893818243,1.543432259623996e-09,2.6805217,1.4271276,11.847091,9.496722,7.8885374
3537,27/5/2018,15:55:24,51.542042,-0.032317,4.91,10.2,522,0.1486217620583746,25.88048780487805,30.026786699072296,2.706655248687553,6.910156865926746,1.7969994161774375e-09,2.4423394,1.8243383,11.767523,9.021668,7.8405366
3538,27/5/2018,15:55:25,51.54203,-0.032308,4.82,10.2,521,0.1288222681527554,25.887804878048783,26.539144167629683,2.4485814207853016,7.23127283803525,2.050566572730878e-09,2.3961189,1.3744098,11.616966,9.431326,7.5913234
3539,27/5/2018,15:55:25,51.54203,-0.032308,4.82,10.3,523,0.1684212559639938,25.895121951219515,25.18212711901914,2.638044297694381,7.85364681382461,2.436387802137874e-09,1.8010288,1.7323719,11.443654,8.862969,7.26638
3540,27/5/2018,15:55:26,51.542023,-0.032297,4.67,10.3,521,0.1288222681527554,25.902439024390244,24.89405043750277,3.052037507777157,8.62716271654511,2.888561245166842e-09,1.8071032,1.1168185,11.236404,9.425977,7.078437
3541,27/5/2018,15:55:26,51.542023,-0.032297,4.67,10.2,526,0.2278197376808514,25.909756097560976,24.605973755986263,3.466030717860133,9.400678619265983,3.3407346881960302e-09,1.1247323,1.5388571,11.174921,8.647482,6.7563353
3542,27/5/2018,15:55:27,51.542015,-0.032283,4.59,10.2,520,0.1090227742471362,25.917073170731708,23.616534426445057,3.694226339766177,10.202262301247732,3.732773699301946e-09,1.3770417,0.49618912,10.845632,9.844231,6.53777
3543,27/5/2018,15:55:27,51.542015,-0.032283,4.59,10.4,523,0.1684212559639938,25.92439024390244,21.904420324215018,3.730978590429029,11.032766650810446,4.062850989116721e-09,0.6964691,0.51919144,10.642288,9.55891,5.912023
3544,27/5/2018,15:55:28,51.542007,-0.032269,4.94,10.4,518,0.0694237864358978,25.93170731707317,20.19230622198497,3.767730841091881,11.86327100037316,4.392928278931497e-09,1.0149354,-0.47858173,10.25907,10.509406,6.0068293
3545,27/5/2018,15:55:28,51.542007,-0.032269,4.94,10.3,523,0.1684212559639938,25.939024390243905,19.72368220921392,3.7530468799602414,12.13781163279267,4.570952935008452e-09,0.544089,0.31744573,10.570652,9.619322,5.7967343
3546,27/5/2018,15:55:29,51.542,-0.032255,4.87,10.3,517,0.0496242925302786,25.94634146341464,21.908151215352056,3.628619338571788,11.226155873923547,4.424560223792936e-09,1.1151302,-0.42698845,10.389937,10.486552,6.2076874
3547,27/5/2018,15:55:29,51.542,-0.032255,4.87,10.1,522,0.1486217620583746,25.95365853658537,24.092620221490183,3.5041917971833323,10.314500115054424,4.278167512577419e-09,1.2865341,0.8465587,10.944728,9.461078,6.534498
3548,27/5/2018,15:55:30,51.541992,-0.032243,4.46,10.1,522,0.1486217620583746,25.960975609756098,26.95840602895187,3.392122630707477,9.439238347112784,4.0710881922956825e-09,1.549903,1.1046349,11.139224,9.316108,6.880903
3549,27/5/2018,15:55:31,51.541981,-0.032231,4.54,10.1,526,0.2278197376808514,25.96829268292683,33.818093542101,3.3524986682053126,8.77731936208408,3.508261955174361e-09,1.5211854,2.2429056,11.416596,8.345309,7.328955
3550,27/5/2018,15:55:31,51.541981,-0.032231,4.54,9.9,529,0.287218219397709,25.97560975609756,40.67778105525012,3.312874705703148,8.115400377055378,2.9454357180530403e-09,1.9063843,4.043646,11.8240385,6.8910975,8.679735
3551,27/5/2018,15:55:32,51.541973,-0.032219,4.72,9.9,524,0.1882207498696129,25.98292682926829,47.53746856839924,3.2732507432009825,7.453481392026675,2.3826094809317194e-09,2.0019217,2.7560987,11.751071,8.025701,8.021081
3552,27/5/2018,15:55:32,51.541973,-0.032219,4.72,10.0,527,0.2476192315864706,25.990243902439023,52.2153396141244,3.098961758966188,7.330132722232933,2.1339001637853143e-09,1.9666365,4.075808,11.888086,6.868806,8.736074
3553,27/5/2018,15:55:33,51.541962,-0.032207,4.83,10.0,522,0.1486217620583746,25.99756097560976,56.831134724908864,2.920841353870532,7.222107181743913,1.894127941843417e-09,2.3084466,1.8640068,11.643493,8.863936,7.783229
3554,27/5/2018,15:55:33,51.541962,-0.032207,4.83,10.0,528,0.2674187254920898,26.00487804878049,61.44692983569333,2.742720948774875,7.114081641254892,1.65435571990152e-09,1.974332,4.286862,11.940463,6.596591,8.934978
3555,27/5/2018,15:55:34,51.541954,-0.032196,4.5,10.0,529,0.287218219397709,26.012195121951223,62.42793348504279,2.885746072601,7.172652383862414,1.6100731072268303e-09,1.9349221,4.3122435,11.910272,6.5768595,8.92863
3556,27/5/2018,15:55:34,51.541954,-0.032196,4.5,9.9,531,0.3268172072089473,26.01951219512195,62.494221402377626,3.109589276552837,7.273148018904679,1.6149865551623122e-09,1.9232037,4.3405666,11.88395,6.509096,8.9402485
3557,27/5/2018,15:55:35,51.541946,-0.032183,4.69,9.9,525,0.2080202437752321,26.026829268292683,62.560509319712494,3.333432480504782,7.373643653946994,1.6199000030977963e-09,2.0155253,2.9653478,11.797085,7.892749,8.147327
3558,27/5/2018,15:55:35,51.541946,-0.032183,4.69,9.7,528,0.2674187254920898,26.034146341463416,56.61237152792824,3.3830182436618697,7.861245597160404,1.690393372301045e-09,1.9362746,4.196023,11.858941,6.688255,8.835054
3559,27/5/2018,15:55:36,51.541939,-0.03217,4.59,9.7,521,0.1288222681527554,26.041463414634148,47.06400839021092,3.328293789117563,8.58056874031067,1.8001427746072573e-09,2.1085212,1.412705,11.414175,9.14031,7.5182004
3560,27/5/2018,15:55:36,51.541939,-0.03217,4.59,9.8,524,0.1882207498696129,26.04878048780488,37.51564525249361,3.2735693345732564,9.299891883460932,1.9098921769134704e-09,1.4940784,1.9266175,11.345046,8.58408,7.1635933
3561,27/5/2018,15:55:37,51.541931,-0.032156,4.98,9.8,518,0.0694237864358978,26.05609756097561,30.681091677669333,3.165722593756909,9.62991410995916,2.126534003152566e-09,1.6068112,0.12528235,10.73497,10.302886,6.595548
3562,27/5/2018,15:55:37,51.541931,-0.032156,4.98,10.0,522,0.1486217620583746,26.063414634146344,27.13468449399123,2.9935110366751805,9.488245757404863,2.4726904212781643e-09,1.6036677,1.0514942,11.175017,9.353705,6.9228606
3563,27/5/2018,15:55:38,51.541924,-0.03214,4.93,10.0,519,0.089223280341517,26.07073170731708,23.588277310313128,2.8212994795934523,9.34657740485057,2.818846839403762e-09,1.6771251,0.3689306,10.932712,10.060524,6.7896295
3564,27/5/2018,15:55:38,51.541924,-0.03214,4.93,10.0,522,0.1486217620583746,26.078048780487805,22.02877654825796,2.713162256145633,9.113224079528743,3.008457818315905e-09,1.6266973,1.1935042,11.22516,9.307002,6.9771886
3565,27/5/2018,15:55:39,51.541916,-0.032125,4.8,10.0,522,0.1486217620583746,26.085365853658537,25.61001902782405,2.770805209360916,8.642653289416105,2.7930371863353572e-09,1.7448399,1.301819,11.262439,9.229685,7.0392547
3566,27/5/2018,15:55:39,51.541916,-0.032125,4.8,9.9,526,0.2278197376808514,26.09268292682927,29.191261507390134,2.828448162576199,8.172082499303466,2.5776165543548104e-09,1.6740309,2.5553417,11.551158,8.083798,7.636167
3567,27/5/2018,15:55:40,51.541908,-0.032112,4.44,9.9,521,0.1288222681527554,26.1,33.111125603321014,2.8696873776174283,7.694627377602851,2.335120733169805e-09,2.3392923,1.4085312,11.50775,9.300511,7.5248046
3568,27/5/2018,15:55:40,51.541908,-0.032112,4.44,10.0,525,0.2080202437752321,26.107317073170734,39.90611556099939,2.7716477942173063,7.158719638488362,1.8627382983387856e-09,2.0281448,2.9809816,11.8299055,7.8145313,8.172619
3569,27/5/2018,15:55:41,51.541901,-0.032098,4.56,10.0,525,0.2080202437752321,26.114634146341466,46.70110551867776,2.673608210817184,6.6228118993738745,1.3903558635077662e-09,2.300463,3.2055852,12.036908,7.7927084,8.480602
3570,27/5/2018,15:55:41,51.541901,-0.032098,4.56,10.1,528,0.2674187254920898,26.1219512195122,53.49609547635612,2.575568627417062,6.086904160259387,9.179734286767471e-10,2.0703745,4.3011146,12.082121,6.7124925,9.042339
3571,27/5/2018,15:55:42,51.541893,-0.032088,4.61,10.1,527,0.2476192315864706,26.12926829268293,57.7865867089588,2.79805408073113,6.589947288551355,1.2029925540941954e-09,2.0066102,4.2697363,11.995614,6.7317805,8.924553
3572,27/5/2018,15:55:42,51.541893,-0.032088,4.61,10.0,529,0.287218219397709,26.13658536585366,61.89426781564243,3.0439355221262936,7.168826246580377,1.5432964649308091e-09,1.9446585,4.3281474,11.904932,6.571148,8.928105
3573,27/5/2018,15:55:43,51.541885,-0.032075,4.61,10.0,525,0.2080202437752321,26.14390243902439,66.00194892232805,3.289816963521577,7.747705204609678,1.883600375767589e-09,2.0123742,2.966569,11.794881,7.870635,8.146556
3574,27/5/2018,15:55:43,51.541885,-0.032075,4.61,9.9,533,0.3664161950201857,26.151219512195123,61.03299693036241,3.446191815250684,8.145349370679009,2.3622378867738763e-09,1.8960601,4.328311,11.886049,6.540398,8.933309
3575,27/5/2018,15:55:44,51.541874,-0.032063,4.44,9.9,524,0.1882207498696129,26.15853658536585,53.17536756523397,3.574080811320816,8.485314787692984,2.884900658734821e-09,1.9789109,2.6983538,11.719119,8.06104,7.976004
3576,27/5/2018,15:55:45,51.54187,-0.032051,3.8,9.9,522,0.1486217620583746,26.165853658536587,45.31773820010554,3.701969807390949,8.825280204706958,3.407563430695766e-09,2.0745952,1.469644,11.354558,9.132948,7.4238863
3577,27/5/2018,15:55:46,51.541862,-0.032038,4.63,9.9,520,0.1090227742471362,26.17317073170732,37.98043498923763,3.5498176320044026,8.793795673705667,3.592949254755086e-09,2.046072,1.2986128,11.323526,9.295118,7.412727
3578,27/5/2018,15:55:47,51.541855,-0.032023,5.06,9.9,521,0.1288222681527554,26.18048780487805,31.011970571263134,3.1991552591296437,8.499004850440473,3.539252685365231e-09,2.0300655,1.287416,11.342305,9.309448,7.407371
3579,27/5/2018,15:55:47,51.541855,-0.032023,5.06,9.6,523,0.1684212559639938,26.187804878048784,24.04350615328865,2.848492886254884,8.204214027175281,3.4855561159753753e-09,1.7625344,1.7003524,11.428574,8.908768,7.2059665
3580,27/5/2018,15:55:48,51.541847,-0.032008,4.32,9.6,519,0.089223280341517,26.195121951219512,19.4124000655805,2.696719881618838,8.298995168261223,3.389383880689412e-09,1.9659207,0.67100453,11.206995,9.963686,7.110474
3581,27/5/2018,15:55:48,51.541847,-0.032008,4.32,9.4,522,0.1486217620583746,26.202439024390245,18.120009566361777,2.8290432543013733,8.95024639498943,3.232538805461471e-09,1.6551083,1.2036016,11.222812,9.293989,6.969145
3582,27/5/2018,15:55:49,51.541843,-0.031996,3.35,9.4,518,0.0694237864358978,26.209756097560977,16.827619067143054,2.9613666269839087,9.601497621717638,3.0756937302335284e-09,1.5945601,0.021210346,10.706675,10.365292,6.5756474
3583,27/5/2018,15:55:49,51.541843,-0.031996,3.35,9.4,522,0.1486217620583746,26.21707317073171,16.028655157538342,3.067871871717328,10.000506234799229,2.9440589196276103e-09,1.3723418,0.7921349,10.952158,9.555769,6.5908194
3584,27/5/2018,15:55:50,51.541832,-0.031987,4.2,9.4,519,0.089223280341517,26.22439024390244,16.80602806370456,3.0918966290649497,9.593682072009363,2.892962671587014e-09,1.6372311,0.34879416,10.874568,10.100893,6.710542
3585,27/5/2018,15:55:51,51.541828,-0.031976,3.8,9.4,522,0.1486217620583746,26.231707317073173,17.583400969870773,3.115921386412571,9.186857909219505,2.841866423546417e-09,1.572729,1.0875572,11.167006,9.362102,6.898889
3586,27/5/2018,15:55:52,51.541821,-0.031964,4.32,9.4,523,0.1684212559639938,26.239024390243905,18.447483927011987,3.125612674980475,8.782230811605206,2.783344017557562e-09,1.6259145,1.436524,11.29543,9.139395,7.042094
3587,27/5/2018,15:55:53,51.541813,-0.031952,3.94,9.4,519,0.089223280341517,26.246341463414637,20.55878005921813,2.9291353486595844,8.409205686341831,2.618005828057618e-09,1.9323756,0.6652686,11.175873,9.9087715,7.075149
3588,27/5/2018,15:55:53,51.541813,-0.031952,3.94,9.57,523,0.1684212559639938,26.25365853658537,22.67007619142529,2.732658022338599,8.036180561078277,2.452667638557594e-09,1.7659168,1.6995101,11.417068,8.889206,7.215091
3589,27/5/2018,15:55:54,51.541809,-0.031946,2.54,9.57,521,0.1288222681527554,26.2609756097561,24.781372323632457,2.5361806960176128,7.663155435814723,2.2873294490575712e-09,2.3078792,1.3027827,11.570634,9.471015,7.5032787
3590,27/5/2018,15:55:54,51.541809,-0.031946,2.54,9.4,524,0.1882207498696129,26.26829268292683,31.102601709890703,2.589501063040204,7.2424749119172676,2.033238177374645e-09,1.9083164,2.2662022,11.625613,8.405231,7.6629157
3591,27/5/2018,15:55:55,51.541805,-0.03194,1.61,9.4,522,0.1486217620583746,26.275609756097563,37.935618505974496,2.6731884945129694,6.816001081675209,1.7683574923439644e-09,2.5371864,1.988669,11.85236,8.910807,7.988454
3592,27/5/2018,15:55:55,51.541805,-0.03194,1.61,9.4,525,0.2080202437752321,26.28292682926829,44.768635302058286,2.756875925985735,6.38952725143315,1.5034768073132832e-09,2.3587344,3.2462351,12.06769,7.7990546,8.52308
3593,27/5/2018,15:55:56,51.541801,-0.031936,2.33,9.4,530,0.3070177133033281,26.290243902439027,51.83684655987966,2.8494489704096355,6.250186394473082,1.3688950599695552e-09,1.949882,4.3433137,11.929301,6.554403,8.95379
3594,27/5/2018,15:55:56,51.541801,-0.031936,2.33,9.5,528,0.2674187254920898,26.29756097560976,58.997333649458106,2.945508182491056,6.223498844647584,1.285434596534035e-09,1.9913253,4.2995806,11.973355,6.647148,8.945197
3595,27/5/2018,15:55:57,51.541794,-0.031927,3.65,9.5,528,0.2674187254920898,26.304878048780488,66.15782073903307,3.041567394572429,6.1968112948221,1.201974133098555e-09,1.9917381,4.3261414,11.9544935,6.60428,8.95377
3596,27/5/2018,15:55:57,51.541794,-0.031927,3.65,9.7,530,0.3070177133033281,26.31219512195122,64.8182371338697,3.2740436446092183,6.764830255156292,1.3196567587210371e-09,1.9326458,4.3883476,11.9064245,6.494392,8.976161
3597,27/5/2018,15:55:58,51.54179,-0.031911,4.83,9.7,525,0.2080202437752321,26.319512195121952,56.37717937169218,3.620490954935629,7.829703072896596,1.6053865100798996e-09,2.0162964,2.8601215,11.765552,7.934594,8.078305
3598,27/5/2018,15:55:58,51.54179,-0.031911,4.83,9.8,528,0.2674187254920898,26.326829268292684,47.93612160951466,3.96693826526204,8.894575890636899,1.891116261438762e-09,1.9019449,4.125635,11.83116,6.798975,8.742877
3599,27/5/2018,15:55:59,51.541782,-0.031895,4.76,9.8,518,0.0694237864358978,26.334146341463416,38.901016706643134,4.588570812046012,10.746530635589066,3.037151084406398e-09,1.2619478,-0.22024338,10.517536,10.39138,6.2886667
3600,27/5/2018,15:55:59,51.541782,-0.031895,4.76,9.7,521,0.1288222681527554,26.34146341463415,28.86060125798287,5.675901451296099,13.930470180436728,5.6390867977872385e-09,-0.15617234,-0.5040153,9.996661,10.060247,4.9466777
3601,27/5/2018,15:56:0,51.541775,-0.031879,5.17,9.7,515,0.0100253047190402,26.34878048780488,18.820185809322616,6.763232090546186,17.114409725284393,8.241022511168081e-09,-1.5969503,-1.9940091,8.6032,10.561456,3.3171604
3602,27/5/2018,15:56:0,51.541775,-0.031879,5.17,9.5,520,0.1090227742471362,26.356097560975613,10.324354778383242,8.500553653179985,20.411068485684925,1.2681416059456056e-08,-2.7223182,-0.14892791,9.1438875,9.162125,2.1101105
3603,27/5/2018,15:56:1,51.541771,-0.031863,4.52,9.5,514,-0.0097741891865789,26.36341463414634,8.083501103152164,12.870090367366448,24.164197046469564,2.4566862137618604e-08,-3.8359423,1.1468283,8.663189,8.325915,0.52599275
3604,27/5/2018,15:56:1,51.541771,-0.031863,4.52,9.5,524,0.1882207498696129,26.370731707317077,5.842647427919998,17.23962708155503,27.917325607256025,3.645230821578693e-08,-4.804973,1.6167645,9.350604,7.6776032,-0.062429342
3605,27/5/2018,15:56:2,51.541763,-0.031849,4.61,9.5,513,-0.0295736830921981,26.37804878048781,3.641287012809361,21.53623783101785,31.60794409244241,4.807773932069147e-08,-5.3563766,3.725454,9.647594,5.552344,-0.7523524
3606,27/5/2018,15:56:2,51.541763,-0.031849,4.61,9.8,518,0.0694237864358978,26.385365853658534,3.003181286678525,22.946233093303427,32.82423737657934,4.94110439992454e-08,-5.4593763,4.391675,9.940767,4.567451,-0.8322627
3607,27/5/2018,15:56:3,51.541756,-0.031835,4.87,9.8,513,-0.0295736830921981,26.39268292682927,2.365075560547689,24.356228355589007,34.04053066071627,5.074434867779933e-08,-5.558632,4.621396,10.009537,4.3701706,-0.85935533
3608,27/5/2018,15:56:3,51.541756,-0.031835,4.87,9.8,518,0.0694237864358978,26.4,1.726969834416853,25.766223617874587,35.2568239448532,5.2077653356353256e-08,-5.621318,4.833495,10.090328,4.1527934,-0.9053093
3609,27/5/2018,15:56:4,51.541744,-0.031819,5.07,9.8,514,-0.0097741891865789,26.40731707317073,1.6369851756522953,24.976399331632088,34.915800158889745,4.9117040417601055e-08,-5.5782924,4.6934547,10.021686,4.315221,-0.85511243
3610,27/5/2018,15:56:4,51.541744,-0.031819,5.07,9.9,520,0.1090227742471362,26.414634146341463,1.6427829942961312,23.802163318210653,34.302639985610746,4.540607852921017e-08,-5.51723,4.7013636,10.038874,4.302895,-0.8720226
3611,27/5/2018,15:56:5,51.541737,-0.031804,4.94,9.9,513,-0.0295736830921981,26.421951219512195,1.6485808129399642,22.62792730478979,33.689479812332046,4.169511664082108e-08,-5.5076723,4.5183496,9.952287,4.4948587,-0.83574253
3612,27/5/2018,15:56:5,51.541737,-0.031804,4.94,9.7,518,0.0694237864358978,26.429268292682927,3.680242773099689,18.68398619615626,28.9446478283905,3.33608738493286e-08,-5.1013722,2.761801,9.362583,6.6276903,-0.501834
3613,27/5/2018,15:56:6,51.541729,-0.03179,4.48,9.7,514,-0.0097741891865789,26.43658536585366,6.674687178748717,13.42375571243307,22.236258166364788,2.2829438460932033e-08,-4.00759,0.4607143,9.072188,8.779811,0.61185175
3614,27/5/2018,15:56:6,51.541729,-0.03179,4.48,9.8,519,0.089223280341517,26.44390243902439,9.669131584397745,8.163525228709883,15.527868504339075,1.2298003072535464e-08,-1.5820693,-1.1920907,9.387658,10.244844,3.3722737
3615,27/5/2018,15:56:7,51.541725,-0.031774,4.52,9.8,521,0.1288222681527554,26.451219512195124,18.395622597420267,5.223167665505531,11.180275674053458,6.0590430824852665e-09,0.54103374,0.021091774,10.487556,9.870278,5.742098
3616,27/5/2018,15:56:7,51.541725,-0.031774,4.52,10.1,525,0.2080202437752321,26.458536585365856,32.75281447318065,4.561666390420762,9.151739485793083,4.03666515889262e-09,1.0801076,1.3470106,11.077422,8.875644,6.6327667
3617,27/5/2018,15:56:8,51.541721,-0.031757,4.89,10.1,527,0.2476192315864706,26.465853658536588,47.11000634894103,3.9001651153359935,7.123203297532709,2.0142872352999753e-09,1.9781982,3.9272723,11.883915,7.024039,8.644413
3618,27/5/2018,15:56:8,51.541721,-0.031757,4.89,10.2,530,0.3070177133033281,26.47317073170732,60.39927189706913,3.40602552904925,5.810993100017789,7.364348469996107e-10,1.940222,4.4467773,11.931176,6.440727,9.02662
3619,27/5/2018,15:56:9,51.541714,-0.031739,4.91,10.2,531,0.3268172072089473,26.48048780487805,71.53074109826903,3.250048259168692,5.9461539111971495,9.629319991831568e-10,2.1149404,7.564512,12.144901,4.542199,10.38802
3620,27/5/2018,15:56:9,51.541714,-0.031739,4.91,10.2,533,0.3664161950201857,26.48780487804878,82.66221029947435,3.094070989288058,6.081314722376576,1.1894291513668126e-09,2.1288066,7.7470837,12.200378,4.3215203,10.587617
3621,27/5/2018,15:56:10,51.54171,-0.03172,5.0,10.2,526,0.2278197376808514,26.495121951219517,90.57269537139976,2.989040160412139,6.25813918908132,1.411314612077902e-09,3.2810714,6.2147946,12.973548,5.938252,10.614411
3622,27/5/2018,15:56:10,51.54171,-0.03172,5.0,10.3,530,0.3070177133033281,26.502439024390245,81.27577529629464,3.1561795801252424,6.657542647720038,1.608563117002653e-09,2.1200733,7.463961,12.241421,4.656986,10.421656
3623,27/5/2018,15:56:11,51.541702,-0.031702,5.11,10.3,529,0.287218219397709,26.509756097560977,71.97885522118955,3.323318999838346,7.056946106358756,1.8058116219274038e-09,1.9339656,4.3680553,11.879744,6.489832,8.978211
3624,27/5/2018,15:56:11,51.541702,-0.031702,5.11,10.2,528,0.2674187254920898,26.51707317073171,62.68193514608445,3.4904584195514494,7.456349564997474,2.0030601268521554e-09,1.946831,4.239561,11.861974,6.6685734,8.843459
3625,27/5/2018,15:56:12,51.541698,-0.031687,4.26,10.2,519,0.089223280341517,26.52439024390244,49.18075276719839,3.71856648509018,8.5735670213989,3.129760137147513e-09,2.1325295,1.3285543,11.338031,9.269586,7.4255304
3626,27/5/2018,15:56:12,51.541698,-0.031687,4.26,10.5,522,0.1486217620583746,26.53170731707317,35.612415837616,3.947648400907781,9.702250098406331,4.2713062473593895e-09,1.5592562,1.1866997,11.098889,9.19313,6.849109
3627,27/5/2018,15:56:13,51.541691,-0.031673,4.57,10.5,517,0.0496242925302786,26.539024390243902,22.04407890804021,4.176730316725271,10.830933175413216,5.4128523575707105e-09,1.225677,-0.31889066,10.440907,10.471892,6.226604
3628,27/5/2018,15:56:13,51.541691,-0.031673,4.57,10.7,520,0.1090227742471362,26.546341463414635,15.516069726790374,4.969534971274826,12.50742039566292,6.790161768052228e-09,0.31595784,-0.34387097,10.221174,10.07981,5.4496646
3629,27/5/2018,15:56:14,51.541683,-0.031659,4.94,10.7,517,0.0496242925302786,26.553658536585367,10.63001617811906,5.893811875293556,14.311667307037734,8.222456243529437e-09,-0.102238126,-1.1056051,9.56198,10.488757,4.8513722
3630,27/5/2018,15:56:14,51.541683,-0.031659,4.94,10.7,519,0.089223280341517,26.5609756097561,5.743962629447745,6.818088779312285,16.11591421841255,9.654750719006646e-09,-1.1420611,-0.8054378,9.602786,9.965976,3.9209425
3631,27/5/2018,15:56:15,51.541672,-0.031643,5.07,10.7,514,-0.0097741891865789,26.56829268292683,3.2746457905526416,10.424255893660678,19.763989225711025,1.8280784048414187e-08,-3.1981812,-1.2255691,8.936692,10.233978,1.7841198
3632,27/5/2018,15:56:15,51.541672,-0.031643,5.07,10.8,516,0.0298247986246594,26.575609756097563,2.17960797229794,15.555481752227108,24.460558369604904,3.099754200948325e-08,-4.8866463,1.3224473,9.379095,7.9407597,-0.1741309
3633,27/5/2018,15:56:16,51.541664,-0.031627,4.87,10.8,513,-0.0295736830921981,26.582926829268292,1.084570154043237,20.686707610793537,29.157127513498786,4.3714299970552324e-08,-5.3855104,3.371274,9.647367,5.8831573,-0.75787514
3634,27/5/2018,15:56:16,51.541664,-0.031627,4.87,10.7,516,0.0298247986246594,26.590243902439028,0.4692812991930203,28.511688305037808,31.665399567465617,6.201648923396922e-08,-5.7988505,4.6645412,10.200603,4.352611,-1.0754825
3635,27/5/2018,15:56:17,51.54166,-0.031611,4.33,10.7,514,-0.0097741891865789,26.59756097560976,0.4079696675563809,39.44721000659251,31.64679436287341,8.676830519665248e-08,-6.1182947,5.566042,10.470684,3.5300386,-1.8391695
3636,27/5/2018,15:56:17,51.54166,-0.031611,4.33,10.8,517,0.0496242925302786,26.60487804878049,0.3466580359197117,50.38273170815253,31.6281891582812,1.1152012115934775e-07,-6.291138,6.20448,10.601404,3.0476668,-2.396638
3637,27/5/2018,15:56:18,51.541653,-0.031596,4.2,10.8,512,-0.0493731769978173,26.61219512195122,0.3189415285142277,58.61077001168232,31.58231813268974,1.255750459159059e-07,5.091459,10.160704,10.777368,2.7475605,-2.7981408
3638,27/5/2018,15:56:18,51.541653,-0.031596,4.2,11.0,516,0.0298247986246594,26.619512195121956,0.373195027813272,60.23271777773688,31.46992020531538,1.135302236421869e-07,5.1062446,10.171072,10.790395,2.7279632,-2.8233163
3639,27/5/2018,15:56:19,51.541649,-0.03158,4.69,11.0,512,-0.0493731769978173,26.626829268292685,0.4274485271123163,61.85466554379144,31.35752227794102,1.0148540136846785e-07,5.1093135,10.173384,10.792455,2.726225,-2.8256993
3640,27/5/2018,15:56:19,51.541649,-0.03158,4.69,11.0,516,0.0298247986246594,26.634146341463417,0.5012238917577615,62.76836078605124,31.464256814732792,8.937993386471843e-08,5.111891,10.174256,10.787991,2.7303789,-2.8214307
3641,27/5/2018,15:56:20,51.541645,-0.031562,5.07,11.0,512,-0.0493731769978173,26.64146341463415,0.7218912303173164,58.35282086538929,33.21985018949216,7.681814226541966e-08,5.1006002,10.167775,10.765035,2.7587895,-2.7869287
3642,27/5/2018,15:56:20,51.541645,-0.031562,5.07,10.9,518,0.0694237864358978,26.64878048780488,0.9425585688768712,53.93728094472735,34.97544356425152,6.425635066612086e-08,-6.279028,6.240323,10.632045,2.9901834,-2.4627516
3643,27/5/2018,15:56:21,51.541641,-0.031544,4.85,10.9,512,-0.0493731769978173,26.65609756097561,1.1632259074363192,49.52174102406755,36.73103693901003,5.169455906682816e-08,-6.276528,6.1870933,10.593548,3.0552516,-2.386068
3644,27/5/2018,15:56:21,51.541641,-0.031544,4.85,10.9,521,0.1288222681527554,26.663414634146346,1.4254914403598056,46.16469079008831,36.928959388526586,5.3885663720405676e-08,-6.1980762,5.998825,10.506492,3.2240212,-2.1911793
3645,27/5/2018,15:56:22,51.541634,-0.031527,4.41,10.9,512,-0.0493731769978173,26.670731707317078,1.690228614876658,42.87053288054183,37.0343296418126,5.6953341806046274e-08,-6.119696,5.7798996,10.476092,3.288968,-2.104292
3646,27/5/2018,15:56:22,51.541634,-0.031527,4.41,11.1,522,0.1486217620583746,26.678048780487806,1.9549657893935104,39.57637497099536,37.13969989509861,6.002101989168689e-08,-6.0127683,5.470694,10.3686285,3.613091,-1.6117885
3647,27/5/2018,15:56:23,51.541626,-0.031513,4.2,11.1,512,-0.0493731769978173,26.68536585365854,1.9496799411093024,34.61417911179008,36.11139372677255,5.9527515134301835e-08,-6.012995,5.115843,10.355978,3.9345694,-1.4131924
3648,27/5/2018,15:56:23,51.541626,-0.031513,4.2,11.3,517,0.0496242925302786,26.69268292682927,1.8639752290597569,29.15520444003202,34.74545349762506,5.7973410895709824e-08,-5.741231,4.863968,10.141633,4.0967617,-0.9773422
3649,27/5/2018,15:56:24,51.541618,-0.031499,4.59,11.3,515,0.0100253047190402,26.700000000000003,1.7782705170102109,23.69622976827396,33.379513268477574,5.64193066571178e-08,-5.5282707,4.597615,9.995923,4.4052253,-0.8559115
3650,27/5/2018,15:56:24,51.541618,-0.031499,4.59,11.5,518,0.0694237864358978,26.70731707317073,1.999238652608948,19.298645386249063,30.814733922463308,4.78708868158786e-08,-5.1169195,2.8807118,9.322789,6.546764,-0.47748265
3651,27/5/2018,15:56:25,51.541611,-0.031484,4.76,11.5,516,0.0298247986246594,26.714634146341464,2.427113912000209,15.617163566791554,27.441117552034346,3.4603517333880494e-08,-4.5240946,1.9899259,8.9608345,7.481273,-0.08163895
3652,27/5/2018,15:56:25,51.541611,-0.031484,4.76,11.4,520,0.1090227742471362,26.7219512195122,2.854989171391677,11.935681747332255,24.067501181603745,2.133614785187594e-08,-3.6278162,0.70793784,9.017408,8.409386,1.0445702
3653,27/5/2018,15:56:26,51.541603,-0.03147,4.54,11.4,515,0.0100253047190402,26.729268292682928,3.043472798450289,10.189682385220983,22.60944752355706,1.4097191449580214e-08,-3.173047,0.8828483,8.364939,8.772552,1.0395044
3654,27/5/2018,15:56:26,51.541603,-0.03147,4.54,11.3,520,0.1090227742471362,26.73658536585366,2.9063906379770605,11.075883924787108,23.75650448256306,1.5056704779650605e-08,-3.5537744,0.6704454,8.992296,8.4505005,1.1089349
3655,27/5/2018,15:56:27,51.541599,-0.031456,4.2,11.3,515,0.0100253047190402,26.743902439024392,2.769308477503832,11.962085464353232,24.903561441569057,1.6016218109720998e-08,-3.7464237,1.244231,8.570711,8.266139,0.53908205
3656,27/5/2018,15:56:27,51.541599,-0.031456,4.2,11.2,519,0.089223280341517,26.751219512195124,2.547534590586919,13.216159260025387,26.326113266696165,1.9233342879050383e-08,-3.8804102,1.0402397,9.038948,8.134165,0.714955
3657,27/5/2018,15:56:28,51.541595,-0.03144,4.57,11.2,514,-0.0097741891865789,26.758536585365857,2.0721458054611754,15.571850518274848,28.57365243547861,2.9211032338762866e-08,-4.5435605,2.1378686,8.900906,7.358364,-0.1218281
3658,27/5/2018,15:56:28,51.541595,-0.03144,4.57,11.2,517,0.0496242925302786,26.765853658536585,1.5967570203356625,17.927541776523164,30.821191604259973,3.918872179847051e-08,-4.951475,2.7679658,9.202512,6.630696,-0.39865264
3659,27/5/2018,15:56:29,51.541592,-0.031422,4.82,11.2,513,-0.0295736830921981,26.77317073170732,1.178465766292768,19.9337255920768,32.65548519309787,4.806080603529389e-08,-5.2789946,3.664576,9.533823,5.6346054,-0.6841527
3660,27/5/2018,15:56:29,51.541592,-0.031422,4.82,11.1,518,0.0694237864358978,26.78048780487805,1.4451205334513089,17.747193405472117,29.532455577340595,4.3669971822305614e-08,-4.9823174,2.7641628,9.219792,6.6496034,-0.40205076
3661,27/5/2018,15:56:30,51.541584,-0.031404,5.0,11.1,514,-0.0097741891865789,26.78780487804878,1.7117753006098495,15.56066121886744,26.40942596158332,3.927913760931733e-08,-4.630252,1.8965913,9.0304,7.5495095,-0.15331848
3662,27/5/2018,15:56:31,51.54158,-0.031388,4.2,11.1,518,0.0694237864358978,26.795121951219517,1.9784300677683904,13.37412903226276,23.28639634582605,3.4888303396329054e-08,-3.8893316,0.77412635,9.075498,8.449504,0.7262025
3663,27/5/2018,15:56:31,51.54158,-0.031388,4.2,11.1,520,0.1090227742471362,26.80243902439025,2.0737505232029707,12.336615053313777,21.791656300291848,3.163068225888695e-08,-3.5945673,0.33198944,9.123582,8.785019,1.1043044
3664,27/5/2018,15:56:32,51.541573,-0.031376,4.46,11.1,516,0.0298247986246594,26.809756097560975,2.1507823236468653,11.42175016529345,20.47072397531931,2.8494023132854392e-08,-3.6838117,-0.10133617,9.202914,9.253515,1.0752263
3665,27/5/2018,15:56:32,51.541573,-0.031376,4.46,11.1,518,0.0694237864358978,26.81707317073171,2.2278141240907594,10.506885277273124,19.149791650346767,2.535736400682182e-08,-3.2994084,-0.19487898,9.242572,9.27956,1.5148463
3666,27/5/2018,15:56:33,51.541565,-0.031361,5.44,11.1,514,-0.0097741891865789,26.82439024390244,1.8760975387299827,12.261201692524358,21.75439864076932,2.9516348228368873e-08,-3.865469,0.37625438,9.016963,8.907334,0.75226563
3667,27/5/2018,15:56:33,51.541565,-0.031361,5.44,11.3,516,0.0298247986246594,26.83170731707317,1.3659304629630589,15.001954676376112,25.80974842166423,3.6371548469673626e-08,-4.526589,1.7534949,9.01954,7.7047486,-0.052896146
3668,27/5/2018,15:56:34,51.541553,-0.031348,4.7,11.3,514,-0.0097741891865789,26.839024390243903,0.855763387196135,17.742707660227868,29.865098202559142,4.3226748710978386e-08,-4.860025,2.7639134,9.07346,6.683718,-0.3446642
3669,27/5/2018,15:56:34,51.541553,-0.031348,4.7,11.2,517,0.0496242925302786,26.846341463414635,0.9928678000239228,17.813270407196466,29.932188903919847,4.18576178550313e-08,-4.9493995,2.7452893,9.17979,6.648458,-0.3701778
3670,27/5/2018,15:56:35,51.541542,-0.031337,4.74,11.2,513,-0.0295736830921981,26.853658536585368,1.645258665351849,15.75812102423444,26.82426586072885,3.3941178072361194e-08,-4.6000857,1.9644321,8.979881,7.474445,-0.16731942
3671,27/5/2018,15:56:36,51.541534,-0.031325,4.7,11.2,517,0.0496242925302786,26.8609756097561,2.2976495306797755,13.702971641272416,23.716342817537857,2.6024738289691074e-08,-3.960592,0.7949192,9.039623,8.462484,0.64375156
3672,27/5/2018,15:56:37,51.541527,-0.031312,4.13,11.2,517,0.0496242925302786,26.868292682926832,3.660318875640284,12.362894910370647,21.87393902361261,2.0821052692263843e-08,-3.7519853,0.3287996,9.10975,8.885852,0.9532202
3673,27/5/2018,15:56:38,51.541523,-0.031296,4.52,11.2,518,0.0694237864358978,26.875609756097564,6.16542746287997,12.1729685531883,22.067045094731792,1.9980665328906306e-08,-3.6879199,0.4174393,9.104456,8.831132,0.98033285
3674,27/5/2018,15:56:38,51.541523,-0.031296,4.52,11.3,527,0.2476192315864706,26.882926829268293,8.67053605011844,11.983042196006044,22.26015116585088,1.9140277965549185e-08,-3.5149276,0.5556222,9.097578,8.631153,1.203109
3675,27/5/2018,15:56:39,51.541515,-0.03128,4.87,11.3,515,0.0100253047190402,26.890243902439025,10.535061813209468,11.88292113654562,22.5851789273379,1.8313593898311432e-08,-3.767291,0.66065764,8.878238,8.722284,0.767263
3676,27/5/2018,15:56:39,51.541515,-0.03128,4.87,11.3,524,0.1882207498696129,26.89756097560976,9.989446583499197,12.120685236116737,23.40655136403178,1.753846737284615e-08,-3.6017654,0.6289538,9.064424,8.4944935,1.0988077
3677,27/5/2018,15:56:40,51.541508,-0.031263,4.74,11.3,516,0.0298247986246594,26.90487804878049,9.44383135378892,12.358449335687853,24.227923800725662,1.676334084738087e-08,-3.8217015,0.9738474,8.726118,8.353911,0.6113662
3678,27/5/2018,15:56:40,51.541508,-0.031263,4.74,11.3,523,0.1684212559639938,26.91219512195122,8.839448860822957,12.731286225701998,25.08528528521292,1.6165493067462572e-08,-3.6761208,0.72315675,9.053398,8.389858,1.0346717
3679,27/5/2018,15:56:41,51.5415,-0.031248,4.91,11.3,514,-0.0097741891865789,26.919512195121957,6.68744748882969,16.661225981354427,26.890407933273632,2.023622977249916e-08,-4.7164855,1.9690098,9.101239,7.4950814,-0.21725793
3680,27/5/2018,15:56:41,51.5415,-0.031248,4.91,11.1,518,0.0694237864358978,26.92682926829269,4.535446116836424,20.591165737006857,28.695530581334346,2.4306966477535745e-08,-5.4079137,2.837244,9.585422,6.4894004,-0.64073265
3681,27/5/2018,15:56:42,51.541492,-0.031234,4.67,11.1,512,-0.0493731769978173,26.934146341463418,2.3834447448431577,24.521105492659288,30.500653229395056,2.8377703182572333e-08,-5.6553,4.3194637,10.055303,4.7133636,-0.9550019
3682,27/5/2018,15:56:42,51.541492,-0.031234,4.67,11.1,515,0.0100253047190402,26.941463414634143,1.6947028047871433,27.80808143009108,31.81906205274497,3.571689908669703e-08,-5.758696,4.646099,10.1850815,4.4006634,-1.063129
3683,27/5/2018,15:56:43,51.541485,-0.031221,4.76,11.1,511,-0.0691726709034365,26.94878048780488,1.237878515501512,30.99315154344613,33.06032971823879,4.357412573954215e-08,-5.8730555,4.8576603,10.244962,4.0981736,-1.1454146
3684,27/5/2018,15:56:43,51.541485,-0.031221,4.76,11.2,515,0.0100253047190402,26.95609756097561,0.7810542262158804,34.178221656801185,34.30159738373261,5.1431352392387264e-08,-6.0499887,5.086007,10.369822,3.9514663,-1.4410326
3685,27/5/2018,15:56:44,51.541477,-0.031206,4.91,11.2,511,-0.0691726709034365,26.963414634146343,0.6130152057583653,37.48346574279474,34.275498459428235,6.388244679789752e-08,-6.09611,5.4112706,10.436158,3.6927269,-1.6883148
3686,27/5/2018,15:56:44,51.541477,-0.031206,4.91,11.2,516,0.0298247986246594,26.970731707317075,0.574844116844769,40.842752562045824,33.67945953024457,7.839942255963453e-08,-6.0943274,5.593424,10.462778,3.502224,-1.8519651
3687,27/5/2018,15:56:45,51.541466,-0.031193,4.69,11.2,514,-0.0097741891865789,26.978048780487807,0.5366730279311726,44.202039381296906,33.083420601060915,9.291639832137152e-08,-6.138152,5.844165,10.510595,3.2778728,-2.1280959
3688,27/5/2018,15:56:45,51.541466,-0.031193,4.69,11.2,518,0.0694237864358978,26.98536585365854,0.5195949078741974,47.08934609522299,32.81552751986238,9.95407661067071e-08,-6.228905,6.044749,10.546517,3.1647553,-2.2609673
3689,27/5/2018,15:56:46,51.541458,-0.03118,4.78,11.2,512,-0.0493731769978173,26.99268292682927,0.522269834471845,49.5346550465813,32.854934956141086,9.877390060268201e-08,-6.2825246,6.196725,10.595168,3.0487754,-2.3962102
3690,27/5/2018,15:56:46,51.541458,-0.03118,4.78,11.0,516,0.0298247986246594,27.0,0.5249447610694914,51.97996399793841,32.89434239241978,9.800703509865732e-08,-6.2940407,6.233014,10.631621,2.9969842,-2.4576662
3691,27/5/2018,15:56:47,51.541451,-0.031166,4.24,11.0,511,-0.0691726709034365,27.00731707317073,0.5420246068927691,51.535932002810426,32.74900264276799,9.571490071764581e-08,-6.3062673,6.2418575,10.603791,3.0136623,-2.4537153
3692,27/5/2018,15:56:47,51.541451,-0.031166,4.24,11.0,516,0.0298247986246594,27.014634146341464,0.5866953645514857,45.55771060555197,32.24980160177453,9.050129496625729e-08,-6.2069974,5.9946213,10.528484,3.211062,-2.206811
3693,27/5/2018,15:56:48,51.541447,-0.031151,4.56,11.0,512,-0.0493731769978173,27.0219512195122,0.6313661222102025,39.57948920829351,31.75060056078107,8.528768921486875e-08,-6.110574,5.562207,10.472971,3.5258396,-1.8468846
3694,27/5/2018,15:56:48,51.541447,-0.031151,4.56,11.0,515,0.0100253047190402,27.02926829268293,0.854026199733361,33.21645104168824,30.50472319164508,7.736028494906035e-08,-6.1991506,4.894032,10.447785,4.1964526,-1.5316429
3695,27/5/2018,15:56:49,51.541439,-0.031134,4.93,11.0,515,0.0100253047190402,27.03658536585366,1.9480724929546995,24.96945698023659,25.603326151850958,5.614687779583893e-08,-6.1966653,3.4451408,10.3066635,5.7134314,-1.1992277
3696,27/5/2018,15:56:49,51.541439,-0.031134,4.93,11.0,520,0.1090227742471362,27.043902439024397,3.042118786176038,16.722462918784938,20.701929112056828,3.4933470642617484e-08,-5.3793674,0.7513482,10.011352,8.419524,-0.34871998
3697,27/5/2018,15:56:50,51.541435,-0.031117,4.93,11.0,517,0.0496242925302786,27.051219512195125,4.136165079397376,8.475468857333286,15.8005320722627,1.3720063489396061e-08,-1.9058781,-1.4306741,9.364439,10.451417,3.142328
3698,27/5/2018,15:56:50,51.541435,-0.031117,4.93,11.0,521,0.1288222681527554,27.058536585365854,5.227896874543527,7.037614477296716,13.85468665105269,1.0631077490467644e-08,-0.4658936,-0.6417028,9.896351,10.118384,4.5838666
3699,27/5/2018,15:56:51,51.541431,-0.031102,4.15,11.0,519,0.089223280341517,27.065853658536582,6.3196198893485,5.6255914314029045,11.920053489394329,7.610848779667872e-09,0.40871084,-0.60788363,10.130835,10.340799,5.4710565
3700,27/5/2018,15:56:51,51.541431,-0.031102,4.15,11.4,519,0.089223280341517,27.07317073170732,7.411342904153473,4.213568385509094,9.985420327735962,4.590620068868099e-09,1.3440417,-0.16194193,10.588308,10.3993025,6.3525114
3701,27/5/2018,15:56:52,51.541424,-0.031088,4.57,11.4,518,0.0694237864358978,27.08048780487805,6.896931165851876,3.9889704763131,10.12940357596043,4.2912121205272545e-09,1.360252,-0.24128048,10.526749,10.457147,6.3146086
3702,27/5/2018,15:56:52,51.541424,-0.031088,4.57,11.4,519,0.089223280341517,27.087804878048782,6.036682585617513,4.020051835941137,10.720959565757845,4.577657917106565e-09,1.2119181,-0.17175354,10.512772,10.372647,6.231167
3703,27/5/2018,15:56:53,51.541412,-0.031075,4.74,11.4,516,0.0298247986246594,27.095121951219515,5.17643400538315,4.051133195569175,11.312515555555262,4.8641037136858775e-09,0.81875074,-0.85096014,9.980869,10.712439,5.798985
3704,27/5/2018,15:56:53,51.541412,-0.031075,4.74,11.5,519,0.089223280341517,27.102439024390247,4.306778383327329,5.07088965947419,13.14889297478779,9.398781106040988e-09,0.2182945,-0.5706658,9.997391,10.27866,5.269376
3705,27/5/2018,15:56:54,51.541405,-0.03106,5.09,11.5,516,0.0298247986246594,27.10975609756098,3.4320447980536493,6.624337363326573,15.657230565075825,1.6226672900301372e-08,-1.2207732,-2.0457444,8.792059,10.749022,3.6396832
3706,27/5/2018,15:56:54,51.541405,-0.03106,5.09,11.3,517,0.0496242925302786,27.117073170731707,2.5573112127803945,8.1777850671782,18.16556815536264,2.3054564694558444e-08,-1.8911474,-1.2392123,8.91595,10.072506,2.966309
3707,27/5/2018,15:56:55,51.541401,-0.031046,4.41,11.3,514,-0.0097741891865789,27.12439024390244,2.070604137082522,10.273690994165776,20.610083318197525,3.12651368796907e-08,-3.1359527,-1.173071,8.884462,10.2033,1.7931803
3708,27/5/2018,15:56:56,51.541393,-0.031031,4.48,11.3,515,0.0100253047190402,27.13170731707317,2.010984988406118,12.966662720260304,22.98435124903724,4.099757957443392e-08,-3.964569,0.6155719,8.986044,8.675692,0.6502189
3709,27/5/2018,15:56:56,51.541393,-0.031031,4.48,11.3,521,0.1288222681527554,27.139024390243904,1.9513658397297136,15.65963444635483,25.358619179876957,5.073002226917714e-08,-4.517123,1.3984672,9.262974,7.9174595,0.17937656
3710,27/5/2018,15:56:57,51.541389,-0.031015,4.7,11.3,514,-0.0097741891865789,27.14634146341464,2.0054329391910417,17.029228315944067,26.89019118785564,5.4369006131890406e-08,-4.749009,1.9263381,9.1452055,7.491211,-0.24804132
3711,27/5/2018,15:56:57,51.541389,-0.031015,4.7,11.5,518,0.0694237864358978,27.153658536585368,2.321455414605829,15.34950048121128,26.480026786167,4.396746772081466e-08,-4.4852643,1.8030275,9.021069,7.6554236,0.033932418
3712,27/5/2018,15:56:58,51.541382,-0.030999,4.59,11.5,515,0.0100253047190402,27.1609756097561,2.637477890020617,13.669772646478492,26.06986238447837,3.356592930973891e-08,-4.151837,1.7318522,8.655208,7.863704,0.19318134
3713,27/5/2018,15:56:58,51.541382,-0.030999,4.59,11.5,520,0.1090227742471362,27.168292682926836,2.9299983754982,12.133296189685296,25.602116909513978,2.415277365464299e-08,-3.7836785,0.88779104,9.029066,8.314566,0.96555775
3714,27/5/2018,15:56:59,51.541378,-0.030983,4.46,11.5,515,0.0100253047190402,27.17560975609756,3.0641896656101157,11.561881647427729,24.746456835641737,2.1398196566114547e-08,-3.699744,1.2205219,8.528319,8.30777,0.57884413
3715,27/5/2018,15:56:59,51.541378,-0.030983,4.46,11.5,520,0.1090227742471362,27.182926829268293,3.198380955722096,10.99046710516988,23.89079676176908,1.8643619477584773e-08,-3.5669284,0.67713153,8.978537,8.441166,1.1218138
3716,27/5/2018,15:57:0,51.54137,-0.030968,4.78,11.5,516,0.0298247986246594,27.190243902439025,3.332572245834076,10.419052562912032,23.03513668789642,1.5889042389054992e-08,-3.1874397,0.87656873,8.412092,8.7391205,1.0379628
3717,27/5/2018,15:57:0,51.54137,-0.030968,4.78,11.4,519,0.089223280341517,27.19756097560976,3.0197960794448693,10.8255202540792,23.62601719704876,2.1817077247865115e-08,-3.5019836,0.64365864,8.956164,8.469158,1.1464807
3718,27/5/2018,15:57:1,51.541363,-0.030954,4.59,11.4,514,-0.0097741891865789,27.20487804878049,2.686378683054337,11.277147143753432,24.283699833394422,2.8146080426875123e-08,-3.6227996,1.2209892,8.488409,8.343098,0.6014925
3719,27/5/2018,15:57:1,51.541363,-0.030954,4.59,11.6,518,0.0694237864358978,27.212195121951225,2.3529612866638057,11.728774033427667,24.941382469740088,3.4475083605885135e-08,-3.7323546,0.8597922,8.996188,8.338583,0.9520622
3720,27/5/2018,15:57:2,51.541355,-0.03094,4.8,11.6,514,-0.0097741891865789,27.219512195121958,2.370120615403152,12.24778047610425,24.631595709112624,3.711854708829269e-08,-3.7513592,1.2953246,8.525861,8.244137,0.51257044
3721,27/5/2018,15:57:3,51.541344,-0.030926,5.33,11.6,517,0.0496242925302786,27.226829268292686,2.4847451503752684,12.78551937178898,24.052838998283967,3.8737379267879625e-08,-3.8652058,0.84095454,8.940389,8.412959,0.6706806
3722,27/5/2018,15:57:3,51.541344,-0.030926,5.33,11.2,521,0.1288222681527554,27.23414634146341,2.599369685347329,13.323258267473449,23.47408228745559,4.0356211447465766e-08,-3.7896426,0.77451205,9.086827,8.388972,0.86263245
3723,27/5/2018,15:57:4,51.541336,-0.030911,4.94,11.2,515,0.0100253047190402,27.241463414634147,2.6534267204086808,13.43250955371609,23.8033590392024,3.8561183115189406e-08,-3.9847167,0.70353913,8.936362,8.560436,0.55753666
3724,27/5/2018,15:57:4,51.541336,-0.030911,4.94,10.8,519,0.089223280341517,27.24878048780488,2.6686087108512506,13.266737519527837,24.71545399254208,3.4574979979321805e-08,-3.8858042,0.8848341,9.066471,8.321749,0.8074057
3725,27/5/2018,15:57:5,51.541328,-0.030895,4.61,10.8,513,-0.0295736830921981,27.25609756097561,2.6837907012938205,13.100965485339586,25.627548945881763,3.05887768434542e-08,-3.9451709,1.579934,8.538659,8.0254135,0.32389393
3726,27/5/2018,15:57:5,51.541328,-0.030895,4.61,11.1,518,0.0694237864358978,27.263414634146343,2.945284056113916,12.240037497774344,25.060380251476275,2.594285543672008e-08,-3.7982595,0.87710124,9.009233,8.320648,0.8974596
3727,27/5/2018,15:57:6,51.541325,-0.030878,4.44,11.1,516,0.0298247986246594,27.27073170731708,3.525819854799655,10.47868717365295,22.577149379059133,2.0442413452212432e-08,-3.2142532,0.8432643,8.460251,8.753863,1.0496709
3728,27/5/2018,15:57:6,51.541325,-0.030878,4.44,11.4,520,0.1090227742471362,27.278048780487808,4.1063556534853936,8.717336849531554,20.09391850664199,1.4941971467704776e-08,-2.718572,-0.16731685,9.144432,9.166809,2.1022618
3729,27/5/2018,15:57:7,51.541321,-0.030863,4.13,11.4,517,0.0496242925302786,27.28536585365854,4.707888742750161,7.285630224870326,18.11008270843022,1.0675798988060236e-08,-1.8674754,-1.3057997,8.886863,10.11357,3.0243034
3730,27/5/2018,15:57:7,51.541321,-0.030863,4.13,11.2,521,0.1288222681527554,27.29268292682927,5.368480493700711,6.781105878803789,17.530885505098144,9.881231801624184e-09,-1.3396481,-0.7529874,9.592552,9.859061,3.8111873
3731,27/5/2018,15:57:8,51.541313,-0.030848,4.37,11.2,516,0.0298247986246594,27.3,6.02907224465158,6.276581532737006,16.951688301765785,9.086664615187744e-09,-1.3920184,-2.0212388,8.63053,10.575529,3.492727
3732,27/5/2018,15:57:8,51.541313,-0.030848,4.37,11.3,520,0.1090227742471362,27.307317073170733,6.5945974472092725,5.853140338543316,16.474283325967953,8.361952499665952e-09,-0.8865404,-0.6825953,9.746033,9.946615,4.2731237
3733,27/5/2018,15:57:9,51.541309,-0.030833,4.43,11.3,517,0.0496242925302786,27.314634146341465,6.185690528735865,6.26080145104971,17.0402486824001,8.35325486102006e-09,-1.3945619,-1.9409739,8.66862,10.543472,3.4796216
3734,27/5/2018,15:57:9,51.541309,-0.030833,4.43,11.1,521,0.1288222681527554,27.3219512195122,5.776783610262457,6.668462563556104,17.606214038832253,8.344557222374171e-09,-1.2978756,-0.72675866,9.592516,9.875343,3.8305528
3735,27/5/2018,15:57:10,51.541302,-0.030819,4.67,11.1,516,0.0298247986246594,27.32926829268293,5.367876691789048,7.076123676062498,18.172179395264404,8.335859583728278e-09,-1.9138901,-1.446614,8.767008,10.216364,2.993236
3736,27/5/2018,15:57:10,51.541302,-0.030819,4.67,11.1,519,0.089223280341517,27.33658536585366,4.891979197448883,7.609680491702226,19.61931282144016,9.759018091605492e-09,-2.6289425,-0.22213277,9.163125,9.236382,2.2424095
3737,27/5/2018,15:57:11,51.541294,-0.030805,4.57,11.1,514,-0.0097741891865789,27.34390243902439,4.40989812782669,8.154858129344872,21.147782600155605,1.1314344298607354e-08,-2.5581985,-1.1969523,8.224888,10.011021,2.1189349
3738,27/5/2018,15:57:11,51.541294,-0.030805,4.57,11.1,519,0.089223280341517,27.35121951219512,3.927817058204263,8.700035766987781,22.676252378871794,1.2869670505609972e-08,-2.9436312,0.047731657,8.983311,9.021388,1.780884
3739,27/5/2018,15:57:12,51.541286,-0.030788,5.19,11.1,515,0.0100253047190402,27.35853658536585,5.169262590966029,8.038606093944534,20.77881569450445,1.2114363046755769e-08,-2.4907625,-1.2537366,8.260767,10.0189495,2.1613016
3740,27/5/2018,15:57:12,51.541286,-0.030788,5.19,11.1,520,0.1090227742471362,27.365853658536587,7.009676627224383,6.957850270559321,17.69079102357871,1.0556052729081406e-08,-1.4045913,-0.78572315,9.540922,9.883949,3.7359672
3741,27/5/2018,15:57:13,51.541279,-0.030776,3.57,11.1,517,0.0496242925302786,27.37317073170732,8.850090663482737,5.877094447174108,14.602766352652974,8.997742411407045e-09,-0.15434997,-1.129262,9.543266,10.471311,4.8188753
3742,27/5/2018,15:57:14,51.541275,-0.03077,1.48,11.1,522,0.1486217620583746,27.38048780487805,11.592347534055833,5.057654652366136,12.2306408819948,7.287029124867216e-09,0.3657282,-0.075178,10.363973,9.864325,5.5339828
3743,27/5/2018,15:57:14,51.541275,-0.03077,1.48,11.1,524,0.1882207498696129,27.387804878048783,15.018537845963138,4.436389931861904,10.40143418283127,5.4607375102643675e-09,0.7422,0.78456837,10.777838,9.316098,6.0892677
3744,27/5/2018,15:57:15,51.541275,-0.03077,0.46,11.1,522,0.1486217620583746,27.395121951219515,18.444728157870447,3.815125211357673,8.572227483667742,3.634445895661519e-09,1.7094643,1.2343748,11.269342,9.303072,6.9897575
3745,27/5/2018,15:57:16,51.541271,-0.030768,2.11,11.1,520,0.1090227742471362,27.402439024390244,20.719628982155054,3.488279733232845,7.70284137055316,2.694608357170856e-09,2.1841443,0.9612084,11.40648,9.762653,7.311173
3746,27/5/2018,15:57:17,51.541264,-0.03076,3.39,11.1,522,0.1486217620583746,27.409756097560976,21.23347514086386,3.6117887367584425,8.301632062100422,3.110723516364181e-09,1.7777525,1.3004631,11.314095,9.260178,7.052434
3747,27/5/2018,15:57:18,51.541256,-0.03075,4.94,11.1,522,0.1486217620583746,27.417073170731708,21.74732129957266,3.73529774028404,8.900422753647687,3.526838675557506e-09,1.6868296,1.2158549,11.2647505,9.257471,6.951656
3748,27/5/2018,15:57:18,51.541256,-0.03075,4.94,10.6,526,0.2278197376808514,27.42439024390244,21.583710598508688,3.903464829712944,9.567045668321777,4.0351711976888725e-09,1.0062289,1.3484609,11.068852,8.818542,6.5951138
3749,27/5/2018,15:57:19,51.541245,-0.030738,4.87,10.6,518,0.0694237864358978,27.43170731707317,19.04484754237389,4.228209009158118,10.471497229067484,4.866829855406898e-09,1.2471625,-0.24768916,10.527816,10.434293,6.300266
3750,27/5/2018,15:57:20,51.541233,-0.030725,5.02,10.6,519,0.089223280341517,27.439024390243905,16.505984486239093,4.552953188603293,11.375948789813188,5.698488513124922e-09,0.9508966,-0.25169677,10.409598,10.290408,6.003189
3751,27/5/2018,15:57:20,51.541233,-0.030725,5.02,10.4,522,0.1486217620583746,27.44634146341464,13.989577685232485,4.883453869119933,12.286309821956008,6.517883651120818e-09,0.39719212,0.028298955,10.402504,9.80664,5.5779896
3752,27/5/2018,15:57:21,51.541229,-0.03071,4.54,10.4,517,0.0496242925302786,27.45365853658537,11.913481381970968,5.326825009897129,13.312540676445469,7.096822112697014e-09,0.22680031,-0.95891136,9.745225,10.521268,5.1790166
3753,27/5/2018,15:57:22,51.541222,-0.030693,4.06,10.4,517,0.0496242925302786,27.460975609756098,9.837385078710462,5.770196150674109,14.338771530934432,7.675760574272928e-09,-0.122689046,-1.0889882,9.569024,10.470915,4.848342
3754,27/5/2018,15:57:22,51.541222,-0.030693,4.06,11.0,522,0.1486217620583746,27.46829268292683,7.7612887754489455,6.213567291451304,15.365002385423892,8.254699035849124e-09,-0.5785032,-0.5505972,9.91864,9.9337435,4.579824
3755,27/5/2018,15:57:23,51.541218,-0.030678,4.78,11.0,516,0.0298247986246594,27.47560975609756,6.918877461720578,6.718695946116118,16.22380953625114,9.002830652042386e-09,-1.3873129,-2.0104923,8.690814,10.615141,3.4700282
3756,27/5/2018,15:57:24,51.54121,-0.030661,4.98,11.0,517,0.0496242925302786,27.48292682926829,6.252493752302708,7.232636434685082,17.05872793613265,9.775103492231776e-09,-1.7346808,-1.2727607,9.012112,10.105679,3.1751397
3757,27/5/2018,15:57:24,51.54121,-0.030661,4.98,11.2,521,0.1288222681527554,27.490243902439023,5.586110042884837,7.746576923254046,17.893646336014164,1.0547376332421165e-08,-1.4827477,-0.74066305,9.534979,9.8481245,3.6672757
3758,27/5/2018,15:57:25,51.541203,-0.030645,4.59,11.2,515,0.0100253047190402,27.49756097560976,5.402007273648216,7.702132494744222,17.92644533876643,1.0739057105724045e-08,-1.9525416,-1.625348,8.653104,10.378483,2.9337392
3759,27/5/2018,15:57:26,51.541195,-0.03063,4.94,11.2,518,0.0694237864358978,27.50487804878049,5.4228894882494805,7.420356433017259,17.618317678327738,1.068396748954728e-08,-1.7025003,-1.1067445,9.131949,10.039713,3.206535
3760,27/5/2018,15:57:26,51.541195,-0.03063,4.94,11.0,520,0.1090227742471362,27.512195121951223,5.443771702850745,7.138580371290296,17.31019001788905,1.0628877873370516e-08,-1.4147595,-0.7857713,9.55855,9.870687,3.7122316
3761,27/5/2018,15:57:27,51.541187,-0.030616,4.61,11.0,515,0.0100253047190402,27.51951219512195,6.356327486792242,6.735691156179322,16.53558939281048,1.0305933828262133e-08,-1.5348276,-2.141875,8.552224,10.672809,3.3713799
3762,27/5/2018,15:57:28,51.54118,-0.030603,4.74,11.0,519,0.089223280341517,27.526829268292683,8.06488371031686,6.224683761223082,15.344566550370487,9.743875099815478e-09,-0.78488797,-0.71218616,9.744635,10.013602,4.3968773
3763,27/5/2018,15:57:28,51.54118,-0.030603,4.74,11.0,522,0.1486217620583746,27.534146341463416,9.773439933841477,5.713676366266841,14.1535437079305,9.181816371368827e-09,-0.3056333,-0.4804815,10.0051365,9.97151,4.8117914
3764,27/5/2018,15:57:29,51.541172,-0.03059,4.82,11.0,517,0.0496242925302786,27.541463414634148,11.55127673196401,5.318040269865765,13.043027394970576,8.46430596319225e-09,0.23602234,-0.9535522,9.752937,10.539332,5.2191005
3765,27/5/2018,15:57:30,51.541164,-0.030578,4.46,11.0,523,0.1684212559639938,27.54878048780488,13.455016516376574,5.13206743195462,12.078814898574132,7.46429456804511e-09,0.36700732,0.08063238,10.449198,9.7123575,5.5922966
3766,27/5/2018,15:57:30,51.541164,-0.030578,4.46,10.8,524,0.1882207498696129,27.55609756097561,15.358756300789135,4.946094594043475,11.114602402177688,6.464283172897971e-09,0.6509352,0.65787333,10.682344,9.382395,5.9454
3767,27/5/2018,15:57:31,51.541157,-0.030565,4.78,10.8,521,0.1288222681527554,27.563414634146344,16.587818000874222,4.769807757503714,10.429465891295289,5.769895803160903e-09,0.77809715,0.24332164,10.638072,9.775106,5.9957275
3768,27/5/2018,15:57:32,51.541149,-0.030552,4.37,10.8,518,0.0694237864358978,27.57073170731708,14.775491567282646,4.637184544131834,11.002378827183623,6.4532340567116294e-09,1.0993687,-0.31436267,10.45412,10.395891,6.162399
3769,27/5/2018,15:57:32,51.541149,-0.030552,4.37,10.5,522,0.1486217620583746,27.578048780487805,12.963165133691952,4.504561330760018,11.57529176307168,7.136572310262021e-09,0.5144146,0.22587264,10.538856,9.686573,5.767425
3770,27/5/2018,15:57:33,51.541142,-0.030537,4.48,10.5,516,0.0298247986246594,27.585365853658537,11.1532747268949,4.375915944985358,12.145178225660148,7.816705502215517e-09,0.68937486,-0.8830376,9.929148,10.656074,5.6647673
3771,27/5/2018,15:57:34,51.541134,-0.030524,4.48,10.5,518,0.0694237864358978,27.59268292682927,9.639361575631805,4.7305766122715935,12.34734818231579,8.107423710106761e-09,0.46386084,-0.8031574,9.960383,10.460611,5.4348407
3772,27/5/2018,15:57:34,51.541134,-0.030524,4.48,10.5,520,0.1090227742471362,27.6,8.125448424368706,5.085237279557829,12.549518138971427,8.398141917998e-09,0.31246388,-0.3640602,10.166251,10.13831,5.4015956
3773,27/5/2018,15:57:35,51.541126,-0.030513,4.09,10.5,520,0.1090227742471362,27.607317073170734,6.611535273105609,5.439897946844063,12.751688095627069,8.688860125889242e-09,0.24694246,-0.43722612,10.096349,10.180867,5.2887545
3774,27/5/2018,15:57:36,51.541119,-0.030503,4.69,10.5,516,0.0298247986246594,27.614634146341466,5.398779954942567,6.66727784498717,14.637626323598004,1.3779452336106764e-08,-1.0912977,-1.996618,8.97672,10.837984,3.7985172
3775,27/5/2018,15:57:36,51.541119,-0.030503,4.69,10.9,519,0.089223280341517,27.6219512195122,4.2456344722698205,8.067399887158498,16.856842117766394,1.982011015380846e-08,-1.627348,-1.0445268,9.341356,10.049876,3.3613183
3776,27/5/2018,15:57:37,51.541107,-0.030492,4.93,10.9,514,-0.0097741891865789,27.62926829268293,3.092488989597074,9.467521929329823,19.076057911934782,2.586076797151016e-08,-3.0583377,-1.2965969,8.885481,10.295029,1.9205134
3777,27/5/2018,15:57:38,51.5411,-0.030483,4.35,10.9,515,0.0100253047190402,27.63658536585366,2.4561064568030684,11.46071891953231,21.012770941590716,2.8753912786521607e-08,-3.7636504,0.1162045,9.071373,9.076449,0.91998744
3778,27/5/2018,15:57:38,51.5411,-0.030483,4.35,11.0,519,0.089223280341517,27.64390243902439,2.084306554346371,13.757570283128052,22.804842555817764,3.003553094415862e-08,-3.886344,0.75553375,9.1028,8.450322,0.76319265
3779,27/5/2018,15:57:39,51.541088,-0.030471,4.2,11.0,514,-0.0097741891865789,27.651219512195123,1.7125066518896737,16.054421646723796,24.59691417004481,3.131714910179563e-08,-4.9503727,1.3186203,9.4183235,7.952868,-0.24538897
3780,27/5/2018,15:57:40,51.541084,-0.030457,4.26,11.0,515,0.0100253047190402,27.65853658536585,1.64343010443382,16.486280926317736,25.062014338800388,3.0749679465980844e-08,-4.9615736,1.4730147,9.414119,7.844429,-0.27334943
3781,27/5/2018,15:57:40,51.541084,-0.030457,4.26,11.1,520,0.1090227742471362,27.665853658536587,1.8919880066022408,14.961285128925995,24.134781085682103,2.8242042433506522e-08,-4.1353087,1.0485013,9.155017,8.185753,0.5689778
3782,27/5/2018,15:57:41,51.541077,-0.030441,4.94,11.1,515,0.0100253047190402,27.67317073170732,2.1405459087706618,13.436289331534258,23.207547832563822,2.57344054010322e-08,-3.9831085,0.6032872,8.983506,8.612468,0.616139
3783,27/5/2018,15:57:42,51.541069,-0.030428,4.32,11.1,517,0.0496242925302786,27.68048780487805,2.448838792026004,12.02179643421652,22.19649951096184,2.3562578956821426e-08,-3.754163,0.3452888,9.087779,8.874975,0.9131128
3784,27/5/2018,15:57:42,51.541069,-0.030428,4.32,10.8,519,0.089223280341517,27.687804878048784,2.887279875304132,10.84806285882779,21.00283825302916,2.2122403260896617e-08,-3.336297,0.052859195,9.167945,9.035744,1.4335973
3785,27/5/2018,15:57:43,51.541065,-0.030415,3.09,10.8,514,-0.0097741891865789,27.695121951219512,3.325720958582047,9.674329283439628,19.80917699509707,2.0682227564972507e-08,-3.1189055,-1.2301928,8.871961,10.259838,1.8720763
3786,27/5/2018,15:57:44,51.541065,-0.030409,0.89,10.8,519,0.089223280341517,27.702439024390245,3.7969444158782064,8.537784495821086,18.539070384034684,1.8901469833912465e-08,-2.4575994,-0.41973916,9.168696,9.390958,2.3709815
3787,27/5/2018,15:57:44,51.541065,-0.030409,0.89,10.9,520,0.1090227742471362,27.709756097560977,4.467564732699549,7.627438319896912,16.803989414160633,1.5049141929828734e-08,-1.4612901,-0.8770597,9.504153,9.934057,3.649448
3788,27/5/2018,15:57:45,51.541061,-0.030407,0.46,10.9,516,0.0298247986246594,27.71707317073171,5.138185049520892,6.717092143972739,15.06890844428658,1.1196814025745003e-08,-1.1618823,-1.9973302,8.897521,10.777497,3.7492611
3789,27/5/2018,15:57:46,51.541061,-0.030407,0.2,10.9,518,0.0694237864358978,27.72439024390244,5.808805366342235,5.806745968048565,13.333827474412528,7.344486121661272e-09,0.0956791,-0.92695427,9.781305,10.446362,5.124438
3790,27/5/2018,15:57:46,51.541061,-0.030407,0.2,11.3,521,0.1288222681527554,27.731707317073173,5.980747549317663,5.454362687594047,12.88974841184966,7.6801470967954e-09,0.1753494,-0.3600531,10.166382,10.064393,5.306625
3791,27/5/2018,15:57:47,51.541061,-0.030408,0.09,11.3,518,0.0694237864358978,27.739024390243905,6.1360982854783295,5.1205433085350025,12.488622083784524,8.155146033701521e-09,0.46095294,-0.8075535,9.94493,10.416505,5.3443117
3792,27/5/2018,15:57:48,51.541065,-0.030408,0.11,11.3,517,0.0496242925302786,27.74634146341464,6.291449021638997,4.786723929475958,12.087495755719388,8.630144970607638e-09,0.5714515,-0.86138475,9.928661,10.583021,5.559746
3793,27/5/2018,15:57:48,51.541065,-0.030408,0.11,11.5,520,0.1090227742471362,27.75365853658537,6.457567494294477,4.511122822660995,12.242794301938016,8.938826113584432e-09,0.44840714,-0.29225433,10.229504,10.104581,5.5042124
3794,27/5/2018,15:57:49,51.541065,-0.030408,0.06,11.5,516,0.0298247986246594,27.7609756097561,6.626472669449182,4.250588671174439,12.542096240929942,9.204464021596036e-09,0.66072387,-0.86550355,9.917214,10.628157,5.6235003
3795,27/5/2018,15:57:49,51.541065,-0.030408,0.06,11.8,519,0.089223280341517,27.76829268292683,6.795377844603887,3.990054519687883,12.841398179921867,9.470101929607642e-09,0.38918683,-0.5171531,10.109193,10.207207,5.4204707
3796,27/5/2018,15:57:50,51.541065,-0.030407,0.15,11.8,517,0.0496242925302786,27.775609756097563,9.00678306172955,4.168351195998822,13.03865099706266,8.791186172576331e-09,0.54407054,-0.8807567,9.898249,10.559614,5.5110283
3797,27/5/2018,15:57:51,51.541065,-0.030407,0.07,11.8,519,0.089223280341517,27.78292682926829,12.464670169122774,4.614454319556081,13.173626027328888,7.535835157935077e-09,0.26445457,-0.5386242,10.013404,10.276124,5.3183255
3798,27/5/2018,15:57:51,51.541065,-0.030407,0.07,12.0,524,0.1882207498696129,27.790243902439027,15.922557276516,5.060557443113341,13.30860105759512,6.280484143293824e-09,-0.0019701952,-0.14651021,10.220896,9.780961,5.1196847
3799,27/5/2018,15:57:52,51.541065,-0.030406,0.04,12.0,519,0.089223280341517,27.79756097560976,18.819783781724272,5.464715589494008,13.454898623410088,5.596073066891796e-09,0.06048694,-0.74544215,9.8672495,10.3055935,5.1148534
3800,27/5/2018,15:57:52,51.541065,-0.030406,0.04,12.0,529,0.287218219397709,27.80487804878049,21.02513124593966,5.817111849146212,13.6151686799022,5.616226169592164e-09,-0.09218501,0.008656205,10.265976,9.666806,5.151612
3801,27/5/2018,15:57:53,51.541065,-0.030406,0.04,12.0,522,0.1486217620583746,27.81219512195122,23.23047871015397,6.1695081087982455,13.775438736394234,5.636379272292522e-09,-0.31533012,-0.47701976,10.011064,9.970165,4.7941933
3802,27/5/2018,15:57:53,51.541065,-0.030406,0.04,12.0,525,0.2080202437752321,27.819512195121952,23.29819221508449,6.643865060888963,14.198091141256384,6.4688168135947765e-09,-0.33680058,-0.32993874,10.058129,9.845694,4.781071
3803,27/5/2018,15:57:54,51.541065,-0.030405,0.26,12.0,516,0.0298247986246594,27.826829268292684,17.708364022918303,7.441007726539598,15.315174447179936,9.451076620459448e-09,-1.224793,-1.9574233,8.944394,10.78758,3.689493
3804,27/5/2018,15:57:54,51.541065,-0.030405,0.26,12.0,519,0.089223280341517,27.834146341463416,12.118535830752116,8.238150392190233,16.432257753103485,1.2433336427324116e-08,-1.5759292,-1.0706491,9.376504,10.130804,3.3858917
3805,27/5/2018,15:57:55,51.541065,-0.030405,0.24,12.0,514,-0.0097741891865789,27.84146341463415,6.8850879446660604,9.74936757793691,17.77030728741839,1.7278218521165268e-08,-3.0989351,-1.4885447,8.992774,10.441889,2.0162776
3806,27/5/2018,15:57:56,51.541065,-0.030405,0.13,12.0,514,-0.0097741891865789,27.84878048780488,4.829676131382048,17.62837373747655,21.078832273709704,3.8733111653846734e-08,-5.532858,0.7335334,10.110642,8.393708,-0.45409486
3807,27/5/2018,15:57:56,51.541065,-0.030405,0.13,11.9,518,0.0694237864358978,27.856097560975613,2.774264318098034,25.507379897016197,24.387357260001014,6.01880047865282e-08,-6.297075,3.457748,10.361865,5.7204356,-1.2397908
3808,27/5/2018,15:57:57,51.541065,-0.030405,0.2,11.9,513,-0.0295736830921981,27.86341463414634,0.71885250481502,33.386386056552006,27.69588224629073,8.164289791919926e-08,-6.2760267,4.667821,10.473317,4.3803935,-1.536327
3809,27/5/2018,15:57:58,51.541065,-0.030405,0.02,11.9,513,-0.0295736830921981,27.870731707317077,0.5046362694744634,40.74779593014894,28.188890460233765,1.0259979910820981e-07,-6.1206293,5.5818276,10.495448,3.476174,-1.9051372
3810,27/5/2018,15:57:58,51.541065,-0.030405,0.02,12.1,516,0.0298247986246594,27.87804878048781,0.4344744558798151,48.06870927281645,28.461613743333352,1.2351773760236108e-07,-6.230038,6.053402,10.549095,3.1720877,-2.2560482
3811,27/5/2018,15:57:59,51.541065,-0.030405,0.13,12.1,512,-0.0493731769978173,27.885365853658534,0.3643126422851669,55.38962261548396,28.73433702643294,1.4443567609651236e-07,5.0856967,10.156893,10.705149,2.8379092,-2.691695
3812,27/5/2018,15:57:59,51.541065,-0.030405,0.13,12.0,517,0.0496242925302786,27.89268292682927,0.3731436027588768,59.14004421984852,28.90729291839209,1.3731073845696888e-07,5.1172056,10.182707,10.785858,2.733729,-2.8164015
3813,27/5/2018,15:58:0,51.541061,-0.030405,2.19,12.0,512,-0.0493731769978173,27.9,0.4077406505239274,61.72583269305464,29.04770639948808,1.2103869587165218e-07,5.1092224,10.173058,10.792181,2.726495,-2.8251126
3814,27/5/2018,15:58:0,51.541061,-0.030405,2.19,12.2,516,0.0298247986246594,27.90731707317073,0.4423376982889778,64.31162116626075,29.18811988058406,1.047666532863355e-07,5.1132956,10.175165,10.794282,2.7223659,-2.830172
3815,27/5/2018,15:58:1,51.541054,-0.030395,4.0,12.2,512,-0.0493731769978173,27.914634146341463,0.4190431859943058,63.7642605277057,29.713573507986297,1.0242603388344125e-07,5.1112413,10.174296,10.794585,2.7220953,-2.8305862
3816,27/5/2018,15:58:1,51.541054,-0.030395,4.0,12.8,517,0.0496242925302786,27.921951219512195,0.3539389398789382,60.95411529242942,30.5171061163441,1.1014679638837396e-07,5.086127,10.153492,10.78855,2.7298863,-2.8211207
3817,27/5/2018,15:58:2,51.541046,-0.030379,4.43,12.8,513,-0.0295736830921981,27.929268292682927,0.2888346937635391,58.143970057151776,31.320638724702288,1.1786755889331045e-07,5.0991726,10.166627,10.760124,2.7647407,-2.78105
3818,27/5/2018,15:58:3,51.541042,-0.030364,4.56,12.8,515,0.0100253047190402,27.93658536585366,0.2748439774547704,51.92017237896508,30.86367713230706,1.1478031962825924e-07,-6.283746,6.21044,10.614637,3.0117285,-2.4455252
3819,27/5/2018,15:58:4,51.541035,-0.030352,4.54,12.8,515,0.0100253047190402,27.94390243902439,0.3352467839268356,40.72795182452339,28.57212097378397,9.5962503176841e-08,-6.1217194,5.5675125,10.496193,3.4699054,-1.9120741
3820,27/5/2018,15:58:5,51.541027,-0.030341,4.26,12.8,516,0.0298247986246594,27.951219512195124,0.3956495903989008,29.535731270081687,26.280564815260888,7.714468672542275e-08,-6.3248706,4.069217,10.442347,5.047595,-1.379443
3821,27/5/2018,15:58:6,51.541019,-0.030332,2.89,12.8,516,0.0298247986246594,27.958536585365856,0.4514939194877438,21.67933342597148,24.53645717881248,6.541938362874906e-08,-5.9347177,2.4760141,10.175231,6.853246,-0.9561001
3822,27/5/2018,15:58:6,51.541019,-0.030332,2.89,13.6,518,0.0694237864358978,27.965853658536588,0.4924045941627871,24.751151157778736,24.585800809249605,7.692928265347938e-08,-6.252115,3.4005058,10.344107,5.7552505,-1.2228048
3823,27/5/2018,15:58:7,51.541016,-0.030317,4.82,13.6,512,-0.0493731769978173,27.97317073170732,0.5333152688378303,27.822968889585997,24.63514443968673,8.843918167820972e-08,-6.386014,3.8541782,10.465614,5.3124843,-1.3683928
3824,27/5/2018,15:58:8,51.541008,-0.030299,4.46,13.6,514,-0.0097741891865789,27.98048780487805,0.5717472369987063,30.51961003101752,24.65784581193217,9.838043982178741e-08,-6.41376,4.0450144,10.507293,5.099193,-1.4328765
3825,27/5/2018,15:58:9,51.541,-0.030282,4.35,13.6,513,-0.0295736830921981,27.98780487804878,0.5716663026960748,27.38694489951632,24.266593097525,8.394894027457143e-08,-6.4164987,3.8301117,10.481276,5.3627195,-1.3787888
3826,27/5/2018,15:58:10,51.540997,-0.03027,2.93,13.6,515,0.0100253047190402,27.995121951219517,0.5715853683934433,24.254279768015127,23.875340383117837,6.951744072735547e-08,-6.30283,3.189086,10.426183,6.0507803,-1.2473627
3827,27/5/2018,15:58:11,51.540989,-0.030256,5.11,13.6,516,0.0298247986246594,28.002439024390245,0.5715044340908119,21.12161463651393,23.48408766871067,5.508594118013948e-08,-5.9880633,2.2844605,10.209524,7.0168524,-0.9383154
3828,27/5/2018,15:58:11,51.540989,-0.030256,5.11,14.2,518,0.0694237864358978,28.009756097560977,0.7543804489485826,19.885327229714687,23.31809252876284,5.265903125407311e-08,-5.856399,2.0202773,10.111075,7.260533,-0.81306905
3829,27/5/2018,15:58:12,51.540981,-0.03024,4.7,14.2,514,-0.0097741891865789,28.01707317073171,0.9605469956779004,18.89044987069089,23.180772816238385,5.176031295155149e-08,-5.59166,1.1403415,10.040563,8.054033,-0.5718729
3830,27/5/2018,15:58:13,51.54097,-0.030228,4.93,14.2,519,0.089223280341517,28.02439024390244,1.1667135424072184,17.895572511667094,23.043453103713933,5.086159464902988e-08,-5.3741016,1.1558006,9.869764,8.0289345,-0.40738216
3831,27/5/2018,15:58:13,51.54097,-0.030228,4.93,14.0,517,0.0496242925302786,28.03170731707317,1.2007241399742796,18.14306023245566,22.236891632293336,4.8233525411357234e-08,-5.456718,0.96065634,9.940735,8.159608,-0.4360952
3832,27/5/2018,15:58:14,51.540962,-0.030216,4.06,14.0,513,-0.0295736830921981,28.039024390243902,1.165668148320258,18.88896766541523,21.16183960985709,4.4911664461936383e-08,-5.6872616,0.78839934,10.173904,8.354125,-0.5357353
3833,27/5/2018,15:58:15,51.540955,-0.030202,4.2,14.0,513,-0.0295736830921981,28.046341463414635,1.1306121566662195,19.63487509837516,20.086787587420325,4.15898035125139e-08,-5.821761,0.61238444,10.37,8.467634,-0.5446706
3834,27/5/2018,15:58:16,51.540947,-0.030186,5.17,14.0,516,0.0298247986246594,28.053658536585367,1.1527994588903483,19.01497895030361,19.58163233370022,4.006986021882872e-08,-5.738616,0.2246935,10.4268465,8.888852,-0.36084673
3835,27/5/2018,15:58:16,51.540947,-0.030186,5.17,14.8,519,0.089223280341517,28.0609756097561,1.223693212340937,17.2329650938064,19.561383647877697,4.0083109871727955e-08,-5.42835,0.65913856,10.061122,8.478851,-0.3509707
3836,27/5/2018,15:58:17,51.540939,-0.030173,3.89,14.8,515,0.0100253047190402,28.06829268292683,1.2945869657915257,15.450951237309187,19.541134962055175,4.0096359524627176e-08,-4.7474866,-0.059395853,9.828667,9.295645,0.3072625
3837,27/5/2018,15:58:18,51.540939,-0.030159,3.8,14.8,517,0.0496242925302786,28.075609756097563,1.276928787176452,15.004399772128716,19.76099646756729,4.1388777064486325e-08,-4.697466,-0.079635724,9.794916,9.296945,0.3473988
3838,27/5/2018,15:58:18,51.540939,-0.030159,3.8,14.7,518,0.0694237864358978,28.082926829268292,1.1064665329574022,16.862305041531005,20.39518903253926,4.4888510265897196e-08,-5.405973,0.75714254,10.000597,8.413871,-0.3487379
3839,27/5/2018,15:58:19,51.540932,-0.030149,3.57,14.7,514,-0.0097741891865789,28.090243902439028,0.9360042787383523,18.720210310933297,21.02938159751123,4.8388243467308055e-08,-5.6744604,0.7280861,10.188818,8.3626585,-0.5349077
3840,27/5/2018,15:58:20,51.540928,-0.030141,2.69,14.7,514,-0.0097741891865789,28.09756097560976,0.814147264492221,20.236636521836243,21.741501815768903,5.114714184975217e-08,-5.881989,0.94062984,10.322971,8.121675,-0.6599173
3841,27/5/2018,15:58:21,51.540928,-0.030133,2.19,14.7,513,-0.0295736830921981,28.10487804878049,0.8948753715390662,20.329788688138933,22.77842205768385,5.081826385783924e-08,-5.8796344,1.8439071,10.166638,7.4390903,-0.8101818
3842,27/5/2018,15:58:21,51.540928,-0.030133,2.19,14.8,516,0.0298247986246594,28.11219512195122,0.9756034785859112,20.422940854441627,23.815342299598807,5.04893858659263e-08,-5.9127774,2.1081629,10.162213,7.115415,-0.88778913
3843,27/5/2018,15:58:22,51.540928,-0.030128,0.91,14.8,510,-0.0889721648090557,28.119512195121956,1.061913535305674,20.464077847157697,24.80414310655202,5.000434636904359e-08,-5.600743,2.0045936,9.96131,7.284565,-0.7654946
3844,27/5/2018,15:58:23,51.540928,-0.030127,0.15,14.8,511,-0.0691726709034365,28.126829268292685,1.420270191869107,17.970159537749826,23.44775460962205,4.1908488261664045e-08,-5.2728024,1.2252953,9.749732,7.9998703,-0.49808303
3845,27/5/2018,15:58:23,51.540928,-0.030127,0.15,14.5,515,0.0100253047190402,28.134146341463417,1.7786268484325398,15.476241228341951,22.09136611269209,3.381263015428449e-08,-5.0487847,1.0247111,9.594584,8.220316,-0.20882317
3846,27/5/2018,15:58:24,51.540928,-0.030128,0.87,14.5,510,-0.0889721648090557,28.14146341463415,2.136983504995973,12.98232291893408,20.734977615762126,2.571677204690494e-08,-4.3868613,0.2698134,9.30918,9.010235,0.39954945
3847,27/5/2018,15:58:25,51.540928,-0.030134,0.17,14.5,511,-0.0691726709034365,28.14878048780488,2.136651419614215,11.467623394182493,19.273659038408766,2.322689458822364e-08,-3.4432838,-1.279325,9.131185,10.31342,1.6955496
3848,27/5/2018,15:58:25,51.540928,-0.030134,0.17,14.1,514,-0.0097741891865789,28.15609756097561,2.071382647153083,10.13020075706584,17.79334401371652,2.1751918821699736e-08,-3.1746109,-1.4547343,9.043103,10.439913,1.9741987
3849,27/5/2018,15:58:26,51.540928,-0.030133,0.17,14.1,514,-0.0097741891865789,28.163414634146346,2.006113874691919,8.792778119948542,16.313028989023557,2.027694305517512e-08,-2.470189,-1.9272615,9.086137,10.84689,2.7595875
3850,27/5/2018,15:58:26,51.540928,-0.030133,0.17,14.7,514,-0.0097741891865789,28.170731707317078,2.2451399846184974,8.263046231911805,15.388328191927588,1.809843537629913e-08,-2.3397183,-2.0038226,9.142383,10.985933,2.9171503
3851,27/5/2018,15:58:27,51.540928,-0.030134,0.04,14.7,510,-0.0889721648090557,28.178048780487806,2.631804451267019,8.125191243013393,14.73320133866557,1.5578586776320655e-08,-1.5783165,-3.1873136,8.615832,11.718173,3.1048415
3852,27/5/2018,15:58:28,51.540928,-0.030134,0.0,14.7,510,-0.0889721648090557,28.18536585365854,3.0184689179155404,7.987336254114981,14.078074485403553,1.3058738176342188e-08,-1.1526151,-3.1930726,8.673284,11.847911,3.3484654
3853,27/5/2018,15:58:29,51.540928,-0.030134,0.17,14.7,511,-0.0691726709034365,28.19268292682927,3.1872942958526624,9.019381197155557,15.30707445003305,1.6364394197491456e-08,-2.6434495,-2.2910085,9.052197,11.220525,2.6404974
3854,27/5/2018,15:58:30,51.540928,-0.030139,1.3,14.7,511,-0.0691726709034365,28.200000000000003,3.1382147129624864,11.221679836853664,18.42077097153364,2.5497316407528576e-08,-3.4589207,-1.3516748,9.173804,10.382307,1.7231258
3855,27/5/2018,15:58:30,51.540928,-0.030139,1.3,14.8,517,0.0496242925302786,28.20731707317073,3.0891351300723104,13.423978476551769,21.534467493034235,3.4630238617565696e-08,-3.8341424,0.37794626,9.122967,8.885466,0.8682604
3856,27/5/2018,15:58:31,51.540928,-0.030141,0.15,14.8,509,-0.1087716587146749,28.214634146341464,3.100694928590836,14.995513587506435,23.66203208703784,3.9259472033748584e-08,-4.830368,0.8504278,9.393434,8.415619,-0.19393183
3857,27/5/2018,15:58:32,51.540924,-0.03014,0.39,14.8,510,-0.0889721648090557,28.2219512195122,3.237323451264792,15.266098920430451,23.75569958058263,3.459984731261648e-08,-4.8455667,0.87822026,9.41684,8.384757,-0.21401362
3858,27/5/2018,15:58:32,51.540924,-0.03014,0.39,15.0,517,0.0496242925302786,28.229268292682928,3.373951973938748,15.536684253354473,23.849367074127414,2.9940222591484384e-08,-4.867609,1.2636579,9.409253,7.995365,-0.12862387
3859,27/5/2018,15:58:33,51.540924,-0.030136,0.26,15.0,510,-0.0889721648090557,28.23658536585366,3.6304510837173423,15.35239104675595,23.59905087099694,2.542078083086669e-08,-4.888931,0.8935771,9.416644,8.386157,-0.21821138
3860,27/5/2018,15:58:34,51.54092,-0.030135,0.41,15.0,509,-0.1087716587146749,28.243902439024392,4.549847556732628,12.652570122092383,21.446467472633707,2.1676566064128583e-08,-4.404028,0.4307371,9.227829,8.90195,0.31912497
3861,27/5/2018,15:58:34,51.54092,-0.030135,0.41,15.6,513,-0.0295736830921981,28.251219512195124,5.469244029747912,9.952749197428815,19.29388407427047,1.7932351297390483e-08,-3.1817887,-1.307673,8.966844,10.331391,1.8757358
3862,27/5/2018,15:58:35,51.54092,-0.030137,0.07,15.6,508,-0.1285711526202941,28.258536585365857,6.388640502763199,7.252928272765249,17.141300675907235,1.4188136530652374e-08,-2.1339912,-3.424041,7.7286963,11.49949,2.6582127
3863,27/5/2018,15:58:35,51.54092,-0.030137,0.07,15.7,512,-0.0493731769978173,28.26585365853659,6.958132888940205,6.556580353430648,15.90491591392839,1.2167172917264905e-08,-1.5689867,-3.025007,8.072681,11.33767,3.3168616
3864,27/5/2018,15:58:36,51.54092,-0.030137,0.06,15.7,508,-0.1285711526202941,28.27317073170732,7.5203907206290594,5.901655884599664,14.68747431153577,1.0181838937352725e-08,-1.6206166,-3.747926,7.8525457,12.003608,3.1526752
3865,27/5/2018,15:58:37,51.54092,-0.030135,0.02,15.7,509,-0.1087716587146749,28.28048780487805,8.082648552318187,5.2467314157683616,13.47003270914256,8.196504957439579e-09,-0.25976723,-4.2232857,7.9077787,12.609745,4.340149
3866,27/5/2018,15:58:37,51.54092,-0.030135,0.02,15.8,513,-0.0295736830921981,28.28780487804878,7.760732758245013,4.987534288450899,12.94870876969298,7.466928677460424e-09,0.21235447,-4.0685306,8.006593,12.454616,4.9480786
3867,27/5/2018,15:58:38,51.54092,-0.030135,0.02,15.8,509,-0.1087716587146749,28.295121951219517,7.22647605404789,4.823374042363107,12.594562694178626,7.038932002583429e-09,0.057456035,-4.3234663,7.972032,12.733818,4.5804024
3868,27/5/2018,15:58:39,51.54092,-0.030133,0.3,15.8,510,-0.0889721648090557,28.30243902439025,6.692219349850766,4.659213796275316,12.240416618664272,6.610935327706434e-09,0.23828144,-4.3243995,7.9870048,12.773029,4.7442293
3869,27/5/2018,15:58:39,51.54092,-0.030133,0.3,15.3,513,-0.0295736830921981,28.309756097560975,6.0499325390084575,5.098601348958545,12.322023069814712,7.094529027069849e-09,0.48207867,-4.0245695,8.127973,12.574848,5.0899987
3870,27/5/2018,15:58:40,51.54092,-0.030124,2.85,15.3,511,-0.0691726709034365,28.31707317073171,5.345000134917037,5.887980316834841,12.656318112973796,8.106744992650528e-09,0.012749307,-3.7345064,8.3897085,12.377476,4.4740677
3871,27/5/2018,15:58:41,51.540916,-0.030116,2.63,15.3,509,-0.1087716587146749,28.32439024390244,4.640067730825617,6.6773592847111365,12.99061315613288,9.118960958231209e-09,-0.33028844,-3.3929,8.600585,12.204155,3.9711092
3872,27/5/2018,15:58:42,51.540909,-0.030108,2.87,15.3,511,-0.0691726709034365,28.33170731707317,4.277213484775724,7.470346560916247,13.492993094206035,1.1034648966925104e-08,-0.49603838,-3.25058,8.695651,12.024503,3.7783303
3873,27/5/2018,15:58:43,51.540901,-0.030103,3.19,15.3,516,0.0298247986246594,28.339024390243903,4.316638651553814,8.26757716023914,14.193038657055284,1.4012808210531925e-08,-1.594122,-1.7737006,9.29044,10.866241,3.4010901
3874,27/5/2018,15:58:43,51.540901,-0.030103,3.19,15.2,514,-0.0097741891865789,28.346341463414635,4.356063818331903,9.064807759562033,14.893084219904528,1.6990967454138745e-08,-2.473143,-2.0494902,9.219314,11.075432,2.87204
3875,27/5/2018,15:58:44,51.540894,-0.030103,3.85,15.2,508,-0.1285711526202941,28.353658536585368,4.642880421768084,9.390120956120128,15.295279302070131,1.8651733176871767e-08,-2.825107,-2.2845173,8.969419,11.313233,2.555489
3876,27/5/2018,15:58:45,51.540882,-0.030104,4.33,15.2,509,-0.1087716587146749,28.3609756097561,5.546803398103564,8.53825825418206,14.954500285035108,1.7026322351501223e-08,-1.648659,-3.1917596,8.633591,11.695114,3.0066566
3877,27/5/2018,15:58:46,51.540871,-0.030108,4.56,15.2,509,-0.1087716587146749,28.368292682926832,6.450726374439045,7.686395552243991,14.613721268000084,1.5400911526130682e-08,-1.5868909,-3.4080982,8.437501,11.813594,3.124393
3878,27/5/2018,15:58:46,51.540871,-0.030108,4.56,15.1,514,-0.0097741891865789,28.375609756097564,7.250651918306209,6.898586431082149,14.323333942086771,1.381615121284962e-08,-0.7816565,-3.0891368,8.477211,11.485012,4.07214
3879,27/5/2018,15:58:47,51.540855,-0.030109,4.37,15.1,508,-0.1285711526202941,28.382926829268293,7.2323992702791955,6.614705547954653,14.429392775947743,1.2551200357279364e-08,-1.564035,-3.7403963,7.9514513,11.997134,3.1506119
3880,27/5/2018,15:58:48,51.540848,-0.030109,4.37,15.1,509,-0.1087716587146749,28.390243902439025,7.214146622252174,6.330824664827019,14.535451609808767,1.1286249501708493e-08,-1.600684,-3.7176251,7.8922215,11.979633,3.1301818
3881,27/5/2018,15:58:48,51.540848,-0.030109,4.37,14.3,513,-0.0295736830921981,28.39756097560976,7.195893974225151,6.046943781699385,14.641510443669793,1.0021298646137625e-08,-0.97011554,-3.3454666,8.08227,11.552739,3.9877276
3882,27/5/2018,15:58:49,51.540836,-0.030108,4.93,14.3,509,-0.1087716587146749,28.40487804878049,6.603232358650411,6.004061558096635,14.713929285706357,9.274008588432248e-09,-1.5982026,-3.7349641,7.8580093,11.993599,3.1518319
3883,27/5/2018,15:58:50,51.540821,-0.030106,5.22,14.3,510,-0.0889721648090557,28.41219512195122,5.9735031544070605,5.976731388319042,14.784177281794802,8.560124063386051e-09,-1.5811907,-3.691789,7.8657274,11.929344,3.1651204
3884,27/5/2018,15:58:50,51.540821,-0.030106,5.22,14.8,514,-0.0097741891865789,28.419512195121957,5.34377395016371,5.949401218541449,14.85442527788325,7.846239538339856e-09,-0.95666903,-3.274372,8.104087,11.503228,3.9723732
3885,27/5/2018,15:58:51,51.54081,-0.030105,4.57,14.8,510,-0.0889721648090557,28.42682926829269,4.996852457000783,6.1310163203950765,15.205124563194891,8.308245745640891e-09,-1.637616,-3.643559,7.863504,11.882473,3.1062663
3886,27/5/2018,15:58:52,51.540798,-0.030103,4.67,14.8,511,-0.0691726709034365,28.434146341463418,4.736330477702401,6.37646550168121,15.64150346084454,9.129493881828841e-09,-1.606247,-3.3336613,7.954614,11.577611,3.2560594
3887,27/5/2018,15:58:52,51.540798,-0.030103,4.67,14.9,514,-0.0097741891865789,28.441463414634143,4.475808498404144,6.621914682967224,16.077882358493977,9.95074201801639e-09,-1.5361784,-2.4679842,8.331336,10.958994,3.3735895
3888,27/5/2018,15:58:53,51.540787,-0.030102,4.33,14.9,509,-0.1087716587146749,28.44878048780488,4.468186066644983,6.807410173897648,16.17836792262362,1.0555705332173692e-08,-1.8654214,-3.5082722,7.9253135,11.788655,2.9298272
3889,27/5/2018,15:58:54,51.540775,-0.030101,4.83,14.9,510,-0.0889721648090557,28.45609756097561,4.634432073818867,6.951687502708563,16.047926819958487,1.1011972831185064e-08,-1.8171747,-3.4500575,7.968276,11.737443,3.003542
3890,27/5/2018,15:58:54,51.540775,-0.030101,4.83,15.2,514,-0.0097741891865789,28.463414634146343,4.800678080992752,7.095964831519478,15.917485717293353,1.1468240330196441e-08,-1.5569758,-2.4048698,8.434035,10.911629,3.388743
3891,27/5/2018,15:58:55,51.540764,-0.030102,4.69,15.2,509,-0.1087716587146749,28.470731707317075,4.780916581066596,7.0581776845240025,15.727039389711566,1.1723702514927391e-08,-1.798126,-3.4764338,7.9574256,11.823815,2.9802804
3892,27/5/2018,15:58:56,51.540749,-0.030101,5.2,15.2,510,-0.0889721648090557,28.478048780487807,4.503441109889812,6.768139648221712,15.453455639075449,1.1700948321200006e-08,-1.7342494,-3.5304356,7.940199,11.833556,3.0282562
3893,27/5/2018,15:58:56,51.540749,-0.030101,5.2,15.3,513,-0.0295736830921981,28.48536585365854,4.225965638713026,6.478101611919421,15.17987188843933,1.1678194127472618e-08,-1.1242849,-3.18965,8.104854,11.444909,3.8046005
3894,27/5/2018,15:58:57,51.540737,-0.030103,5.02,15.3,513,-0.0295736830921981,28.49268292682927,4.010055902164144,6.392577893694733,15.236576876935189,1.2157427425209121e-08,-1.1858833,-3.1530123,8.087364,11.410404,3.7422287
3895,27/5/2018,15:58:58,51.540726,-0.030107,4.74,15.3,510,-0.0889721648090557,28.5,3.98304619640112,6.934558439237581,16.30669546907447,1.417689171612217e-08,-1.8426175,-3.4508605,7.9462852,11.750685,2.9763482
3896,27/5/2018,15:58:58,51.540726,-0.030107,4.74,15.1,514,-0.0097741891865789,28.50731707317073,3.956036490638084,7.476538984780693,17.37681406121427,1.6196356007036203e-08,-1.9848915,-1.9994087,8.501864,10.590969,2.962837
3897,27/5/2018,15:58:59,51.540714,-0.030105,4.76,15.1,509,-0.1087716587146749,28.514634146341464,3.973539069590171,7.96078741591259,18.322136089869616,1.7938326361754053e-08,-2.4136882,-3.137446,7.7191505,11.025045,2.3332725
3898,27/5/2018,15:59:0,51.540703,-0.030099,4.98,15.1,510,-0.0889721648090557,28.5219512195122,4.5612449450191335,7.705486256172343,17.66881153493047,1.6125593600600508e-08,-2.3543494,-3.1196883,7.7709203,11.101586,2.4085248
3899,27/5/2018,15:59:0,51.540703,-0.030099,4.98,14.8,515,0.0100253047190402,28.52926829268293,5.148950820448096,7.450185096432096,17.015486979991323,1.4312860839446962e-08,-1.8781188,-1.9300579,8.6350765,10.56164,3.0894752
3900,27/5/2018,15:59:1,51.540691,-0.030089,4.85,14.8,509,-0.1087716587146749,28.53658536585366,5.736656695877058,7.194883936691849,16.362162425052173,1.2500128078293416e-08,-1.9189326,-3.474775,7.9033284,11.748275,2.9044685
3901,27/5/2018,15:59:2,51.540684,-0.030081,4.91,14.8,509,-0.1087716587146749,28.543902439024397,6.171552601929275,6.53808269201352,14.9594310525024,1.0490637781337844e-08,-1.6736625,-3.6613073,7.920552,11.95043,3.0778043
3902,27/5/2018,15:59:2,51.54068,0.033333,4.91,43.0,511,-0.0691726709034365,28.551219512195125,6.5892840453039465,5.83618273256508,13.472522152768768,8.459046587473686e-09,-0.09997652,-3.7449527,8.300492,12.304735,4.441433
3903,27/5/2018,15:59:3,51.540672,-0.030075,4.74,43.0,509,-0.1087716587146749,28.558536585365854,7.007015488678414,5.134282773116981,11.985613253035858,6.427455393610514e-09,0.1881794,-4.2482114,8.049538,12.77248,4.6774983
3904,27/5/2018,15:59:4,51.540661,-0.03007,4.61,43.0,510,-0.0889721648090557,28.565853658536582,6.499993007357415,5.520181436920347,12.620967330606993,7.921401379014573e-09,0.0757433,-4.063976,8.128469,12.682596,4.5953455
3905,27/5/2018,15:59:4,51.540661,-0.03007,4.61,13.9,514,-0.0097741891865789,28.57317073170732,5.643297948261141,6.317403955140477,14.05880209647085,1.074844111032837e-08,-0.75649214,-3.0950875,8.520065,11.472991,4.087142
3906,27/5/2018,15:59:5,51.540649,-0.030065,4.72,13.9,509,-0.1087716587146749,28.58048780487805,4.786602889164866,7.114626473360607,15.496636862334713,1.3575480841642171e-08,-1.7744875,-3.5223856,7.991634,11.869688,3.008781
3907,27/5/2018,15:59:6,51.540638,-0.03006,4.89,13.9,511,-0.0691726709034365,28.587804878048782,3.8414296272788895,9.170822926063597,17.29642346301712,1.7739518488093164e-08,-3.0416298,-1.7644184,8.946245,10.705866,2.1730897
3908,27/5/2018,15:59:6,51.540638,-0.03006,4.89,13.3,515,0.0100253047190402,28.595121951219515,2.8245146635962923,12.24784631387131,19.38969523608724,2.2987648065733768e-08,-3.8384664,-0.3171359,9.369652,9.459846,1.002645
3909,27/5/2018,15:59:7,51.540627,-0.030056,4.26,13.3,512,-0.0493731769978173,28.602439024390247,1.807599699913696,15.324869701679024,21.482967009157367,2.823577764337437e-08,-4.6572556,0.5514381,9.447894,8.734763,0.085514106
3910,27/5/2018,15:59:8,51.540615,-0.030049,5.15,13.3,514,-0.0097741891865789,28.60975609756098,1.1180777961171728,18.081204419145585,22.94858855558673,3.556341025699457e-08,-5.509716,1.0707676,9.9888115,8.153715,-0.5146392
3911,27/5/2018,15:59:8,51.540615,-0.030049,5.15,13.0,517,0.0496242925302786,28.617073170731707,0.9653707698424678,20.31171721066157,23.38507411587772,4.6300730809486245e-08,-5.9041004,2.0908675,10.142493,7.178957,-0.8577626
3912,27/5/2018,15:59:9,51.540604,-0.030044,4.74,13.0,513,-0.0295736830921981,28.62439024390244,0.8126637435676887,22.54223000217863,23.821559676168917,5.703805136198312e-08,-6.101761,2.6622639,10.313953,6.673203,-1.0807668
3913,27/5/2018,15:59:10,51.540592,-0.030038,5.11,13.0,516,0.0298247986246594,28.63170731707317,0.7222676369469926,23.658746536132337,23.930223069772826,6.359455364057646e-08,-6.27886,3.0824237,10.414239,6.1470346,-1.2254395
3914,27/5/2018,15:59:10,51.540592,-0.030038,5.11,12.5,518,0.0694237864358978,28.639024390243904,0.8728621070012392,20.46682721302789,22.77101795115808,5.3981533588341415e-08,-5.891586,2.066773,10.148497,7.1940727,-0.8546303
3915,27/5/2018,15:59:11,51.540581,-0.030032,4.76,12.5,518,0.0694237864358978,28.64634146341464,1.0234565770554858,17.274907889923448,21.61181283254334,4.4368513536106355e-08,-5.3910375,0.8706322,9.984141,8.288919,-0.42060184
3916,27/5/2018,15:59:12,51.540569,-0.030026,5.57,12.5,514,-0.0097741891865789,28.653658536585368,1.165595722180292,14.311924762253277,20.525636699588475,3.5290304420603426e-08,-4.506462,0.09284828,9.559097,9.188864,0.44630948
3917,27/5/2018,15:59:12,51.540569,-0.030026,5.57,12.2,517,0.0496242925302786,28.6609756097561,1.0523601242726903,18.26346266928372,21.64514261935658,4.23648992101686e-08,-5.491798,0.88281983,10.03905,8.287515,-0.4494485
3918,27/5/2018,15:59:13,51.540558,-0.030018,4.46,12.2,514,-0.0097741891865789,28.668292682926836,0.9391245263650888,22.21500057631416,22.76464853912469,4.943949399973378e-08,-6.128431,2.595308,10.3055935,6.776434,-1.0553216
3919,27/5/2018,15:59:14,51.54055,-0.030009,4.94,12.2,515,0.0100253047190402,28.67560975609756,0.8258889284575421,26.166538483342684,23.884154458892247,5.6514088789295536e-08,-6.3613315,3.5472777,10.459633,5.565595,-1.3409547
3920,27/5/2018,15:59:14,51.54055,-0.030009,4.94,12.0,515,0.0100253047190402,28.682926829268293,1.0637062594476807,24.162379638617757,23.333356741633395,5.124360137304651e-08,-6.329354,3.1470733,10.434191,6.0990715,-1.2455928
3921,27/5/2018,15:59:15,51.540539,-0.03,4.82,12.0,509,-0.1087716587146749,28.690243902439025,1.3593113525010532,21.177837613806982,22.507605872857084,4.3940956938764295e-08,-5.729571,1.8737838,10.08302,7.3602157,-0.8024617
3922,27/5/2018,15:59:16,51.540527,-0.02999,5.22,12.0,511,-0.0691726709034365,28.69756097560976,1.6549164455544254,18.19329558899622,21.68185500408077,3.6638312504482064e-08,-5.404278,1.0384176,9.942041,8.248374,-0.4989143
3923,27/5/2018,15:59:16,51.540527,-0.02999,5.22,11.3,515,0.0100253047190402,28.70487804878049,1.645696506977426,17.01633319910896,22.128776165000552,3.626944670530067e-08,-5.2679815,0.9619865,9.832991,8.231207,-0.35992903
3924,27/5/2018,15:59:17,51.540516,-0.029982,5.0,11.3,510,-0.0889721648090557,28.712195121951225,1.496470895368638,16.669589384095474,23.160233651934387,3.908525487881938e-08,-5.001324,0.97647524,9.502762,8.299583,-0.30988312
3925,27/5/2018,15:59:18,51.540508,-0.029973,4.63,11.3,514,-0.0097741891865789,28.719512195121958,1.3472452837598496,16.322845569081984,24.191691138868222,4.1901063052338096e-08,-4.9947243,1.2618837,9.46888,8.02929,-0.30907756
3926,27/5/2018,15:59:18,51.540508,-0.029973,4.63,11.4,515,0.0100253047190402,28.726829268292686,1.2175330409847844,16.80015464652209,25.033742037010533,4.359428362100409e-08,-4.997325,1.4847726,9.4488735,7.8302174,-0.29945746
3927,27/5/2018,15:59:19,51.540497,-0.029961,5.07,11.4,513,-0.0295736830921981,28.73414634146341,1.106429382959922,18.063307430319817,25.695168636508992,4.421696804789056e-08,-5.267083,1.7588017,9.677385,7.527721,-0.54565233
3928,27/5/2018,15:59:20,51.540485,-0.029952,4.83,11.4,512,-0.0493731769978173,28.741463414634147,0.995325724935006,19.32646021411816,26.356595236007774,4.483965247477733e-08,-5.543844,2.1063995,9.853356,7.16054,-0.7242159
3929,27/5/2018,15:59:20,51.540485,-0.029952,4.83,11.2,516,0.0298247986246594,28.74878048780488,0.9929540597709215,20.26821330289232,26.72513366428825,4.4646096895522876e-08,-5.6439986,2.4266176,9.901211,6.8544507,-0.7809151
3930,27/5/2018,15:59:21,51.540474,-0.029943,5.24,11.2,510,-0.0889721648090557,28.75609756097561,1.2030929800282366,20.581808702776637,26.52123857883493,4.2857245975995824e-08,-5.5921264,2.1337297,9.874001,7.146979,-0.7430978
3931,27/5/2018,15:59:22,51.540462,-0.029935,4.7,11.2,511,-0.0691726709034365,28.763414634146343,1.4132319002855511,20.895404102660947,26.31734349338161,4.1068395056468786e-08,-5.606212,2.1639993,9.897972,7.1448617,-0.7563147
3932,27/5/2018,15:59:22,51.540462,-0.029935,4.7,10.8,517,0.0496242925302786,28.77073170731708,1.6115217846250578,20.779177834514147,25.97400832279968,3.892923668113406e-08,-5.751947,2.4784834,9.978138,6.8161182,-0.83839417
3933,27/5/2018,15:59:23,51.540451,-0.029927,4.72,10.8,511,-0.0691726709034365,28.778048780487808,1.7498828911495452,18.48904582228874,24.92542810627936,3.5018330981235136e-08,-5.4438767,1.7963864,9.811299,7.4775343,-0.640666
3934,27/5/2018,15:59:24,51.540443,-0.029917,4.85,10.8,511,-0.0691726709034365,28.78536585365854,1.8882439976740324,16.198913810063335,23.876847889759045,3.11074252813362e-08,-4.9291553,0.9661797,9.450893,8.2815075,-0.29457447
3935,27/5/2018,15:59:24,51.540443,-0.029917,4.85,10.1,514,-0.0097741891865789,28.79268292682927,2.0266051041984525,13.90878179783904,22.82826767323924,2.719651958143917e-08,-4.076848,0.6024729,9.062913,8.654481,0.5286226
3936,27/5/2018,15:59:25,51.540432,-0.029908,4.89,10.1,510,-0.0889721648090557,28.8,1.9736426025628977,14.351002618145836,23.04789863014463,2.7204227648347515e-08,-4.774316,0.78035766,9.3594,8.484117,-0.1332364
3937,27/5/2018,15:59:26,51.540421,-0.029903,4.5,10.1,512,-0.0493731769978173,28.807317073170733,1.9190760157979527,14.816131884457082,23.27816245511989,2.724478994653243e-08,-4.7892127,0.83146507,9.405348,8.4170685,-0.15131435
3938,27/5/2018,15:59:26,51.540421,-0.029903,4.5,10.0,516,0.0298247986246594,28.814634146341465,1.8645094290330084,15.281261150768328,23.50842628009516,2.7285352244717343e-08,-4.922899,1.2155594,9.459951,8.058882,-0.18019542
3939,27/5/2018,15:59:27,51.540409,-0.029895,5.22,10.0,510,-0.0889721648090557,28.8219512195122,1.64501278352256,19.131443640039787,24.184415706543867,3.3436037307020364e-08,-5.523857,1.8228036,9.888373,7.44381,-0.69665784
3940,27/5/2018,15:59:28,51.540398,-0.029885,5.15,10.0,512,-0.0493731769978173,28.82926829268293,1.3888920976257104,23.73330430665982,24.95938207239212,4.0943524061998656e-08,-6.135699,2.918633,10.3069,6.4262824,-1.1126502
3941,27/5/2018,15:59:28,51.540398,-0.029885,5.15,10.4,517,0.0496242925302786,28.83658536585366,1.1327714117288603,28.335164973279856,25.73434843824037,4.8451010816976954e-08,-6.328679,3.941284,10.4356,5.189302,-1.3574691
3942,27/5/2018,15:59:29,51.54039,-0.029874,4.82,10.4,512,-0.0493731769978173,28.843902439024397,1.2440000318173572,26.978690445550725,24.57125358281059,4.5899888783075195e-08,-6.407968,3.8068287,10.443328,5.3630757,-1.3434796
3943,27/5/2018,15:59:30,51.540382,-0.029861,3.78,10.4,514,-0.0097741891865789,28.85121951219512,1.557503269758158,22.34136046271134,22.34099843465409,3.7810165707205544e-08,-6.1446104,2.6041992,10.335843,6.7295322,-1.0826654
3944,27/5/2018,15:59:30,51.540382,-0.029861,3.78,10.6,518,0.0694237864358978,28.85853658536585,1.8710065076991111,17.7040304798697,20.1107432864965,2.9720442631331957e-08,-5.470688,0.68799275,10.04187,8.43257,-0.36121508
3945,27/5/2018,15:59:31,51.540375,-0.029848,4.89,10.6,517,0.0496242925302786,28.865853658536587,2.4871266242118684,14.524938372983948,18.85892963456511,2.58986421503187e-08,-4.615326,-0.17690767,9.752803,9.359909,0.43842065
3946,27/5/2018,15:59:32,51.540363,-0.029837,4.5,10.6,520,0.1090227742471362,28.87317073170732,3.442441549152448,12.98034437906345,18.703823732170324,2.6860636921508896e-08,-3.5849109,-0.08101738,9.31628,9.215195,1.204323
3947,27/5/2018,15:59:32,51.540363,-0.029837,4.5,10.0,521,0.1288222681527554,28.88048780487805,4.397756474093026,11.435750385142953,18.54871782977554,2.7822631692699093e-08,-3.3826914,-0.06097691,9.227317,9.131483,1.4097543
3948,27/5/2018,15:59:33,51.540356,-0.029827,4.37,10.0,513,-0.0295736830921981,28.887804878048783,4.977216793178628,10.563401087343482,18.77626926529436,2.9035437987878352e-08,-3.2530894,-1.3461599,9.031383,10.368604,1.8460875
3949,27/5/2018,15:59:34,51.540348,-0.029816,4.52,10.0,519,0.089223280341517,28.895121951219515,4.67174154685841,11.27382670033615,19.904773043576064,3.08387706044969e-08,-3.3736396,-0.04774635,9.211684,9.1199665,1.3984685
3950,27/5/2018,15:59:34,51.540348,-0.029816,4.52,10.1,521,0.1288222681527554,28.902439024390244,4.36626630053834,11.984252313328472,21.033276821857218,3.264210322111458e-08,-3.4700735,0.19192544,9.157356,8.889212,1.2291248
3951,27/5/2018,15:59:35,51.540337,-0.029807,4.7,10.1,515,0.0100253047190402,28.909756097560976,3.995128017390285,13.206516188534854,22.411519753100933,3.462344935502376e-08,-3.9682038,0.49978477,9.04284,8.733121,0.65988064
3952,27/5/2018,15:59:35,51.540337,-0.029807,4.7,10.2,519,0.089223280341517,28.917073170731708,3.1631546030501987,18.020954049461672,25.542477466951897,3.7854126719373445e-08,-5.2164373,1.5986642,9.707674,7.682191,-0.38763925
3953,27/5/2018,15:59:36,51.540329,-0.029799,4.13,10.2,513,-0.0295736830921981,28.92439024390244,2.331181188710113,22.835391910388488,28.673435180802866,4.108480408372312e-08,-5.613056,3.5866282,9.855443,5.649515,-0.8929188
3954,27/5/2018,15:59:36,51.540329,-0.029799,4.13,10.0,517,0.0496242925302786,28.93170731707317,1.4992077743700265,27.649829771315307,31.80439289465383,4.43154814480728e-08,-5.7335696,4.6631064,10.180955,4.3627696,-1.0507485
3955,27/5/2018,15:59:37,51.540318,-0.02979,4.72,10.0,511,-0.0691726709034365,28.939024390243905,1.3930552698467096,26.74570132048664,32.190632640038174,3.8756809329010086e-08,-5.6319876,4.519111,10.049957,4.4873013,-0.923674
3956,27/5/2018,15:59:37,51.540318,-0.02979,4.72,10.4,515,0.0100253047190402,28.94634146341464,1.3240415438009832,25.548965472172934,32.43643075411145,3.2748404088440873e-08,-5.6247993,4.578776,10.062869,4.4006615,-0.9218275
3957,27/5/2018,15:59:38,51.54031,-0.029777,4.78,10.4,510,-0.0889721648090557,28.95365853658537,1.2550278177552567,24.352229623859245,32.68222886818473,2.6739998847871668e-08,-5.5525913,4.5312667,10.011831,4.457805,-0.87799144
3958,27/5/2018,15:59:38,51.54031,-0.029777,4.78,10.6,514,-0.0097741891865789,28.960975609756098,1.4140795231229284,22.0912652334854,32.00448141223496,2.4398203581111112e-08,-5.3835645,3.8594487,9.680426,5.4081635,-0.75888187
3959,27/5/2018,15:59:39,51.540302,-0.029764,4.59,10.6,510,-0.0889721648090557,28.96829268292683,1.6382357987870813,19.52650144002402,31.063094538803345,2.3103095071346226e-08,-4.907686,3.2240055,9.163127,6.105939,-0.576727
3960,27/5/2018,15:59:39,51.540302,-0.029764,4.59,10.7,515,0.0100253047190402,28.97560975609756,1.8623920744512343,16.961737646562636,30.121707665371726,2.1807986561581337e-08,-4.87966,2.6970093,9.097825,6.7117734,-0.33056158
3961,27/5/2018,15:59:40,51.540295,-0.02975,4.63,10.7,510,-0.0889721648090557,28.98292682926829,1.945764810267108,16.166612477139658,30.02777895835786,2.048153427464909e-08,-4.483969,2.8341823,8.677326,6.705452,-0.33155623
3962,27/5/2018,15:59:40,51.540295,-0.02975,4.63,10.6,515,0.0100253047190402,28.990243902439023,1.9370420871575045,16.529120376104522,30.48822648623975,1.913457803146033e-08,-4.855883,2.6946568,9.102635,6.7394543,-0.30812138
3963,27/5/2018,15:59:41,51.540287,-0.029737,5.06,10.6,510,-0.0889721648090557,28.99756097560976,1.9283193640479013,16.891628275069387,30.94867401412164,1.7787621788271577e-08,-4.5400505,2.9318378,8.75069,6.545943,-0.4074489
3964,27/5/2018,15:59:41,51.540287,-0.029737,5.06,10.7,515,0.0100253047190402,29.00487804878049,1.910779011572085,16.99567381114748,30.983946546545297,1.7500014373254666e-08,-4.895804,2.696643,9.107143,6.683697,-0.34285998
3965,27/5/2018,15:59:42,51.540276,-0.029725,4.78,10.7,510,-0.0889721648090557,29.012195121951223,1.8816044587789489,16.758697653136814,30.45823257549548,1.8610138248701758e-08,-4.5391684,2.9086468,8.721494,6.5690155,-0.39793682
3966,27/5/2018,15:59:42,51.540276,-0.029725,4.78,10.6,514,-0.0097741891865789,29.01951219512195,1.8524299059858265,16.521721495126265,29.932518604445917,1.9720262124148304e-08,-4.7839155,2.6229458,9.043734,6.8020005,-0.29099914
3967,27/5/2018,15:59:43,51.540268,-0.029714,3.91,10.6,510,-0.0889721648090557,29.026829268292683,1.7580116097986032,17.384623211731935,30.081428509980192,2.25644201992762e-08,-4.590811,2.9734058,8.775375,6.4926496,-0.4303731
3968,27/5/2018,15:59:43,51.540268,-0.029714,3.91,10.7,515,0.0100253047190402,29.034146341463416,1.475706639086328,21.414915171370087,32.173096910547,3.0402189957946234e-08,-5.327257,3.765834,9.651672,5.5088787,-0.748167
3969,27/5/2018,15:59:44,51.54026,-0.0297,4.82,10.7,511,-0.0691726709034365,29.041463414634148,1.1934016683740527,25.44520713100824,34.26476531111382,3.823995971661625e-08,-5.5720997,4.601972,10.010521,4.372722,-0.8645083
3970,27/5/2018,15:59:44,51.54026,-0.0297,4.82,10.8,517,0.0496242925302786,29.04878048780488,0.9353738497863197,29.17945116067784,36.20056117460112,4.5653457274072084e-08,-5.700111,4.961452,10.156051,4.000977,-0.9633855
3971,27/5/2018,15:59:45,51.540253,-0.029685,4.28,10.8,512,-0.0493731769978173,29.05609756097561,0.940870601840024,29.70014266021429,36.44438578882709,4.8461548518361455e-08,-5.776236,4.9514136,10.195141,4.025226,-1.0473994
3972,27/5/2018,15:59:45,51.540253,-0.029685,4.28,10.5,516,0.0298247986246594,29.063414634146344,0.9463673538937282,30.22083415975074,36.68821040305305,5.126963976265081e-08,-5.735558,4.987586,10.196147,4.0224433,-1.0230379
3973,27/5/2018,15:59:46,51.540249,-0.029671,4.26,10.5,510,-0.0889721648090557,29.07073170731708,0.9518641059474324,30.741525659287195,36.932035017279006,5.407773100694018e-08,-5.811344,4.9546432,10.232821,4.008155,-1.1160251
3974,27/5/2018,15:59:46,51.540249,-0.029671,4.26,10.3,515,0.0100253047190402,29.078048780487805,1.250316653508583,27.23257428970812,35.23144265009183,4.79539736862628e-08,-5.6634917,4.80207,10.147335,4.1889677,-0.99429613
3975,27/5/2018,15:59:47,51.540245,-0.02966,2.93,10.3,510,-0.0889721648090557,29.085365853658537,1.5774036125456157,23.3297530811141,33.34079691382898,4.095718968042959e-08,-5.524387,4.5279655,10.001737,4.459441,-0.8697991
3976,27/5/2018,15:59:47,51.540245,-0.02966,2.93,9.9,514,-0.0097741891865789,29.09268292682927,1.904490571582648,19.426931872520075,31.45015117756613,3.396040567459637e-08,-5.200333,3.4882283,9.470791,5.799567,-0.65956855
3977,27/5/2018,15:59:48,51.540237,-0.029643,4.8,9.9,509,-0.1087716587146749,29.1,2.1489396579563804,17.705675525241528,30.583481192332933,3.2042960951272896e-08,-4.604166,3.011531,8.772783,6.4691978,-0.4428873
3978,27/5/2018,15:59:48,51.540237,-0.029643,4.8,9.7,516,0.0298247986246594,29.107317073170734,2.363985311876027,16.760643117139793,30.08115265079465,3.193279907165445e-08,-4.874746,2.6995733,9.111658,6.7348447,-0.32118908
3979,27/5/2018,15:59:49,51.540234,-0.029626,4.11,9.7,510,-0.0889721648090557,29.114634146341466,2.5790309657956736,15.815610709038058,29.57882410925636,3.1822637192036014e-08,-4.432058,2.7824001,8.657345,6.759772,-0.31813377
3980,27/5/2018,15:59:49,51.540234,-0.029626,4.11,9.5,514,-0.0097741891865789,29.1219512195122,2.9342444818923243,14.203132293534386,27.929443361774204,2.7786512238469228e-08,-4.3109403,1.9988341,8.759002,7.508952,-0.029451435
3981,27/5/2018,15:59:50,51.540234,-0.029615,3.41,9.5,509,-0.1087716587146749,29.12926829268293,3.3977387982718508,12.075046471991897,25.393955564524852,2.071754925109328e-08,-3.5215979,1.9257424,8.072039,8.142659,0.29999015
3982,27/5/2018,15:59:50,51.540234,-0.029615,3.41,9.9,513,-0.0295736830921981,29.13658536585366,3.861233114651151,9.94696065045044,22.858467767276736,1.364858626372076e-08,-3.174256,0.9781588,8.310692,8.75236,0.9465671
3983,27/5/2018,15:59:51,51.540234,-0.029602,3.65,9.9,509,-0.1087716587146749,29.14390243902439,4.23012793879598,8.363901103437987,20.90318415572472,8.968613272921321e-09,-2.5538003,-2.9252224,7.714268,10.537119,2.0192895
3984,27/5/2018,15:59:51,51.540234,-0.029602,3.65,9.8,513,-0.0295736830921981,29.151219512195123,4.451542703480302,7.630534355788647,19.852435502918414,8.013061824169369e-09,-2.4057977,-1.5631024,8.220506,10.304916,2.4526887
3985,27/5/2018,15:59:52,51.540234,-0.029588,3.32,9.8,509,-0.1087716587146749,29.15853658536585,4.672957468164624,6.897167608139307,18.80168685011212,7.057510375417418e-09,-2.3979323,-3.1818871,7.6640744,11.073118,2.339561
3986,27/5/2018,15:59:52,51.540234,-0.029588,3.32,9.7,513,-0.0295736830921981,29.165853658536587,4.8918149668451125,6.243963585012257,17.84258292983762,6.284875318387229e-09,-1.8226011,-2.494077,8.068811,10.805597,3.0549083
3987,27/5/2018,15:59:53,51.54023,-0.029573,3.19,9.7,510,-0.0889721648090557,29.17317073170732,5.101465952241991,5.879356519361934,17.213412792815365,6.170764711943081e-09,-1.9814653,-3.3989468,7.7368603,11.632003,2.9167843
3988,27/5/2018,15:59:53,51.54023,-0.029573,3.19,10.0,513,-0.0295736830921981,29.18048780487805,5.311116937638869,5.514749453711612,16.584242655793112,6.056654105498934e-09,-1.6399325,-2.7338195,8.053195,11.10857,3.3378608
3989,27/5/2018,15:59:54,51.540222,-0.02956,3.94,10.0,509,-0.1087716587146749,29.187804878048784,5.5324560738421,5.174496214171845,15.980332594455035,5.927054957139628e-09,-1.8139457,-3.6379747,7.739621,11.817648,3.0025704
3990,27/5/2018,15:59:54,51.540222,-0.02956,3.94,9.9,512,-0.0493731769978173,29.195121951219512,6.007801621380012,5.36349931937854,15.925373456226133,5.460859454587259e-09,-1.4781755,-3.0818272,7.9759793,11.359077,3.4483528
3991,27/5/2018,15:59:55,51.540218,-0.029545,3.76,9.9,508,-0.1285711526202941,29.202439024390245,6.483147168918155,5.552502424585327,15.8704143179972,4.994663952034664e-09,-1.853753,-3.6950192,7.736974,11.821717,2.9574275
3992,27/5/2018,15:59:55,51.540218,-0.029545,3.76,10.2,512,-0.0493731769978173,29.209756097560977,6.958492716456298,5.741505529792113,15.81545517976827,4.528468449482068e-09,-1.4841413,-3.0904546,7.987831,11.346012,3.4339774
3993,27/5/2018,15:59:56,51.540211,-0.029531,3.54,10.2,508,-0.1285711526202941,29.21707317073171,6.580628665186815,6.451409671120141,17.274406486077304,5.748439667448693e-09,-2.0523791,-3.5305412,7.7045484,11.629953,2.776251
3994,27/5/2018,15:59:56,51.540211,-0.029531,3.54,9.4,513,-0.0295736830921981,29.22439024390244,6.075946170336881,7.238738936066866,18.958380772161533,7.219037506836645e-09,-2.184756,-1.9403299,8.179747,10.498153,2.6640897
3995,27/5/2018,15:59:57,51.540203,-0.029518,3.91,9.4,509,-0.1087716587146749,29.231707317073173,5.571263675486946,8.02606820101359,20.64235505824577,8.689635346224598e-09,-2.5483296,-2.966496,7.691288,10.651303,2.0798569
3996,27/5/2018,15:59:57,51.540203,-0.029518,3.91,8.8,515,0.0100253047190402,29.239024390243905,5.249874160329651,8.74016944487316,21.913040630910785,9.574994708860234e-09,-2.5924668,-1.0937907,8.224022,9.921311,2.0425313
3997,27/5/2018,15:59:58,51.540188,-0.029504,4.69,8.8,509,-0.1087716587146749,29.24634146341464,5.008089120090796,9.422467625801817,23.004234162600618,1.0206183935127e-08,-3.0489051,1.6789638,7.7777643,8.845571,0.75388867
3998,27/5/2018,15:59:58,51.540188,-0.029504,4.69,8.3,514,-0.0097741891865789,29.25365853658537,4.766304079852058,10.104765806730144,24.095427694289924,1.0837373161393455e-08,-3.1988204,0.9682248,8.355308,8.709596,0.9572642
3999,27/5/2018,15:59:59,51.54018,-0.0295,3.11,8.3,508,-0.1285711526202941,29.2609756097561,4.830722886955468,10.163558656725348,24.066761572119876,1.074635687961059e-08,-3.1358309,1.7319113,7.8442574,8.696027,0.65660363
4000,27/5/2018,15:59:59,51.54018,-0.0295,3.11,6.8,513,-0.0295736830921981,29.26829268292683,5.1735088280061845,9.655528478599653,23.020041219168863,9.998790135964911e-09,-3.1238608,0.9496722,8.304603,8.772894,0.98247576
4001,27/5/2018,16:0:0,51.540173,-0.02949,3.59,6.8,508,-0.1285711526202941,29.275609756097563,5.516294769056901,9.147498300473956,21.97332086621785,9.25122339231923e-09,-2.9840708,1.6151605,7.7446494,9.001594,0.8523596
4002,27/5/2018,16:0:0,51.540173,-0.02949,3.59,6.7,513,-0.0295736830921981,29.28292682926829,5.564864659590999,8.822074672644801,21.351875844733183,9.615174018942566e-09,-2.5378678,-1.2002234,8.169868,9.99404,2.0531707
4003,27/5/2018,16:0:1,51.540161,-0.029477,2.96,6.7,508,-0.1285711526202941,29.290243902439027,5.068030594529969,8.835158528259987,21.51878634495268,1.2039603567069113e-08,-2.966575,1.5864064,7.7241325,9.049977,0.89147866
4004,27/5/2018,16:0:1,51.540161,-0.029477,2.96,7.1,514,-0.0097741891865789,29.29756097560976,4.5711965294689385,8.848242383875172,21.685696845172178,1.4464033115195654e-08,-2.5709677,-1.1612042,8.206506,9.95694,2.0418153
4005,27/5/2018,16:0:2,51.540154,-0.029466,3.56,7.1,511,-0.0691726709034365,29.30487804878049,4.138644765971575,8.811727455065666,21.743540412046407,1.6220009572761047e-08,-2.617066,-1.2410924,8.01121,10.054914,1.950799
4006,27/5/2018,16:0:2,51.540154,-0.029466,3.56,7.3,514,-0.0097741891865789,29.31219512195122,4.004942575242448,8.544626887992248,21.294329849860382,1.4868335624687661e-08,-2.5652683,-1.1769532,8.2065115,9.978918,2.0737586
4007,27/5/2018,16:0:3,51.540146,-0.029453,4.06,7.3,510,-0.0889721648090557,29.319512195121952,3.871240384513256,8.2775263209187,20.845119287674148,1.3516661676613616e-08,-2.5545292,-2.8921392,7.7441044,10.530512,2.047444
4008,27/5/2018,16:0:3,51.540146,-0.029453,4.06,7.5,513,-0.0295736830921981,29.326829268292684,3.7379985856937177,8.011805908697427,20.396632393508312,1.2170126870700654e-08,-2.4620764,-1.4056833,8.187081,10.155481,2.276399
4009,27/5/2018,16:0:4,51.540127,-0.029443,4.44,7.5,508,-0.1285711526202941,29.334146341463416,3.731191915051056,8.12511052274738,20.146882829427856,1.2234928980643981e-08,-2.5323453,-3.003443,7.6819763,10.723294,2.1212664
4010,27/5/2018,16:0:4,51.540127,-0.029443,4.44,8.7,513,-0.0295736830921981,29.34146341463415,3.724385244408394,8.238415136797336,19.8971332653474,1.2299731090587306e-08,-2.4485488,-1.4337032,8.228561,10.18733,2.3296824
4011,27/5/2018,16:0:5,51.540119,-0.029423,4.46,8.7,510,-0.0889721648090557,29.34878048780488,3.7175785737657314,8.35171975084729,19.647383701266943,1.2364533200530632e-08,-2.5138166,-3.0073643,7.7005353,10.77309,2.1721323
4012,27/5/2018,16:0:5,51.540119,-0.029423,4.46,8.2,514,-0.0097741891865789,29.356097560975613,3.161789186866514,8.176583054302675,19.098832747943234,1.4378127589108596e-08,-2.3967974,-1.46061,8.370431,10.255708,2.4389277
4013,27/5/2018,16:0:6,51.540104,-0.029412,4.24,8.2,512,-0.0493731769978173,29.363414634146345,2.493744229982747,7.942466097052089,18.48918311287888,1.6790209546678416e-08,-2.1469119,-2.1631138,8.175634,10.593355,2.6826873
4014,27/5/2018,16:0:7,51.540092,-0.029398,4.82,8.2,513,-0.0295736830921981,29.370731707317077,1.825699273099305,7.708349139801616,17.879533477814824,1.9202291504247064e-08,-2.0770898,-2.152394,8.338091,10.626902,2.8137884
4015,27/5/2018,16:0:8,51.540081,-0.029389,5.04,8.2,512,-0.0493731769978173,29.37804878048781,1.393100628413475,9.882986371482296,17.525122417144043,2.4710773743362318e-08,-3.1796618,-1.5465044,9.024442,10.531404,2.0097525
4016,27/5/2018,16:0:9,51.54007,-0.029377,4.82,8.2,513,-0.0295736830921981,29.385365853658534,1.083508457534103,13.316052143754767,17.304058091541883,3.1836938062823894e-08,-4.0554767,-1.0362742,9.629588,10.16824,1.1838915
4017,27/5/2018,16:0:9,51.54007,-0.029377,4.82,6.8,516,0.0298247986246594,29.39268292682927,0.7739162866547308,16.74911791602724,17.08299376593972,3.896310238228545e-08,-5.3347483,-0.42537603,10.386769,9.5156555,0.07852381
4018,27/5/2018,16:0:10,51.540054,-0.029365,4.91,6.8,516,0.0298247986246594,29.4,0.7392460624688577,18.243476560220525,18.044261058719144,4.1615359186452225e-08,-5.6353917,-0.03794506,10.408406,9.190869,-0.16539674
4019,27/5/2018,16:0:10,51.540054,-0.029365,4.91,7.2,515,0.0100253047190402,29.40731707317073,0.9983245224136518,17.666364830231878,20.2688263940258,3.948733394567437e-08,-5.5726523,0.5459023,10.1839905,8.5699835,-0.40258178
4020,27/5/2018,16:0:11,51.540043,-0.029356,5.24,7.2,511,-0.0691726709034365,29.414634146341463,1.2574029823584458,17.08925310024323,22.493391729332465,3.735930870489653e-08,-5.1635704,1.0410413,9.636026,8.226938,-0.37386963
4021,27/5/2018,16:0:11,51.540043,-0.029356,5.24,7.0,514,-0.0097741891865789,29.4219512195122,1.81034946212276,15.99011222259846,23.79863335937801,3.3433327774763184e-08,-4.9609227,1.2263019,9.457537,8.046899,-0.23209193
4022,27/5/2018,16:0:12,51.540031,-0.029348,5.52,7.0,508,-0.1285711526202941,29.429268292682927,3.017227508173165,13.729322866213476,23.058144423453925,2.550643520825904e-08,-4.706212,0.7678065,9.310251,8.534493,-0.07227041
4023,27/5/2018,16:0:12,51.540031,-0.029348,5.52,6.9,513,-0.0295736830921981,29.43658536585366,4.224105554224157,11.468533509827392,22.317655487529475,1.757954264175105e-08,-3.4862955,0.8227618,8.590929,8.730429,0.76799124
4024,27/5/2018,16:0:13,51.540016,-0.029341,5.06,6.9,508,-0.1285711526202941,29.44390243902439,5.31353374461584,9.610917048824628,21.840242498638844,1.0899490576010184e-08,-3.0336668,1.6642543,7.7360244,8.969615,0.83472186
4025,27/5/2018,16:0:13,51.540016,-0.029341,5.06,6.7,513,-0.0295736830921981,29.451219512195124,5.660975070329594,10.300336434646104,23.02480598486641,1.2096325788881625e-08,-3.1602461,1.0044227,8.3015,8.75786,0.9231818
4026,27/5/2018,16:0:14,51.540005,-0.029336,4.82,6.7,507,-0.1483706465259133,29.458536585365856,6.008416396043349,10.98975582046758,24.209369471093986,1.3293161001753062e-08,-3.2408745,1.8010964,7.8815074,8.603493,0.59334075
4027,27/5/2018,16:0:14,51.540005,-0.029336,4.82,6.9,514,-0.0097741891865789,29.465853658536588,6.355857721757104,11.67917520628906,25.39393295732156,1.4489996214624502e-08,-3.764836,1.3432655,8.486183,8.201816,0.4827038
4028,27/5/2018,16:0:15,51.539993,-0.029329,4.5,6.9,507,-0.1483706465259133,29.47317073170732,6.199335378299354,12.8158879403729,26.59765697811892,1.6708825415409473e-08,-3.6786494,2.024482,8.195184,7.911445,0.18014039
4029,27/5/2018,16:0:15,51.539993,-0.029329,4.5,6.9,517,0.0496242925302786,29.48048780487805,6.023594081356414,13.969658471635608,27.80211169726793,1.8966628963189888e-08,-4.364282,1.879194,8.85492,7.6131525,0.08463575
4030,27/5/2018,16:0:16,51.539982,-0.029318,4.74,6.9,507,-0.1483706465259133,29.48780487804878,5.847852784413389,15.123429002898876,29.006566416417527,2.1224432510971402e-08,-4.1567054,2.459766,8.49675,7.1837177,-0.15121295
4031,27/5/2018,16:0:16,51.539982,-0.029318,4.74,7.2,513,-0.0295736830921981,29.495121951219517,6.194459867595596,13.43876857677868,26.904612064235017,1.848199474273185e-08,-4.1194234,1.8983523,8.558769,7.71237,0.0897872
4032,27/5/2018,16:0:17,51.53997,-0.029306,4.46,7.2,508,-0.1285711526202941,29.502439024390245,6.680026615538366,10.999004029938437,23.923057978243754,1.4409349236833366e-08,-3.1919956,1.7614013,7.897819,8.598747,0.5893805
4033,27/5/2018,16:0:17,51.53997,-0.029306,4.46,7.6,512,-0.0493731769978173,29.509756097560977,7.165593363481135,8.559239483098189,20.94150389225249,1.033670373093488e-08,-2.5476415,-1.2518872,8.11335,10.055909,2.0446966
4034,27/5/2018,16:0:18,51.539959,-0.0293,5.26,7.6,508,-0.1285711526202941,29.51707317073171,7.416492379883844,7.270782655588952,19.21963524218531,8.084384119249533e-09,-2.4389436,-3.151731,7.6784697,11.019026,2.3112266
4035,27/5/2018,16:0:18,51.539959,-0.0293,5.26,7.4,512,-0.0493731769978173,29.52439024390244,7.521400215581278,6.6985758731846055,18.2814404398214,6.964523260288761e-09,-1.9324,-2.3767836,8.108763,10.6809025,2.866494
4036,27/5/2018,16:0:19,51.539948,-0.029297,4.89,7.4,508,-0.1285711526202941,29.53170731707317,7.626308051278711,6.12636909078026,17.343245637457485,5.844662401327989e-09,-2.0638187,-3.5436633,7.692556,11.648683,2.7954617
4037,27/5/2018,16:0:19,51.539948,-0.029297,4.89,7.6,513,-0.0295736830921981,29.539024390243902,7.52812166462044,5.852268458504211,16.94284550278305,5.3641167323952954e-09,-1.7013794,-2.6577356,8.063972,10.959491,3.2034483
4038,27/5/2018,16:0:20,51.539932,-0.029298,4.91,7.6,508,-0.1285711526202941,29.546341463414635,7.174664341367608,5.952860100902901,17.218404274886694,5.687132018789002e-09,-2.0381114,-3.5689812,7.6957736,11.664021,2.815017
4039,27/5/2018,16:0:20,51.539932,-0.029298,4.91,7.6,513,-0.0295736830921981,29.553658536585367,6.821207018114775,6.053451743301592,17.49396304699034,6.010147305182709e-09,-1.7936307,-2.576612,8.058214,10.892215,3.1326003
4040,27/5/2018,16:0:21,51.539921,-0.029297,4.91,7.6,509,-0.1087716587146749,29.5609756097561,6.479601554754238,6.058566685958586,17.548281401381995,6.230928201076986e-09,-2.0656435,-3.5370712,7.6976104,11.644609,2.8148854
4041,27/5/2018,16:0:21,51.539921,-0.029297,4.91,7.9,512,-0.0493731769978173,29.56829268292683,6.170090449655826,5.805134579035026,17.003489633595596,6.174862493550697e-09,-1.7146448,-2.780843,8.004717,11.086863,3.1999512
4042,27/5/2018,16:0:22,51.539909,-0.029296,4.96,7.9,509,-0.1087716587146749,29.575609756097563,5.860579344557414,5.551702472111466,16.458697865809196,6.1187967860244095e-09,-1.9104631,-3.5956213,7.7114825,11.729635,2.9132695
4043,27/5/2018,16:0:22,51.539909,-0.029296,4.96,7.9,513,-0.0295736830921981,29.582926829268292,5.581356194983353,5.360107349451984,16.041756735319357,6.1079575731555975e-09,-1.4963895,-2.85832,8.027283,11.218065,3.4513893
4044,27/5/2018,16:0:23,51.539894,-0.029297,5.28,7.9,510,-0.0889721648090557,29.590243902439028,5.586373858789848,5.748828540651696,16.824644662528083,6.521551617838865e-09,-1.9260644,-3.5036864,7.714671,11.645906,2.9229155
4045,27/5/2018,16:0:23,51.539894,-0.029297,5.28,7.7,513,-0.0295736830921981,29.59756097560976,5.59139152259634,6.137549731851219,17.607532589736426,6.935145662521933e-09,-1.800495,-2.530592,8.065854,10.860667,3.1076741
4046,27/5/2018,16:0:24,51.539883,-0.029296,4.56,7.7,508,-0.1285711526202941,29.60487804878049,5.596409186402835,6.526270923050931,18.390420516945152,7.348739707205203e-09,-2.2633445,-3.349358,7.6601486,11.361683,2.5395913
4047,27/5/2018,16:0:24,51.539883,-0.029296,4.56,7.9,513,-0.0295736830921981,29.61219512195122,5.681344975194922,6.902532695639396,18.886724243604142,7.767406595075713e-09,-2.0977013,-2.1637595,8.141183,10.590844,2.7644095
4048,27/5/2018,16:0:25,51.539867,-0.029296,5.13,7.9,508,-0.1285711526202941,29.619512195121956,5.772956970988267,7.277753632275077,19.359087275376897,8.186497258544172e-09,-2.412737,-3.1688914,7.6698456,11.007539,2.2977762
4049,27/5/2018,16:0:25,51.539867,-0.029296,5.13,7.5,513,-0.0295736830921981,29.626829268292685,5.864568966781611,7.65297456891076,19.83145030714965,8.605587922012633e-09,-2.3542452,-1.6205808,8.212804,10.30303,2.4515874
4050,27/5/2018,16:0:26,51.539856,-0.0293,5.11,7.5,509,-0.1087716587146749,29.634146341463417,5.527621350364514,9.483683953237044,21.927661331191786,1.5949652900756663e-08,-2.9867501,1.6182727,7.7436585,8.966226,0.83468926
4051,27/5/2018,16:0:26,51.539856,-0.0293,5.11,7.5,513,-0.0295736830921981,29.64146341463415,5.047445965203677,11.80082826249659,24.56657427600553,2.56080951365381e-08,-3.7070901,1.3379188,8.461471,8.277684,0.52736145
4052,27/5/2018,16:0:27,51.539841,-0.029304,5.37,7.5,508,-0.1285711526202941,29.64878048780488,4.567270580042839,14.117972571756134,27.205487220819272,3.5266537372319535e-08,-3.899224,2.1539555,8.36871,7.5807786,0.016710324
4053,27/5/2018,16:0:27,51.539841,-0.029304,5.37,8.1,518,0.0694237864358978,29.65609756097561,4.331519072421066,15.256482271642485,28.32788786266073,3.921712849230407e-08,-4.4806156,1.9078926,8.952207,7.5250726,0.031154325
4054,27/5/2018,16:0:28,51.539829,-0.029307,4.48,8.1,508,-0.1285711526202941,29.663414634146346,4.275606072439644,15.527794006513858,28.334491995050072,3.896808315764434e-08,-4.15228,2.4401026,8.494331,7.191596,-0.14878014
4055,27/5/2018,16:0:28,51.539829,-0.029307,4.48,8.7,513,-0.0295736830921981,29.670731707317078,4.219693072458222,15.799105741385231,28.341096127439418,3.8719037822984616e-08,-4.534728,2.16375,8.880788,7.3322687,-0.14724393
4056,27/5/2018,16:0:29,51.539818,-0.029308,4.19,8.7,508,-0.1285711526202941,29.678048780487806,4.0522252839149,15.410837012373468,27.83930747407169,3.546105624791252e-08,-4.1329374,2.389686,8.48602,7.274308,-0.11533443
4057,27/5/2018,16:0:29,51.539818,-0.029308,4.19,9.2,513,-0.0295736830921981,29.68536585365854,3.7193096839572064,14.044339149427335,26.583517358044304,2.7740496937906442e-08,-4.138079,1.8670201,8.599546,7.6840744,0.059122227
4058,27/5/2018,16:0:30,51.539806,-0.029311,3.5,9.2,510,-0.0889721648090557,29.69268292682927,3.3863940839995137,12.677841286481204,25.327727242016923,2.0019937627900362e-08,-3.5469794,1.944271,8.079388,8.102001,0.27004045
4059,27/5/2018,16:0:30,51.539806,-0.029311,3.5,9.6,515,0.0100253047190402,29.700000000000003,3.040457985829379,12.029255236383586,24.85536919268583,1.5414267449251317e-08,-3.7415717,1.2274373,8.568112,8.26398,0.5382004
4060,27/5/2018,16:0:31,51.539795,-0.029311,2.83,9.6,511,-0.0691726709034365,29.70731707317073,2.6507654605749664,13.79326933255613,27.015797350346748,2.1276431675094847e-08,-4.0104556,2.0747905,8.451026,7.6498313,0.047768377
4061,27/5/2018,16:0:31,51.539795,-0.029311,2.83,9.8,516,0.0298247986246594,29.714634146341464,2.2610729353207435,15.557283428727818,29.176225508006617,2.713859590093553e-08,-4.5292726,2.1386619,8.93568,7.331372,-0.09358187
4062,27/5/2018,16:0:32,51.539783,-0.029312,4.2,9.8,510,-0.0889721648090557,29.7219512195122,1.918655421789229,17.119013099579746,31.104845771765348,3.2335526626296645e-08,-4.578333,2.9434934,8.778173,6.53315,-0.41244426
4063,27/5/2018,16:0:32,51.539783,-0.029312,4.2,9.7,514,-0.0097741891865789,29.729268292682928,2.374163443960887,15.266509699809648,29.120924691139063,2.6304394620516824e-08,-4.5392947,2.1464195,8.872609,7.350858,-0.10752489
4064,27/5/2018,16:0:33,51.539772,-0.029315,4.69,9.7,509,-0.1087716587146749,29.73658536585366,2.829671466132545,13.414006300039553,27.137003610512785,2.0273262614737003e-08,-3.9083588,2.1202896,8.358919,7.6794453,0.06358899
4065,27/5/2018,16:0:33,51.539772,-0.029315,4.69,9.7,514,-0.0097741891865789,29.743902439024392,3.2851794883042027,11.561502900269456,25.153082529886504,1.4242130608957185e-08,-3.7180178,1.3220209,8.487088,8.234712,0.50403744
4066,27/5/2018,16:0:34,51.539761,-0.029318,4.91,9.7,509,-0.1087716587146749,29.751219512195124,4.423747695937465,10.205115212885724,23.169146915756095,1.4023528936752861e-08,-3.100002,1.6954515,7.848985,8.736557,0.67995286
4067,27/5/2018,16:0:34,51.539761,-0.029318,4.91,9.9,513,-0.0295736830921981,29.758536585365857,5.653226791563595,8.91475731456045,21.1852093673104,1.4578537416857062e-08,-2.5892375,-1.1818306,8.180932,9.981033,2.0228243
4068,27/5/2018,16:0:35,51.539745,-0.029322,4.46,9.9,509,-0.1087716587146749,29.76585365853659,6.882705887189726,7.624399416235176,19.201271818864694,1.5133545896961264e-08,-2.4496496,-3.1180365,7.682497,10.979011,2.290998
4069,27/5/2018,16:0:35,51.539745,-0.029322,4.46,9.8,513,-0.0295736830921981,29.77317073170732,8.099440454119366,7.331230005518739,17.683388715776527,1.5562142904523753e-08,-2.0626533,-2.1615312,8.275424,10.656605,2.851996
4070,27/5/2018,16:0:36,51.539734,-0.029328,4.94,9.8,504,-0.2077691282427709,29.78048780487805,9.310947889689364,7.447054551347592,16.356656487312303,1.5938892614459236e-08,-1.9464633,-3.6212418,7.78024,11.814103,2.8795927
4071,27/5/2018,16:0:37,51.539722,-0.029334,4.57,9.8,507,-0.1483706465259133,29.78780487804878,10.522455325259358,7.562879097176445,15.029924258848078,1.6315642324394716e-08,-1.725109,-3.5542285,8.030821,11.886417,3.0253606
4072,27/5/2018,16:0:38,51.539711,-0.029341,4.93,9.8,511,-0.0691726709034365,29.795121951219517,10.06043383224691,7.552372262222904,14.863243321962042,1.6565866076597535e-08,-1.6216897,-3.2099626,8.444201,11.642006,3.10648
4073,27/5/2018,16:0:39,51.539696,-0.029348,4.54,9.8,511,-0.0691726709034365,29.80243902439025,8.14824096799402,7.432394865648966,15.701787417930468,1.6706450659444553e-08,-1.764833,-3.087555,8.284409,11.519978,3.0500057
4074,27/5/2018,16:0:39,51.539696,-0.029348,4.54,10.3,515,0.0100253047190402,29.809756097560975,6.236048103741132,7.312417469075028,16.54033151389889,1.6847035242291567e-08,-1.6272529,-2.0746148,8.609647,10.68566,3.2489336
4075,27/5/2018,16:0:40,51.539684,-0.029353,4.8,10.3,510,-0.0889721648090557,29.81707317073171,4.743607621594202,7.613439713783908,17.944125986103188,1.6789360894524226e-08,-2.3905065,-3.1236272,7.7522693,11.067365,2.3878706
4076,27/5/2018,16:0:40,51.539684,-0.029353,4.8,10.5,514,-0.0097741891865789,29.82439024390244,3.989805248633694,8.65529486918442,20.34259133313384,1.6382810380995566e-08,-2.5189536,-1.2757759,8.237521,10.05171,2.1501057
4077,27/5/2018,16:0:41,51.539673,-0.029357,4.52,10.5,510,-0.0889721648090557,29.83170731707317,3.2360028756735524,9.697150024584424,22.74105668016332,1.5976259867467098e-08,-3.0373192,1.6465626,7.8040013,8.824677,0.73921955
4078,27/5/2018,16:0:41,51.539673,-0.029357,4.52,10.9,514,-0.0097741891865789,29.839024390243903,2.670206931578745,10.485617091877572,24.574970511223583,1.5353112574046323e-08,-3.3571506,1.0550413,8.408863,8.56916,0.8217277
4079,27/5/2018,16:0:42,51.539665,-0.029359,3.78,10.9,510,-0.0889721648090557,29.846341463414635,2.9113345801740027,10.186542485015956,23.98582923574351,1.3800331901330349e-08,-3.1331706,1.686978,7.8760476,8.707913,0.6742198
4080,27/5/2018,16:0:42,51.539665,-0.029359,3.78,11.4,514,-0.0097741891865789,29.853658536585368,3.1524622287692603,9.88746787815434,23.396687960263435,1.2247551228614377e-08,-3.1661904,0.9529047,8.336301,8.740895,0.97738284
4081,27/5/2018,16:0:43,51.539654,-0.029365,4.35,11.4,509,-0.1087716587146749,29.8609756097561,3.38916239308238,9.598069365384706,22.817839897263667,1.076424482344743e-08,-3.0317035,1.6829072,7.7808723,8.851259,0.75824904
4082,27/5/2018,16:0:43,51.539654,-0.029365,4.35,11.7,513,-0.0295736830921981,29.868292682926832,3.345942386085291,9.92042546160781,22.889762704855915,1.3673330945213109e-08,-3.1840613,0.96771926,8.308751,8.748565,0.95283854
4083,27/5/2018,16:0:44,51.539639,-0.02937,4.17,11.7,509,-0.1087716587146749,29.875609756097564,3.3027223790882023,10.242781557830911,22.96168551244816,1.6582417066978783e-08,-3.0745835,1.6899998,7.8254814,8.765214,0.6990019
4084,27/5/2018,16:0:44,51.539639,-0.02937,4.17,11.6,515,0.0100253047190402,29.882926829268296,3.2595023720911134,10.565137654054016,23.033608320040408,1.9491503188744455e-08,-3.2130659,0.89599216,8.385584,8.750565,1.0073982
4085,27/5/2018,16:0:45,51.539631,-0.029374,4.96,11.6,511,-0.0691726709034365,29.890243902439025,3.1232754577791675,10.951322318710565,23.50955584815389,2.0697650846865333e-08,-3.226219,1.5437012,8.066031,8.629539,0.6759462
4086,27/5/2018,16:0:46,51.539619,-0.02938,4.33,11.6,511,-0.0691726709034365,29.89756097560976,2.969619139188492,11.349468395222353,24.061217217269743,2.1584669487568332e-08,-3.2941933,1.6589613,8.071902,8.458544,0.5403063
4087,27/5/2018,16:0:46,51.539619,-0.02938,4.33,11.9,515,0.0100253047190402,29.90487804878049,2.815962820597816,11.747614471734138,24.612878586385595,2.2471688128271332e-08,-3.6882327,1.2358987,8.527691,8.270422,0.54857874
4088,27/5/2018,16:0:47,51.539612,-0.029383,3.04,11.9,509,-0.1087716587146749,29.91219512195122,2.8808174633943504,11.923616003149036,24.96931862126384,2.1140666333372663e-08,-3.496697,1.9202758,8.047023,8.18824,0.3285302
4089,27/5/2018,16:0:47,51.539612,-0.029383,3.04,12.5,514,-0.0097741891865789,29.919512195121957,3.053890351308308,11.989599745615608,25.22907467257185,1.8711152993626743e-08,-3.7752962,1.3345252,8.518259,8.214884,0.49380904
4090,27/5/2018,16:0:48,51.5396,-0.029388,4.69,12.5,509,-0.1087716587146749,29.92682926829269,3.2269632392222656,12.05558348808218,25.48883072387987,1.6281639653880812e-08,-3.5275445,1.936921,8.063739,8.140399,0.30203825
4091,27/5/2018,16:0:48,51.5396,-0.029388,4.69,12.2,514,-0.0097741891865789,29.934146341463418,3.1750497872849257,12.188153709279344,25.667355756909647,1.5052683235458537e-08,-3.8181617,1.3909477,8.511588,8.172468,0.4590139
4092,27/5/2018,16:0:49,51.539593,-0.029395,3.91,12.2,509,-0.1087716587146749,29.94146341463415,2.893961967809394,12.388549888975874,25.763137689844083,1.5046631609032955e-08,-3.5630004,1.9576871,8.06912,8.093514,0.2679462
4093,27/5/2018,16:0:49,51.539593,-0.029395,3.91,11.7,514,-0.0097741891865789,29.94878048780488,2.6128741483339986,12.588946068672309,25.85891962277847,1.5040579982607373e-08,-3.8635857,1.4552568,8.482334,8.112866,0.40184832
4094,27/5/2018,16:0:50,51.539581,-0.029403,4.39,11.7,511,-0.0691726709034365,29.95609756097561,2.268927838073993,13.808480101162264,27.52744541034618,9.847804011798656e-07,-4.0405025,2.0545766,8.4730215,7.6302423,0.043860573
4095,27/5/2018,16:0:50,51.539581,-0.029403,4.39,11.3,515,0.0100253047190402,29.963414634146343,1.7926245648242745,17.173945246222203,32.507593821399034,3.996449912334865e-06,-4.9372706,2.8273396,9.092541,6.5638204,-0.32974482
4096,27/5/2018,16:0:51,51.53957,-0.029411,4.39,11.3,512,-0.0493731769978173,29.970731707317075,1.3163212915745557,20.539410391282143,37.48774223245189,7.008119423489865e-06,-5.5772986,4.853012,10.065198,4.1147447,-0.8809977
4097,27/5/2018,16:0:51,51.53957,-0.029411,4.39,11.4,516,0.0298247986246594,29.976961451247167,0.9107974767684937,23.40476181939633,41.727832308195865,9.572249837219717e-06,-5.6229258,4.9524403,10.088439,4.027964,-0.8815706
4098,27/5/2018,16:0:52,51.539562,-0.029414,2.83,11.4,510,-0.0889721648090557,29.976961451247167,0.9107974767684937,23.40476181939633,41.727832308195865,9.572249837219717e-06,-5.622632,4.942078,10.092584,4.0233355,-0.8857404
4099,27/5/2018,16:0:52,51.539562,-0.029414,2.83,11.6,515,0.0100253047190402,29.976961451247167,0.9107974767684937,23.40476181939633,41.727832308195865,9.572249837219717e-06,-5.5763516,4.879249,10.078144,4.060361,-0.8764579