Count,Date,Time,Lat,Long,Speed,Altitude,GSR,normalised_gsr,time_audio,rms,centroid_hz,bandwidth_hz,flatness
0,27/5/2018,15:16:37,51.537693,-0.0299,4.7,0.0,565,0.999,0.0,315.74090576171875,23.251969714212308,271.0155354000297,0.0010862461058422923
1,27/5/2018,15:16:37,51.537693,-0.0299,4.7,67.6,563,0.9604010121887616,0.007317073170731708,427.9088707900629,17.758700075071815,217.28281876811423,0.000790789584841161
2,27/5/2018,15:16:38,51.537708,-0.029881,3.11,67.6,563,0.9604010121887616,0.014634146341463415,540.0768358184071,12.265430435931323,163.55010213619875,0.0004953330638400297
3,27/5/2018,15:16:39,51.537716,-0.029865,3.22,67.6,559,0.8812030365662848,0.021951219512195124,652.2448008467511,6.772160796790828,109.81738550428327,0.00019987654283889827
4,27/5/2018,15:16:40,51.537689,-0.029866,6.67,67.6,557,0.8416040487550465,0.02926829268292683,623.8325062321453,4.876861801122177,75.71829593787153,0.00010992700083704759
5,27/5/2018,15:16:41,51.537704,-0.029848,3.46,67.6,557,0.8416040487550465,0.03658536585365854,565.9312654195762,3.7362943943456597,45.73767203424924,6.308581745117605e-05
6,27/5/2018,15:16:47,51.537724,-0.029783,4.85,67.6,541,0.5248121462651393,0.04390243902439025,508.0300246070071,2.5957269875691424,15.757048130626956,1.624463406530455e-05
7,27/5/2018,15:16:48,51.537746,-0.029768,6.02,67.6,539,0.48521315845390095,0.051219512195121955,471.6854628295433,2.2769786003161276,5.312710156549016,6.151990645688885e-10
8,27/5/2018,15:16:49,51.537762,-0.029752,5.11,67.6,541,0.5248121462651393,0.05853658536585366,446.78524766317224,2.394530335902018,5.24010093099562,4.971446817265053e-10
9,27/5/2018,15:16:50,51.537815,-0.029732,8.37,67.6,550,0.7030075914157121,0.06585365853658537,421.8850324968012,2.512082071487908,5.167491705442224,3.7909029888412206e-10
10,27/5/2018,15:16:51,51.537849,-0.029705,7.95,67.6,551,0.7228070853213313,0.07317073170731708,403.6282381807885,2.502833658053704,5.035654641606941,2.911633990458014e-10
11,27/5/2018,15:16:52,51.537853,-0.029711,5.28,67.6,547,0.6436091096988544,0.08048780487804878,392.57371580746116,2.356118542420968,4.839607435513319,2.358983356967622e-10
12,27/5/2018,15:16:53,51.537876,-0.029691,5.15,67.6,542,0.5446116401707585,0.0878048780487805,381.51919343413374,2.209403426788232,4.643560229419696,1.806332723477229e-10
13,27/5/2018,15:16:53,51.537876,-0.029691,5.15,62.3,541,0.5248121462651393,0.0951219512195122,371.8092290119427,2.1263191992676433,4.524905901212742,1.5201149856186044e-10
14,27/5/2018,15:16:54,51.537922,-0.029676,9.28,62.3,541,0.5248121462651393,0.10243902439024391,365.1425955615392,2.1872598926442093,4.58142598037828,1.836953056915653e-10
15,27/5/2018,15:16:55,51.537918,-0.029664,6.15,62.3,544,0.5842106279819969,0.10975609756097561,358.4759621111358,2.2482005860207748,4.637946059543817,2.1537911282127009e-10
16,27/5/2018,15:16:55,51.537918,-0.029664,6.15,51.9,547,0.6436091096988544,0.11707317073170732,352.5875372537752,2.29214679892227,4.679883577544235,2.3971259094402437e-10
17,27/5/2018,15:16:56,51.53793,-0.02965,6.89,51.9,542,0.5446116401707585,0.12439024390243904,351.77073317039304,2.225339210091343,4.626785881587872,2.1614364082261796e-10
18,27/5/2018,15:16:57,51.537933,-0.029637,5.78,51.9,543,0.5644111340763777,0.13170731707317074,350.9539290870108,2.158531621260416,4.573688185631509,1.9257469070121155e-10
19,27/5/2018,15:16:57,51.537933,-0.029637,5.78,50.9,544,0.5842106279819969,0.13902439024390245,350.1371250036286,2.0917240324294886,4.520590489675145,1.690057405798051e-10
20,27/5/2018,15:16:58,51.537949,-0.029621,3.72,50.9,540,0.5050126523595201,0.14634146341463417,360.77910811726645,2.126937066169594,4.525437626118587,1.578232701940927e-10
21,27/5/2018,15:16:59,51.537979,-0.029593,5.85,50.9,542,0.5446116401707585,0.15365853658536585,371.90305345232895,2.166441137437498,4.532721950692268,1.4716178123393645e-10
22,27/5/2018,15:17:0,51.537968,-0.029594,0.94,50.9,546,0.6238096157932352,0.16097560975609757,383.0269987873915,2.205945208705402,4.540006275265947,1.3650029227378014e-10
23,27/5/2018,15:17:0,51.537968,-0.029594,0.94,62.2,546,0.6238096157932352,0.16829268292682928,393.630432691516,2.2401659488857115,4.579796249124147,1.4969600818482863e-10
24,27/5/2018,15:17:1,51.537975,-0.029566,2.37,62.2,545,0.604010121887616,0.175609756097561,404.0923547395846,2.2729503056478597,4.628423559665353,1.6937780132869452e-10
25,27/5/2018,15:17:2,51.537983,-0.029553,2.7,62.2,549,0.6832080975100929,0.1829268292682927,414.55427678765324,2.3057346624100075,4.677050870206559,1.8905959447256043e-10
26,27/5/2018,15:17:3,51.537994,-0.029533,2.54,62.2,546,0.6238096157932352,0.1902439024390244,418.6038716653498,2.2836171446541558,4.697483231019538,2.132081838328697e-10
27,27/5/2018,15:17:4,51.538025,-0.02951,2.28,62.2,547,0.6436091096988544,0.1975609756097561,418.6026599610724,2.2268169183041753,4.700104228671689,2.401785455440206e-10
28,27/5/2018,15:17:5,51.538036,-0.029504,1.22,62.2,541,0.5248121462651393,0.20487804878048782,418.601448256795,2.1700166919541948,4.7027252263238415,2.671489072551715e-10
29,27/5/2018,15:17:6,51.538036,-0.029501,0.28,62.2,544,0.5842106279819969,0.21219512195121953,423.0632249727482,2.164566342428005,4.720177072273319,2.771056473369796e-10
30,27/5/2018,15:17:7,51.538048,-0.029494,1.76,62.2,549,0.6832080975100929,0.21951219512195122,433.2177299522772,2.224614906992841,4.756546285091214,2.653608019349203e-10
31,27/5/2018,15:17:8,51.538063,-0.029481,2.56,62.2,549,0.6832080975100929,0.22682926829268293,443.37223493180625,2.284663471557678,4.792915497909108,2.5361595653286093e-10
32,27/5/2018,15:17:9,51.538052,-0.029482,0.83,62.2,544,0.5842106279819969,0.23414634146341465,451.56926894769435,2.3155781375961246,4.793755513162104,2.352429661763327e-10
33,27/5/2018,15:17:10,51.538059,-0.029475,4.72,62.2,550,0.7030075914157121,0.24146341463414636,454.3665748224026,2.2661262824154673,4.696587429450561,1.98586087323244e-10
34,27/5/2018,15:17:12,51.538006,-0.029468,0.81,62.2,548,0.6634086036044737,0.24878048780487808,457.1638806971108,2.2166744272348105,4.59941934573902,1.619292084701553e-10
35,27/5/2018,15:17:13,51.538021,-0.02945,1.24,62.2,547,0.6436091096988544,0.25609756097560976,459.3574518561363,2.174484024582481,4.510144234405795,1.2698994033683654e-10
36,27/5/2018,15:17:15,51.538017,-0.029449,1.63,62.2,545,0.604010121887616,0.2634146341463415,455.63974118232727,2.2033918895892453,4.498150722117683,1.0886812659186733e-10
37,27/5/2018,15:17:16,51.537971,-0.029442,1.26,62.2,548,0.6634086036044737,0.2707317073170732,451.9220305085182,2.2322997545960095,4.48615720982957,9.074631284689816e-11
38,27/5/2018,15:17:16,51.537971,-0.029442,1.26,59.8,549,0.6832080975100929,0.2780487804878049,448.20431983470917,2.2612076196027737,4.474163697541458,7.262449910192897e-11
39,27/5/2018,15:17:17,51.537968,-0.029432,1.24,59.8,547,0.6436091096988544,0.2853658536585366,433.308258735552,2.2355251664007745,4.461499628907952,6.93843296166709e-11
40,27/5/2018,15:17:17,51.537968,-0.029432,1.24,60.8,547,0.6436091096988544,0.29268292682926833,417.430576336093,2.205048891471514,4.448776675701441,6.745098434366168e-11
41,27/5/2018,15:17:18,51.537975,-0.029417,2.28,60.8,544,0.5842106279819969,0.30000000000000004,401.552893936634,2.1745726165422536,4.43605372249493,6.551763907065248e-11
42,27/5/2018,15:17:18,51.537975,-0.029417,2.28,63.6,545,0.604010121887616,0.3073170731707317,387.1394965939406,2.1484752117905552,4.42778499059018,7.158629830806869e-11
43,27/5/2018,15:17:19,51.537975,-0.0294,5.15,63.6,542,0.5446116401707585,0.3146341463414634,373.22497707459985,2.1238696758610054,4.4210337994248405,8.038121810122577e-11
44,27/5/2018,15:17:19,51.537975,-0.0294,5.15,65.8,544,0.5842106279819969,0.32195121951219513,359.3104575552591,2.0992641399314556,4.4142826082595015,8.917613789438284e-11
45,27/5/2018,15:17:20,51.537979,-0.029381,2.89,65.8,542,0.5446116401707585,0.32926829268292684,355.9358049485742,2.0893865303865815,4.411810490574736,9.513011484773587e-11
46,27/5/2018,15:17:21,51.537987,-0.029371,2.07,65.8,542,0.5446116401707585,0.33658536585365856,360.43195868701474,2.090507224463535,4.412533836265481,9.896257441239977e-11
47,27/5/2018,15:17:21,51.537987,-0.029371,2.07,60.5,545,0.604010121887616,0.34390243902439027,364.92811242545525,2.091627918540489,4.413257181956226,1.0279503397706366e-10
48,27/5/2018,15:17:22,51.538002,-0.029352,4.04,60.5,542,0.5446116401707585,0.351219512195122,374.7098668493877,2.118253852050369,4.42153643037735,9.853464379804039e-11
49,27/5/2018,15:17:22,51.538002,-0.029352,4.04,62.9,544,0.5842106279819969,0.3585365853658537,392.45005412363435,2.18328256084278,4.441192464159556,8.208899690267032e-11
50,27/5/2018,15:17:23,51.538006,-0.029342,2.59,62.9,546,0.6238096157932352,0.3658536585365854,410.19024139788104,2.2483112696351903,4.460848497941763,6.564335000730026e-11
51,27/5/2018,15:17:23,51.538006,-0.029342,2.59,62.7,547,0.6436091096988544,0.37317073170731707,424.48713584644037,2.2929441485441098,4.472153458851662,5.368193131865503e-11
52,27/5/2018,15:17:24,51.538013,-0.029328,3.22,62.7,549,0.6832080975100929,0.3804878048780488,426.9712065487373,2.267605533371823,4.454808590389857,5.710444891590668e-11
53,27/5/2018,15:17:24,51.538013,-0.029328,3.22,62.6,548,0.6634086036044737,0.3878048780487805,429.45527725103426,2.242266918199536,4.437463721928052,6.052696651315832e-11
54,27/5/2018,15:17:25,51.538002,-0.029328,1.78,62.6,546,0.6238096157932352,0.3951219512195122,431.25717099410724,2.2172171536507266,4.4203809432730665,6.386295174447273e-11
55,27/5/2018,15:17:26,51.53801,-0.029313,1.44,62.6,544,0.5842106279819969,0.4024390243902439,420.6990434730925,2.1974009282885714,4.408046838025455,6.563110055364705e-11
56,27/5/2018,15:17:30,51.538025,-0.029269,2.2,62.6,546,0.6238096157932352,0.40975609756097564,410.1409159520777,2.1775847029264157,4.395712732777843,6.739924936282139e-11
57,27/5/2018,15:17:30,51.538025,-0.029269,2.2,61.0,546,0.6238096157932352,0.41707317073170735,399.5827884310629,2.1577684775642605,4.383378627530232,6.916739817199572e-11
58,27/5/2018,15:17:31,51.538033,-0.029252,3.09,61.0,544,0.5842106279819969,0.42439024390243907,391.6379380953021,2.1534298198126978,4.3854881994210615,6.363937742052228e-11
59,27/5/2018,15:17:31,51.538033,-0.029252,3.09,64.0,545,0.604010121887616,0.4317073170731708,384.0531213036397,2.151223520447114,4.389587689679261,5.7106156837937955e-11
60,27/5/2018,15:17:32,51.53804,-0.029234,4.07,64.0,543,0.5644111340763777,0.43902439024390244,376.4683045119774,2.149017221081531,4.39368717993746,5.057293625535368e-11
61,27/5/2018,15:17:33,51.538052,-0.029205,4.26,64.0,545,0.604010121887616,0.44634146341463415,371.9238034326856,2.1427794479167126,4.383491433256529,4.853121406475909e-11
62,27/5/2018,15:17:34,51.538048,-0.029202,1.65,64.0,543,0.5644111340763777,0.45365853658536587,368.64832635332897,2.134858942598282,4.3673288724428705,4.836423772108884e-11
63,27/5/2018,15:17:34,51.538048,-0.029202,1.65,62.7,544,0.5842106279819969,0.4609756097560976,365.3728492739724,2.126938437279851,4.351166311629213,4.81972613774186e-11
64,27/5/2018,15:17:35,51.538067,-0.029182,3.28,62.7,543,0.5644111340763777,0.4682926829268293,363.1004403277141,2.1485931416692012,4.363967623049192,4.9990790438870623e-11
65,27/5/2018,15:17:36,51.538094,-0.029164,3.83,62.7,543,0.5644111340763777,0.475609756097561,361.7099904359841,2.1962521852760464,4.402235748265509,5.350811615624691e-11
66,27/5/2018,15:17:36,51.538094,-0.029164,3.83,59.9,545,0.604010121887616,0.4829268292682927,360.31954054425404,2.243911228882891,4.440503873481826,5.702544187362319e-11
67,27/5/2018,15:17:37,51.538078,-0.029188,7.69,59.9,544,0.5842106279819969,0.49024390243902444,355.76313970292483,2.2524769656989436,4.45248313354665,6.183147762552282e-11
68,27/5/2018,15:17:37,51.538078,-0.029188,7.69,63.2,545,0.604010121887616,0.49756097560975615,345.54725132337427,2.191159092145616,4.417468139092876,6.894122512055262e-11
69,27/5/2018,15:17:38,51.538074,-0.029203,7.52,63.2,542,0.5446116401707585,0.5048780487804878,335.33136294382376,2.129841218592289,4.382453144639102,7.605097261558235e-11
70,27/5/2018,15:17:39,51.538067,-0.0292,5.57,63.2,541,0.5248121462651393,0.5121951219512195,327.20881618523015,2.0879362866867175,4.364867424243388,8.664237794109905e-11
71,27/5/2018,15:17:39,51.538067,-0.0292,5.57,65.8,541,0.5248121462651393,0.5195121951219512,328.2877522939589,2.1313627924155347,4.423893741285591,1.1253774252313642e-10
72,27/5/2018,15:17:40,51.538074,-0.02918,2.39,65.8,539,0.48521315845390095,0.526829268292683,329.36668840268766,2.1747892981443515,4.482920058327793,1.3843310710517376e-10
73,27/5/2018,15:17:41,51.538097,-0.029119,2.11,65.8,542,0.5446116401707585,0.5341463414634147,330.4439255653358,2.218223253046071,4.542236440652152,1.6427717720217764e-10
74,27/5/2018,15:17:41,51.538097,-0.029119,2.11,62.6,545,0.604010121887616,0.5414634146341464,331.38060182187616,2.262273509138781,4.625551135434366,1.858774402842616e-10
75,27/5/2018,15:17:42,51.53812,-0.029067,1.2,62.6,546,0.6238096157932352,0.5487804878048781,332.3172780784165,2.306323765231491,4.70886583021658,2.074777033663456e-10
76,27/5/2018,15:17:43,51.538128,-0.029046,2.04,62.6,542,0.5446116401707585,0.5560975609756098,333.25395433495686,2.350374021324201,4.792180524998794,2.2907796644842958e-10
77,27/5/2018,15:17:43,51.538128,-0.029046,2.04,63.8,544,0.5842106279819969,0.5634146341463415,325.34273852080827,2.29959819751544,4.744071763755756,2.142472154025944e-10
78,27/5/2018,15:17:44,51.538155,-0.029025,3.17,63.8,538,0.4654136645482817,0.5707317073170732,315.7279804799614,2.2305648915839527,4.670659189454318,1.9240216417853405e-10
79,27/5/2018,15:17:45,51.53817,-0.029009,2.5,63.8,540,0.5050126523595201,0.578048780487805,306.11322243911457,2.1615315856524653,4.597246615152878,1.705571129544737e-10
80,27/5/2018,15:17:46,51.538189,-0.028981,3.41,63.8,541,0.5248121462651393,0.5853658536585367,299.49519927327225,2.1515670942037377,4.547376557540181,1.487837645155522e-10
81,27/5/2018,15:17:46,51.538189,-0.028981,3.41,60.2,543,0.5644111340763777,0.5926829268292684,294.3857596865514,2.1713383809548534,4.509358016851476,1.2704651191051316e-10
82,27/5/2018,15:17:50,51.538208,-0.028934,1.83,60.2,542,0.5446116401707585,0.6000000000000001,289.27632009983057,2.1911096677059687,4.471339476162772,1.0530925930547414e-10
83,27/5/2018,15:17:56,51.538273,-0.028818,5.63,60.2,539,0.48521315845390095,0.6073170731707317,287.8792868023965,2.1944574175267695,4.460723890680363,1.1046678755229051e-10
84,27/5/2018,15:17:56,51.538273,-0.028818,5.63,58.1,539,0.48521315845390095,0.6146341463414634,290.31905336496305,2.1808313182360677,4.478429465789274,1.4342027436779394e-10
85,27/5/2018,15:17:57,51.538269,-0.028812,3.35,58.1,538,0.4654136645482817,0.6219512195121951,292.7588199275296,2.1672052189453654,4.496135040898186,1.7637376118329738e-10
86,27/5/2018,15:17:58,51.53833,-0.028756,7.67,58.1,540,0.5050126523595201,0.6292682926829268,296.36482771722285,2.175618810669743,4.534764574221997,2.1308034322764406e-10
87,27/5/2018,15:17:59,51.538342,-0.028742,7.96,58.1,543,0.5644111340763777,0.6365853658536585,302.46778787781557,2.2312199459776876,4.618192838595654,2.5782239839015493e-10
88,27/5/2018,15:17:59,51.538342,-0.028742,7.96,61.9,546,0.6238096157932352,0.6439024390243903,308.5707480384083,2.2868210812856318,4.701621102969311,3.025644535526659e-10
89,27/5/2018,15:18:0,51.538353,-0.028729,6.52,61.9,541,0.5248121462651393,0.651219512195122,314.6208553212445,2.3295806624046986,4.780847807618745,3.4673636503657604e-10
90,27/5/2018,15:18:0,51.538353,-0.028729,6.52,64.0,541,0.5248121462651393,0.6585365853658537,320.3592463615464,2.296603194001046,4.835294510391018,3.8754567730654934e-10
91,27/5/2018,15:18:1,51.538368,-0.028699,7.19,64.0,539,0.48521315845390095,0.6658536585365854,326.0976374018483,2.263625725597394,4.88974121316329,4.2835498957652263e-10
92,27/5/2018,15:18:2,51.53838,-0.028676,6.83,64.0,538,0.4654136645482817,0.6731707317073171,331.8360284421502,2.2306482571937414,4.9441879159355615,4.691643018464959e-10
93,27/5/2018,15:18:8,51.53838,-0.028596,1.35,64.0,547,0.6436091096988544,0.6804878048780488,340.60441594589054,2.2883168861841283,4.911121646079932,3.992144579242674e-10
94,27/5/2018,15:18:8,51.53838,-0.028596,1.35,57.5,547,0.6436091096988544,0.6878048780487805,349.4614356785287,2.3486370580887956,4.875495482206246,3.260247320409166e-10
95,27/5/2018,15:18:9,51.538376,-0.028574,2.09,57.5,543,0.5644111340763777,0.6951219512195123,358.3184554111668,2.408957229993463,4.839869318332561,2.528350061575658e-10
96,27/5/2018,15:18:9,51.538376,-0.028574,2.09,58.1,545,0.604010121887616,0.702439024390244,351.5745535594659,2.356593401737543,4.730786770800105,2.0117520417355533e-10
97,27/5/2018,15:18:10,51.538372,-0.02856,1.44,58.1,542,0.5446116401707585,0.7097560975609757,340.8861005117252,2.275738448441022,4.603131444444837,1.5495904772091163e-10
98,27/5/2018,15:18:11,51.538372,-0.028541,1.07,58.1,541,0.5248121462651393,0.7170731707317074,330.1976474639845,2.1948834951445013,4.475476118089568,1.0874289126826793e-10
99,27/5/2018,15:18:11,51.538372,-0.028541,1.07,57.8,543,0.5644111340763777,0.7243902439024391,320.31089441659964,2.1404335688509106,4.402015000516617,8.679348108137023e-11
100,27/5/2018,15:18:12,51.53838,-0.028508,2.33,57.8,542,0.5446116401707585,0.7317073170731708,310.90558811513375,2.1018407141811446,4.361099255844152,7.941703586702952e-11
101,27/5/2018,15:18:13,51.538383,-0.028499,0.7,57.8,540,0.5050126523595201,0.7390243902439024,301.50028181366804,2.063247859511379,4.320183511171688,7.204059065268891e-11
102,27/5/2018,15:18:14,51.538399,-0.028479,2.35,57.8,539,0.48521315845390095,0.7463414634146341,297.50577710896005,2.0908351645957555,4.361980382137281,8.762028620256495e-11
103,27/5/2018,15:18:14,51.538399,-0.028479,2.35,61.0,540,0.5050126523595201,0.7536585365853659,300.0872265216781,2.1988537488990825,4.504301058243705,1.3109945758410334e-10
104,27/5/2018,15:18:15,51.538422,-0.028457,4.61,61.0,540,0.5050126523595201,0.7609756097560976,302.6686759343961,2.306872333202409,4.646621734350128,1.745786289656417e-10
105,27/5/2018,15:18:16,51.538414,-0.02844,3.24,61.0,543,0.5644111340763777,0.7682926829268293,302.8190466470835,2.369414567254363,4.739410702306589,2.050555030844646e-10
106,27/5/2018,15:18:16,51.538414,-0.02844,3.24,58.7,546,0.6238096157932352,0.775609756097561,296.6557513068362,2.3138518264283605,4.7035626729143685,2.017645839859247e-10
107,27/5/2018,15:18:17,51.538414,-0.028419,4.02,58.7,540,0.5050126523595201,0.7829268292682927,290.4924559665889,2.2582890856023576,4.667714643522149,1.9847366488738474e-10
108,27/5/2018,15:18:17,51.538414,-0.028419,4.02,58.9,539,0.48521315845390095,0.7902439024390244,284.69250733096425,2.201176110583553,4.626748663131621,1.942079840043866e-10
109,27/5/2018,15:18:18,51.538425,-0.028404,3.94,58.9,538,0.4654136645482817,0.7975609756097561,282.002533451813,2.1307942957902264,4.541976868054723,1.8159907472638053e-10
110,27/5/2018,15:18:19,51.538422,-0.028393,3.28,58.9,538,0.4654136645482817,0.8048780487804879,279.31255957266177,2.0604124809968996,4.457205072977825,1.6899016544837445e-10
111,27/5/2018,15:18:20,51.538429,-0.028376,2.39,58.9,541,0.5248121462651393,0.8121951219512196,276.62258569351053,1.9900306662035732,4.372433277900927,1.5638125617036838e-10
112,27/5/2018,15:18:20,51.538429,-0.028376,2.39,59.8,540,0.5050126523595201,0.8195121951219513,310.55487288498324,2.078644321119445,4.4786444744559635,1.7602968462529055e-10
113,27/5/2018,15:18:22,51.538841,-0.028075,6.09,59.8,538,0.4654136645482817,0.826829268292683,347.1922134509903,2.179001959593381,4.5989623692565385,1.980607573445764e-10
114,27/5/2018,15:18:23,51.538918,-0.028014,6.32,59.8,541,0.5248121462651393,0.8341463414634147,383.8295540169974,2.279359598067318,4.719280264057113,2.200918300638623e-10
115,27/5/2018,15:18:23,51.538918,-0.028014,6.32,30.6,547,0.6436091096988544,0.8414634146341464,428.007902331469,2.376894811754623,4.761555546893616,2.0473698284093757e-10
116,27/5/2018,15:18:24,51.53894,-0.027976,5.15,30.6,554,0.7822055670381889,0.8487804878048781,474.5961238581966,2.4735280656357883,4.778890820879842,1.774347500709513e-10
117,27/5/2018,15:18:25,51.538948,-0.027946,4.04,30.6,552,0.7426065792269505,0.8560975609756099,521.1843453849242,2.5701613195169535,4.796226094866068,1.5013251730096507e-10
118,27/5/2018,15:18:25,51.538948,-0.027946,4.04,28.9,553,0.7624060731325697,0.8634146341463416,526.9940272889481,2.5520377400519,4.749503019065604,1.271487967426986e-10
119,27/5/2018,15:18:26,51.538975,-0.02792,4.43,28.9,553,0.7624060731325697,0.8707317073170732,503.80727737124363,2.45231391876876,4.657229916476834,1.0723584443844609e-10
120,27/5/2018,15:18:27,51.538982,-0.027898,6.15,28.9,548,0.6634086036044737,0.8780487804878049,480.6205274535388,2.352590097485618,4.564956813888063,8.732289213419328e-11
121,27/5/2018,15:18:27,51.538982,-0.027898,6.15,30.2,547,0.6436091096988544,0.8853658536585366,448.89444070763693,2.2651115759715164,4.491026219555512,7.556466588145041e-11
122,27/5/2018,15:18:28,51.538864,-0.027863,10.63,30.2,544,0.5842106279819969,0.8926829268292683,404.93251126859235,2.1951790963478808,4.443378233595978,7.549118133399709e-11
123,27/5/2018,15:18:29,51.538918,-0.027898,4.96,30.2,543,0.5644111340763777,0.9,360.97058182954777,2.1252466167242456,4.395730247636444,7.541769678654376e-11
124,27/5/2018,15:18:30,51.538956,-0.027904,3.98,30.2,540,0.5050126523595201,0.9073170731707317,323.03652609848393,2.076964545869828,4.369787474735581,8.159408375070345e-11
125,27/5/2018,15:18:30,51.538956,-0.027904,3.98,22.5,541,0.5248121462651393,0.9146341463414634,304.4399812512281,2.098137316887652,4.413475356704234,1.0782015394200314e-10
126,27/5/2018,15:18:31,51.538929,-0.027869,3.83,22.5,538,0.4654136645482817,0.9219512195121952,285.84343640397236,2.119310087905476,4.457163238672887,1.3404622413330285e-10
127,27/5/2018,15:18:32,51.538948,-0.027863,4.32,22.5,539,0.48521315845390095,0.9292682926829269,268.08117756974406,2.1401977675556276,4.5002547211695125,1.5961684039705062e-10
128,27/5/2018,15:18:33,51.538967,-0.027863,3.69,22.5,539,0.48521315845390095,0.9365853658536586,262.4700491370224,2.1569331752860337,4.5346598207676525,1.7564096298657126e-10
129,27/5/2018,15:18:33,51.538967,-0.027863,3.69,21.1,542,0.5446116401707585,0.9439024390243903,256.8589207043008,2.1736685830164393,4.569064920365793,1.916650855760919e-10
130,27/5/2018,15:18:34,51.538967,-0.027865,3.96,21.1,538,0.4654136645482817,0.951219512195122,251.2477922715791,2.1904039907468453,4.603470019963933,2.0768920816561256e-10
131,27/5/2018,15:18:35,51.538986,-0.027868,4.72,21.1,536,0.4258146767370433,0.9585365853658537,248.74061877044232,2.2014664396705315,4.57055392010229,1.7955014586278638e-10
132,27/5/2018,15:18:36,51.53899,-0.027865,4.56,21.1,538,0.4654136645482817,0.9658536585365854,246.61373637071466,2.2118338476543826,4.529389745234714,1.4600028778662408e-10
133,27/5/2018,15:18:37,51.538994,-0.027859,4.33,21.1,540,0.5050126523595201,0.9731707317073172,244.48685397098703,2.2222012556382333,4.488225570367138,1.1245042971046179e-10
134,27/5/2018,15:18:37,51.538994,-0.027859,4.33,18.1,539,0.48521315845390095,0.9804878048780489,241.88133934503645,2.206382286753947,4.468269852223665,1.0993977900719194e-10
135,27/5/2018,15:18:38,51.538994,-0.027848,3.82,18.1,539,0.48521315845390095,0.9878048780487806,239.08733680698927,2.180250983616279,4.456666136949418,1.1965253297731708e-10
136,27/5/2018,15:18:39,51.539005,-0.027839,4.69,18.1,537,0.4456141706426625,0.9951219512195123,236.2933342689421,2.1541196804786114,4.445062421675171,1.2936528694744222e-10
137,27/5/2018,15:18:40,51.539005,-0.027808,4.2,18.1,537,0.4456141706426625,1.002439024390244,234.07552208987678,2.152494352931281,4.45177726364303,1.3898571118973284e-10
138,27/5/2018,15:18:40,51.539005,-0.027808,4.2,18.1,539,0.48521315845390095,1.0097560975609756,232.34056351533752,2.1714052916747137,4.473843249996047,1.48528762145236e-10
139,27/5/2018,15:18:41,51.539009,-0.027786,4.57,18.1,536,0.4258146767370433,1.0170731707317073,230.60560494079823,2.1903162304181465,4.495909236349066,1.5807181310073918e-10
140,27/5/2018,15:18:42,51.539013,-0.027771,4.13,18.1,538,0.4654136645482817,1.024390243902439,228.79475678176416,2.2009610930710295,4.500159223694854,1.5403969703863297e-10
141,27/5/2018,15:18:43,51.539017,-0.02776,3.07,18.1,539,0.48521315845390095,1.0317073170731708,226.85506345949523,2.197571830615854,4.474161248615236,1.2695969341767308e-10
142,27/5/2018,15:18:43,51.539017,-0.02776,3.07,17.5,538,0.4654136645482817,1.0390243902439025,224.91537013722632,2.194182568160678,4.4481632735356165,9.987968979671316e-11
143,27/5/2018,15:18:44,51.539021,-0.027749,3.24,17.5,537,0.4456141706426625,1.0463414634146342,222.57152411196293,2.1899029705938506,4.428015888865076,7.929458187337729e-11
144,27/5/2018,15:18:45,51.539028,-0.027732,3.65,17.5,536,0.4258146767370433,1.053658536585366,218.58319467451514,2.1820006301589228,4.431674354824577,8.513698058175425e-11
145,27/5/2018,15:18:45,51.539028,-0.027732,3.65,17.1,538,0.4654136645482817,1.0609756097560976,214.59486523706732,2.1740982897239944,4.435332820784079,9.097937929013121e-11
146,27/5/2018,15:18:46,51.539028,-0.027715,3.39,17.1,536,0.4258146767370433,1.0682926829268293,210.7362541745349,2.165778773058613,4.43896731134292,9.678804386502947e-11
147,27/5/2018,15:18:47,51.539028,-0.027696,3.69,17.1,537,0.4456141706426625,1.075609756097561,212.1788554336967,2.1404104784183313,4.441621997078601,1.0121809261795472e-10
148,27/5/2018,15:18:47,51.539028,-0.027696,3.69,16.7,537,0.4456141706426625,1.0829268292682928,213.62145669285846,2.1150421837780495,4.444276682814281,1.0564814137087997e-10
149,27/5/2018,15:18:48,51.539036,-0.027684,4.17,16.7,535,0.4060151828314241,1.0902439024390245,215.06405795202025,2.0896738891377677,4.446931368549961,1.1007819012380522e-10
150,27/5/2018,15:18:49,51.539043,-0.027674,4.5,16.7,535,0.4060151828314241,1.0975609756097562,221.4174178998646,2.167540724493345,4.498737334145218,1.1503299344748905e-10
151,27/5/2018,15:18:50,51.539047,-0.027658,4.43,16.7,539,0.48521315845390095,1.104878048780488,228.63404488345486,2.26355536353998,4.559183650928018,1.2008004388643776e-10
152,27/5/2018,15:18:50,51.539047,-0.027658,4.43,15.0,541,0.5248121462651393,1.1121951219512196,235.8506718670451,2.359570002586615,4.619629967710818,1.2512709432538646e-10
153,27/5/2018,15:18:51,51.539055,-0.027646,4.35,15.0,539,0.48521315845390095,1.1195121951219513,237.3135492656289,2.3251356219872776,4.589423204407541,1.2425226227312135e-10
154,27/5/2018,15:18:52,51.539066,-0.02764,4.41,15.0,538,0.4654136645482817,1.126829268292683,236.03250857678853,2.228491126191742,4.515984697620484,1.205533308680472e-10
155,27/5/2018,15:18:53,51.539074,-0.027635,3.59,15.0,537,0.4456141706426625,1.1341463414634148,234.75146788794817,2.1318466303962063,4.4425461908334265,1.1685439946297304e-10
156,27/5/2018,15:18:53,51.539074,-0.027635,3.59,13.9,538,0.4654136645482817,1.1414634146341465,236.1980702644442,2.093687506008301,4.42485446376506,1.2222262990658233e-10
157,27/5/2018,15:18:54,51.539085,-0.027625,4.06,13.9,536,0.4258146767370433,1.1487804878048782,240.33220330825674,2.1131536740367336,4.462089710831281,1.3652468158345264e-10
158,27/5/2018,15:18:54,51.539085,-0.027625,4.06,13.8,539,0.48521315845390095,1.15609756097561,244.46633635206928,2.1326198420651665,4.499324957897501,1.5082673326032295e-10
159,27/5/2018,15:18:55,51.539089,-0.027614,4.5,13.8,537,0.4456141706426625,1.1634146341463416,250.858834099479,2.1555316480229467,4.522871656309889,1.5588341909818468e-10
160,27/5/2018,15:18:55,51.539089,-0.027614,4.5,13.6,540,0.5050126523595201,1.1707317073170733,261.83007584548596,2.1854293468992667,4.5186653704950555,1.421954959352203e-10
161,27/5/2018,15:18:56,51.539089,-0.027605,2.85,13.6,541,0.5248121462651393,1.178048780487805,272.8013175914929,2.2153270457755863,4.514459084680222,1.2850757277225592e-10
162,27/5/2018,15:18:56,51.539089,-0.027605,2.85,12.5,542,0.5446116401707585,1.1853658536585368,282.58446794602935,2.245824995705479,4.514692489675549,1.167671534021145e-10
163,27/5/2018,15:18:57,51.539097,-0.027588,4.2,12.5,539,0.48521315845390095,1.1926829268292685,285.9842024140242,2.2795479939261014,4.5387796091682375,1.1549034545063634e-10
164,27/5/2018,15:18:58,51.539104,-0.027575,3.43,12.5,540,0.5050126523595201,1.2000000000000002,289.3839368820191,2.3132709921467236,4.562866728660926,1.1421353749915818e-10
165,27/5/2018,15:18:59,51.539104,-0.027569,3.15,12.5,542,0.5446116401707585,1.2073170731707317,292.78367135001383,2.346993990367345,4.586953848153614,1.1293672954768005e-10
166,27/5/2018,15:18:59,51.539104,-0.027569,3.15,12.9,543,0.5644111340763777,1.2146341463414634,279.488511241064,2.323857013147705,4.610177973848673,1.4940915404838448e-10
167,27/5/2018,15:19:0,51.539108,-0.027555,3.69,12.9,542,0.5446116401707585,1.221951219512195,265.9136487790724,2.299767417218721,4.633387641147798,1.8651402034701274e-10
168,27/5/2018,15:19:1,51.539108,-0.027531,4.83,12.9,537,0.4456141706426625,1.2292682926829268,252.33878631708086,2.2756778212897366,4.656597308446924,2.23618886645641e-10
169,27/5/2018,15:19:2,51.539112,-0.02752,3.85,12.9,536,0.4258146767370433,1.2365853658536585,237.2163861292163,2.2288590699205924,4.669395285264826,2.3298504985142814e-10
170,27/5/2018,15:19:2,51.539112,-0.02752,3.85,14.3,538,0.4654136645482817,1.2439024390243902,221.73128629893776,2.1767132390155575,4.679753052483098,2.358500353963446e-10
171,27/5/2018,15:19:3,51.53912,-0.027503,4.59,14.3,535,0.4060151828314241,1.251219512195122,206.24618646865923,2.124567408110522,4.69011081970137,2.3871502094126104e-10
172,27/5/2018,15:19:3,51.53912,-0.027503,4.59,14.9,537,0.4456141706426625,1.2585365853658537,199.26887946012542,2.115384114861748,4.6779647031842115,2.225970236890285e-10
173,27/5/2018,15:19:4,51.53912,-0.027486,4.06,14.9,533,0.36641619502018574,1.2658536585365854,197.1453773306637,2.130711500147634,4.652979832484661,1.9564899137944851e-10
174,27/5/2018,15:19:4,51.53912,-0.027486,4.06,15.3,536,0.4258146767370433,1.273170731707317,195.021875201202,2.14603888543352,4.62799496178511,1.6870095906986857e-10
175,27/5/2018,15:19:5,51.539131,-0.027475,5.06,15.3,536,0.4258146767370433,1.2804878048780488,194.89002908366484,2.169992987825062,4.611409281086888,1.4985573575705308e-10
176,27/5/2018,15:19:6,51.539139,-0.027462,5.13,15.3,536,0.4258146767370433,1.2878048780487805,197.06499498646434,2.2039388832753555,4.604551862869813,1.403954951321701e-10
177,27/5/2018,15:19:6,51.539139,-0.027462,5.13,14.9,538,0.4654136645482817,1.2951219512195122,199.23996088926387,2.2378847787256486,4.597694444652737,1.309352545072871e-10
178,27/5/2018,15:19:7,51.539143,-0.027445,5.15,14.9,535,0.4060151828314241,1.302439024390244,200.00786217247565,2.2497858523992655,4.57313958181039,1.1981644734596938e-10
179,27/5/2018,15:19:7,51.539143,-0.027445,5.15,15.2,537,0.4456141706426625,1.3097560975609757,197.3299957193979,2.2077012493862056,4.50524535640032,1.046359681191493e-10
180,27/5/2018,15:19:8,51.53915,-0.027433,3.59,15.2,536,0.4258146767370433,1.3170731707317074,194.6521292663202,2.165616646373145,4.437351130990251,8.94554888923292e-11
181,27/5/2018,15:19:8,51.53915,-0.027433,3.59,15.2,536,0.4258146767370433,1.324390243902439,192.44752271873196,2.1298274165355906,4.379119673243869,7.636184285683329e-11
182,27/5/2018,15:19:9,51.539154,-0.027413,3.89,15.2,535,0.4060151828314241,1.3317073170731708,193.83011576606006,2.1417556456314415,4.394129738489171,7.908590521316345e-11
183,27/5/2018,15:19:10,51.539165,-0.027401,5.32,15.2,534,0.38621568892580493,1.3390243902439025,195.2127088133882,2.153683874727292,4.4091398037344725,8.180996756949362e-11
184,27/5/2018,15:19:11,51.539181,-0.027393,3.74,15.2,535,0.4060151828314241,1.3463414634146342,196.5953018607163,2.165612103823143,4.424149868979775,8.453402992582378e-11
185,27/5/2018,15:19:12,51.539192,-0.027382,4.56,15.2,537,0.4456141706426625,1.353658536585366,199.12975909361026,2.2019025503304777,4.47591045067134,1.0510978693762399e-10
186,27/5/2018,15:19:13,51.539207,-0.027372,6.91,15.2,539,0.48521315845390095,1.3609756097560977,201.73363465216102,2.2396612118957897,4.529885841496387,1.2676139539844747e-10
187,27/5/2018,15:19:14,51.539219,-0.027368,5.85,15.2,537,0.4456141706426625,1.3682926829268294,204.3375102107118,2.2774198734611013,4.583861232321434,1.48413003859271e-10
188,27/5/2018,15:19:15,51.53923,-0.027359,4.76,15.2,536,0.4258146767370433,1.375609756097561,204.69228896280615,2.246965844605924,4.619890246060308,1.7621052823868542e-10
189,27/5/2018,15:19:16,51.539238,-0.027353,4.39,15.2,534,0.38621568892580493,1.3829268292682928,204.37437045719565,2.1961096304580523,4.650551559032834,2.0584627530938304e-10
190,27/5/2018,15:19:16,51.539238,-0.027353,4.39,12.7,537,0.4456141706426625,1.3902439024390245,204.05645195158516,2.1452534163101804,4.681212872005361,2.3548202238008064e-10
191,27/5/2018,15:19:17,51.539246,-0.027337,5.39,12.7,535,0.4060151828314241,1.3975609756097562,207.4244784567416,2.1567935138463055,4.707337403086963,2.47903019069665e-10
192,27/5/2018,15:19:18,51.539257,-0.027329,5.63,12.7,539,0.48521315845390095,1.404878048780488,213.28717496918486,2.210563814727488,4.730391412584593,2.48672967972794e-10
193,27/5/2018,15:19:19,51.539272,-0.027331,6.33,12.7,536,0.4258146767370433,1.4121951219512197,219.1498714816281,2.2643341156086705,4.753445422082224,2.49442916875923e-10
194,27/5/2018,15:19:20,51.539284,-0.027324,4.91,12.7,536,0.4258146767370433,1.4195121951219514,222.44108486611668,2.301910042436972,4.754382761458429,2.339699294475803e-10
195,27/5/2018,15:19:21,51.539288,-0.027311,3.28,12.7,540,0.5050126523595201,1.426829268292683,222.22431000921785,2.317393787078055,4.725148789235824,1.9633851172001693e-10
196,27/5/2018,15:19:21,51.539288,-0.027311,3.28,14.3,540,0.5050126523595201,1.4341463414634148,222.007535152319,2.3328775317191384,4.695914817013219,1.5870709399245348e-10
197,27/5/2018,15:19:22,51.539291,-0.027302,2.46,14.3,537,0.4456141706426625,1.4414634146341465,218.90226694650735,2.339625224410055,4.675512466264559,1.3879518239833218e-10
198,27/5/2018,15:19:23,51.539284,-0.027284,3.15,14.3,535,0.4060151828314241,1.4487804878048782,207.11227373524378,2.320106556179941,4.681663821752517,1.7215984769481884e-10
199,27/5/2018,15:19:24,51.539291,-0.027277,2.39,14.3,536,0.4258146767370433,1.45609756097561,195.32228052398023,2.3005878879498276,4.687815177240476,2.055245129913055e-10
200,27/5/2018,15:19:24,51.539291,-0.027277,2.39,16.2,538,0.4654136645482817,1.4634146341463417,183.76027125847025,2.275414768336213,4.688856018472907,2.3761172444005787e-10
201,27/5/2018,15:19:25,51.53928,-0.027273,2.44,16.2,534,0.38621568892580493,1.4707317073170734,174.9625673352216,2.181681425697673,4.627931874357091,2.542098079850377e-10
202,27/5/2018,15:19:25,51.53928,-0.027273,2.44,16.9,532,0.34661670111456655,1.4780487804878049,166.16486341197322,2.0879480830591355,4.567007730241277,2.70807891530017e-10
203,27/5/2018,15:19:26,51.539288,-0.027261,2.85,16.9,531,0.32681720720894736,1.4853658536585366,157.36715948872455,1.9942147404205957,4.5060835861254604,2.8740597507499685e-10
204,27/5/2018,15:19:26,51.539288,-0.027261,2.85,17.1,534,0.38621568892580493,1.4926829268292683,162.1994445556547,2.059447491234847,4.559811233932987,2.628301453457419e-10
205,27/5/2018,15:19:27,51.539288,-0.027244,3.93,17.1,533,0.36641619502018574,1.5,168.49925857782358,2.141795981849861,4.625883339578208,2.33821156501394e-10
206,27/5/2018,15:19:28,51.539299,-0.027222,5.94,17.1,535,0.4060151828314241,1.5073170731707317,174.79907259999248,2.2241444724648747,4.691955445223429,2.0481216765704616e-10
207,27/5/2018,15:19:28,51.539299,-0.027222,5.94,17.7,537,0.4456141706426625,1.5146341463414634,182.86744667553313,2.2735343444638527,4.7269418918722375,2.0195527231965922e-10
208,27/5/2018,15:19:29,51.539303,-0.027208,4.02,17.7,534,0.38621568892580493,1.5219512195121951,191.59192904030397,2.310697081266415,4.750396042230148,2.0880039716412962e-10
209,27/5/2018,15:19:30,51.539265,-0.0272,5.48,17.7,538,0.4654136645482817,1.5292682926829269,200.3164114050748,2.3478598180689776,4.773850192588059,2.1564552200860003e-10
210,27/5/2018,15:19:30,51.539265,-0.0272,5.48,17.7,538,0.4654136645482817,1.5365853658536586,203.0137539840326,2.3377668368641347,4.8184661633242705,2.640411996920314e-10
211,27/5/2018,15:19:31,51.539261,-0.027195,4.33,17.7,537,0.4456141706426625,1.5439024390243903,200.89823371608082,2.2899386615897557,4.879980520806288,3.456163155723178e-10
212,27/5/2018,15:19:32,51.539261,-0.027196,2.98,17.7,535,0.4060151828314241,1.551219512195122,198.78271344812902,2.2421104863153767,4.941494878288305,4.271914314526042e-10
213,27/5/2018,15:19:32,51.539261,-0.027196,2.98,18.5,538,0.4654136645482817,1.5585365853658537,198.10227223940015,2.206330375830099,4.958135354820825,4.657632943726165e-10
214,27/5/2018,15:19:33,51.539276,-0.027182,1.17,18.5,532,0.34661670111456655,1.5658536585365854,199.73746235341565,2.189990919868206,4.90236772001485,4.3494547531327505e-10
215,27/5/2018,15:19:34,51.53931,-0.027176,2.94,18.5,535,0.4060151828314241,1.5731707317073171,201.37265246743112,2.1736514639063134,4.846600085208875,4.0412765625393356e-10
216,27/5/2018,15:19:34,51.53931,-0.027176,2.94,20.1,538,0.4654136645482817,1.5804878048780489,204.9708167750663,2.165044801700082,4.783103678095735,3.5999385233310247e-10
217,27/5/2018,15:19:35,51.539307,-0.027161,2.06,20.1,536,0.4258146767370433,1.5878048780487806,215.9882860009265,2.185665194505311,4.690395415535499,2.655306287515456e-10
218,27/5/2018,15:19:36,51.539322,-0.027146,4.74,20.1,538,0.4654136645482817,1.5951219512195123,227.00575522678673,2.20628558731054,4.597687152975264,1.7106740516998872e-10
219,27/5/2018,15:19:37,51.539379,-0.027138,6.28,20.1,538,0.4654136645482817,1.602439024390244,237.84408245799028,2.2271166213223923,4.508666439323102,8.034240193368573e-11
220,27/5/2018,15:19:37,51.539379,-0.027138,6.28,13.2,540,0.5050126523595201,1.6097560975609757,243.86144917476477,2.253616303502348,4.518882801348911,9.021811330505187e-11
221,27/5/2018,15:19:38,51.539413,-0.027129,6.0,13.2,538,0.4654136645482817,1.6170731707317074,249.87881589153926,2.2801159856823037,4.52909916337472,1.0009382467641803e-10
222,27/5/2018,15:19:39,51.539425,-0.02711,6.07,13.2,540,0.5050126523595201,1.6243902439024391,255.89618260831378,2.3066156678622596,4.5393155254005295,1.0996953604778418e-10
223,27/5/2018,15:19:39,51.539425,-0.02711,6.07,12.7,541,0.5248121462651393,1.6317073170731708,252.09212701422405,2.2663804555357654,4.494871022917579,9.27354488589472e-11
224,27/5/2018,15:19:40,51.539425,-0.027085,5.83,12.7,539,0.48521315845390095,1.6390243902439026,246.72146418036476,2.2155004134106977,4.441707609531391,7.117709932308451e-11
225,27/5/2018,15:19:41,51.539436,-0.027062,3.44,12.7,537,0.4456141706426625,1.6463414634146343,241.35080134650548,2.16462037128563,4.388544196145203,4.9618749787221844e-11
226,27/5/2018,15:19:42,51.539433,-0.027051,3.78,12.7,537,0.4456141706426625,1.653658536585366,235.78445748439643,2.147870208989638,4.377501180242878,5.5814478318687764e-11
227,27/5/2018,15:19:43,51.539436,-0.027035,3.39,12.7,538,0.4654136645482817,1.6609756097560977,230.12980386469414,2.146522671267671,4.385466865004068,7.453546761901969e-11
228,27/5/2018,15:19:43,51.539436,-0.027035,3.39,9.1,538,0.4654136645482817,1.6682926829268294,224.47515024499188,2.145175133545704,4.393432549765258,9.325645691935161e-11
229,27/5/2018,15:19:44,51.53944,-0.027003,3.48,9.1,537,0.4456141706426625,1.6756097560975611,223.27046344411087,2.140701396064714,4.441035969851525,1.2643388330172635e-10
230,27/5/2018,15:19:45,51.539444,-0.026976,4.83,9.1,536,0.4258146767370433,1.6829268292682928,226.24569270523585,2.13329117543277,4.525871669029418,1.7319044319652056e-10
231,27/5/2018,15:19:45,51.539444,-0.026976,4.83,10.6,538,0.4654136645482817,1.6902439024390246,229.22092196636086,2.1258809548008255,4.610707368207311,2.199470030913148e-10
232,27/5/2018,15:19:46,51.539448,-0.026963,3.43,10.6,535,0.4060151828314241,1.6975609756097563,234.8768253966077,2.14656603407087,4.686358953401454,2.4785073224710735e-10
233,27/5/2018,15:19:47,51.539452,-0.026943,3.24,10.6,539,0.48521315845390095,1.704878048780488,245.6845014902152,2.2212452166419534,4.744360326606508,2.3952271822914004e-10
234,27/5/2018,15:19:47,51.539452,-0.026943,3.24,10.2,542,0.5446116401707585,1.7121951219512197,256.49217758382275,2.2959243992130363,4.802361699811564,2.311947042111727e-10
235,27/5/2018,15:19:48,51.539455,-0.026925,4.0,10.2,538,0.4654136645482817,1.7195121951219514,266.2058838823948,2.3472523102647975,4.833885282091292,2.200232620827071e-10
236,27/5/2018,15:19:49,51.539471,-0.026911,5.04,10.2,541,0.5248121462651393,1.7268292682926831,270.53494744766067,2.2836426288248917,4.735082190684896,1.9485614604957254e-10
237,27/5/2018,15:19:49,51.539471,-0.026911,5.04,8.4,542,0.5446116401707585,1.7341463414634148,274.8640110129265,2.220032947384986,4.636279099278499,1.6968903001643802e-10
238,27/5/2018,15:19:50,51.53949,-0.026916,7.04,8.4,538,0.4654136645482817,1.7414634146341463,279.1930745781922,2.1564232659450817,4.5374760078721055,1.4452191398330425e-10
239,27/5/2018,15:19:51,51.539497,-0.026886,5.44,8.4,539,0.48521315845390095,1.748780487804878,284.5507951102606,2.1641314417684443,4.488657778293844,1.1394898291253018e-10
240,27/5/2018,15:19:52,51.539509,-0.026869,5.56,8.4,541,0.5248121462651393,1.7560975609756098,289.91320200664245,2.1721645281032558,4.44006727018177,8.335142398281474e-11
241,27/5/2018,15:19:53,51.539524,-0.026843,4.89,8.4,541,0.5248121462651393,1.7634146341463415,295.2756089030243,2.1801976144380677,4.391476762069696,5.275386505309931e-11
242,27/5/2018,15:19:54,51.53952,-0.026824,4.85,8.4,541,0.5248121462651393,1.7707317073170732,298.91138288451407,2.193491609667664,4.393940828079088,5.2049710493890045e-11
243,27/5/2018,15:19:55,51.539536,-0.026799,5.17,8.4,542,0.5446116401707585,1.778048780487805,302.1734446665136,2.207924275321895,4.407455139351621,5.7815680418697753e-11
244,27/5/2018,15:19:55,51.539536,-0.026799,5.17,8.5,543,0.5644111340763777,1.7853658536585366,305.43550644851314,2.222356940976126,4.420969450624153,6.358165034350546e-11
245,27/5/2018,15:19:56,51.539543,-0.026785,4.19,8.5,541,0.5248121462651393,1.7926829268292683,305.2496762159394,2.205276998665382,4.424929930236218,7.745306250176687e-11
246,27/5/2018,15:19:56,51.539543,-0.026785,4.19,8.2,541,0.5248121462651393,1.8,303.19647216796875,2.1711298690065606,4.423716067089271,9.57143715956018e-11
247,27/5/2018,15:19:57,51.539543,-0.026765,4.52,8.2,539,0.48521315845390095,1.8073170731707318,301.1432681199981,2.136982739347739,4.422502203942323,1.1397568068943673e-10
248,27/5/2018,15:19:58,51.539555,-0.02675,4.09,8.2,541,0.5248121462651393,1.8146341463414635,301.3840593477575,2.1340565946352994,4.430629497665738,1.1801342831116188e-10
249,27/5/2018,15:19:58,51.539555,-0.02675,4.09,8.5,543,0.5644111340763777,1.8219512195121952,304.15743887133715,2.1655986556317943,4.449069499880574,1.0634825549087292e-10
250,27/5/2018,15:19:59,51.539562,-0.026737,5.04,8.5,540,0.5050126523595201,1.829268292682927,306.9308183949168,2.1971407166282897,4.467509502095409,9.468308267058395e-11
251,27/5/2018,15:20:0,51.539562,-0.026701,4.24,8.5,541,0.5248121462651393,1.8365853658536586,308.90138671456316,2.213913315504598,4.474297354258913,8.62526181629334e-11
252,27/5/2018,15:20:1,51.539562,-0.026674,4.89,8.5,543,0.5644111340763777,1.8439024390243903,309.01547925065205,2.196531995467024,4.4541399741054155,8.530231539176962e-11
253,27/5/2018,15:20:2,51.539577,-0.026667,5.13,8.5,542,0.5446116401707585,1.851219512195122,309.12957178674094,2.179150675429451,4.433982593951919,8.435201262060585e-11
254,27/5/2018,15:20:2,51.539577,-0.026667,5.13,10.5,542,0.5446116401707585,1.8585365853658538,309.60197088485813,2.163445119660133,4.419945606507574,8.48544352491905e-11
255,27/5/2018,15:20:3,51.539581,-0.026643,5.87,10.5,540,0.5050126523595201,1.8658536585365855,312.50453154779063,2.1591051886043404,4.447419282555303,9.520975426548075e-11
256,27/5/2018,15:20:4,51.539589,-0.026625,6.06,10.5,539,0.48521315845390095,1.8731707317073172,315.4070922107232,2.154765257548547,4.474892958603031,1.0556507328177098e-10
257,27/5/2018,15:20:5,51.539589,-0.026609,5.41,10.5,543,0.5644111340763777,1.880487804878049,318.30965287365575,2.150425326492754,4.50236663465076,1.1592039229806121e-10
258,27/5/2018,15:20:6,51.5396,-0.026604,5.02,10.5,544,0.5842106279819969,1.8878048780487806,328.3103552911343,2.176584577821802,4.517546186260683,1.1465200410727927e-10
259,27/5/2018,15:20:7,51.539612,-0.026608,6.89,10.5,541,0.5248121462651393,1.8951219512195123,338.6447310389545,2.2041775513997086,4.532147808944043,1.1283720232984047e-10
260,27/5/2018,15:20:8,51.539631,-0.026605,7.52,10.5,542,0.5446116401707585,1.902439024390244,348.9791067867747,2.2317705249776156,4.546749431627402,1.1102240055240167e-10
261,27/5/2018,15:20:8,51.539631,-0.026605,7.52,12.8,546,0.6238096157932352,1.9097560975609758,354.5688338614093,2.230930023459389,4.5149073891143034,9.512102245875378e-11
262,27/5/2018,15:20:9,51.53965,-0.026604,7.96,12.8,544,0.5842106279819969,1.9170731707317075,358.8336193997687,2.2221494836431908,4.4700959688128306,7.528597269606652e-11
263,27/5/2018,15:20:10,51.539669,-0.026593,9.04,12.8,544,0.5842106279819969,1.9243902439024392,363.09840493812806,2.213368943826993,4.4252845485113586,5.545092293337927e-11
264,27/5/2018,15:20:11,51.539677,-0.026586,6.19,12.8,544,0.5842106279819969,1.931707317073171,362.8624047418919,2.2031866585305937,4.3972286110528485,4.484820906468612e-11
265,27/5/2018,15:20:12,51.539684,-0.026578,4.33,12.8,543,0.5644111340763777,1.9390243902439026,359.72840856197394,2.192101807990854,4.379961305812557,4.019007330268682e-11
266,27/5/2018,15:20:13,51.539692,-0.026577,3.89,12.8,543,0.5644111340763777,1.9463414634146343,356.594412382056,2.1810169574511145,4.362694000572265,3.553193754068752e-11
267,27/5/2018,15:20:14,51.5397,-0.026576,5.22,12.8,544,0.5842106279819969,1.953658536585366,352.9956482663386,2.1666748381927556,4.353296404044177,3.553711329047462e-11
268,27/5/2018,15:20:15,51.539719,-0.02659,8.82,12.8,544,0.5842106279819969,1.9609756097560977,348.7930250807505,2.1481006471686,4.354123684529022,4.1601190128567525e-11
269,27/5/2018,15:20:16,51.539734,-0.02659,7.04,12.8,542,0.5446116401707585,1.9682926829268295,344.5904018951624,2.1295264561444442,4.354950965013868,4.766526696666044e-11
270,27/5/2018,15:20:16,51.539734,-0.02659,7.04,14.3,543,0.5644111340763777,1.9756097560975612,341.64360124018134,2.124148247543462,4.3627428409143025,5.3676119102031324e-11
271,27/5/2018,15:20:17,51.539745,-0.026586,5.32,14.3,541,0.5248121462651393,1.982926829268293,342.2428659389659,2.1560315268830554,4.390200640863954,5.95366806750918e-11
272,27/5/2018,15:20:17,51.539745,-0.026586,5.32,15.1,543,0.5644111340763777,1.9902439024390246,342.8421306377504,2.1879148062226492,4.417658440813606,6.539724224815228e-11
273,27/5/2018,15:20:18,51.539749,-0.026577,2.59,15.1,543,0.5644111340763777,1.9975609756097563,343.2908740290781,2.2159378654417745,4.443438497516875,7.174416797062614e-11
274,27/5/2018,15:20:19,51.539745,-0.026561,3.93,15.1,544,0.5842106279819969,2.004878048780488,342.1822511655528,2.2040212200868736,4.451859811060315,8.312325243968739e-11
275,27/5/2018,15:20:19,51.539745,-0.026561,3.93,16.4,545,0.604010121887616,2.0121951219512195,341.07362830202754,2.1921045747319723,4.460281124603755,9.450233690874898e-11
276,27/5/2018,15:20:20,51.539742,-0.026551,2.04,16.4,541,0.5248121462651393,2.0195121951219512,339.96500543850226,2.180187929377071,4.4687024381471945,1.0588142137781057e-10
277,27/5/2018,15:20:21,51.539745,-0.026531,4.54,16.4,541,0.5248121462651393,2.026829268292683,336.7611319219194,2.189723078088684,4.475102651498446,1.0824849691844503e-10
278,27/5/2018,15:20:22,51.539722,-0.026526,2.78,16.4,543,0.5644111340763777,2.0341463414634147,333.3619648392608,2.2012576999210234,4.481314482680074,1.0977558352574059e-10
279,27/5/2018,15:20:22,51.539722,-0.026526,2.78,16.8,544,0.5842106279819969,2.0414634146341464,329.9627977566022,2.2127923217533625,4.487526313861702,1.1130267013303615e-10
280,27/5/2018,15:20:23,51.539738,-0.026519,2.37,16.8,541,0.5248121462651393,2.048780487804878,325.49272470939457,2.202624017225157,4.4793171768131534,1.0784998732761688e-10
281,27/5/2018,15:20:23,51.539738,-0.026519,2.37,15.7,543,0.5644111340763777,2.05609756097561,320.64901379405006,2.1848835864728695,4.466076580416761,1.0265986866062428e-10
282,27/5/2018,15:20:24,51.53973,-0.026513,1.17,15.7,542,0.5446116401707585,2.0634146341463415,315.8053028787055,2.1671431557205825,4.452835984020369,9.746974999363169e-11
283,27/5/2018,15:20:25,51.539749,-0.026496,4.26,15.7,540,0.5050126523595201,2.0707317073170732,312.4659576357865,2.152089479338888,4.458700809521863,1.0758829601100188e-10
284,27/5/2018,15:20:29,51.539768,-0.02638,8.69,15.7,541,0.5248121462651393,2.078048780487805,310.27100342076,2.139079652835062,4.479099384233942,1.2935234739646132e-10
285,27/5/2018,15:20:29,51.539768,-0.02638,8.69,13.8,543,0.5644111340763777,2.0853658536585367,308.07604920573357,2.1260698263312365,4.499497958946021,1.5111639878192075e-10
286,27/5/2018,15:20:30,51.539825,-0.026376,5.17,13.8,539,0.48521315845390095,2.0926829268292684,309.87025247841336,2.1321694150034007,4.519847651580289,1.6146059144446673e-10
287,27/5/2018,15:20:31,51.539806,-0.026359,4.07,13.8,541,0.5248121462651393,2.1,317.78574913740147,2.1675920717904478,4.54012233550895,1.542812077908168e-10
288,27/5/2018,15:20:31,51.539806,-0.026359,4.07,16.1,543,0.5644111340763777,2.107317073170732,325.70124579638957,2.2030147285774944,4.5603970194376116,1.4710182413716692e-10
289,27/5/2018,15:20:32,51.539829,-0.026332,2.8,16.1,541,0.5248121462651393,2.1146341463414635,333.51778991338676,2.2271279812807068,4.567749875112936,1.384374036096396e-10
290,27/5/2018,15:20:33,51.539867,-0.026296,1.52,16.1,545,0.604010121887616,2.1219512195121952,340.9858695762914,2.211414815774813,4.529598110719091,1.2454337954539524e-10
291,27/5/2018,15:20:33,51.539867,-0.026296,1.52,15.2,545,0.604010121887616,2.129268292682927,348.45394923919605,2.1957016502689193,4.491446346325246,1.1064935548115085e-10
292,27/5/2018,15:20:34,51.539917,-0.026272,2.59,15.2,542,0.5446116401707585,2.1365853658536587,355.9162359702881,2.1802291295221985,4.453585662289765,9.656645377814835e-11
293,27/5/2018,15:20:35,51.539967,-0.026247,3.46,15.2,542,0.5446116401707585,2.1439024390243904,363.2630490384454,2.169553511743928,4.4215272414737035,7.871855129496785e-11
294,27/5/2018,15:20:36,51.539978,-0.026231,2.5,15.2,544,0.5842106279819969,2.151219512195122,370.6098621066027,2.1588778939656574,4.389468820657642,6.087064881178734e-11
295,27/5/2018,15:20:37,51.539982,-0.026211,2.96,15.2,545,0.604010121887616,2.158536585365854,377.95667517475994,2.148202276187387,4.357410399841581,4.302274632860684e-11
296,27/5/2018,15:20:38,51.539974,-0.026167,2.89,15.2,545,0.604010121887616,2.1658536585365855,390.2311307511684,2.1560919321212766,4.398539289546597,5.459623117388124e-11
297,27/5/2018,15:20:39,51.53994,-0.026131,1.94,15.2,544,0.5842106279819969,2.1731707317073172,403.2135515634612,2.1666489017575867,4.450183161105518,7.03967514392692e-11
298,27/5/2018,15:20:40,51.539936,-0.026116,1.83,15.2,546,0.6238096157932352,2.180487804878049,416.19597237575397,2.1772058713938964,4.50182703266444,8.619727170465716e-11
299,27/5/2018,15:20:40,51.539936,-0.026116,1.83,13.9,548,0.6634086036044737,2.1878048780487807,427.3243033159074,2.2037995118752574,4.534637654297116,9.540838662885678e-11
300,27/5/2018,15:20:41,51.539925,-0.026096,2.63,13.9,544,0.5842106279819969,2.1951219512195124,437.661737174523,2.237233897435657,4.559414597181873,1.0180866614980687e-10
301,27/5/2018,15:20:42,51.539917,-0.026084,2.13,13.9,549,0.6832080975100929,2.202439024390244,447.99917103313857,2.270668282996057,4.584191540066629,1.0820894567075696e-10
302,27/5/2018,15:20:42,51.539917,-0.026084,2.13,13.7,549,0.6832080975100929,2.209756097560976,448.3229533782816,2.2786509803528756,4.5677771819165915,1.0041974483313898e-10
303,27/5/2018,15:20:43,51.539906,-0.026095,2.32,13.7,547,0.6436091096988544,2.2170731707317075,439.6803572192421,2.2638438422838556,4.51447949547609,7.992506373176216e-11
304,27/5/2018,15:20:44,51.539917,-0.026118,1.3,13.7,547,0.6436091096988544,2.2243902439024392,431.0377610602027,2.2490367042148356,4.4611818090355895,5.943038263038535e-11
305,27/5/2018,15:20:44,51.539917,-0.026118,1.3,12.2,547,0.6436091096988544,2.231707317073171,418.5784399712951,2.2218216026525064,4.413267587919246,4.606273170811197e-11
306,27/5/2018,15:20:45,51.539928,-0.026112,1.91,12.2,544,0.5842106279819969,2.2390243902439027,399.1600711229364,2.171983018357181,4.375169057739652,4.568981955029659e-11
307,27/5/2018,15:20:46,51.539936,-0.026104,4.2,12.2,544,0.5842106279819969,2.2463414634146344,379.7417022745777,2.1221444340618554,4.337070527560057,4.531690739248121e-11
308,27/5/2018,15:20:46,51.539936,-0.026104,4.2,12.5,543,0.5644111340763777,2.253658536585366,363.22784684344026,2.0822983437369946,4.310351218378786,4.8235690217369364e-11
309,27/5/2018,15:20:47,51.539925,-0.026114,3.5,12.5,542,0.5446116401707585,2.260975609756098,359.87415713798697,2.087727608617763,4.335190436446597,6.606893383763063e-11
310,27/5/2018,15:20:47,51.539925,-0.026114,3.5,10.8,543,0.5644111340763777,2.2682926829268295,356.52046743253374,2.0931568734985317,4.360029654514408,8.390217745789188e-11
311,27/5/2018,15:20:48,51.53994,-0.026109,4.43,10.8,541,0.5248121462651393,2.275609756097561,353.25493238321195,2.098924501330138,4.384922544687489,1.0152092458297616e-10
312,27/5/2018,15:20:49,51.539948,-0.026108,4.28,10.8,544,0.5842106279819969,2.282926829268293,361.80212125545626,2.150032764573799,4.417007496966769,9.039714135447622e-11
313,27/5/2018,15:20:49,51.539948,-0.026108,4.28,8.6,546,0.6238096157932352,2.2902439024390246,370.3493101277005,2.2011410278174597,4.449092449246049,7.927335812597629e-11
314,27/5/2018,15:20:50,51.539955,-0.026099,4.52,8.6,544,0.5842106279819969,2.2975609756097564,378.8964989999448,2.25224929106112,4.481177401525328,6.814957489747635e-11
315,27/5/2018,15:20:51,51.539959,-0.026078,4.35,8.6,545,0.604010121887616,2.304878048780488,382.60615595521006,2.2203201879850156,4.450282948369084,6.298361495250096e-11
316,27/5/2018,15:20:51,51.539959,-0.026078,4.35,9.3,546,0.6238096157932352,2.31219512195122,385.3530414685971,2.1718648880230886,4.4068542579157235,5.900338818956443e-11
317,27/5/2018,15:20:52,51.539967,-0.026062,4.46,9.3,543,0.5644111340763777,2.3195121951219515,388.0999269819842,2.1234095880611616,4.363425567462364,5.502316142662791e-11
318,27/5/2018,15:20:53,51.539974,-0.026048,4.17,9.3,544,0.5842106279819969,2.326829268292683,393.7416634937614,2.1255754859808005,4.364173245339303,5.327631098407723e-11
319,27/5/2018,15:20:54,51.539967,-0.026031,3.72,9.3,545,0.604010121887616,2.334146341463415,400.8705717426977,2.1537470107297527,4.387615647907663,5.267681290749122e-11
320,27/5/2018,15:20:55,51.53997,-0.025993,4.13,9.3,545,0.604010121887616,2.3414634146341466,407.9994799916339,2.181918535478705,4.411058050476023,5.2077314830905197e-11
321,27/5/2018,15:20:55,51.53997,-0.025993,4.13,9.4,547,0.6436091096988544,2.3487804878048784,413.7093169732793,2.2032302713021163,4.450800827108036,5.859079011871407e-11
322,27/5/2018,15:20:56,51.539978,-0.025974,3.96,9.4,546,0.6238096157932352,2.35609756097561,417.9256728073447,2.2173225209215457,4.507698698007472,7.259021193212786e-11
323,27/5/2018,15:20:56,51.539978,-0.025974,3.96,10.9,548,0.6634086036044737,2.363414634146342,422.1420286414101,2.2314147705409755,4.564596568906907,8.658963374554166e-11
324,27/5/2018,15:20:57,51.539963,-0.025961,2.56,10.9,544,0.5842106279819969,2.3707317073170735,422.6308786229387,2.2360151757643023,4.588963342509664,9.178438013382146e-11
325,27/5/2018,15:20:57,51.539963,-0.025961,2.56,21.0,548,0.6634086036044737,2.378048780487805,414.9698494789075,2.219862458774766,4.5422035984681015,7.772844166917351e-11
326,27/5/2018,15:20:58,51.53997,-0.025961,1.5,21.0,545,0.604010121887616,2.385365853658537,407.30882033487626,2.20370974178523,4.495443854426539,6.367250320452558e-11
327,27/5/2018,15:20:59,51.539978,-0.025952,2.35,21.0,545,0.604010121887616,2.3926829268292686,399.3040684388902,2.1874618545697633,4.449355043463893,5.073397224160293e-11
328,27/5/2018,15:20:59,51.539978,-0.025952,2.35,11.2,545,0.604010121887616,2.4000000000000004,389.1955409049985,2.1706314723008617,4.40737271849341,4.463460064876494e-11
329,27/5/2018,15:21:0,51.539989,-0.025939,3.11,11.2,544,0.5842106279819969,2.407317073170732,379.0870133711068,2.1538010900319606,4.365390393522928,3.853522905592695e-11
330,27/5/2018,15:21:1,51.540005,-0.025921,4.33,11.2,543,0.5644111340763777,2.4146341463414633,368.9784858372157,2.13697070776306,4.323408068552448,3.2435857463089336e-11
331,27/5/2018,15:21:1,51.540005,-0.025921,4.33,10.5,544,0.5842106279819969,2.421951219512195,359.82514783812763,2.154435767793122,4.347676934489856,4.4674308773400494e-11
332,27/5/2018,15:21:2,51.540031,-0.025901,4.44,10.5,543,0.5644111340763777,2.4292682926829268,350.7043612410386,2.173069564171657,4.37420353993296,5.753768510995693e-11
333,27/5/2018,15:21:3,51.540039,-0.025844,4.61,10.5,544,0.5842106279819969,2.4365853658536585,341.58357464394953,2.191703360550192,4.400730145376064,7.040106144651337e-11
334,27/5/2018,15:21:3,51.540039,-0.025844,4.61,13.8,543,0.5644111340763777,2.44390243902439,334.42690755972063,2.1691668462840465,4.384545125891028,7.26516300739619e-11
335,27/5/2018,15:21:4,51.540051,-0.025833,3.82,13.8,540,0.5050126523595201,2.451219512195122,327.7809115488355,2.1359260512502822,4.357255083924674,7.214286869704174e-11
336,27/5/2018,15:21:5,51.540062,-0.025816,4.57,13.8,541,0.5248121462651393,2.4585365853658536,321.13491553795035,2.102685256216518,4.329965041958319,7.163410732012157e-11
337,27/5/2018,15:21:6,51.540066,-0.025803,5.15,13.8,542,0.5446116401707585,2.4658536585365853,320.2179796157814,2.0982565047334196,4.324797965198192,6.902368933318163e-11
338,27/5/2018,15:21:7,51.540073,-0.025778,4.54,13.8,542,0.5446116401707585,2.473170731707317,322.8085745107837,2.111467493294013,4.333175340935759,6.512656371661235e-11
339,27/5/2018,15:21:8,51.540073,-0.025762,3.74,13.8,542,0.5446116401707585,2.4804878048780488,325.39916940578604,2.1246784818546063,4.341552716673326,6.122943810004305e-11
340,27/5/2018,15:21:8,51.540073,-0.025762,3.74,12.6,543,0.5644111340763777,2.4878048780487805,330.51080439148893,2.150249981018036,4.365140916678029,6.219286823740601e-11
341,27/5/2018,15:21:9,51.540089,-0.02574,5.15,12.6,541,0.5248121462651393,2.495121951219512,338.743036701912,2.191121584476383,4.407557400171717,6.917279820685173e-11
342,27/5/2018,15:21:7,51.540096,-0.025722,4.63,12.6,542,0.5446116401707585,2.502439024390244,346.97526901233505,2.23199318793473,4.449973883665406,7.615272817629744e-11
343,27/5/2018,15:21:8,51.5401,-0.025711,3.89,12.6,545,0.604010121887616,2.5097560975609756,352.9630176061537,2.2550397085609535,4.473285948531823,7.948353714596896e-11
344,27/5/2018,15:21:8,51.5401,-0.025711,3.89,14.4,546,0.6238096157932352,2.5170731707317073,352.9878094603376,2.230730038976463,4.445842990776535,7.311966644459948e-11
345,27/5/2018,15:21:9,51.540112,-0.025701,4.19,14.4,544,0.5842106279819969,2.524390243902439,353.0126013145214,2.2064203693919726,4.418400033021249,6.675579574322998e-11
346,27/5/2018,15:21:10,51.540123,-0.02569,4.56,14.4,542,0.5446116401707585,2.5317073170731708,352.7695273015557,2.183299917408178,4.393404924860213,6.116727047668251e-11
347,27/5/2018,15:21:11,51.540131,-0.025673,4.57,14.4,542,0.5446116401707585,2.5390243902439025,350.11768364034043,2.1708734418246003,4.390421974757437,6.255099804018711e-11
348,27/5/2018,15:21:11,51.540131,-0.025673,4.57,14.3,543,0.5644111340763777,2.546341463414634,347.4658399791252,2.1584469662410224,4.387439024654661,6.393472560369173e-11
349,27/5/2018,15:21:12,51.540131,-0.025657,3.35,14.3,542,0.5446116401707585,2.553658536585366,344.8139963179099,2.146020490657444,4.384456074551886,6.531845316719634e-11
350,27/5/2018,15:21:13,51.540146,-0.025645,3.85,14.3,544,0.5842106279819969,2.5609756097560976,344.22287596144326,2.17080345071447,4.430888102662454,8.722746591999648e-11
351,27/5/2018,15:21:14,51.540154,-0.025632,4.35,14.3,543,0.5644111340763777,2.5682926829268293,343.79479815029515,2.1985303873270734,4.481229798706705,1.1076042048630493e-10
352,27/5/2018,15:21:14,51.540154,-0.025632,4.35,12.6,545,0.604010121887616,2.575609756097561,343.36672033914704,2.2262573239396763,4.531571494750955,1.342933750526134e-10
353,27/5/2018,15:21:15,51.540157,-0.025615,5.0,12.6,541,0.5248121462651393,2.5829268292682928,338.336422722514,2.2154118218959566,4.509832679406125,1.2144692124486023e-10
354,27/5/2018,15:21:16,51.540169,-0.025603,4.52,12.6,543,0.5644111340763777,2.5902439024390245,331.7988357776548,2.1919333236878553,4.464486520174686,9.668571839707818e-11
355,27/5/2018,15:21:17,51.540188,-0.025595,5.59,12.6,542,0.5446116401707585,2.597560975609756,325.2612488327956,2.168454825479754,4.419140360943248,7.192451554929612e-11
356,27/5/2018,15:21:18,51.540192,-0.025575,5.24,12.6,542,0.5446116401707585,2.604878048780488,319.56935812205796,2.1525415228248765,4.39798289537252,6.187843378993315e-11
357,27/5/2018,15:21:19,51.540203,-0.025565,5.02,12.6,541,0.5248121462651393,2.6121951219512196,314.4901342086675,2.142108845415674,4.394348990720226,6.249275909644987e-11
358,27/5/2018,15:21:19,51.540203,-0.025565,5.02,9.2,542,0.5446116401707585,2.6195121951219513,309.41091029527706,2.1316761680064706,4.3907150860679325,6.310708440296658e-11
359,27/5/2018,15:21:20,51.540211,-0.025554,4.46,9.2,540,0.5050126523595201,2.626829268292683,307.7539810799971,2.1289624417912614,4.438416468919483,8.836292583727571e-11
360,27/5/2018,15:21:21,51.540211,-0.025523,4.72,9.2,541,0.5248121462651393,2.6341463414634148,311.0936784860565,2.137518556553225,4.561068516977462,1.4959593064745267e-10
361,27/5/2018,15:21:22,51.540215,-0.025496,5.3,9.2,541,0.5248121462651393,2.6414634146341465,314.43337589211586,2.1460746713151884,4.683720565035442,2.1082893545762966e-10
362,27/5/2018,15:21:22,51.540215,-0.025496,5.3,9.2,544,0.5842106279819969,2.648780487804878,319.8442777947683,2.1668582941018335,4.781536191644494,2.588666300420721e-10
363,27/5/2018,15:21:23,51.540222,-0.025482,5.0,9.2,538,0.4654136645482817,2.65609756097561,332.0692007163677,2.2278689909541103,4.797642890879744,2.634932942924371e-10
364,27/5/2018,15:21:24,51.540234,-0.02547,4.94,9.2,543,0.5644111340763777,2.6634146341463416,344.2941236379671,2.288879687806387,4.813749590114993,2.68119958542802e-10
365,27/5/2018,15:21:24,51.540234,-0.02547,4.94,8.4,547,0.6436091096988544,2.6707317073170733,356.1519993252871,2.3435277702984965,4.824253665092542,2.706876700392048e-10
366,27/5/2018,15:21:25,51.540241,-0.025458,4.24,8.4,545,0.604010121887616,2.678048780487805,362.23004261458794,2.297984811473552,4.746534137834909,2.408333913339795e-10
367,27/5/2018,15:21:26,51.540245,-0.025443,3.98,8.4,544,0.5842106279819969,2.6853658536585368,368.3080859038888,2.2524418526486074,4.668814610577277,2.109791126287542e-10
368,27/5/2018,15:21:27,51.540253,-0.025432,4.13,8.4,541,0.5248121462651393,2.6926829268292685,374.38612919318973,2.206898893823663,4.591095083319645,1.8112483392352894e-10
369,27/5/2018,15:21:28,51.540257,-0.025419,4.19,8.4,545,0.604010121887616,2.7,377.6290552020073,2.1926385704013436,4.555189902062331,1.6176959235060854e-10
370,27/5/2018,15:21:28,51.540257,-0.025419,4.19,7.1,547,0.6436091096988544,2.707317073170732,380.50834344945304,2.1823906197954623,4.524647911695729,1.4376097808853457e-10
371,27/5/2018,15:21:29,51.540264,-0.025417,4.33,7.1,543,0.5644111340763777,2.7146341463414636,383.3876316968988,2.1721426691895807,4.494105921329127,1.2575236382646064e-10
372,27/5/2018,15:21:30,51.540283,-0.025418,5.57,7.1,544,0.5842106279819969,2.7219512195121953,389.35201166897286,2.184579299700508,4.475052230396037,1.1021990418300498e-10
373,27/5/2018,15:21:30,51.540283,-0.025418,5.57,5.7,544,0.5842106279819969,2.729268292682927,396.55867094237635,2.2061503703176304,4.460624553166136,9.568452206727537e-11
374,27/5/2018,15:21:31,51.540291,-0.025411,4.5,5.7,546,0.6238096157932352,2.7365853658536587,403.7653302157798,2.2277214409347534,4.446196875936236,8.114913995154577e-11
375,27/5/2018,15:21:31,51.540291,-0.025411,4.5,5.4,546,0.6238096157932352,2.7439024390243905,403.9252591031354,2.2460900748505948,4.457458986035604,8.791112707468378e-11
376,27/5/2018,15:21:32,51.540302,-0.025403,4.96,5.4,547,0.6436091096988544,2.751219512195122,398.0710829874364,2.261725556008772,4.490646311098535,1.1284957446725016e-10
377,27/5/2018,15:21:32,51.540302,-0.025403,4.96,5.2,548,0.6634086036044737,2.758536585365854,392.2169068717375,2.2773610371669495,4.523833636161466,1.3778802185981652e-10
378,27/5/2018,15:21:33,51.54031,-0.025386,4.8,5.2,543,0.5644111340763777,2.7658536585365856,383.08318560879394,2.257646028069272,4.5152295206725634,1.4315409332767255e-10
379,27/5/2018,15:21:33,51.54031,-0.025386,4.8,5.0,543,0.5644111340763777,2.7731707317073173,368.27187029036037,2.176731759829234,4.434275483534675,1.1463619607037997e-10
380,27/5/2018,15:21:34,51.54031,-0.025368,3.8,5.0,542,0.5446116401707585,2.780487804878049,353.46055497192685,2.095817491589196,4.353321446396786,8.61182988130874e-11
381,27/5/2018,15:21:34,51.54031,-0.025368,3.8,4.8,542,0.5446116401707585,2.7878048780487807,340.44119940007573,2.051579232571517,4.30626204131879,6.506505512355964e-11
382,27/5/2018,15:21:35,51.540314,-0.025348,4.22,4.8,541,0.5248121462651393,2.7951219512195125,334.92699288449603,2.1609487298262473,4.4011613305151105,7.527553696489334e-11
383,27/5/2018,15:21:36,51.540321,-0.025334,4.61,4.8,543,0.5644111340763777,2.802439024390244,329.41278636891633,2.2703182270809776,4.49606061971143,8.548601880622704e-11
384,27/5/2018,15:21:37,51.540329,-0.025317,4.52,4.8,545,0.604010121887616,2.809756097560976,323.7396867333381,2.375563414243754,4.589154245414521,9.620286114140883e-11
385,27/5/2018,15:21:38,51.540337,-0.025296,4.11,4.8,543,0.5644111340763777,2.8170731707317076,310.0139334303569,2.271789854793856,4.590737409550926,1.325818950670776e-10
386,27/5/2018,15:21:38,51.540337,-0.025296,4.11,5.3,541,0.5248121462651393,2.8243902439024393,296.28818012737565,2.168016295343959,4.5923205736873305,1.6896092899274642e-10
387,27/5/2018,15:21:39,51.540337,-0.025263,4.46,5.3,537,0.4456141706426625,2.831707317073171,282.56242682439444,2.0642427358940614,4.5939037378237355,2.053399629184152e-10
388,27/5/2018,15:21:39,51.540337,-0.025263,4.46,6.2,539,0.48521315845390095,2.8390243902439027,283.97263208249746,2.0902813410259595,4.617150453266795,2.1748947830804866e-10
389,27/5/2018,15:21:40,51.54034,-0.02524,4.52,6.2,536,0.4258146767370433,2.8463414634146345,288.13900992347,2.139958008293096,4.644341979071091,2.2522693519371342e-10
390,27/5/2018,15:21:40,51.54034,-0.02524,4.52,6.6,542,0.5446116401707585,2.853658536585366,292.3053877644425,2.1896346755602325,4.671533504875386,2.3296439207937816e-10
391,27/5/2018,15:21:41,51.540348,-0.025218,4.32,6.6,542,0.5446116401707585,2.860975609756098,301.72569455315494,2.2388474981304167,4.674219664822601,2.166679437279719e-10
392,27/5/2018,15:21:41,51.540348,-0.025218,4.32,7.1,543,0.5644111340763777,2.8682926829268296,313.7038817870914,2.2878344974563665,4.664975363442232,1.886705651128024e-10
393,27/5/2018,15:21:42,51.540352,-0.025199,4.02,7.1,543,0.5644111340763777,2.8756097560975613,325.6820690210279,2.3368214967823167,4.6557310620618635,1.6067318649763293e-10
394,27/5/2018,15:21:42,51.540352,-0.025199,4.02,7.5,545,0.604010121887616,2.882926829268293,327.59070610127753,2.330912501410604,4.643963336099416,1.3980841317127412e-10
395,27/5/2018,15:21:43,51.540356,-0.025182,3.57,7.5,541,0.5248121462651393,2.8902439024390247,319.39624819086777,2.2699246355260754,4.629663779234359,1.2610000608411114e-10
396,27/5/2018,15:21:43,51.540356,-0.025182,3.57,8.0,543,0.5644111340763777,2.8975609756097565,311.20179028045794,2.2089367696415474,4.6153642223693,1.1239159899694815e-10
397,27/5/2018,15:21:44,51.540356,-0.025171,0.78,8.0,539,0.48521315845390095,2.904878048780488,303.2979130962996,2.1613207061527953,4.589798831697583,9.858539770515881e-11
398,27/5/2018,15:21:44,51.540356,-0.025171,0.78,8.6,541,0.5248121462651393,2.91219512195122,295.99542340127397,2.141378999362487,4.540917608646427,8.45768009829131e-11
399,27/5/2018,15:21:45,51.540356,-0.02517,0.5,8.6,539,0.48521315845390095,2.9195121951219516,288.6929337062483,2.1214372925721783,4.492036385595272,7.056820426066739e-11
400,27/5/2018,15:21:45,51.540356,-0.02517,0.5,8.7,541,0.5248121462651393,2.9268292682926833,283.14242295521086,2.107643206443712,4.448478189168265,5.99012485267322e-11
401,27/5/2018,15:21:46,51.540356,-0.025166,0.06,8.7,539,0.48521315845390095,2.934146341463415,287.33729508010373,2.128045260246727,4.434529328338071,6.782217079026679e-11
402,27/5/2018,15:21:47,51.540352,-0.025164,0.24,8.7,541,0.5248121462651393,2.9414634146341467,291.53216720499665,2.1484473140497427,4.420580467507878,7.574309305380138e-11
403,27/5/2018,15:21:48,51.540352,-0.025163,0.07,8.7,540,0.5050126523595201,2.948780487804878,295.7270393298893,2.1688493678527565,4.406631606677685,8.366401531733548e-11
404,27/5/2018,15:21:49,51.540352,-0.025159,0.26,8.7,541,0.5248121462651393,2.9560975609756097,297.4150129992787,2.207234752247487,4.427239802462815,7.303670580785907e-11
405,27/5/2018,15:21:50,51.540352,-0.02516,0.2,8.7,543,0.5644111340763777,2.9634146341463414,299.04917893467876,2.2460061284507797,4.448589726300682,6.201127952623169e-11
406,27/5/2018,15:21:51,51.540348,-0.02516,0.11,8.7,543,0.5644111340763777,2.970731707317073,300.6833448700788,2.284777504654073,4.469939650138549,5.098585324460429e-11
407,27/5/2018,15:21:51,51.540348,-0.02516,0.11,9.3,541,0.5248121462651393,2.978048780487805,299.1772655103265,2.2154562653439522,4.418617354467806,5.1262270229502616e-11
408,27/5/2018,15:21:52,51.540352,-0.02516,0.04,9.3,539,0.48521315845390095,2.9853658536585366,296.91337878529623,2.120050000034534,4.349757720780909,5.4266060162562533e-11
409,27/5/2018,15:21:52,51.540352,-0.02516,0.04,9.3,539,0.48521315845390095,2.9926829268292683,294.6494920602659,2.0246437347251156,4.280898087094012,5.726985009562245e-11
410,27/5/2018,15:21:53,51.540348,-0.025159,0.07,9.3,539,0.48521315845390095,3.0,302.23938858509047,2.0465734488251677,4.294551625770552,5.6588253478711795e-11
411,27/5/2018,15:21:53,51.540348,-0.025159,0.07,9.3,542,0.5446116401707585,3.0073170731707317,315.56200979831726,2.136766777918825,4.356209599731705,5.376257616450824e-11
412,27/5/2018,15:21:54,51.540352,-0.025158,0.07,9.3,543,0.5644111340763777,3.0146341463414634,328.884631011544,2.226960107012482,4.417867573692859,5.093689885030468e-11
413,27/5/2018,15:21:54,51.540352,-0.025158,0.07,9.4,544,0.5842106279819969,3.021951219512195,341.7861300357956,2.2571337969228353,4.446423768660177,5.695339249615455e-11
414,27/5/2018,15:21:55,51.540352,-0.025157,0.3,9.4,544,0.5842106279819969,3.029268292682927,354.1908852588838,2.216510021173801,4.435934043100992,7.339986045402853e-11
415,27/5/2018,15:21:55,51.540352,-0.025157,0.3,9.5,545,0.604010121887616,3.0365853658536586,366.59564048197194,2.1758862454247665,4.425444317541806,8.98463284119025e-11
416,27/5/2018,15:21:56,51.540352,-0.025157,0.19,9.5,542,0.5446116401707585,3.0439024390243903,378.72840481269634,2.151191483155816,4.427834125689016,1.0977483593330396e-10
417,27/5/2018,15:21:57,51.540356,-0.025158,0.15,9.5,544,0.5842106279819969,3.051219512195122,390.1801834717028,2.1663783134294325,4.462470520610664,1.384213524678388e-10
418,27/5/2018,15:21:58,51.540356,-0.025157,0.3,9.5,546,0.6238096157932352,3.0585365853658537,401.6319621307092,2.1815651437030485,4.497106915532312,1.6706786900237367e-10
419,27/5/2018,15:21:58,51.540356,-0.025157,0.3,9.6,548,0.6634086036044737,3.0658536585365854,414.7492734717155,2.1943268264091382,4.532582475144396,1.9464700313449549e-10
420,27/5/2018,15:21:59,51.540356,-0.025157,0.93,9.6,544,0.5842106279819969,3.073170731707317,441.0694714174033,2.1878640599766963,4.5747101985778444,2.1376486299971412e-10
421,27/5/2018,15:21:59,51.540356,-0.025157,0.93,9.9,547,0.6436091096988544,3.080487804878049,467.3896693630911,2.1814012935442544,4.6168379220112925,2.3288272286493276e-10
422,27/5/2018,15:22:0,51.540356,-0.02516,0.2,9.9,546,0.6238096157932352,3.0878048780487806,493.70986730877894,2.1749385271118125,4.658965645444741,2.520005827301514e-10
423,27/5/2018,15:22:1,51.540356,-0.025161,0.31,9.9,547,0.6436091096988544,3.0951219512195123,526.3792024894458,2.2598288796947794,4.727789971927698,2.461622143182469e-10
424,27/5/2018,15:22:2,51.540352,-0.025164,0.09,9.9,556,0.8218045548494273,3.102439024390244,559.4637010969773,2.350692716948429,4.7983599612932615,2.386919843053575e-10
425,27/5/2018,15:22:2,51.540352,-0.025164,0.09,9.1,558,0.8614035426606657,3.1097560975609757,592.5481997045086,2.441556554202079,4.868929950658826,2.312217542924681e-10
426,27/5/2018,15:22:3,51.540352,-0.025168,0.13,9.1,551,0.7228070853213313,3.1170731707317074,609.15213788428,2.3753200033682376,4.779191647443039,2.0308179404249413e-10
427,27/5/2018,15:22:3,51.540352,-0.025168,0.13,8.6,550,0.7030075914157121,3.124390243902439,620.6999104488191,2.2608857238303623,4.640271444112912,1.6860044875534408e-10
428,27/5/2018,15:22:4,51.540352,-0.025171,0.19,8.6,551,0.7228070853213313,3.131707317073171,632.2476830133583,2.146451444292487,4.501351240782786,1.3411910346819403e-10
429,27/5/2018,15:22:4,51.540352,-0.025171,0.19,8.3,555,0.8020050609438081,3.1390243902439026,644.8660640164125,2.13704704092213,4.463089089984847,1.1283035246843693e-10
430,27/5/2018,15:22:5,51.540352,-0.025174,0.26,8.3,553,0.7624060731325697,3.1463414634146343,658.2227956667184,2.20007703490867,4.494246285760818,1.0063994235653561e-10
431,27/5/2018,15:22:5,51.540352,-0.025174,0.26,8.0,557,0.8416040487550465,3.153658536585366,671.5795273170244,2.26310702889521,4.52540348153679,8.844953224463428e-11
432,27/5/2018,15:22:6,51.540352,-0.025178,0.06,8.0,554,0.7822055670381889,3.1609756097560977,669.9334774017326,2.306776811694222,4.5514217444434255,8.840564840144028e-11
433,27/5/2018,15:22:6,51.540352,-0.025178,0.06,7.6,556,0.8218045548494273,3.1682926829268294,647.4363795518867,2.323539537976468,4.570297856068148,1.0524315420987561e-10
434,27/5/2018,15:22:7,51.540348,-0.025182,0.54,7.6,555,0.8020050609438081,3.175609756097561,624.9392817020408,2.340302264258714,4.589173967692871,1.2208066001831094e-10
435,27/5/2018,15:22:7,51.540348,-0.025182,0.54,7.3,555,0.8020050609438081,3.182926829268293,600.7385953664769,2.3138680141288552,4.5822026978496115,1.3742121367974378e-10
436,27/5/2018,15:22:8,51.540348,-0.025182,0.19,7.3,548,0.6634086036044737,3.1902439024390246,571.2894692420949,2.154351900826876,4.495600445248128,1.48149935742084e-10
437,27/5/2018,15:22:8,51.540348,-0.025182,0.19,7.3,547,0.6436091096988544,3.1975609756097563,541.8403431177129,1.9948357875248968,4.408998192646645,1.588786578044242e-10
438,27/5/2018,15:22:9,51.540348,-0.025182,0.0,7.3,545,0.604010121887616,3.204878048780488,517.499192272746,1.8614043933588214,4.338534180733054,1.680471620399094e-10
439,27/5/2018,15:22:9,51.540348,-0.025182,0.0,7.3,544,0.5842106279819969,3.2121951219512197,559.3354173578881,2.065918695845706,4.477152312415036,1.570019581008977e-10
440,27/5/2018,15:22:10,51.540348,-0.02518,0.04,7.3,551,0.7228070853213313,3.2195121951219514,601.1716424430302,2.27043299833259,4.615770444097018,1.4595675416188597e-10
441,27/5/2018,15:22:10,51.540348,-0.02518,0.04,7.3,555,0.8020050609438081,3.226829268292683,643.0078675281725,2.4749473008194744,4.754388575779,1.3491155022287423e-10
442,27/5/2018,15:22:11,51.540344,-0.025177,1.06,7.3,561,0.9208020243775232,3.234146341463415,657.0637989509399,2.494558676920779,4.776737774989605,1.393830224690851e-10
443,27/5/2018,15:22:11,51.540344,-0.025177,1.06,7.3,560,0.901002530471904,3.2414634146341466,667.9732918623021,2.493227665028571,4.785918177237367,1.4561193717114434e-10
444,27/5/2018,15:22:12,51.540344,-0.025171,1.69,7.3,556,0.8218045548494273,3.2487804878048783,678.8827847736641,2.491896653136363,4.795098579485129,1.5184085187320357e-10
445,27/5/2018,15:22:12,51.540344,-0.025171,1.69,7.1,556,0.8218045548494273,3.25609756097561,648.0977284791978,2.423546895309387,4.808950456234591,1.8063207593789886e-10
446,27/5/2018,15:22:13,51.540348,-0.025162,2.89,7.1,548,0.6634086036044737,3.2634146341463417,601.4870038730328,2.3297593653027944,4.824575447393458,2.17987096257024e-10
447,27/5/2018,15:22:14,51.540356,-0.025158,2.69,7.1,544,0.5842106279819969,3.2707317073170734,554.8762792668678,2.235971835296202,4.840200438552324,2.5534211657614916e-10
448,27/5/2018,15:22:15,51.540359,-0.025155,1.67,7.1,551,0.7228070853213313,3.278048780487805,516.2932554105423,2.2156392091060595,4.835213091101364,2.7567863329196116e-10
449,27/5/2018,15:22:15,51.540359,-0.025155,1.67,7.0,553,0.7624060731325697,3.285365853658537,484.23934014105123,2.2550490992600447,4.813461267593565,2.8217362035014593e-10
450,27/5/2018,15:22:16,51.540359,-0.025151,0.85,7.0,546,0.6238096157932352,3.2926829268292686,452.18542487156014,2.29445898941403,4.791709444085767,2.8866860740833065e-10
451,27/5/2018,15:22:16,51.540359,-0.025151,0.85,7.2,546,0.6238096157932352,3.3000000000000003,425.75422865152314,2.286191151317321,4.741714789583855,2.8211986951220533e-10
452,27/5/2018,15:22:17,51.540363,-0.025149,0.5,7.2,542,0.5446116401707585,3.307317073170732,408.57207928052713,2.199496214450787,4.6452623155258586,2.541149602997963e-10
453,27/5/2018,15:22:17,51.540363,-0.025149,0.5,7.6,543,0.5644111340763777,3.3146341463414637,391.3899299095312,2.112801277584253,4.548809841467861,2.2611005108738726e-10
454,27/5/2018,15:22:18,51.540363,-0.025148,0.22,7.6,542,0.5446116401707585,3.3219512195121954,377.3451753244167,2.075376248956453,4.5060246803138355,2.1300214131025878e-10
455,27/5/2018,15:22:18,51.540363,-0.025148,0.22,7.8,543,0.5644111340763777,3.329268292682927,375.49084464515124,2.2293906496077804,4.671765171440276,2.577768859120064e-10
456,27/5/2018,15:22:19,51.540359,-0.025141,0.8,7.8,549,0.6832080975100929,3.336585365853659,373.63651396588574,2.383405050259108,4.837505662566715,3.0255163051375394e-10
457,27/5/2018,15:22:19,51.540359,-0.025141,0.8,8.1,548,0.6634086036044737,3.3439024390243905,371.0928041629669,2.528758810704236,4.993505489903913,3.442098623035803e-10
458,27/5/2018,15:22:20,51.540359,-0.02514,0.26,8.1,541,0.5248121462651393,3.3512195121951223,347.20831453218636,2.4060092743315846,4.847968246896099,2.893916974809673e-10
459,27/5/2018,15:22:20,51.540359,-0.02514,0.26,8.4,543,0.5644111340763777,3.358536585365854,323.32382490140577,2.2832597379589332,4.702431003888284,2.3457353265835423e-10
460,27/5/2018,15:22:21,51.540356,-0.025139,0.15,8.4,540,0.5050126523595201,3.3658536585365857,299.43933527062524,2.1605102015862814,4.55689376088047,1.797553678357412e-10
461,27/5/2018,15:22:21,51.540356,-0.025139,0.15,8.7,539,0.48521315845390095,3.3731707317073174,283.97697109783536,2.0986651322109338,4.4787130263489185,1.5421428332694422e-10
462,27/5/2018,15:22:22,51.540348,-0.025147,2.63,8.7,538,0.4654136645482817,3.380487804878049,269.909637397382,2.046908203624565,4.411689140798454,1.3352261828862862e-10
463,27/5/2018,15:22:22,51.540348,-0.025147,2.63,8.7,537,0.4456141706426625,3.387804878048781,255.84230369692864,1.9951512750381961,4.344665255247989,1.1283095325031302e-10
464,27/5/2018,15:22:23,51.540348,-0.02515,1.41,8.7,537,0.4456141706426625,3.3951219512195125,254.26749228268145,2.0860087590673486,4.448761797207831,1.3540790404698823e-10
465,27/5/2018,15:22:23,51.540348,-0.02515,1.41,8.7,540,0.5050126523595201,3.4024390243902443,258.4506079910733,2.2425986368969792,4.631729437271465,1.77927787981388e-10
466,27/5/2018,15:22:24,51.540348,-0.02515,0.09,8.7,539,0.48521315845390095,3.409756097560976,262.6337236994651,2.39918851472661,4.8146970773351,2.204476719157878e-10
467,27/5/2018,15:22:24,51.540348,-0.02515,0.09,8.7,544,0.5842106279819969,3.4170731707317077,260.50944999005713,2.42312396318479,4.849781505731246,2.3187136858944318e-10
468,27/5/2018,15:22:25,51.540344,-0.02515,0.48,8.7,540,0.5050126523595201,3.4243902439024394,252.35202118536282,2.320172566157246,4.743412427315024,2.1355088614412806e-10
469,27/5/2018,15:22:25,51.540344,-0.02515,0.48,8.8,538,0.4654136645482817,3.431707317073171,244.19459238066852,2.2172211691297012,4.637043348898803,1.9523040369881297e-10
470,27/5/2018,15:22:26,51.540344,-0.025147,0.13,8.8,536,0.4258146767370433,3.439024390243903,237.05332190961332,2.153387578851582,4.575815223623545,1.9678097219376865e-10
471,27/5/2018,15:22:26,51.540344,-0.025147,0.13,9.0,535,0.4060151828314241,3.4463414634146345,231.9047952432454,2.1662662138953843,4.603111053455939,2.37299792331202e-10
472,27/5/2018,15:22:27,51.540344,-0.025146,0.46,9.0,537,0.4456141706426625,3.4536585365853663,226.75626857687746,2.1791448489391865,4.630406883288334,2.7781861246863533e-10
473,27/5/2018,15:22:27,51.540344,-0.025146,0.46,9.1,540,0.5050126523595201,3.460975609756098,222.4721868430696,2.196085723774349,4.6511061998607035,3.0407578071845487e-10
474,27/5/2018,15:22:28,51.540344,-0.025139,2.67,9.1,536,0.4258146767370433,3.4682926829268297,222.5842887221313,2.2336853489007984,4.638258575033441,2.5780451140186735e-10
475,27/5/2018,15:22:28,51.540344,-0.025139,2.67,9.2,538,0.4654136645482817,3.4756097560975614,222.69639060119303,2.2712849740272483,4.625410950206178,2.1153324208527978e-10
476,27/5/2018,15:22:29,51.540348,-0.02513,3.04,9.2,538,0.4654136645482817,3.4829268292682927,222.80849248025476,2.3088845991536955,4.6125633253789164,1.6526197276869502e-10
477,27/5/2018,15:22:29,51.540348,-0.02513,3.04,9.0,538,0.4654136645482817,3.4902439024390244,212.94030444869165,2.2760890633593567,4.587601601016444,1.642715780126044e-10
478,27/5/2018,15:22:30,51.540356,-0.025122,2.85,9.0,538,0.4654136645482817,3.497560975609756,202.98076364906808,2.2426491782659728,4.5625289924477,1.636956535042064e-10
479,27/5/2018,15:22:31,51.540356,-0.025117,2.98,9.0,534,0.38621568892580493,3.504878048780488,193.0212228494445,2.2092092931725893,4.537456383878956,1.6311972899580838e-10
480,27/5/2018,15:22:32,51.540371,-0.025105,2.61,9.0,535,0.4060151828314241,3.5121951219512195,184.50577777769496,2.166845854236626,4.4770366371506976,1.4337287363851285e-10
481,27/5/2018,15:22:32,51.540371,-0.025105,2.61,8.6,534,0.38621568892580493,3.5195121951219512,176.31263735526935,2.1224907863272904,4.408727837952297,1.193472990625381e-10
482,27/5/2018,15:22:33,51.540375,-0.025076,2.06,8.6,533,0.36641619502018574,3.526829268292683,168.11949693284373,2.0781357184179554,4.340419038753895,9.532172448656334e-11
483,27/5/2018,15:22:33,51.540375,-0.025076,2.06,9.6,534,0.38621568892580493,3.5341463414634147,162.9537865374146,2.1279445217156656,4.369307899984277,9.04112305590637e-11
484,27/5/2018,15:22:34,51.540382,-0.025053,3.89,9.6,534,0.38621568892580493,3.5414634146341464,159.46058735614866,2.2297743888062347,4.451893849374562,9.606091026369455e-11
485,27/5/2018,15:22:35,51.540386,-0.02504,4.22,9.6,535,0.4060151828314241,3.548780487804878,155.9673881748827,2.331604255896804,4.534479798764846,1.0171058996832539e-10
486,27/5/2018,15:22:36,51.540394,-0.025022,4.63,9.6,534,0.38621568892580493,3.55609756097561,150.3744864580107,2.337860734745762,4.602120190537598,1.4077327095928467e-10
487,27/5/2018,15:22:36,51.540394,-0.025022,4.63,10.1,534,0.38621568892580493,3.5634146341463415,142.42093651469153,2.2366662077392716,4.652957628803936,2.1740143605539189e-10
488,27/5/2018,15:22:37,51.540398,-0.024999,5.26,10.1,532,0.34661670111456655,3.5707317073170732,134.46738657137234,2.135471680732781,4.703795067070272,2.940296011514991e-10
489,27/5/2018,15:22:38,51.540405,-0.024987,4.41,10.1,528,0.2674187254920898,3.578048780487805,130.37258216956772,2.079474836712281,4.75217781240565,3.532416214699866e-10
490,27/5/2018,15:22:39,51.540413,-0.024978,4.89,10.1,530,0.30701771330332817,3.5853658536585367,135.39595228578992,2.130279635050131,4.794760144551855,3.7129947761644914e-10
491,27/5/2018,15:22:39,51.540413,-0.024978,4.89,9.4,533,0.36641619502018574,3.5926829268292684,140.4193224020121,2.181084433387981,4.837342476698061,3.8935733376291175e-10
492,27/5/2018,15:22:40,51.540417,-0.024968,3.82,9.4,531,0.32681720720894736,3.6,145.7776694297791,2.2485746265151856,4.891442586439018,4.0432796433870205e-10
493,27/5/2018,15:22:41,51.540421,-0.024954,3.98,9.4,535,0.4060151828314241,3.607317073170732,153.50332280193894,2.4339817255012974,5.026939673206289,3.974809459119989e-10
494,27/5/2018,15:22:42,51.540421,-0.02494,4.41,9.4,536,0.4258146767370433,3.6146341463414635,161.22897617409873,2.6193888244874097,5.162436759973561,3.906339274852958e-10
495,27/5/2018,15:22:42,51.540421,-0.02494,4.41,9.8,539,0.48521315845390095,3.6219512195121952,168.95462954625856,2.8047959234735216,5.297933846740833,3.837869090585927e-10
496,27/5/2018,15:22:43,51.540424,-0.024923,4.06,9.8,535,0.4060151828314241,3.629268292682927,154.63099612259273,2.6842736480710863,5.3617709419586435,5.404105378385748e-10
497,27/5/2018,15:22:44,51.540424,-0.024908,3.96,9.8,534,0.38621568892580493,3.6365853658536587,139.16071562796094,2.547841877531081,5.421881444104465,7.055352642070713e-10
498,27/5/2018,15:22:45,51.540428,-0.024884,4.8,9.8,527,0.2476192315864706,3.6439024390243904,123.69043513332917,2.411410106991076,5.481991946250287,8.706599905755678e-10
499,27/5/2018,15:22:46,51.540436,-0.02486,5.56,9.8,530,0.30701771330332817,3.651219512195122,110.05630172389303,2.332969021783578,5.362547018949682,8.132266097506107e-10
500,27/5/2018,15:22:46,51.540436,-0.02486,5.56,10.6,530,0.30701771330332817,3.658536585365854,96.94861857774775,2.271154715447916,5.191620920086342,6.919825597945234e-10
501,27/5/2018,15:22:47,51.540436,-0.024839,4.85,10.6,527,0.2476192315864706,3.6658536585365855,83.84093543160247,2.2093404091122544,5.020694821223001,5.707385098384361e-10
502,27/5/2018,15:22:47,51.540436,-0.024839,4.85,10.4,528,0.2674187254920898,3.6731707317073172,75.68791542947291,2.1932666390610787,4.9371091598101815,4.885435470988697e-10
503,27/5/2018,15:22:48,51.54044,-0.024821,4.19,10.4,526,0.2278197376808514,3.680487804878049,70.78631558269261,2.2072093801770616,4.910839293729812,4.3197393678656926e-10
504,27/5/2018,15:22:48,51.54044,-0.024821,4.19,10.2,527,0.2476192315864706,3.6878048780487807,65.88471573591231,2.221152121293045,4.884569427649443,3.754043264742688e-10
505,27/5/2018,15:22:49,51.540447,-0.024805,5.65,10.2,526,0.2278197376808514,3.6951219512195124,61.86833305856803,2.214235350308487,4.852688040708077,3.52611343327735e-10
506,27/5/2018,15:22:49,51.540447,-0.024805,5.65,10.5,528,0.2674187254920898,3.702439024390244,59.02353390578816,2.1797110480296404,4.813379814776813,3.7452167284737876e-10
507,27/5/2018,15:22:50,51.540455,-0.024789,5.35,10.5,525,0.20802024377523218,3.709756097560976,56.17873475300829,2.145186745750794,4.774071588845551,3.964320023670225e-10
508,27/5/2018,15:22:50,51.540455,-0.024789,5.35,10.1,525,0.20802024377523218,3.7170731707317075,54.47481109674384,2.1201863753171346,4.732415558591031,4.0838225309682177e-10
509,27/5/2018,15:22:51,51.540466,-0.024771,4.59,10.1,525,0.20802024377523218,3.7243902439024392,56.06935983187542,2.122721372541769,4.683971611719562,3.9153615838421773e-10
510,27/5/2018,15:22:51,51.540466,-0.024771,4.59,9.9,525,0.20802024377523218,3.731707317073171,57.66390856700699,2.1252563697664026,4.635527664848094,3.7469006367161375e-10
511,27/5/2018,15:22:52,51.540474,-0.024751,4.94,9.9,525,0.20802024377523218,3.7390243902439027,59.51969986408949,2.135557735849416,4.593281756274589,3.5495929422198684e-10
512,27/5/2018,15:22:52,51.540474,-0.024751,4.94,9.7,528,0.2674187254920898,3.7463414634146344,64.23923873901376,2.23099423397492,4.618978900435723,3.036066472753742e-10
513,27/5/2018,15:22:53,51.540478,-0.024732,4.85,9.7,528,0.2674187254920898,3.753658536585366,68.95877761393804,2.3264307321004236,4.644676044596857,2.522540003287616e-10
514,27/5/2018,15:22:53,51.540478,-0.024732,4.85,9.8,529,0.287218219397709,3.760975609756098,73.67831648886231,2.4218672302259274,4.670373188757992,2.00901353382149e-10
515,27/5/2018,15:22:54,51.540485,-0.024716,4.52,9.8,528,0.2674187254920898,3.7682926829268295,74.27921888232233,2.3422820951636942,4.600500813807656,1.7189412169500807e-10
516,27/5/2018,15:22:54,51.540485,-0.024716,4.52,9.8,528,0.2674187254920898,3.775609756097561,74.4737983942032,2.245430251894611,4.521200055805972,1.4509137043705108e-10
517,27/5/2018,15:22:55,51.540489,-0.024701,4.46,9.8,527,0.2476192315864706,3.782926829268293,74.66837790608407,2.148578408625528,4.441899297804286,1.1828861917909409e-10
518,27/5/2018,15:22:55,51.540489,-0.024701,4.46,9.9,528,0.2674187254920898,3.7902439024390246,74.71908614984373,2.135141762432361,4.4511243767479405,1.2384441327321816e-10
519,27/5/2018,15:22:56,51.540497,-0.02469,3.28,9.9,527,0.2476192315864706,3.7975609756097564,74.71840336410011,2.1515011478578083,4.491971015421136,1.409587275679899e-10
520,27/5/2018,15:22:56,51.540497,-0.02469,3.28,10.0,528,0.2674187254920898,3.804878048780488,74.71772057835649,2.167860533283256,4.532817654094331,1.580730418627616e-10
521,27/5/2018,15:22:57,51.540504,-0.024679,4.59,10.0,527,0.2476192315864706,3.81219512195122,76.11495837750972,2.146600737951595,4.5310495295530115,1.715902686032605e-10
522,27/5/2018,15:22:57,51.540504,-0.024679,4.59,10.2,529,0.287218219397709,3.8195121951219515,78.59542522125142,2.096190367351218,4.496259822998414,1.8232016267492716e-10
523,27/5/2018,15:22:58,51.540512,-0.02467,4.57,10.2,528,0.2674187254920898,3.826829268292683,81.07589206499311,2.045779996750841,4.461470116443815,1.9305005674659386e-10
524,27/5/2018,15:22:58,51.540512,-0.02467,4.57,10.1,528,0.2674187254920898,3.834146341463415,87.39188299673425,2.05051876102806,4.463973559662598,1.9604651929098864e-10
525,27/5/2018,15:22:59,51.54052,-0.024661,3.43,10.1,527,0.2476192315864706,3.8414634146341466,99.70645520563598,2.1415082071777785,4.524801754561831,1.8694825462122254e-10
526,27/5/2018,15:22:59,51.54052,-0.024661,3.43,9.7,529,0.287218219397709,3.8487804878048784,112.02102741453771,2.232497653327497,4.5856299494610635,1.7784998995145646e-10
527,27/5/2018,15:23:0,51.540527,-0.024644,4.46,9.7,532,0.34661670111456655,3.85609756097561,125.3690175479514,2.3157967150554954,4.632098869528343,1.65073593647087e-10
528,27/5/2018,15:23:0,51.540527,-0.024644,4.46,9.5,535,0.4060151828314241,3.863414634146342,142.45404305109253,2.3712858869905142,4.626641926246593,1.3899637520000384e-10
529,27/5/2018,15:23:1,51.540539,-0.02463,4.57,9.5,535,0.4060151828314241,3.8707317073170735,159.53906855423364,2.4267750589255335,4.621184982964843,1.1291915675292067e-10
530,27/5/2018,15:23:1,51.540539,-0.02463,4.57,9.6,536,0.4258146767370433,3.878048780487805,175.7842879397112,2.4779824256855374,4.616519685054601,8.907184748055913e-11
531,27/5/2018,15:23:2,51.540543,-0.024614,4.24,9.6,536,0.4258146767370433,3.885365853658537,173.4451264906219,2.434436138764991,4.629373000977445,1.1457102480538601e-10
532,27/5/2018,15:23:2,51.540543,-0.024614,4.24,10.3,537,0.4456141706426625,3.8926829268292686,171.10596504153264,2.390889851844445,4.642226316900288,1.400702021302129e-10
533,27/5/2018,15:23:3,51.54055,-0.024597,4.65,10.3,535,0.4060151828314241,3.9000000000000004,168.76680359244335,2.3473435649238983,4.655079632823131,1.6556937945503977e-10
534,27/5/2018,15:23:3,51.54055,-0.024597,4.65,10.5,534,0.38621568892580493,3.907317073170732,163.11400929311398,2.2235562102412456,4.591852504800367,1.8480326807004105e-10
535,27/5/2018,15:23:4,51.540558,-0.02458,4.22,10.5,530,0.30701771330332817,3.914634146341464,156.96537942130362,2.0877619804555088,4.517241076771148,2.0309964998028776e-10
536,27/5/2018,15:23:4,51.540558,-0.02458,4.22,10.5,532,0.34661670111456655,3.9219512195121955,150.81674954949327,1.9519677506697724,4.442629648741929,2.213960318905345e-10
537,27/5/2018,15:23:5,51.540562,-0.024564,3.61,10.5,532,0.34661670111456655,3.929268292682927,155.71637996667815,2.0132066213208364,4.467670399468183,2.137511627962884e-10
538,27/5/2018,15:23:5,51.540562,-0.024564,3.61,10.2,533,0.36641619502018574,3.936585365853659,165.43148827843595,2.1603240388954963,4.53614539697997,1.9479957956767946e-10
539,27/5/2018,15:23:6,51.540569,-0.024547,4.09,10.2,536,0.4258146767370433,3.9439024390243906,175.14659659019375,2.307441456470156,4.604620394491756,1.7584799633907048e-10
540,27/5/2018,15:23:6,51.540569,-0.024547,4.09,10.2,538,0.4654136645482817,3.9512195121951224,185.2771191684216,2.3350678595178778,4.601126744441872,1.5567307384520723e-10
541,27/5/2018,15:23:7,51.540573,-0.024535,4.02,10.2,536,0.4258146767370433,3.958536585365854,195.78643712546815,2.2537364155042066,4.532008503913078,1.3438264979588835e-10
542,27/5/2018,15:23:7,51.540573,-0.024535,4.02,10.5,536,0.4258146767370433,3.965853658536586,206.2957550825147,2.172404971490535,4.462890263384283,1.1309222574656946e-10
543,27/5/2018,15:23:8,51.540581,-0.02453,1.69,10.5,535,0.4060151828314241,3.9731707317073175,215.42658909719194,2.167661620439572,4.470922466893192,1.1822701139179288e-10
544,27/5/2018,15:23:8,51.540581,-0.02453,1.69,9.9,538,0.4654136645482817,3.980487804878049,221.99355025407775,2.3053661621363433,4.622448492386598,1.7251063063230322e-10
545,27/5/2018,15:23:9,51.540585,-0.024515,3.94,9.9,539,0.48521315845390095,3.987804878048781,228.56051141096353,2.4430707038331145,4.773974517880004,2.2679424987281355e-10
546,27/5/2018,15:23:9,51.540585,-0.024515,3.94,9.7,540,0.5050126523595201,3.9951219512195126,230.48236515318382,2.5664497157845,4.941129323118322,2.9838268512023047e-10
547,27/5/2018,15:23:10,51.540588,-0.024513,1.46,9.7,539,0.48521315845390095,4.002439024390244,210.69650851589748,2.6228820625707208,5.181321195963854,4.5084071078068864e-10
548,27/5/2018,15:23:10,51.540588,-0.024513,1.46,9.7,541,0.5248121462651393,4.009756097560976,190.91065187861233,2.679314409356938,5.42151306880937,6.032987364411377e-10
549,27/5/2018,15:23:11,51.540592,-0.024512,1.65,9.7,532,0.34661670111456655,4.017073170731708,171.10504502602922,2.735070888886033,5.6606224835279635,7.55091962541699e-10
550,27/5/2018,15:23:11,51.540592,-0.024512,1.65,9.8,532,0.34661670111456655,4.024390243902439,144.442995011079,2.5561947143169705,5.523948013766418,6.760947730115623e-10
551,27/5/2018,15:23:12,51.540596,-0.024509,2.04,9.8,527,0.2476192315864706,4.031707317073171,117.78094499612558,2.3773185397478866,5.387273544004856,5.97097583481416e-10
552,27/5/2018,15:23:12,51.540596,-0.024509,2.04,9.1,529,0.287218219397709,4.0390243902439025,91.11889498117539,2.198442365178824,5.250599074243311,5.181003939512791e-10
553,27/5/2018,15:23:13,51.540596,-0.024512,0.98,9.1,527,0.2476192315864706,4.046341463414635,79.34987569036959,2.1373588458372113,5.273942003165943,5.932260212388821e-10
554,27/5/2018,15:23:13,51.540596,-0.024512,0.98,9.4,527,0.2476192315864706,4.053658536585366,70.64251826521816,2.100490765733182,5.330180799724031,7.000357267787838e-10
555,27/5/2018,15:23:14,51.5406,-0.024516,0.59,9.4,524,0.18822074986961299,4.060975609756098,61.93516084006566,2.063622685629148,5.386419596282126,8.068454323186986e-10
556,27/5/2018,15:23:14,51.5406,-0.024516,0.59,9.3,525,0.20802024377523218,4.068292682926829,60.65292837997769,2.148973951172409,5.498337536538286,8.770017542782873e-10
557,27/5/2018,15:23:15,51.540604,-0.024519,0.22,9.3,524,0.18822074986961299,4.0756097560975615,63.26289852254292,2.2983918091920676,5.6394421247007,9.279446090385315e-10
558,27/5/2018,15:23:15,51.540604,-0.024519,0.22,8.6,530,0.30701771330332817,4.082926829268293,65.87286866510783,2.447809667211708,5.780546712863097,9.788874637987694e-10
559,27/5/2018,15:23:16,51.540604,-0.024521,0.19,8.6,527,0.2476192315864706,4.090243902439025,68.99664070802508,2.489658465061489,5.688876084066863,8.948959395133529e-10
560,27/5/2018,15:23:16,51.540604,-0.024521,0.19,8.2,528,0.2674187254920898,4.097560975609756,72.67106420819354,2.4162234157765123,5.347735742639143,6.662926253456475e-10
561,27/5/2018,15:23:17,51.540604,-0.02452,0.26,8.2,528,0.2674187254920898,4.104878048780488,76.34548770836244,2.3427883664915266,5.006595401211382,4.376893111779145e-10
562,27/5/2018,15:23:17,51.540604,-0.02452,0.26,8.2,529,0.287218219397709,4.11219512195122,79.53293814528286,2.2778641561685777,4.780032908545883,3.017485021721673e-10
563,27/5/2018,15:23:18,51.540604,-0.024517,0.22,8.2,528,0.2674187254920898,4.119512195121952,81.63291061251644,2.231945822296011,4.809338544421175,3.72735838857963e-10
564,27/5/2018,15:23:18,51.540604,-0.024517,0.22,8.6,529,0.287218219397709,4.126829268292683,83.73288307974977,2.18602748842345,4.8386441802964635,4.4372317554375015e-10
565,27/5/2018,15:23:19,51.5406,-0.024511,0.35,8.6,526,0.2278197376808514,4.134146341463415,86.61059645436188,2.1481297296753836,4.858268670309209,4.951868455279643e-10
566,27/5/2018,15:23:19,51.5406,-0.024511,0.35,9.1,529,0.287218219397709,4.1414634146341465,94.43332320669798,2.1612281971916505,4.816338733458442,4.2251561132284827e-10
567,27/5/2018,15:23:20,51.5406,-0.024509,0.44,9.1,531,0.32681720720894736,4.148780487804879,102.25604995903504,2.1743266647079187,4.774408796607672,3.4984437711772346e-10
568,27/5/2018,15:23:20,51.5406,-0.024509,0.44,9.6,531,0.32681720720894736,4.15609756097561,110.07877671137113,2.187425132224185,4.732478859756905,2.771731429126074e-10
569,27/5/2018,15:23:21,51.5406,-0.024506,0.35,9.6,529,0.287218219397709,4.163414634146342,124.95156582172437,2.2578703551087735,4.751312659069572,2.7316402217301503e-10
570,27/5/2018,15:23:22,51.540596,-0.024501,0.06,9.6,532,0.34661670111456655,4.170731707317073,140.09896078487714,2.330549282301713,4.772513256963753,2.7182934844762666e-10
571,27/5/2018,15:23:22,51.540596,-0.024501,0.06,10.7,535,0.4060151828314241,4.1780487804878055,155.24635574803173,2.4032282094946615,4.793713854857937,2.704946747222381e-10
572,27/5/2018,15:23:23,51.540596,-0.024499,0.37,10.7,537,0.4456141706426625,4.185365853658537,166.32634245767812,2.4122462747982687,4.8333703769371,2.962379097954228e-10
573,27/5/2018,15:23:23,51.540596,-0.024499,0.37,10.9,535,0.4060151828314241,4.192682926829269,176.31934937544048,2.404251523562486,4.877959085651909,3.292174825647811e-10
574,27/5/2018,15:23:24,51.540596,-0.024498,0.13,10.9,537,0.4456141706426625,4.2,186.31235629320167,2.3962567723267045,4.9225477943667135,3.6219705533413543e-10
575,27/5/2018,15:23:24,51.540596,-0.024498,0.13,11.0,534,0.38621568892580493,4.207317073170732,183.85636891170165,2.4819619971800537,5.0614695804106775,4.173835687071463e-10
576,27/5/2018,15:23:25,51.5406,-0.024497,0.13,11.0,536,0.4258146767370433,4.214634146341464,173.63083978978602,2.6261463134202057,5.259265582651686,4.864296556167243e-10
577,27/5/2018,15:23:25,51.5406,-0.024497,0.13,11.1,540,0.5050126523595201,4.221951219512196,163.40531066786912,2.770330629660375,5.457061584892718,5.554757425263107e-10
578,27/5/2018,15:23:26,51.5406,-0.024491,2.2,11.1,533,0.36641619502018574,4.229268292682927,146.816634345346,2.781820182475051,5.477688035125473,5.71073719562999e-10
579,27/5/2018,15:23:27,51.540596,-0.024482,1.5,11.1,530,0.30701771330332817,4.236585365853659,122.20552124119251,2.6260127488657177,5.274945217634875,5.192861609465387e-10
580,27/5/2018,15:23:27,51.540596,-0.024482,1.5,11.8,529,0.287218219397709,4.2439024390243905,97.59440813704204,2.470205315256404,5.072202400144301,4.674986023300847e-10
581,27/5/2018,15:23:28,51.540604,-0.024481,2.3,11.8,526,0.2278197376808514,4.251219512195123,76.58563656014537,2.305339148713218,4.8777654358634575,4.2297370268378143e-10
582,27/5/2018,15:23:28,51.540604,-0.024481,2.3,10.9,525,0.20802024377523218,4.258536585365854,65.36940215346233,2.1158478936551055,4.70590694607525,3.9819147801199896e-10
583,27/5/2018,15:23:29,51.5406,-0.024481,2.39,10.9,523,0.1684212559639938,4.265853658536586,54.15316774677794,1.9263566385969697,4.534048456287021,3.734092533402135e-10
584,27/5/2018,15:23:30,51.5406,-0.024483,0.87,10.9,523,0.1684212559639938,4.273170731707317,44.18937059582749,1.780955598006144,4.402212557446749,3.5581972693892633e-10
585,27/5/2018,15:23:31,51.5406,-0.024484,0.39,10.9,523,0.1684212559639938,4.2804878048780495,46.08211157943441,2.0529465719050664,4.649261408038851,4.0632183622170824e-10
586,27/5/2018,15:23:32,51.5406,-0.024486,0.17,10.9,525,0.20802024377523218,4.287804878048781,47.9748525630411,2.3249375458039556,4.8963102586309235,4.5682394550448404e-10
587,27/5/2018,15:23:33,51.540596,-0.024483,0.26,10.9,527,0.2476192315864706,4.295121951219512,49.86759354664778,2.596928519702845,5.143359109222996,5.073260547872598e-10
588,27/5/2018,15:23:34,51.540592,-0.024478,0.04,10.9,526,0.2278197376808514,4.302439024390244,49.98634714687743,2.5664352968110586,5.1941380961020425,5.372135014846806e-10
589,27/5/2018,15:23:34,51.540592,-0.024478,0.04,12.3,528,0.2674187254920898,4.309756097560975,49.95532968113335,2.510404473698413,5.228346758421696,5.653605299474314e-10
590,27/5/2018,15:23:35,51.540592,-0.024478,0.72,12.3,525,0.20802024377523218,4.317073170731708,49.92431221538927,2.4543736505857603,5.262555420741354,5.935075584101857e-10
591,27/5/2018,15:23:35,51.540592,-0.024478,0.72,12.6,524,0.18822074986961299,4.324390243902439,47.75413374766342,2.405358123523526,5.258504331659373,5.991902391160727e-10
592,27/5/2018,15:23:36,51.540592,-0.02448,0.96,12.6,523,0.1684212559639938,4.331707317073171,44.8661508007746,2.35869660858238,5.241615021937476,5.973349133669032e-10
593,27/5/2018,15:23:36,51.540592,-0.02448,0.96,12.8,526,0.2278197376808514,4.339024390243902,41.97816785388613,2.31203509364124,5.224725712215581,5.954795876177339e-10
594,27/5/2018,15:23:37,51.540588,-0.024481,0.19,12.8,524,0.18822074986961299,4.3463414634146345,39.95449314175578,2.276488312580949,5.208052867377417,6.117653865969183e-10
595,27/5/2018,15:23:37,51.540588,-0.024481,0.19,13.2,524,0.18822074986961299,4.353658536585366,38.56871696652437,2.249144707419591,5.191539783405888,6.414401554557493e-10
596,27/5/2018,15:23:38,51.540588,-0.02448,0.35,13.2,523,0.1684212559639938,4.360975609756098,37.18294079129279,2.2218011022582296,5.175026699434358,6.71114924314584e-10
597,27/5/2018,15:23:38,51.540588,-0.02448,0.35,13.4,524,0.18822074986961299,4.368292682926829,35.72471303002135,2.287275237841706,5.249476289600577,7.504011556016768e-10
598,27/5/2018,15:23:39,51.540588,-0.024476,1.69,13.4,522,0.1486217620583746,4.375609756097561,34.15869343934981,2.4908415067033185,5.459258086945785,9.034981974815555e-10
599,27/5/2018,15:23:40,51.540592,-0.024468,3.15,13.4,525,0.20802024377523218,4.382926829268293,32.59267384867847,2.694407775564906,5.669039884290967,1.0565952393614157e-09
600,27/5/2018,15:23:40,51.540592,-0.024468,3.15,13.2,525,0.20802024377523218,4.390243902439025,30.700949384671823,2.8074587262841075,5.825408240723608,1.2023719579684377e-09
601,27/5/2018,15:23:41,51.5406,-0.024456,4.43,13.2,522,0.1486217620583746,4.397560975609756,27.709970973159542,2.6150204782727027,5.801506234076341,1.3234425855295542e-09
602,27/5/2018,15:23:42,51.540604,-0.024445,2.85,13.2,521,0.1288222681527554,4.404878048780488,24.7189925616469,2.4225822302612743,5.777604227429072,1.4445132130906853e-09
603,27/5/2018,15:23:43,51.540604,-0.02443,3.96,13.2,521,0.1288222681527554,4.412195121951219,21.80747099048115,2.2639218500041216,5.787570463774415,1.5851308140719812e-09
604,27/5/2018,15:23:44,51.540611,-0.024419,3.96,13.2,519,0.08922328034151703,4.419512195121952,20.25651175401551,2.6836496162237333,6.377472367801273,2.0604568640288864e-09
605,27/5/2018,15:23:45,51.540619,-0.024409,3.59,13.2,522,0.1486217620583746,4.426829268292683,18.70555251755006,3.103377382443294,6.967374271828058,2.535782913985734e-09
606,27/5/2018,15:23:46,51.540623,-0.024401,2.3,13.2,523,0.1684212559639938,4.434146341463415,17.15459328108442,3.5231051486629057,7.557276175854916,3.0111089639426392e-09
607,27/5/2018,15:23:47,51.54063,-0.024389,4.32,13.2,522,0.1486217620583746,4.441463414634146,16.584487285555877,3.8531623095257794,8.794845443782105,4.725102223658821e-09
608,27/5/2018,15:23:48,51.540642,-0.024371,5.54,13.2,518,0.06942378643589782,4.4487804878048784,16.145879187234996,4.171197798283613,10.119244109715641,6.605157159705033e-09
609,27/5/2018,15:23:48,51.540642,-0.024371,5.54,11.8,520,0.10902277424713622,4.45609756097561,15.70727108891417,4.489233287041407,11.443642775649018,8.485212095751017e-09
610,27/5/2018,15:23:49,51.540649,-0.024356,4.93,11.8,515,0.01002530471904024,4.463414634146342,17.68692063667443,4.775570696735046,11.356970079397952,8.195885654769778e-09
611,27/5/2018,15:23:50,51.540657,-0.02434,4.59,11.8,521,0.1288222681527554,4.470731707317073,20.662050124530325,5.048859537390064,10.689427417791931,7.01352962004448e-09
612,27/5/2018,15:23:51,51.540665,-0.024322,5.19,11.8,528,0.2674187254920898,4.478048780487805,23.63717961238658,5.322148378045115,10.021884756185829,5.831173585319038e-09
613,27/5/2018,15:23:52,51.540672,-0.024305,5.43,11.8,525,0.20802024377523218,4.485365853658537,24.528719751573227,4.967045515898105,9.175011159976684,4.792570193386182e-09
614,27/5/2018,15:23:53,51.540684,-0.024293,4.13,11.8,521,0.1288222681527554,4.492682926829269,23.609262197482842,4.0657621287950185,8.17226812188009,3.878912585355328e-09
615,27/5/2018,15:23:53,51.540684,-0.024293,4.13,11.5,521,0.1288222681527554,4.5,22.689804643392563,3.1644787416920415,7.16952508378362,2.9652549773245845e-09
616,27/5/2018,15:23:54,51.540688,-0.024276,4.32,11.5,520,0.10902277424713622,4.507317073170732,21.642923690196863,2.548705457220686,6.48953844654499,2.3009218625095514e-09
617,27/5/2018,15:23:54,51.540688,-0.024276,4.32,11.5,522,0.1486217620583746,4.514634146341463,20.37108077445047,2.436991187554339,6.379367980218951,2.0767632187857614e-09
618,27/5/2018,15:23:55,51.540695,-0.024262,4.65,11.5,520,0.10902277424713622,4.521951219512196,19.09923785870392,2.3252769178879786,6.269197513892898,1.852604575061944e-09
619,27/5/2018,15:23:55,51.540695,-0.024262,4.65,12.0,522,0.1486217620583746,4.529268292682927,18.63185380090286,2.28537544065429,6.210145071844338,1.6778281349172413e-09
620,27/5/2018,15:23:56,51.540703,-0.02425,4.04,12.0,520,0.10902277424713622,4.536585365853659,21.634304335204657,2.555220706684472,6.371577601980649,1.7160496331016753e-09
621,27/5/2018,15:23:56,51.540703,-0.02425,4.04,12.2,520,0.10902277424713622,4.54390243902439,24.636754869506092,2.8250659727146212,6.53301013211694,1.7542711312861044e-09
622,27/5/2018,15:23:57,51.54071,-0.024237,4.09,12.2,521,0.1288222681527554,4.551219512195122,27.634344028082015,3.0911951061368765,6.689850112225462,1.7912788927247696e-09
623,27/5/2018,15:23:58,51.540718,-0.02422,4.26,12.2,526,0.2278197376808514,4.558536585365854,30.308651700888532,3.110201421133145,6.541285515487447,1.747573160570185e-09
624,27/5/2018,15:23:58,51.540718,-0.02422,4.26,12.7,527,0.2476192315864706,4.565853658536586,32.98295937369537,3.1292077361294153,6.392720918749413,1.703867428415595e-09
625,27/5/2018,15:23:59,51.540726,-0.024209,4.2,12.7,523,0.1684212559639938,4.573170731707317,35.65726704650189,3.1482140511256835,6.244156322011397,1.6601616962610104e-09
626,27/5/2018,15:23:59,51.540726,-0.024209,4.2,13.0,524,0.18822074986961299,4.580487804878049,33.49996811296848,2.8618598710879746,5.8129169117394515,1.35008742779978e-09
627,27/5/2018,15:24:0,51.540733,-0.024203,4.5,13.0,523,0.1684212559639938,4.587804878048781,30.432077133073946,2.5179557163304973,5.328402999240308,9.898118308108345e-10
628,27/5/2018,15:24:0,51.540733,-0.024203,4.5,12.3,522,0.1486217620583746,4.595121951219513,27.364186153179045,2.174051561572978,4.843889086741106,6.295362338218452e-10
629,27/5/2018,15:24:1,51.540749,-0.024193,4.67,12.3,521,0.1288222681527554,4.602439024390244,25.376971451792752,2.1063459106026126,4.776988303060812,5.872171131246099e-10
630,27/5/2018,15:24:1,51.540749,-0.024193,4.67,12.2,521,0.1288222681527554,4.609756097560976,23.926793434634302,2.1758957279093267,4.917618279934057,7.029048767759872e-10
631,27/5/2018,15:24:2,51.54076,-0.024184,4.56,12.2,522,0.1486217620583746,4.617073170731707,22.47661541747603,2.245445545216032,5.058248256807285,8.185926404273504e-10
632,27/5/2018,15:24:3,51.540771,-0.024177,5.22,12.2,521,0.1288222681527554,4.62439024390244,21.78612557053567,2.2821752285118397,5.181506477609103,9.084267950639042e-10
633,27/5/2018,15:24:4,51.540779,-0.024162,5.37,12.2,523,0.1684212559639938,4.631707317073171,21.871808569878343,2.285372604962165,5.287015987974857,9.718463363335423e-10
634,27/5/2018,15:24:4,51.540779,-0.024162,5.37,11.8,522,0.1486217620583746,4.639024390243903,21.957491569221027,2.2885699814124907,5.392525498340625,1.0352658776031883e-09
635,27/5/2018,15:24:5,51.540783,-0.024135,6.02,11.8,520,0.10902277424713622,4.646341463414634,22.340217257418292,2.312818060599113,5.471311888251838,1.068670200324467e-09
636,27/5/2018,15:24:6,51.540791,-0.024125,3.02,11.8,521,0.1288222681527554,4.653658536585366,23.350576674066026,2.381545036390903,5.49363389659088,1.0386541318541557e-09
637,27/5/2018,15:24:6,51.540791,-0.024125,3.02,13.7,523,0.1684212559639938,4.660975609756098,24.36093609071364,2.4502720121826846,5.5159559049299185,1.008638063383848e-09
638,27/5/2018,15:24:7,51.540798,-0.024112,4.43,13.7,522,0.1486217620583746,4.66829268292683,25.261890011044567,2.505175483852382,5.533822568321862,9.70310497907137e-10
639,27/5/2018,15:24:7,51.540798,-0.024112,4.43,13.4,524,0.18822074986961299,4.675609756097561,25.532252128985608,2.480402991579168,5.526009498107712,8.84077095390524e-10
640,27/5/2018,15:24:8,51.540806,-0.024099,4.26,13.4,522,0.1486217620583746,4.682926829268293,25.802614246926677,2.455630499305951,5.51819642789356,7.978436928739005e-10
641,27/5/2018,15:24:9,51.540817,-0.024089,5.56,13.4,522,0.1486217620583746,4.690243902439025,26.072976364867717,2.4308580070327372,5.51038335767941,7.116102903572876e-10
642,27/5/2018,15:24:9,51.540817,-0.024089,5.56,13.3,523,0.1684212559639938,4.697560975609757,24.8671725606772,2.4222567017884287,5.794064743575002,8.10916077321702e-10
643,27/5/2018,15:24:10,51.540825,-0.024072,4.09,13.3,521,0.1288222681527554,4.704878048780488,23.62266691955847,2.414079369644941,6.085388475589477,9.150862954096372e-10
644,27/5/2018,15:24:10,51.540825,-0.024072,4.09,14.3,523,0.1684212559639938,4.71219512195122,22.37816127843959,2.4059020375014524,6.376712207603989,1.0192565134975852e-09
645,27/5/2018,15:24:11,51.54084,-0.024074,3.67,14.3,520,0.10902277424713622,4.719512195121951,22.405785461478857,2.358423957553939,6.26421098205232,1.05971574312947e-09
646,27/5/2018,15:24:11,51.54084,-0.024074,3.67,12.4,522,0.1486217620583746,4.726829268292684,22.749341489883484,2.301185586209917,6.05142033507079,1.0843524287326528e-09
647,27/5/2018,15:24:12,51.540852,-0.024064,4.94,12.4,520,0.10902277424713622,4.734146341463415,23.092897518288073,2.2439472148659014,5.838629688089287,1.1089891143358327e-09
648,27/5/2018,15:24:13,51.540859,-0.02405,5.07,12.4,522,0.1486217620583746,4.741463414634147,24.773293088849165,2.2661131857568626,5.638629523368672,1.0102425487239476e-09
649,27/5/2018,15:24:14,51.540871,-0.02404,4.96,12.4,523,0.1684212559639938,4.748780487804878,27.246712694171787,2.3353824550400963,5.446216776232046,8.383040400141329e-10
650,27/5/2018,15:24:14,51.540871,-0.02404,4.96,11.2,524,0.18822074986961299,4.75609756097561,29.72013229949471,2.4046517243233385,5.253804029095397,6.663655313042973e-10
651,27/5/2018,15:24:15,51.540874,-0.02403,4.65,11.2,523,0.1684212559639938,4.763414634146342,32.06474610708845,2.4207025463221896,5.157980752555499,6.011454466016592e-10
652,27/5/2018,15:24:15,51.540874,-0.02403,4.65,11.2,524,0.18822074986961299,4.770731707317074,34.25462150210306,2.372820391716523,5.178193412406308,6.641295251821503e-10
653,27/5/2018,15:24:16,51.540878,-0.024017,5.24,11.2,522,0.1486217620583746,4.778048780487805,36.4444968971174,2.324938237110862,5.1984060722571135,7.271136037626337e-10
654,27/5/2018,15:24:16,51.540878,-0.024017,5.24,11.9,525,0.20802024377523218,4.785365853658537,38.64681393344241,2.279877301834205,5.156541273784424,7.275503434885632e-10
655,27/5/2018,15:24:17,51.540886,-0.024007,4.87,11.9,525,0.20802024377523218,4.7926829268292686,40.8809850535742,2.242039477616808,4.955740808333918,5.678483905712949e-10
656,27/5/2018,15:24:17,51.540886,-0.024007,4.87,11.9,524,0.18822074986961299,4.800000000000001,43.11515617370627,2.204201653399406,4.754940342883386,4.081464376540071e-10
657,27/5/2018,15:24:18,51.540897,-0.023991,3.94,11.9,525,0.20802024377523218,4.807317073170732,45.51557598117667,2.1736121355461746,4.5800550030251195,2.655219569022763e-10
658,27/5/2018,15:24:18,51.540897,-0.023991,3.94,11.7,525,0.20802024377523218,4.814634146341464,49.296491217686246,2.2032110857295244,4.620363617451659,2.6470534628454455e-10
659,27/5/2018,15:24:19,51.540901,-0.023984,3.5,11.7,525,0.20802024377523218,4.821951219512195,53.07740645419537,2.232810035912871,4.660672231878193,2.6388873566681294e-10
660,27/5/2018,15:24:19,51.540901,-0.023984,3.5,11.9,525,0.20802024377523218,4.829268292682927,56.8583216907045,2.2624089860962178,4.700980846304727,2.630721250490813e-10
661,27/5/2018,15:24:20,51.540909,-0.023967,4.8,11.9,528,0.2674187254920898,4.836585365853659,59.863133880241634,2.3197715722202124,4.723820719078943,2.507663791601736e-10
662,27/5/2018,15:24:20,51.540909,-0.023967,4.8,11.9,528,0.2674187254920898,4.84390243902439,62.813183012895365,2.3790932043500472,4.745427969849528,2.3764994173894224e-10
663,27/5/2018,15:24:21,51.540916,-0.023949,4.89,11.9,527,0.2476192315864706,4.851219512195122,65.76323214554945,2.4384148364798897,4.767035220620115,2.2453350431770922e-10
664,27/5/2018,15:24:21,51.540916,-0.023949,4.89,12.6,528,0.2674187254920898,4.8585365853658535,65.41356582321775,2.3625475906095086,4.710725518685635,2.3066967882918875e-10
665,27/5/2018,15:24:22,51.540924,-0.023935,4.39,12.6,527,0.2476192315864706,4.865853658536586,64.0258530849,2.244151729104316,4.629904183974498,2.4286246794509654e-10
666,27/5/2018,15:24:22,51.540924,-0.023935,4.39,12.1,525,0.20802024377523218,4.873170731707317,62.63814034658244,2.1257558675991373,4.549082849263369,2.550552570610029e-10
667,27/5/2018,15:24:23,51.540932,-0.02392,3.82,12.1,526,0.2278197376808514,4.880487804878049,62.765151565213024,2.0977599432316945,4.550950488522027,2.691765832198786e-10
668,27/5/2018,15:24:23,51.540932,-0.02392,3.82,11.7,527,0.2476192315864706,4.88780487804878,63.956563402239816,2.133288299015112,4.610923893272979,2.8465309757110857e-10
669,27/5/2018,15:24:24,51.540939,-0.023903,4.19,11.7,526,0.2278197376808514,4.8951219512195125,65.14797523926676,2.168816654798534,4.670897298023938,3.001296119223404e-10
670,27/5/2018,15:24:24,51.540939,-0.023903,4.19,11.6,527,0.2476192315864706,4.902439024390244,67.93676984964344,2.192732402627593,4.748529796252423,3.355818855882595e-10
671,27/5/2018,15:24:25,51.540943,-0.023884,4.54,11.6,527,0.2476192315864706,4.909756097560976,72.987453799786,2.200204731523472,4.851167519248047,3.993197760777973e-10
672,27/5/2018,15:24:25,51.540943,-0.023884,4.54,11.0,530,0.30701771330332817,4.917073170731707,78.03813774992794,2.20767706041935,4.953805242243658,4.6305766656732734e-10
673,27/5/2018,15:24:26,51.540951,-0.02387,3.67,11.0,527,0.2476192315864706,4.924390243902439,84.03524191750348,2.2296791774353077,5.013575515874364,4.896144356150841e-10
674,27/5/2018,15:24:27,51.540955,-0.023855,4.94,11.0,527,0.2476192315864706,4.931707317073171,93.02091627513506,2.2975629132540476,4.937980569134718,3.987620568794347e-10
675,27/5/2018,15:24:28,51.540966,-0.023835,5.04,11.0,531,0.32681720720894736,4.939024390243903,102.00659063276775,2.365446649072796,4.862385622395063,3.0790967814377434e-10
676,27/5/2018,15:24:28,51.540966,-0.023835,5.04,12.9,532,0.34661670111456655,4.946341463414634,110.6675752459502,2.4251514816564765,4.785790186645319,2.2126081626182513e-10
677,27/5/2018,15:24:29,51.540977,-0.023821,6.22,12.9,532,0.34661670111456655,4.953658536585366,114.81581118121406,2.371180611844739,4.695289305667371,1.9303515821813766e-10
678,27/5/2018,15:24:29,51.540977,-0.023821,6.22,12.4,533,0.36641619502018574,4.9609756097560975,118.9640471164774,2.3172097420330084,4.604788424689434,1.6480950017445365e-10
679,27/5/2018,15:24:30,51.540985,-0.023809,4.26,12.4,532,0.34661670111456655,4.96829268292683,123.11228305174124,2.263238872221271,4.514287543711487,1.3658384213076618e-10
680,27/5/2018,15:24:31,51.540993,-0.023798,3.59,12.4,530,0.30701771330332817,4.975609756097561,122.72687111831291,2.236814106326524,4.476643493718267,1.1999845322078733e-10
681,27/5/2018,15:24:31,51.540993,-0.023798,3.59,12.1,531,0.32681720720894736,4.982926829268293,121.8023599880497,2.213664866658706,4.445284685975081,1.0479721674669746e-10
682,27/5/2018,15:24:32,51.541,-0.023781,3.8,12.1,531,0.32681720720894736,4.990243902439024,120.87784885778662,2.1905156269908908,4.413925878231899,8.959598027260943e-11
683,27/5/2018,15:24:33,51.541004,-0.023766,5.19,12.1,532,0.34661670111456655,4.9975609756097565,117.66783393337938,2.2275664340169676,4.458176531418399,1.0262696051500269e-10
684,27/5/2018,15:24:34,51.541008,-0.023751,4.8,12.1,532,0.34661670111456655,5.004878048780488,113.57047755689152,2.2879897670417164,4.531782379299523,1.2661903224228183e-10
685,27/5/2018,15:24:34,51.541008,-0.023751,4.8,11.8,532,0.34661670111456655,5.01219512195122,109.47312118040315,2.3484131000664727,4.605388227180656,1.5061110396956386e-10
686,27/5/2018,15:24:35,51.541012,-0.023735,3.26,11.8,530,0.30701771330332817,5.019512195121951,105.01344059444043,2.3124015519910306,4.649691432757546,2.0769778905329817e-10
687,27/5/2018,15:24:35,51.541012,-0.023735,3.26,11.4,529,0.287218219397709,5.026829268292683,100.25362577525549,2.1965073785266322,4.669721554037652,2.921986687830538e-10
688,27/5/2018,15:24:36,51.541016,-0.02372,3.69,11.4,526,0.2278197376808514,5.034146341463415,95.49381095607112,2.080613205062248,4.689751675317757,3.7669954851279917e-10
689,27/5/2018,15:24:36,51.541016,-0.02372,3.69,11.3,528,0.2674187254920898,5.041463414634147,93.89319479392812,2.058749332641,4.739587601041719,4.388489077791686e-10
690,27/5/2018,15:24:37,51.541023,-0.023705,3.3,11.3,530,0.30701771330332817,5.048780487804878,97.59072482149776,2.194579336190109,4.839409465096436,4.635135641720963e-10
691,27/5/2018,15:24:37,51.541023,-0.023705,3.3,11.4,532,0.34661670111456655,5.05609756097561,101.28825484906784,2.330409339739235,4.9392313291511645,4.881782205650271e-10
692,27/5/2018,15:24:38,51.541035,-0.02369,4.61,11.4,529,0.287218219397709,5.0634146341463415,104.07702279236256,2.4350962867782457,5.002438900302895,4.893339870488741e-10
693,27/5/2018,15:24:39,51.541042,-0.023675,5.32,11.4,532,0.34661670111456655,5.070731707317074,103.23417427954145,2.4153286175069177,4.91932757134159,3.965429736921433e-10
694,27/5/2018,15:24:39,51.541042,-0.023675,5.32,11.7,531,0.32681720720894736,5.078048780487805,102.39132576672043,2.395560948235592,4.836216242380296,3.0375196033542376e-10
695,27/5/2018,15:24:40,51.54105,-0.023661,3.93,11.7,530,0.30701771330332817,5.085365853658537,101.34689791682263,2.3756793556243894,4.758701028841458,2.145027424163602e-10
696,27/5/2018,15:24:40,51.54105,-0.023661,3.93,11.4,530,0.30701771330332817,5.092682926829268,92.97044875563653,2.3516540428882644,4.884732657617913,2.5407882973838984e-10
697,27/5/2018,15:24:41,51.541065,-0.023643,5.32,11.4,528,0.2674187254920898,5.1000000000000005,84.5939995944494,2.327628730152137,5.010764286394382,2.936549170604243e-10
698,27/5/2018,15:24:41,51.541065,-0.023643,5.32,10.9,529,0.287218219397709,5.107317073170732,76.21755043326331,2.303603417416012,5.136795915170836,3.332310043824539e-10
699,27/5/2018,15:24:42,51.541073,-0.023627,5.26,10.9,525,0.20802024377523218,5.114634146341464,70.81391596267099,2.219110377650107,5.202054043724618,4.1910043297091056e-10
700,27/5/2018,15:24:42,51.541073,-0.023627,5.26,10.8,527,0.2476192315864706,5.121951219512195,65.92111058860293,2.124226957863157,5.256869250185217,5.129246075342744e-10
701,27/5/2018,15:24:43,51.54108,-0.023613,4.32,10.8,524,0.18822074986961299,5.129268292682927,61.02830521453427,2.029343538076195,5.311684456645821,6.067487820976495e-10
702,27/5/2018,15:24:43,51.54108,-0.023613,4.32,11.1,526,0.2278197376808514,5.136585365853659,61.99959987656366,2.0849997416248183,5.282876222814753,6.070008503180679e-10
703,27/5/2018,15:24:44,51.54108,-0.023604,3.46,11.1,525,0.20802024377523218,5.143902439024391,65.73085447110077,2.211507964426768,5.21471031377304,5.632128675985062e-10
704,27/5/2018,15:24:44,51.54108,-0.023604,3.46,11.4,529,0.287218219397709,5.151219512195122,69.46210906563742,2.338016187228702,5.146544404731334,5.194248848789498e-10
705,27/5/2018,15:24:45,51.541088,-0.023591,3.96,11.4,528,0.2674187254920898,5.158536585365854,72.88597306863588,2.3966707410835264,5.100864029525094,4.847478964005867e-10
706,27/5/2018,15:24:45,51.541088,-0.023591,3.96,11.6,529,0.287218219397709,5.1658536585365855,76.01042707736899,2.3892332700373173,5.077085409746777,4.5894535889306087e-10
707,27/5/2018,15:24:46,51.541096,-0.023579,4.22,11.6,528,0.2674187254920898,5.173170731707318,79.13488108610247,2.381795798991108,5.053306789968459,4.3314282138553194e-10
708,27/5/2018,15:24:46,51.541096,-0.023579,4.22,11.1,530,0.30701771330332817,5.180487804878049,81.01570185073994,2.3514563603316208,5.03042712807261,4.222303320938516e-10
709,27/5/2018,15:24:47,51.541103,-0.023566,4.33,11.1,527,0.2476192315864706,5.187804878048781,80.40756334146346,2.2752818131684145,5.009346605568573,4.411182069945959e-10
710,27/5/2018,15:24:47,51.541103,-0.023566,4.33,10.9,529,0.287218219397709,5.195121951219512,79.79942483218704,2.199107266005217,4.988266083064539,4.600060818953378e-10
711,27/5/2018,15:24:48,51.541111,-0.023553,4.63,10.9,526,0.2278197376808514,5.2024390243902445,79.37373735882892,2.1504647580525527,4.965813138728512,4.684954308919335e-10
712,27/5/2018,15:24:48,51.541111,-0.023553,4.63,10.5,528,0.2674187254920898,5.209756097560976,79.90742818029918,2.2465933701870133,4.93614361866667,4.223064383793344e-10
713,27/5/2018,15:24:49,51.541119,-0.023542,4.46,10.5,529,0.287218219397709,5.217073170731708,80.44111900176951,2.3427219823214855,4.906474098604825,3.7611744586672965e-10
714,27/5/2018,15:24:49,51.541119,-0.023542,4.46,10.0,530,0.30701771330332817,5.224390243902439,80.97480982323977,2.438850594455946,4.876804578542982,3.2992845335413047e-10
715,27/5/2018,15:24:50,51.541122,-0.023531,4.17,10.0,528,0.2674187254920898,5.231707317073171,77.90888668524016,2.358370080351251,4.904206552960666,3.3656314805326005e-10
716,27/5/2018,15:24:50,51.541122,-0.023531,4.17,9.4,529,0.287218219397709,5.239024390243903,74.79331369952443,2.275453578298455,4.932395720405645,3.439264453346149e-10
717,27/5/2018,15:24:51,51.541134,-0.023519,4.43,9.4,526,0.2278197376808514,5.246341463414635,71.67774071380832,2.1925370762456486,4.960584887850628,3.512897426159706e-10
718,27/5/2018,15:24:51,51.541134,-0.023519,4.43,9.1,527,0.2476192315864706,5.253658536585366,69.91192587337838,2.178018265681685,5.061439824555147,4.171996011859961e-10
719,27/5/2018,15:24:52,51.541142,-0.023503,4.8,9.1,525,0.20802024377523218,5.260975609756098,68.45657046502666,2.1792316872433526,5.179008698889657,4.965758220308642e-10
720,27/5/2018,15:24:52,51.541142,-0.023503,4.8,9.2,528,0.2674187254920898,5.2682926829268295,67.00121505667512,2.1804451088050203,5.296577573224152,5.759520428757226e-10
721,27/5/2018,15:24:53,51.541149,-0.02349,4.09,9.2,526,0.2278197376808514,5.275609756097562,69.60258837880221,2.222877690306628,5.359788454024202,6.443069590596312e-10
722,27/5/2018,15:24:53,51.541149,-0.02349,4.09,8.8,529,0.287218219397709,5.282926829268293,74.48976678092329,2.288535626877188,5.392370770280147,7.064518089916496e-10
723,27/5/2018,15:24:54,51.541157,-0.023468,6.65,8.8,526,0.2278197376808514,5.290243902439025,79.37694518304497,2.354193563447756,5.424953086536096,7.685966589236756e-10
724,27/5/2018,15:24:54,51.541157,-0.023468,6.65,9.0,527,0.2476192315864706,5.297560975609756,84.72899610967187,2.3988076319388187,5.401287946447607,7.700334110398933e-10
725,27/5/2018,15:24:55,51.541168,-0.023445,6.02,9.0,532,0.34661670111456655,5.3048780487804885,90.61329894422094,2.4193276997201916,5.313222751770211,7.019629344312156e-10
726,27/5/2018,15:24:55,51.541168,-0.023445,6.02,9.8,532,0.34661670111456655,5.31219512195122,96.4976017787693,2.439847767501562,5.225157557092826,6.338924578225462e-10
727,27/5/2018,15:24:56,51.541176,-0.023429,4.87,9.8,529,0.287218219397709,5.319512195121952,101.84021252902596,2.431788640247577,5.130625806272336,5.65134728739311e-10
728,27/5/2018,15:24:56,51.541176,-0.023429,4.87,9.7,530,0.30701771330332817,5.326829268292683,105.87459634571562,2.354708617601073,5.020476838292659,4.947172334836639e-10
729,27/5/2018,15:24:57,51.54118,-0.023415,3.06,9.7,528,0.2674187254920898,5.334146341463415,109.90898016240577,2.27762859495456,4.910327870312967,4.2429973822800816e-10
730,27/5/2018,15:24:57,51.54118,-0.023415,3.06,9.8,532,0.34661670111456655,5.341463414634147,114.02063226045641,2.2105673093613043,4.8054541169114415,3.54896423421787e-10
731,27/5/2018,15:24:58,51.541183,-0.023401,3.2,9.8,532,0.34661670111456655,5.348780487804879,118.70201567360587,2.2173783571036934,4.739476724165265,2.929710847141714e-10
732,27/5/2018,15:24:58,51.541183,-0.023401,3.2,11.0,533,0.36641619502018574,5.35609756097561,123.38339908675476,2.224189404846082,4.673499331419096,2.310457460065634e-10
733,27/5/2018,15:24:59,51.541191,-0.023384,5.26,11.0,531,0.32681720720894736,5.363414634146341,128.06478249990366,2.2310004525884706,4.607521938672928,1.6912040729895537e-10
734,27/5/2018,15:24:59,51.541191,-0.023384,5.26,11.4,532,0.34661670111456655,5.3707317073170735,132.15998491862948,2.213190051795073,4.583859585532913,1.5818037158020827e-10
735,27/5/2018,15:25:0,51.54121,-0.023361,5.04,11.4,531,0.32681720720894736,5.378048780487805,136.22174748196824,2.1939750717227913,4.5626111776053335,1.5014889341451741e-10
736,27/5/2018,15:25:0,51.54121,-0.023361,5.04,12.2,534,0.38621568892580493,5.385365853658537,140.2835100453075,2.174760091650507,4.54136276967775,1.4211741524882558e-10
737,27/5/2018,15:25:1,51.541222,-0.02335,3.85,12.2,533,0.36641619502018574,5.392682926829268,142.98430378989468,2.2368562384440405,4.600889022270671,1.6260429254574906e-10
738,27/5/2018,15:25:1,51.541222,-0.02335,3.85,11.8,533,0.36641619502018574,5.4,145.2846089601518,2.322879588291035,4.684184613431952,1.9148318835486007e-10
739,27/5/2018,15:25:2,51.541222,-0.023337,3.72,11.8,533,0.36641619502018574,5.407317073170732,147.5849141304086,2.408902938138019,4.767480204593221,2.2036208416396753e-10
740,27/5/2018,15:25:2,51.541222,-0.023337,3.72,11.5,536,0.4258146767370433,5.414634146341464,145.43654513649793,2.377224892790865,4.76929866693867,2.491500610160518e-10
741,27/5/2018,15:25:3,51.541229,-0.023324,4.28,11.5,534,0.38621568892580493,5.421951219512195,140.31304112512902,2.2668318124639955,4.716627757818245,2.778772340954087e-10
742,27/5/2018,15:25:4,51.541237,-0.023311,4.19,11.5,530,0.30701771330332817,5.429268292682927,135.18953711375946,2.1564387321371123,4.663956848697815,3.0660440717476907e-10
743,27/5/2018,15:25:5,51.541245,-0.023298,4.5,11.5,530,0.30701771330332817,5.4365853658536585,133.1220093827421,2.1112099710719683,4.625090066192387,3.0324011381296276e-10
744,27/5/2018,15:25:6,51.541252,-0.023283,4.2,11.5,530,0.30701771330332817,5.443902439024391,135.17467970382884,2.1538385350178535,4.604834598164684,2.5660873151130337e-10
745,27/5/2018,15:25:7,51.541256,-0.023268,3.85,11.5,533,0.36641619502018574,5.451219512195122,137.22735002491532,2.196467098963734,4.5845791301369845,2.0997734920964967e-10
746,27/5/2018,15:25:7,51.541256,-0.023268,3.85,11.4,534,0.38621568892580493,5.458536585365854,140.59653559690616,2.2299896723900368,4.584328182770412,1.878694379651456e-10
747,27/5/2018,15:25:8,51.54126,-0.023255,3.26,11.4,534,0.38621568892580493,5.465853658536585,147.8640253100452,2.236548699038301,4.643312178319558,2.3837743353356853e-10
748,27/5/2018,15:25:9,51.541264,-0.023242,3.82,11.4,532,0.34661670111456655,5.4731707317073175,155.13151502318516,2.2431077256865657,4.702296173868711,2.8888542910199767e-10
749,27/5/2018,15:25:10,51.541271,-0.023227,3.89,11.4,534,0.38621568892580493,5.480487804878049,162.69677902503653,2.245094903663238,4.751415834299739,3.3443933767481845e-10
750,27/5/2018,15:25:11,51.541279,-0.023211,4.39,11.4,537,0.4456141706426625,5.487804878048781,173.73057260019053,2.193828349121053,4.685633908612951,3.2228713156842405e-10
751,27/5/2018,15:25:12,51.541286,-0.023196,4.91,11.4,533,0.36641619502018574,5.495121951219512,184.76436617534318,2.142561794578874,4.619851982926171,3.1013492546203115e-10
752,27/5/2018,15:25:13,51.541294,-0.023181,4.3,11.4,534,0.38621568892580493,5.502439024390244,195.79815975049718,2.091295240036689,4.554070057239384,2.9798271935563675e-10
753,27/5/2018,15:25:14,51.541306,-0.023159,4.07,11.4,536,0.4258146767370433,5.509756097560976,216.91223060212457,2.189940370893141,4.5603060110369364,2.2940980897688203e-10
754,27/5/2018,15:25:15,51.541317,-0.023141,4.5,11.4,539,0.48521315845390095,5.517073170731708,239.0762251760908,2.3041997383860084,4.574043075967555,1.5496033050165208e-10
755,27/5/2018,15:25:15,51.541317,-0.023141,4.5,12.1,541,0.5248121462651393,5.524390243902439,261.2402197500543,2.418459105878862,4.587780140898173,8.051085202643118e-11
756,27/5/2018,15:25:16,51.541321,-0.023123,4.48,12.1,542,0.5446116401707585,5.531707317073171,269.9125011781368,2.4124508038441355,4.563437204416261,5.916791971485142e-11
757,27/5/2018,15:25:16,51.541321,-0.023123,4.48,12.5,543,0.5644111340763777,5.5390243902439025,273.6521186959452,2.3624718076035083,4.525171955279192,5.724110904981277e-11
758,27/5/2018,15:25:17,51.541325,-0.023109,3.52,12.5,541,0.5248121462651393,5.546341463414635,277.3917362137541,2.3124928113628753,4.486906706142118,5.53142983847739e-11
759,27/5/2018,15:25:17,51.541325,-0.023109,3.52,12.6,539,0.48521315845390095,5.553658536585366,273.5380460983368,2.250061608861328,4.451284165612515,6.689749268773707e-11
760,27/5/2018,15:25:18,51.541328,-0.023095,4.24,12.6,538,0.4654136645482817,5.560975609756098,263.69104473765213,2.1778020217589176,4.417747484892639,8.914398006525621e-11
761,27/5/2018,15:25:18,51.541328,-0.023095,4.24,12.8,538,0.4654136645482817,5.568292682926829,253.84404337696864,2.1055424346565155,4.384210804172768,1.1139046744277268e-10
762,27/5/2018,15:25:19,51.541332,-0.023083,4.13,12.8,537,0.4456141706426625,5.5756097560975615,246.50754135265544,2.0930599488778743,4.394078424538717,1.2784662857712331e-10
763,27/5/2018,15:25:19,51.541332,-0.023083,4.13,12.9,540,0.5050126523595201,5.582926829268293,243.17307062338026,2.175869195209428,4.473137607223794,1.3507232846501422e-10
764,27/5/2018,15:25:20,51.54134,-0.023069,4.56,12.9,538,0.4654136645482817,5.590243902439025,239.83859989410468,2.2586784415409906,4.552196789908882,1.42298028352906e-10
765,27/5/2018,15:25:20,51.54134,-0.023069,4.56,12.9,539,0.48521315845390095,5.597560975609756,234.32302997388487,2.3232614835045964,4.624234473070975,1.5551977041876782e-10
766,27/5/2018,15:25:21,51.541344,-0.023053,4.39,12.9,538,0.4654136645482817,5.604878048780488,220.7049019758283,2.3201360599188527,4.670188011176918,1.9101618948504896e-10
767,27/5/2018,15:25:21,51.541344,-0.023053,4.39,12.5,539,0.48521315845390095,5.61219512195122,207.0867739777734,2.31701063633311,4.716141549282854,2.2651260855132579e-10
768,27/5/2018,15:25:22,51.541351,-0.02304,5.0,12.5,534,0.38621568892580493,5.619512195121952,193.32573123094306,2.3127909657303185,4.75943848126413,2.5985499456811086e-10
769,27/5/2018,15:25:22,51.541351,-0.02304,5.0,12.4,535,0.4060151828314241,5.626829268292683,176.01470845501532,2.281390370200232,4.736745732203598,2.3969153620324757e-10
770,27/5/2018,15:25:23,51.541363,-0.023028,4.33,12.4,532,0.34661670111456655,5.634146341463415,158.70368567908545,2.249989774670141,4.714052983143063,2.1952807783838184e-10
771,27/5/2018,15:25:23,51.541363,-0.023028,4.33,12.2,532,0.34661670111456655,5.6414634146341465,141.3926629031577,2.218589179140054,4.691360234082531,1.9936461947351854e-10
772,27/5/2018,15:25:24,51.54137,-0.023016,4.52,12.2,532,0.34661670111456655,5.648780487804879,127.52436764501846,2.253490704345163,4.8072331937398305,2.4906770506134285e-10
773,27/5/2018,15:25:24,51.54137,-0.023016,4.52,11.7,533,0.36641619502018574,5.65609756097561,114.19196865144258,2.2987128426835755,4.944675343905077,3.0964624324556867e-10
774,27/5/2018,15:25:25,51.541378,-0.023,5.26,11.7,528,0.2674187254920898,5.663414634146342,100.85956965786508,2.3439349810219934,5.082117494070341,3.7022478142980183e-10
775,27/5/2018,15:25:25,51.541378,-0.023,5.26,12.3,529,0.287218219397709,5.670731707317073,89.70927672778645,2.3439699183013945,5.101000283890793,4.1614076050280897e-10
776,27/5/2018,15:25:26,51.541386,-0.02299,3.26,12.3,526,0.2278197376808514,5.6780487804878055,79.53060978796339,2.3238843583646642,5.067092167794136,4.5552794441116055e-10
777,27/5/2018,15:25:26,51.541386,-0.02299,3.26,12.7,527,0.2476192315864706,5.685365853658537,69.35194284814158,2.3037987984279362,5.033184051697483,4.949151283195074e-10
778,27/5/2018,15:25:27,51.541393,-0.022981,4.33,12.7,528,0.2674187254920898,5.692682926829269,61.242686055781974,2.2740229178949796,5.038544354619308,5.28142419740065e-10
779,27/5/2018,15:25:28,51.541401,-0.022963,5.13,12.7,525,0.20802024377523218,5.7,55.0550244003533,2.2352488825226753,5.080368189486857,5.556498109933825e-10
780,27/5/2018,15:25:29,51.541409,-0.022946,3.63,12.7,524,0.18822074986961299,5.707317073170732,48.867362744923874,2.196474847150366,5.122192024354411,5.831572022467033e-10
781,27/5/2018,15:25:29,51.541409,-0.022946,3.63,14.1,525,0.20802024377523218,5.714634146341464,45.13197107140615,2.147337738741259,5.132906619865137,6.08090278151984e-10
782,27/5/2018,15:25:30,51.541409,-0.022928,2.5,14.1,522,0.1486217620583746,5.721951219512196,46.04976974464052,2.078536665200556,5.084591331497751,6.28138582227354e-10
783,27/5/2018,15:25:30,51.541409,-0.022928,2.5,15.1,524,0.18822074986961299,5.729268292682927,46.96756841787479,2.009735591659861,5.03627604313037,6.481868863027217e-10
784,27/5/2018,15:25:31,51.541409,-0.022915,4.59,15.1,524,0.18822074986961299,5.736585365853659,49.5932088014562,2.0136463381229914,5.034414477939257,6.716594248936095e-10
785,27/5/2018,15:25:32,51.541409,-0.022899,3.96,15.1,525,0.20802024377523218,5.7439024390243905,60.45587799752644,2.3682508009601007,5.256602163877279,7.116472635817784e-10
786,27/5/2018,15:25:33,51.541416,-0.022886,3.5,15.1,526,0.2278197376808514,5.751219512195123,71.318547193598,2.722855263797253,5.478789849815327,7.516351022699521e-10
787,27/5/2018,15:25:34,51.541428,-0.022868,4.43,15.1,532,0.34661670111456655,5.758536585365854,82.18121638966824,3.0774597266343626,5.700977535753349,7.916229409581209e-10
788,27/5/2018,15:25:35,51.541439,-0.022853,5.39,15.1,533,0.36641619502018574,5.765853658536586,84.29057105140008,2.876329783101171,5.5701857195619775,7.453105992826516e-10
789,27/5/2018,15:25:36,51.541451,-0.022844,5.02,15.1,530,0.30701771330332817,5.773170731707317,86.38534569195133,2.6742741765652953,5.438805960529418,6.988545110923525e-10
790,27/5/2018,15:25:36,51.541451,-0.022844,5.02,17.5,529,0.287218219397709,5.7804878048780495,88.48012033250285,2.472218570029395,5.307426201496843,6.523984229020479e-10
791,27/5/2018,15:25:37,51.541458,-0.022827,4.83,17.5,525,0.20802024377523218,5.787804878048781,87.33112101220503,2.39567483030066,5.170991131935962,5.74431412541297e-10
792,27/5/2018,15:25:37,51.541458,-0.022827,4.83,17.0,528,0.2674187254920898,5.795121951219513,85.4937782345747,2.3457652745122943,5.033483302691759,4.897776424456312e-10
793,27/5/2018,15:25:38,51.541466,-0.022812,4.87,17.0,528,0.2674187254920898,5.802439024390244,83.6564354569446,2.295855718723935,4.895975473447574,4.0512387234997583e-10
794,27/5/2018,15:25:38,51.541466,-0.022812,4.87,16.8,530,0.30701771330332817,5.809756097560976,82.40558472421102,2.2872851639991088,4.790774078370118,3.251132807945076e-10
795,27/5/2018,15:25:39,51.541473,-0.022796,5.43,16.8,530,0.30701771330332817,5.817073170731708,81.46839157001273,2.3008228221400415,4.702850254233354,2.4758587404998896e-10
796,27/5/2018,15:25:39,51.541473,-0.022796,5.43,16.7,529,0.287218219397709,5.82439024390244,80.53119841581433,2.3143604802809765,4.614926430096578,1.700584673054609e-10
797,27/5/2018,15:25:40,51.541485,-0.022773,4.35,16.7,527,0.2476192315864706,5.831707317073171,78.57897857376717,2.275815172596094,4.52389071039213,1.2164175417807298e-10
798,27/5/2018,15:25:40,51.541485,-0.022773,4.35,17.0,527,0.2476192315864706,5.839024390243903,75.51899011760202,2.180428133001397,4.429458764478486,1.0499554828000013e-10
799,27/5/2018,15:25:41,51.541489,-0.022759,4.11,17.0,527,0.2476192315864706,5.8463414634146345,72.45900166143721,2.0850410934067116,4.335026818564853,8.83493423819293e-11
800,27/5/2018,15:25:41,51.541489,-0.022759,4.11,16.9,527,0.2476192315864706,5.853658536585367,70.82696978638829,2.025448884182798,4.27849925399692,7.96586604901921e-11
801,27/5/2018,15:25:42,51.541496,-0.02274,4.32,16.9,527,0.2476192315864706,5.860975609756098,72.45246386200928,2.0475136317421985,4.308441059373851,8.911651773789958e-11
802,27/5/2018,15:25:42,51.541496,-0.02274,4.32,17.5,528,0.2674187254920898,5.86829268292683,74.07795793763044,2.069578379301601,4.338382864750786,9.857437498560822e-11
803,27/5/2018,15:25:43,51.541504,-0.022721,4.39,17.5,527,0.2476192315864706,5.875609756097561,76.33755788316151,2.0908217493622954,4.367876896625777,1.0759833114831571e-10
804,27/5/2018,15:25:44,51.541512,-0.022705,3.78,17.5,528,0.2674187254920898,5.8829268292682935,82.78999134825588,2.1066340088274127,4.394410161478745,1.1375324745554928e-10
805,27/5/2018,15:25:44,51.541512,-0.022705,3.78,17.6,529,0.287218219397709,5.890243902439025,89.24242481334946,2.1224462682925282,4.42094342633171,1.1990816376278208e-10
806,27/5/2018,15:25:45,51.541519,-0.02269,4.26,17.6,529,0.287218219397709,5.897560975609756,95.69485827844305,2.1382585277576434,4.447476691184674,1.260630800700149e-10
807,27/5/2018,15:25:45,51.541519,-0.02269,4.26,18.2,531,0.32681720720894736,5.904878048780488,107.01680262314177,2.185329634809152,4.485808295054199,1.2912809552779928e-10
808,27/5/2018,15:25:46,51.541527,-0.022675,4.85,18.2,530,0.30701771330332817,5.912195121951219,118.5523691904256,2.233772046836041,4.52465748425536,1.3205755907834848e-10
809,27/5/2018,15:25:46,51.541527,-0.022675,4.85,18.6,532,0.34661670111456655,5.919512195121952,130.08793575771082,2.2822144588629354,4.5635066734565255,1.3498702262889804e-10
810,27/5/2018,15:25:47,51.541534,-0.022658,4.76,18.6,534,0.38621568892580493,5.926829268292683,138.06971316512053,2.3135911117792904,4.5935235800354395,1.4407803388696535e-10
811,27/5/2018,15:25:47,51.541534,-0.022658,4.76,18.4,534,0.38621568892580493,5.934146341463415,145.07573921360665,2.3402820793907355,4.621115437917498,1.548607995733979e-10
812,27/5/2018,15:25:48,51.541546,-0.022641,4.96,18.4,536,0.4258146767370433,5.941463414634146,152.08176526209192,2.3669730470021775,4.6487072957995546,1.6564356525982916e-10
813,27/5/2018,15:25:48,51.541546,-0.022641,4.96,17.3,534,0.38621568892580493,5.9487804878048784,155.50045136416836,2.331897279980029,4.633049357843459,1.652832872770399e-10
814,27/5/2018,15:25:49,51.541557,-0.022627,4.19,17.3,532,0.34661670111456655,5.95609756097561,156.63701074297836,2.2575279088328335,4.589877574996016,1.57834236522241e-10
815,27/5/2018,15:25:49,51.541557,-0.022627,4.19,17.4,531,0.32681720720894736,5.963414634146342,157.77357012178848,2.1831585376856286,4.546705792148567,1.5038518576744123e-10
816,27/5/2018,15:25:50,51.541565,-0.022609,4.44,17.4,534,0.38621568892580493,5.970731707317073,157.77224055732165,2.204471352006635,4.556828765366818,1.4248062134766047e-10
817,27/5/2018,15:25:50,51.541565,-0.022609,4.44,17.0,536,0.4258146767370433,5.978048780487805,156.30965098593282,2.3486578016025725,4.635392069319978,1.3399109307426433e-10
818,27/5/2018,15:25:51,51.541573,-0.022593,5.07,17.0,536,0.4258146767370433,5.985365853658537,154.84706141454419,2.492844251198493,4.713955373273127,1.255015648008692e-10
819,27/5/2018,15:25:51,51.541573,-0.022593,5.07,16.6,535,0.4060151828314241,5.992682926829269,149.80753463724704,2.5604387315929444,4.7546226006650505,1.2842147792321553e-10
820,27/5/2018,15:25:52,51.541576,-0.022578,4.28,16.6,532,0.34661670111456655,6.0,134.81639182567602,2.4149420043634007,4.68985683289005,1.6308429660969587e-10
821,27/5/2018,15:25:52,51.541576,-0.022578,4.28,17.2,531,0.32681720720894736,6.007317073170732,119.82524901410314,2.2694452771338396,4.6250910651150425,1.9774711529618043e-10
822,27/5/2018,15:25:53,51.541584,-0.022561,4.19,17.2,528,0.2674187254920898,6.014634146341463,105.444689783381,2.134938482849477,4.567735109984828,2.312467668987316e-10
823,27/5/2018,15:25:53,51.541584,-0.022561,4.19,16.6,529,0.287218219397709,6.021951219512196,97.16286655206446,2.1102032280989027,4.584391120690292,2.531282728606493e-10
824,27/5/2018,15:25:54,51.541592,-0.022546,4.7,16.6,527,0.2476192315864706,6.029268292682927,88.88104332074893,2.085467973348332,4.601047131395754,2.7500977882256435e-10
825,27/5/2018,15:25:54,51.541592,-0.022546,4.7,16.0,527,0.2476192315864706,6.036585365853659,80.5992200894324,2.0607327185977584,4.617703142101218,2.9689128478448205e-10
826,27/5/2018,15:25:55,51.541603,-0.022528,4.65,16.0,528,0.2674187254920898,6.04390243902439,79.3682340419874,2.140067188887357,4.732595865291913,3.197222157798767e-10
827,27/5/2018,15:25:55,51.541603,-0.022528,4.65,14.9,530,0.30701771330332817,6.051219512195122,78.77031327711369,2.2287456460215913,4.856308853442167,3.4263839169178906e-10
828,27/5/2018,15:25:56,51.541611,-0.022512,4.33,14.9,527,0.2476192315864706,6.058536585365854,78.17239251224005,2.3174241031558145,4.980021841592407,3.6555456760369864e-10
829,27/5/2018,15:25:56,51.541611,-0.022512,4.33,14.0,529,0.287218219397709,6.065853658536586,76.5413472746929,2.3161481137835835,4.979528990436923,3.5069900258338657e-10
830,27/5/2018,15:25:57,51.541622,-0.022495,5.17,14.0,527,0.2476192315864706,6.073170731707317,74.55522452185795,2.2839554225042056,4.93634747787473,3.228615595095924e-10
831,27/5/2018,15:25:57,51.541622,-0.022495,5.17,13.8,528,0.2674187254920898,6.080487804878049,72.56910176902275,2.2517627312248236,4.89316596531253,2.950241164357949e-10
832,27/5/2018,15:25:58,51.54163,-0.022479,5.02,13.8,527,0.2476192315864706,6.087804878048781,70.43519499243764,2.2254035546023947,4.960627101710075,3.420697243415334e-10
833,27/5/2018,15:25:58,51.54163,-0.022479,5.02,13.2,528,0.2674187254920898,6.095121951219513,68.19017623401257,2.2034303282212444,5.111275335670322,4.4541643969720274e-10
834,27/5/2018,15:25:59,51.541641,-0.022463,4.89,13.2,525,0.20802024377523218,6.102439024390244,65.94515747558776,2.181457101840097,5.26192356963055,5.487631550528595e-10
835,27/5/2018,15:25:59,51.541641,-0.022463,4.89,12.5,528,0.2674187254920898,6.109756097560976,65.79618137929522,2.191174511743899,5.346466205897401,6.309066886544435e-10
836,27/5/2018,15:26:0,51.541649,-0.022448,4.24,12.5,525,0.20802024377523218,6.117073170731707,68.8251535718034,2.248940181910831,5.330781792941809,6.809026823276221e-10
837,27/5/2018,15:26:0,51.541649,-0.022448,4.24,12.3,527,0.2476192315864706,6.12439024390244,71.85412576431193,2.30670585207777,5.315097379986215,7.308986760008067e-10
838,27/5/2018,15:26:1,51.541653,-0.022431,4.67,12.3,526,0.2278197376808514,6.131707317073171,74.72982054730734,2.388176390960438,5.323675574480335,7.742026461348888e-10
839,27/5/2018,15:26:1,51.541653,-0.022431,4.67,12.4,530,0.30701771330332817,6.139024390243903,77.07462940383259,2.5517502301925763,5.416288832428846,7.943283727965133e-10
840,27/5/2018,15:26:2,51.54166,-0.022416,4.32,12.4,532,0.34661670111456655,6.146341463414634,79.41943826035757,2.7153240694246947,5.508902090377345,8.144540994581353e-10
841,27/5/2018,15:26:2,51.54166,-0.022416,4.32,12.0,530,0.30701771330332817,6.153658536585366,81.3195275789712,2.8584412162795436,5.591487702533999,8.32801291779291e-10
842,27/5/2018,15:26:3,51.541672,-0.0224,5.11,12.0,526,0.2278197376808514,6.160975609756098,74.88278496301754,2.618071712002597,5.486092372682474,8.178076015388796e-10
843,27/5/2018,15:26:3,51.541672,-0.0224,5.11,11.7,528,0.2674187254920898,6.16829268292683,68.4460423470631,2.377702207725621,5.3806970428309375,8.028139112984665e-10
844,27/5/2018,15:26:4,51.541679,-0.022387,4.52,11.7,524,0.18822074986961299,6.175609756097561,62.00929973110944,2.137332703448674,5.275301712979413,7.878202210580552e-10
845,27/5/2018,15:26:5,51.541687,-0.022373,3.94,11.7,525,0.20802024377523218,6.182926829268293,58.6139221105996,2.1803146831586835,5.298458898357473,7.209281728106873e-10
846,27/5/2018,15:26:6,51.541691,-0.022359,3.61,11.7,526,0.2278197376808514,6.190243902439025,55.64411546653365,2.2629453626786944,5.339604131704934,6.467741106564423e-10
847,27/5/2018,15:26:7,51.541702,-0.022349,3.89,11.7,526,0.2278197376808514,6.197560975609757,52.67430882246734,2.3455760421987155,5.380749365052399,5.726200485021883e-10
848,27/5/2018,15:26:7,51.541702,-0.022349,3.89,9.7,527,0.2476192315864706,6.204878048780488,51.517660504434154,2.351939616259565,5.4677180570172785,5.915523605766457e-10
849,27/5/2018,15:26:8,51.541714,-0.022334,4.91,9.7,523,0.1684212559639938,6.21219512195122,51.123893878990515,2.3262140022631836,5.573966851093745,6.49650524694489e-10
850,27/5/2018,15:26:8,51.541714,-0.022334,4.91,9.4,526,0.2278197376808514,6.219512195121951,50.73012725354692,2.3004883882668055,5.6802156451702,7.077486888123252e-10
851,27/5/2018,15:26:9,51.541721,-0.022322,4.43,9.4,524,0.18822074986961299,6.226829268292684,50.44379816077102,2.3337806119767004,5.668423967454072,7.107326294496627e-10
852,27/5/2018,15:26:10,51.541729,-0.022305,4.09,9.4,527,0.2476192315864706,6.234146341463415,50.252567664879116,2.419312620216541,5.55214847515043,6.649320793117489e-10
853,27/5/2018,15:26:11,51.54174,-0.022287,4.5,9.4,526,0.2278197376808514,6.241463414634147,50.06133716898719,2.504844628456392,5.435872982846774,6.191315291738294e-10
854,27/5/2018,15:26:11,51.54174,1.3,4.5,36.0,525,0.20802024377523218,6.248780487804878,48.40667863626295,2.577553483508697,5.455979258647205,6.661429422447972e-10
855,27/5/2018,15:26:12,51.541748,-0.022262,4.69,36.0,525,0.20802024377523218,6.25609756097561,44.11698223704927,2.627173062309281,5.72165355296864,8.802709004162594e-10
856,27/5/2018,15:26:12,51.541748,-0.022262,4.69,9.0,527,0.2476192315864706,6.263414634146342,39.827285837836115,2.676792641109858,5.98732784729004,1.0943988585876956e-09
857,27/5/2018,15:26:13,51.541752,-0.022242,5.3,9.0,522,0.1486217620583746,6.270731707317074,35.75969640029235,2.679030290331158,6.170941022984068,1.2711790556330126e-09
858,27/5/2018,15:26:13,51.541752,-0.022242,5.3,9.1,522,0.1486217620583746,6.278048780487805,32.67924901461439,2.470681585866955,5.989838115889952,1.2819692032289328e-09
859,27/5/2018,15:26:14,51.541759,-0.022219,6.78,9.1,520,0.10902277424713622,6.285365853658537,29.598801628936062,2.2623328814027266,5.808735208795813,1.2927593508248546e-09
860,27/5/2018,15:26:15,51.541767,-0.022199,5.52,9.1,522,0.1486217620583746,6.2926829268292686,26.55981252106226,2.058263852485224,5.629650123052377,1.3024391350739432e-09
861,27/5/2018,15:26:16,51.541779,-0.02218,5.67,9.1,523,0.1684212559639938,6.300000000000001,27.51240201294431,2.266239467747253,5.644839689998435,1.2052137894451218e-09
862,27/5/2018,15:26:17,51.541786,-0.022164,4.7,9.1,522,0.1486217620583746,6.307317073170732,28.464991504826248,2.474215083009257,5.660029256944492,1.107988443816312e-09
863,27/5/2018,15:26:18,51.541794,-0.022143,4.19,9.1,525,0.20802024377523218,6.314634146341464,29.417580996708296,2.6821906982712855,5.6752188238905505,1.0107630981874906e-09
864,27/5/2018,15:26:19,51.541801,-0.022124,4.19,9.1,523,0.1684212559639938,6.321951219512195,28.88699118393219,2.5599944324641797,5.524207525729509,9.527193482806672e-10
865,27/5/2018,15:26:19,51.541801,-0.022124,4.19,9.4,523,0.1684212559639938,6.329268292682928,28.06732072272307,2.3734456631033582,5.340802670225528,9.023123291874188e-10
866,27/5/2018,15:26:20,51.541809,-0.022106,4.87,9.4,522,0.1486217620583746,6.336585365853659,27.247650261514057,2.186896893742559,5.157397814721568,8.519053100941764e-10
867,27/5/2018,15:26:20,51.541809,-0.022106,4.87,9.6,522,0.1486217620583746,6.343902439024391,27.573960700776595,2.2721833281773716,5.270261138642866,8.901584967341461e-10
868,27/5/2018,15:26:21,51.541821,-0.022083,5.44,9.6,520,0.10902277424713622,6.351219512195122,28.48148633357959,2.495338334872124,5.533384878923343,9.733781035067363e-10
869,27/5/2018,15:26:22,51.541828,-0.022067,4.09,9.6,522,0.1486217620583746,6.358536585365854,29.389011966382697,2.718493341566904,5.796508619203851,1.0565977102793364e-09
870,27/5/2018,15:26:23,51.54184,-0.02205,4.63,9.6,525,0.20802024377523218,6.365853658536586,30.669545762786154,2.8042388893901564,5.942242566761619,1.117632841975392e-09
871,27/5/2018,15:26:24,51.541847,-0.022037,4.96,9.6,526,0.2278197376808514,6.373170731707318,32.33815992187453,2.7470226528909514,5.965843333920398,1.1555870870480341e-09
872,27/5/2018,15:26:25,51.541851,-0.022018,5.09,9.6,523,0.1684212559639938,6.380487804878049,34.00677408096271,2.6898064163917534,5.989444101079172,1.1935413321206718e-09
873,27/5/2018,15:26:26,51.541862,-0.022001,5.52,9.6,521,0.1288222681527554,6.387804878048781,35.05935411427804,2.734878520473857,6.172261049676586,1.4379949680567682e-09
874,27/5/2018,15:26:27,51.54187,-0.021978,5.54,9.6,523,0.1684212559639938,6.3951219512195125,34.782829494374546,3.0006395502969343,6.698589759659365,2.1279747360703934e-09
875,27/5/2018,15:26:28,51.541878,-0.02196,5.07,9.6,525,0.20802024377523218,6.402439024390245,34.50630487447102,3.266400580120044,7.224918469642207,2.8179545040841025e-09
876,27/5/2018,15:26:28,51.541878,-0.02196,5.07,11.5,528,0.2674187254920898,6.409756097560976,33.80612827255938,3.4784939548134557,7.67046878645805,3.3779380586722606e-09
877,27/5/2018,15:26:29,51.541885,-0.021946,4.61,11.5,521,0.1288222681527554,6.417073170731708,30.57342447440401,3.369770239190795,7.633138139057931,3.160823995663703e-09
878,27/5/2018,15:26:29,51.541885,-0.021946,4.61,11.5,521,0.1288222681527554,6.424390243902439,27.34072067624904,3.261046523568147,7.5958074916578155,2.9437099326551715e-09
879,27/5/2018,15:26:30,51.541897,-0.021931,4.46,11.5,521,0.1288222681527554,6.431707317073171,24.108016878094062,3.1523228079454992,7.558476844257701,2.72659586964664e-09
880,27/5/2018,15:26:30,51.541897,-0.021931,4.46,11.6,524,0.18822074986961299,6.439024390243903,19.71802204338505,3.597087134710672,7.634278795761804,2.926714299773108e-09
881,27/5/2018,15:26:31,51.541904,-0.021919,4.59,11.6,521,0.1288222681527554,6.446341463414634,15.29213242746171,4.059018562541153,7.713589691652118,3.1397737003069727e-09
882,27/5/2018,15:26:32,51.541912,-0.021904,4.61,11.6,519,0.08922328034151703,6.453658536585366,10.866242811537829,4.520949990371691,7.79290058754244,3.352833100840863e-09
883,27/5/2018,15:26:33,51.541924,-0.02189,5.24,11.6,518,0.06942378643589782,6.4609756097560975,7.789397510853288,6.084527994684473,9.428662824270031,7.2172953216694975e-09
884,27/5/2018,15:26:34,51.541935,-0.021877,5.07,11.6,515,0.01002530471904024,6.46829268292683,5.05717427285789,7.929528715251928,11.462030584772076,1.2014531920201349e-08
885,27/5/2018,15:26:34,51.541935,-0.021877,5.07,11.8,516,0.029824798624659435,6.475609756097561,2.324951034862824,9.77452943581916,13.495398345273877,1.6811768518732616e-08
886,27/5/2018,15:26:35,51.541943,-0.021864,4.96,11.8,514,-0.009774189186578956,6.482926829268293,1.1971155882006626,10.270611593753253,15.074737502799527,1.9907773870116295e-08
887,27/5/2018,15:26:35,51.541943,-0.021864,4.96,11.5,514,-0.009774189186578956,6.490243902439024,1.0396194825851879,9.95086309262735,16.379478575118732,2.1974868620058423e-08
888,27/5/2018,15:26:36,51.54195,-0.02185,4.74,11.5,512,-0.04937317699781735,6.4975609756097565,0.8821233769696942,9.631114591501406,17.684219647438095,2.4041963370000802e-08
889,27/5/2018,15:26:36,51.54195,-0.02185,4.74,11.5,514,-0.009774189186578956,6.504878048780488,0.8829985590362031,9.886930998630145,18.024074952847062,2.5594740111029438e-08
890,27/5/2018,15:26:37,51.541962,-0.021837,4.2,11.5,512,-0.04937317699781735,6.51219512195122,1.0776456695606695,10.846967999388132,17.18336414344824,2.6518233641152343e-08
891,27/5/2018,15:26:37,51.541962,-0.021837,4.2,11.6,513,-0.029573683092198152,6.519512195121951,1.2722927800851125,11.807005000146,16.34265333404952,2.7441727171275135e-08
892,27/5/2018,15:26:38,51.541969,-0.02182,4.8,11.6,511,-0.06917267090343654,6.526829268292683,1.3821175896857805,13.650073099802315,15.736328850995081,2.98606599971682e-08
893,27/5/2018,15:26:39,51.541973,-0.021805,4.98,11.6,511,-0.06917267090343654,6.534146341463415,1.2698174788696062,17.805542660302816,15.743793943547852,3.619571312330559e-08
894,27/5/2018,15:26:40,51.541981,-0.021789,5.17,11.6,516,0.029824798624659435,6.541463414634147,1.1575173680534183,21.96101222080382,15.751259036100622,4.2530766249443755e-08
895,27/5/2018,15:26:40,51.541981,-0.021789,5.17,11.3,518,0.06942378643589782,6.548780487804878,1.0313082759583756,25.764072303157896,15.85106572498278,4.9576942078225414e-08
896,27/5/2018,15:26:41,51.541988,-0.021773,5.04,11.3,514,-0.009774189186578956,6.55609756097561,0.7839011002967802,26.496357285187823,16.755505354567784,6.281959678731831e-08
897,27/5/2018,15:26:41,51.541988,-0.021773,5.04,11.0,514,-0.009774189186578956,6.5634146341463415,0.5364939246352147,27.228642267217666,17.659944984152677,7.606225149640961e-08
898,27/5/2018,15:26:42,51.541996,-0.021757,4.74,11.0,513,-0.029573683092198152,6.570731707317074,0.2890867489736193,27.960927249247593,18.56438461373768,8.93049062055025e-08
899,27/5/2018,15:26:42,51.541996,-0.021757,4.74,11.1,514,-0.009774189186578956,6.578048780487805,0.22635005943749548,28.226836705516387,20.92308249202501,9.868299894148443e-08
900,27/5/2018,15:26:43,51.542,-0.021743,4.46,11.1,515,0.01002530471904024,6.585365853658537,0.1776085636782898,28.45740204160237,23.39199086696155,1.0776821708331136e-07
901,27/5/2018,15:26:44,51.542007,-0.021728,4.17,11.1,514,-0.009774189186578956,6.592682926829268,0.12886706791909006,28.687967377688327,25.86089924189779,1.1685343522513719e-07
902,27/5/2018,15:26:45,51.542019,-0.021714,4.82,11.1,515,0.01002530471904024,6.6000000000000005,0.17130473465659224,26.46342301489203,26.855476743292048,1.0717104745316842e-07
903,27/5/2018,15:26:45,51.542019,-0.021714,4.82,11.2,516,0.029824798624659435,6.607317073170732,0.24314503816081545,23.447176943919985,27.374625276468812,9.14366508169571e-08
904,27/5/2018,15:26:46,51.542027,-0.0217,5.0,11.2,514,-0.009774189186578956,6.614634146341464,0.3149853416650474,20.430930872947577,27.89377380964564,7.570225418074385e-08
905,27/5/2018,15:26:46,51.542027,-0.0217,5.0,11.2,517,0.04962429253027863,6.621951219512195,0.3960581170210493,20.002022652848513,26.643795677938172,6.703201823386758e-08
906,27/5/2018,15:26:47,51.542034,-0.021684,4.63,11.2,515,0.01002530471904024,6.629268292682927,0.48374091113475315,21.425527524424545,24.12720545930986,6.341939149647402e-08
907,27/5/2018,15:26:47,51.542034,-0.021684,4.63,11.4,517,0.04962429253027863,6.636585365853659,0.5714237052484464,22.849032396000407,21.610615240681852,5.98067647590809e-08
908,27/5/2018,15:26:48,51.542042,-0.02167,4.67,11.4,514,-0.009774189186578956,6.643902439024391,0.6539147527229722,23.51574596510122,19.306039743140317,5.590771359550494e-08
909,27/5/2018,15:26:49,51.542049,-0.021656,4.46,11.4,513,-0.029573683092198152,6.651219512195122,0.7289153444665929,23.09058966021009,17.30735106808276,5.159542010065386e-08
910,27/5/2018,15:26:50,51.542057,-0.021642,4.52,11.4,511,-0.06917267090343654,6.658536585365854,0.8039159362102227,22.665433355318907,15.30866239302496,4.7283126605802246e-08
911,27/5/2018,15:26:51,51.542065,-0.021628,4.2,11.4,514,-0.009774189186578956,6.6658536585365855,0.8624703619918765,21.489642539598695,14.06969344480081,4.317508246686208e-08
912,27/5/2018,15:26:52,51.542072,-0.021614,4.65,11.4,516,0.029824798624659435,6.673170731707318,0.8677775598608144,17.883546267293298,15.290444867758515,3.9728329964547644e-08
913,27/5/2018,15:26:52,51.542072,-0.021614,4.65,11.3,517,0.04962429253027863,6.680487804878049,0.8730847577297516,14.277449994988334,16.51119629071607,3.628157746223363e-08
914,27/5/2018,15:26:53,51.54208,-0.021598,5.2,11.3,515,0.01002530471904024,6.687804878048781,0.9695972274115097,10.7708889237455,17.48286795799974,3.2504853770065315e-08
915,27/5/2018,15:26:53,51.54208,-0.021598,5.2,11.2,517,0.04962429253027863,6.695121951219512,2.4322060509840515,8.75519205972153,14.723758067473378,2.3785735516829696e-08
916,27/5/2018,15:26:54,51.542084,-0.021582,4.76,11.2,515,0.01002530471904024,6.7024390243902445,3.8948148745567712,6.739495195697313,11.964648176946682,1.5066617263593022e-08
917,27/5/2018,15:26:55,51.542091,-0.02157,5.0,11.2,517,0.04962429253027863,6.709756097560976,5.357423698129313,4.723798331673341,9.20553828642032,6.347499010357407e-09
918,27/5/2018,15:26:56,51.542103,-0.02156,4.5,11.2,520,0.10902277424713622,6.717073170731708,8.589988499653,4.080720596936955,8.03450638256385,4.254872377458126e-09
919,27/5/2018,15:26:57,51.54211,-0.02155,4.56,11.2,521,0.1288222681527554,6.724390243902439,12.043120749635523,3.6086951950410593,7.06137675076269,2.9880224119688284e-09
920,27/5/2018,15:26:58,51.542118,-0.021541,4.83,11.2,521,0.1288222681527554,6.731707317073171,15.496252999618466,3.1366697931451055,6.088247118961412,1.7211724464793767e-09
921,27/5/2018,15:26:59,51.54213,-0.021533,4.61,11.2,521,0.1288222681527554,6.739024390243903,19.01896617352599,2.8183531289018076,5.746499755529558,1.2995624497923203e-09
922,27/5/2018,15:26:59,51.54213,-0.021533,4.61,10.1,523,0.1684212559639938,6.746341463414635,22.569305986711445,2.5610654882671042,5.655438488092227,1.2135493150583656e-09
923,27/5/2018,15:27:0,51.542137,-0.021527,4.2,10.1,521,0.1288222681527554,6.753658536585366,26.119645799896468,2.3037778476324324,5.564377220654908,1.1275361803244214e-09
924,27/5/2018,15:27:0,51.542137,-0.021527,4.2,10.2,523,0.1684212559639938,6.760975609756098,30.2258689392635,2.3863526996145836,5.66700527206474,1.1016821740314916e-09
925,27/5/2018,15:27:1,51.542149,-0.021523,5.11,10.2,522,0.1486217620583746,6.7682926829268295,34.80106053692182,2.7556510089966113,5.933038442802909,1.1265811448263317e-09
926,27/5/2018,15:27:1,51.542149,-0.021523,5.11,10.1,525,0.20802024377523218,6.775609756097562,39.376252134580696,3.1249493183786834,6.19907161354111,1.1514801156211746e-09
927,27/5/2018,15:27:2,51.54216,-0.021515,5.91,10.1,527,0.2476192315864706,6.782926829268293,41.01558987505556,3.3657295445741617,6.404658671120941,1.198509794494704e-09
928,27/5/2018,15:27:2,51.54216,-0.021515,5.91,9.7,529,0.287218219397709,6.790243902439025,37.6347498195925,3.3867496399951063,6.506885599113359,1.2833819868956695e-09
929,27/5/2018,15:27:3,51.542168,-0.021511,4.3,9.7,523,0.1684212559639938,6.797560975609756,34.25390976412985,3.407769735416048,6.609112527105766,1.3682541792966245e-09
930,27/5/2018,15:27:4,51.542179,-0.021509,4.26,9.7,521,0.1288222681527554,6.8048780487804885,30.301310571409683,3.3638007134126577,6.659141077715465,1.474563680339505e-09
931,27/5/2018,15:27:5,51.542191,-0.021505,4.69,9.7,521,0.1288222681527554,6.81219512195122,23.99760599279901,3.052592824473691,6.494526996135627,1.6690245873202014e-09
932,27/5/2018,15:27:6,51.542198,-0.021505,4.3,9.7,520,0.10902277424713622,6.819512195121952,17.693901414187565,2.7413849355346867,6.329912914555768,1.8634854943009216e-09
933,27/5/2018,15:27:7,51.54221,-0.021508,3.98,9.7,519,0.08922328034151703,6.826829268292683,11.490466616707094,2.446514392855273,6.191425976337453,2.083344885949918e-09
934,27/5/2018,15:27:7,51.54221,-0.021508,3.98,9.1,519,0.08922328034151703,6.834146341463415,9.698902188959174,2.870487085596848,7.20253334602731,3.4207376030052596e-09
935,27/5/2018,15:27:8,51.542213,-0.021509,3.04,9.1,516,0.029824798624659435,6.841463414634147,7.907337761211473,3.2944597783383722,8.213640715717043,4.758130320060439e-09
936,27/5/2018,15:27:9,51.542225,-0.021514,3.72,9.1,518,0.06942378643589782,6.848780487804879,6.115773333463554,3.7184324710799475,9.2247480854069,6.09552303711578e-09
937,27/5/2018,15:27:10,51.542229,-0.02152,3.32,9.1,520,0.10902277424713622,6.85609756097561,5.057044447229261,4.418599926174822,9.949610445926147,6.858064972093121e-09
938,27/5/2018,15:27:11,51.54224,-0.021523,3.69,9.1,518,0.06942378643589782,6.863414634146342,4.1288294597504915,5.167956118999646,10.623494176139102,7.518229207680083e-09
939,27/5/2018,15:27:11,51.54224,-0.021523,3.69,8.5,518,0.06942378643589782,6.8707317073170735,3.2006144722718344,5.917312311824379,11.297377906351976,8.178393443266963e-09
940,27/5/2018,15:27:12,51.542248,-0.02153,3.35,8.5,515,0.01002530471904024,6.878048780487806,2.4150444300412635,9.234710097310538,13.802349453745487,2.0561793228267782e-08
941,27/5/2018,15:27:12,51.542248,-0.02153,3.35,8.2,516,0.029824798624659435,6.885365853658537,1.6980193066665799,13.786124288221597,17.187210334953388,3.85785382962964e-08
942,27/5/2018,15:27:13,51.542255,-0.021535,3.8,8.2,514,-0.009774189186578956,6.892682926829269,0.9809941832918092,18.337538479133208,20.572071216161703,5.659528336432722e-08
943,27/5/2018,15:27:13,51.542255,-0.021535,3.8,8.0,516,0.029824798624659435,6.9,0.6539702449226779,19.144498842484513,21.212347766014883,5.92363764463638e-08
944,27/5/2018,15:27:14,51.542267,-0.021544,4.59,8.0,513,-0.029573683092198152,6.9073170731707325,0.7137767502174946,16.23744809232189,19.13035367826467,4.662682284310998e-08
945,27/5/2018,15:27:15,51.542274,-0.02155,3.63,8.0,512,-0.04937317699781735,6.914634146341464,0.7735832555123041,13.330397342159621,17.048359590514707,3.401726923985769e-08
946,27/5/2018,15:27:16,51.542282,-0.021552,3.04,8.0,512,-0.04937317699781735,6.921951219512196,0.8529308541882507,10.904372815467267,15.771504451502114,2.5327704184629666e-08
947,27/5/2018,15:27:17,51.542294,-0.021559,3.7,8.0,513,-0.029573683092198152,6.929268292682927,0.9721965741638813,9.46097821445593,16.139369676492038,2.4645806627916822e-08
948,27/5/2018,15:27:17,51.542294,-0.021559,3.7,7.5,515,0.01002530471904024,6.936585365853659,1.0914622941395262,8.017583613444417,16.507234901482004,2.3963909071203892e-08
949,27/5/2018,15:27:18,51.542301,-0.021563,4.02,7.5,512,-0.04937317699781735,6.943902439024391,1.233265684542778,6.768705211158086,16.72300514349231,2.2832343212616803e-08
950,27/5/2018,15:27:18,51.542301,-0.021563,4.02,7.3,513,-0.029573683092198152,6.951219512195123,1.4976985806417842,6.5782070605513585,16.111212810147276,1.925409140381268e-08
951,27/5/2018,15:27:19,51.542316,-0.021569,4.22,7.3,512,-0.04937317699781735,6.958536585365854,1.762131476740758,6.387708909944655,15.499420476802321,1.5675839595008993e-08
952,27/5/2018,15:27:19,51.542316,-0.021569,4.22,7.1,513,-0.029573683092198152,6.965853658536585,2.0265643728397325,6.19721075933795,14.887628143457365,1.2097587786205307e-08
953,27/5/2018,15:27:20,51.542328,-0.021577,4.59,7.1,510,-0.08897216480905573,6.9731707317073175,1.9376991469038172,6.250174166030946,15.38527583653445,1.2252953475396412e-08
954,27/5/2018,15:27:20,51.542328,-0.021577,4.59,7.0,513,-0.029573683092198152,6.980487804878049,1.8423064729857561,6.307635707731774,15.903421266820159,1.2477300550231618e-08
955,27/5/2018,15:27:21,51.542336,-0.021585,4.41,7.0,512,-0.04937317699781735,6.987804878048781,1.7469137990676833,6.365097249432609,16.42156669710593,1.270164762506685e-08
956,27/5/2018,15:27:21,51.542336,-0.021585,4.41,6.9,514,-0.009774189186578956,6.995121951219512,1.624293145723643,6.343984503031374,17.108265662038956,1.3180208364418022e-08
957,27/5/2018,15:27:22,51.542351,-0.02159,5.28,6.9,512,-0.04937317699781735,7.002439024390244,1.4952218846883543,6.3042566438729715,17.834896812536417,1.3718995115912432e-08
958,27/5/2018,15:27:22,51.542351,-0.02159,5.28,7.1,514,-0.009774189186578956,7.009756097560976,1.3661506236530814,6.2645287847145745,18.56152796303379,1.4257781867406777e-08
959,27/5/2018,15:27:23,51.542362,-0.021597,4.78,7.1,512,-0.04937317699781735,7.017073170731708,1.4901350295489362,6.0887939451684865,17.77537223958396,1.3644987348941316e-08
960,27/5/2018,15:27:23,51.542362,-0.021597,4.78,6.8,514,-0.009774189186578956,7.024390243902439,1.7595315706439125,5.834906082376583,16.119931223654447,1.237046534043018e-08
961,27/5/2018,15:27:24,51.542374,-0.021601,4.76,6.8,511,-0.06917267090343654,7.031707317073171,2.0289281117389217,5.5810182195846485,14.464490207724737,1.109594333191889e-08
962,27/5/2018,15:27:24,51.542374,-0.021601,4.76,6.7,512,-0.04937317699781735,7.0390243902439025,2.1400762482478144,5.23092614363626,13.113713518707684,9.964152517141735e-09
963,27/5/2018,15:27:25,51.542381,-0.021608,3.37,6.7,511,-0.06917267090343654,7.046341463414635,2.0667048796057297,4.768658821109475,12.118179026198465,8.9987879567478e-09
964,27/5/2018,15:27:25,51.542381,-0.021608,3.37,6.4,513,-0.029573683092198152,7.053658536585366,1.9933335109636543,4.306391498582746,11.12264453368937,8.033423396353982e-09
965,27/5/2018,15:27:26,51.542389,-0.021613,3.09,6.4,512,-0.04937317699781735,7.060975609756098,1.8713124632244598,3.9788208859061958,10.602694656672828,7.865692158156669e-09
966,27/5/2018,15:27:26,51.542389,-0.021613,3.09,6.4,513,-0.029573683092198152,7.068292682926829,1.6291851285481598,3.983789397495347,11.256867679361907,9.667157396571853e-09
967,27/5/2018,15:27:27,51.542397,-0.02162,3.41,6.4,513,-0.029573683092198152,7.0756097560975615,1.3870577938718303,3.988757909084499,11.911040702051064,1.1468622634987254e-08
968,27/5/2018,15:27:27,51.542397,-0.02162,3.41,6.3,514,-0.009774189186578956,7.082926829268293,1.1714061355082004,4.063419582418113,12.618685408226847,1.307704823594324e-08
969,27/5/2018,15:27:28,51.542408,-0.021623,2.48,6.3,512,-0.04937317699781735,7.090243902439025,1.1597216940007917,4.674993705770163,13.738273149685313,1.319830662989408e-08
970,27/5/2018,15:27:28,51.542408,-0.021623,2.48,6.3,513,-0.029573683092198152,7.097560975609756,1.1480372524933844,5.286567829122138,14.857860891143641,1.3319565023844904e-08
971,27/5/2018,15:27:29,51.542416,-0.021629,3.76,6.3,512,-0.04937317699781735,7.104878048780488,1.1363528109859757,5.8981419524741865,15.977448632602107,1.3440823417795743e-08
972,27/5/2018,15:27:29,51.542416,-0.021629,3.76,6.3,514,-0.009774189186578956,7.11219512195122,1.1964475400064416,6.3038469213647605,17.27728594913746,1.4152832013551892e-08
973,27/5/2018,15:27:30,51.542427,-0.021636,3.28,6.3,512,-0.04937317699781735,7.119512195121952,1.261002535403641,6.696759442796093,18.58832374504913,1.490154907560523e-08
974,27/5/2018,15:27:30,51.542427,-0.021636,3.28,6.4,514,-0.009774189186578956,7.126829268292683,1.3255575308008323,7.089671964227378,19.89936154096064,1.5650266137658478e-08
975,27/5/2018,15:27:31,51.542431,-0.021643,2.3,6.4,512,-0.04937317699781735,7.134146341463415,1.6053851954809444,7.314007234247381,19.836064612611995,1.5571205687356493e-08
976,27/5/2018,15:27:31,51.542431,-0.021643,2.3,6.2,514,-0.009774189186578956,7.1414634146341465,1.9502056321901495,7.487447502561985,19.357843561646675,1.5242231695634903e-08
977,27/5/2018,15:27:32,51.542439,-0.021647,2.17,6.2,510,-0.08897216480905573,7.148780487804879,2.2950260688993964,7.660887770876611,18.879622510681298,1.491325770391327e-08
978,27/5/2018,15:27:32,51.542439,-0.021647,2.17,6.5,513,-0.029573683092198152,7.15609756097561,2.581806120440008,7.07330295939213,17.696806013979085,1.356935246516864e-08
979,27/5/2018,15:27:33,51.542442,-0.021652,2.2,6.5,510,-0.08897216480905573,7.163414634146342,2.8290319593123816,5.967083618436014,16.03381148219274,1.1533776999360178e-08
980,27/5/2018,15:27:33,51.542442,-0.021652,2.2,6.7,513,-0.029573683092198152,7.170731707317073,3.0762577981847254,4.860864277480032,14.370816950406596,9.498201533551964e-09
981,27/5/2018,15:27:34,51.542458,-0.021658,4.26,6.7,512,-0.04937317699781735,7.1780487804878055,3.7258082364755554,4.110234585450092,12.551529859549785,7.530052853252697e-09
982,27/5/2018,15:27:35,51.542465,-0.021658,3.96,6.7,513,-0.029573683092198152,7.185365853658537,4.9279595239133975,3.848014357391755,10.517571826417846,5.654516205579803e-09
983,27/5/2018,15:27:36,51.542477,-0.021669,5.2,6.7,511,-0.06917267090343654,7.192682926829269,6.130110811351386,3.5857941293333857,8.48361379328566,3.778979557906682e-09
984,27/5/2018,15:27:37,51.542488,-0.021674,3.52,6.7,510,-0.08897216480905573,7.2,7.4357490614056925,3.3468398407030926,6.871595140995656,2.306220305003931e-09
985,27/5/2018,15:27:38,51.542503,-0.021677,5.13,6.7,508,-0.12857115262029412,7.207317073170732,9.055318798665574,3.1784636305206466,6.539545037296021,2.055301014894517e-09
986,27/5/2018,15:27:39,51.542519,-0.021682,5.44,6.7,509,-0.10877165871467494,7.214634146341464,10.674888535925259,3.0100874203382215,6.207494933596426,1.8043817247851333e-09
987,27/5/2018,15:27:40,51.542522,-0.021686,2.46,6.7,509,-0.10877165871467494,7.221951219512196,12.214400891532696,2.841485694197978,5.912029399491545,1.59500652255471e-09
988,27/5/2018,15:27:41,51.54253,-0.021691,2.89,6.7,509,-0.10877165871467494,7.229268292682927,12.75977269850856,2.6700835447440947,6.070865559217612,1.9015195677779975e-09
989,27/5/2018,15:27:42,51.542534,-0.021698,1.91,6.7,508,-0.12857115262029412,7.236585365853659,13.30514450548449,2.4986813952901907,6.229701718943699,2.2080326130013224e-09
990,27/5/2018,15:27:42,51.542534,-0.021698,1.91,6.0,511,-0.06917267090343654,7.2439024390243905,13.850516312460355,2.3272792458363076,6.388537878669766,2.51454565822461e-09
991,27/5/2018,15:27:43,51.542545,-0.021704,3.19,6.0,509,-0.10877165871467494,7.251219512195123,15.218422271084263,2.4977798020737896,6.239882997726515,2.139702064829718e-09
992,27/5/2018,15:27:44,51.542553,-0.021709,3.8,6.0,508,-0.12857115262029412,7.258536585365854,16.67657103044238,2.7057915761475346,6.057492310610211,1.6901046983001344e-09
993,27/5/2018,15:27:45,51.542561,-0.021709,1.74,6.0,507,-0.14837064652591334,7.265853658536586,18.13471978980067,2.9138033502213054,5.875101623493886,1.2405073317704961e-09
994,27/5/2018,15:27:46,51.542561,-0.021713,0.96,6.0,506,-0.16817014043153253,7.273170731707317,17.504958999774722,3.045037189863093,5.969207496150489,1.2165707860150273e-09
995,27/5/2018,15:27:46,51.542561,-0.021713,0.96,6.0,508,-0.12857115262029412,7.2804878048780495,16.094075422370437,3.1475470868559783,6.166755476025793,1.3518812569221696e-09
996,27/5/2018,15:27:47,51.542561,-0.021711,1.19,6.0,507,-0.14837064652591334,7.287804878048781,14.683191844966327,3.250056983848851,6.364303455901074,1.4871917278292954e-09
997,27/5/2018,15:27:48,51.542561,-0.02171,1.07,6.0,510,-0.08897216480905573,7.295121951219513,12.43489782055589,3.186091982404969,6.626890434827422,1.8132051352040275e-09
998,27/5/2018,15:27:49,51.542557,-0.021711,0.8,6.0,511,-0.06917267090343654,7.302439024390244,9.51338699828004,2.988293329313574,6.941764015663315,2.2925297661146625e-09
999,27/5/2018,15:27:50,51.542557,-0.021712,0.7,6.0,511,-0.06917267090343654,7.309756097560976,6.591876176003838,2.7904946762221545,7.256637596499248,2.771854397025356e-09
1000,27/5/2018,15:27:51,51.542557,-0.021713,0.3,6.0,513,-0.029573683092198152,7.317073170731708,4.605243831055165,2.804933963005647,7.6563273643790755,3.488424889230914e-09
1001,27/5/2018,15:27:52,51.542557,-0.021709,0.69,6.0,512,-0.04937317699781735,7.32439024390244,4.137789011762497,3.16425990208574,8.193843436205308,4.590519906040704e-09
1002,27/5/2018,15:27:52,51.542557,-0.021709,0.69,7.0,513,-0.029573683092198152,7.331707317073171,3.670334192469887,3.523585841165789,8.731359508031474,5.692614922850361e-09
1003,27/5/2018,15:27:53,51.542557,-0.021708,0.3,7.0,512,-0.04937317699781735,7.339024390243903,3.2958516305448793,3.9683529376856597,9.408559106869417,6.94176893967322e-09
1004,27/5/2018,15:27:54,51.542561,-0.021709,0.04,7.0,510,-0.08897216480905573,7.3463414634146345,3.2763294277758126,4.739327279142918,10.619058813933831,8.752382008257142e-09
1005,27/5/2018,15:27:55,51.542561,-0.021711,0.28,7.0,510,-0.08897216480905573,7.353658536585367,3.256807225006744,5.510301620600269,11.829558520998392,1.0562995076841282e-08
1006,27/5/2018,15:27:55,51.542561,-0.021711,0.28,7.0,513,-0.029573683092198152,7.360975609756098,3.2226670930934094,6.329615349530433,13.094230383171706,1.2684497920773691e-08
1007,27/5/2018,15:27:56,51.542561,-0.021712,0.09,7.0,511,-0.06917267090343654,7.36829268292683,2.775279397894467,8.515479284495184,15.89034427627476,2.359482720142142e-08
1008,27/5/2018,15:27:57,51.542561,-0.021712,0.17,7.0,513,-0.029573683092198152,7.375609756097561,2.3278917026955788,10.70134321945967,18.686458169377474,3.4505156482067825e-08
1009,27/5/2018,15:27:57,51.542561,-0.021712,0.17,7.0,516,0.029824798624659435,7.3829268292682935,1.8805040074966364,12.88720715442442,21.48257206248053,4.5415485762715555e-08
1010,27/5/2018,15:27:58,51.542561,-0.021712,0.24,7.0,510,-0.08897216480905573,7.390243902439025,2.799074615170157,13.895530211853277,19.364414698707126,3.885190739960612e-08
1011,27/5/2018,15:27:58,51.542561,-0.021712,0.24,7.0,512,-0.04937317699781735,7.397560975609757,3.938587898808849,14.713386962958067,16.45137784291005,2.9461938284846175e-08
1012,27/5/2018,15:27:59,51.542557,-0.021712,0.22,7.0,510,-0.08897216480905573,7.404878048780488,5.078101182447403,15.531243714062759,13.538340987113326,2.007196917008737e-08
1013,27/5/2018,15:27:59,51.542557,-0.021712,0.22,7.0,516,0.029824798624659435,7.41219512195122,10.517201218277851,13.446531932878106,11.364049701149764,1.3712864205488833e-08
1014,27/5/2018,15:28:0,51.542557,-0.021713,0.37,7.0,520,0.10902277424713622,7.419512195121952,17.911776381340555,10.041716407516986,9.525743864584957,8.732212520532727e-09
1015,27/5/2018,15:28:0,51.542557,-0.021713,0.37,7.1,524,0.18822074986961299,7.426829268292684,25.30635154440416,6.636900882155453,7.687438028019927,3.751560835576016e-09
1016,27/5/2018,15:28:1,51.542557,-0.021713,0.09,7.1,525,0.20802024377523218,7.434146341463415,32.70021640818302,4.627559913772598,6.603314638725131,1.2507652952183513e-09
1017,27/5/2018,15:28:1,51.542557,-0.021713,0.09,7.1,528,0.2674187254920898,7.441463414634147,40.093409621316425,3.937763269120403,6.232337298834043,1.0948925504144807e-09
1018,27/5/2018,15:28:2,51.542557,-0.021713,0.09,7.1,527,0.2476192315864706,7.4487804878048784,47.48660283444894,3.247966624468292,5.861359958943002,9.39019805610629e-10
1019,27/5/2018,15:28:2,51.542557,-0.021713,0.09,7.3,524,0.18822074986961299,7.456097560975611,51.42667698260456,2.780091864280666,5.644159121400643,8.487040513307928e-10
1020,27/5/2018,15:28:3,51.542561,-0.021712,0.11,7.3,526,0.2278197376808514,7.463414634146342,48.68121834717137,2.741876784534241,5.724682697193761,8.853122174529544e-10
1021,27/5/2018,15:28:3,51.542561,-0.021712,0.11,7.3,527,0.2476192315864706,7.470731707317074,45.93575971173783,2.703661704787812,5.805206272986888,9.219203835751206e-10
1022,27/5/2018,15:28:4,51.542561,-0.021712,0.06,7.3,523,0.1684212559639938,7.478048780487805,42.544843015329135,2.686149198253878,5.88224023010161,9.548603218452637e-10
1023,27/5/2018,15:28:4,51.542561,-0.021712,0.06,7.3,525,0.20802024377523218,7.4853658536585375,35.93889154684563,2.7717564709492524,5.941892352406859,9.69528770751241e-10
1024,27/5/2018,15:28:5,51.542561,-0.021712,0.07,7.3,523,0.1684212559639938,7.492682926829269,29.33294007836293,2.857363743644616,6.001544474712102,9.841972196572168e-10
1025,27/5/2018,15:28:5,51.542561,-0.021712,0.07,7.3,521,0.1288222681527554,7.5,22.726988609880234,2.94297101633998,6.061196597017344,9.988656685631925e-10
1026,27/5/2018,15:28:6,51.542561,-0.021713,0.15,7.3,520,0.10902277424713622,7.507317073170732,18.06466509270015,2.9805359593368235,7.128096854182989,2.3177857557627953e-09
1027,27/5/2018,15:28:6,51.542561,-0.021713,0.15,7.3,520,0.10902277424713622,7.514634146341463,13.414463380510513,3.0178012772168934,8.201279005709516,3.644840056100367e-09
1028,27/5/2018,15:28:7,51.542561,-0.021713,0.11,7.3,516,0.029824798624659435,7.521951219512196,8.76426166832031,3.0550665950969678,9.274461157236175,4.9718943564381e-09
1029,27/5/2018,15:28:7,51.542561,-0.021713,0.11,7.4,518,0.06942378643589782,7.529268292682927,7.815263492191523,3.1250183635358204,9.117932391350164,4.905456844315074e-09
1030,27/5/2018,15:28:8,51.542561,-0.021716,0.13,7.4,516,0.029824798624659435,7.536585365853659,7.676479025448593,3.2021253748830674,8.692213175881452,4.533976348370001e-09
1031,27/5/2018,15:28:8,51.542561,-0.021716,0.13,7.4,519,0.08922328034151703,7.54390243902439,7.53769455870568,3.2792323862303054,8.266493960412792,4.162495852424974e-09
1032,27/5/2018,15:28:9,51.542564,-0.021719,0.02,7.4,520,0.10902277424713622,7.551219512195122,7.860077569760965,3.338321041561111,7.623931815061242,3.3926040303190188e-09
1033,27/5/2018,15:28:9,51.542564,-0.021719,0.02,7.4,520,0.10902277424713622,7.558536585365854,8.434055454801873,3.387579589111914,6.86306867875736,2.4053546272352397e-09
1034,27/5/2018,15:28:10,51.542564,-0.02172,0.24,7.4,520,0.10902277424713622,7.565853658536586,9.00803333984285,3.4368381366627228,6.102205542453384,1.4181052241513411e-09
1035,27/5/2018,15:28:10,51.542564,-0.02172,0.24,7.4,520,0.10902277424713622,7.573170731707317,8.493841219886427,4.203967779232832,6.11210000753074,1.4462372111786901e-09
1036,27/5/2018,15:28:11,51.542572,-0.021722,3.89,7.4,519,0.08922328034151703,7.580487804878049,6.770262583045189,5.768935644866138,6.978610485378264,2.6028588248789507e-09
1037,27/5/2018,15:28:12,51.542583,-0.021724,3.02,7.4,517,0.04962429253027863,7.587804878048781,5.04668394620416,7.333903510499256,7.84512096322568,3.75948043857907e-09
1038,27/5/2018,15:28:12,51.542583,-0.021724,3.02,7.5,517,0.04962429253027863,7.595121951219513,4.084591292549062,8.2787173072741,8.516603969722079,4.472153534373658e-09
1039,27/5/2018,15:28:13,51.542591,-0.021729,4.35,7.5,514,-0.009774189186578956,7.602439024390244,4.897382131425631,7.778066257752242,8.733513882117636,4.150064450216098e-09
1040,27/5/2018,15:28:13,51.542591,-0.021729,4.35,7.5,513,-0.029573683092198152,7.609756097560976,5.710172970302298,7.277415208230323,8.95042379451322,3.8279753660585e-09
1041,27/5/2018,15:28:14,51.542606,-0.021735,5.0,7.5,509,-0.10877165871467494,7.617073170731707,7.06987708093759,6.694901758904294,9.063323322785104,3.488152247946275e-09
1042,27/5/2018,15:28:15,51.542618,-0.021738,4.48,7.5,509,-0.10877165871467494,7.62439024390244,12.194743358053538,5.548815936194753,8.460175200642102,3.0262411916670157e-09
1043,27/5/2018,15:28:16,51.542629,-0.021742,4.94,7.5,507,-0.14837064652591334,7.631707317073171,17.319609635168867,4.402730113485351,7.857027078499171,2.564330135387812e-09
1044,27/5/2018,15:28:16,51.542629,-0.021742,4.94,7.8,509,-0.10877165871467494,7.639024390243903,22.444475912284812,3.25664429077581,7.253878956356169,2.1024190791085527e-09
1045,27/5/2018,15:28:17,51.542645,-0.021748,4.85,7.8,504,-0.2077691282427709,7.646341463414634,27.636873430050027,2.9850451594722793,6.7247846383613386,1.66123656039587e-09
1046,27/5/2018,15:28:18,51.542656,-0.021751,4.33,7.8,505,-0.18796963433715172,7.653658536585366,32.83256881084428,2.7561512606013725,6.199306710358135,1.221066312108135e-09
1047,27/5/2018,15:28:19,51.542667,-0.021753,3.5,7.8,505,-0.18796963433715172,7.660975609756098,38.0282641916379,2.527257361730493,5.673828782354996,7.808960638204535e-10
1048,27/5/2018,15:28:20,51.542671,-0.021762,2.85,7.8,505,-0.18796963433715172,7.66829268292683,41.93091745929053,2.487174463462198,5.571185579562904,6.883327939856719e-10
1049,27/5/2018,15:28:21,51.542679,-0.021769,3.33,7.8,503,-0.2275686221483901,7.675609756097561,45.468962921783735,2.5003318764103164,5.5877719359146,6.937866081913682e-10
1050,27/5/2018,15:28:21,51.542679,-0.021769,3.33,7.5,505,-0.18796963433715172,7.682926829268293,49.00700838427737,2.513489289358436,5.604358292266298,6.992404223970652e-10
1051,27/5/2018,15:28:22,51.54269,-0.021775,4.7,7.5,501,-0.2671676099596285,7.690243902439025,50.873065451841526,2.460764618999057,5.539064574995736,7.037127895457316e-10
1052,27/5/2018,15:28:23,51.542702,-0.021781,4.07,7.5,503,-0.2275686221483901,7.697560975609757,51.65501741010974,2.3653224852043078,5.4206804137767195,7.075487935639746e-10
1053,27/5/2018,15:28:24,51.542717,-0.021785,4.26,7.5,504,-0.2077691282427709,7.704878048780488,52.43696936837786,2.26988035140957,5.302296252557718,7.113847975822171e-10
1054,27/5/2018,15:28:24,51.542717,-0.021785,4.26,7.8,504,-0.2077691282427709,7.71219512195122,54.774381085867255,2.229014701457258,5.274100243058862,7.768629666929224e-10
1055,27/5/2018,15:28:25,51.542725,-0.021789,3.32,7.8,503,-0.2275686221483901,7.719512195121951,59.14648179055721,2.259540271995254,5.363878895387899,9.229749379430267e-10
1056,27/5/2018,15:28:26,51.542732,-0.021795,2.78,7.8,506,-0.16817014043153253,7.726829268292684,63.51858249524769,2.290065842533254,5.453657547716947,1.0690869091931488e-09
1057,27/5/2018,15:28:27,51.542736,-0.021804,3.32,7.8,501,-0.2671676099596285,7.734146341463415,70.24271317807622,2.3162937629059885,5.488091252939018,1.1154091581427843e-09
1058,27/5/2018,15:28:28,51.54274,-0.021807,1.19,7.8,499,-0.3067665977708669,7.741463414634147,83.66581929602361,2.330281255582901,5.36489327634856,8.775135592837226e-10
1059,27/5/2018,15:28:28,51.54274,-0.021807,1.19,8.0,500,-0.2869671038652477,7.748780487804878,97.0889254139694,2.344268748259812,5.241695299758119,6.396179604246897e-10
1060,27/5/2018,15:28:29,51.542747,-0.02181,3.37,8.0,498,-0.3265660916764861,7.75609756097561,110.91026025283807,2.3578045637819574,5.123609976820738,4.177864135110917e-10
1061,27/5/2018,15:28:29,51.542747,-0.02181,3.37,7.9,499,-0.3067665977708669,7.763414634146342,128.93875621150215,2.3665685523001603,5.059538230851026,3.6566652027987676e-10
1062,27/5/2018,15:28:30,51.542759,-0.021814,3.85,7.9,493,-0.42556356120458205,7.770731707317074,146.96725217016842,2.3753325408183636,4.995466484881307,3.135466270486555e-10
1063,27/5/2018,15:28:30,51.542759,-0.021814,3.85,8.1,495,-0.38596457339334367,7.778048780487805,164.99574812883247,2.3840965293365666,4.931394738911596,2.614267338174406e-10
1064,27/5/2018,15:28:31,51.54277,-0.02182,4.69,8.1,493,-0.42556356120458205,7.785365853658537,177.8944191525629,2.357149021523446,4.810476111384416,2.1091635804180375e-10
1065,27/5/2018,15:28:32,51.542782,-0.021825,3.24,8.1,492,-0.44536305511020124,7.7926829268292686,190.30473763695593,2.3268018265595813,4.684145736026863,1.605592061961335e-10
1066,27/5/2018,15:28:33,51.542789,-0.021827,3.78,8.1,492,-0.44536305511020124,7.800000000000001,202.7150561213505,2.296454631595713,4.557815360669295,1.1020205435045714e-10
1067,27/5/2018,15:28:34,51.542801,-0.021829,4.43,8.1,492,-0.44536305511020124,7.807317073170732,207.26231599871716,2.2711872336994796,4.551736834425129,1.1418226069139389e-10
1068,27/5/2018,15:28:35,51.542812,-0.021825,3.61,8.1,491,-0.46516254901582044,7.814634146341464,209.04231919893428,2.247707575543782,4.587978701431154,1.3728548579327706e-10
1069,27/5/2018,15:28:35,51.542812,-0.021825,3.61,7.9,494,-0.40576406729896286,7.821951219512195,210.8223223991512,2.2242279173880877,4.624220568437175,1.6038871089515743e-10
1070,27/5/2018,15:28:36,51.54282,-0.02182,3.8,7.9,491,-0.46516254901582044,7.829268292682928,208.95888339455468,2.2264065218425406,4.644173961997961,1.6556413127360377e-10
1071,27/5/2018,15:28:36,51.54282,-0.02182,3.8,7.7,493,-0.42556356120458205,7.836585365853659,204.30499172428728,2.2482363690702116,4.651652280728428,1.5700893986574193e-10
1072,27/5/2018,15:28:37,51.542828,-0.021813,2.78,7.7,491,-0.46516254901582044,7.843902439024391,199.65110005401934,2.2700662162978853,4.659130599458897,1.4845374845787906e-10
1073,27/5/2018,15:28:37,51.542828,-0.021813,2.78,7.9,494,-0.40576406729896286,7.851219512195122,193.07569297566607,2.268750881048365,4.638935261603638,1.4207651653153884e-10
1074,27/5/2018,15:28:38,51.542835,-0.021803,4.0,7.9,493,-0.42556356120458205,7.858536585365854,183.53114165765368,2.2316713854185495,4.575978321267322,1.3906468871362022e-10
1075,27/5/2018,15:28:39,51.542843,-0.02179,3.72,7.9,495,-0.38596457339334367,7.865853658536586,173.98659033964245,2.194591889788738,4.513021380931014,1.3605286089570196e-10
1076,27/5/2018,15:28:40,51.542847,-0.021777,3.19,7.9,496,-0.3661650794877245,7.873170731707318,164.99233613072266,2.1604905118749698,4.462965179951251,1.3653550208310498e-10
1077,27/5/2018,15:28:41,51.54285,-0.02176,3.7,7.9,495,-0.38596457339334367,7.880487804878049,157.95482019607564,2.136978680633341,4.458781236063657,1.4944372417578243e-10
1078,27/5/2018,15:28:42,51.542854,-0.021743,4.17,7.9,495,-0.38596457339334367,7.887804878048781,150.91730426142777,2.1134668493917093,4.454597292176063,1.6235194626846148e-10
1079,27/5/2018,15:28:42,51.542854,-0.021743,4.17,8.0,498,-0.3265660916764861,7.8951219512195125,144.2603391641524,2.0916157133344724,4.451698648497887,1.7461374458820647e-10
1080,27/5/2018,15:28:43,51.542858,-0.021725,4.56,8.0,497,-0.3463655855821053,7.902439024390245,145.47640942364217,2.1041219104362687,4.475390969807993,1.7350198878598185e-10
1081,27/5/2018,15:28:43,51.542858,-0.021725,4.56,7.8,497,-0.3463655855821053,7.909756097560976,146.69247968313178,2.1166281075380637,4.4990832911180965,1.7239023298375736e-10
1082,27/5/2018,15:28:44,51.542862,-0.021707,4.35,7.8,495,-0.38596457339334367,7.917073170731708,147.90854994262156,2.12913430463986,4.522775612428203,1.7127847718153274e-10
1083,27/5/2018,15:28:45,51.542862,-0.021689,5.06,7.8,495,-0.38596457339334367,7.924390243902439,155.44771599915032,2.153703409219927,4.578650637145993,1.7193518786004987e-10
1084,27/5/2018,15:28:45,51.542862,-0.021689,5.06,7.4,497,-0.3463655855821053,7.931707317073172,163.90911428521417,2.1800319054675343,4.639219553474607,1.7284983181013864e-10
1085,27/5/2018,15:28:46,51.542862,-0.02167,4.83,7.4,493,-0.42556356120458205,7.939024390243903,172.37051257127698,2.2063604017151386,4.699788469803213,1.737644757602273e-10
1086,27/5/2018,15:28:47,51.542866,-0.02165,6.09,7.4,493,-0.42556356120458205,7.946341463414635,180.96014935069056,2.2376944416068456,4.721971458942706,1.8134953400269302e-10
1087,27/5/2018,15:28:47,51.542866,-0.02165,6.09,7.3,495,-0.38596457339334367,7.953658536585366,189.60492369241882,2.271180670497276,4.727649993006724,1.9180261084168462e-10
1088,27/5/2018,15:28:48,51.542866,-0.021633,3.96,7.3,491,-0.46516254901582044,7.960975609756098,198.24969803414814,2.304666899387711,4.733328527070743,2.0225568768067752e-10
1089,27/5/2018,15:28:49,51.54287,-0.021616,5.22,7.3,491,-0.46516254901582044,7.96829268292683,203.75799490911226,2.3059990879970518,4.724458419093782,2.0398324760085306e-10
1090,27/5/2018,15:28:50,51.542873,-0.021599,3.82,7.3,492,-0.44536305511020124,7.975609756097562,206.43904449009347,2.278347352972745,4.702474042234814,1.9784555283364814e-10
1091,27/5/2018,15:28:50,51.542873,-0.021599,3.82,6.7,495,-0.38596457339334367,7.982926829268293,209.12009407107433,2.2506956179484416,4.68048966537585,1.9170785806644397e-10
1092,27/5/2018,15:28:51,51.542877,-0.021585,3.93,6.7,491,-0.46516254901582044,7.990243902439025,209.83916439951898,2.2404305340425616,4.662280725856674,1.8474692329030198e-10
1093,27/5/2018,15:28:52,51.542877,-0.021568,4.46,6.7,491,-0.46516254901582044,7.9975609756097565,206.9548225759006,2.2620981374180684,4.651005833561481,1.7627400868642662e-10
1094,27/5/2018,15:28:53,51.542881,-0.021553,3.35,6.7,492,-0.44536305511020124,8.004878048780489,204.07048075228192,2.283765740793578,4.639730941266285,1.6780109408255022e-10
1095,27/5/2018,15:28:53,51.542881,-0.021553,3.35,6.5,494,-0.40576406729896286,8.01219512195122,200.11223256151766,2.29746567911518,4.637241180436959,1.6921721795405037e-10
1096,27/5/2018,15:28:54,51.542881,-0.021544,1.39,6.5,492,-0.44536305511020124,8.019512195121951,191.23304633396455,2.2746555573163696,4.675007338476522,2.1594767002914072e-10
1097,27/5/2018,15:28:55,51.542881,-0.021528,4.94,6.5,493,-0.42556356120458205,8.026829268292683,182.3538601064093,2.2518454355175535,4.712773496516095,2.626781221042424e-10
1098,27/5/2018,15:28:55,51.542881,-0.021528,4.94,6.5,497,-0.3463655855821053,8.034146341463416,173.49073297657495,2.2289332944073985,4.7504037930193075,3.094268833182719e-10
1099,27/5/2018,15:28:56,51.542885,-0.021511,4.82,6.5,494,-0.40576406729896286,8.041463414634146,167.40709757586802,2.18836375828001,4.7645193178222085,3.593445710250267e-10
1100,27/5/2018,15:28:57,51.542889,-0.021494,4.02,6.5,495,-0.38596457339334367,8.048780487804878,161.32346217515965,2.147794222152612,4.778634842625113,4.092622587317936e-10
1101,27/5/2018,15:28:58,51.542892,-0.021485,2.09,6.5,496,-0.3661650794877245,8.05609756097561,155.23982677445127,2.107224686025214,4.792750367428017,4.591799464385605e-10
1102,27/5/2018,15:28:58,51.542892,-0.021485,2.09,6.3,499,-0.3067665977708669,8.063414634146342,160.21541603600198,2.1163277779249277,4.766762212125613,4.280298035681239e-10
1103,27/5/2018,15:28:59,51.542889,-0.021476,2.44,6.3,494,-0.40576406729896286,8.070731707317073,167.41851713017664,2.1354357634828336,4.732696508469284,3.805512509428751e-10
1104,27/5/2018,15:29:0,51.542881,-0.021473,4.39,6.3,494,-0.40576406729896286,8.078048780487805,174.62161822435309,2.154543749040744,4.698630804812947,3.330726983176147e-10
1105,27/5/2018,15:29:0,51.542881,-0.021473,4.39,6.2,495,-0.38596457339334367,8.085365853658537,187.03801003898073,2.212508527363777,4.6935157168342405,2.905123713022198e-10
1106,27/5/2018,15:29:1,51.542866,-0.021473,5.61,6.2,492,-0.44536305511020124,8.09268292682927,202.1525399277857,2.290583634771032,4.703384017010785,2.504974714434795e-10
1107,27/5/2018,15:29:2,51.54285,-0.021473,5.69,6.2,490,-0.48496204292143963,8.1,217.26706981658702,2.3686587421782677,4.713252317187327,2.1048257158474891e-10
1108,27/5/2018,15:29:3,51.542839,-0.021472,4.07,6.2,489,-0.5047615368270588,8.107317073170732,225.00954437546613,2.3931648109343033,4.744905503774958,2.094726170711095e-10
1109,27/5/2018,15:29:3,51.542839,-0.021472,4.07,5.5,492,-0.44536305511020124,8.114634146341464,224.94158796057468,2.360916384506591,4.799639004328022,2.4978701779079785e-10
1110,27/5/2018,15:29:4,51.542831,-0.021469,3.13,5.5,489,-0.5047615368270588,8.121951219512196,224.87363154568322,2.3286679580788787,4.854372504881087,2.901014185104862e-10
1111,27/5/2018,15:29:5,51.542831,-0.021465,2.06,5.5,491,-0.46516254901582044,8.129268292682926,222.54295892104864,2.297367496646072,4.875783784717394,3.112990272974734e-10
1112,27/5/2018,15:29:5,51.542831,-0.021465,2.06,6.3,496,-0.3661650794877245,8.136585365853659,215.2266404105392,2.268155771642694,4.8237732222964835,2.9037489114803143e-10
1113,27/5/2018,15:29:6,51.542824,-0.021462,2.35,6.3,492,-0.44536305511020124,8.14390243902439,207.91032190002977,2.2389440466393156,4.771762659875574,2.6945075499858944e-10
1114,27/5/2018,15:29:7,51.542816,-0.021458,3.98,6.3,493,-0.42556356120458205,8.151219512195123,200.47116091193112,2.2186761108434307,4.7239664724611,2.4941316440219994e-10
1115,27/5/2018,15:29:8,51.542812,-0.021454,1.19,6.3,492,-0.44536305511020124,8.158536585365853,192.26965395997266,2.2539122786586896,4.702324200527732,2.348773712085752e-10
1116,27/5/2018,15:29:9,51.542805,-0.021443,4.39,6.3,492,-0.44536305511020124,8.165853658536586,184.0681470080122,2.2891484464739573,4.680681928594359,2.2034157801494685e-10
1117,27/5/2018,15:29:10,51.542786,-0.021436,3.83,6.3,494,-0.40576406729896286,8.173170731707318,175.86664005605175,2.3243846142892246,4.659039656660985,2.0580578482131855e-10
1118,27/5/2018,15:29:10,51.542786,-0.021436,3.83,7.0,497,-0.3463655855821053,8.18048780487805,165.90389661381755,2.2338104565919137,4.632391723430292,2.206028255933968e-10
1119,27/5/2018,15:29:11,51.54277,-0.021427,4.19,7.0,495,-0.38596457339334367,8.18780487804878,155.87799577160575,2.138724779235627,4.605564288721827,2.364517327886068e-10
1120,27/5/2018,15:29:11,51.54277,-0.021427,4.19,7.1,498,-0.3265660916764861,8.195121951219512,145.8520949293915,2.043639101879317,4.578736854013356,2.523006399838206e-10
1121,27/5/2018,15:29:12,51.542763,-0.021419,2.91,7.1,497,-0.3463655855821053,8.202439024390245,144.54576534178216,2.068900846576528,4.629266108228011,2.592794550063585e-10
1122,27/5/2018,15:29:13,51.542755,-0.02141,3.76,7.1,496,-0.3661650794877245,8.209756097560977,145.52959228143482,2.125771305292731,4.700112752012836,2.639285798533684e-10
1123,27/5/2018,15:29:13,51.542755,-0.02141,3.76,5.8,498,-0.3265660916764861,8.217073170731707,146.51341922108722,2.1826417640089204,4.770959395797644,2.6857770470037717e-10
1124,27/5/2018,15:29:14,51.542744,-0.021401,4.41,5.8,494,-0.40576406729896286,8.22439024390244,150.23233575937257,2.2347120952683084,4.815497616968686,2.7802161503511733e-10
1125,27/5/2018,15:29:15,51.542732,-0.021395,4.15,5.8,494,-0.40576406729896286,8.231707317073171,155.6376235237941,2.283822817149998,4.843814882554545,2.9042184105547367e-10
1126,27/5/2018,15:29:15,51.542732,-0.021395,4.15,4.6,497,-0.3463655855821053,8.239024390243904,161.04291128821566,2.3329335390316874,4.8721321481404045,3.0282206707583006e-10
1127,27/5/2018,15:29:16,51.542721,-0.02139,4.06,4.6,493,-0.42556356120458205,8.246341463414634,161.7626786937077,2.3677477384698347,4.871585504420256,3.0025457842924994e-10
1128,27/5/2018,15:29:17,51.542709,-0.021388,5.13,4.6,494,-0.40576406729896286,8.253658536585366,156.64344449741094,2.38474589805476,4.835069235181252,2.790346236272693e-10
1129,27/5/2018,15:29:18,51.542698,-0.021381,4.65,4.6,494,-0.40576406729896286,8.260975609756098,151.52421030111418,2.4017440576396853,4.798552965942247,2.5781466882528864e-10
1130,27/5/2018,15:29:19,51.542686,-0.021376,1.78,4.6,495,-0.38596457339334367,8.26829268292683,145.3167596314004,2.381384094460232,4.757460196816616,2.5106086902378776e-10
1131,27/5/2018,15:29:20,51.542679,-0.021377,1.78,4.6,499,-0.3067665977708669,8.27560975609756,136.19388140192885,2.260938437534441,4.704106582332897,2.830631696879593e-10
1132,27/5/2018,15:29:20,51.542679,-0.021377,1.78,4.3,500,-0.2869671038652477,8.282926829268293,127.07100317245508,2.140492780608621,4.650752967849163,3.150654703521386e-10
1133,27/5/2018,15:29:21,51.542675,-0.021385,2.89,4.3,498,-0.3265660916764861,8.290243902439025,118.67642250838772,2.042758034653257,4.611203159301488,3.437352582896965e-10
1134,27/5/2018,15:29:21,51.542675,-0.021385,2.89,4.6,499,-0.3067665977708669,8.297560975609757,116.95398728222342,2.1530845375880934,4.698114024490345,3.418749296350438e-10
1135,27/5/2018,15:29:22,51.542675,-0.021395,1.69,4.6,496,-0.3661650794877245,8.304878048780488,115.23155205605956,2.2634110405229038,4.78502488967918,3.4001460098039154e-10
1136,27/5/2018,15:29:23,51.542675,-0.021395,0.52,4.6,497,-0.3463655855821053,8.31219512195122,113.50911682989528,2.3737375434577404,4.871935754868036,3.381542723257388e-10
1137,27/5/2018,15:29:23,51.542675,-0.021395,0.52,4.2,500,-0.2869671038652477,8.319512195121952,109.96615093692007,2.3320358715413008,4.873300084388974,3.2987819529068107e-10
1138,27/5/2018,15:29:24,51.542679,-0.021384,1.94,4.2,498,-0.3265660916764861,8.326829268292684,106.27561465487193,2.278010948321354,4.8677300975688045,3.21082064129675e-10
1139,27/5/2018,15:29:25,51.542683,-0.021387,2.22,4.2,499,-0.3067665977708669,8.334146341463414,102.58507837282468,2.2239860251014205,4.862160110748635,3.1228593296867106e-10
1140,27/5/2018,15:29:26,51.54269,-0.021398,4.0,4.2,499,-0.3067665977708669,8.341463414634147,99.58648057681762,2.2150820494337555,4.949653161742209,3.6439177133542235e-10
1141,27/5/2018,15:29:26,51.54269,-0.021398,4.0,4.4,502,-0.2473681160540093,8.348780487804879,96.81653421535717,2.22108831447977,5.0678989422466465,4.36622697379995e-10
1142,27/5/2018,15:29:27,51.542686,-0.021409,3.83,4.4,498,-0.3265660916764861,8.356097560975611,94.04658785389671,2.227094579525785,5.1861447227510835,5.088536234245677e-10
1143,27/5/2018,15:29:28,51.542686,-0.021428,3.76,4.4,500,-0.2869671038652477,8.363414634146341,92.2799614351698,2.2764685095113797,5.225747681681251,5.211049376216908e-10
1144,27/5/2018,15:29:28,51.542686,-0.021428,3.76,6.0,502,-0.2473681160540093,8.370731707317074,91.24516838643606,2.35747532451175,5.207987641345492,4.896064172947941e-10
1145,27/5/2018,15:29:29,51.542698,-0.021439,4.24,6.0,498,-0.3265660916764861,8.378048780487806,90.21037533770232,2.43848213951212,5.190227601009734,4.5810789696789754e-10
1146,27/5/2018,15:29:30,51.542706,-0.021448,3.22,6.0,498,-0.3265660916764861,8.385365853658538,88.07324190764804,2.4362344644327782,5.101903650999419,4.1578739099344327e-10
1147,27/5/2018,15:29:31,51.542709,-0.021452,2.26,6.0,501,-0.2671676099596285,8.392682926829268,84.31552816345912,2.3115921189115216,4.909841794944165,3.5755719215328395e-10
1148,27/5/2018,15:29:32,51.542717,-0.021458,2.83,6.0,502,-0.2473681160540093,8.4,80.55781441926928,2.1869497733902343,4.717779938888864,2.9932699331311056e-10
1149,27/5/2018,15:29:33,51.542725,-0.021465,3.74,6.0,502,-0.2473681160540093,8.407317073170733,78.2167109894319,2.1000909828077066,4.598703049139418,2.8058350163949447e-10
1150,27/5/2018,15:29:34,51.542732,-0.021474,3.5,6.0,501,-0.2671676099596285,8.414634146341465,80.57975311032193,2.1387002479459754,4.721987732674593,3.9296373252280753e-10
1151,27/5/2018,15:29:35,51.54274,-0.021484,4.24,6.0,502,-0.2473681160540093,8.421951219512195,82.94279523121136,2.1773095130842344,4.845272416209738,5.053439634060933e-10
1152,27/5/2018,15:29:35,51.54274,-0.021484,4.24,4.3,503,-0.2275686221483901,8.429268292682927,85.60244085730572,2.2201679433133874,4.963232059995735,6.080462711923428e-10
1153,27/5/2018,15:29:36,51.542751,-0.021489,3.89,4.3,498,-0.3265660916764861,8.43658536585366,93.074941798318,2.3319757164626043,4.994784613476698,5.537091549738794e-10
1154,27/5/2018,15:29:37,51.542759,-0.021493,4.28,4.3,497,-0.3463655855821053,8.443902439024392,100.54744273933026,2.443783489611821,5.02633716695766,4.99372038755416e-10
1155,27/5/2018,15:29:38,51.542774,-0.021498,6.35,4.3,496,-0.3661650794877245,8.451219512195122,108.01994368034073,2.5555912627610105,5.057889720438615,4.450349225369658e-10
1156,27/5/2018,15:29:39,51.542786,-0.021524,8.65,4.3,499,-0.3067665977708669,8.458536585365854,109.63116812415238,2.443815893858577,4.948176988126366,4.1433978814222403e-10
1157,27/5/2018,15:29:39,51.542786,-0.021524,8.65,3.6,500,-0.2869671038652477,8.465853658536586,110.47818307251474,2.3028891344254507,4.8200456958243105,3.867271609469902e-10
1158,27/5/2018,15:29:40,51.542801,-0.021527,7.5,3.6,497,-0.3463655855821053,8.473170731707318,111.3251980208771,2.161962374992325,4.691914403522255,3.591145337517564e-10
1159,27/5/2018,15:29:41,51.542809,-0.021557,9.2,3.6,499,-0.3067665977708669,8.480487804878049,113.04744865254666,2.1320751190243517,4.602122652996914,2.932541630091237e-10
1160,27/5/2018,15:29:42,51.542824,-0.021557,7.48,3.6,499,-0.3067665977708669,8.487804878048781,115.125002186473,2.1472644733896833,4.5278948822363585,2.1186707809527486e-10
1161,27/5/2018,15:29:43,51.542828,-0.02156,4.59,3.6,498,-0.3265660916764861,8.495121951219513,117.20255572039932,2.162453827755015,4.453667111475803,1.3047999318142603e-10
1162,27/5/2018,15:29:44,51.542824,-0.021567,2.07,3.6,497,-0.3463655855821053,8.502439024390245,120.78650229733245,2.168784583919258,4.430000003220903,1.0161620411024184e-10
1163,27/5/2018,15:29:45,51.542839,-0.021568,6.15,3.6,497,-0.3463655855821053,8.509756097560976,125.66472755118096,2.167504116165369,4.449774138720834,1.1787993482290263e-10
1164,27/5/2018,15:29:46,51.542835,-0.021567,5.02,3.6,497,-0.3463655855821053,8.517073170731708,130.54295280503067,2.16622364841148,4.4695482742207675,1.3414366553556735e-10
1165,27/5/2018,15:29:46,51.542835,-0.021567,5.02,4.5,498,-0.3265660916764861,8.52439024390244,135.61328075062977,2.1809292728639407,4.500245039640122,1.4378786734298183e-10
1166,27/5/2018,15:29:47,51.542816,-0.021576,0.65,4.5,495,-0.38596457339334367,8.531707317073172,141.01857332340202,2.2235094438263485,4.549987319858827,1.4188976325339565e-10
1167,27/5/2018,15:29:48,51.542824,-0.021558,3.07,4.5,496,-0.3661650794877245,8.539024390243902,146.423865896173,2.2660896147887466,4.599729600077521,1.3999165916380992e-10
1168,27/5/2018,15:29:49,51.542839,-0.021569,5.76,4.5,495,-0.38596457339334367,8.546341463414635,150.69826149358974,2.303859332422783,4.699850223303016,1.6783659747401454e-10
1169,27/5/2018,15:29:50,51.542843,-0.02158,3.32,4.5,495,-0.38596457339334367,8.553658536585367,150.1851335822081,2.3212645439175095,5.013241822342637,3.2159531733573504e-10
1170,27/5/2018,15:29:50,51.542843,-0.02158,3.32,7.5,495,-0.38596457339334367,8.560975609756099,149.67200567082648,2.3386697554122353,5.326633421382258,4.753540371974557e-10
1171,27/5/2018,15:29:51,51.542843,-0.021603,3.32,7.5,493,-0.42556356120458205,8.56829268292683,149.2886205991597,2.3551358088238086,5.6338468417592,6.265769612432355e-10
1172,27/5/2018,15:29:52,51.542873,-0.021615,4.61,7.5,501,-0.2671676099596285,8.575609756097561,156.1109532408604,2.3194424671560214,5.597933724106438,6.369656868984999e-10
1173,27/5/2018,15:29:53,51.542885,-0.02163,4.82,7.5,496,-0.3661650794877245,8.582926829268294,162.9332858825611,2.2837491254882347,5.562020606453677,6.473544125537643e-10
1174,27/5/2018,15:29:53,51.542885,-0.02163,4.82,6.9,498,-0.3265660916764861,8.590243902439024,169.75561852426014,2.2480557838204565,5.526107488800924,6.57743138209026e-10
1175,27/5/2018,15:29:54,51.542858,-0.021693,4.04,6.9,492,-0.44536305511020124,8.597560975609756,180.96167928852648,2.454827278138772,5.528487377142234,6.624015559181315e-10
1176,27/5/2018,15:29:55,51.542919,-0.021683,5.07,6.9,489,-0.5047615368270588,8.604878048780488,192.97619841738458,2.7063147583238387,5.537929359695525,6.66003175563755e-10
1177,27/5/2018,15:29:55,51.542919,-0.021683,5.07,5.2,491,-0.46516254901582044,8.61219512195122,204.99071754624265,2.9578022385089056,5.547371342248817,6.696047952093785e-10
1178,27/5/2018,15:29:56,51.542938,-0.021672,4.96,5.2,487,-0.5443605246382972,8.61951219512195,190.43557830991085,3.1057254795393363,5.714098132175699,7.809102458195272e-10
1179,27/5/2018,15:29:57,51.542953,-0.021674,5.11,5.2,492,-0.44536305511020124,8.626829268292683,162.84705776194195,3.202846704202164,5.957978826035117,9.450483327545894e-10
1180,27/5/2018,15:29:58,51.542969,-0.021673,4.93,5.2,500,-0.2869671038652477,8.634146341463415,135.25853721397303,3.2999679288649926,6.201859519894536,1.1091864196896515e-09
1181,27/5/2018,15:29:58,51.542969,-0.021673,4.93,3.5,502,-0.2473681160540093,8.641463414634147,106.34235980079377,3.735387221854043,6.742799802692473,1.9086226167612538e-09
1182,27/5/2018,15:29:59,51.542984,-0.021672,5.02,3.5,499,-0.3067665977708669,8.648780487804878,76.0852126459155,4.512496815394555,7.583778394098794,3.349727278764808e-09
1183,27/5/2018,15:30:0,51.543003,-0.02167,4.7,3.5,507,-0.14837064652591334,8.65609756097561,45.8280654910299,5.289606408935256,8.424756985505319,4.790831940768712e-09
1184,27/5/2018,15:30:1,51.543015,-0.021676,4.72,3.5,513,-0.029573683092198152,8.663414634146342,23.284507313152016,5.892921819534684,9.199258714130371,5.869961499256748e-09
1185,27/5/2018,15:30:2,51.543026,-0.021682,4.85,3.5,515,0.01002530471904024,8.670731707317074,16.826516446929173,6.133814752554756,9.835132619296541,6.194244654844209e-09
1186,27/5/2018,15:30:2,51.543026,-0.021682,4.85,4.7,515,0.01002530471904024,8.678048780487805,10.368525580707896,6.37470768557477,10.471006524462554,6.518527810431592e-09
1187,27/5/2018,15:30:3,51.543037,-0.021686,4.26,4.7,514,-0.009774189186578956,8.685365853658537,5.432066394992816,6.469960298108556,10.871201114365634,6.619982999543039e-09
1188,27/5/2018,15:30:4,51.543053,-0.021689,4.48,4.7,510,-0.08897216480905573,8.692682926829269,9.06929324848993,5.744543582164761,9.943365219666587,5.4658238299157404e-09
1189,27/5/2018,15:30:5,51.543056,-0.021692,2.26,4.7,508,-0.12857115262029412,8.700000000000001,12.706520101987042,5.019126866220965,9.01552932496754,4.3116646602884425e-09
1190,27/5/2018,15:30:5,51.543056,-0.021692,2.26,5.0,508,-0.12857115262029412,8.707317073170731,16.34374695548327,4.293710150277347,8.087693430268718,3.1575054906614245e-09
1191,27/5/2018,15:30:6,51.543072,-0.021696,5.43,5.0,504,-0.2077691282427709,8.714634146341464,21.143674078965205,3.7524723528102624,7.457287559701245,2.614330997647068e-09
1192,27/5/2018,15:30:7,51.543083,-0.021699,4.69,5.0,508,-0.12857115262029412,8.721951219512196,25.970578006855312,3.215507848115287,6.833782617767961,2.0853324832085084e-09
1193,27/5/2018,15:30:8,51.543095,-0.0217,4.41,5.0,507,-0.14837064652591334,8.729268292682928,30.79748193474542,2.678543343420311,6.210277675834676,1.5563339687699486e-09
1194,27/5/2018,15:30:9,51.54311,-0.021702,4.57,5.0,505,-0.18796963433715172,8.736585365853658,34.06808721601242,2.6195187135338203,5.916918664008456,1.3040332031880255e-09
1195,27/5/2018,15:30:10,51.543121,-0.021705,5.57,5.0,504,-0.2077691282427709,8.74390243902439,36.95912887474041,2.6770582088120127,5.704078507268339,1.1192158863210769e-09
1196,27/5/2018,15:30:11,51.543137,-0.021706,4.83,5.0,503,-0.2275686221483901,8.751219512195123,39.850170533468386,2.734597704090205,5.4912383505282225,9.34398569454128e-10
1197,27/5/2018,15:30:12,51.543148,-0.021712,5.3,5.0,504,-0.2077691282427709,8.758536585365855,39.442080528088844,2.750694599348212,5.699640146092805,1.10365000696945e-09
1198,27/5/2018,15:30:12,51.543148,-0.021712,5.3,6.3,506,-0.16817014043153253,8.765853658536585,37.100862307156135,2.742508177787885,6.15486892114233,1.4803682475798194e-09
1199,27/5/2018,15:30:13,51.543163,-0.021714,5.5,6.3,503,-0.2275686221483901,8.773170731707317,34.759644086222856,2.7343217562275552,6.610097696191966,1.8570864881902803e-09
1200,27/5/2018,15:30:14,51.543175,-0.021721,5.85,6.3,507,-0.14837064652591334,8.78048780487805,32.9713622462458,2.6940066972767354,6.80046190811104,2.0135130761221286e-09
1201,27/5/2018,15:30:14,51.543175,-0.021721,5.85,6.5,510,-0.08897216480905573,8.787804878048782,31.839692358654244,2.6155388814247096,6.67629945131258,1.9083433264981315e-09
1202,27/5/2018,15:30:15,51.54319,-0.021734,5.67,6.5,506,-0.16817014043153253,8.795121951219512,30.70802247106296,2.537071065572703,6.55213699451415,1.80317357687416e-09
1203,27/5/2018,15:30:16,51.543198,-0.021741,4.39,6.5,506,-0.16817014043153253,8.802439024390244,30.856388094858204,2.4662974484087776,6.3543503473713985,1.6364270430022656e-09
1204,27/5/2018,15:30:17,51.543209,-0.021745,4.7,6.5,504,-0.2077691282427709,8.809756097560976,34.23587159449072,2.414945841572075,5.970718514373017,1.3142458773955066e-09
1205,27/5/2018,15:30:18,51.543221,-0.021752,5.07,6.5,506,-0.16817014043153253,8.817073170731708,37.61535509412323,2.3635942347353724,5.587086681374634,9.920647117887475e-10
1206,27/5/2018,15:30:18,51.543221,-0.021752,5.07,6.4,506,-0.16817014043153253,8.824390243902439,41.203177698865325,2.326795045005281,5.2497741925673065,7.027273970426181e-10
1207,27/5/2018,15:30:19,51.543232,-0.021763,3.91,6.4,503,-0.2275686221483901,8.831707317073171,46.4705559660389,2.4073122589358786,5.285871759326654,6.781655101242117e-10
1208,27/5/2018,15:30:20,51.54324,-0.021769,4.15,6.4,503,-0.2275686221483901,8.839024390243903,51.73793423321248,2.4878294728664763,5.321969326086001,6.536036232058053e-10
1209,27/5/2018,15:30:20,51.54324,-0.021769,4.15,5.8,504,-0.2077691282427709,8.846341463414635,57.005312500386054,2.568346686797074,5.358066892845348,6.290417362873988e-10
1210,27/5/2018,15:30:21,51.543251,-0.021773,4.72,5.8,500,-0.2869671038652477,8.853658536585366,59.272178019692156,2.514055133388039,5.327008828357633,5.86950980006886e-10
1211,27/5/2018,15:30:22,51.543259,-0.021771,3.82,5.8,501,-0.2671676099596285,8.860975609756098,61.33716973844096,2.4506936774329287,5.2914325486020894,5.436808854682177e-10
1212,27/5/2018,15:30:23,51.54327,-0.021771,4.37,5.8,502,-0.2473681160540093,8.86829268292683,63.40216145718977,2.387332221477818,5.255856268846546,5.004107909295493e-10
1213,27/5/2018,15:30:23,51.54327,-0.021771,4.37,4.7,505,-0.18796963433715172,8.875609756097562,65.31128970860733,2.30935702273095,5.134528338910286,4.402002205053931e-10
1214,27/5/2018,15:30:24,51.543274,-0.02177,1.43,4.7,502,-0.2473681160540093,8.882926829268293,67.1721561380276,2.226856800478598,4.986648126083028,3.747441730895884e-10
1215,27/5/2018,15:30:25,51.543293,-0.021772,4.57,4.7,502,-0.2473681160540093,8.890243902439025,69.03302256744833,2.1443565782262253,4.838767913255735,3.0928812567376787e-10
1216,27/5/2018,15:30:26,51.543301,-0.021774,3.59,4.7,501,-0.2671676099596285,8.897560975609757,73.32471573062178,2.1523931343358975,4.764063976368201,2.645474332482752e-10
1217,27/5/2018,15:30:26,51.543301,-0.021774,3.59,4.4,502,-0.2473681160540093,8.904878048780489,79.30441383109003,2.223299876444372,4.740174815114004,2.3419181443413987e-10
1218,27/5/2018,15:30:27,51.543308,-0.021785,3.13,4.4,499,-0.3067665977708669,8.91219512195122,85.28411193155684,2.2942066185528294,4.7162856538598135,2.0383619562001188e-10
1219,27/5/2018,15:30:28,51.543331,-0.021784,4.65,4.4,499,-0.3067665977708669,8.919512195121952,90.39311851924543,2.3358097394246005,4.727671760751399,2.1319085931876152e-10
1220,27/5/2018,15:30:29,51.543339,-0.021786,4.85,4.4,499,-0.3067665977708669,8.926829268292684,94.28372544922526,2.3364069224178174,4.788420212404098,2.7811399234455936e-10
1221,27/5/2018,15:30:30,51.543354,-0.02179,3.06,4.4,499,-0.3067665977708669,8.934146341463416,98.1743323792051,2.3370041054110344,4.849168664056799,3.430371253703572e-10
1222,27/5/2018,15:30:30,51.543354,-0.02179,3.06,3.5,501,-0.2671676099596285,8.941463414634146,100.44124077078784,2.351715406455475,4.9116156580880865,4.0243483046854646e-10
1223,27/5/2018,15:30:31,51.543365,-0.021791,4.13,3.5,497,-0.3463655855821053,8.948780487804878,97.6605645756169,2.410303204920037,4.979342903426783,4.4465566179183874e-10
1224,27/5/2018,15:30:32,51.543369,-0.021804,3.15,3.5,497,-0.3463655855821053,8.95609756097561,94.87988838044598,2.4688910033845985,5.04707014876548,4.86876493115131e-10
1225,27/5/2018,15:30:33,51.543377,-0.021802,0.81,3.5,500,-0.2869671038652477,8.963414634146343,91.83244121474407,2.514589647854889,5.109248752214859,5.316329688230123e-10
1226,27/5/2018,15:30:34,51.543385,-0.021803,1.59,3.5,502,-0.2473681160540093,8.970731707317073,85.24033959827797,2.389026790440414,5.0977011247721515,6.10081203178764e-10
1227,27/5/2018,15:30:35,51.5434,-0.021809,3.28,3.5,501,-0.2671676099596285,8.978048780487805,78.64823798181028,2.2634639330259083,5.086153497329441,6.885294375345347e-10
1228,27/5/2018,15:30:35,51.5434,-0.021809,3.28,2.8,504,-0.2077691282427709,8.985365853658537,72.05613636534258,2.1379010756114027,5.074605869886732,7.669776718903055e-10
1229,27/5/2018,15:30:36,51.543407,-0.021814,3.37,2.8,501,-0.2671676099596285,8.99268292682927,70.85772745456623,2.1282877441930963,5.073792204853523,7.332015392040011e-10
1230,27/5/2018,15:30:37,51.543427,-0.021815,3.46,2.8,501,-0.2671676099596285,9.0,70.28135290741918,2.132046437017113,5.074216447473001,6.864829908952826e-10
1231,27/5/2018,15:30:38,51.54343,-0.021822,1.44,2.8,504,-0.2077691282427709,9.007317073170732,69.70497836027198,2.1358051298411302,5.074640690092479,6.397644425865526e-10
1232,27/5/2018,15:30:39,51.543438,-0.021827,1.96,2.8,502,-0.2473681160540093,9.014634146341464,73.19789892289761,2.2106647144419376,5.0701205828138045,5.716644174888592e-10
1233,27/5/2018,15:30:39,51.543438,-0.021827,1.96,1.5,502,-0.2473681160540093,9.021951219512196,78.24827754279548,2.3127370358410815,5.0637081041589775,4.95380971822484e-10
1234,27/5/2018,15:30:40,51.543449,-0.021826,2.33,1.5,498,-0.3265660916764861,9.029268292682927,83.29865616269211,2.4148093572402,5.057295625504152,4.190975261561274e-10
1235,27/5/2018,15:30:41,51.543457,-0.021832,1.48,1.5,499,-0.3067665977708669,9.036585365853659,87.90367976557921,2.4199541321450457,5.044100754197649,3.9877031870360944e-10
1236,27/5/2018,15:30:42,51.543457,-0.021844,1.83,1.5,500,-0.2869671038652477,9.043902439024391,92.14404369272857,2.345733981710316,5.02535241428606,4.242604545012639e-10
1237,27/5/2018,15:30:43,51.543461,-0.021857,1.93,1.5,499,-0.3067665977708669,9.051219512195123,96.38440761987793,2.2715138312755863,5.006604074374472,4.497505902989183e-10
1238,27/5/2018,15:30:43,51.543461,-0.021857,1.93,-0.6,502,-0.2473681160540093,9.058536585365854,99.20607077639274,2.2790429661362475,5.012834151888882,4.622546240892619e-10
1239,27/5/2018,15:30:44,51.543461,-0.021864,1.39,-0.6,498,-0.3265660916764861,9.065853658536586,99.67747663215894,2.4220001338658057,5.060444137789744,4.5324553708436623e-10
1240,27/5/2018,15:30:45,51.543472,-0.02186,2.46,-0.6,496,-0.3661650794877245,9.073170731707318,100.14888248792516,2.5649573015953635,5.108054123690606,4.4423645007947056e-10
1241,27/5/2018,15:30:46,51.543472,-0.021876,2.15,-0.6,498,-0.3265660916764861,9.08048780487805,99.21269727479957,2.639610328076846,5.121287420553421,4.3920504230816593e-10
1242,27/5/2018,15:30:47,51.543484,-0.021861,3.2,-0.6,499,-0.3067665977708669,9.08780487804878,92.75095724768721,2.4461327271128734,4.999573655161382,4.497881728238729e-10
1243,27/5/2018,15:30:48,51.543488,-0.021866,2.65,-0.6,502,-0.2473681160540093,9.095121951219513,86.28921722057329,2.2526551261488543,4.877859889769313,4.603713033395824e-10
1244,27/5/2018,15:30:48,51.543488,-0.021866,2.65,-2.4,504,-0.2077691282427709,9.102439024390245,79.99298203572982,2.0658605405285817,4.7578160194753485,4.681842113220578e-10
1245,27/5/2018,15:30:49,51.543495,-0.021879,3.11,-2.4,501,-0.2671676099596285,9.109756097560975,79.1170304352191,2.097934707414991,4.692461213644086,3.8527233134155687e-10
1246,27/5/2018,15:30:50,51.543503,-0.021887,2.5,-2.4,501,-0.2671676099596285,9.117073170731707,78.24107883470816,2.1300088743014087,4.627106407812808,3.0236045136103586e-10
1247,27/5/2018,15:30:51,51.543514,-0.021894,2.35,-2.4,501,-0.2671676099596285,9.12439024390244,77.36512723419723,2.162083041187826,4.56175160198153,2.1944857138051475e-10
1248,27/5/2018,15:30:52,51.543533,-0.021896,2.96,-2.4,501,-0.2671676099596285,9.131707317073172,80.68624616250808,2.1812420101164056,4.596903060895011,2.089789059745902e-10
1249,27/5/2018,15:30:53,51.543533,-0.021904,3.43,-2.4,500,-0.2869671038652477,9.139024390243902,84.71206390312531,2.1982324844726113,4.648929777183524,2.106724725708597e-10
1250,27/5/2018,15:30:53,51.543533,-0.021904,3.43,21.0,501,-0.2671676099596285,9.146341463414634,88.7378816437435,2.2152229588288215,4.700956493472049,2.1236603916712957e-10
1251,27/5/2018,15:30:54,51.543549,-0.021905,3.33,21.0,498,-0.3265660916764861,9.153658536585366,91.41014095886489,2.273182559706452,4.786779359928927,2.417286250525609e-10
1252,27/5/2018,15:30:55,51.543564,-0.021908,3.65,21.0,500,-0.2869671038652477,9.160975609756099,93.45371628534548,2.350170991100329,4.888299442027415,2.8394257300764466e-10
1253,27/5/2018,15:30:56,51.543579,-0.021912,3.96,21.0,499,-0.3067665977708669,9.168292682926829,95.49729161182559,2.4271594224941864,4.989819524125878,3.2615652096271813e-10
1254,27/5/2018,15:30:57,51.543591,-0.021916,4.19,21.0,499,-0.3067665977708669,9.175609756097561,93.49868222925686,2.4836824186657265,5.134363689246679,4.0925452084964796e-10
1255,27/5/2018,15:30:58,51.543606,-0.021915,3.67,21.0,497,-0.3463655855821053,9.182926829268293,87.60782080488902,2.5204990832952867,5.320336088612994,5.317201018994324e-10
1256,27/5/2018,15:30:59,51.543621,-0.021912,4.67,21.0,502,-0.2473681160540093,9.190243902439025,81.71695938052117,2.557315747924847,5.506308487979309,6.541856829492168e-10
1257,27/5/2018,15:30:59,51.543621,-0.021912,4.67,0.1,503,-0.2275686221483901,9.197560975609756,75.00881364450998,2.5513063830760094,5.6428783708100605,7.822551709620592e-10
1258,27/5/2018,15:31:0,51.543644,-0.021915,4.72,0.1,500,-0.2869671038652477,9.204878048780488,66.6859523454092,2.4606852676787563,5.681843281700205,9.213963456064604e-10
1259,27/5/2018,15:31:1,51.543667,-0.021918,4.69,0.1,504,-0.2077691282427709,9.21219512195122,58.36309104630841,2.370064152281503,5.72080819259035,1.0605375202508614e-09
1260,27/5/2018,15:31:2,51.543682,-0.021923,4.87,0.1,505,-0.18796963433715172,9.219512195121952,51.021055598084345,2.297683786605603,5.743144632109237,1.168138048836994e-09
1261,27/5/2018,15:31:2,51.543682,-0.021923,4.87,3.1,507,-0.14837064652591334,9.226829268292683,48.728085566221324,2.319202596307515,5.679881533593421,1.1133746011065256e-09
1262,27/5/2018,15:31:3,51.543697,-0.021925,4.43,3.1,503,-0.2275686221483901,9.234146341463415,46.43511553435775,2.340721406009432,5.61661843507759,1.0586111533760439e-09
1263,27/5/2018,15:31:4,51.543709,-0.021928,4.3,3.1,504,-0.2077691282427709,9.241463414634147,44.142145502494174,2.3622402157113496,5.553355336561759,1.0038477056455622e-09
1264,27/5/2018,15:31:5,51.54372,-0.021933,4.41,3.1,504,-0.2077691282427709,9.24878048780488,42.56922125525555,2.4934688567890126,5.678775845382345,1.1218985013522072e-09
1265,27/5/2018,15:31:5,51.54372,-0.021933,4.41,2.9,505,-0.18796963433715172,9.25609756097561,41.00410924070488,2.6258878093011697,5.806243502143098,1.241824268220776e-09
1266,27/5/2018,15:31:6,51.543736,-0.021937,4.56,2.9,502,-0.2473681160540093,9.263414634146342,39.43899722615383,2.758306761813359,5.933711158903882,1.361750035089374e-09
1267,27/5/2018,15:31:7,51.543747,-0.02194,4.48,2.9,506,-0.16817014043153253,9.270731707317074,35.41190202325169,2.6518699956850043,5.78797872625456,1.2721921690595654e-09
1268,27/5/2018,15:31:8,51.543758,-0.021948,4.22,2.9,507,-0.14837064652591334,9.278048780487806,30.829184155274497,2.4915280479179547,5.580590242298708,1.135357841130529e-09
1269,27/5/2018,15:31:8,51.543758,-0.021948,4.22,3.3,508,-0.12857115262029412,9.285365853658536,26.246466287298414,2.3311861001509437,5.3732017583429075,9.985235132015257e-10
1270,27/5/2018,15:31:9,51.543774,-0.021952,4.46,3.3,507,-0.14837064652591334,9.292682926829269,23.566049919804442,2.2052535874250503,5.19475801280638,9.281129596229965e-10
1271,27/5/2018,15:31:10,51.543789,-0.021955,5.19,3.3,508,-0.12857115262029412,9.3,21.94420838728542,2.098468913257357,5.032421162884374,8.946652828301083e-10
1272,27/5/2018,15:31:11,51.543797,-0.021965,5.33,3.3,509,-0.10877165871467494,9.307317073170733,20.322366854766404,1.991684239089663,4.870084312962368,8.612176060372202e-10
1273,27/5/2018,15:31:11,51.543797,-0.021965,5.33,2.7,509,-0.10877165871467494,9.314634146341463,20.524691793158798,2.0300549385142563,4.855860647133827,8.312291715241364e-10
1274,27/5/2018,15:31:12,51.543812,-0.021967,4.91,2.7,507,-0.14837064652591334,9.321951219512195,22.791622804977596,2.232713640535126,5.009272657275737,8.051559348475417e-10
1275,27/5/2018,15:31:13,51.543823,-0.021972,5.26,2.7,507,-0.14837064652591334,9.329268292682928,25.058553816796394,2.435372342555996,5.162684667417646,7.790826981709471e-10
1276,27/5/2018,15:31:14,51.543835,-0.021977,4.19,2.7,505,-0.18796963433715172,9.33658536585366,27.14948922977254,2.567471602106874,5.301885151326594,7.600907045431021e-10
1277,27/5/2018,15:31:15,51.543846,-0.021976,3.24,2.7,505,-0.18796963433715172,9.34390243902439,28.821220401947148,2.531505195774661,5.4072351747450815,7.579655367660186e-10
1278,27/5/2018,15:31:15,51.543846,-0.021976,3.24,3.2,507,-0.14837064652591334,9.351219512195122,30.49295157412216,2.4955387894424397,5.512585198163594,7.558403689889346e-10
1279,27/5/2018,15:31:16,51.543858,-0.021977,3.74,3.2,505,-0.18796963433715172,9.358536585365854,31.959231870476064,2.4618953646368436,5.616801089244627,7.64326912377072e-10
1280,27/5/2018,15:31:17,51.543869,-0.021977,3.98,3.2,505,-0.18796963433715172,9.365853658536587,31.951040244683984,2.4449234240631026,5.712877583105146,8.489711752030488e-10
1281,27/5/2018,15:31:17,51.543869,-0.021977,3.98,3.5,508,-0.12857115262029412,9.373170731707317,31.942848618891908,2.4279514834893656,5.808954076965642,9.33615438029005e-10
1282,27/5/2018,15:31:18,51.54388,-0.021979,3.48,3.5,505,-0.18796963433715172,9.38048780487805,31.93465699309983,2.4109795429156247,5.905030570826161,1.0182597008549818e-09
1283,27/5/2018,15:31:19,51.543892,-0.021982,3.44,3.5,505,-0.18796963433715172,9.387804878048781,32.89540443115122,2.457693344512714,6.04542419922285,1.1237338866744818e-09
1284,27/5/2018,15:31:20,51.543903,-0.021987,3.54,3.5,506,-0.16817014043153253,9.395121951219513,33.908326698512646,2.5078364564258364,6.188204189173343,1.2303297092586482e-09
1285,27/5/2018,15:31:20,51.543903,-0.021987,3.54,3.9,508,-0.12857115262029412,9.402439024390244,34.92124896587383,2.5579795683389466,6.330984179123801,1.3369255318427888e-09
1286,27/5/2018,15:31:21,51.543919,-0.021991,4.2,3.9,503,-0.2275686221483901,9.409756097560976,36.13161406865931,2.5583427119626245,6.181376814645959,1.2379595306712698e-09
1287,27/5/2018,15:31:22,51.543926,-0.021992,3.82,3.9,504,-0.2077691282427709,9.417073170731708,37.39913367643601,2.544295864765664,5.9471310054651205,1.079488791044119e-09
1288,27/5/2018,15:31:22,51.543926,-0.021992,3.82,3.3,506,-0.16817014043153253,9.42439024390244,38.66665328421271,2.5302490175687034,5.712885196284283,9.210180514169681e-10
1289,27/5/2018,15:31:23,51.543934,-0.021998,3.06,3.3,504,-0.2077691282427709,9.43170731707317,39.10592225593764,2.456277212914496,5.4662550399057155,7.808186239967211e-10
1290,27/5/2018,15:31:24,51.543945,-0.022004,3.69,3.3,505,-0.18796963433715172,9.439024390243903,38.99787622036003,2.342706490854442,5.211441202426269,6.526930338168237e-10
1291,27/5/2018,15:31:25,51.543957,-0.022009,3.24,3.3,505,-0.18796963433715172,9.446341463414635,38.88983018478241,2.2291357687943885,4.956627364946823,5.245674436369264e-10
1292,27/5/2018,15:31:25,51.543957,-0.022009,3.24,3.2,506,-0.16817014043153253,9.453658536585367,39.277359447828324,2.1772960913733708,4.844024753670648,4.934441806981627e-10
1293,27/5/2018,15:31:26,51.543964,-0.022011,2.91,3.2,504,-0.2077691282427709,9.460975609756098,40.32524803862335,2.207713683942041,4.920920105660264,5.915775449258155e-10
1294,27/5/2018,15:31:27,51.543976,-0.022011,3.19,3.2,505,-0.18796963433715172,9.46829268292683,41.37313662941863,2.2381312765107184,4.997815457649899,6.897109091534921e-10
1295,27/5/2018,15:31:27,51.543976,-0.022011,3.19,3.3,506,-0.16817014043153253,9.475609756097562,42.62511241508705,2.2766102078845445,5.081620601369683,7.595977148852824e-10
1296,27/5/2018,15:31:28,51.543987,-0.022016,3.65,3.3,503,-0.2275686221483901,9.482926829268294,44.47231231084718,2.3386001842282655,5.185578281538673,7.471029059630105e-10
1297,27/5/2018,15:31:29,51.543995,-0.022023,3.74,3.3,503,-0.2275686221483901,9.490243902439024,46.31951220660685,2.400590160571972,5.289535961707637,7.346080970407416e-10
1298,27/5/2018,15:31:30,51.54401,-0.022021,4.19,3.3,503,-0.2275686221483901,9.497560975609757,48.0278273606446,2.4578714239954325,5.3913792582051965,7.23688665634285e-10
1299,27/5/2018,15:31:30,51.54401,-0.022021,4.19,3.7,506,-0.16817014043153253,9.504878048780489,48.17996717062668,2.4623925147903316,5.469531314782892,7.304210195664352e-10
1300,27/5/2018,15:31:31,51.544029,-0.022021,5.02,3.7,503,-0.2275686221483901,9.51219512195122,48.33210698060877,2.466913605585231,5.547683371360589,7.371533734985852e-10
1301,27/5/2018,15:31:32,51.544044,-0.022024,5.06,3.7,502,-0.2473681160540093,9.519512195121951,48.48424679059082,2.47143469638013,5.625835427938266,7.438857274307337e-10
1302,27/5/2018,15:31:33,51.54406,-0.022026,4.8,3.7,505,-0.18796963433715172,9.526829268292683,46.95955902047258,2.4687688663331193,5.695949420055945,8.270187474378845e-10
1303,27/5/2018,15:31:33,51.54406,-0.022026,4.8,4.7,505,-0.18796963433715172,9.534146341463416,45.26607246733271,2.4653795608935374,5.765254255934307,9.178426830815321e-10
1304,27/5/2018,15:31:34,51.544075,-0.022027,4.65,4.7,502,-0.2473681160540093,9.541463414634148,43.57258591419284,2.4619902554539554,5.834559091812669,1.0086666187251797e-09
1305,27/5/2018,15:31:35,51.544086,-0.022033,4.48,4.7,506,-0.16817014043153253,9.548780487804878,42.493932833031934,2.369869159924886,5.6316116019741695,9.161440884216539e-10
1306,27/5/2018,15:31:35,51.544086,-0.022033,4.48,5.1,506,-0.16817014043153253,9.55609756097561,41.6367866905724,2.2457805348385813,5.330579375418422,7.575670632920124e-10
1307,27/5/2018,15:31:36,51.544098,-0.022037,4.94,5.1,505,-0.18796963433715172,9.563414634146342,40.77964054811287,2.1216919097522764,5.029547148862674,5.989900381623709e-10
1308,27/5/2018,15:31:37,51.544109,-0.022038,4.46,5.1,505,-0.18796963433715172,9.570731707317075,41.966745648442625,2.1087756744726387,4.919575821502621,5.136540643620379e-10
1309,27/5/2018,15:31:38,51.544121,-0.022041,4.35,5.1,504,-0.2077691282427709,9.578048780487805,44.74865278129174,2.1825894601965987,4.958658731701266,4.854563596154265e-10
1310,27/5/2018,15:31:38,51.544121,-0.022041,4.35,5.1,505,-0.18796963433715172,9.585365853658537,47.53055991414153,2.2564032459205765,4.997741641899919,4.5725865486880837e-10
1311,27/5/2018,15:31:39,51.544136,-0.022045,4.35,5.1,502,-0.2473681160540093,9.59268292682927,50.588526409392706,2.3177215725367755,5.049082967460032,4.430896903579188e-10
1312,27/5/2018,15:31:40,51.544147,-0.022051,4.57,5.1,503,-0.2275686221483901,9.600000000000001,54.08126759529204,2.3593604022475523,5.119730462172507,4.510150360820274e-10
1313,27/5/2018,15:31:40,51.544147,-0.022051,4.57,5.3,504,-0.2077691282427709,9.607317073170732,57.57400878119052,2.400999231958319,5.190377956884964,4.58940381806134e-10
1314,27/5/2018,15:31:41,51.544159,-0.022055,4.35,5.3,501,-0.2671676099596285,9.614634146341464,60.278825133312026,2.4354843024817687,5.253316379195148,4.842422634778073e-10
1315,27/5/2018,15:31:42,51.54417,-0.022056,4.8,5.3,501,-0.2671676099596285,9.621951219512196,60.106219782334975,2.4438445688844235,5.288102049757742,5.730014947807436e-10
1316,27/5/2018,15:31:42,51.54417,-0.022056,4.8,5.2,504,-0.2077691282427709,9.629268292682928,59.93361443135793,2.452204835287078,5.3228877203203355,6.6176072608368e-10
1317,27/5/2018,15:31:43,51.544182,-0.022067,5.48,5.2,501,-0.2671676099596285,9.636585365853659,59.61333411623073,2.4589260353914133,5.354360351938691,7.457453114659121e-10
1318,27/5/2018,15:31:44,51.544193,-0.022071,4.69,5.2,503,-0.2275686221483901,9.64390243902439,55.88847462760232,2.4278593070181507,5.309452376624586,7.196526054403587e-10
1319,27/5/2018,15:31:45,51.544205,-0.022077,4.89,5.2,504,-0.2077691282427709,9.651219512195123,52.16361513897391,2.3967925786448876,5.264544401310482,6.935598994148054e-10
1320,27/5/2018,15:31:45,51.544205,-0.022077,4.89,5.3,505,-0.18796963433715172,9.658536585365853,48.4387556503464,2.365725850271632,5.219636425996387,6.674671933892584e-10
1321,27/5/2018,15:31:46,51.544216,-0.022081,4.93,5.3,503,-0.2275686221483901,9.665853658536586,45.486889399224765,2.3394375463327224,5.37655718109459,7.969268574570337e-10
1322,27/5/2018,15:31:47,51.544228,-0.022087,4.15,5.3,504,-0.2077691282427709,9.673170731707318,42.6523921369777,2.313874784115345,5.564123008963077,9.50005129695024e-10
1323,27/5/2018,15:31:47,51.544228,-0.022087,4.15,5.4,508,-0.12857115262029412,9.68048780487805,39.81789487473064,2.2883120218979673,5.751688836831564,1.1030834019330141e-09
1324,27/5/2018,15:31:48,51.544239,-0.022093,4.15,5.4,505,-0.18796963433715172,9.68780487804878,39.04843300217536,2.3273794225713376,5.708970348576582,1.039264231710122e-09
1325,27/5/2018,15:31:49,51.544247,-0.022102,4.3,5.4,505,-0.18796963433715172,9.695121951219512,39.18613093200981,2.3948385331829978,5.565089102651235,8.801630910067498e-10
1326,27/5/2018,15:31:50,51.544254,-0.022108,3.69,5.4,504,-0.2077691282427709,9.702439024390245,39.32382886184426,2.462297643794658,5.4212078567258875,7.210619503033774e-10
1327,27/5/2018,15:31:50,51.544254,-0.022108,3.69,5.4,505,-0.18796963433715172,9.709756097560977,38.5806581565154,2.492565840366914,5.335137724053627,6.50245347673783e-10
1328,27/5/2018,15:31:51,51.544266,-0.022111,3.67,5.4,503,-0.2275686221483901,9.717073170731707,37.02889652659262,2.4886947403753283,5.302135142717758,6.604692923162772e-10
1329,27/5/2018,15:31:52,51.544273,-0.022122,4.39,5.4,506,-0.16817014043153253,9.72439024390244,35.47713489666947,2.4848236403837416,5.2691325613818805,6.70693236958774e-10
1330,27/5/2018,15:31:53,51.544285,-0.02213,4.98,5.4,506,-0.16817014043153253,9.731707317073171,33.08702793644685,2.479332401523812,5.290785369007419,7.10970144672904e-10
1331,27/5/2018,15:31:54,51.544296,-0.022127,4.44,5.4,506,-0.16817014043153253,9.739024390243904,29.126207071106343,2.470805689623411,5.41483986759324,8.075539288978718e-10
1332,27/5/2018,15:31:55,51.544308,-0.022134,5.04,5.4,507,-0.14837064652591334,9.746341463414634,25.165386205766794,2.462278977723013,5.53889436617903,9.041377131228162e-10
1333,27/5/2018,15:31:56,51.544319,-0.022145,4.2,5.4,507,-0.14837064652591334,9.753658536585366,21.42722403916847,2.4493217667267713,5.6927847880956595,1.032336219303458e-09
1334,27/5/2018,15:31:56,51.544319,-0.022145,4.2,5.0,510,-0.08897216480905573,9.760975609756098,18.741630266624878,2.4154203781865373,5.9877177566671165,1.3099861383655723e-09
1335,27/5/2018,15:31:57,51.544327,-0.022156,4.07,5.0,508,-0.12857115262029412,9.76829268292683,16.056036494081287,2.3815189896463034,6.282650725238574,1.5876360574276864e-09
1336,27/5/2018,15:31:58,51.544338,-0.02216,4.44,5.0,510,-0.08897216480905573,9.77560975609756,13.373075281337979,2.3476973078595957,6.577068761557506,1.864867070218263e-09
1337,27/5/2018,15:31:59,51.544346,-0.022167,4.48,5.0,509,-0.10877165871467494,9.782926829268293,12.864279393061231,2.3797034411331124,6.446217123891221,1.7961338660671555e-09
1338,27/5/2018,15:32:0,51.544361,-0.022172,4.57,5.0,509,-0.10877165871467494,9.790243902439025,12.355483504784486,2.4117095744066286,6.315365486224936,1.7274006619160476e-09
1339,27/5/2018,15:32:1,51.544373,-0.022178,4.56,5.0,511,-0.06917267090343654,9.797560975609757,11.84668761650774,2.443715707680145,6.184513848558652,1.6586674577649399e-09
1340,27/5/2018,15:32:2,51.544384,-0.022182,4.06,5.0,509,-0.10877165871467494,9.804878048780488,11.696629724669751,2.6484859990503082,6.29831574937723,1.7603023552692432e-09
1341,27/5/2018,15:32:3,51.544395,-0.022191,4.28,5.0,508,-0.12857115262029412,9.81219512195122,11.621188812003266,2.8891909829099247,6.463005228781311,1.8973735690236407e-09
1342,27/5/2018,15:32:4,51.544403,-0.0222,4.43,5.0,508,-0.12857115262029412,9.819512195121952,11.545747899336783,3.129895966769541,6.627694708185391,2.0344447827780378e-09
1343,27/5/2018,15:32:5,51.544415,-0.022205,3.63,5.0,509,-0.10877165871467494,9.826829268292684,10.989053140462433,3.1051198161842706,6.883074298844808,2.270490517089651e-09
1344,27/5/2018,15:32:5,51.544415,-0.022205,3.63,4.2,512,-0.04937317699781735,9.834146341463414,10.178224333902685,2.9401519646655947,7.186344301684715,2.558801382838881e-09
1345,27/5/2018,15:32:6,51.544422,-0.022217,4.3,4.2,510,-0.08897216480905573,9.841463414634147,9.367395527342739,2.7751841131468793,7.489614304524693,2.8471122485881805e-09
1346,27/5/2018,15:32:7,51.54443,-0.022225,3.33,4.2,509,-0.10877165871467494,9.848780487804879,9.169948597234288,2.701364035269658,7.586601621454255,2.851034135465419e-09
1347,27/5/2018,15:32:8,51.544434,-0.022232,2.32,4.2,511,-0.06917267090343654,9.856097560975611,9.634267846213357,2.7258815774147593,7.461034425269437,2.5481340976201286e-09
1348,27/5/2018,15:32:9,51.544441,-0.02224,2.56,4.2,511,-0.06917267090343654,9.863414634146341,10.098587095192311,2.7503991195598547,7.335467229084649,2.2452340597749117e-09
1349,27/5/2018,15:32:10,51.544453,-0.022246,4.0,4.2,508,-0.12857115262029412,9.870731707317074,10.928364733961065,2.774810906922359,7.1591879679272505,1.979520223948065e-09
1350,27/5/2018,15:32:11,51.544464,-0.022253,3.78,4.2,509,-0.10877165871467494,9.878048780487806,12.580648232796769,2.7989846810640797,6.868775410664523,1.7974981843101222e-09
1351,27/5/2018,15:32:11,51.544464,-0.022253,3.78,4.3,510,-0.08897216480905573,9.885365853658538,14.232931731632473,2.8231584552058004,6.578362853401796,1.6154761446721794e-09
1352,27/5/2018,15:32:12,51.544472,-0.022261,3.93,4.3,507,-0.14837064652591334,9.892682926829268,15.750255872563592,2.8339471273851635,6.301650866594619,1.4425974898894204e-09
1353,27/5/2018,15:32:13,51.544483,-0.022268,3.74,4.3,507,-0.14837064652591334,9.9,16.39718334376812,2.758410935895139,6.113298302083057,1.3286874894595513e-09
1354,27/5/2018,15:32:14,51.544498,-0.022274,4.37,4.3,508,-0.12857115262029412,9.907317073170733,17.044110814972647,2.682874744405115,5.924945737571495,1.2147774890296822e-09
1355,27/5/2018,15:32:14,51.544498,-0.022274,4.37,4.2,509,-0.10877165871467494,9.914634146341465,17.691038286177175,2.6073385529150905,5.736593173059933,1.1008674885998131e-09
1356,27/5/2018,15:32:15,51.54451,-0.022278,4.3,4.2,507,-0.14837064652591334,9.921951219512195,17.098234462120214,2.5658492198487153,5.790622180079325,1.2092167213974116e-09
1357,27/5/2018,15:32:16,51.544521,-0.022283,4.85,4.2,508,-0.12857115262029412,9.929268292682927,16.45491295312413,2.52574725876655,5.85452796919854,1.3266227731701474e-09
1358,27/5/2018,15:32:16,51.544521,-0.022283,4.85,3.6,510,-0.08897216480905573,9.93658536585366,15.811591444128048,2.485645297684385,5.9184337583177555,1.4440288249428832e-09
1359,27/5/2018,15:32:17,51.544533,-0.022289,4.41,3.6,508,-0.12857115262029412,9.943902439024392,15.196358963074694,2.468044562473371,5.869145510458672,1.3996691415239236e-09
1360,27/5/2018,15:32:18,51.54454,-0.022296,3.78,3.6,508,-0.12857115262029412,9.951219512195122,14.588708200832665,2.45651730078411,5.789304216719154,1.3116460632731114e-09
1361,27/5/2018,15:32:19,51.544556,-0.022303,4.46,3.6,509,-0.10877165871467494,9.958536585365854,13.981057438590488,2.4449900390948462,5.7094629229796166,1.2236229850222778e-09
1362,27/5/2018,15:32:19,51.544556,-0.022303,4.46,3.0,510,-0.08897216480905573,9.965853658536586,13.493996459263801,2.40978379805676,5.649228016475253,1.1836481663752057e-09
1363,27/5/2018,15:32:20,51.544567,-0.022312,4.72,3.0,508,-0.12857115262029412,9.973170731707318,13.082727138180125,2.3596951261280976,5.601315883631987,1.173872069236836e-09
1364,27/5/2018,15:32:21,51.544579,-0.022323,5.02,3.0,509,-0.10877165871467494,9.980487804878049,12.671457817096549,2.3096064541994474,5.553403750788732,1.1640959720984689e-09
1365,27/5/2018,15:32:22,51.544594,-0.022323,3.93,3.0,510,-0.08897216480905573,9.987804878048781,12.71232793062199,2.2935160407324413,5.567127100397523,1.153059842353179e-09
1366,27/5/2018,15:32:23,51.544601,-0.022322,4.0,3.0,509,-0.10877165871467494,9.995121951219513,13.32709715497206,2.3205795059303176,5.6590841670123595,1.1404243573263776e-09
1367,27/5/2018,15:32:24,51.544613,-0.022325,3.87,3.0,509,-0.10877165871467494,10.002439024390245,13.94186637932213,2.3476429711281943,5.751041233627196,1.1277888722995762e-09
1368,27/5/2018,15:32:24,51.544613,-0.022325,3.87,2.6,510,-0.08897216480905573,10.009756097560976,14.51568214886068,2.4608812643619746,5.879979170435194,1.1383996650582767e-09
1369,27/5/2018,15:32:25,51.544624,-0.022335,4.11,2.6,507,-0.14837064652591334,10.017073170731708,14.977223373449807,2.810369213416079,6.110300748547781,1.21274049651968e-09
1370,27/5/2018,15:32:26,51.544632,-0.022346,4.32,2.6,507,-0.14837064652591334,10.02439024390244,15.438764598038931,3.1598571624701837,6.340622326660368,1.2870813279810835e-09
1371,27/5/2018,15:32:27,51.544643,-0.022357,4.74,2.6,508,-0.12857115262029412,10.031707317073172,15.60100506541318,3.4988405912786207,6.618051066821857,1.4311480875513152e-09
1372,27/5/2018,15:32:28,51.544655,-0.022363,4.07,2.6,507,-0.14837064652591334,10.039024390243902,12.874342571852994,3.736432563803034,7.350166327627754,2.2482216314741437e-09
1373,27/5/2018,15:32:29,51.544666,-0.022365,4.17,2.6,510,-0.08897216480905573,10.046341463414635,10.147680078292145,3.9740245363275046,8.082281588433828,3.065295175397171e-09
1374,27/5/2018,15:32:29,51.544666,-0.022365,4.17,2.2,513,-0.029573683092198152,10.053658536585367,7.421017584731297,4.211616508851975,8.814396849239902,3.8823687193201975e-09
1375,27/5/2018,15:32:30,51.544678,-0.022373,5.02,2.2,511,-0.06917267090343654,10.060975609756099,5.481353484894523,4.8822063084598595,10.107041334914092,7.0234978020667274e-09
1376,27/5/2018,15:32:31,51.544689,-0.02238,4.3,2.2,512,-0.04937317699781735,10.06829268292683,3.6096744655472954,5.590200748738527,11.448107297395325,1.036539108474985e-08
1377,27/5/2018,15:32:32,51.544704,-0.022386,4.07,2.2,514,-0.009774189186578956,10.075609756097561,1.737995446199613,6.298195189017365,12.789173259876883,1.3707284367433783e-08
1378,27/5/2018,15:32:33,51.544716,-0.022391,4.28,2.2,513,-0.029573683092198152,10.082926829268294,1.054891709133201,8.90903722439126,14.316430629039475,2.0856246688948678e-08
1379,27/5/2018,15:32:34,51.544731,-0.022396,4.39,2.2,514,-0.009774189186578956,10.090243902439026,0.7741526922724333,12.164044380484215,15.90671880018048,2.9294004336639876e-08
1380,27/5/2018,15:32:35,51.544746,-0.022401,4.32,2.2,515,0.01002530471904024,10.097560975609756,0.49341367541173364,15.41905153657638,17.4970069713211,3.773176198432903e-08
1381,27/5/2018,15:32:35,51.544746,-0.022401,4.32,3.5,516,0.029824798624659435,10.104878048780488,0.5586709850028215,15.045038397493231,16.985756705170314,3.546748317858819e-08
1382,27/5/2018,15:32:36,51.544754,-0.022409,4.46,3.5,513,-0.029573683092198152,10.11219512195122,0.8810322842101439,11.974361956067508,14.912888944115954,2.5250702976626245e-08
1383,27/5/2018,15:32:37,51.544765,-0.022419,4.89,3.5,512,-0.04937317699781735,10.119512195121953,1.2033935834174663,8.903685514641783,12.840021183061594,1.5033922774664298e-08
1384,27/5/2018,15:32:38,51.544777,-0.022426,3.89,3.5,512,-0.04937317699781735,10.126829268292683,1.5998257674367995,6.931402024705719,11.519466473749057,8.979817461434343e-09
1385,27/5/2018,15:32:39,51.544788,-0.022433,4.98,3.5,512,-0.04937317699781735,10.134146341463415,2.107224416731704,6.60463395718421,11.325960811360964,9.161864445628996e-09
1386,27/5/2018,15:32:39,51.544788,-0.022433,4.98,3.2,513,-0.029573683092198152,10.141463414634147,2.614623066026608,6.277865889662701,11.132455148972873,9.343911429823649e-09
1387,27/5/2018,15:32:40,51.5448,-0.022442,4.52,3.2,510,-0.08897216480905573,10.14878048780488,2.94836598281494,6.662978577438182,11.093902470548217,1.008974823969229e-08
1388,27/5/2018,15:32:41,51.544807,-0.022452,4.5,3.2,510,-0.08897216480905573,10.15609756097561,2.690453059471603,9.47351310570944,11.5832842091709,1.2756451917311059e-08
1389,27/5/2018,15:32:42,51.544819,-0.02246,4.37,3.2,513,-0.029573683092198152,10.163414634146342,2.4325401361282037,12.284047633981379,12.072665947793702,1.5423155594930477e-08
1390,27/5/2018,15:32:43,51.54483,-0.022466,4.0,3.2,513,-0.029573683092198152,10.170731707317074,2.190727302418434,14.837765209653863,12.541851460192287,1.78359451107496e-08
1391,27/5/2018,15:32:44,51.544838,-0.022472,3.91,3.2,517,0.04962429253027863,10.178048780487805,2.2336677489234336,12.849304988086114,12.653837615557899,1.5757896866598433e-08
1392,27/5/2018,15:32:44,51.544838,-0.022472,3.91,2.5,518,0.06942378643589782,10.185365853658537,2.2766081954284436,10.860844766517882,12.765823770923538,1.3679848622446759e-08
1393,27/5/2018,15:32:45,51.544849,-0.022477,3.82,2.5,516,0.029824798624659435,10.192682926829269,2.319548641933454,8.87238454494965,12.877809926289176,1.1601800378295085e-08
1394,27/5/2018,15:32:46,51.544861,-0.022486,4.2,2.5,518,0.06942378643589782,10.200000000000001,2.249288868159036,7.9794506830780385,12.613260664050028,1.0917737262860937e-08
1395,27/5/2018,15:32:47,51.544872,-0.02249,4.61,2.5,519,0.08922328034151703,10.207317073170731,2.1636103766447863,7.235735715613657,12.297424458121492,1.042354536128314e-08
1396,27/5/2018,15:32:48,51.544888,-0.022496,4.89,2.5,516,0.029824798624659435,10.214634146341464,2.077931885130516,6.492020748149095,11.98158825219288,9.929353459705223e-09
1397,27/5/2018,15:32:49,51.544899,-0.022503,4.22,2.5,515,0.01002530471904024,10.221951219512196,1.7634075006963692,6.465342613566021,12.623141359903471,1.1991756109281032e-08
1398,27/5/2018,15:32:50,51.54491,-0.022512,4.2,2.5,516,0.029824798624659435,10.229268292682928,1.353918189574653,6.73621559252082,13.661985434129429,1.511507713944215e-08
1399,27/5/2018,15:32:50,51.54491,-0.022512,4.2,3.2,516,0.029824798624659435,10.236585365853658,0.9444288784530361,7.007088571475553,14.700829508355135,1.8238398169602508e-08
1400,27/5/2018,15:32:51,51.544922,-0.02252,4.5,3.2,515,0.01002530471904024,10.24390243902439,0.6852655674035606,9.475768446651655,15.827986512408748,2.6486471633155524e-08
1401,27/5/2018,15:32:52,51.544933,-0.022528,4.24,3.2,517,0.04962429253027863,10.251219512195123,0.5576375064173129,13.867529356021649,17.03241733006157,3.921870347592703e-08
1402,27/5/2018,15:32:53,51.544949,-0.022535,4.76,3.2,516,0.029824798624659435,10.258536585365855,0.43000944543106523,18.259290265391645,18.23684814771439,5.195093531869854e-08
1403,27/5/2018,15:32:54,51.54496,-0.022543,4.78,3.2,513,-0.029573683092198152,10.265853658536585,0.3300772059471796,20.73603748031824,19.444289325979753,6.16275018621724e-08
1404,27/5/2018,15:32:54,51.54496,-0.022543,4.78,4.6,514,-0.009774189186578956,10.273170731707317,0.27939490692565006,19.807422249939755,20.657083661252855,6.587034859161268e-08
1405,27/5/2018,15:32:55,51.544971,-0.022551,4.32,4.6,514,-0.009774189186578956,10.28048780487805,0.2287126079041205,18.87880701956127,21.86987799652596,7.011319532105296e-08
1406,27/5/2018,15:32:55,51.544971,-0.022551,4.32,5.1,515,0.01002530471904024,10.287804878048782,0.2318920440072324,17.566089489645815,22.435286692082993,7.05053628481594e-08
1407,27/5/2018,15:32:56,51.544983,-0.022558,4.33,5.1,513,-0.029573683092198152,10.295121951219512,0.4699418177968825,14.578449371558214,20.17769528447448,5.410619748408093e-08
1408,27/5/2018,15:32:57,51.544994,-0.022565,5.0,5.1,513,-0.029573683092198152,10.302439024390244,0.7079915915865903,11.590809253469887,17.920103876865422,3.7707032119998474e-08
1409,27/5/2018,15:32:57,51.544994,-0.022565,5.0,5.0,514,-0.009774189186578956,10.309756097560976,0.9426571365031278,8.649958547359171,15.690505750007128,2.1508334403227226e-08
1410,27/5/2018,15:32:58,51.54501,-0.022573,5.28,5.0,511,-0.06917267090343654,10.317073170731708,0.9233888183868029,9.219927167537126,15.56136896498058,2.0351622912155032e-08
1411,27/5/2018,15:32:59,51.545017,-0.022583,4.37,5.0,512,-0.04937317699781735,10.324390243902439,0.9041205002704825,9.78989578771494,15.432232179954067,1.919491142108312e-08
1412,27/5/2018,15:33:0,51.545029,-0.022595,4.33,5.0,513,-0.029573683092198152,10.331707317073171,0.8848521821541576,10.359864407892895,15.30309539492752,1.8038199930010928e-08
1413,27/5/2018,15:33:1,51.54504,-0.022603,4.39,5.0,514,-0.009774189186578956,10.339024390243903,0.7186711419135168,15.066119742500085,16.902760223083565,3.2480059707430085e-08
1414,27/5/2018,15:33:1,51.54504,-0.022603,4.39,5.3,516,0.029824798624659435,10.346341463414635,0.5244563509164815,20.56165751046369,18.832313387868503,4.989842453338217e-08
1415,27/5/2018,15:33:2,51.545048,-0.022613,4.39,5.3,513,-0.029573683092198152,10.353658536585366,0.33024155991949333,26.057195278425958,20.76186655265297,6.731678935933003e-08
1416,27/5/2018,15:33:3,51.545055,-0.022624,4.39,5.3,513,-0.029573683092198152,10.360975609756098,0.2628197385020919,26.83011331781831,21.37345578331303,7.039999632845359e-08
1417,27/5/2018,15:33:4,51.545067,-0.022635,4.43,5.3,515,0.01002530471904024,10.36829268292683,0.2588806947304228,25.238507368789183,21.325166066011423,6.63058681364982e-08
1418,27/5/2018,15:33:4,51.545067,-0.022635,4.43,5.0,516,0.029824798624659435,10.375609756097562,0.25494165095875365,23.646901419760056,21.276876348709816,6.221173994454283e-08
1419,27/5/2018,15:33:5,51.545074,-0.022645,4.78,5.0,514,-0.009774189186578956,10.382926829268293,0.33173826346657254,21.282264985573093,20.893981919208752,5.582702841474596e-08
1420,27/5/2018,15:33:6,51.545086,-0.022657,4.41,5.0,515,0.01002530471904024,10.390243902439025,0.49157302107140843,18.122552118628782,20.166940232818096,4.708640872330351e-08
1421,27/5/2018,15:33:7,51.545094,-0.022669,4.91,5.0,517,0.04962429253027863,10.397560975609757,0.6514077786762442,14.962839251684475,19.439898546427443,3.8345789031861045e-08
1422,27/5/2018,15:33:8,51.545105,-0.022681,4.59,5.0,516,0.029824798624659435,10.404878048780489,0.7254180776454874,13.607893245954251,19.418712988572416,3.4594539353769e-08
1423,27/5/2018,15:33:8,51.545105,-0.022681,4.59,4.8,518,0.06942378643589782,10.41219512195122,0.6166961683278444,16.09554688181232,20.90039329379019,4.146635231998679e-08
1424,27/5/2018,15:33:9,51.545113,-0.022692,4.5,4.8,514,-0.009774189186578956,10.419512195121952,0.5079742590101748,18.583200517670992,22.382073599008326,4.8338165286206234e-08
1425,27/5/2018,15:33:10,51.545124,-0.022702,4.44,4.8,514,-0.009774189186578956,10.426829268292684,0.40760167945664444,20.668369748614122,23.68165437831105,5.4744747105458534e-08
1426,27/5/2018,15:33:10,51.545124,-0.022702,4.44,4.9,515,0.01002530471904024,10.434146341463416,0.3559954023931267,20.402730376700724,23.91763834027158,5.843403262887873e-08
1427,27/5/2018,15:33:11,51.545135,-0.022713,4.61,4.9,513,-0.029573683092198152,10.441463414634146,0.3043891253296215,20.13709100478739,24.15362230223205,6.212331815229803e-08
1428,27/5/2018,15:33:12,51.545143,-0.022723,4.41,4.9,516,0.029824798624659435,10.448780487804878,0.25278284826610375,19.871451632873992,24.38960626419258,6.581260367571822e-08
1429,27/5/2018,15:33:13,51.545151,-0.022731,4.06,4.9,516,0.029824798624659435,10.45609756097561,0.40411026949895346,16.51433303520347,21.806043810164056,5.293411547607076e-08
1430,27/5/2018,15:33:14,51.545162,-0.022742,4.48,4.9,516,0.029824798624659435,10.463414634146343,0.5611141578169798,13.070739494155683,19.143612924919562,3.9592193046410404e-08
1431,27/5/2018,15:33:15,51.54517,-0.022753,4.3,4.9,515,0.01002530471904024,10.470731707317073,0.7181180461349679,9.627145953108732,16.481182039675716,2.6250270616753296e-08
1432,27/5/2018,15:33:16,51.545177,-0.022766,4.72,4.9,517,0.04962429253027863,10.478048780487805,0.8603972970712601,8.935095605260786,15.857253279230807,2.3230925811072852e-08
1433,27/5/2018,15:33:16,51.545177,-0.022766,4.72,4.9,517,0.04962429253027863,10.485365853658537,0.9989814659717062,8.933532741787817,15.744877529301794,2.2801985791136813e-08
1434,27/5/2018,15:33:17,51.545189,-0.022776,4.07,4.9,514,-0.009774189186578956,10.49268292682927,1.1375656348721523,8.931969878314849,15.632501779372783,2.237304577120077e-08
1435,27/5/2018,15:33:18,51.545197,-0.022784,3.91,4.9,515,0.01002530471904024,10.5,1.495765123516307,8.277235246913131,14.66658405799243,1.9446272099543767e-08
1436,27/5/2018,15:33:19,51.545208,-0.022794,4.98,4.9,517,0.04962429253027863,10.507317073170732,1.9851716397012211,7.232269523056427,13.190726023313047,1.5027192111934145e-08
1437,27/5/2018,15:33:19,51.545208,-0.022794,4.98,5.2,519,0.08922328034151703,10.514634146341464,2.4745781558861353,6.187303799199723,11.714867988633664,1.0608112124324522e-08
1438,27/5/2018,15:33:20,51.545212,-0.022804,2.17,5.2,517,0.04962429253027863,10.521951219512196,3.005138641405108,5.369999271268674,10.440910880629584,7.4130734100347565e-09
1439,27/5/2018,15:33:21,51.545216,-0.022805,1.59,5.2,516,0.029824798624659435,10.529268292682927,3.585471512681648,4.828032482297859,9.411136556690899,5.698413269790114e-09
1440,27/5/2018,15:33:22,51.545219,-0.022819,4.48,5.2,518,0.06942378643589782,10.536585365853659,4.165804383958329,4.286065693326913,8.381362232751961,3.983753129545055e-09
1441,27/5/2018,15:33:23,51.545231,-0.02283,4.22,5.2,519,0.08922328034151703,10.543902439024391,4.476277943575535,3.888081529637011,7.598879236116789,2.7175856558740248e-09
1442,27/5/2018,15:33:23,51.545231,-0.02283,4.22,4.8,519,0.08922328034151703,10.551219512195123,4.090114146402778,3.861786135486531,7.454774717328469,2.609194594884516e-09
1443,27/5/2018,15:33:24,51.545238,-0.022841,5.0,4.8,518,0.06942378643589782,10.558536585365854,3.7039503492301153,3.8354907413360575,7.310670198540183,2.5008035338950344e-09
1444,27/5/2018,15:33:25,51.54525,-0.022852,4.54,4.8,516,0.029824798624659435,10.565853658536586,3.306492812068312,3.7794348246879887,7.189720061406395,2.4747731325258223e-09
1445,27/5/2018,15:33:26,51.545261,-0.022861,4.61,4.8,516,0.029824798624659435,10.573170731707318,2.8136031719991568,3.4719024929355453,7.264424449253211,3.144690304947422e-09
1446,27/5/2018,15:33:27,51.545269,-0.022874,4.35,4.8,516,0.029824798624659435,10.58048780487805,2.320713531930002,3.1643701611831014,7.339128837100025,3.814607477369022e-09
1447,27/5/2018,15:33:28,51.545277,-0.022885,4.37,4.8,517,0.04962429253027863,10.58780487804878,1.827823891860966,2.8568378294307326,7.4138332249468215,4.48452464979046e-09
1448,27/5/2018,15:33:28,51.545277,-0.022885,4.37,4.6,517,0.04962429253027863,10.595121951219513,1.5966625286311595,3.7824602124397817,8.549682973975925,6.625026644827251e-09
1449,27/5/2018,15:33:29,51.545284,-0.022895,3.96,4.6,516,0.029824798624659435,10.602439024390245,1.384468827487479,4.797450325263771,9.76243479441369,8.872103123604181e-09
1450,27/5/2018,15:33:30,51.545296,-0.022904,4.39,4.6,517,0.04962429253027863,10.609756097560977,1.1722751263437985,5.81244043808776,10.975186614851452,1.1119179602381113e-08
1451,27/5/2018,15:33:31,51.545307,-0.022914,5.3,4.6,516,0.029824798624659435,10.617073170731707,0.975346042933632,7.937198761158863,13.435201328306851,1.950613276394449e-08
1452,27/5/2018,15:33:31,51.545307,-0.022914,5.3,4.2,515,0.01002530471904024,10.62439024390244,0.7832629664278465,10.414271469240282,16.291180401745017,2.984229194669333e-08
1453,27/5/2018,15:33:32,51.545319,-0.022922,4.15,4.2,513,-0.029573683092198152,10.631707317073172,0.5911798899220613,12.891344177321699,19.147159475183187,4.017845112944217e-08
1454,27/5/2018,15:33:33,51.54533,-0.022929,4.61,4.2,516,0.029824798624659435,10.639024390243904,0.5415801842265513,13.408728719791911,19.931312651516254,4.2550041761015465e-08
1455,27/5/2018,15:33:34,51.545341,-0.022939,5.02,4.2,516,0.029824798624659435,10.646341463414634,0.5927927963912701,12.53956053589812,19.24957145924872,3.928640203669115e-08
1456,27/5/2018,15:33:35,51.545349,-0.022953,5.56,4.2,517,0.04962429253027863,10.653658536585366,0.6440054085560015,11.670392352004118,18.567830266981016,3.602276231236606e-08
1457,27/5/2018,15:33:36,51.545361,-0.022968,5.37,4.2,515,0.01002530471904024,10.660975609756099,0.6919821042300651,12.536291945902192,18.60793050957554,3.692977722828536e-08
1458,27/5/2018,15:33:37,51.545368,-0.022984,4.52,4.2,516,0.029824798624659435,10.66829268292683,0.7353452159966446,15.875951539819326,19.677190817715655,4.37830720273222e-08
1459,27/5/2018,15:33:37,51.545368,-0.022984,4.52,4.5,517,0.04962429253027863,10.675609756097561,0.7787083277632135,19.21561113373565,20.74645112585551,5.0636366826357384e-08
1460,27/5/2018,15:33:38,51.545376,-0.022996,4.2,4.5,513,-0.029573683092198152,10.682926829268293,1.128491244789976,20.761157493289453,21.013396159425017,5.2780329913536756e-08
1461,27/5/2018,15:33:38,51.545376,-0.022996,4.2,4.4,514,-0.009774189186578956,10.690243902439025,2.454744870351468,16.58938731169231,18.723595998397915,3.991702390628571e-08
1462,27/5/2018,15:33:39,51.545387,-0.023008,5.48,4.4,512,-0.04937317699781735,10.697560975609758,3.7809984959129603,12.417617130095165,16.433795837370816,2.7053717899034663e-08
1463,27/5/2018,15:33:39,51.545387,-0.023008,5.48,4.5,513,-0.029573683092198152,10.704878048780488,5.100448705165018,8.452801366691359,14.207477348542195,1.484699510161054e-08
1464,27/5/2018,15:33:40,51.545399,-0.023021,4.85,4.5,506,-0.16817014043153253,10.71219512195122,6.322765612747649,7.44270203115474,12.887495343611844,1.2014400256000914e-08
1465,27/5/2018,15:33:41,51.545406,-0.023034,4.85,4.5,508,-0.12857115262029412,10.719512195121952,7.545082520330278,6.4326026956181215,11.567513338681492,9.181805410391291e-09
1466,27/5/2018,15:33:41,51.545406,-0.023034,4.85,4.6,510,-0.08897216480905573,10.726829268292683,8.767399427912611,5.422503360081748,10.24753133375146,6.3492105647823524e-09
1467,27/5/2018,15:33:42,51.545414,-0.023045,4.37,4.6,510,-0.08897216480905573,10.734146341463415,7.28482719744747,5.476600461586454,10.798229379184134,7.102282113563818e-09
1468,27/5/2018,15:33:42,51.545414,-0.023045,4.37,4.4,512,-0.04937317699781735,10.741463414634147,5.4749730072186615,5.659461544797178,11.575273053486274,8.289206535687816e-09
1469,27/5/2018,15:33:43,51.545425,-0.023056,4.52,4.4,511,-0.06917267090343654,10.74878048780488,3.665118816989853,5.842322628007904,12.352316727788414,9.476130957811814e-09
1470,27/5/2018,15:33:43,51.545425,-0.023056,4.52,4.3,514,-0.009774189186578956,10.75609756097561,2.666625546507297,9.03237398208839,13.920315567804678,1.949392149963595e-08
1471,27/5/2018,15:33:44,51.545433,-0.023068,4.56,4.3,512,-0.04937317699781735,10.763414634146342,1.9857474783060707,13.399619508253657,15.797941577235285,3.2968641332324645e-08
1472,27/5/2018,15:33:45,51.545444,-0.023081,4.72,4.3,516,0.029824798624659435,10.770731707317074,1.3048694101048441,17.766865034418924,17.675567586665892,4.644336116501335e-08
1473,27/5/2018,15:33:45,51.545444,-0.023081,4.72,4.5,517,0.04962429253027863,10.778048780487806,0.9673238428672942,17.682574579517116,17.976167828398577,4.739927901700026e-08
1474,27/5/2018,15:33:46,51.545452,-0.023092,3.37,4.5,516,0.029824798624659435,10.785365853658536,0.9160949273898111,13.88599684126528,16.96163263646521,3.791534204283398e-08
1475,27/5/2018,15:33:46,51.545452,-0.023092,3.37,4.4,517,0.04962429253027863,10.792682926829269,0.8648660119123155,10.08941910301252,15.9470974445316,2.8431405068665406e-08
1476,27/5/2018,15:33:47,51.54546,-0.023107,5.26,4.4,515,0.01002530471904024,10.8,0.7734449801500569,8.620176469151442,16.220715256991518,2.531635559521891e-08
1477,27/5/2018,15:33:47,51.54546,-0.023107,5.26,4.4,516,0.029824798624659435,10.807317073170733,0.6141384836873679,11.081859590875647,18.67005491223635,3.295851244920307e-08
1478,27/5/2018,15:33:48,51.545467,-0.023118,3.32,4.4,515,0.01002530471904024,10.814634146341463,0.45483198722471757,13.543542712599255,21.119394567480587,4.0600669303185376e-08
1479,27/5/2018,15:33:48,51.545467,-0.023118,3.32,4.2,516,0.029824798624659435,10.821951219512195,0.3416045661263294,15.891853647622908,22.685296981180294,4.704072435729198e-08
1480,27/5/2018,15:33:49,51.545471,-0.023131,4.74,4.2,514,-0.009774189186578956,10.829268292682928,0.4144481713656515,17.782358540082907,20.683808492617878,4.8626595296434416e-08
1481,27/5/2018,15:33:49,51.545471,-0.023131,4.74,4.0,515,0.01002530471904024,10.83658536585366,0.4872917766049736,19.67286343254291,18.682320004055466,5.0212466235576846e-08
1482,27/5/2018,15:33:50,51.545479,-0.023145,4.76,4.0,512,-0.04937317699781735,10.84390243902439,0.5641164929356061,21.490089923069693,16.679518898384664,5.149411771513633e-08
1483,27/5/2018,15:33:51,51.545486,-0.02316,4.85,4.0,512,-0.04937317699781735,10.851219512195122,0.7956049769049196,20.46049464212014,14.625723408766788,4.0957026454628446e-08
1484,27/5/2018,15:33:52,51.545494,-0.023173,4.85,4.0,514,-0.009774189186578956,10.858536585365854,1.027093460874233,19.430899361170585,12.57192791914891,3.041993519412057e-08
1485,27/5/2018,15:33:53,51.545506,-0.023186,4.76,4.0,516,0.029824798624659435,10.865853658536587,1.2585819448435465,18.40130408022103,10.518132429531033,1.988284393361269e-08
1486,27/5/2018,15:33:54,51.545513,-0.023197,4.44,4.0,518,0.06942378643589782,10.873170731707317,1.318759595009883,18.177614082851303,10.301849163363503,2.0201360159203335e-08
1487,27/5/2018,15:33:54,51.545513,-0.023197,4.44,4.2,518,0.06942378643589782,10.88048780487805,1.3491083619741333,18.09424944636037,10.405516108627223,2.2410070020551636e-08
1488,27/5/2018,15:33:55,51.545525,-0.023208,4.67,4.2,514,-0.009774189186578956,10.887804878048781,1.379457128938384,18.010884809869435,10.509183053890945,2.461877988189994e-08
1489,27/5/2018,15:33:55,51.545525,-0.023208,4.67,4.2,513,-0.029573683092198152,10.895121951219513,1.3304893399145603,16.006311607233602,10.4648299159038,2.1999660099986515e-08
1490,27/5/2018,15:33:56,51.545532,-0.023217,4.22,4.2,512,-0.04937317699781735,10.902439024390244,1.2439049627154843,13.09058800817498,10.350276925641772,1.709089880239552e-08
1491,27/5/2018,15:33:56,51.545532,-0.023217,4.22,4.2,512,-0.04937317699781735,10.909756097560976,1.1573205855163875,10.17486440911565,10.235723935379717,1.2182137504803334e-08
1492,27/5/2018,15:33:57,51.54554,-0.023228,4.82,4.2,512,-0.04937317699781735,10.917073170731708,0.9826197766630417,9.180705677426603,11.494729830223232,1.3038882430062553e-08
1493,27/5/2018,15:33:57,51.54554,-0.023228,4.82,4.3,514,-0.009774189186578956,10.92439024390244,0.7215173768912704,10.070716089640243,14.100563673784952,1.9548930612755972e-08
1494,27/5/2018,15:33:58,51.545551,-0.02324,4.87,4.3,514,-0.009774189186578956,10.93170731707317,0.4604149771195626,10.960726501853665,16.70639751734604,2.6058978795447812e-08
1495,27/5/2018,15:33:58,51.545551,-0.02324,4.87,4.4,515,0.01002530471904024,10.939024390243903,0.26770856057218423,14.197243874020826,19.816776801496374,3.9692950650401846e-08
1496,27/5/2018,15:33:59,51.545559,-0.02325,3.96,4.4,514,-0.009774189186578956,10.946341463414635,0.2129168899519705,22.16529511619013,23.944529518516244,6.76917152453181e-08
1497,27/5/2018,15:33:59,51.545559,-0.02325,3.96,4.4,515,0.01002530471904024,10.953658536585367,0.15812521933175683,30.133346358359432,28.072282235536115,9.569047984023435e-08
1498,27/5/2018,15:34:0,51.545567,-0.023263,4.96,4.4,513,-0.029573683092198152,10.960975609756098,0.12487142636346191,35.88212885244875,31.203450248421355,1.1587154975654368e-07
1499,27/5/2018,15:34:0,51.545567,-0.023263,4.96,4.2,516,0.029824798624659435,10.96829268292683,0.2062872707216999,29.815320851265128,29.02870983174254,9.443049570998926e-08
1500,27/5/2018,15:34:1,51.545578,-0.023279,5.28,4.2,515,0.01002530471904024,10.975609756097562,0.28770311507993784,23.748512850081504,26.853969415063723,7.298944166343487e-08
1501,27/5/2018,15:34:1,51.545578,-0.023279,5.28,3.9,517,0.04962429253027863,10.982926829268294,0.36911895943817585,17.68170484889788,24.679228998384904,5.154838761688047e-08
1502,27/5/2018,15:34:2,51.545586,-0.023296,5.15,3.9,515,0.01002530471904024,10.990243902439024,0.3425675597717607,21.5808026919961,25.303134048548745,7.241288840268186e-08
1503,27/5/2018,15:34:2,51.545586,-0.023296,5.15,4.0,516,0.029824798624659435,10.997560975609757,0.31434212085966706,25.634422563074345,25.97043228141866,9.393333960881328e-08
1504,27/5/2018,15:34:3,51.545597,-0.023312,6.17,4.0,514,-0.009774189186578956,11.004878048780489,0.28611668194757345,29.68804243415259,26.637730514288577,1.154537908149447e-07
1505,27/5/2018,15:34:4,51.545605,-0.023326,3.98,4.0,513,-0.029573683092198152,11.01219512195122,0.3790727137977177,26.43026579850249,25.975334517282892,1.0053879124366092e-07
1506,27/5/2018,15:34:4,51.545605,-0.023326,3.98,4.1,516,0.029824798624659435,11.019512195121951,0.5002073324768115,21.472354480463352,25.003741874314482,7.715137829988952e-08
1507,27/5/2018,15:34:5,51.545612,-0.023336,4.33,4.1,512,-0.04937317699781735,11.026829268292683,0.6213419511559348,16.514443162423007,24.03214923134584,5.376396535611245e-08
1508,27/5/2018,15:34:5,51.545612,-0.023336,4.33,4.1,513,-0.029573683092198152,11.034146341463416,0.8563828266725662,12.698456799136745,21.511940881670558,3.813546381949989e-08
1509,27/5/2018,15:34:6,51.54562,-0.023347,4.85,4.1,512,-0.04937317699781735,11.041463414634148,1.156069551745073,9.530553437422906,18.112838072857386,2.6910420297142436e-08
1510,27/5/2018,15:34:6,51.54562,-0.023347,4.85,4.3,513,-0.029573683092198152,11.048780487804878,1.4557562768175072,6.362650075709839,14.713735264045038,1.56853767747877e-08
1511,27/5/2018,15:34:7,51.545631,-0.023357,4.06,4.3,512,-0.04937317699781735,11.05609756097561,1.7064253949026367,4.7840319737047565,13.418671326275888,1.0251956702731985e-08
1512,27/5/2018,15:34:7,51.545631,-0.023357,4.06,4.3,513,-0.029573683092198152,11.063414634146342,1.9005958589202923,5.037255196102619,14.548763809346424,1.14940752772677e-08
1513,27/5/2018,15:34:8,51.545639,-0.023371,5.48,4.3,511,-0.06917267090343654,11.070731707317075,2.0947663229379483,5.290478418500481,15.67885629241696,1.2736193851803413e-08
1514,27/5/2018,15:34:8,51.545639,-0.023371,5.48,4.4,514,-0.009774189186578956,11.078048780487805,2.3537345614693406,5.407712090637689,16.140652095667082,1.3167377443302372e-08
1515,27/5/2018,15:34:9,51.545647,-0.023383,4.74,4.4,511,-0.06917267090343654,11.085365853658537,2.7704581295413098,5.193868399757429,14.975426542907154,1.162427539853111e-08
1516,27/5/2018,15:34:9,51.545647,-0.023383,4.74,4.3,513,-0.029573683092198152,11.09268292682927,3.187181697613279,4.980024708877169,13.810200990147226,1.0081173353759848e-08
1517,27/5/2018,15:34:10,51.545658,-0.023395,4.54,4.3,510,-0.08897216480905573,11.100000000000001,3.5953179965727666,4.749236590985792,12.719950036031433,8.652099241918015e-09
1518,27/5/2018,15:34:10,51.545658,-0.023395,4.54,4.5,511,-0.06917267090343654,11.107317073170732,3.9391214296267103,4.391506655332368,12.191382981384857,8.077283174460143e-09
1519,27/5/2018,15:34:11,51.545666,-0.023407,4.37,4.5,511,-0.06917267090343654,11.114634146341464,4.282924862680738,4.033776719678857,11.662815926738153,7.502467107002132e-09
1520,27/5/2018,15:34:11,51.545666,-0.023407,4.37,4.6,513,-0.029573683092198152,11.121951219512196,4.6267282957347655,3.6760467840253463,11.134248872091447,6.9276510395441216e-09
1521,27/5/2018,15:34:12,51.545673,-0.023418,4.7,4.6,510,-0.08897216480905573,11.129268292682928,4.903178555482093,3.7229202091166735,10.911016580781483,6.445715749469341e-09
1522,27/5/2018,15:34:12,51.545673,-0.023418,4.7,4.7,512,-0.04937317699781735,11.136585365853659,5.175661155908587,3.7936281206420976,10.705771033974175,5.969251905861299e-09
1523,27/5/2018,15:34:13,51.545681,-0.023433,5.0,4.7,509,-0.10877165871467494,11.14390243902439,5.448143756335148,3.8643360321675386,10.500525487166815,5.492788062253141e-09
1524,27/5/2018,15:34:13,51.545681,-0.023433,5.0,4.7,511,-0.06917267090343654,11.151219512195123,5.448034429059504,3.6755261044179632,10.177218851188131,5.12482891904239e-09
1525,27/5/2018,15:34:14,51.545692,-0.023445,5.43,4.7,511,-0.06917267090343654,11.158536585365855,5.36694926443712,3.4096241126485425,9.818841126955654,4.789102054479068e-09
1526,27/5/2018,15:34:14,51.545692,-0.023445,5.43,4.8,512,-0.04937317699781735,11.165853658536586,5.285864099814756,3.1437221208791866,9.460463402723262,4.453375189915828e-09
1527,27/5/2018,15:34:15,51.5457,-0.023456,4.94,4.8,510,-0.08897216480905573,11.173170731707318,5.3068478582427,3.2027293915598842,9.819374918099827,5.2049949467586284e-09
1528,27/5/2018,15:34:15,51.5457,-0.023456,4.94,5.0,512,-0.04937317699781735,11.18048780487805,5.396566115319742,3.480534652790015,10.661318043858028,6.688847616877945e-09
1529,27/5/2018,15:34:16,51.545712,-0.023469,4.85,5.0,510,-0.08897216480905573,11.187804878048782,5.486284372396784,3.7583399140201452,11.50326116961623,8.172700286997262e-09
1530,27/5/2018,15:34:16,51.545712,-0.023469,4.85,5.2,513,-0.029573683092198152,11.195121951219512,5.734028344973917,3.864420497332995,11.575260444331777,8.481491845017524e-09
1531,27/5/2018,15:34:17,51.545719,-0.02348,4.11,5.2,509,-0.10877165871467494,11.202439024390245,6.196284060366466,3.7373937042429413,10.602100728092072,7.1951986646260195e-09
1532,27/5/2018,15:34:18,51.545727,-0.023493,4.3,5.2,510,-0.08897216480905573,11.209756097560977,6.6585397757590155,3.610366911152887,9.628941011852366,5.908905484234515e-09
1533,27/5/2018,15:34:18,51.545727,-0.023493,4.3,4.8,511,-0.06917267090343654,11.217073170731709,6.854906456522201,3.6568592552557457,9.043104085056848,5.056733054813959e-09
1534,27/5/2018,15:34:19,51.545734,-0.023504,4.76,4.8,510,-0.08897216480905573,11.22439024390244,6.256971717380528,4.221712566162327,9.614332706473576,5.501427678926049e-09
1535,27/5/2018,15:34:19,51.545734,-0.023504,4.76,5.0,510,-0.08897216480905573,11.231707317073171,5.65903697823871,4.786565877069046,10.185561327890442,5.946122303038248e-09
1536,27/5/2018,15:34:20,51.545742,-0.023514,3.94,5.0,509,-0.10877165871467494,11.239024390243904,5.038732790365241,5.314375443499203,10.782198142856673,6.51334221246142e-09
1537,27/5/2018,15:34:21,51.54575,-0.023528,5.41,5.0,514,-0.009774189186578956,11.246341463414634,4.151786521224774,5.400626469812696,11.681698639914998,8.541053950498224e-09
1538,27/5/2018,15:34:21,51.54575,-0.023528,5.41,5.1,514,-0.009774189186578956,11.253658536585366,3.26484025208409,5.48687749612621,12.581199136973542,1.0568765688535522e-08
1539,27/5/2018,15:34:22,51.545761,-0.023538,4.43,5.1,512,-0.04937317699781735,11.260975609756098,2.377893982943407,5.573128522439724,13.480699634032085,1.2596477426572819e-08
1540,27/5/2018,15:34:23,51.545769,-0.023549,5.02,5.1,512,-0.04937317699781735,11.26829268292683,2.46701842414718,4.944374220834808,12.298051315128593,1.070418580052392e-08
1541,27/5/2018,15:34:23,51.545769,-0.023549,5.02,5.3,513,-0.029573683092198152,11.27560975609756,2.659789169877305,4.2396954404294664,10.894305254062557,8.395639636650959e-09
1542,27/5/2018,15:34:24,51.54578,-0.023559,4.17,5.3,511,-0.06917267090343654,11.282926829268293,2.852559915607477,3.535016660023953,9.49055919299618,6.087093472777436e-09
1543,27/5/2018,15:34:24,51.54578,-0.023559,4.17,5.2,512,-0.04937317699781735,11.290243902439025,3.2720802971275673,3.2697091911770637,8.793764786684132,4.903649242207598e-09
1544,27/5/2018,15:34:25,51.545788,-0.023571,4.91,5.2,511,-0.06917267090343654,11.297560975609757,3.7752066896093,3.16640455229033,8.357634118996573,4.135047065258095e-09
1545,27/5/2018,15:34:25,51.545788,-0.023571,4.91,5.1,512,-0.04937317699781735,11.304878048780488,4.278333082090912,3.063099913403621,7.92150345130912,3.3664448883087787e-09
1546,27/5/2018,15:34:26,51.545799,-0.023582,5.44,5.1,510,-0.08897216480905573,11.31219512195122,4.528584908512306,3.052114354644348,7.767199279315167,3.118406606258436e-09
1547,27/5/2018,15:34:26,51.545799,-0.023582,5.44,5.1,511,-0.06917267090343654,11.319512195121952,4.577895442478181,3.1144881517433074,7.836842423080008,3.2840231392271605e-09
1548,27/5/2018,15:34:27,51.545811,-0.023594,4.93,5.1,511,-0.06917267090343654,11.326829268292684,4.627205976444056,3.1768619488422667,7.90648556684485,3.4496396721958846e-09
1549,27/5/2018,15:34:27,51.545811,-0.023594,4.93,5.2,512,-0.04937317699781735,11.334146341463414,4.398843634884957,3.373894068679468,8.236231014238175,3.895754156736877e-09
1550,27/5/2018,15:34:28,51.545818,-0.023609,5.19,5.2,510,-0.08897216480905573,11.341463414634147,3.7247173545154655,3.7871007940625967,8.983533369701489,4.79216783411312e-09
1551,27/5/2018,15:34:28,51.545818,-0.023609,5.19,5.5,512,-0.04937317699781735,11.348780487804879,3.0505910741459736,4.200307519445726,9.730835725164802,5.688581511489362e-09
1552,27/5/2018,15:34:29,51.545826,-0.023621,3.98,5.5,512,-0.04937317699781735,11.356097560975611,2.3993201659673384,4.526360053814764,10.595525657312846,6.879835387361579e-09
1553,27/5/2018,15:34:29,51.545826,-0.023621,3.98,5.3,514,-0.009774189186578956,11.363414634146341,1.8338061607721259,4.525396539573052,11.900671992494894,9.177375439054374e-09
1554,27/5/2018,15:34:30,51.545834,-0.023631,4.37,5.3,513,-0.029573683092198152,11.370731707317074,1.2682921555767759,4.52443302533134,13.20581832767726,1.1474915490747723e-08
1555,27/5/2018,15:34:30,51.545834,-0.023631,4.37,5.3,514,-0.009774189186578956,11.378048780487806,0.7238157041933071,4.523429543373885,14.454811774294614,1.3748826626776676e-08
1556,27/5/2018,15:34:31,51.545841,-0.023643,4.22,5.3,513,-0.029573683092198152,11.385365853658538,0.7263156519180577,4.521386900807109,14.243830118223496,1.5408385955531993e-08
1557,27/5/2018,15:34:32,51.545849,-0.023654,5.06,5.3,514,-0.009774189186578956,11.392682926829268,0.7288155996428076,4.519344258240333,14.03284846215243,1.7067945284286905e-08
1558,27/5/2018,15:34:33,51.545856,-0.023666,4.2,5.3,513,-0.029573683092198152,11.4,0.7313155473675583,4.517301615673558,13.821866806081312,1.872750461304222e-08
1559,27/5/2018,15:34:34,51.545868,-0.023678,4.46,5.3,514,-0.009774189186578956,11.407317073170733,1.4954650914695888,4.426423580960195,12.699168182480012,1.5395703738233003e-08
1560,27/5/2018,15:34:35,51.545876,-0.023689,4.82,5.3,513,-0.029573683092198152,11.414634146341465,2.379868081384902,4.32151972378646,11.432522647499226,1.1275839340999751e-08
1561,27/5/2018,15:34:36,51.545887,-0.023699,5.22,5.3,511,-0.06917267090343654,11.421951219512195,3.2642710713000005,4.216615866612752,10.165877112518748,7.155974943767499e-09
1562,27/5/2018,15:34:36,51.545887,-0.023699,5.22,4.7,512,-0.04937317699781735,11.429268292682927,4.95818378392444,3.9856278294679446,9.217369022126723,5.018608755385851e-09
1563,27/5/2018,15:34:37,51.545898,-0.023709,5.52,4.7,509,-0.10877165871467494,11.43658536585366,7.015365314295379,3.6980593094583427,8.411625632558653,3.770891894629202e-09
1564,27/5/2018,15:34:37,51.545898,-0.023709,5.52,5.0,510,-0.08897216480905573,11.443902439024392,9.072546844666318,3.4104907894487404,7.6058822429905835,2.523175033872552e-09
1565,27/5/2018,15:34:38,51.54591,-0.023721,5.11,5.0,508,-0.12857115262029412,11.451219512195122,10.346976152916492,3.210230490065648,7.048117278035914,1.8299376375499066e-09
1566,27/5/2018,15:34:38,51.54591,-0.023721,5.11,5.1,509,-0.10877165871467494,11.458536585365854,10.889707274008096,3.0915838417857784,6.722156655012594,1.6550144758951246e-09
1567,27/5/2018,15:34:39,51.545921,-0.023731,5.13,5.1,508,-0.12857115262029412,11.465853658536586,11.432438395099698,2.972937193505909,6.396196031989276,1.4800913142403425e-09
1568,27/5/2018,15:34:39,51.545921,-0.023731,5.13,5.2,510,-0.08897216480905573,11.473170731707318,11.200477405292023,2.92447827747286,6.240859671925533,1.504489753815198e-09
1569,27/5/2018,15:34:40,51.545929,-0.02374,3.48,5.2,509,-0.10877165871467494,11.480487804878049,9.487667895399223,3.0101854358886597,6.411676997615788,1.909897750669887e-09
1570,27/5/2018,15:34:40,51.545929,-0.02374,3.48,5.1,510,-0.08897216480905573,11.487804878048781,7.774858385506005,3.0958925943044804,6.582494323306085,2.3153057475246747e-09
1571,27/5/2018,15:34:41,51.545933,-0.023749,3.59,5.1,511,-0.06917267090343654,11.495121951219513,6.143818749216821,3.202235323229786,7.009383389616862,3.0733103226960444e-09
1572,27/5/2018,15:34:41,51.545933,-0.023749,3.59,4.8,513,-0.029573683092198152,11.502439024390245,4.91181609611472,3.409279636241229,8.685902550153713,5.551986200049755e-09
1573,27/5/2018,15:34:42,51.545944,-0.023756,4.37,4.8,512,-0.04937317699781735,11.509756097560976,3.6798134430129186,3.6163239492526227,10.362421710690159,8.030662077402866e-09
1574,27/5/2018,15:34:43,51.545952,-0.023763,3.63,4.8,512,-0.04937317699781735,11.517073170731708,2.447810789910818,3.823368262264066,12.038940871227009,1.0509337954756576e-08
1575,27/5/2018,15:34:43,51.545952,-0.023763,3.63,4.6,514,-0.009774189186578956,11.52439024390244,2.191993282108373,4.352272344382814,12.86859668600108,1.1655124842127292e-08
1576,27/5/2018,15:34:44,51.545959,-0.023771,4.83,4.6,511,-0.06917267090343654,11.531707317073172,1.939433179613975,4.882250431494759,13.69542662581592,1.2796464048961265e-08
1577,27/5/2018,15:34:44,51.545959,-0.023771,4.83,4.5,513,-0.029573683092198152,11.539024390243902,1.6868730771196376,5.412228518606575,14.522256565630556,1.3937803255794962e-08
1578,27/5/2018,15:34:45,51.545971,-0.023778,4.57,4.5,512,-0.04937317699781735,11.546341463414635,1.4571368351078933,5.671269573077756,14.582021887512855,1.470406559722909e-08
1579,27/5/2018,15:34:45,51.545971,-0.023778,4.57,4.5,513,-0.029573683092198152,11.553658536585367,1.2322998022228886,5.872153192521929,14.47713452148417,1.538981658066607e-08
1580,27/5/2018,15:34:46,51.545982,-0.023789,5.72,4.5,513,-0.029573683092198152,11.560975609756099,1.007462769337884,6.0730368119661025,14.372247155455485,1.607556756410305e-08
1581,27/5/2018,15:34:46,51.545982,-0.023789,5.72,4.6,514,-0.009774189186578956,11.56829268292683,0.821013197271593,8.265563622739098,15.606532888618172,2.3849333307777052e-08
1582,27/5/2018,15:34:47,51.54599,-0.023801,3.82,4.6,512,-0.04937317699781735,11.575609756097561,0.6552440995611591,11.531048244891583,17.562271261401413,3.5441624798070995e-08
1583,27/5/2018,15:34:48,51.545998,-0.023813,3.78,4.6,514,-0.009774189186578956,11.582926829268294,0.48947500185072523,14.79653286704407,19.518009634184654,4.703391628836494e-08
1584,27/5/2018,15:34:49,51.546001,-0.023828,3.93,4.6,516,0.029824798624659435,11.590243902439026,0.5022403060391013,15.224052462808729,19.189838284896,4.7137225408171786e-08
1585,27/5/2018,15:34:50,51.546009,-0.023843,4.57,4.6,514,-0.009774189186578956,11.597560975609756,0.711155557491058,12.533592081933406,16.352409522052472,3.46179628436678e-08
1586,27/5/2018,15:34:51,51.546021,-0.023855,4.83,4.6,513,-0.029573683092198152,11.604878048780488,0.9200708089430653,9.843131701057432,13.514980759208257,2.2098700279160766e-08
1587,27/5/2018,15:34:52,51.546024,-0.023869,3.87,4.6,512,-0.04937317699781735,11.61219512195122,1.1180744996271919,7.856327644411058,11.741448867527485,1.3608768626179736e-08
1588,27/5/2018,15:34:53,51.546032,-0.023881,3.76,4.6,512,-0.04937317699781735,11.619512195121953,1.2909897638076289,7.487406707314007,12.414083846699745,1.4383283607674003e-08
1589,27/5/2018,15:34:54,51.54604,-0.02389,4.22,4.6,511,-0.06917267090343654,11.626829268292683,1.463905027988024,7.118485770217047,13.086718825871841,1.515779858916808e-08
1590,27/5/2018,15:34:55,51.546047,-0.023902,4.46,4.6,513,-0.029573683092198152,11.634146341463415,1.653679892761505,6.755602990823011,13.71981371710271,1.56911447568304e-08
1591,27/5/2018,15:34:55,51.546047,-0.023902,4.46,3.8,515,0.01002530471904024,11.641463414634147,1.9565791405351451,6.433234982869819,14.08760291337023,1.460629877853673e-08
1592,27/5/2018,15:34:56,51.546055,-0.023912,4.28,3.8,512,-0.04937317699781735,11.64878048780488,2.2594783883087852,6.110866974916627,14.45539210963775,1.3521452800243058e-08
1593,27/5/2018,15:34:56,51.546055,-0.023912,4.28,3.9,513,-0.029573683092198152,11.65609756097561,2.562377636082352,5.788498966963513,14.82318130590518,1.243660682194965e-08
1594,27/5/2018,15:34:57,51.546066,-0.023925,5.2,3.9,510,-0.08897216480905573,11.663414634146342,3.5411493627627317,5.236200050268431,13.466581992514104,9.792266702743837e-09
1595,27/5/2018,15:34:57,51.546066,-0.023925,5.2,4.2,512,-0.04937317699781735,11.670731707317074,4.550797970000251,4.673396860315913,12.031204892323723,7.076681909696011e-09
1596,27/5/2018,15:34:58,51.546074,-0.023937,4.39,4.2,509,-0.10877165871467494,11.678048780487806,5.560446577237771,4.110593670363393,10.595827792133342,4.361097116648184e-09
1597,27/5/2018,15:34:58,51.546074,-0.023937,4.39,4.2,511,-0.06917267090343654,11.685365853658537,5.956379584877245,3.681095702089146,9.650388654492174,3.4712191621057586e-09
1598,27/5/2018,15:34:59,51.546082,-0.02395,4.44,4.2,510,-0.08897216480905573,11.692682926829269,6.182145455806746,3.2885597531871795,8.840796381924996,3.0875615242439202e-09
1599,27/5/2018,15:34:59,51.546082,-0.02395,4.44,4.1,511,-0.06917267090343654,11.700000000000001,6.407911326736246,2.896023804285214,8.031204109357818,2.7039038863820823e-09
1600,27/5/2018,15:35:0,51.546089,-0.023961,4.17,4.1,510,-0.08897216480905573,11.707317073170733,6.352952426526558,2.7851727798325108,7.783583285258467,2.680727649347483e-09
1601,27/5/2018,15:35:0,51.546089,-0.023961,4.17,4.2,512,-0.04937317699781735,11.714634146341464,6.118154219806014,2.8547761601049704,7.895975420333532,2.888484809717617e-09
1602,27/5/2018,15:35:1,51.546097,-0.02397,3.41,4.2,510,-0.08897216480905573,11.721951219512196,5.883356013085412,2.924379540377447,8.008367555408626,3.096241970087802e-09
1603,27/5/2018,15:35:1,51.546097,-0.02397,3.41,4.1,511,-0.06917267090343654,11.729268292682928,5.566440049649692,2.9809100561478368,8.189389313951521,3.347420015253053e-09
1604,27/5/2018,15:35:2,51.546104,-0.023981,4.32,4.1,510,-0.08897216480905573,11.73658536585366,5.1433545082079695,3.020538740170299,8.459141920166804,3.6547366740354825e-09
1605,27/5/2018,15:35:2,51.546104,-0.023981,4.32,4.0,512,-0.04937317699781735,11.74390243902439,4.720268966766349,3.0601674241927515,8.728894526382023,3.962053332817838e-09
1606,27/5/2018,15:35:3,51.546116,-0.023991,4.43,4.0,511,-0.06917267090343654,11.751219512195123,4.283969175343012,3.16220621309921,8.932169887245596,4.292016673724724e-09
1607,27/5/2018,15:35:3,51.546116,-0.023991,4.43,4.1,513,-0.029573683092198152,11.758536585365855,3.8105888907319474,3.439373932684009,8.948903518776616,4.6855288458864235e-09
1608,27/5/2018,15:35:4,51.546127,-0.024002,4.35,4.1,511,-0.06917267090343654,11.765853658536587,3.337208606120883,3.7165416522688073,8.965637150307638,5.0790410180481224e-09
1609,27/5/2018,15:35:5,51.546135,-0.024014,4.8,4.1,511,-0.06917267090343654,11.773170731707317,2.8658638914319803,3.952854891666935,8.967321698435002,5.4305043024639774e-09
1610,27/5/2018,15:35:5,51.546135,-0.024014,4.8,4.3,512,-0.04937317699781735,11.78048780487805,2.415267523968674,3.7727427695695863,8.815612543646104,5.353367756456661e-09
1611,27/5/2018,15:35:6,51.546146,-0.024027,4.94,4.3,513,-0.029573683092198152,11.787804878048782,1.9646711565053676,3.592630647472238,8.663903388857205,5.276231210449345e-09
1612,27/5/2018,15:35:6,51.546146,-0.024027,4.94,4.5,514,-0.009774189186578956,11.795121951219512,1.5140747890421706,3.412518525374933,8.512194234068344,5.199094664442047e-09
1613,27/5/2018,15:35:7,51.546154,-0.02404,4.69,4.5,513,-0.029573683092198152,11.802439024390244,1.3930751166828883,4.279012672494936,9.832006965105839,8.165667308842185e-09
1614,27/5/2018,15:35:7,51.546154,-0.02404,4.69,4.5,513,-0.029573683092198152,11.809756097560976,1.3023206601146478,5.241547929647141,11.286852897747535,1.1411543849903049e-08
1615,27/5/2018,15:35:8,51.546165,-0.024051,4.72,4.5,512,-0.04937317699781735,11.817073170731708,1.2115662035464074,6.2040831867993464,12.74169883038923,1.4657420390963912e-08
1616,27/5/2018,15:35:8,51.546165,-0.024051,4.72,4.6,513,-0.029573683092198152,11.824390243902439,1.0548766233117952,8.774161511099415,14.098223715765428,2.1606643332229025e-08
1617,27/5/2018,15:35:9,51.546173,-0.024061,4.35,4.6,511,-0.06917267090343654,11.831707317073171,0.8753272068385705,11.901578158558376,15.420660501896727,2.983982370825756e-08
1618,27/5/2018,15:35:10,51.546181,-0.024073,4.09,4.6,514,-0.009774189186578956,11.839024390243903,0.6957777903653459,15.028994806017337,16.743097288028025,3.807300408428609e-08
1619,27/5/2018,15:35:10,51.546181,-0.024073,4.09,4.5,516,0.029824798624659435,11.846341463414635,0.5479496704838669,16.784093279111765,17.55720740555489,4.554834691378627e-08
1620,27/5/2018,15:35:11,51.546188,-0.024084,3.32,4.5,515,0.01002530471904024,11.853658536585366,0.42413368746467356,17.50038516603462,17.9865284113894,5.245002785547498e-08
1621,27/5/2018,15:35:12,51.5462,-0.024093,4.43,4.5,514,-0.009774189186578956,11.860975609756098,0.30031770444545014,18.216677052957643,18.415849417224017,5.9351708797165365e-08
1622,27/5/2018,15:35:12,51.5462,-0.024093,4.43,4.7,515,0.01002530471904024,11.86829268292683,0.45292937295183733,17.180866102811148,17.842281641376637,5.7175062348291895e-08
1623,27/5/2018,15:35:13,51.546207,-0.024105,4.0,4.7,514,-0.009774189186578956,11.875609756097562,1.027573632423597,13.470053227621278,15.737565484940623,4.113818878709351e-08
1624,27/5/2018,15:35:13,51.546207,-0.024105,4.0,4.9,513,-0.029573683092198152,11.882926829268293,1.6022178918952168,9.759240352432307,13.632849328505117,2.5101315225899007e-08
1625,27/5/2018,15:35:14,51.546219,-0.024115,4.67,4.9,510,-0.08897216480905573,11.890243902439025,2.2333348546540672,6.63951051145899,11.761717844234033,1.2049592067271627e-08
1626,27/5/2018,15:35:14,51.546219,-0.024115,4.67,4.7,512,-0.04937317699781735,11.897560975609757,3.061933520817944,5.5867630824570815,10.707418143522705,9.436763314371806e-09
1627,27/5/2018,15:35:15,51.54623,-0.024125,4.56,4.7,511,-0.06917267090343654,11.904878048780489,3.890532186981821,4.534015653455173,9.65311844281138,6.823934561471983e-09
1628,27/5/2018,15:35:15,51.54623,-0.024125,4.56,4.2,511,-0.06917267090343654,11.91219512195122,4.668496348508996,3.5466199848483124,8.70224417558952,4.353907408385826e-09
1629,27/5/2018,15:35:16,51.546238,-0.024136,4.43,4.2,510,-0.08897216480905573,11.919512195121952,4.463307211675293,3.828137663909793,9.75954707528776,4.6566113183420585e-09
1630,27/5/2018,15:35:16,51.546238,-0.024136,4.43,4.0,512,-0.04937317699781735,11.926829268292684,4.258118074841589,4.109655342971273,10.816849974985999,4.95931522829829e-09
1631,27/5/2018,15:35:17,51.546249,-0.024147,4.61,4.0,510,-0.08897216480905573,11.934146341463416,4.052928938007886,4.391173022032754,11.87415287468424,5.262019138254521e-09
1632,27/5/2018,15:35:17,51.546249,-0.024147,4.61,4.6,513,-0.029573683092198152,11.941463414634146,3.3016353465797974,5.800180797258704,14.049622606298037,8.799894816900725e-09
1633,27/5/2018,15:35:18,51.546257,-0.02416,4.35,4.6,511,-0.06917267090343654,11.948780487804878,2.472744385308575,7.369396505693158,16.38397550480894,1.2797464274143593e-08
1634,27/5/2018,15:35:18,51.546257,-0.02416,4.35,5.0,514,-0.009774189186578956,11.95609756097561,1.6438534240373528,8.938612214127613,18.718328403319845,1.679503373138646e-08
1635,27/5/2018,15:35:19,51.546268,-0.024171,4.26,5.0,512,-0.04937317699781735,11.963414634146343,1.1352228896880554,14.039962203663675,21.109917040221443,3.808239165749498e-08
1636,27/5/2018,15:35:19,51.546268,-0.024171,4.26,5.1,515,0.01002530471904024,11.970731707317073,0.7624186289740997,20.639332544923697,23.525780037645504,6.670255545736212e-08
1637,27/5/2018,15:35:20,51.54628,-0.024179,4.63,5.1,515,0.01002530471904024,11.978048780487805,0.3896143682600537,27.238702886185322,25.941643035070157,9.532271925723622e-08
1638,27/5/2018,15:35:20,51.54628,-0.024179,4.63,5.5,516,0.029824798624659435,11.985365853658537,0.19302400506013298,33.205528799101764,27.44375034469636,1.2940520274717068e-07
1639,27/5/2018,15:35:21,51.546291,-0.024187,4.46,5.5,513,-0.029573683092198152,11.99268292682927,0.15345443046840207,38.608706632215004,28.13162767179903,1.6835505343948242e-07
1640,27/5/2018,15:35:21,51.546291,-0.024187,4.46,5.5,515,0.01002530471904024,12.0,0.11388485587668079,44.01188446532692,28.819504998901532,2.073049041317847e-07
1641,27/5/2018,15:35:22,51.546299,-0.024192,3.67,5.5,514,-0.009774189186578956,12.007317073170732,0.0978695748472526,45.496471854455585,28.14459673683925,2.1978835717271664e-07
1642,27/5/2018,15:35:22,51.546299,-0.024192,3.67,5.2,515,0.01002530471904024,12.014634146341464,0.12457462888787632,39.87392625627852,24.998009294767915,1.8426980273363114e-07
1643,27/5/2018,15:35:23,51.546307,-0.024203,4.69,5.2,513,-0.029573683092198152,12.021951219512196,0.15127968292850003,34.25138065810145,21.85142185269658,1.4875124829454563e-07
1644,27/5/2018,15:35:24,51.546318,-0.024209,4.37,5.2,514,-0.009774189186578956,12.029268292682927,0.18756928230727174,29.46444928941934,19.123482571381842,1.1597258423170316e-07
1645,27/5/2018,15:35:25,51.546329,-0.024221,4.44,5.2,516,0.029824798624659435,12.036585365853659,0.26693361160692597,28.4329237311911,18.277026012532275,9.550749726669194e-08
1646,27/5/2018,15:35:25,51.546329,-0.024221,4.44,5.6,516,0.029824798624659435,12.043902439024391,0.3462979409065803,27.40139817296286,17.430569453682708,7.504241030168069e-08
1647,27/5/2018,15:35:26,51.546337,-0.024233,4.44,5.6,515,0.01002530471904024,12.051219512195123,0.42492393979223375,26.390574278561726,16.604053124272866,5.481248176091185e-08
1648,27/5/2018,15:35:26,51.546337,-0.024233,4.44,5.1,514,-0.009774189186578956,12.058536585365854,0.41860308157416387,27.761531285480192,18.07171266614145,6.163814876660127e-08
1649,27/5/2018,15:35:27,51.546345,-0.024246,4.61,5.1,511,-0.06917267090343654,12.065853658536586,0.4122822233560925,29.13248829239899,19.53937220801039,6.846381577229234e-08
1650,27/5/2018,15:35:27,51.546345,-0.024246,4.61,4.7,515,0.01002530471904024,12.073170731707318,0.4059613651380211,30.50344529931779,21.00703174987933,7.528948277798341e-08
1651,27/5/2018,15:35:28,51.546352,-0.024261,4.24,4.7,515,0.01002530471904024,12.08048780487805,0.38658490263226225,29.108898641720266,21.321208363320732,7.773689000743556e-08
1652,27/5/2018,15:35:28,51.546352,-0.024261,4.24,4.5,516,0.029824798624659435,12.08780487804878,0.3646327643484867,27.16875940596553,21.407820018936707,7.932053195976553e-08
1653,27/5/2018,15:35:29,51.54636,-0.024272,4.17,4.5,514,-0.009774189186578956,12.095121951219513,0.34268062606470573,25.228620170210327,21.494431674552704,8.090417391209589e-08
1654,27/5/2018,15:35:30,51.546368,-0.024286,4.3,4.5,516,0.029824798624659435,12.102439024390245,0.45152393984044514,25.024463083424223,21.030545943922604,7.695802160304125e-08
1655,27/5/2018,15:35:30,51.546368,-0.024286,4.3,4.8,517,0.04962429253027863,12.109756097560977,0.6271990092710228,25.707330223965748,20.28537591611768,7.018634399414488e-08
1656,27/5/2018,15:35:31,51.546375,-0.024299,4.76,4.8,514,-0.009774189186578956,12.117073170731707,0.8028740787015578,26.390197364507106,19.540205888312936,6.341466638525015e-08
1657,27/5/2018,15:35:32,51.546383,-0.024311,4.13,4.8,512,-0.04937317699781735,12.12439024390244,0.8700636554532065,26.929498250105723,20.349007171136098,6.406006917439066e-08
1658,27/5/2018,15:35:33,51.546394,-0.02432,4.17,4.8,510,-0.08897216480905573,12.131707317073172,0.8236305434938177,27.31843447871683,22.785366149769708,7.247377900994022e-08
1659,27/5/2018,15:35:34,51.546402,-0.024327,3.91,4.8,517,0.04962429253027863,12.139024390243904,0.7771974315344289,27.707370707327943,25.221725128403317,8.088748884548978e-08
1660,27/5/2018,15:35:35,51.54641,-0.024337,4.63,4.8,513,-0.029573683092198152,12.146341463414634,0.6957054731163506,28.606724118185564,27.110664618590672,8.89089058026388e-08
1661,27/5/2018,15:35:35,51.54641,-0.024337,4.63,4.8,513,-0.029573683092198152,12.153658536585366,0.5379891225176517,30.61581853324655,27.809413272815302,9.607740575785909e-08
1662,27/5/2018,15:35:36,51.546421,-0.024351,5.24,4.8,513,-0.029573683092198152,12.160975609756099,0.38027277191895287,32.62491294830754,28.508161927039932,1.0324590571307937e-07
1663,27/5/2018,15:35:36,51.546421,-0.024351,5.24,4.6,516,0.029824798624659435,12.16829268292683,0.2550405290108491,33.52583054459057,28.721154879136922,1.06806914189991e-07
1664,27/5/2018,15:35:37,51.546429,-0.024366,4.56,4.6,513,-0.029573683092198152,12.175609756097561,0.3266543517025506,27.711456810015278,25.990582327842596,8.850737131811501e-08
1665,27/5/2018,15:35:37,51.546429,-0.024366,4.56,4.1,515,0.01002530471904024,12.182926829268293,0.3982681743942694,21.897083075438577,23.260009776547605,7.020782844623456e-08
1666,27/5/2018,15:35:38,51.546436,-0.024379,4.24,4.1,515,0.01002530471904024,12.190243902439025,0.4698819970859883,16.08270934086187,20.529437225252614,5.1908285574354134e-08
1667,27/5/2018,15:35:38,51.546436,-0.024379,4.24,4.1,517,0.04962429253027863,12.197560975609758,0.5452476627074347,13.614076100021876,17.566936570818957,3.964837232397674e-08
1668,27/5/2018,15:35:39,51.546444,-0.024391,4.69,4.1,517,0.04962429253027863,12.204878048780488,0.6207363395724594,11.255139268812314,14.596831716283173,2.7586479716928707e-08
1669,27/5/2018,15:35:39,51.546444,-0.024391,4.69,4.4,516,0.029824798624659435,12.21219512195122,0.6962250164375026,8.896202437602177,11.626726861746668,1.5524587109877742e-08
1670,27/5/2018,15:35:40,51.546455,-0.024402,4.5,4.4,515,0.01002530471904024,12.219512195121952,0.6433212207686928,10.879357884926703,13.492723324793198,2.0436305672367994e-08
1671,27/5/2018,15:35:40,51.546455,-0.024402,4.5,4.4,515,0.01002530471904024,12.226829268292684,0.5572815207202133,13.983133191887395,16.606834943403648,2.9728623389869572e-08
1672,27/5/2018,15:35:41,51.546463,-0.024412,4.35,4.4,514,-0.009774189186578956,12.234146341463415,0.4712418206717548,17.086908498847336,19.72094656201334,3.902094110736889e-08
1673,27/5/2018,15:35:41,51.546463,-0.024412,4.35,4.6,515,0.01002530471904024,12.241463414634147,0.7671471144606729,15.976840662345237,19.499885316836423,3.601021795762572e-08
1674,27/5/2018,15:35:42,51.546471,-0.024419,3.24,4.6,512,-0.04937317699781735,12.24878048780488,1.2956941656246301,12.300131319827528,17.24737847425667,2.5505742842039934e-08
1675,27/5/2018,15:35:42,51.546471,-0.024419,3.24,4.5,513,-0.029573683092198152,12.256097560975611,1.824241216788587,8.623421977309818,14.994871631676922,1.5001267726454143e-08
1676,27/5/2018,15:35:43,51.546482,-0.024429,4.94,4.5,511,-0.06917267090343654,12.263414634146342,2.2056096637303417,6.863057063611017,13.635838157904127,9.447512001711832e-09
1677,27/5/2018,15:35:43,51.546482,-0.024429,4.94,4.8,512,-0.04937317699781735,12.270731707317074,2.405686246969456,7.463209528324739,13.377368540241948,9.991960222974865e-09
1678,27/5/2018,15:35:44,51.54649,-0.02444,4.54,4.8,509,-0.10877165871467494,12.278048780487806,2.6057628302085707,8.063361993038459,13.11889892257977,1.0536408444237899e-08
1679,27/5/2018,15:35:45,51.546501,-0.024452,4.35,4.8,512,-0.04937317699781735,12.285365853658538,2.570056931359687,9.2855723051712,13.222919510673963,1.3353878811388816e-08
1680,27/5/2018,15:35:46,51.546509,-0.024463,4.13,4.8,513,-0.029573683092198152,12.292682926829269,1.9117399433218294,12.15039877135517,14.284137681165625,2.2173528736025215e-08
1681,27/5/2018,15:35:47,51.546516,-0.024472,4.3,4.8,516,0.029824798624659435,12.3,1.2534229552838125,15.015225237539834,15.345355851657542,3.099317866066376e-08
1682,27/5/2018,15:35:47,51.546516,-0.024472,4.3,4.7,516,0.029824798624659435,12.307317073170733,0.6816648621248727,17.309054475265057,16.167011995361435,3.809234795064634e-08
1683,27/5/2018,15:35:48,51.546528,-0.024483,4.83,4.7,514,-0.009774189186578956,12.314634146341463,0.8779554705408038,14.536348603759143,14.863002095405545,2.992546146001691e-08
1684,27/5/2018,15:35:48,51.546528,-0.024483,4.83,4.9,515,0.01002530471904024,12.321951219512195,1.0742460789567825,11.763642732252553,13.558992195449337,2.175857496938551e-08
1685,27/5/2018,15:35:49,51.546539,-0.024494,4.35,4.9,513,-0.029573683092198152,12.329268292682928,1.2705366873727613,8.990936860745965,12.254982295493129,1.3591688478754103e-08
1686,27/5/2018,15:35:49,51.546539,-0.024494,4.35,5.0,512,-0.04937317699781735,12.33658536585366,2.1618055680699393,7.560182016402257,10.847302151172357,1.014274378450889e-08
1687,27/5/2018,15:35:50,51.546547,-0.024505,4.33,5.0,510,-0.08897216480905573,12.34390243902439,3.107083024178729,6.233713688832447,9.431565521586066,7.060442660951055e-09
1688,27/5/2018,15:35:50,51.546547,-0.024505,4.33,5.1,511,-0.06917267090343654,12.351219512195122,4.052360480287748,4.907245361262315,8.01582889199943,3.978141537392473e-09
1689,27/5/2018,15:35:51,51.546555,-0.024515,3.63,5.1,510,-0.08897216480905573,12.358536585365854,3.9072422258692048,4.506086279507313,7.934988956848789,3.9189304221300604e-09
1690,27/5/2018,15:35:51,51.546555,-0.024515,3.63,5.2,511,-0.06917267090343654,12.365853658536587,3.4073248061736914,4.406009589097588,8.28850530936891,4.843389547996607e-09
1691,27/5/2018,15:35:52,51.546562,-0.024526,4.48,5.2,512,-0.04937317699781735,12.373170731707317,2.9074073864783,4.305932898687887,8.642021661888945,5.767848673862928e-09
1692,27/5/2018,15:35:52,51.546562,-0.024526,4.48,5.2,514,-0.009774189186578956,12.38048780487805,2.4385678939884343,4.350930573674911,9.767215200809867,7.249491626753531e-09
1693,27/5/2018,15:35:53,51.546574,-0.024539,4.74,5.2,513,-0.029573683092198152,12.387804878048781,1.992131350584632,4.500507090106858,11.448682798918096,9.132788165669947e-09
1694,27/5/2018,15:35:53,51.546574,-0.024539,4.74,5.1,514,-0.009774189186578956,12.395121951219513,1.5456948071808299,4.6500836065388045,13.130150397026327,1.1016084704586362e-08
1695,27/5/2018,15:35:54,51.546581,-0.02455,5.06,5.1,512,-0.04937317699781735,12.402439024390244,1.3389048841213995,4.742861703843984,13.888467305264879,1.192940365211475e-08
1696,27/5/2018,15:35:54,51.546581,-0.02455,5.06,5.0,513,-0.029573683092198152,12.409756097560976,1.4802556575798427,4.753127303507907,13.305699896518874,1.1433611660430687e-08
1697,27/5/2018,15:35:55,51.546593,-0.024558,4.63,5.0,511,-0.06917267090343654,12.417073170731708,1.6216064310382856,4.7633929031718285,12.72293248777287,1.0937819668746625e-08
1698,27/5/2018,15:35:55,51.546593,-0.024558,4.63,5.0,513,-0.029573683092198152,12.42439024390244,1.7577135443642145,4.796410907197077,12.228391699471947,1.04713282227921e-08
1699,27/5/2018,15:35:56,51.546604,-0.024565,4.17,5.0,513,-0.029573683092198152,12.43170731707317,1.8766857295796806,4.903777897086855,12.02215273862535,1.0100583398850588e-08
1700,27/5/2018,15:35:56,51.546604,-0.024565,4.17,5.1,513,-0.029573683092198152,12.439024390243903,1.9956579147951758,5.01114488697666,11.8159137777787,9.729838574908986e-09
1701,27/5/2018,15:35:57,51.546612,-0.024575,3.98,5.1,511,-0.06917267090343654,12.446341463414635,2.100209597708268,5.128716019009626,11.649317237031445,9.419400784174624e-09
1702,27/5/2018,15:35:58,51.546619,-0.02459,4.8,5.1,511,-0.06917267090343654,12.453658536585367,1.9824780044372727,5.403577798668089,12.093784501883436,1.003855924724165e-08
1703,27/5/2018,15:35:59,51.546627,-0.024602,4.32,5.1,514,-0.009774189186578956,12.460975609756098,1.864746411166306,5.678439578326486,12.538251766735318,1.0657717710308525e-08
1704,27/5/2018,15:36:0,51.546638,-0.024613,4.85,5.1,512,-0.04937317699781735,12.46829268292683,1.7470148178953107,5.95330135798495,12.982719031587308,1.127687617337555e-08
1705,27/5/2018,15:36:0,51.546638,-0.024613,4.85,5.0,512,-0.04937317699781735,12.475609756097562,1.4216470997751673,6.143030775406364,12.989621313094707,1.3026931577703111e-08
1706,27/5/2018,15:36:1,51.546646,-0.024624,4.15,5.0,513,-0.029573683092198152,12.482926829268294,1.069966781265379,6.321971830112006,12.9410733565493,1.4920299420166756e-08
1707,27/5/2018,15:36:1,51.546646,-0.024624,4.15,5.0,514,-0.009774189186578956,12.490243902439024,0.7182864627556764,6.500912884817605,12.892525400003905,1.6813667262629944e-08
1708,27/5/2018,15:36:2,51.546654,-0.024634,4.19,5.0,514,-0.009774189186578956,12.497560975609757,0.6247916309526419,6.859650489468427,13.909306878226882,1.9253527977559665e-08
1709,27/5/2018,15:36:2,51.546654,-0.024634,4.19,5.1,515,0.01002530471904024,12.504878048780489,0.634647509429559,7.290359998426265,15.352535850342132,2.1912147799566738e-08
1710,27/5/2018,15:36:3,51.546665,-0.024644,4.3,5.1,513,-0.029573683092198152,12.51219512195122,0.6445033879064761,7.721069507384104,16.795764822457382,2.4570767621573808e-08
1711,27/5/2018,15:36:3,51.546665,-0.024644,4.3,5.0,513,-0.029573683092198152,12.519512195121951,0.9146067112791868,7.703541740582596,17.17292748945868,2.405000621543863e-08
1712,27/5/2018,15:36:4,51.546673,-0.024655,4.37,5.0,512,-0.04937317699781735,12.526829268292683,1.4057421111388475,7.305319301218363,16.644663979514085,2.082894842375787e-08
1713,27/5/2018,15:36:4,51.546673,-0.024655,4.37,4.9,514,-0.009774189186578956,12.534146341463416,1.8968775109985085,6.90709686185413,16.116400469569495,1.7607890632077107e-08
1714,27/5/2018,15:36:5,51.546684,-0.024665,4.7,4.9,510,-0.08897216480905573,12.541463414634148,2.3325351378767776,6.353145565844293,15.314509345283358,1.4599058772727471e-08
1715,27/5/2018,15:36:5,51.546684,-0.024665,4.7,5.4,512,-0.04937317699781735,12.548780487804878,2.672647711287116,5.530994572278628,14.041370662965386,1.195572713017058e-08
1716,27/5/2018,15:36:6,51.546692,-0.024679,4.43,5.4,511,-0.06917267090343654,12.55609756097561,3.012760284697537,4.708843578712763,12.768231980647105,9.312395487613046e-09
1717,27/5/2018,15:36:6,51.546692,-0.024679,4.43,5.4,513,-0.029573683092198152,12.563414634146342,3.3242836307234804,3.9818027309782154,11.578017265729464,6.956676833168982e-09
1718,27/5/2018,15:36:7,51.5467,-0.024692,4.61,5.4,511,-0.06917267090343654,12.570731707317075,3.5169934456396033,3.650028677921868,10.732424993664369,5.796244579831424e-09
1719,27/5/2018,15:36:7,51.5467,-0.024692,4.61,5.4,512,-0.04937317699781735,12.578048780487805,3.7097032605556794,3.3182546248656,9.886832721599479,4.635812326494149e-09
1720,27/5/2018,15:36:8,51.546707,-0.024703,3.85,5.4,511,-0.06917267090343654,12.585365853658537,3.8979190736100433,3.003766238601875,9.072204459314227,3.5136223766201545e-09
1721,27/5/2018,15:36:8,51.546707,-0.024703,3.85,5.4,512,-0.04937317699781735,12.59268292682927,3.8720419597357676,3.5127619343178984,9.732692515876867,4.213284516011441e-09
1722,27/5/2018,15:36:9,51.546719,-0.024711,4.41,5.4,510,-0.08897216480905573,12.600000000000001,3.846164845861492,4.021757630033922,10.393180572439507,4.912946655402728e-09
1723,27/5/2018,15:36:9,51.546719,-0.024711,4.41,5.6,512,-0.04937317699781735,12.607317073170732,3.820287731987222,4.5307533257498225,11.053668629001987,5.612608794793844e-09
1724,27/5/2018,15:36:10,51.546726,-0.02472,4.39,5.6,510,-0.08897216480905573,12.614634146341464,3.253039665043162,5.271283764983337,12.745900725737785,8.421478202630309e-09
1725,27/5/2018,15:36:10,51.546726,-0.02472,4.39,5.5,513,-0.029573683092198152,12.621951219512196,2.588124568557006,6.053584658481009,14.624266517087385,1.1610863054506646e-08
1726,27/5/2018,15:36:11,51.546738,-0.024728,4.07,5.5,513,-0.029573683092198152,12.629268292682928,1.9232094720708495,6.835885551978681,16.502632308436986,1.4800247906382985e-08
1727,27/5/2018,15:36:11,51.546738,-0.024728,4.07,5.4,515,0.01002530471904024,12.636585365853659,1.5603879065218609,8.662616648985646,18.192686460221747,2.053544124043127e-08
1728,27/5/2018,15:36:12,51.546745,-0.024737,3.93,5.4,512,-0.04937317699781735,12.64390243902439,1.3438346469547442,10.995042244348866,19.79156347084029,2.7503269688801086e-08
1729,27/5/2018,15:36:12,51.546745,-0.024737,3.93,5.3,514,-0.009774189186578956,12.651219512195123,1.1272813873876277,13.327467839712089,21.39044048145884,3.44710981371709e-08
1730,27/5/2018,15:36:13,51.546753,-0.02475,5.3,5.3,510,-0.08897216480905573,12.658536585365855,1.0601772272323489,14.931421674247037,20.980451084939443,3.6589575069834186e-08
1731,27/5/2018,15:36:14,51.546764,-0.024764,4.74,5.3,513,-0.029573683092198152,12.665853658536586,1.1422964125621788,15.808004158468856,18.564629822684616,3.386602579119942e-08
1732,27/5/2018,15:36:14,51.546764,-0.024764,4.74,5.4,515,0.01002530471904024,12.673170731707318,1.2244155978920286,16.68458664269089,16.148808560429202,3.114247651256399e-08
1733,27/5/2018,15:36:15,51.546772,-0.024777,4.33,5.4,515,0.01002530471904024,12.68048780487805,1.3359061627103783,16.287791319238572,14.329836076176948,2.7711594688496504e-08
1734,27/5/2018,15:36:15,51.546772,-0.024777,4.33,5.3,517,0.04962429253027863,12.687804878048782,1.507850440650671,13.270063032418452,13.739329037911414,2.2824843935967337e-08
1735,27/5/2018,15:36:16,51.546783,-0.024788,4.85,5.3,518,0.06942378643589782,12.695121951219512,1.679794718590922,10.252334745599063,13.148821999646023,1.7938093183439363e-08
1736,27/5/2018,15:36:16,51.546783,-0.024788,4.85,5.4,518,0.06942378643589782,12.702439024390245,1.7833825649193327,7.714771699280901,12.917191537275508,1.4222122445176548e-08
1737,27/5/2018,15:36:17,51.546795,-0.024799,5.04,5.4,515,0.01002530471904024,12.709756097560977,1.5102699579068413,7.823316115134438,14.663267717063668,1.6958117553240006e-08
1738,27/5/2018,15:36:17,51.546795,-0.024799,5.04,5.6,517,0.04962429253027863,12.717073170731709,1.2371573508943499,7.931860530987976,16.409343896851826,1.9694112661303464e-08
1739,27/5/2018,15:36:18,51.546803,-0.02481,4.59,5.6,515,0.01002530471904024,12.72439024390244,0.964044743881925,8.040404946841486,18.15542007663956,2.243010776936626e-08
1740,27/5/2018,15:36:18,51.546803,-0.02481,4.59,5.9,516,0.029824798624659435,12.731707317073171,0.8594093684038796,12.039391508769853,18.398927281534675,2.9557603716217306e-08
1741,27/5/2018,15:36:19,51.546814,-0.024819,4.43,5.9,515,0.01002530471904024,12.739024390243904,0.7581778358207941,16.1169789221994,18.612077216887812,3.6773823692969455e-08
1742,27/5/2018,15:36:19,51.546814,-0.024819,4.43,5.9,516,0.029824798624659435,12.746341463414636,0.6569463032377086,20.194566335628945,18.82522715224095,4.3990043669721604e-08
1743,27/5/2018,15:36:20,51.546822,-0.024829,4.44,5.9,512,-0.04937317699781735,12.753658536585366,0.730009555291362,18.30961818488697,18.22062066390136,3.91305438999119e-08
1744,27/5/2018,15:36:20,51.546822,-0.024829,4.44,5.8,512,-0.04937317699781735,12.760975609756098,0.84480950113659,14.996879055878896,17.42019391896084,3.137938779956117e-08
1745,27/5/2018,15:36:21,51.546833,-0.024842,4.94,5.8,512,-0.04937317699781735,12.76829268292683,0.9596094469818179,11.684139926870825,16.619767174020325,2.3628231699210444e-08
1746,27/5/2018,15:36:21,51.546833,-0.024842,4.94,5.8,514,-0.009774189186578956,12.775609756097563,0.8921341000084759,11.484908093269754,16.87600780600256,2.3833550589912105e-08
1747,27/5/2018,15:36:22,51.546844,-0.024853,5.48,5.8,512,-0.04937317699781735,12.782926829268293,0.7191652959743543,13.087646472403073,17.74380413942529,2.86437505911839e-08
1748,27/5/2018,15:36:22,51.546844,-0.024853,5.48,5.9,514,-0.009774189186578956,12.790243902439025,0.5461964919401907,14.69038485153678,18.611600472848238,3.3453950592456864e-08
1749,27/5/2018,15:36:23,51.546856,-0.024861,4.83,5.9,514,-0.009774189186578956,12.797560975609757,0.45500063878717023,16.333776172709975,17.911571227747515,3.546094407240059e-08
1750,27/5/2018,15:36:23,51.546856,-0.024861,4.83,6.1,516,0.029824798624659435,12.80487804878049,0.4597932774340748,18.024887608561087,15.371163091262849,3.41774171139024e-08
1751,27/5/2018,15:36:24,51.546864,-0.024872,4.52,6.1,516,0.029824798624659435,12.81219512195122,0.4645859160809782,19.715999044411788,12.8307549547788,3.289389015540452e-08
1752,27/5/2018,15:36:24,51.546864,-0.024872,4.52,6.1,515,0.01002530471904024,12.819512195121952,0.4722926237779439,20.652079405346676,11.139571032111016,3.169341247168065e-08
1753,27/5/2018,15:36:25,51.546875,-0.024883,4.41,6.1,513,-0.029573683092198152,12.826829268292684,0.4872522280188076,19.70894476494843,11.56204167959067,3.069963812533007e-08
1754,27/5/2018,15:36:25,51.546875,-0.024883,4.41,6.0,512,-0.04937317699781735,12.834146341463416,0.5022118322596713,18.765810124550185,11.984512327070325,2.9705863778979492e-08
1755,27/5/2018,15:36:26,51.546883,-0.024895,4.3,6.0,513,-0.029573683092198152,12.841463414634147,0.5030372268569974,18.475578239025328,12.7607208092684,3.206403085404015e-08
1756,27/5/2018,15:36:26,51.546883,-0.024895,4.3,6.0,515,0.01002530471904024,12.848780487804879,0.3931666618161892,23.298734284188797,16.307324669916166,6.067385130426186e-08
1757,27/5/2018,15:36:27,51.54689,-0.024907,4.76,6.0,515,0.01002530471904024,12.856097560975611,0.28329609677538103,28.12189032935226,19.85392853056393,8.928367175448358e-08
1758,27/5/2018,15:36:27,51.54689,-0.024907,4.76,6.1,516,0.029824798624659435,12.863414634146341,0.17342553173459946,32.94504637451456,23.400532391210835,1.1789349220469833e-07
1759,27/5/2018,15:36:28,51.546902,-0.024917,4.8,6.1,513,-0.029573683092198152,12.870731707317074,0.16802381160924576,30.84601991378591,23.763624674237878,1.1139117692837975e-07
1760,27/5/2018,15:36:29,51.546913,-0.024932,6.0,6.1,515,0.01002530471904024,12.878048780487806,0.16930997957725366,28.30384906873198,23.922914864954247,1.0264105241622564e-07
1761,27/5/2018,15:36:29,51.546913,-0.024932,6.0,6.5,515,0.01002530471904024,12.885365853658538,0.17059614754526156,25.761678223678054,24.08220505567062,9.389092790407154e-08
1762,27/5/2018,15:36:30,51.546921,-0.024944,4.54,6.5,514,-0.009774189186578956,12.892682926829268,0.4878860539884716,24.259097374307196,21.762501546183675,8.12732578195017e-08
1763,27/5/2018,15:36:30,51.546921,-0.024944,4.54,6.5,514,-0.009774189186578956,12.9,0.9014729576593198,23.073314659714647,18.687365045214804,6.747701615516944e-08
1764,27/5/2018,15:36:31,51.546928,-0.024954,4.02,6.5,512,-0.04937317699781735,12.907317073170733,1.3150598613301678,21.887531945122102,15.61222854424593,5.368077449083717e-08
1765,27/5/2018,15:36:32,51.546936,-0.024965,4.02,6.5,510,-0.08897216480905573,12.914634146341465,2.609983147752651,19.175474836883865,13.658760669630524,4.0718656109441215e-08
1766,27/5/2018,15:36:33,51.546944,-0.024978,4.35,6.5,516,0.029824798624659435,12.921951219512195,4.509687862256724,15.41607368895967,12.474992499869243,2.8328921076930014e-08
1767,27/5/2018,15:36:33,51.546944,-0.024978,4.35,6.3,518,0.06942378643589782,12.929268292682927,6.40939257676126,11.656672541034563,11.291224330107674,1.5939186044415808e-08
1768,27/5/2018,15:36:34,51.546951,-0.024991,4.56,6.3,521,0.1288222681527554,12.93658536585366,7.995173054497484,8.872619059009407,10.302782125416226,8.237080113352565e-09
1769,27/5/2018,15:36:34,51.546951,-0.024991,4.56,6.1,524,0.18822074986961299,12.943902439024392,9.146819834483948,7.437398318118712,9.5844610950418,7.017613995137723e-09
1770,27/5/2018,15:36:35,51.546959,-0.025004,4.69,6.1,520,0.10902277424713622,12.951219512195122,10.298466614470133,6.002177577228363,8.866140064667547,5.798147876923177e-09
1771,27/5/2018,15:36:35,51.546959,-0.025004,4.69,6.1,519,0.08922328034151703,12.958536585365854,10.62732654205737,4.856659646009776,8.458801267876993,5.097513797015883e-09
1772,27/5/2018,15:36:36,51.546967,-0.025014,3.93,6.1,519,0.08922328034151703,12.965853658536586,8.43782229158193,4.597856391909471,9.003308644597656,5.984907060879255e-09
1773,27/5/2018,15:36:36,51.546967,-0.025014,3.93,6.1,517,0.04962429253027863,12.973170731707318,6.248318041106489,4.339053137809167,9.547816021318319,6.872300324742627e-09
1774,27/5/2018,15:36:37,51.546978,-0.025025,4.8,6.1,515,0.01002530471904024,12.980487804878049,4.211566995852053,4.221227884747935,10.260004006798086,8.171664745616593e-09
1775,27/5/2018,15:36:37,51.546978,-0.025025,4.8,6.1,516,0.029824798624659435,12.987804878048781,4.11845787511229,5.897216076440763,13.1057711904512,1.4712977519073877e-08
1776,27/5/2018,15:36:38,51.546989,-0.025036,4.48,6.1,518,0.06942378643589782,12.995121951219513,4.0253487543725255,7.5732042681335905,15.951538374104315,2.125429029253116e-08
1777,27/5/2018,15:36:38,51.546989,-0.025036,4.48,6.3,520,0.10902277424713622,13.002439024390245,3.932239633632761,9.249192459826418,18.79730555775743,2.7795603065988445e-08
1778,27/5/2018,15:36:39,51.546997,-0.025045,4.56,6.3,513,-0.029573683092198152,13.009756097560976,5.289402148186591,8.703687067215382,17.147056321289075,2.3672908789067445e-08
1779,27/5/2018,15:36:40,51.547009,-0.025055,4.8,6.3,519,0.08922328034151703,13.017073170731708,6.808653845508599,7.9098970975354,14.994311131984087,1.8358354900634653e-08
1780,27/5/2018,15:36:41,51.547016,-0.025065,3.7,6.3,521,0.1288222681527554,13.02439024390244,8.327905542830607,7.116107127855417,12.8415659426791,1.304380101220186e-08
1781,27/5/2018,15:36:41,51.547016,-0.025065,3.7,5.6,522,0.1486217620583746,13.031707317073172,8.028224665353413,7.302231584177825,11.347275017871025,9.884112712580733e-09
1782,27/5/2018,15:36:42,51.547028,-0.025072,4.44,5.6,521,0.1288222681527554,13.039024390243902,7.042325627240428,7.8580426821648155,10.101395320893348,7.537378076696428e-09
1783,27/5/2018,15:36:43,51.547035,-0.025083,4.72,5.6,517,0.04962429253027863,13.046341463414635,6.056426589127204,8.41385378015194,8.855515623915368,5.1906434408115525e-09
1784,27/5/2018,15:36:44,51.547047,-0.025096,4.98,5.6,515,0.01002530471904024,13.053658536585367,4.854685338213722,9.503978833011955,8.102350627219948,4.847785968047274e-09
1785,27/5/2018,15:36:45,51.547054,-0.025107,4.07,5.6,513,-0.029573683092198152,13.060975609756099,3.478251224150507,11.026553282061125,7.74796648340606,6.126775466198985e-09
1786,27/5/2018,15:36:45,51.547054,-0.025107,4.07,5.2,512,-0.04937317699781735,13.06829268292683,2.101817110087626,12.549127731109923,7.393582339592257,7.405764964350385e-09
1787,27/5/2018,15:36:46,51.547062,-0.025116,4.3,5.2,512,-0.04937317699781735,13.075609756097561,1.2022343053164328,13.892789389551153,7.561000171732573,9.85432732128729e-09
1788,27/5/2018,15:36:47,51.547073,-0.025126,4.54,5.2,513,-0.029573683092198152,13.082926829268294,1.083022754412217,14.943658733031882,8.582351408921552,1.4216905683871883e-08
1789,27/5/2018,15:36:48,51.547085,-0.025136,4.7,5.2,514,-0.009774189186578956,13.090243902439026,0.9638112035080015,15.994528076512609,9.60370264611053,1.8579484046456477e-08
1790,27/5/2018,15:36:49,51.547092,-0.025145,3.93,5.2,515,0.01002530471904024,13.097560975609756,0.8854618122823893,17.051986844413207,10.717110967994433,2.291859118255324e-08
1791,27/5/2018,15:36:50,51.5471,-0.02515,2.93,5.2,517,0.04962429253027863,13.104878048780488,0.9647107505659803,18.134859890198744,12.185567649572983,2.7167173830593044e-08
1792,27/5/2018,15:36:50,51.5471,-0.02515,2.93,5.8,518,0.06942378643589782,13.11219512195122,1.0439596888495712,19.21773293598428,13.654024331151534,3.1415756478632844e-08
1793,27/5/2018,15:36:51,51.547108,-0.02516,4.35,5.8,514,-0.009774189186578956,13.119512195121953,1.1255832099946532,20.155849162019617,15.068972548492592,3.5305048388419544e-08
1794,27/5/2018,15:36:51,51.547108,-0.02516,4.35,5.9,514,-0.009774189186578956,13.126829268292683,1.2778919884117264,16.78492517225148,14.891110667607084,2.849917413629377e-08
1795,27/5/2018,15:36:52,51.547112,-0.025165,0.76,5.9,511,-0.06917267090343654,13.134146341463415,1.4302007668288366,13.414001182482526,14.713248786721532,2.1693299884166343e-08
1796,27/5/2018,15:36:52,51.547112,-0.025165,0.76,6.0,512,-0.04937317699781735,13.141463414634147,1.5825095452459466,10.04307719271357,14.53538690583598,1.4887425632038918e-08
1797,27/5/2018,15:36:53,51.547108,-0.025166,0.81,6.0,511,-0.06917267090343654,13.14878048780488,2.112178980611521,8.142462468004226,13.511565206745873,1.2453446364497397e-08
1798,27/5/2018,15:36:53,51.547108,-0.025166,0.81,5.9,514,-0.009774189186578956,13.15609756097561,2.703734766896406,6.482975358117171,12.349007883766367,1.0736448642904886e-08
1799,27/5/2018,15:36:54,51.547108,-0.025164,0.91,5.9,513,-0.029573683092198152,13.163414634146342,3.2952905531814345,4.823488248229714,11.18645056078658,9.019450921311957e-09
1800,27/5/2018,15:36:54,51.547108,-0.025164,0.91,5.8,512,-0.04937317699781735,13.170731707317074,4.7543150140202695,4.113192878134632,10.13793346995754,7.167504177487728e-09
1801,27/5/2018,15:36:55,51.547112,-0.025165,1.11,5.8,509,-0.10877165871467494,13.178048780487806,6.610929284029355,3.8379437221107895,9.141684818864228,5.253705798474191e-09
1802,27/5/2018,15:36:55,51.547112,-0.025165,1.11,5.7,510,-0.08897216480905573,13.185365853658537,8.46754355403799,3.562694566087013,8.145436167771155,3.339907419461118e-09
1803,27/5/2018,15:36:56,51.547112,-0.025167,0.81,5.7,508,-0.12857115262029412,13.192682926829269,10.675417786327907,3.2521844795461936,7.320558084155133,2.1448855008774792e-09
1804,27/5/2018,15:36:56,51.547112,-0.025167,0.81,5.5,510,-0.08897216480905573,13.200000000000001,13.21765750646612,2.9081093998369596,6.658808194897826,1.6340692067691036e-09
1805,27/5/2018,15:36:57,51.547119,-0.025171,3.02,5.5,508,-0.12857115262029412,13.207317073170733,15.75989722660433,2.564034320127726,5.99705830564052,1.1232529126607283e-09
1806,27/5/2018,15:36:57,51.547119,-0.025171,3.02,5.4,508,-0.12857115262029412,13.214634146341464,18.354635604452653,2.3636917472980845,5.50533170404291,7.485305481762652e-10
1807,27/5/2018,15:36:58,51.547127,-0.025179,2.91,5.4,507,-0.14837064652591334,13.221951219512196,21.05177212243054,2.4436980828467516,5.345233932478795,6.392581186805598e-10
1808,27/5/2018,15:36:58,51.547127,-0.025179,2.91,5.3,507,-0.14837064652591334,13.229268292682928,23.748908640408423,2.5237044183954183,5.18513616091468,5.299856891848543e-10
1809,27/5/2018,15:36:59,51.547131,-0.025188,3.8,5.3,505,-0.18796963433715172,13.23658536585366,25.964142842899673,2.5832627963424737,5.045171608578395,4.3538361426557784e-10
1810,27/5/2018,15:36:59,51.547131,-0.025188,3.8,5.2,506,-0.16817014043153253,13.24390243902439,25.750061263216686,2.539741059256969,5.0067005449520705,4.1473620351226377e-10
1811,27/5/2018,15:37:0,51.547134,-0.025197,2.2,5.2,506,-0.16817014043153253,13.251219512195123,25.535979683533647,2.4962193221714535,4.9682294813257375,3.9408879275894473e-10
1812,27/5/2018,15:37:1,51.547134,-0.025201,0.96,5.2,507,-0.14837064652591334,13.258536585365855,25.321898103850607,2.452697585085938,4.9297584176994045,3.734413820056257e-10
1813,27/5/2018,15:37:2,51.547146,-0.025209,4.85,5.2,507,-0.14837064652591334,13.265853658536587,23.64083056442586,2.320364224321845,4.902100321273382,4.5015750474168553e-10
1814,27/5/2018,15:37:2,51.547146,-0.025209,4.85,5.3,509,-0.10877165871467494,13.273170731707317,21.948139793262236,2.187327190781434,4.874527898212353,5.276450587959253e-10
1815,27/5/2018,15:37:3,51.547153,-0.025221,4.24,5.3,508,-0.12857115262029412,13.28048780487805,20.255449022098205,2.054290157240991,4.846955475151317,6.05132612850184e-10
1816,27/5/2018,15:37:3,51.547153,-0.025221,4.24,5.5,508,-0.12857115262029412,13.287804878048782,19.846915023355937,2.1134322303259565,4.867550870383079,5.848921231532448e-10
1817,27/5/2018,15:37:4,51.547165,-0.025234,5.24,5.5,507,-0.14837064652591334,13.295121951219514,19.722669054549627,2.215119124098474,4.898809709878697,5.43016492308292e-10
1818,27/5/2018,15:37:4,51.547165,-0.025234,5.24,5.4,508,-0.12857115262029412,13.302439024390244,19.59842308574334,2.316806017870966,4.930068549374307,5.011408614633493e-10
1819,27/5/2018,15:37:5,51.547173,-0.025246,4.96,5.4,507,-0.14837064652591334,13.309756097560976,19.818994020452596,2.3179250982118513,5.008185673624209,5.649104073032244e-10
1820,27/5/2018,15:37:5,51.547173,-0.025246,4.96,4.9,508,-0.12857115262029412,13.317073170731708,20.229056746131093,2.2637778186767306,5.112053450493828,6.867365435630265e-10
1821,27/5/2018,15:37:6,51.54718,-0.025256,4.56,4.9,508,-0.12857115262029412,13.32439024390244,20.63911947180959,2.20963053914161,5.215921227363449,8.085626798228283e-10
1822,27/5/2018,15:37:6,51.54718,-0.025256,4.56,4.8,509,-0.10877165871467494,13.331707317073171,21.42911076345833,2.2441758576552195,5.313524679848905,8.703131134922763e-10
1823,27/5/2018,15:37:7,51.547192,-0.025267,4.89,4.8,506,-0.16817014043153253,13.339024390243903,22.644179082952785,2.377953477573069,5.404119392720747,8.648488036806706e-10
1824,27/5/2018,15:37:7,51.547192,-0.025267,4.89,4.7,506,-0.16817014043153253,13.346341463414635,23.859247402447238,2.511731097490918,5.494714105592588,8.593844938690649e-10
1825,27/5/2018,15:37:8,51.547199,-0.025279,4.13,4.7,506,-0.16817014043153253,13.353658536585368,24.739048106459602,2.5704722715220254,5.521582216813699,8.386909605867728e-10
1826,27/5/2018,15:37:8,51.547199,-0.025279,4.13,4.9,508,-0.12857115262029412,13.360975609756098,24.831182108783143,2.452925289140937,5.3987331474479525,7.822183908974487e-10
1827,27/5/2018,15:37:9,51.547207,-0.025291,4.28,4.9,506,-0.16817014043153253,13.36829268292683,24.923316111106704,2.3353783067598197,5.275884078082176,7.257458212081106e-10
1828,27/5/2018,15:37:9,51.547207,-0.025291,4.28,5.0,507,-0.14837064652591334,13.375609756097562,25.103249448465224,2.224794580707037,5.161588368021529,6.722117345313304e-10
1829,27/5/2018,15:37:10,51.547215,-0.025303,4.17,5.0,507,-0.14837064652591334,13.382926829268293,25.896823790469533,2.16287796138378,5.107073201799955,6.392150889097006e-10
1830,27/5/2018,15:37:10,51.547215,-0.025303,4.17,4.8,508,-0.12857115262029412,13.390243902439025,26.690398132474037,2.1009613420605087,5.052558035578368,6.062184432880628e-10
1831,27/5/2018,15:37:11,51.547222,-0.025314,4.39,4.8,506,-0.16817014043153253,13.397560975609757,27.483972474478538,2.0390447227372372,4.998042869356781,5.732217976664249e-10
1832,27/5/2018,15:37:11,51.547222,-0.025314,4.39,4.7,507,-0.14837064652591334,13.404878048780489,31.972442947511034,2.1450987362003415,5.1019708833360875,5.720107920312302e-10
1833,27/5/2018,15:37:12,51.547234,-0.025322,4.43,4.7,505,-0.18796963433715172,13.41219512195122,36.64812305615107,2.259663332868405,5.213926752220678,5.724102722847943e-10
1834,27/5/2018,15:37:12,51.547234,-0.025322,4.43,4.7,505,-0.18796963433715172,13.419512195121952,41.32380316479224,2.3742279295364956,5.325882621105295,5.728097525383585e-10
1835,27/5/2018,15:37:13,51.547245,-0.025332,4.8,4.7,502,-0.2473681160540093,13.426829268292684,46.914399191738,2.4275029619650685,5.3134963722785855,5.551006842162371e-10
1836,27/5/2018,15:37:13,51.547245,-0.025332,4.8,4.8,504,-0.2077691282427709,13.434146341463416,52.765485942364805,2.4633279067698157,5.265707997880951,5.322358318172195e-10
1837,27/5/2018,15:37:14,51.547256,-0.025344,5.3,4.8,501,-0.2671676099596285,13.441463414634146,58.61657269299019,2.4991528515745545,5.217919623483328,5.093709794182074e-10
1838,27/5/2018,15:37:14,51.547256,-0.025344,5.3,5.0,502,-0.2473681160540093,13.448780487804878,61.526271792446714,2.4616358123081796,5.122665556196188,4.734885343068932e-10
1839,27/5/2018,15:37:15,51.547264,-0.025356,4.57,5.0,501,-0.2671676099596285,13.45609756097561,62.51546965939249,2.376232065301214,4.996420020763052,4.291065965026177e-10
1840,27/5/2018,15:37:16,51.547276,-0.025367,5.02,5.0,502,-0.2473681160540093,13.463414634146343,63.50466752633826,2.2908283182942486,4.870174485329916,3.8472465869834214e-10
1841,27/5/2018,15:37:16,51.547276,-0.025367,5.02,4.8,504,-0.2077691282427709,13.470731707317073,63.778916262817134,2.2379184557932885,4.803316306552878,3.66239784032518e-10
1842,27/5/2018,15:37:17,51.547283,-0.025381,4.89,4.8,502,-0.2473681160540093,13.478048780487805,63.11158575917159,2.2278026408378637,4.814670548450735,3.818610240428941e-10
1843,27/5/2018,15:37:17,51.547283,-0.025381,4.89,4.6,503,-0.2275686221483901,13.485365853658537,62.444255255526045,2.217686825882439,4.826024790348593,3.974822640532702e-10
1844,27/5/2018,15:37:18,51.547291,-0.025394,5.06,4.6,501,-0.2671676099596285,13.49268292682927,62.275016203886466,2.207533031088736,4.836174266796474,4.139852559093468e-10
1845,27/5/2018,15:37:18,51.547291,-0.025394,5.06,4.4,503,-0.2275686221483901,13.5,63.53676939755687,2.1972701220875246,4.842862511357335,4.330214774532679e-10
1846,27/5/2018,15:37:19,51.547302,-0.02541,5.22,4.4,503,-0.2275686221483901,13.507317073170732,64.79852259122758,2.1870072130863103,4.849550755918198,4.520576989971936e-10
1847,27/5/2018,15:37:19,51.547302,-0.02541,5.22,4.3,503,-0.2275686221483901,13.514634146341464,66.12062450807298,2.1832353837533454,4.860718291943044,4.673683632475211e-10
1848,27/5/2018,15:37:20,51.54731,-0.025425,4.96,4.3,500,-0.2869671038652477,13.521951219512196,68.09397628249229,2.2495116761877743,4.920223850290357,4.4247488515310355e-10
1849,27/5/2018,15:37:20,51.54731,-0.025425,4.96,4.4,502,-0.2473681160540093,13.529268292682927,70.06732805691112,2.315787968622187,4.979729408637655,4.1758140705869215e-10
1850,27/5/2018,15:37:21,51.547318,-0.025438,4.28,4.4,500,-0.2869671038652477,13.536585365853659,72.04067983133042,2.382064261056616,5.039234966984968,3.9268792896427464e-10
1851,27/5/2018,15:37:21,51.547318,-0.025438,4.28,4.5,502,-0.2473681160540093,13.543902439024391,71.9359239227161,2.3301258217980196,4.984443543718773,3.5106962216050376e-10
1852,27/5/2018,15:37:22,51.547325,-0.02545,4.83,4.5,501,-0.2671676099596285,13.551219512195123,71.62918242739465,2.2666972792433397,4.918542810247653,3.0782571415857777e-10
1853,27/5/2018,15:37:22,51.547325,-0.02545,4.83,4.6,503,-0.2275686221483901,13.558536585365854,71.32244093207328,2.203268736688676,4.852642076776549,2.6458180615666227e-10
1854,27/5/2018,15:37:23,51.547333,-0.025465,4.93,4.6,501,-0.2671676099596285,13.565853658536586,69.23257735371588,2.283241748033294,4.924704930139759,2.95735210935264e-10
1855,27/5/2018,15:37:23,51.547333,-0.025465,4.93,4.6,502,-0.2473681160540093,13.573170731707318,66.50974561274018,2.4141190799243244,5.0457417482682265,3.5329798544936497e-10
1856,27/5/2018,15:37:24,51.54734,-0.025476,3.48,4.6,500,-0.2869671038652477,13.58048780487805,63.786913871764476,2.544996411815355,5.166778566396694,4.108607599634659e-10
1857,27/5/2018,15:37:24,51.54734,-0.025476,3.48,4.5,503,-0.2275686221483901,13.58780487804878,58.91530664156075,2.5433502375070813,5.217097450552817,4.943704966392917e-10
1858,27/5/2018,15:37:25,51.547348,-0.025485,4.56,4.5,503,-0.2275686221483901,13.595121951219513,52.38681228713216,2.4395172632379754,5.212886843453221,5.978875294398417e-10
1859,27/5/2018,15:37:25,51.547348,-0.025485,4.56,4.5,506,-0.16817014043153253,13.602439024390245,45.85831793270358,2.33568428896887,5.208676236353625,7.014045622403916e-10
1860,27/5/2018,15:37:26,51.547359,-0.025494,3.98,4.5,507,-0.14837064652591334,13.609756097560977,40.44795061575131,2.270794898435063,5.248660067845919,8.032874471246585e-10
1861,27/5/2018,15:37:26,51.547359,-0.025494,3.98,4.3,505,-0.18796963433715172,13.617073170731707,36.77742007620089,2.266502807631525,5.357411675307817,9.026275523880099e-10
1862,27/5/2018,15:37:27,51.547367,-0.025503,4.74,4.3,505,-0.18796963433715172,13.62439024390244,33.10688953664958,2.262210716827985,5.466163282769742,1.0019676576513856e-09
1863,27/5/2018,15:37:27,51.547367,-0.025503,4.74,4.3,508,-0.12857115262029412,13.631707317073172,30.391619053464893,2.2455910096279155,5.504194562969125,1.0435800707109726e-09
1864,27/5/2018,15:37:28,51.547379,-0.025514,4.76,4.3,506,-0.16817014043153253,13.639024390243904,31.10626913352719,2.1847082300922334,5.2883001157179566,8.7791761946641e-10
1865,27/5/2018,15:37:28,51.547379,-0.025514,4.76,4.0,507,-0.14837064652591334,13.646341463414634,31.820919213589313,2.123825450556566,5.072405668466842,7.122551682218876e-10
1866,27/5/2018,15:37:29,51.54739,-0.025524,4.82,4.0,506,-0.16817014043153253,13.653658536585366,32.686203769430726,2.0717495687523804,4.868417372466977,5.554639319537263e-10
1867,27/5/2018,15:37:29,51.54739,-0.025524,4.82,3.9,505,-0.18796963433715172,13.660975609756099,36.79012955452644,2.209021988175557,4.920411328370401,5.894038176783853e-10
1868,27/5/2018,15:37:30,51.547398,-0.025537,5.54,3.9,504,-0.2077691282427709,13.66829268292683,40.89405533962214,2.3462944075987338,4.972405284273824,6.233437034030442e-10
1869,27/5/2018,15:37:30,51.547398,-0.025537,5.54,3.9,505,-0.18796963433715172,13.675609756097561,44.99798112471686,2.483566827021877,5.024399240177236,6.572835891276949e-10
1870,27/5/2018,15:37:31,51.547409,-0.025549,4.91,3.9,502,-0.2473681160540093,13.682926829268293,46.73100348253093,2.4935963822634912,5.087930535504628,6.658938703836723e-10
1871,27/5/2018,15:37:32,51.547421,-0.025561,4.48,3.9,502,-0.2473681160540093,13.690243902439025,48.11303996331104,2.484789046990217,5.1531698055853425,6.70754385480023e-10
1872,27/5/2018,15:37:33,51.547428,-0.025573,4.5,3.9,503,-0.2275686221483901,13.697560975609758,49.49507644409115,2.4759817117169427,5.218409075666057,6.756149005763738e-10
1873,27/5/2018,15:37:34,51.547432,-0.025589,4.82,3.9,505,-0.18796963433715172,13.704878048780488,50.051647604238696,2.470523280100538,5.339479286741258,7.262985280710726e-10
1874,27/5/2018,15:37:35,51.547443,-0.025598,4.06,3.9,507,-0.14837064652591334,13.71219512195122,50.25048731449174,2.4665161610114845,5.484744921866099,7.968404924664679e-10
1875,27/5/2018,15:37:36,51.547451,-0.025605,4.35,3.9,503,-0.2275686221483901,13.719512195121952,50.4493270247448,2.4625090419224307,5.630010556990941,8.673824568618634e-10
1876,27/5/2018,15:37:37,51.547459,-0.025613,3.52,3.9,501,-0.2671676099596285,13.726829268292684,50.84547984091257,2.505005572819593,5.754934498483468,9.317023973766378e-10
1877,27/5/2018,15:37:38,51.54747,-0.025623,4.39,3.9,503,-0.2275686221483901,13.734146341463415,51.42068235267229,2.5897013501142423,5.861399584768108,9.903762279858884e-10
1878,27/5/2018,15:37:38,51.54747,-0.025623,4.39,3.7,505,-0.18796963433715172,13.741463414634147,51.99588486443215,2.6743971274089122,5.967864671052774,1.0490500585951535e-09
1879,27/5/2018,15:37:39,51.547478,-0.025634,4.17,3.7,501,-0.2671676099596285,13.74878048780488,51.117470418533735,2.7061898601363725,6.1158218142978455,1.155325661062841e-09
1880,27/5/2018,15:37:39,51.547478,-0.025634,4.17,3.6,504,-0.2077691282427709,13.756097560975611,47.54977065760811,2.640108541432828,6.340541944439856,1.3496676178432615e-09
1881,27/5/2018,15:37:40,51.547489,-0.025644,4.43,3.6,504,-0.2077691282427709,13.763414634146342,43.982070896683354,2.574027222729299,6.565262074581812,1.544009574623635e-09
1882,27/5/2018,15:37:40,51.547489,-0.025644,4.43,3.6,508,-0.12857115262029412,13.770731707317074,40.57013226427648,2.5344918213481598,6.767559617973458,1.6875366799454378e-09
1883,27/5/2018,15:37:41,51.547497,-0.025657,4.7,3.6,504,-0.2077691282427709,13.778048780487806,37.880081451520226,2.6179856671144512,6.865937830437809,1.5955581576811196e-09
1884,27/5/2018,15:37:41,51.547497,-0.025657,4.7,3.5,507,-0.14837064652591334,13.785365853658538,35.19003063876397,2.701479512880743,6.96431604290216,1.5035796354168014e-09
1885,27/5/2018,15:37:42,51.547504,-0.02567,4.11,3.5,504,-0.2077691282427709,13.792682926829269,32.50485667568153,2.784274896974475,7.062440488596141,1.4132171528669045e-09
1886,27/5/2018,15:37:42,51.547504,-0.02567,4.11,3.3,506,-0.16817014043153253,13.8,31.00963403284542,2.696645632969006,7.09864584232585,1.717168360629311e-09
1887,27/5/2018,15:37:43,51.547512,-0.025682,4.89,3.3,505,-0.18796963433715172,13.807317073170733,29.51441139000931,2.6090163689635366,7.13485119605556,2.021119568391718e-09
1888,27/5/2018,15:37:44,51.547523,-0.025691,3.89,3.3,510,-0.08897216480905573,13.814634146341465,28.019188747173203,2.5213871049580674,7.171056549785269,2.3250707761541245e-09
1889,27/5/2018,15:37:44,51.547523,-0.025691,3.89,3.4,509,-0.10877165871467494,13.821951219512195,31.179255586208352,2.6030158700562205,6.919305238663564,2.057410716588458e-09
1890,27/5/2018,15:37:45,51.547531,-0.025701,4.5,3.4,505,-0.18796963433715172,13.829268292682928,35.28817123683534,2.719143086946193,6.608862123240903,1.6732439018986032e-09
1891,27/5/2018,15:37:45,51.547531,-0.025701,4.5,3.3,505,-0.18796963433715172,13.83658536585366,39.397086887462336,2.8352703038361664,6.298419007818241,1.2890770872087484e-09
1892,27/5/2018,15:37:46,51.547539,-0.025715,4.69,3.3,501,-0.2671676099596285,13.843902439024392,43.184717175438266,2.8643874694716636,6.0287746129133355,1.0091268615847567e-09
1893,27/5/2018,15:37:46,51.547539,-0.025715,4.69,3.5,503,-0.2275686221483901,13.851219512195122,46.80483276306164,2.84813853892647,5.7804022279932274,7.835140341696579e-10
1894,27/5/2018,15:37:47,51.547546,-0.025727,3.96,3.5,502,-0.2473681160540093,13.858536585365854,50.424948350685895,2.831889608381273,5.532029843073059,5.579012067545043e-10
1895,27/5/2018,15:37:47,51.547546,-0.025727,3.96,3.4,503,-0.2275686221483901,13.865853658536587,49.44846688465269,2.7770352757822825,5.396701288799608,4.5811527968658254e-10
1896,27/5/2018,15:37:48,51.547554,-0.025739,4.35,3.4,503,-0.2275686221483901,13.873170731707319,43.569522956521205,2.681006671826976,5.381938694484812,4.925289895399903e-10
1897,27/5/2018,15:37:48,51.547554,-0.025739,4.35,3.4,507,-0.14837064652591334,13.88048780487805,37.69057902839115,2.5849780678716927,5.367176100170019,5.269426993933897e-10
1898,27/5/2018,15:37:49,51.547562,-0.025749,4.32,3.4,507,-0.14837064652591334,13.887804878048781,32.20162575837288,2.466675907878189,5.363122707193005,6.066949697431439e-10
1899,27/5/2018,15:37:49,51.547562,-0.025749,4.32,3.4,507,-0.14837064652591334,13.895121951219513,27.578664402499694,2.2989143082107826,5.382849580672476,7.871235664920174e-10
1900,27/5/2018,15:37:50,51.547573,-0.025758,4.78,3.4,508,-0.12857115262029412,13.902439024390246,22.955703046626503,2.1311527085433766,5.402576454151945,9.67552163240891e-10
1901,27/5/2018,15:37:50,51.547573,-0.025758,4.78,3.2,510,-0.08897216480905573,13.909756097560976,19.221214309243802,1.9966413073571134,5.426202947919231,1.1170026910166663e-09
1902,27/5/2018,15:37:51,51.547585,-0.025768,4.54,3.2,508,-0.12857115262029412,13.917073170731708,21.07812767366823,2.071382533436783,5.47437082272609,1.0714997262916098e-09
1903,27/5/2018,15:37:51,51.547585,-0.025768,4.54,2.9,509,-0.10877165871467494,13.92439024390244,22.935041038092663,2.1461237595164526,5.52253869753295,1.0259967615665535e-09
1904,27/5/2018,15:37:52,51.547592,-0.025779,4.44,2.9,507,-0.14837064652591334,13.93170731707317,24.79195440251664,2.220864985596104,5.570706572339798,9.804937968415084e-10
1905,27/5/2018,15:37:52,51.547592,-0.025779,4.44,2.8,507,-0.14837064652591334,13.939024390243903,33.96850478467517,2.3354259310661396,5.409934523258807,8.089274148965726e-10
1906,27/5/2018,15:37:53,51.547604,-0.025789,4.17,2.8,503,-0.2275686221483901,13.946341463414635,43.4206179722067,2.4514859718543978,5.24129650057264,6.326151160680737e-10
1907,27/5/2018,15:37:54,51.547611,-0.025799,4.22,2.8,502,-0.2473681160540093,13.953658536585367,52.87273115973824,2.567546012642656,5.072658477886474,4.5630281723957486e-10
1908,27/5/2018,15:37:54,51.547611,-0.025799,4.22,3.3,502,-0.2473681160540093,13.960975609756098,63.43065942424083,2.549489848441728,4.951927260732249,3.571687617180494e-10
1909,27/5/2018,15:37:55,51.547619,-0.025804,2.52,3.3,500,-0.2869671038652477,13.96829268292683,74.28196288227336,2.495852357477245,4.843905825382259,2.78510265390579e-10
1910,27/5/2018,15:37:55,51.547619,-0.025804,2.52,3.3,500,-0.2869671038652477,13.975609756097562,85.1332663403059,2.4422148665127614,4.73588439003227,1.9985176906310858e-10
1911,27/5/2018,15:37:56,51.547623,-0.025799,2.37,3.3,498,-0.3265660916764861,13.982926829268294,91.2414940919096,2.4086059713635213,4.71635815199696,1.8670791895181863e-10
1912,27/5/2018,15:37:57,51.54763,-0.025783,5.22,3.3,498,-0.3265660916764861,13.990243902439024,94.40462166216325,2.3874333569777773,4.751780904404015,2.1424383201419092e-10
1913,27/5/2018,15:37:57,51.54763,-0.025783,5.22,3.3,500,-0.2869671038652477,13.997560975609757,97.56774923241767,2.3662607425920283,4.787203656811077,2.417797450765699e-10
1914,27/5/2018,15:37:58,51.547634,-0.025768,4.22,3.3,498,-0.3265660916764861,14.004878048780489,99.46235679635194,2.3290738361885372,4.87073091861508,3.1140467450506405e-10
1915,27/5/2018,15:37:58,51.547634,-0.025768,4.22,3.3,500,-0.2869671038652477,14.01219512195122,99.76547760389208,2.2717953793701655,5.01461015693237,4.338345355094056e-10
1916,27/5/2018,15:37:59,51.547642,-0.025755,3.17,3.3,500,-0.2869671038652477,14.019512195121951,100.06859841143215,2.214516922551808,5.158489395249625,5.562643965137175e-10
1917,27/5/2018,15:37:59,51.547642,-0.025755,3.17,3.2,503,-0.2275686221483901,14.026829268292683,101.65113015727356,2.2061147170706152,5.258606051539045,6.295671791665481e-10
1918,27/5/2018,15:38:0,51.547646,-0.025739,4.78,3.2,497,-0.3463655855821053,14.034146341463416,106.69029089590475,2.329763178324608,5.240487819171247,5.701416270230868e-10
1919,27/5/2018,15:38:1,51.547649,-0.025726,3.91,3.2,495,-0.38596457339334367,14.041463414634148,111.72945163453596,2.453411639578601,5.222369586803449,5.107160748796254e-10
1920,27/5/2018,15:38:2,51.547653,-0.025715,3.32,3.2,497,-0.3463655855821053,14.048780487804878,116.39050911694038,2.5535708541995374,5.187890869415133,4.496987375128993e-10
1921,27/5/2018,15:38:3,51.547657,-0.025695,5.06,3.2,498,-0.3265660916764861,14.05609756097561,117.52161823067728,2.4344359303324543,5.000671686405506,3.738205927881986e-10
1922,27/5/2018,15:38:3,51.547657,-0.025695,5.06,2.4,500,-0.2869671038652477,14.063414634146342,118.65272734441417,2.315301006465371,4.81345250339588,2.979424480634979e-10
1923,27/5/2018,15:38:4,51.547661,-0.025678,4.57,2.4,497,-0.3463655855821053,14.070731707317075,119.78383645815106,2.196166082598288,4.626233320386254,2.2206430333879727e-10
1924,27/5/2018,15:38:5,51.547661,-0.025659,4.22,2.4,497,-0.3463655855821053,14.078048780487805,117.9630718725484,2.219944954196818,4.610310286085401,2.093973294613999e-10
1925,27/5/2018,15:38:6,51.547665,-0.025641,4.91,2.4,497,-0.3463655855821053,14.085365853658537,115.89728437182359,2.2555865131399777,4.6086058417313716,2.019772553252463e-10
1926,27/5/2018,15:38:7,51.547665,-0.025621,5.06,2.4,498,-0.3265660916764861,14.09268292682927,113.83149687109878,2.2912280720831375,4.606901397377342,1.9455718118909268e-10
1927,27/5/2018,15:38:7,51.547665,-0.025621,5.06,3.1,500,-0.2869671038652477,14.100000000000001,109.0779204964622,2.28976577273095,4.617035017913723,2.0250973505531198e-10
1928,27/5/2018,15:38:8,51.547665,-0.025603,4.32,3.1,498,-0.3265660916764861,14.107317073170732,103.42823390262839,2.2759330275774303,4.631115455488745,2.155875311541205e-10
1929,27/5/2018,15:38:9,51.547668,-0.025589,4.09,3.1,499,-0.3067665977708669,14.114634146341464,97.77854730879321,2.2621002824239076,4.64519589306377,2.286653272529322e-10
1930,27/5/2018,15:38:10,51.547672,-0.025577,3.76,3.1,500,-0.2869671038652477,14.121951219512196,91.75025986970823,2.2369738294646293,4.654727262453562,2.5730394910754026e-10
1931,27/5/2018,15:38:10,51.547672,-0.025577,3.76,2.8,502,-0.2473681160540093,14.129268292682928,85.4439281286977,2.203553282230599,4.660917798076488,2.9737043486932216e-10
1932,27/5/2018,15:38:11,51.547684,-0.025561,5.09,2.8,500,-0.2869671038652477,14.136585365853659,79.1375963876887,2.170132734996577,4.667108333699413,3.374369206310943e-10
1933,27/5/2018,15:38:12,51.547691,-0.025549,5.67,2.8,502,-0.2473681160540093,14.14390243902439,74.53264425186114,2.144999560683228,4.662408045589509,3.6142787962978506e-10
1934,27/5/2018,15:38:13,51.547707,-0.025549,5.85,2.8,503,-0.2275686221483901,14.151219512195123,72.44626979929627,2.132134308488682,4.6415859081743145,3.616219958610677e-10
1935,27/5/2018,15:38:13,51.547707,-0.025549,5.85,4.1,503,-0.2275686221483901,14.158536585365855,70.35989534673142,2.1192690562941356,4.62076377075912,3.618161120923504e-10
1936,27/5/2018,15:38:14,51.547714,-0.025558,4.26,4.1,501,-0.2671676099596285,14.165853658536586,68.79857946023708,2.1365941135275146,4.637015072153545,3.632086949332918e-10
1937,27/5/2018,15:38:14,51.547714,-0.025558,4.26,4.4,502,-0.2473681160540093,14.173170731707318,68.99724606987908,2.25511629348151,4.777535564821046,3.686185063112167e-10
1938,27/5/2018,15:38:15,51.547722,-0.025564,4.7,4.4,500,-0.2869671038652477,14.18048780487805,69.19591267952109,2.3736384734355056,4.918056057488546,3.740283176891415e-10
1939,27/5/2018,15:38:16,51.547729,-0.025575,4.44,4.4,501,-0.2671676099596285,14.187804878048782,69.19997325521324,2.479571915778193,5.0530937032225225,3.838589579911657e-10
1940,27/5/2018,15:38:16,51.547729,-0.025575,4.44,4.8,503,-0.2275686221483901,14.195121951219512,65.94738272123192,2.37483806544165,5.096378183919279,4.676703332638935e-10
1941,27/5/2018,15:38:17,51.547737,-0.025583,4.0,4.8,501,-0.2671676099596285,14.202439024390245,62.69479218724983,2.2701042151050816,5.139662664616047,5.514817085366417e-10
1942,27/5/2018,15:38:18,51.547749,-0.025589,4.06,4.8,505,-0.18796963433715172,14.209756097560977,59.44220165326773,2.165370364768513,5.182947145312815,6.352930838093899e-10
1943,27/5/2018,15:38:19,51.547756,-0.025592,3.54,4.8,504,-0.2077691282427709,14.217073170731709,58.973259834981526,2.163191376734952,5.078028719016233,5.567582685825003e-10
1944,27/5/2018,15:38:20,51.547764,-0.025596,4.44,4.8,503,-0.2275686221483901,14.22439024390244,58.87318364003809,2.1746020931051535,4.953471694874679,4.567107070028685e-10
1945,27/5/2018,15:38:20,51.547764,-0.025596,4.44,5.8,503,-0.2275686221483901,14.231707317073171,58.77310744509464,2.186012809475358,4.828914670733094,3.566631454232124e-10
1946,27/5/2018,15:38:21,51.547771,-0.0256,4.78,5.8,501,-0.2671676099596285,14.239024390243904,61.6663016884069,2.187144212677476,4.7761203173479005,3.1546807226968225e-10
1947,27/5/2018,15:38:21,51.547771,-0.0256,4.78,6.4,503,-0.2275686221483901,14.246341463414636,65.78447942381278,2.1840688496682836,4.752694538850433,2.983581355172076e-10
1948,27/5/2018,15:38:22,51.547783,-0.025604,5.07,6.4,502,-0.2473681160540093,14.253658536585366,69.90265715921768,2.180993486659092,4.729268760352971,2.812481987647371e-10
1949,27/5/2018,15:38:22,51.547783,-0.025604,5.07,6.7,502,-0.2473681160540093,14.260975609756098,74.65605154597183,2.206776635206068,4.712625787458584,2.573002215748486e-10
1950,27/5/2018,15:38:23,51.547798,-0.025606,5.35,6.7,499,-0.3067665977708669,14.26829268292683,79.95888057787312,2.25752113516391,4.701849645009717,2.2743763822144453e-10
1951,27/5/2018,15:38:23,51.547798,-0.025606,5.35,7.0,500,-0.2869671038652477,14.275609756097563,85.26170960977441,2.308265635121752,4.691073502560849,1.9757505486804045e-10
1952,27/5/2018,15:38:24,51.54781,-0.02561,5.15,7.0,499,-0.3067665977708669,14.282926829268293,89.18076825723429,2.3290152397713135,4.667709808733936,1.6890809952435254e-10
1953,27/5/2018,15:38:24,51.54781,-0.02561,5.15,7.3,500,-0.2869671038652477,14.290243902439025,90.66958016702334,2.297086309535759,4.622239227799329,1.4234096587270804e-10
1954,27/5/2018,15:38:25,51.547825,-0.025609,4.7,7.3,499,-0.3067665977708669,14.297560975609757,92.1583920768124,2.265157379300205,4.576768646864723,1.1577383222106355e-10
1955,27/5/2018,15:38:25,51.547825,-0.025609,4.7,7.7,500,-0.2869671038652477,14.30487804878049,93.02464346914718,2.233156997599047,4.538124856313581,9.706264326564298e-11
1956,27/5/2018,15:38:26,51.547836,-0.025612,4.8,7.7,499,-0.3067665977708669,14.31219512195122,91.22675320578782,2.2008508515255403,4.528695151984376,1.1196963105490779e-10
1957,27/5/2018,15:38:26,51.547836,-0.025612,4.8,7.8,501,-0.2671676099596285,14.319512195121952,89.42886294242803,2.168544705452026,4.519265447655169,1.268766188441762e-10
1958,27/5/2018,15:38:27,51.547848,-0.025618,5.39,7.8,500,-0.2869671038652477,14.326829268292684,87.64207726571607,2.137297218443428,4.510621425622889,1.4188434500989561e-10
1959,27/5/2018,15:38:27,51.547848,-0.025618,5.39,8.3,501,-0.2671676099596285,14.334146341463416,86.53717606532841,2.1710573904301205,4.550222743879948,1.630779777068925e-10
1960,27/5/2018,15:38:28,51.547859,-0.025623,4.43,8.3,500,-0.2869671038652477,14.341463414634147,85.43227486494101,2.2048175624168045,4.589824062136996,1.8427161040388426e-10
1961,27/5/2018,15:38:28,51.547859,-0.025623,4.43,8.5,501,-0.2671676099596285,14.348780487804879,84.32737366455333,2.2385777344034965,4.629425380394054,2.0546524310088115e-10
1962,27/5/2018,15:38:29,51.547871,-0.02563,4.74,8.5,499,-0.3067665977708669,14.356097560975611,83.12777094070472,2.2225329001061,4.655103924293909,2.4212078705649484e-10
1963,27/5/2018,15:38:29,51.547871,-0.02563,4.74,8.2,501,-0.2671676099596285,14.363414634146343,81.91048176441214,2.19718648497956,4.678182251454291,2.8166399689301855e-10
1964,27/5/2018,15:38:30,51.547874,-0.025646,4.13,8.2,501,-0.2671676099596285,14.370731707317074,80.69319258811984,2.171840069853026,4.701260578614667,3.2120720672953264e-10
1965,27/5/2018,15:38:30,51.547874,-0.025646,4.13,8.4,502,-0.2473681160540093,14.378048780487806,79.5904775934247,2.2273404600621443,4.8132031427652695,3.860711215092908e-10
1966,27/5/2018,15:38:31,51.547882,-0.025651,3.33,8.4,502,-0.2473681160540093,14.385365853658538,78.54438972981946,2.3227985665744764,4.9690659577707414,4.6344953875477477e-10
1967,27/5/2018,15:38:32,51.547894,-0.025658,4.82,8.4,498,-0.3265660916764861,14.39268292682927,77.49830186621422,2.4182566730868085,5.1249287727762125,5.408279560002587e-10
1968,27/5/2018,15:38:33,51.547901,-0.02567,4.8,8.4,501,-0.2671676099596285,14.4,75.00411558151237,2.4290871305264137,5.108702942031831,5.22828531336614e-10
1969,27/5/2018,15:38:34,51.547913,-0.025681,4.69,8.4,502,-0.2473681160540093,14.407317073170733,71.03754873755476,2.3538708777046202,4.917502832758333,4.07851941195281e-10
1970,27/5/2018,15:38:35,51.547924,-0.025688,4.8,8.4,502,-0.2473681160540093,14.414634146341465,67.07098189359716,2.2786546248828268,4.726302723484835,2.928753510539481e-10
1971,27/5/2018,15:38:35,51.547924,-0.025688,4.8,7.8,503,-0.2275686221483901,14.421951219512197,62.642204898885645,2.242091205925138,4.604976172954226,2.174338694979687e-10
1972,27/5/2018,15:38:36,51.547935,-0.025696,4.63,7.8,503,-0.2275686221483901,14.429268292682927,57.24220151145259,2.286747665719812,4.630472543326299,2.2506616041242663e-10
1973,27/5/2018,15:38:36,51.547935,-0.025696,4.63,8.0,504,-0.2077691282427709,14.43658536585366,51.84219812401823,2.331404125514496,4.655968913698377,2.3269845132688642e-10
1974,27/5/2018,15:38:37,51.547947,-0.025704,5.09,8.0,504,-0.2077691282427709,14.443902439024392,46.51210625524068,2.3665557990989243,4.73086417527942,2.860930671631418e-10
1975,27/5/2018,15:38:37,51.547947,-0.025704,5.09,7.9,504,-0.2077691282427709,14.451219512195122,41.58113399956615,2.3474453615500686,5.087773999349905,6.00741361482336e-10
1976,27/5/2018,15:38:38,51.547958,-0.025711,4.82,7.9,505,-0.18796963433715172,14.458536585365854,36.65016174389041,2.328334924001208,5.444683823420477,9.153896558016067e-10
1977,27/5/2018,15:38:38,51.547958,-0.025711,4.82,7.9,509,-0.10877165871467494,14.465853658536586,31.719189488214678,2.3092244864523472,5.80159364749105,1.2300379501208773e-09
1978,27/5/2018,15:38:39,51.54797,-0.02572,5.22,7.9,507,-0.14837064652591334,14.473170731707318,30.92894135306508,2.3918217422364765,5.954994991990285,1.3137946251740178e-09
1979,27/5/2018,15:38:39,51.54797,-0.02572,5.22,7.8,508,-0.12857115262029412,14.480487804878049,30.241986769728552,2.476956174752303,6.103319660751835,1.39179153098301e-09
1980,27/5/2018,15:38:40,51.547977,-0.025727,2.93,7.8,505,-0.18796963433715172,14.487804878048781,29.555032186391855,2.56209060726815,6.2516443295134225,1.4697884367920211e-09
1981,27/5/2018,15:38:41,51.547985,-0.025739,5.35,7.8,504,-0.2077691282427709,14.495121951219513,29.385546877707647,2.674019090164637,6.348366871125776,1.475000685901219e-09
1982,27/5/2018,15:38:41,51.547985,-0.025739,5.35,7.4,507,-0.14837064652591334,14.502439024390245,29.343600632759124,2.7925514204132758,6.432371194853981,1.4622739240883644e-09
1983,27/5/2018,15:38:42,51.547997,-0.025752,4.57,7.4,504,-0.2077691282427709,14.509756097560976,29.30165438781061,2.9110837506618856,6.516375518582166,1.4495471622755128e-09
1984,27/5/2018,15:38:42,51.547997,-0.025752,4.57,7.5,507,-0.14837064652591334,14.517073170731708,26.23672114348993,3.228826692756486,6.739259133587789,1.6538900401647096e-09
1985,27/5/2018,15:38:43,51.548004,-0.025766,4.72,7.5,507,-0.14837064652591334,14.52439024390244,21.38778956179882,3.664132628140027,7.044101561114128,1.9863353135992684e-09
1986,27/5/2018,15:38:43,51.548004,-0.025766,4.72,7.4,509,-0.10877165871467494,14.531707317073172,16.538857980107704,4.0994385635235675,7.348943988640466,2.318780587033827e-09
1987,27/5/2018,15:38:44,51.548016,-0.02578,4.41,7.4,508,-0.12857115262029412,14.539024390243902,12.445411252573166,5.545629742982435,8.498296352714037,5.160640489987778e-09
1988,27/5/2018,15:38:44,51.548016,-0.02578,4.41,7.7,512,-0.04937317699781735,14.546341463414635,9.255136262397933,8.20032030815627,10.657248713947556,1.1002471018739052e-08
1989,27/5/2018,15:38:45,51.548031,-0.025787,4.69,7.7,515,0.01002530471904024,14.553658536585367,6.064861272222701,10.855010873330105,12.816201075181077,1.6844301547490322e-08
1990,27/5/2018,15:38:45,51.548031,-0.025787,4.69,7.5,518,0.06942378643589782,14.560975609756099,4.304139094404885,12.307729302853115,14.122465096940713,1.999420931284492e-08
1991,27/5/2018,15:38:46,51.548042,-0.025794,4.89,7.5,515,0.01002530471904024,14.56829268292683,6.181651807197069,10.701409322837133,13.258623585925776,1.6293130366861167e-08
1992,27/5/2018,15:38:47,51.548058,-0.0258,4.61,7.5,508,-0.12857115262029412,14.575609756097561,8.059164519989707,9.095089342820762,12.39478207491063,1.259205142087652e-08
1993,27/5/2018,15:38:47,51.548058,-0.0258,4.61,7.9,509,-0.10877165871467494,14.582926829268294,10.069325276673448,7.516138392593114,11.471230492713477,9.052291950771727e-09
1994,27/5/2018,15:38:48,51.548069,-0.025808,5.19,7.9,505,-0.18796963433715172,14.590243902439026,13.167236891189372,6.161621099714841,10.058039717625043,6.8353970561702864e-09
1995,27/5/2018,15:38:48,51.548069,-0.025808,5.19,7.8,508,-0.12857115262029412,14.597560975609756,16.26514850570454,4.807103806836897,8.644848942536951,4.618502161569385e-09
1996,27/5/2018,15:38:49,51.54808,-0.025818,4.17,7.8,507,-0.14837064652591334,14.604878048780488,19.363060120220467,3.452586513958625,7.231658167448517,2.4016072669679446e-09
1997,27/5/2018,15:38:49,51.54808,-0.025818,4.17,7.6,507,-0.14837064652591334,14.61219512195122,18.95655488986063,3.0382806311726442,7.032949433058031,2.4156224839803003e-09
1998,27/5/2018,15:38:50,51.548088,-0.025829,3.89,7.6,508,-0.12857115262029412,14.619512195121953,18.30762353866553,2.6890160419893383,6.918255295955252,2.5839660552469474e-09
1999,27/5/2018,15:38:50,51.548088,-0.025829,3.89,7.3,511,-0.06917267090343654,14.626829268292683,17.658692187470592,2.3397514528061167,6.803561158852501,2.7523096265135534e-09
2000,27/5/2018,15:38:51,51.548096,-0.02584,3.94,7.3,508,-0.12857115262029412,14.634146341463415,19.901320909581923,2.3233249746076994,6.578414545863612,2.33401525300357e-09
2001,27/5/2018,15:38:51,51.548096,-0.02584,3.94,7.2,509,-0.10877165871467494,14.641463414634147,23.047562154601053,2.410910406092006,6.31875153416033,1.7323965217509837e-09
2002,27/5/2018,15:38:52,51.548103,-0.025853,4.15,7.2,506,-0.16817014043153253,14.64878048780488,26.19380339962018,2.4984958375763133,6.059088522457048,1.1307777904983972e-09
2003,27/5/2018,15:38:52,51.548103,-0.025853,4.15,7.2,506,-0.16817014043153253,14.65609756097561,32.25075415076646,2.520751517677383,5.776031459449803,7.720806633815053e-10
2004,27/5/2018,15:38:53,51.548115,-0.025864,4.91,7.2,503,-0.2275686221483901,14.663414634146342,40.342883755158,2.497328393960048,5.476617189237368,5.832352204301537e-10
2005,27/5/2018,15:38:53,51.548115,-0.025864,4.91,7.2,504,-0.2077691282427709,14.670731707317074,48.435013359549544,2.473905270242714,5.177202919024932,3.9438977747880216e-10
2006,27/5/2018,15:38:54,51.548122,-0.025877,4.61,7.2,502,-0.2473681160540093,14.678048780487806,55.98576982646562,2.448823601908775,4.959719222331234,2.7061532251605055e-10
2007,27/5/2018,15:38:54,51.548122,-0.025877,4.61,6.7,502,-0.2473681160540093,14.685365853658537,62.77375401774581,2.421405113064414,4.857672302383319,2.385231882116382e-10
2008,27/5/2018,15:38:55,51.548134,-0.025885,4.78,6.7,500,-0.2869671038652477,14.692682926829269,69.56173820902765,2.3939866242200463,4.7556253824353805,2.0643105390721813e-10
2009,27/5/2018,15:38:55,51.548134,-0.025885,4.78,6.9,501,-0.2671676099596285,14.700000000000001,75.28983834385932,2.3565783520856014,4.663482358965032,1.777608444556527e-10
2010,27/5/2018,15:38:56,51.548141,-0.025894,4.24,6.9,500,-0.2869671038652477,14.707317073170733,77.69312395264532,2.287832523363939,4.602407468535042,1.5982507844492313e-10
2011,27/5/2018,15:38:56,51.548141,-0.025894,4.24,6.9,501,-0.2671676099596285,14.714634146341464,80.09640956143075,2.219086694642293,4.541332578105067,1.4188931243419789e-10
2012,27/5/2018,15:38:57,51.548149,-0.025902,3.96,6.9,501,-0.2671676099596285,14.721951219512196,82.38251645245212,2.1589676204860777,4.491676010694845,1.2771875512850888e-10
2013,27/5/2018,15:38:57,51.548149,-0.025902,3.96,7.0,501,-0.2671676099596285,14.729268292682928,83.0708967116549,2.2164739631146912,4.597707772423319,1.6488665191378963e-10
2014,27/5/2018,15:38:58,51.548161,-0.025913,4.57,7.0,499,-0.3067665977708669,14.73658536585366,83.75927697085767,2.273980305743305,4.703739534151793,2.0205454869907035e-10
2015,27/5/2018,15:38:58,51.548161,-0.025913,4.57,6.8,501,-0.2671676099596285,14.74390243902439,84.44765723006029,2.331486648371904,4.809771295880241,2.3922244548434207e-10
2016,27/5/2018,15:38:59,51.548172,-0.025921,4.67,6.8,499,-0.3067665977708669,14.751219512195123,81.64524797113913,2.337438404593275,4.845432102536462,2.6842209286074893e-10
2017,27/5/2018,15:38:59,51.548172,-0.025921,4.67,6.7,501,-0.2671676099596285,14.758536585365855,78.43302474007344,2.3373377220387965,4.872831454163087,2.966862785244587e-10
2018,27/5/2018,15:39:0,51.54818,-0.025928,3.61,6.7,501,-0.2671676099596285,14.765853658536587,75.22080150900774,2.337237039484318,4.900230805789713,3.249504641881685e-10
2019,27/5/2018,15:39:0,51.54818,-0.025928,3.61,6.2,503,-0.2275686221483901,14.773170731707317,70.3470725495278,2.293108911257519,4.90983013529401,3.783424727957726e-10
2020,27/5/2018,15:39:1,51.548191,-0.025935,4.3,6.2,501,-0.2671676099596285,14.78048780487805,64.8321339626132,2.231989675775649,4.912560065940294,4.414318310498717e-10
2021,27/5/2018,15:39:1,51.548191,-0.025935,4.3,6.2,504,-0.2077691282427709,14.787804878048782,59.31719537569859,2.170870440293779,4.915289996586578,5.045211893039709e-10
2022,27/5/2018,15:39:2,51.548199,-0.025949,5.13,6.2,504,-0.2077691282427709,14.795121951219514,56.28544747393276,2.1229160582093836,4.876925219091337,4.978537319706908e-10
2023,27/5/2018,15:39:2,51.548199,-0.025949,5.13,6.4,505,-0.18796963433715172,14.802439024390244,55.30065405586861,2.0858137850066862,4.804685074074082,4.3368403476140774e-10
2024,27/5/2018,15:39:3,51.54821,-0.02596,3.39,6.4,503,-0.2275686221483901,14.809756097560976,54.31586063780422,2.0487115118039805,4.732444929056809,3.695143375521091e-10
2025,27/5/2018,15:39:3,51.54821,-0.02596,3.39,6.6,503,-0.2275686221483901,14.817073170731708,56.28716423035519,2.0570428699121153,4.750396761309091,3.6289747791528126e-10
2026,27/5/2018,15:39:4,51.548218,-0.025974,4.91,6.6,503,-0.2275686221483901,14.82439024390244,63.19046348079101,2.1411763656166625,4.918826212757262,4.5230261755218156e-10
2027,27/5/2018,15:39:4,51.548218,-0.025974,4.91,6.7,504,-0.2077691282427709,14.831707317073171,70.09376273122515,2.225309861321189,5.087255664205393,5.417077571890602e-10
2028,27/5/2018,15:39:5,51.548225,-0.025992,4.89,6.7,499,-0.3067665977708669,14.839024390243903,78.07316212537886,2.299234242823325,5.199779817034056,5.895324893113445e-10
2029,27/5/2018,15:39:5,51.548225,-0.025992,4.89,6.8,500,-0.2869671038652477,14.846341463414635,90.32060735981763,2.3326670700226657,5.090571467905686,4.724403348723341e-10
2030,27/5/2018,15:39:6,51.548229,-0.026012,4.76,6.8,497,-0.3463655855821053,14.853658536585368,102.5680525942564,2.366099897222007,4.981363118777317,3.553481804333237e-10
2031,27/5/2018,15:39:6,51.548229,-0.026012,4.76,6.8,498,-0.3265660916764861,14.860975609756098,114.7108579096266,2.397719680138025,4.873744024679527,2.411642751626111e-10
2032,27/5/2018,15:39:7,51.548229,-0.026028,3.63,6.8,496,-0.3661650794877245,14.86829268292683,123.21671901098163,2.366323923909501,4.821362281103211,2.2806167882166977e-10
2033,27/5/2018,15:39:7,51.548229,-0.026028,3.63,6.5,497,-0.3463655855821053,14.875609756097562,131.7225801123367,2.3349281676809768,4.768980537526893,2.1495908248072845e-10
2034,27/5/2018,15:39:8,51.548225,-0.02605,4.44,6.5,495,-0.38596457339334367,14.882926829268294,140.22844121369172,2.3035324114524527,4.716598793950577,2.0185648613978715e-10
2035,27/5/2018,15:39:8,51.548225,-0.02605,4.44,6.6,497,-0.3463655855821053,14.890243902439025,138.60928826361132,2.3797641071177864,4.771664804685212,2.2253448040845942e-10
2036,27/5/2018,15:39:9,51.548222,-0.02607,5.33,6.6,494,-0.40576406729896286,14.897560975609757,135.26710974879333,2.4743113182124112,4.845015750789916,2.4896109101649287e-10
2037,27/5/2018,15:39:10,51.548222,-0.026087,5.85,6.6,495,-0.38596457339334367,14.904878048780489,131.92493123397531,2.568858529307036,4.918366696894619,2.7538770162452633e-10
2038,27/5/2018,15:39:11,51.548218,-0.026105,5.35,6.6,497,-0.3463655855821053,14.912195121951221,121.44564841578331,2.4962774439221262,4.863547561628455,2.6682254226682e-10
2039,27/5/2018,15:39:12,51.548214,-0.026124,4.93,6.6,501,-0.2671676099596285,14.919512195121952,107.6258966726497,2.3454731944726697,4.748739366972414,2.418797435709756e-10
2040,27/5/2018,15:39:12,51.548214,-0.026124,4.93,6.0,502,-0.2473681160540093,14.926829268292684,93.80614492951275,2.1946689450231767,4.633931172316345,2.1693694487512519e-10
2041,27/5/2018,15:39:13,51.54821,-0.026142,4.78,6.0,502,-0.2473681160540093,14.934146341463416,83.3362964515271,2.127674321523667,4.589656686599928,2.2457438046772928e-10
2042,27/5/2018,15:39:14,51.548203,-0.026161,4.72,6.0,501,-0.2671676099596285,14.941463414634148,76.11363017995075,2.14191939498547,4.613753072067622,2.637930136915243e-10
2043,27/5/2018,15:39:15,51.548195,-0.026179,5.3,6.0,502,-0.2473681160540093,14.948780487804878,68.89096390837614,2.156164468447269,4.63784945753531,3.0301164691530983e-10
2044,27/5/2018,15:39:15,51.548195,-0.026179,5.3,6.8,504,-0.2077691282427709,14.95609756097561,63.42880452842244,2.1621249891836247,4.641358798838568,3.173918478325476e-10
2045,27/5/2018,15:39:16,51.548187,-0.026198,5.2,6.8,502,-0.2473681160540093,14.963414634146343,61.47094525869274,2.151595055286097,4.603889498434762,2.823309920383099e-10
2046,27/5/2018,15:39:17,51.54818,-0.026215,4.82,6.8,503,-0.2275686221483901,14.970731707317075,59.513085988963034,2.1410651213885696,4.566420198030956,2.472701362440722e-10
2047,27/5/2018,15:39:18,51.548176,-0.026232,4.7,6.8,503,-0.2275686221483901,14.978048780487805,57.914367182044025,2.1368054879627065,4.546728533252627,2.258653944498854e-10
2048,27/5/2018,15:39:19,51.548168,-0.02625,4.93,6.8,503,-0.2275686221483901,14.985365853658537,58.18722543483831,2.1652220682623793,4.6196808851139775,2.756263171628975e-10
2049,27/5/2018,15:39:20,51.548164,-0.026268,5.06,6.8,503,-0.2275686221483901,14.99268292682927,58.460083687632604,2.1936386485620516,4.692633236975327,3.2538723987590953e-10
2050,27/5/2018,15:39:20,51.548164,-0.026268,5.06,7.3,504,-0.2077691282427709,15.0,58.73294194042683,2.2220552288617172,4.76558558883666,3.7514816258890953e-10
2051,27/5/2018,15:39:21,51.548157,-0.026287,5.3,7.3,501,-0.2671676099596285,15.007317073170732,57.934052223112495,2.3579383693982945,4.98866853549396,4.775047765504526e-10
2052,27/5/2018,15:39:22,51.548149,-0.026305,5.3,7.3,502,-0.2473681160540093,15.014634146341464,57.12171028881532,2.4951703937462035,5.213635870452695,5.805215537880376e-10
2053,27/5/2018,15:39:23,51.548141,-0.026323,5.3,7.3,502,-0.2473681160540093,15.021951219512196,56.30936835451814,2.6324024180941126,5.438603205411431,6.835383310256226e-10
2054,27/5/2018,15:39:23,51.548141,-0.026323,5.3,7.6,505,-0.18796963433715172,15.029268292682927,49.68420676832537,2.920812414976464,5.8199984922875485,1.0141046394715145e-09
2055,27/5/2018,15:39:24,51.54813,-0.026337,4.76,7.6,502,-0.2473681160540093,15.036585365853659,41.73265168933895,3.2437188337387255,6.237088163290472,1.396594151381089e-09
2056,27/5/2018,15:39:25,51.548126,-0.026354,4.59,7.6,505,-0.18796963433715172,15.043902439024391,33.78109661035252,3.5666252525009865,6.654177834293396,1.7790836632906632e-09
2057,27/5/2018,15:39:26,51.548119,-0.02637,5.07,7.6,508,-0.12857115262029412,15.051219512195123,27.40872116836497,3.6586352767288637,7.2069982249596425,2.353941600933672e-09
2058,27/5/2018,15:39:27,51.548111,-0.026386,4.85,7.6,512,-0.04937317699781735,15.058536585365854,21.92149100061917,3.6212256658038626,7.83589698078726,3.036623879114881e-09
2059,27/5/2018,15:39:27,51.548111,-0.026386,4.85,8.1,514,-0.009774189186578956,15.065853658536586,16.434260832872035,3.5838160548788522,8.46479573661503,3.719306157296256e-09
2060,27/5/2018,15:39:28,51.5481,-0.0264,4.98,8.1,510,-0.08897216480905573,15.073170731707318,15.566788986871138,3.53014917215188,8.51833951896032,3.755660020104448e-09
2061,27/5/2018,15:39:29,51.548092,-0.026413,5.26,8.1,507,-0.14837064652591334,15.08048780487805,19.963032718975896,3.45795888432844,7.9163284592688585,3.0555924704422586e-09
2062,27/5/2018,15:39:30,51.54808,-0.026427,5.85,8.1,506,-0.16817014043153253,15.08780487804878,24.359276451079587,3.385768596505017,7.314317399577544,2.355524920780239e-09
2063,27/5/2018,15:39:30,51.54808,-0.026427,5.85,8.6,507,-0.14837064652591334,15.095121951219513,29.449998592458403,3.2717867250115025,6.785752588031306,1.75378160758462e-09
2064,27/5/2018,15:39:31,51.548069,-0.026441,4.7,8.6,502,-0.2473681160540093,15.102439024390245,36.20818303271094,3.057462079359006,6.433534295167916,1.3881175665220688e-09
2065,27/5/2018,15:39:31,51.548069,-0.026441,4.7,39.0,504,-0.2077691282427709,15.109756097560977,42.966367472963476,2.8431374337065094,6.081316002304526,1.0224535254595177e-09
2066,27/5/2018,15:39:32,51.548061,-0.026454,4.7,39.0,502,-0.2473681160540093,15.117073170731707,49.25572597398971,2.635581379240123,5.731363971699173,6.870321253438255e-10
2067,27/5/2018,15:39:33,51.548054,-0.026467,4.52,39.0,504,-0.2077691282427709,15.12439024390244,52.127590128561486,2.47736479210367,5.397931800184606,5.720636605507248e-10
2068,27/5/2018,15:39:34,51.54805,-0.02648,4.41,39.0,503,-0.2275686221483901,15.131707317073172,54.99945428313327,2.319148204967217,5.06449962867004,4.5709519575762413e-10
2069,27/5/2018,15:39:34,51.54805,-0.02648,4.41,9.3,504,-0.2077691282427709,15.139024390243904,57.87131843770504,2.160931617830764,4.731067457155474,3.4212673096452346e-10
2070,27/5/2018,15:39:35,51.548042,-0.026494,4.72,9.3,502,-0.2473681160540093,15.146341463414634,61.27763406459908,2.159983342820805,4.661727455548784,2.99610116403791e-10
2071,27/5/2018,15:39:36,51.548035,-0.026507,4.74,9.3,501,-0.2671676099596285,15.153658536585366,64.71371725674126,2.16779450619767,4.607096705026874,2.6112888258530036e-10
2072,27/5/2018,15:39:37,51.548027,-0.026522,4.83,9.3,502,-0.2473681160540093,15.160975609756099,68.14980044888345,2.1756056695745345,4.552465954504962,2.2264764876680978e-10
2073,27/5/2018,15:39:38,51.548023,-0.026536,4.63,9.3,502,-0.2473681160540093,15.16829268292683,73.33386258890108,2.2074878585056483,4.5719891616372195,2.139002825866851e-10
2074,27/5/2018,15:39:38,51.548023,-0.026536,4.63,9.6,502,-0.2473681160540093,15.175609756097561,79.02876210067335,2.2464046741664108,4.613183460906705,2.1384247803714256e-10
2075,27/5/2018,15:39:39,51.548016,-0.02655,4.37,9.6,499,-0.3067665977708669,15.182926829268293,84.723661612447,2.285321489827183,4.6543777601762,2.137846734876e-10
2076,27/5/2018,15:39:40,51.548012,-0.026564,4.59,9.6,499,-0.3067665977708669,15.190243902439025,89.3833415246595,2.2955582103829264,4.650321391584401,2.0398490995184972e-10
2077,27/5/2018,15:39:41,51.548004,-0.026577,4.98,9.6,498,-0.3265660916764861,15.197560975609758,93.35417818368987,2.286710970374075,4.616154873154394,1.8770277038373792e-10
2078,27/5/2018,15:39:41,51.548004,-0.026577,4.98,9.7,500,-0.2869671038652477,15.204878048780488,97.32501484271928,2.277863730365226,4.581988354724394,1.7142063081563007e-10
2079,27/5/2018,15:39:42,51.547997,-0.026589,3.89,9.7,499,-0.3067665977708669,15.21219512195122,99.11079507048537,2.2766356807224155,4.586343379965067,1.813113694390048e-10
2080,27/5/2018,15:39:43,51.547989,-0.026603,4.98,9.7,499,-0.3067665977708669,15.219512195121952,97.96511905949276,2.2856294829335164,4.642378635475442,2.2631545614937167e-10
2081,27/5/2018,15:39:44,51.547981,-0.026617,4.63,9.7,499,-0.3067665977708669,15.226829268292684,96.81944304850016,2.2946232851446173,4.698413890985816,2.7131954285973855e-10
2082,27/5/2018,15:39:44,51.547981,-0.026617,4.63,9.8,500,-0.2869671038652477,15.234146341463415,95.20031226626229,2.2855765892067295,4.754580978753,3.21869613578187e-10
2083,27/5/2018,15:39:45,51.547974,-0.026632,4.8,9.8,498,-0.3265660916764861,15.241463414634147,92.18818612905497,2.223451264328731,4.811135942474866,3.887370401059077e-10
2084,27/5/2018,15:39:46,51.547966,-0.026646,4.33,9.8,502,-0.2473681160540093,15.24878048780488,89.17605999184765,2.161325939450733,4.867690906196733,4.5560446663362845e-10
2085,27/5/2018,15:39:47,51.547958,-0.026661,4.19,9.8,501,-0.2671676099596285,15.256097560975611,86.63351238028368,2.1057794564565637,4.915013564548702,5.107078256163257e-10
2086,27/5/2018,15:39:47,51.547958,-0.026661,4.19,9.7,502,-0.2473681160540093,15.263414634146342,89.47122041844744,2.1256108906395967,4.856555910527261,4.3102288527001177e-10
2087,27/5/2018,15:39:48,51.547955,-0.026675,3.78,9.7,499,-0.3067665977708669,15.270731707317074,92.30892845661191,2.145442324822634,4.7980982565058055,3.513379449236785e-10
2088,27/5/2018,15:39:48,51.547955,-0.026675,3.78,9.6,500,-0.2869671038652477,15.278048780487806,95.14663649477637,2.165273759005672,4.73964060248435,2.7165300457734533e-10
2089,27/5/2018,15:39:49,51.547951,-0.026693,5.02,9.6,498,-0.3265660916764861,15.285365853658538,101.4423959353362,2.22616119223064,4.736845523575572,2.733149576543139e-10
2090,27/5/2018,15:39:49,51.547951,-0.026693,5.02,9.5,499,-0.3067665977708669,15.292682926829269,108.09324116750517,2.291264410654758,4.739766088318962,2.8332991729048884e-10
2091,27/5/2018,15:39:50,51.547947,-0.026712,4.28,9.5,496,-0.3661650794877245,15.3,114.74408639967575,2.356367629078892,4.7426866530623535,2.933448769266662e-10
2092,27/5/2018,15:39:51,51.547939,-0.02673,4.37,9.5,497,-0.3463655855821053,15.307317073170733,116.3525477022659,2.337605161681879,4.70001706253201,2.695046981647315e-10
2093,27/5/2018,15:39:52,51.547935,-0.026748,4.67,9.5,498,-0.3265660916764861,15.314634146341465,116.12883199169862,2.288369651394819,4.640782046662114,2.3336307484471753e-10
2094,27/5/2018,15:39:53,51.547932,-0.026764,4.72,9.5,497,-0.3463655855821053,15.321951219512195,115.9051162811314,2.2391341411077708,4.581547030792233,1.9722145152471236e-10
2095,27/5/2018,15:39:54,51.547928,-0.026782,5.56,9.5,499,-0.3067665977708669,15.329268292682928,114.95105140529006,2.20229982369585,4.54977616654349,1.8938869501339291e-10
2096,27/5/2018,15:39:54,51.547928,-0.026782,5.56,9.1,500,-0.2869671038652477,15.33658536585366,113.42335196239165,2.175205714453062,4.5395763363615504,2.0379043308055148e-10
2097,27/5/2018,15:39:55,51.547924,-0.0268,4.78,9.1,498,-0.3265660916764861,15.343902439024392,111.89565251949323,2.1481116052102744,4.529376506179612,2.1819217114771005e-10
2098,27/5/2018,15:39:55,51.547924,-0.0268,4.78,9.2,499,-0.3067665977708669,15.351219512195122,111.05607770419702,2.1539472573445404,4.532894910762613,2.2116512424488685e-10
2099,27/5/2018,15:39:56,51.54792,-0.026819,5.06,9.2,497,-0.3463655855821053,15.358536585365854,111.30787177638311,2.212009665501739,4.558170500037301,2.0601197076536652e-10
2100,27/5/2018,15:39:57,51.547916,-0.026837,4.37,9.2,497,-0.3463655855821053,15.365853658536587,111.5596658485692,2.2700720736589375,4.58344608931199,1.908588172858462e-10
2101,27/5/2018,15:39:58,51.547913,-0.026855,4.91,9.2,499,-0.3067665977708669,15.373170731707319,110.46172958285244,2.3277874093649946,4.628461874632349,1.874230205296371e-10
2102,27/5/2018,15:39:59,51.547909,-0.026872,4.37,9.2,499,-0.3067665977708669,15.38048780487805,104.38576590506018,2.3842226848047448,4.746282748699374,2.272027619648157e-10
2103,27/5/2018,15:40:0,51.547909,-0.026891,5.24,9.2,498,-0.3265660916764861,15.387804878048781,98.30980222726646,2.4406579602445087,4.864103622766429,2.669825034000039e-10
2104,27/5/2018,15:40:0,51.547909,-0.026891,5.24,9.4,500,-0.2869671038652477,15.395121951219513,92.04133000170017,2.491647343792743,4.980590911430143,3.0824867184500843e-10
2105,27/5/2018,15:40:1,51.547905,-0.026907,4.2,9.4,499,-0.3067665977708669,15.402439024390246,81.1417146439562,2.4116258962695394,5.064996378516017,3.8527354460545556e-10
2106,27/5/2018,15:40:1,51.547905,-0.026907,4.2,9.7,504,-0.2077691282427709,15.409756097560976,70.24209928621487,2.331604448746355,5.149401845601869,4.622984173658839e-10
2107,27/5/2018,15:40:2,51.547909,-0.026925,4.44,9.7,504,-0.2077691282427709,15.417073170731708,59.34248392847089,2.2515830012231515,5.233807312687741,5.393232901263311e-10
2108,27/5/2018,15:40:3,51.547901,-0.026951,5.37,9.7,506,-0.16817014043153253,15.42439024390244,55.4105712371623,2.172964402235221,5.179165094133125,5.735707629442668e-10
2109,27/5/2018,15:40:4,51.547897,-0.026972,4.67,9.7,505,-0.18796963433715172,15.431707317073172,52.55201539415345,2.094561908490948,5.103102933774532,6.012284862595532e-10
2110,27/5/2018,15:40:4,51.547897,-0.026972,4.67,11.2,505,-0.18796963433715172,15.439024390243903,49.6934595511453,2.016159414746694,5.027040773415958,6.288862095748328e-10
2111,27/5/2018,15:40:5,51.547894,-0.026989,3.78,11.2,502,-0.2473681160540093,15.446341463414635,53.774072259665054,2.0668178650510143,4.978344416730867,5.77967350463008e-10
2112,27/5/2018,15:40:5,51.547894,-0.026989,3.78,11.1,504,-0.2077691282427709,15.453658536585367,60.92698860168538,2.174617802033326,4.941764217397397,4.922588594368969e-10
2113,27/5/2018,15:40:6,51.547886,-0.027009,4.57,11.1,501,-0.2671676099596285,15.4609756097561,68.07990494370571,2.2824177390156377,4.905184018063928,4.0655036841078576e-10
2114,27/5/2018,15:40:7,51.547886,-0.027018,3.13,11.1,500,-0.2869671038652477,15.46829268292683,76.46046912379374,2.322227044507907,4.817006719496874,3.208636399997443e-10
2115,27/5/2018,15:40:8,51.547886,-0.027033,3.26,11.1,500,-0.2869671038652477,15.475609756097562,85.97548274586944,2.299207310953128,4.681149378967864,2.3519702206803346e-10
2116,27/5/2018,15:40:9,51.547882,-0.027051,3.59,11.1,499,-0.3067665977708669,15.482926829268294,95.49049636794516,2.2761875773983493,4.545292038438853,1.4953040413632265e-10
2117,27/5/2018,15:40:10,51.547882,-0.027068,3.59,11.1,498,-0.3265660916764861,15.490243902439026,104.54800665378832,2.255914214534662,4.46488297302075,1.0150743885358975e-10
2118,27/5/2018,15:40:11,51.547878,-0.02709,3.63,11.1,498,-0.3265660916764861,15.497560975609757,112.74203181266881,2.240824311674586,4.489126173678259,1.2453255478165957e-10
2119,27/5/2018,15:40:12,51.547871,-0.027107,4.93,11.1,497,-0.3463655855821053,15.504878048780489,120.93605697155128,2.2257344088145063,4.513369374335774,1.4755767070973497e-10
2120,27/5/2018,15:40:12,51.547871,-0.027107,4.93,13.9,498,-0.3265660916764861,15.51219512195122,128.65438509859797,2.2169939398925265,4.534102693836777,1.6482195269652797e-10
2121,27/5/2018,15:40:13,51.547871,-0.02712,3.69,13.9,495,-0.38596457339334367,15.519512195121953,134.0977670183282,2.238618639742661,4.53805055896081,1.545359527840957e-10
2122,27/5/2018,15:40:13,51.547871,-0.02712,3.69,13.2,496,-0.3661650794877245,15.526829268292683,139.54114893805712,2.2602433395927903,4.541998424084843,1.442499528716659e-10
2123,27/5/2018,15:40:14,51.547863,-0.027135,3.94,13.2,495,-0.38596457339334367,15.534146341463416,144.98453085778732,2.281868039442925,4.545946289208877,1.3396395295923364e-10
2124,27/5/2018,15:40:14,51.547863,-0.027135,3.94,13.2,496,-0.3661650794877245,15.541463414634148,146.31757316066015,2.2279417705502196,4.502507264700936,1.2234862516665401e-10
2125,27/5/2018,15:40:15,51.547852,-0.027145,3.72,13.2,496,-0.3661650794877245,15.548780487804878,147.64875051815324,2.1739812226336026,4.459046739789366,1.1073269423075602e-10
2126,27/5/2018,15:40:15,51.547852,-0.027145,3.72,13.4,497,-0.3463655855821053,15.55609756097561,148.97992787564667,2.1200206747169728,4.415586214877784,9.911676329485521e-11
2127,27/5/2018,15:40:16,51.547848,-0.027161,4.48,13.4,495,-0.38596457339334367,15.563414634146342,151.1187641177237,2.144559481127971,4.457008338779964,1.1219476625646665e-10
2128,27/5/2018,15:40:16,51.547848,-0.027161,4.48,13.4,496,-0.3661650794877245,15.570731707317075,153.42755602627307,2.1856169073883365,4.51629231924863,1.3046911395406083e-10
2129,27/5/2018,15:40:17,51.54784,-0.027179,3.91,13.4,494,-0.40576406729896286,15.578048780487805,155.73634793482188,2.2266743336486923,4.575576299717282,1.4874346165165056e-10
2130,27/5/2018,15:40:17,51.54784,-0.027179,3.91,13.4,496,-0.3661650794877245,15.585365853658537,157.13015423024584,2.2268622326993612,4.600135441027031,1.6471147075514332e-10
2131,27/5/2018,15:40:18,51.547836,-0.027193,3.78,13.4,494,-0.40576406729896286,15.59268292682927,158.0372254739449,2.205309209100509,4.606222383275178,1.7945260173203843e-10
2132,27/5/2018,15:40:19,51.547836,-0.027211,3.63,13.4,495,-0.38596457339334367,15.600000000000001,158.94429671764394,2.183756185501657,4.6123093255233245,1.9419373270893353e-10
2133,27/5/2018,15:40:19,51.547836,-0.027211,3.63,13.2,497,-0.3463655855821053,15.607317073170732,160.65966966021352,2.1743986801665245,4.61192987159856,2.0070055429858044e-10
2134,27/5/2018,15:40:20,51.547836,-0.027221,2.43,13.2,494,-0.40576406729896286,15.614634146341464,163.25293318963645,2.178286638376084,4.604527311896599,1.982641524477793e-10
2135,27/5/2018,15:40:20,51.547836,-0.027221,2.43,12.7,496,-0.3661650794877245,15.621951219512196,165.84619671905935,2.182174596585644,4.597124752194637,1.9582775059697815e-10
2136,27/5/2018,15:40:21,51.547836,-0.027232,3.24,12.7,494,-0.40576406729896286,15.629268292682928,167.66698300547716,2.2061916109352953,4.599889176908541,1.9118251661242052e-10
2137,27/5/2018,15:40:21,51.547836,-0.027232,3.24,12.1,494,-0.40576406729896286,15.636585365853659,167.73557412260917,2.27586697347619,4.625715175462959,1.8152703147862086e-10
2138,27/5/2018,15:40:22,51.547832,-0.02725,3.96,12.1,492,-0.44536305511020124,15.64390243902439,167.80416523974117,2.3455423360171017,4.651541174017384,1.7187154634481887e-10
2139,27/5/2018,15:40:23,51.547825,-0.027262,4.11,12.1,494,-0.40576406729896286,15.651219512195123,166.84881026424821,2.3901543723746466,4.666581416566454,1.6708899149719852e-10
2140,27/5/2018,15:40:24,51.547817,-0.027275,2.89,12.1,496,-0.3661650794877245,15.658536585365855,159.19402235891536,2.2707830955738664,4.611053052549284,1.9418884711941907e-10
2141,27/5/2018,15:40:24,51.547817,-0.027275,2.89,12.2,498,-0.3265660916764861,15.665853658536586,151.53923445358438,2.1514118187731155,4.5555246885321266,2.2128870274163306e-10
2142,27/5/2018,15:40:25,51.54781,-0.027291,2.94,12.2,496,-0.3661650794877245,15.673170731707318,143.88444654825156,2.0320405419723353,4.499996324514956,2.483885583638536e-10
2143,27/5/2018,15:40:25,51.54781,-0.027291,2.94,11.9,498,-0.3265660916764861,15.68048780487805,143.6208621067245,2.0803639975355277,4.544576379332621,2.553682733786469e-10
2144,27/5/2018,15:40:26,51.547806,-0.027307,5.11,11.9,496,-0.3661650794877245,15.687804878048782,143.6717969615285,2.135823399156737,4.593416366866647,2.6149181219738233e-10
2145,27/5/2018,15:40:26,51.547806,-0.027307,5.11,11.0,497,-0.3463655855821053,15.695121951219512,143.72273181633253,2.1912828007779326,4.642256354400661,2.6761535101611634e-10
2146,27/5/2018,15:40:27,51.547794,-0.027323,3.74,11.0,494,-0.40576406729896286,15.702439024390245,146.07893427697638,2.2326267340229644,4.667362409127773,2.57697038754843e-10
2147,27/5/2018,15:40:28,51.547794,-0.027325,2.09,11.0,495,-0.38596457339334367,15.709756097560977,149.06356386295207,2.2701227221565996,4.685998478709176,2.434056401179695e-10
2148,27/5/2018,15:40:28,51.547794,-0.027325,2.09,9.7,497,-0.3463655855821053,15.717073170731709,152.04819344892775,2.307618710290235,4.70463454829058,2.29114241481096e-10
2149,27/5/2018,15:40:29,51.547791,-0.027337,2.19,9.7,494,-0.40576406729896286,15.72439024390244,149.31412485532655,2.3319840215659102,4.701436799148322,2.128515116870218e-10
2150,27/5/2018,15:40:30,51.547783,-0.027358,4.07,9.7,495,-0.38596457339334367,15.731707317073171,142.96051981827046,2.3480385316903236,4.684419768049151,1.9534106698623636e-10
2151,27/5/2018,15:40:31,51.547771,-0.027393,5.65,9.7,496,-0.3661650794877245,15.739024390243904,136.60691478121433,2.3640930418147375,4.667402736949979,1.7783062228545088e-10
2152,27/5/2018,15:40:32,51.547764,-0.027416,4.44,9.7,497,-0.3463655855821053,15.746341463414636,128.98499581871687,2.318814708861818,4.625240039777411,1.7653799933802636e-10
2153,27/5/2018,15:40:33,51.54776,-0.027435,4.06,9.7,500,-0.2869671038652477,15.753658536585366,119.74230792464189,2.1951595919351945,4.550943882963585,1.9597001018076703e-10
2154,27/5/2018,15:40:33,51.54776,-0.027435,4.06,8.4,501,-0.2671676099596285,15.760975609756098,110.49962003056467,2.071504475008541,4.47664772614974,2.154020210235124e-10
2155,27/5/2018,15:40:34,51.547756,-0.027456,4.33,8.4,499,-0.3067665977708669,15.76829268292683,103.73929739071103,2.0002091892061857,4.4283745198531195,2.2104025788453724e-10
2156,27/5/2018,15:40:35,51.547752,-0.027477,4.5,8.4,499,-0.3067665977708669,15.775609756097563,103.84256633025846,2.073685707388817,4.452053216580152,1.8853953401526035e-10
2157,27/5/2018,15:40:35,51.547752,-0.027477,4.5,8.1,500,-0.2869671038652477,15.782926829268293,103.94583526980587,2.1471622255714307,4.47573191330718,1.5603881014599136e-10
2158,27/5/2018,15:40:36,51.547741,-0.027507,4.89,8.1,498,-0.3265660916764861,15.790243902439025,104.25004750926334,2.2134144009347843,4.500386697389384,1.2811380990283021e-10
2159,27/5/2018,15:40:37,51.547737,-0.027526,4.7,8.1,498,-0.3265660916764861,15.797560975609757,106.53239829947333,2.2085482506756295,4.534650341418808,1.4523343322492482e-10
2160,27/5/2018,15:40:38,51.547733,-0.02754,5.32,8.1,498,-0.3265660916764861,15.80487804878049,108.8147490896833,2.2036821004164744,4.568913985448232,1.6235305654701942e-10
2161,27/5/2018,15:40:39,51.547729,-0.027555,4.04,8.1,498,-0.3265660916764861,15.81219512195122,111.09709987989272,2.198815950157321,4.603177629477647,1.7947267986910988e-10
2162,27/5/2018,15:40:39,51.547729,-0.027555,4.04,7.7,500,-0.2869671038652477,15.819512195121952,113.07320287460244,2.214079556521092,4.671168221280814,2.094003900160482e-10
2163,27/5/2018,15:40:40,51.547722,-0.027569,3.54,7.7,497,-0.3463655855821053,15.826829268292684,115.02224843821908,2.2311216556960707,4.742138637196273,2.404597129673541e-10
2164,27/5/2018,15:40:40,51.547722,-0.027569,3.54,7.5,499,-0.3067665977708669,15.834146341463416,116.97129400183572,2.248163754871049,4.813109053111732,2.7151903591866e-10
2165,27/5/2018,15:40:41,51.547718,-0.027586,4.44,7.5,496,-0.3661650794877245,15.841463414634147,117.77989333468244,2.254903869587917,4.785656620268114,2.5491208465699393e-10
2166,27/5/2018,15:40:42,51.547714,-0.027601,4.19,7.5,497,-0.3463655855821053,15.848780487804879,118.19901559338344,2.258125723946354,4.724591517112165,2.220264869190425e-10
2167,27/5/2018,15:40:43,51.547707,-0.027622,4.37,7.5,498,-0.3265660916764861,15.856097560975611,118.61813785208443,2.261347578304791,4.663526413956215,1.8914088918109105e-10
2168,27/5/2018,15:40:43,51.547707,-0.027622,4.37,8.4,499,-0.3067665977708669,15.863414634146343,116.99282499348173,2.2523083924266243,4.63214092636933,1.7234432266092509e-10
2169,27/5/2018,15:40:44,51.547703,-0.027638,4.37,8.4,497,-0.3463655855821053,15.870731707317074,113.83796778575667,2.2340961079993624,4.622960246307804,1.6758476654707958e-10
2170,27/5/2018,15:40:44,51.547703,-0.027638,4.37,8.0,499,-0.3067665977708669,15.878048780487806,110.68311057803086,2.2158838235720957,4.613779566246276,1.6282521043323293e-10
2171,27/5/2018,15:40:45,51.547695,-0.027654,4.11,8.0,498,-0.3265660916764861,15.885365853658538,107.5595815192632,2.193723501772889,4.589628899693252,1.5370365536541587e-10
2172,27/5/2018,15:40:45,51.547695,-0.027654,4.11,7.6,500,-0.2869671038652477,15.89268292682927,104.48331198895804,2.165607437590075,4.5428955231428265,1.3800188344553682e-10
2173,27/5/2018,15:40:46,51.547691,-0.027671,4.67,7.6,499,-0.3067665977708669,15.9,101.4070424586536,2.137491373407268,4.496162146592413,1.2230011152566157e-10
2174,27/5/2018,15:40:46,51.547691,-0.027671,4.67,7.5,500,-0.2869671038652477,15.907317073170733,98.87448421556775,2.1197034082292645,4.463622128920661,1.1090270455058308e-10
2175,27/5/2018,15:40:47,51.547688,-0.027688,4.15,7.5,499,-0.3067665977708669,15.914634146341465,98.21207385637403,2.1374399446617702,4.4799015503450175,1.143105796843001e-10
2176,27/5/2018,15:40:47,51.547688,-0.027688,4.15,7.5,500,-0.2869671038652477,15.921951219512197,97.54966349718032,2.155176481094276,4.496180971769374,1.1771845481801714e-10
2177,27/5/2018,15:40:48,51.547684,-0.027705,4.19,7.5,499,-0.3067665977708669,15.929268292682927,96.89487253892706,2.173417920940501,4.516712951678399,1.2291108830021603e-10
2178,27/5/2018,15:40:48,51.547684,-0.027705,4.19,7.2,500,-0.2869671038652477,15.93658536585366,96.37940776929615,2.2008918803519393,4.615006001021267,1.6073930301173955e-10
2179,27/5/2018,15:40:49,51.547684,-0.027723,4.33,7.2,498,-0.3265660916764861,15.943902439024392,95.86394299966523,2.228365839763377,4.713299050364134,1.9856751772326308e-10
2180,27/5/2018,15:40:49,51.547684,-0.027723,4.33,7.3,500,-0.2869671038652477,15.951219512195124,95.34847823003432,2.2558397991748156,4.811592099707002,2.3639573243478663e-10
2181,27/5/2018,15:40:50,51.547684,-0.027734,2.2,7.3,499,-0.3067665977708669,15.958536585365854,94.96744649693731,2.22697320970723,4.841083024760652,2.527450260191357e-10
2182,27/5/2018,15:40:50,51.547684,-0.027734,2.2,6.9,502,-0.2473681160540093,15.965853658536586,94.60501468835804,2.1903114384639273,4.861054605823875,2.661225328910105e-10
2183,27/5/2018,15:40:51,51.54768,-0.027747,3.09,6.9,499,-0.3067665977708669,15.973170731707318,94.24258287977878,2.1536496672206242,4.881026186887098,2.7950003976288536e-10
2184,27/5/2018,15:40:51,51.54768,-0.027747,3.09,6.0,500,-0.2869671038652477,15.98048780487805,96.13768082130306,2.161574823958298,4.8547657622372125,2.5375837121903157e-10
2185,27/5/2018,15:40:52,51.547684,-0.027759,2.91,6.0,498,-0.3265660916764861,15.987804878048781,98.97712707810311,2.1881511591888527,4.809166005866451,2.1165274229010246e-10
2186,27/5/2018,15:40:52,51.547684,-0.027759,2.91,5.3,500,-0.2869671038652477,15.995121951219513,101.81657333490384,2.214727494419414,4.763566249495677,1.6954711336116311e-10
2187,27/5/2018,15:40:53,51.547676,-0.027783,4.22,5.3,498,-0.3265660916764861,16.002439024390245,104.60441237906197,2.2330322693845517,4.74017399370099,1.4576457080723009e-10
2188,27/5/2018,15:40:53,51.547676,-0.027783,4.22,4.8,499,-0.3067665977708669,16.009756097560977,107.3467924682111,2.244050921602388,4.736343533978137,1.381221822452534e-10
2189,27/5/2018,15:40:54,51.547668,-0.027801,4.5,4.8,497,-0.3463655855821053,16.01707317073171,110.08917255736026,2.2550695738202244,4.732513074255284,1.304797936832767e-10
2190,27/5/2018,15:40:54,51.547668,-0.027801,4.5,5.0,499,-0.3067665977708669,16.02439024390244,111.77018853949333,2.256384291199142,4.716672876269876,1.25269478754392e-10
2191,27/5/2018,15:40:55,51.547661,-0.027819,4.33,5.0,497,-0.3463655855821053,16.03170731707317,111.5501536210863,2.2403179101007744,4.67932156481423,1.2441534634553677e-10
2192,27/5/2018,15:40:55,51.547661,-0.027819,4.33,5.4,499,-0.3067665977708669,16.039024390243902,111.33011870267916,2.224251529002399,4.641970253358565,1.235612139366811e-10
2193,27/5/2018,15:40:56,51.547653,-0.027835,4.63,5.4,498,-0.3265660916764861,16.046341463414635,110.81784001574273,2.2088259876831264,4.612607507618354,1.2652955227341827e-10
2194,27/5/2018,15:40:56,51.547653,-0.027835,4.63,5.5,499,-0.3067665977708669,16.053658536585367,109.01710801735126,2.1962258004839863,4.61846499600547,1.4635051715163676e-10
2195,27/5/2018,15:40:57,51.547649,-0.027849,3.74,5.5,498,-0.3265660916764861,16.0609756097561,107.21637601895978,2.1836256132848457,4.624322484392585,1.6617148202985524e-10
2196,27/5/2018,15:40:57,51.547649,-0.027849,3.74,5.9,500,-0.2869671038652477,16.06829268292683,105.41201130209814,2.171579036757411,4.630474438841248,1.8608635816790084e-10
2197,27/5/2018,15:40:58,51.547646,-0.027865,3.7,5.9,498,-0.3265660916764861,16.075609756097563,103.29508940003188,2.2071648310477814,4.661962098242407,2.1408130967420294e-10
2198,27/5/2018,15:40:58,51.547646,-0.027865,3.7,6.5,500,-0.2869671038652477,16.082926829268292,101.17816749796665,2.242750625338134,4.69344975764355,2.4207626118049147e-10
2199,27/5/2018,15:40:59,51.547646,-0.027874,1.78,6.5,498,-0.3265660916764861,16.090243902439024,99.06124559590042,2.2783364196285047,4.724937417044709,2.7007121268679357e-10
2200,27/5/2018,15:41:0,51.547642,-0.027889,4.0,6.5,499,-0.3067665977708669,16.097560975609756,96.12017593151214,2.242085795150538,4.650142667026803,2.37172385654097e-10
2201,27/5/2018,15:41:1,51.547634,-0.027905,3.96,6.5,501,-0.2671676099596285,16.10487804878049,93.0198959039478,2.1919576806832146,4.55481608791655,1.9250998776725925e-10
2202,27/5/2018,15:41:2,51.547634,-0.027921,4.06,6.5,501,-0.2671676099596285,16.11219512195122,89.91961587638345,2.141829566215891,4.459489508806296,1.478475898804215e-10
2203,27/5/2018,15:41:3,51.547626,-0.027941,4.69,6.5,500,-0.2869671038652477,16.119512195121953,87.87234145693623,2.136722362857244,4.442571296320737,1.381352013806436e-10
2204,27/5/2018,15:41:4,51.547619,-0.027959,4.15,6.5,500,-0.2869671038652477,16.126829268292685,86.35623975497863,2.154325275677574,4.4652049958600655,1.4605281534173329e-10
2205,27/5/2018,15:41:5,51.547619,-0.027974,3.76,6.5,500,-0.2869671038652477,16.134146341463417,84.84013805302102,2.1719281884979047,4.487838695399393,1.5397042930282298e-10
2206,27/5/2018,15:41:6,51.547615,-0.02799,4.74,6.5,501,-0.2671676099596285,16.141463414634146,83.88965608143224,2.189196515482853,4.531567678610227,1.7968395955693756e-10
2207,27/5/2018,15:41:6,51.547615,-0.02799,4.74,7.2,502,-0.2473681160540093,16.148780487804878,83.52480807682362,2.20611841744134,4.597138393991728,2.238231077575251e-10
2208,27/5/2018,15:41:7,51.547611,-0.028007,4.33,7.2,499,-0.3067665977708669,16.15609756097561,83.15996007221501,2.223040319399827,4.66270910937323,2.679622559581127e-10
2209,27/5/2018,15:41:8,51.5476,-0.028029,4.61,7.2,500,-0.2869671038652477,16.163414634146342,82.82619621949952,2.2380133872009873,4.70224295633509,2.929127918948477e-10
2210,27/5/2018,15:41:9,51.547592,-0.028047,4.63,7.2,501,-0.2671676099596285,16.170731707317074,82.55912361421233,2.2488052188072545,4.685914534961504,2.7669403704008535e-10
2211,27/5/2018,15:41:9,51.547592,-0.028047,4.63,7.6,502,-0.2473681160540093,16.178048780487806,82.29205100892514,2.2595970504135217,4.6695861135879175,2.60475282185323e-10
2212,27/5/2018,15:41:10,51.547585,-0.028067,4.32,7.6,500,-0.2869671038652477,16.18536585365854,81.80093961372549,2.2690927674650565,4.6611816502263155,2.52735354404247e-10
2213,27/5/2018,15:41:11,51.547573,-0.028088,3.91,7.6,499,-0.3067665977708669,16.19268292682927,79.98364044435088,2.270916191352145,4.6996827081928485,2.9518547098495133e-10
2214,27/5/2018,15:41:12,51.547569,-0.028108,4.24,7.6,501,-0.2671676099596285,16.2,78.16634127497714,2.272739615239233,4.738183766159364,3.3763558756563505e-10
2215,27/5/2018,15:41:13,51.547565,-0.028127,4.69,7.6,502,-0.2473681160540093,16.20731707317073,76.34904210560254,2.2745630391263214,4.776684824125897,3.8008570414633934e-10
2216,27/5/2018,15:41:13,51.547565,-0.028127,4.69,7.5,503,-0.2275686221483901,16.214634146341464,74.33651984900993,2.243281063163292,4.784367270907399,4.1323429598352957e-10
2217,27/5/2018,15:41:14,51.547558,-0.028145,4.91,7.5,500,-0.2869671038652477,16.221951219512196,72.31819316999221,2.2110147890415712,4.791133410911755,4.4610633252401556e-10
2218,27/5/2018,15:41:15,51.54755,-0.028165,4.59,7.5,502,-0.2473681160540093,16.229268292682928,70.2998664909745,2.1787485149198504,4.797899550916109,4.789783690645015e-10
2219,27/5/2018,15:41:16,51.547546,-0.028183,4.41,7.5,502,-0.2473681160540093,16.23658536585366,70.47386087077435,2.178368556782398,4.745305139682447,4.203043486081183e-10
2220,27/5/2018,15:41:16,51.547546,-0.028183,4.41,7.3,503,-0.2275686221483901,16.243902439024392,71.20372517225242,2.186073474670513,4.677659673387876,3.384185365539087e-10
2221,27/5/2018,15:41:17,51.547539,-0.028204,4.89,7.3,501,-0.2671676099596285,16.251219512195124,71.93358947373049,2.1937783925586287,4.610014207093307,2.565327244996991e-10
2222,27/5/2018,15:41:18,51.547531,-0.028226,4.76,7.3,501,-0.2671676099596285,16.258536585365853,73.11352543859942,2.209670219862133,4.6206344057082935,2.5708936023172036e-10
2223,27/5/2018,15:41:19,51.547527,-0.028246,4.44,7.3,500,-0.2869671038652477,16.265853658536585,74.56426723483123,2.23048806893253,4.678346656938302,3.07251197597767e-10
2224,27/5/2018,15:41:20,51.54752,-0.028265,4.35,7.3,501,-0.2671676099596285,16.273170731707317,76.01500903106303,2.2513059180029273,4.73605890816831,3.5741303496381373e-10
2225,27/5/2018,15:41:20,51.54752,-0.028265,4.35,6.2,503,-0.2275686221483901,16.28048780487805,76.87416901748354,2.2726364403440216,4.771655168388843,3.7646057182206167e-10
2226,27/5/2018,15:41:21,51.547516,-0.028281,4.04,6.2,500,-0.2869671038652477,16.28780487804878,77.01303898270538,2.2945911763355253,4.780323745288407,3.5762438778041733e-10
2227,27/5/2018,15:41:22,51.547512,-0.028296,3.44,6.2,500,-0.2869671038652477,16.295121951219514,77.15190894792723,2.3165459123270296,4.788992322187971,3.3878820373877305e-10
2228,27/5/2018,15:41:23,51.547512,-0.028309,2.91,6.2,501,-0.2671676099596285,16.302439024390246,76.1330706041022,2.3430431668019733,4.809569741235141,3.435075312304743e-10
2229,27/5/2018,15:41:23,51.547512,-0.028309,2.91,5.5,502,-0.2473681160540093,16.309756097560978,72.10078563232084,2.3813643296823264,4.861145175872364,4.095404696250704e-10
2230,27/5/2018,15:41:24,51.547508,-0.028323,3.74,5.5,500,-0.2869671038652477,16.317073170731707,68.06850066054143,2.4196854925626607,4.912720610509563,4.755734080196344e-10
2231,27/5/2018,15:41:25,51.547501,-0.028342,4.3,5.5,502,-0.2473681160540093,16.32439024390244,64.08883793379427,2.4421011442751634,4.978258433425887,5.557288646428344e-10
2232,27/5/2018,15:41:26,51.547493,-0.028359,4.19,5.5,504,-0.2077691282427709,16.33170731707317,60.56177233922735,2.327715548991244,5.163884954370973,7.573502763060609e-10
2233,27/5/2018,15:41:27,51.547485,-0.028376,4.02,5.5,506,-0.16817014043153253,16.339024390243903,57.03470674466045,2.213329953707324,5.349511475316059,9.589716879692872e-10
2234,27/5/2018,15:41:27,51.547485,-0.028376,4.02,4.8,506,-0.16817014043153253,16.346341463414635,53.50764115009354,2.098944358423404,5.535137996261144,1.1605930996325136e-09
2235,27/5/2018,15:41:28,51.547485,-0.028393,4.39,4.8,501,-0.2671676099596285,16.353658536585368,58.09212977766337,2.2048682242831887,5.549915890123583,1.0011300625068384e-09
2236,27/5/2018,15:41:28,51.547485,-0.028393,4.39,3.9,503,-0.2275686221483901,16.3609756097561,63.28001158920864,2.3271802228705627,5.55198488822448,8.148070810015565e-10
2237,27/5/2018,15:41:29,51.547478,-0.028412,3.61,3.9,500,-0.2869671038652477,16.368292682926832,68.46789340075391,2.4494922214579367,5.5540538863253754,6.284840994962746e-10
2238,27/5/2018,15:41:29,51.547478,-0.028412,3.61,3.9,502,-0.2473681160540093,16.37560975609756,74.96829339571121,2.4285202076289103,5.382813572465637,5.056076768781006e-10
2239,27/5/2018,15:41:30,51.54747,-0.02843,3.04,3.9,499,-0.3067665977708669,16.382926829268293,81.88917077278305,2.3616458305407955,5.156052011959804,4.030569482745484e-10
2240,27/5/2018,15:41:30,51.54747,-0.02843,3.04,3.9,500,-0.2869671038652477,16.390243902439025,88.8100481498549,2.2947714534526806,4.92929045145397,3.0050621967099614e-10
2241,27/5/2018,15:41:31,51.547466,-0.028449,3.74,3.9,499,-0.3067665977708669,16.397560975609757,93.94666051973762,2.277401949377248,4.833340088562752,2.5953182792064477e-10
2242,27/5/2018,15:41:31,51.547466,-0.028449,3.74,4.6,500,-0.2869671038652477,16.40487804878049,97.81216305276334,2.2952997014578447,4.830579582216965,2.6242439941642466e-10
2243,27/5/2018,15:41:32,51.547459,-0.02847,4.67,4.6,497,-0.3463655855821053,16.41219512195122,101.67766558578906,2.313197453538441,4.827819075871176,2.6531697091220456e-10
2244,27/5/2018,15:41:32,51.547459,-0.02847,4.67,4.4,499,-0.3067665977708669,16.419512195121953,103.65306067757473,2.3100645150101307,4.828131477888082,2.6483669093070374e-10
2245,27/5/2018,15:41:33,51.547451,-0.028489,3.72,4.4,498,-0.3265660916764861,16.426829268292686,102.91507988077812,2.2767406108396746,4.832855245776171,2.5951445663774933e-10
2246,27/5/2018,15:41:33,51.547451,-0.028489,3.72,4.0,500,-0.2869671038652477,16.434146341463414,102.17709908398189,2.2434167066692345,4.83757901366426,2.5419222234479745e-10
2247,27/5/2018,15:41:34,51.547443,-0.028506,4.83,4.0,498,-0.3265660916764861,16.441463414634146,101.37784635475491,2.2128871005395587,4.835631753107316,2.4860816183469544e-10
2248,27/5/2018,15:41:34,51.547443,-0.028506,4.83,3.7,501,-0.2671676099596285,16.44878048780488,100.38153934188003,2.191344127879462,4.812230056901153,2.4218205219028717e-10
2249,27/5/2018,15:41:35,51.54744,-0.028521,4.35,3.7,499,-0.3067665977708669,16.45609756097561,99.38523232900516,2.1698011552193655,4.788828360694989,2.3575594254587894e-10
2250,27/5/2018,15:41:35,51.54744,-0.028521,4.35,3.5,500,-0.2869671038652477,16.463414634146343,98.54425497534793,2.1515167716346504,4.765270119640682,2.2871476779489063e-10
2251,27/5/2018,15:41:36,51.547436,-0.028534,4.11,3.5,498,-0.3265660916764861,16.470731707317075,99.98279558267546,2.181053340997451,4.739414527295967,2.1264729397979584e-10
2252,27/5/2018,15:41:36,51.547436,-0.028534,4.11,3.2,500,-0.2869671038652477,16.478048780487807,101.421336190003,2.210589910360252,4.713558934951252,1.9657982016470102e-10
2253,27/5/2018,15:41:37,51.547436,-0.028546,3.11,3.2,498,-0.3265660916764861,16.48536585365854,102.85987679733054,2.2401264797230533,4.687703342606538,1.805123463496062e-10
2254,27/5/2018,15:41:37,51.547436,-0.028546,3.11,3.2,499,-0.3067665977708669,16.492682926829268,104.33641231641529,2.2119181727423176,4.639036542377378,1.853045340829855e-10
2255,27/5/2018,15:41:38,51.547428,-0.028561,3.13,3.2,498,-0.3265660916764861,16.5,105.81762462854395,2.1766020499128493,4.587561910956991,1.9266433720220797e-10
2256,27/5/2018,15:41:38,51.547428,-0.028561,3.13,3.2,500,-0.2869671038652477,16.507317073170732,107.29883694067262,2.1412859270833806,4.536087279536603,2.0002414032143048e-10
2257,27/5/2018,15:41:39,51.547417,-0.028577,3.48,3.2,499,-0.3067665977708669,16.514634146341464,109.471957257972,2.172637772188025,4.537730196994844,1.9355406053794139e-10
2258,27/5/2018,15:41:40,51.547413,-0.028593,4.07,3.2,497,-0.3463655855821053,16.521951219512196,111.9181646057749,2.2303025913539227,4.5603379155285,1.8162550704712597e-10
2259,27/5/2018,15:41:40,51.547413,-0.028593,4.07,3.0,498,-0.3265660916764861,16.52926829268293,114.36437195357782,2.2879674105198204,4.582945634062154,1.6969695355631059e-10
2260,27/5/2018,15:41:41,51.547401,-0.028612,4.83,3.0,497,-0.3463655855821053,16.53658536585366,113.39852916903548,2.3247644037790316,4.620760040844422,1.7165605055372611e-10
2261,27/5/2018,15:41:41,51.547401,-0.028612,4.83,2.9,498,-0.3265660916764861,16.543902439024393,109.56812038072617,2.3440419403051336,4.671341130558431,1.8527444032754651e-10
2262,27/5/2018,15:41:42,51.547394,-0.02863,4.93,2.9,497,-0.3463655855821053,16.55121951219512,105.7377115924187,2.3633194768312267,4.721922220272414,1.988928301013603e-10
2263,27/5/2018,15:41:42,51.547394,-0.02863,4.93,2.7,500,-0.2869671038652477,16.558536585365854,101.29589112357377,2.3263577855179167,4.768919312919747,2.4014023613885924e-10
2264,27/5/2018,15:41:43,51.547386,-0.028648,5.11,2.7,501,-0.2671676099596285,16.565853658536586,95.81399672205772,2.1937274036456027,4.809819659229896,3.283874305612049e-10
2265,27/5/2018,15:41:43,51.547386,-0.028648,5.11,2.7,503,-0.2275686221483901,16.573170731707318,90.33210232054168,2.061097021773289,4.850720005540044,4.166346249835505e-10
2266,27/5/2018,15:41:44,51.547379,-0.028665,5.06,2.7,500,-0.2869671038652477,16.58048780487805,86.58790297915415,1.989783125457283,4.897345722175482,4.835969338711143e-10
2267,27/5/2018,15:41:44,51.547379,-0.028665,5.06,2.7,502,-0.2473681160540093,16.587804878048782,89.93462057666189,2.168680049233378,4.967334643525353,4.637031775927525e-10
2268,27/5/2018,15:41:45,51.547367,-0.028683,5.24,2.7,498,-0.3265660916764861,16.595121951219515,93.28133817416962,2.3475769730094727,5.037323564875224,4.4380942131439055e-10
2269,27/5/2018,15:41:46,51.547359,-0.028701,4.76,2.7,498,-0.3265660916764861,16.602439024390243,96.54124650577228,2.5207274141615597,5.102765778125932,4.2316301843278523e-10
2270,27/5/2018,15:41:47,51.547348,-0.028718,4.96,2.7,497,-0.3463655855821053,16.609756097560975,96.18316865839613,2.454379289178828,4.9787129312433205,3.7114824744107455e-10
2271,27/5/2018,15:41:47,51.547348,-0.028718,4.96,3.2,500,-0.2869671038652477,16.617073170731707,95.82509081101999,2.3880311641960956,4.854660084360709,3.1913347644936393e-10
2272,27/5/2018,15:41:48,51.54734,-0.028735,4.96,3.2,501,-0.2671676099596285,16.62439024390244,95.46701296364384,2.3216830392133634,4.730607237478097,2.6711870545765326e-10
2273,27/5/2018,15:41:49,51.547333,-0.02875,4.46,3.2,500,-0.2869671038652477,16.63170731707317,90.38837050700918,2.3172643181531143,4.763689777683902,3.0261838745154333e-10
2274,27/5/2018,15:41:50,51.547325,-0.028762,4.02,3.2,499,-0.3067665977708669,16.639024390243904,84.47693415167645,2.3237710761416,4.8244938729299935,3.53557218896193e-10
2275,27/5/2018,15:41:51,51.547314,-0.028776,4.61,3.2,500,-0.2869671038652477,16.646341463414636,78.56549779634369,2.330277834130086,4.8852979681760855,4.0449605034084265e-10
2276,27/5/2018,15:41:52,51.547306,-0.028787,4.72,3.2,504,-0.2077691282427709,16.653658536585368,75.78114901810095,2.258020292146122,4.829913165263548,4.074932216955969e-10
2277,27/5/2018,15:41:52,51.547306,-0.028787,4.72,2.8,504,-0.2077691282427709,16.660975609756097,74.49117922274083,2.148122706006565,4.719003774960375,3.875799348439161e-10
2278,27/5/2018,15:41:53,51.547298,-0.028799,4.78,2.8,502,-0.2473681160540093,16.66829268292683,73.20120942738006,2.0382251198669543,4.6080943846571465,3.6766664799222565e-10
2279,27/5/2018,15:41:54,51.547291,-0.028811,4.76,2.8,501,-0.2671676099596285,16.67560975609756,76.88675911978955,2.0446680915835547,4.6158550535451734,3.510032094027085e-10
2280,27/5/2018,15:41:55,51.547279,-0.028823,4.76,2.8,500,-0.2869671038652477,16.682926829268293,85.4835605505044,2.165948874389263,4.740752945173542,3.3754764146188614e-10
2281,27/5/2018,15:41:56,51.547268,-0.028835,4.85,2.8,499,-0.3067665977708669,16.690243902439025,94.08036198121924,2.2872296571949713,4.865650836801909,3.240920735210638e-10
2282,27/5/2018,15:41:56,51.547268,-0.028835,4.85,3.4,500,-0.2869671038652477,16.697560975609758,102.58136111716173,2.3673693023410443,4.940112600505184,3.107477612056566e-10
2283,27/5/2018,15:41:57,51.54726,-0.028849,4.87,3.4,495,-0.38596457339334367,16.70487804878049,110.88772616844551,2.3639256921044742,4.912107198721913,2.9762947830705286e-10
2284,27/5/2018,15:41:58,51.547249,-0.028862,4.78,3.4,497,-0.3463655855821053,16.712195121951222,119.19409121972929,2.3604820818679046,4.8841017969386415,2.845111954084491e-10
2285,27/5/2018,15:41:59,51.547241,-0.028876,4.69,3.4,497,-0.3463655855821053,16.71951219512195,126.48314514101952,2.3522136033243726,4.849108750593323,2.714730763889112e-10
2286,27/5/2018,15:42:0,51.547234,-0.02889,4.63,3.4,497,-0.3463655855821053,16.726829268292683,128.28756514409662,2.3179327912997563,4.776443185739399,2.588671452390803e-10
2287,27/5/2018,15:42:0,51.547234,-0.02889,4.63,3.7,498,-0.3265660916764861,16.734146341463415,130.09198514717372,2.2836519792751404,4.703777620885477,2.462612140892493e-10
2288,27/5/2018,15:42:1,51.547226,-0.028905,5.07,3.7,495,-0.38596457339334367,16.741463414634147,131.8964051502508,2.249371167250524,4.6311120560315535,2.3365528293941837e-10
2289,27/5/2018,15:42:2,51.547218,-0.028919,5.07,3.7,497,-0.3463655855821053,16.74878048780488,130.03718974423083,2.2111995917160647,4.576182666620907,2.1013160939954819e-10
2290,27/5/2018,15:42:3,51.547207,-0.028931,4.83,3.7,497,-0.3463655855821053,16.75609756097561,128.114876204147,2.172961006261092,4.521558744171608,1.8641990154510324e-10
2291,27/5/2018,15:42:4,51.547199,-0.028944,4.74,3.7,498,-0.3265660916764861,16.763414634146343,126.19256266406317,2.134722420806119,4.466934821722308,1.6270819369065826e-10
2292,27/5/2018,15:42:5,51.547192,-0.028956,4.85,3.7,498,-0.3265660916764861,16.770731707317076,125.56764665900194,2.160052587617881,4.494067991142684,1.7593531333849367e-10
2293,27/5/2018,15:42:5,51.547192,-0.028956,4.85,4.2,499,-0.3067665977708669,16.778048780487804,125.24770143373713,2.200325446569951,4.540419267109644,1.9784540233382398e-10
2294,27/5/2018,15:42:6,51.54718,-0.028966,4.61,4.2,496,-0.3661650794877245,16.785365853658536,124.92775620847219,2.2405983055220404,4.586770543076626,2.1975549132916488e-10
2295,27/5/2018,15:42:7,51.547169,-0.028976,4.85,4.2,496,-0.3661650794877245,16.79268292682927,124.27030634407598,2.246647177976567,4.612543532046016,2.3112638642223062e-10
2296,27/5/2018,15:42:8,51.547157,-0.028987,4.94,4.2,497,-0.3463655855821053,16.8,123.41992795467374,2.2331325171659016,4.626553309203516,2.3647273874292956e-10
2297,27/5/2018,15:42:8,51.547157,-0.028987,4.94,4.9,499,-0.3067665977708669,16.807317073170733,122.5695495652715,2.2196178563552365,4.640563086361016,2.418190910636285e-10
2298,27/5/2018,15:42:9,51.547146,-0.028993,5.37,4.9,497,-0.3463655855821053,16.814634146341465,121.63258269647245,2.1985287726162865,4.646270953404004,2.3093662066123895e-10
2299,27/5/2018,15:42:9,51.547146,-0.028993,5.37,5.0,499,-0.3067665977708669,16.821951219512197,120.5951426508946,2.1686506867009254,4.64234567654208,2.012229918215259e-10
2300,27/5/2018,15:42:10,51.547134,-0.028996,4.93,5.0,497,-0.3463655855821053,16.82926829268293,119.55770260531676,2.138772600785564,4.6384203996801565,1.715093629818129e-10
2301,27/5/2018,15:42:10,51.547134,-0.028996,4.93,4.9,499,-0.3067665977708669,16.836585365853658,119.82312088005457,2.124603517323244,4.627000094464613,1.4994514603882283e-10
2302,27/5/2018,15:42:11,51.547123,-0.029003,4.89,4.9,497,-0.3463655855821053,16.84390243902439,123.28615487566827,2.1489891657299376,4.597184680496062,1.4838209667519784e-10
2303,27/5/2018,15:42:11,51.547123,-0.029003,4.89,4.9,498,-0.3265660916764861,16.851219512195122,126.74918887128196,2.1733748141366314,4.5673692665275105,1.4681904731157284e-10
2304,27/5/2018,15:42:12,51.547112,-0.029011,5.26,4.9,496,-0.3661650794877245,16.858536585365854,130.23562324337843,2.196840902915852,4.543303393904473,1.4475749731692962e-10
2305,27/5/2018,15:42:13,51.547104,-0.02902,4.46,4.9,496,-0.3661650794877245,16.865853658536587,133.90021126299413,2.213306125624973,4.563010396603347,1.3890072181504156e-10
2306,27/5/2018,15:42:13,51.547104,-0.02902,4.46,4.8,497,-0.3463655855821053,16.87317073170732,137.5647992826098,2.229771348334094,4.58271739930222,1.3304394631315352e-10
2307,27/5/2018,15:42:14,51.547096,-0.029033,4.61,4.8,495,-0.38596457339334367,16.88048780487805,141.22938730222552,2.2462365710432146,4.602424402001094,1.2718717081126549e-10
2308,27/5/2018,15:42:14,51.547096,-0.029033,4.61,4.9,497,-0.3463655855821053,16.887804878048783,141.081998252287,2.235637097464199,4.607971252500115,1.2929099131131933e-10
2309,27/5/2018,15:42:15,51.547089,-0.029046,4.89,4.9,495,-0.38596457339334367,16.89512195121951,140.70293195582025,2.223392736153769,4.6126575036271475,1.318786260969261e-10
2310,27/5/2018,15:42:15,51.547089,-0.029046,4.89,5.2,497,-0.3463655855821053,16.902439024390244,140.3238656593533,2.2111483748433334,4.617343754754182,1.3446626088253416e-10
2311,27/5/2018,15:42:16,51.547081,-0.029058,4.93,5.2,496,-0.3661650794877245,16.909756097560976,138.92816585302378,2.1978113274763555,4.600894655431955,1.2974231859702693e-10
2312,27/5/2018,15:42:16,51.547081,-0.029058,4.93,5.0,498,-0.3265660916764861,16.917073170731708,137.22761583328253,2.1841466245931103,4.578107858175828,1.228259089091741e-10
2313,27/5/2018,15:42:17,51.547073,-0.02907,4.72,5.0,496,-0.3661650794877245,16.92439024390244,135.52706581354127,2.170481921709865,4.5553210609197015,1.1590949922132126e-10
2314,27/5/2018,15:42:17,51.547073,-0.02907,4.72,5.1,497,-0.3463655855821053,16.931707317073172,134.4468571601843,2.166692538388609,4.555696149715931,1.1582434356009892e-10
2315,27/5/2018,15:42:18,51.547066,-0.029082,4.5,5.1,496,-0.3661650794877245,16.939024390243905,133.7872909401973,2.1695994334004793,4.571776900972313,1.2037133960186315e-10
2316,27/5/2018,15:42:18,51.547066,-0.029082,4.5,4.9,498,-0.3265660916764861,16.946341463414637,133.12772472021027,2.1725063284123496,4.587857652228694,1.249183356436274e-10
2317,27/5/2018,15:42:19,51.547054,-0.029094,4.2,4.9,496,-0.3661650794877245,16.953658536585365,132.8963624587873,2.1746731607652388,4.596910590496095,1.307176504268897e-10
2318,27/5/2018,15:42:19,51.547054,-0.029094,4.2,5.0,498,-0.3265660916764861,16.960975609756098,133.25023780799492,2.175828530020704,4.5963584319413675,1.3822854216633692e-10
2319,27/5/2018,15:42:20,51.54705,-0.029106,4.2,5.0,496,-0.3661650794877245,16.96829268292683,133.60411315720253,2.176983899276169,4.595806273386639,1.4573943390578413e-10
2320,27/5/2018,15:42:20,51.54705,-0.029106,4.2,5.2,497,-0.3463655855821053,16.975609756097562,134.11419450945965,2.1847624567842576,4.609013955034993,1.5871746102785024e-10
2321,27/5/2018,15:42:21,51.547039,-0.029119,4.98,5.2,496,-0.3661650794877245,16.982926829268294,135.09507393037407,2.212503014323169,4.663693193897388,1.881731953377083e-10
2322,27/5/2018,15:42:21,51.547039,-0.029119,4.98,5.5,498,-0.3265660916764861,16.990243902439026,136.0759533512885,2.240243571862081,4.718372432759783,2.1762892964756635e-10
2323,27/5/2018,15:42:22,51.547031,-0.02913,3.41,5.5,495,-0.38596457339334367,16.99756097560976,136.80217244348805,2.2650606181278015,4.767298473849508,2.458371733628867e-10
2324,27/5/2018,15:42:22,51.547031,-0.02913,3.41,5.7,497,-0.3463655855821053,17.00487804878049,134.42062057809034,2.254200323227417,4.746014831941315,2.588215498227731e-10
2325,27/5/2018,15:42:23,51.547028,-0.029138,1.72,5.7,495,-0.38596457339334367,17.01219512195122,132.0390687126938,2.243340028327038,4.724731190033132,2.718059262826532e-10
2326,27/5/2018,15:42:24,51.547028,-0.029144,1.3,5.7,498,-0.3265660916764861,17.01951219512195,129.65751684729608,2.2324797334266537,4.703447548124938,2.847903027425396e-10
2327,27/5/2018,15:42:24,51.547028,-0.029144,1.3,5.8,499,-0.3067665977708669,17.026829268292683,127.64878784229089,2.196921240429945,4.6189578216919465,2.453298916052556e-10
2328,27/5/2018,15:42:25,51.547028,-0.029151,2.22,5.8,498,-0.3265660916764861,17.034146341463416,125.68040790208936,2.158689764358987,4.52762756408071,2.0019359961896728e-10
2329,27/5/2018,15:42:26,51.54702,-0.029164,3.56,5.8,497,-0.3463655855821053,17.041463414634148,123.71202796188783,2.1204582882880287,4.4362973064694735,1.5505730763267897e-10
2330,27/5/2018,15:42:27,51.547012,-0.029178,4.56,5.8,497,-0.3463655855821053,17.04878048780488,124.54873462857297,2.1309291919917883,4.44881833426379,1.4101032395143082e-10
2331,27/5/2018,15:42:27,51.547012,-0.029178,4.56,5.6,498,-0.3265660916764861,17.056097560975612,126.42847743921213,2.159509462542508,4.499955155241869,1.3852350820691436e-10
2332,27/5/2018,15:42:28,51.547005,-0.029188,4.11,5.6,496,-0.3661650794877245,17.063414634146344,128.30822024985127,2.188089733093228,4.551091976219947,1.360366924623979e-10
2333,27/5/2018,15:42:28,51.547005,-0.029188,4.11,5.9,498,-0.3265660916764861,17.070731707317073,130.1993828924691,2.1975431650305994,4.5770890114581135,1.3707787746257898e-10
2334,27/5/2018,15:42:29,51.546997,-0.029197,5.17,5.9,496,-0.3661650794877245,17.078048780487805,132.09968140067147,2.1916951260773136,4.582974218104391,1.4094146305851652e-10
2335,27/5/2018,15:42:29,51.546997,-0.029197,5.17,6.1,497,-0.3463655855821053,17.085365853658537,133.99997990887385,2.1858470871240274,4.588859424750668,1.4480504865445406e-10
2336,27/5/2018,15:42:30,51.546989,-0.02921,4.57,6.1,496,-0.3661650794877245,17.09268292682927,135.3931777535417,2.1983215840603867,4.60164204510403,1.5203457456818967e-10
2337,27/5/2018,15:42:30,51.546989,-0.02921,4.57,6.7,498,-0.3265660916764861,17.1,135.966549485922,2.2404179972075364,4.625575666177653,1.6470579275994033e-10
2338,27/5/2018,15:42:31,51.546982,-0.029226,5.04,6.7,495,-0.38596457339334367,17.107317073170734,136.53992121830234,2.282514410354686,4.649509287251277,1.7737701095169102e-10
2339,27/5/2018,15:42:32,51.546974,-0.029238,4.57,6.7,496,-0.3661650794877245,17.114634146341466,135.80585679666166,2.3106039729379106,4.661149768712922,1.8475195136183416e-10
2340,27/5/2018,15:42:33,51.546967,-0.029248,4.17,6.7,496,-0.3661650794877245,17.121951219512198,130.11659988397307,2.285607470458503,4.626199162029009,1.7205396062867593e-10
2341,27/5/2018,15:42:34,51.546951,-0.029257,6.3,6.7,498,-0.3265660916764861,17.129268292682926,124.42734297128723,2.2606109679791073,4.591248555345112,1.5935596989552385e-10
2342,27/5/2018,15:42:35,51.546944,-0.029268,4.09,6.7,498,-0.3265660916764861,17.13658536585366,118.70957254781895,2.235387318178379,4.561029752377167,1.4860791200570742e-10
2343,27/5/2018,15:42:36,51.546936,-0.029278,4.37,6.7,499,-0.3067665977708669,17.14390243902439,112.21426061886075,2.2039695356539593,4.6598435968943015,1.910330228053341e-10
2344,27/5/2018,15:42:36,51.546936,-0.029278,4.37,7.8,501,-0.2671676099596285,17.151219512195123,105.71894868990256,2.1725517531295395,4.758657441411437,2.334581336049608e-10
2345,27/5/2018,15:42:37,51.546925,-0.029288,4.8,7.8,498,-0.3265660916764861,17.158536585365855,99.22363676094436,2.14113397060512,4.857471285928572,2.7588324440458745e-10
2346,27/5/2018,15:42:37,51.546925,-0.029288,4.8,8.2,501,-0.2671676099596285,17.165853658536587,95.9194543020025,2.1828562273797583,4.87766567945239,2.7460651362450424e-10
2347,27/5/2018,15:42:38,51.546917,-0.029301,4.8,8.2,499,-0.3067665977708669,17.17317073170732,93.12623312087992,2.2362896128601233,4.88527158494448,2.663322764673111e-10
2348,27/5/2018,15:42:38,51.546917,-0.029301,4.8,8.5,500,-0.2869671038652477,17.180487804878048,90.33301193975868,2.289722998340462,4.892877490436566,2.5805803931012195e-10
2349,27/5/2018,15:42:39,51.546906,-0.029312,4.33,8.5,499,-0.3067665977708669,17.18780487804878,86.79649228620839,2.2876297573057434,4.8386701354916415,2.475729709705135e-10
2350,27/5/2018,15:42:39,51.546906,-0.029312,4.33,8.5,502,-0.2473681160540093,17.195121951219512,82.92381569452375,2.26042458419174,4.756507716551036,2.3608805362195254e-10
2351,27/5/2018,15:42:40,51.546902,-0.029319,2.44,8.5,501,-0.2671676099596285,17.202439024390245,79.05113910283912,2.2332194110777364,4.67434529761043,2.246031362733916e-10
2352,27/5/2018,15:42:40,51.546902,-0.029319,2.44,8.8,501,-0.2671676099596285,17.209756097560977,75.42927928668621,2.190957323891475,4.605979397347107,2.240684701742886e-10
2353,27/5/2018,15:42:41,51.546898,-0.029332,3.94,8.8,502,-0.2473681160540093,17.21707317073171,72.04344335525437,2.134526362459414,4.5505963126348385,2.3383822184425167e-10
2354,27/5/2018,15:42:41,51.546898,-0.029332,3.94,9.2,502,-0.2473681160540093,17.22439024390244,68.65760742382253,2.0780954010273534,4.495213227922571,2.436079735142148e-10
2355,27/5/2018,15:42:42,51.54689,-0.029346,4.96,9.2,503,-0.2275686221483901,17.231707317073173,67.2896843225495,2.0576907109382203,4.4852791588991945,2.585027574220226e-10
2356,27/5/2018,15:42:42,51.54689,-0.029346,4.96,9.7,504,-0.2077691282427709,17.2390243902439,69.80764908616086,2.1066616888840106,4.562866104607897,2.8326679845656003e-10
2357,27/5/2018,15:42:43,51.546879,-0.029358,4.94,9.7,501,-0.2671676099596285,17.246341463414634,72.32561384977343,2.1556326668298245,4.640453050316638,3.0803083949110953e-10
2358,27/5/2018,15:42:43,51.546879,-0.029358,4.94,10.4,501,-0.2671676099596285,17.253658536585366,75.39126699944843,2.2065881268345904,4.7101433681409155,3.2413201906862337e-10
2359,27/5/2018,15:42:44,51.546875,-0.029372,4.78,10.4,499,-0.3067665977708669,17.2609756097561,81.16143883110637,2.267343080381808,4.740839655451349,2.9745545997903967e-10
2360,27/5/2018,15:42:44,51.546875,-0.029372,4.78,11.1,500,-0.2869671038652477,17.26829268292683,86.93161066276429,2.3280980339290265,4.771535942761783,2.7077890088945597e-10
2361,27/5/2018,15:42:45,51.546867,-0.029386,4.46,11.1,499,-0.3067665977708669,17.275609756097563,92.70178249442222,2.3888529874762443,4.802232230072217,2.4410234179987227e-10
2362,27/5/2018,15:42:45,51.546867,-0.029386,4.46,11.7,500,-0.2869671038652477,17.282926829268295,90.49725117189048,2.441868248489804,4.882607935592204,2.9786302069886505e-10
2363,27/5/2018,15:42:46,51.54686,-0.029397,4.63,11.7,497,-0.3463655855821053,17.290243902439027,88.25273729024792,2.49484470521081,4.963232717502464,3.520269856588444e-10
2364,27/5/2018,15:42:47,51.546856,-0.029412,3.44,11.7,500,-0.2869671038652477,17.297560975609755,86.00822340860644,2.54782116193179,5.043857499412686,4.061909506187975e-10
2365,27/5/2018,15:42:48,51.546852,-0.029425,4.3,11.7,502,-0.2473681160540093,17.304878048780488,78.052347360407,2.4649178197225936,4.956814295832145,3.980216624469481e-10
2366,27/5/2018,15:42:48,51.546852,-0.029425,4.3,13.9,503,-0.2275686221483901,17.31219512195122,68.8564699586571,2.3525134356113067,4.833368475346466,3.7631911968528064e-10
2367,27/5/2018,15:42:49,51.546844,-0.029437,4.57,13.9,503,-0.2275686221483901,17.319512195121952,59.66059255690721,2.2401090515000193,4.7099226548607875,3.546165769236131e-10
2368,27/5/2018,15:42:49,51.546844,-0.029437,4.57,14.0,505,-0.18796963433715172,17.326829268292684,51.871324864827756,2.231801636685257,4.720497091550501,3.7979876146167325e-10
2369,27/5/2018,15:42:50,51.546841,-0.029452,4.5,14.0,504,-0.2077691282427709,17.334146341463416,44.84539224606935,2.2799852777363614,4.80380127134817,4.3042422035290185e-10
2370,27/5/2018,15:42:50,51.546841,-0.029452,4.5,15.4,506,-0.16817014043153253,17.34146341463415,37.819459627310955,2.3281689187874655,4.887105451145838,4.810496792441305e-10
2371,27/5/2018,15:42:51,51.546841,-0.029469,4.56,15.4,506,-0.16817014043153253,17.34878048780488,32.648588425410054,2.326770498689622,5.161020634064578,7.24747164168625e-10
2372,27/5/2018,15:42:51,51.546841,-0.029469,4.56,17.2,507,-0.14837064652591334,17.35609756097561,29.529447042723973,2.2705334665475285,5.64575486341453,1.1819856291750732e-09
2373,27/5/2018,15:42:52,51.546829,-0.02948,4.63,17.2,509,-0.10877165871467494,17.36341463414634,26.410305660036382,2.2142964344054077,6.130489092764717,1.6392240941817436e-09
2374,27/5/2018,15:42:52,51.546829,-0.02948,4.63,17.0,509,-0.10877165871467494,17.370731707317074,24.903952156988534,2.240408092267111,6.582090843779089,1.9666735933724007e-09
2375,27/5/2018,15:42:53,51.546818,-0.029492,5.02,17.0,505,-0.18796963433715172,17.378048780487806,27.13515772706873,2.4573589158799534,6.956909654778496,1.9933433478108205e-09
2376,27/5/2018,15:42:53,51.546818,-0.029492,5.02,17.4,508,-0.12857115262029412,17.385365853658538,29.366363297148922,2.6743097394927964,7.3317284657779025,2.02001310224924e-09
2377,27/5/2018,15:42:54,51.546806,-0.029502,3.33,17.4,503,-0.2275686221483901,17.39268292682927,31.891518175875948,2.8451256387627413,7.57972556012624,1.9989058916252897e-09
2378,27/5/2018,15:42:54,51.546806,-0.029502,3.33,17.8,506,-0.16817014043153253,17.400000000000002,36.418443553150944,2.7017665160621025,6.964077245216844,1.6524414974370284e-09
2379,27/5/2018,15:42:55,51.546795,-0.029513,4.28,17.8,504,-0.2077691282427709,17.407317073170734,40.94536893042594,2.5584073933614633,6.348428930307446,1.3059771032487673e-09
2380,27/5/2018,15:42:55,51.546795,-0.029513,4.28,17.2,505,-0.18796963433715172,17.414634146341463,45.472294307698746,2.4150482706608942,5.732780615398347,9.595127090606744e-10
2381,27/5/2018,15:42:56,51.546783,-0.029526,4.91,17.2,503,-0.2275686221483901,17.421951219512195,50.3859574685728,2.3682736080039852,5.534314641375719,8.370322261147251e-10
2382,27/5/2018,15:42:57,51.546772,-0.029541,4.7,17.2,501,-0.2671676099596285,17.429268292682927,55.317992970710584,2.326087280741108,5.355667305875157,7.251923090235869e-10
2383,27/5/2018,15:42:57,51.546772,-0.029541,4.7,17.7,504,-0.2077691282427709,17.43658536585366,60.25002847284837,2.28390095347823,5.1770199703745945,6.133523919324486e-10
2384,27/5/2018,15:42:58,51.546757,-0.029552,4.89,17.7,502,-0.2473681160540093,17.44390243902439,67.14341882961688,2.2899640152260954,5.094512391707316,5.150285942345685e-10
2385,27/5/2018,15:42:58,51.546757,-0.029552,4.89,18.3,502,-0.2473681160540093,17.451219512195124,74.58597336491657,2.309536532449678,5.038923200837579,4.2048920535287126e-10
2386,27/5/2018,15:42:59,51.546745,-0.029562,5.02,18.3,499,-0.3067665977708669,17.458536585365856,82.02852790021626,2.329109049673261,4.983334009967842,3.2594981647117406e-10
2387,27/5/2018,15:42:59,51.546745,-0.029562,5.02,18.4,500,-0.2869671038652477,17.465853658536588,88.09921269482457,2.351974721342269,4.943664390488649,2.8081660386898296e-10
2388,27/5/2018,15:43:0,51.546734,-0.029575,4.96,18.4,497,-0.3463655855821053,17.473170731707317,93.28488627148796,2.3769648502685183,4.914264695950279,2.675559655689097e-10
2389,27/5/2018,15:43:0,51.546734,-0.029575,4.96,18.4,499,-0.3067665977708669,17.48048780487805,98.47055984815387,2.4019549791947794,4.884865001411895,2.5429532726883e-10
2390,27/5/2018,15:43:1,51.546722,-0.029586,4.61,18.4,498,-0.3265660916764861,17.48780487804878,100.8043372740107,2.3860199118309056,4.867468528110878,2.734603128051983e-10
2391,27/5/2018,15:43:1,51.546722,-0.029586,4.61,18.7,500,-0.2869671038652477,17.495121951219513,99.42588662047207,2.3168137382313043,4.865696289552039,3.3483276485938786e-10
2392,27/5/2018,15:43:2,51.546711,-0.029598,4.63,18.7,500,-0.2869671038652477,17.502439024390245,98.04743596693343,2.247607564631703,4.863924050993201,3.9620521691357746e-10
2393,27/5/2018,15:43:2,51.546711,-0.029598,4.63,18.6,501,-0.2671676099596285,17.509756097560977,96.62872995545183,2.2024321307724515,4.878753330594075,4.4344936361570773e-10
2394,27/5/2018,15:43:3,51.546703,-0.029614,4.52,18.6,497,-0.3463655855821053,17.51707317073171,95.09608752843751,2.2252719000693566,4.940570578211502,4.5070557947777983e-10
2395,27/5/2018,15:43:3,51.546703,-0.029614,4.52,17.6,500,-0.2869671038652477,17.52439024390244,93.56344510142318,2.2481116693662617,5.002387825828928,4.579617953398519e-10
2396,27/5/2018,15:43:4,51.546696,-0.02963,4.91,17.6,500,-0.2869671038652477,17.53170731707317,92.08631920378372,2.273452395881567,5.058385022520324,4.660204520244675e-10
2397,27/5/2018,15:43:4,51.546696,-0.02963,4.91,17.9,502,-0.2473681160540093,17.539024390243902,91.18685236609555,2.3248160134539284,5.053823585869763,4.824286438195425e-10
2398,27/5/2018,15:43:5,51.546688,-0.029643,4.54,17.9,499,-0.3067665977708669,17.546341463414635,90.2873855284074,2.37617963102629,5.049262149219202,4.988368356146173e-10
2399,27/5/2018,15:43:5,51.546688,-0.029643,4.54,18.6,500,-0.2869671038652477,17.553658536585367,89.38791869071925,2.427543248598651,5.044700712568641,5.152450274096921e-10
2400,27/5/2018,15:43:6,51.54668,-0.029657,4.72,18.6,498,-0.3265660916764861,17.5609756097561,84.27948686553144,2.4474626888417808,5.113576194656464,5.848067499432318e-10
2401,27/5/2018,15:43:7,51.546673,-0.029669,4.17,18.6,499,-0.3067665977708669,17.56829268292683,78.77646457276562,2.464434237460295,5.18933638787601,6.593516159835017e-10
2402,27/5/2018,15:43:8,51.546665,-0.029681,4.57,18.6,504,-0.2077691282427709,17.575609756097563,73.27344227999978,2.4814057860788097,5.2650965810955555,7.338964820237715e-10
2403,27/5/2018,15:43:9,51.546661,-0.029692,3.91,18.6,504,-0.2077691282427709,17.582926829268295,68.09425365888251,2.383871554217438,5.165357222947552,6.973345324757902e-10
2404,27/5/2018,15:43:9,51.546661,-0.029692,3.91,20.1,504,-0.2077691282427709,17.590243902439024,63.028317621567815,2.246291840262248,5.004241363872597,6.219158022875928e-10
2405,27/5/2018,15:43:10,51.54665,-0.029707,4.67,20.1,502,-0.2473681160540093,17.597560975609756,57.962381584250664,2.1087121263069912,4.843125504797564,5.464970720993589e-10
2406,27/5/2018,15:43:11,51.546638,-0.029719,3.72,20.1,504,-0.2077691282427709,17.60487804878049,56.19894457481276,2.0837633370705517,4.755829280797675,4.683470798735826e-10
2407,27/5/2018,15:43:12,51.546635,-0.029727,1.8,20.1,503,-0.2275686221483901,17.61219512195122,56.95240946168596,2.144652873785144,4.724792506970869,3.881155371178651e-10
2408,27/5/2018,15:43:12,51.546635,-0.029727,1.8,19.1,503,-0.2275686221483901,17.619512195121953,57.70587434855917,2.2055424104997363,4.693755733144062,3.078839943621477e-10
2409,27/5/2018,15:43:13,51.546623,-0.029742,4.15,19.1,502,-0.2473681160540093,17.626829268292685,58.1437402327613,2.255916584159863,4.714188133478508,2.8559235662391983e-10
2410,27/5/2018,15:43:13,51.546623,-0.029742,4.15,18.1,503,-0.2275686221483901,17.634146341463417,58.09640442816221,2.290124445920385,4.813749206631581,3.5237748885498264e-10
2411,27/5/2018,15:43:14,51.546616,-0.029753,4.0,18.1,501,-0.2671676099596285,17.64146341463415,58.049068623563116,2.3243323076809075,4.913310279784653,4.1916262108604546e-10
2412,27/5/2018,15:43:15,51.546604,-0.029765,4.24,18.1,503,-0.2275686221483901,17.648780487804878,57.84588138504723,2.3407599300109605,4.998202948149008,4.779114501244691e-10
2413,27/5/2018,15:43:16,51.546585,-0.029775,4.57,18.1,505,-0.18796963433715172,17.65609756097561,57.09241048773614,2.2944086932561283,5.031304091386308,5.08285523712325e-10
2414,27/5/2018,15:43:17,51.546574,-0.029786,4.41,18.1,503,-0.2275686221483901,17.663414634146342,56.33893959042505,2.248057456501296,5.064405234623608,5.38659597300181e-10
2415,27/5/2018,15:43:17,51.546574,-0.029786,4.41,13.7,504,-0.2077691282427709,17.670731707317074,55.672204006008926,2.204916341331933,5.094488103958313,5.646550144059312e-10
2416,27/5/2018,15:43:18,51.546566,-0.029798,4.15,13.7,501,-0.2671676099596285,17.678048780487806,56.75181328378079,2.2264084090112983,5.063800487241338,5.024897505204079e-10
2417,27/5/2018,15:43:19,51.546558,-0.029808,3.98,13.7,503,-0.2275686221483901,17.68536585365854,57.83142256155266,2.2479004766906643,5.033112870524362,4.4032448663488465e-10
2418,27/5/2018,15:43:20,51.546547,-0.029814,2.56,13.7,503,-0.2275686221483901,17.69268292682927,58.91103183932453,2.2693925443700302,5.002425253807386,3.7815922274936137e-10
2419,27/5/2018,15:43:20,51.546547,-0.029814,2.56,11.9,504,-0.2077691282427709,17.7,60.08981132507316,2.271800061720466,4.938034295199404,3.515123799132361e-10
2420,27/5/2018,15:43:21,51.546539,-0.029818,3.5,11.9,501,-0.2671676099596285,17.70731707317073,61.28289767009461,2.2714543330971457,4.868781100449362,3.2998962688078584e-10
2421,27/5/2018,15:43:22,51.546528,-0.029825,2.87,11.9,502,-0.2473681160540093,17.714634146341464,62.47598401511607,2.271108604473826,4.79952790569932,3.0846687384833557e-10
2422,27/5/2018,15:43:23,51.546516,-0.029833,3.2,11.9,502,-0.2473681160540093,17.721951219512196,64.34425305120867,2.230759148321423,4.792660482463109,3.118054201600462e-10
2423,27/5/2018,15:43:23,51.546516,-0.029833,3.2,19.0,503,-0.2275686221483901,17.729268292682928,66.50115758816673,2.1733084007933106,4.812462505357408,3.257719841672114e-10
2424,27/5/2018,15:43:24,51.546505,-0.029841,3.82,19.0,502,-0.2473681160540093,17.73658536585366,68.6580621251248,2.115857653265198,4.832264528251708,3.3973854817437657e-10
2425,27/5/2018,15:43:24,51.546505,-0.029841,3.82,9.9,503,-0.2275686221483901,17.743902439024392,73.21391578127798,2.129955796093129,4.9138686339268896,3.4485987019106696e-10
2426,27/5/2018,15:43:25,51.546497,-0.029852,3.89,9.9,499,-0.3067665977708669,17.751219512195124,79.92173756041356,2.20823659708958,5.050912061351006,3.420466017442656e-10
2427,27/5/2018,15:43:25,51.546497,-0.029852,3.89,9.3,501,-0.2671676099596285,17.758536585365853,86.62955933954589,2.286517398085992,5.187955488775057,3.3923333329746563e-10
2428,27/5/2018,15:43:26,51.546478,-0.029865,5.87,9.3,498,-0.3265660916764861,17.765853658536585,93.50649269615742,2.3413884625708445,5.250559425273204,3.2855076679258767e-10
2429,27/5/2018,15:43:26,51.546478,-0.029865,5.87,9.1,500,-0.2869671038652477,17.773170731707317,100.69237989623468,2.3534917391979637,5.177168137964276,3.0349159806622187e-10
2430,27/5/2018,15:43:27,51.546467,-0.029875,4.33,9.1,496,-0.3661650794877245,17.78048780487805,107.87826709631193,2.3655950158250834,5.103776850655349,2.78432429339856e-10
2431,27/5/2018,15:43:27,51.546467,-0.029875,4.33,8.6,498,-0.3265660916764861,17.78780487804878,114.12827140238295,2.3646188909378894,5.019748057934077,2.503950909489506e-10
2432,27/5/2018,15:43:28,51.546459,-0.029884,3.96,8.6,497,-0.3463655855821053,17.795121951219514,116.12483308373488,2.3041989144074093,4.887373452685069,2.088224332612341e-10
2433,27/5/2018,15:43:28,51.546459,-0.029884,3.96,8.2,499,-0.3067665977708669,17.802439024390246,118.12139476508683,2.243778937876929,4.754998847436061,1.6724977557351753e-10
2434,27/5/2018,15:43:29,51.546448,-0.029896,4.89,8.2,497,-0.3463655855821053,17.809756097560978,120.11351186618604,2.1837536300977005,4.623574992202743,1.2602085847534912e-10
2435,27/5/2018,15:43:29,51.546448,-0.029896,4.89,7.5,498,-0.3265660916764861,17.817073170731707,121.47092358295492,2.1800887359464527,4.6279223729010335,1.3387959208728682e-10
2436,27/5/2018,15:43:30,51.546436,-0.029909,4.69,7.5,497,-0.3463655855821053,17.82439024390244,122.82833529972447,2.1764238417952027,4.632269753599327,1.417383256992283e-10
2437,27/5/2018,15:43:30,51.546436,-0.029909,4.69,7.3,499,-0.3067665977708669,17.83170731707317,124.185747016494,2.172758947643953,4.6366171342976195,1.495970593111698e-10
2438,27/5/2018,15:43:31,51.546429,-0.029919,2.22,7.3,496,-0.3661650794877245,17.839024390243903,126.928446652686,2.1887468137538297,4.648420360089238,1.563803530914416e-10
2439,27/5/2018,15:43:32,51.546421,-0.029929,3.7,7.3,497,-0.3463655855821053,17.846341463414635,129.94775165690172,2.2086588164337977,4.661712321000143,1.6294890997387748e-10
2440,27/5/2018,15:43:33,51.54641,-0.029942,4.72,7.3,496,-0.3661650794877245,17.853658536585368,132.96705666111743,2.228570819113765,4.675004281911048,1.6951746685631337e-10
2441,27/5/2018,15:43:33,51.54641,-0.029942,4.72,6.5,498,-0.3265660916764861,17.8609756097561,134.4654017665038,2.23694177760681,4.669543991428282,1.714943386515447e-10
2442,27/5/2018,15:43:34,51.546402,-0.029956,4.74,6.5,495,-0.38596457339334367,17.868292682926832,135.18080255025785,2.239371754342996,4.654430607029104,1.7110754933479178e-10
2443,27/5/2018,15:43:35,51.546391,-0.029969,4.37,6.5,496,-0.3661650794877245,17.87560975609756,135.89620333401157,2.241801731079181,4.639317222629932,1.7072076001803906e-10
2444,27/5/2018,15:43:36,51.546383,-0.029977,3.85,6.5,497,-0.3463655855821053,17.882926829268293,135.72679510349187,2.2394939289612097,4.6459515595676315,1.884535557728287e-10
2445,27/5/2018,15:43:37,51.546368,-0.029987,3.89,6.5,497,-0.3463655855821053,17.890243902439025,134.62449041227006,2.232190860007875,4.675515559219222,2.2529069665740478e-10
2446,27/5/2018,15:43:37,51.546368,-0.029987,3.89,5.1,499,-0.3067665977708669,17.897560975609757,133.5221857210483,2.2248877910545404,4.705079558870812,2.621278375419809e-10
2447,27/5/2018,15:43:38,51.546356,-0.029995,4.63,5.1,495,-0.38596457339334367,17.90487804878049,131.98221266305964,2.224186983031173,4.709033307312541,2.7611672474496586e-10
2448,27/5/2018,15:43:39,51.546345,-0.029999,4.33,5.1,496,-0.3661650794877245,17.91219512195122,129.48329617918935,2.2379519102436354,4.656874291164285,2.4004445988733515e-10
2449,27/5/2018,15:43:40,51.546329,-0.030012,4.24,5.1,497,-0.3463655855821053,17.919512195121953,126.98437969531908,2.2517168374560974,4.604715275016027,2.039721950297044e-10
2450,27/5/2018,15:43:41,51.546318,-0.030018,5.02,5.1,498,-0.3265660916764861,17.926829268292686,124.16773245247316,2.2592555678701634,4.552632952237665,1.695120814323995e-10
2451,27/5/2018,15:43:41,51.546318,-0.030018,5.02,4.5,499,-0.3067665977708669,17.934146341463414,119.39906546037464,2.2285428581265436,4.50102180503311,1.4495642628001147e-10
2452,27/5/2018,15:43:42,51.546307,-0.030024,4.87,4.5,498,-0.3265660916764861,17.941463414634146,114.6303984682738,2.197830148382909,4.4494106578285315,1.2040077112761148e-10
2453,27/5/2018,15:43:43,51.546295,-0.03003,3.65,4.5,498,-0.3265660916764861,17.94878048780488,109.86173147617296,2.167117438639274,4.397799510623952,9.58451159752115e-11
2454,27/5/2018,15:43:44,51.546284,-0.03004,4.5,4.5,499,-0.3067665977708669,17.95609756097561,106.1385920781909,2.1652903236471324,4.436659574843787,1.4220227235482564e-10
2455,27/5/2018,15:43:45,51.546272,-0.03005,4.63,4.5,499,-0.3067665977708669,17.963414634146343,102.45158993361825,2.164461600340957,4.47864665466024,1.9101043457562734e-10
2456,27/5/2018,15:43:45,51.546272,-0.03005,4.63,4.7,501,-0.2671676099596285,17.970731707317075,98.7645877890456,2.163632877034782,4.520633734476692,2.3981859679642903e-10
2457,27/5/2018,15:43:46,51.546261,-0.03006,4.5,4.7,499,-0.3067665977708669,17.978048780487807,96.64909781370154,2.170970371802761,4.609914508636316,2.9757772503363303e-10
2458,27/5/2018,15:43:47,51.546249,-0.030071,4.72,4.7,499,-0.3067665977708669,17.98536585365854,94.94333313805241,2.1804369663087644,4.711525714254163,3.5767055281541627e-10
2459,27/5/2018,15:43:48,51.546238,-0.030081,4.76,4.7,500,-0.2869671038652477,17.992682926829268,93.2375684624041,2.1899035608147632,4.813136919871962,4.177633805971703e-10
2460,27/5/2018,15:43:48,51.546238,-0.030081,4.76,5.4,502,-0.2473681160540093,18.0,92.27383989095694,2.235030989220973,4.930767763193465,4.62182840827229e-10
2461,27/5/2018,15:43:49,51.54623,-0.030091,4.46,5.4,498,-0.3265660916764861,18.007317073170732,91.76528712489255,2.302033295007448,5.058225286716121,4.969880280346982e-10
2462,27/5/2018,15:43:50,51.546219,-0.0301,5.04,5.4,500,-0.2869671038652477,18.014634146341464,91.25673435882818,2.3690356007939233,5.185682810238777,5.317932152421674e-10
2463,27/5/2018,15:43:51,51.546207,-0.030106,4.89,5.4,498,-0.3265660916764861,18.021951219512196,89.44752208016183,2.4155371196884863,5.271492927259566,5.629577800231304e-10
2464,27/5/2018,15:43:52,51.546196,-0.030113,3.94,5.4,501,-0.2671676099596285,18.02926829268293,86.02536867885931,2.436615718976505,5.305656311259794,5.896076277956763e-10
2465,27/5/2018,15:43:52,51.546196,-0.030113,3.94,5.4,503,-0.2275686221483901,18.03658536585366,82.60321527755677,2.4576943182645246,5.339819695260022,6.162574755682221e-10
2466,27/5/2018,15:43:53,51.546188,-0.030118,3.91,5.4,499,-0.3067665977708669,18.043902439024393,78.32690342896957,2.462028192621144,5.3361926255705665,6.216744515854454e-10
2467,27/5/2018,15:43:54,51.546177,-0.03012,3.0,5.4,500,-0.2869671038652477,18.05121951219512,71.7761464126224,2.4217743691954636,5.231937487335665,5.70552734207868e-10
2468,27/5/2018,15:43:55,51.546162,-0.030122,5.0,5.4,503,-0.2275686221483901,18.058536585365854,65.22538939627205,2.3815205457697632,5.127682349100714,5.194310168302658e-10
2469,27/5/2018,15:43:56,51.54615,-0.030121,3.93,5.4,505,-0.18796963433715172,18.065853658536586,59.10645257045587,2.335465440806812,5.021279100238223,4.745061342651843e-10
2470,27/5/2018,15:43:57,51.546143,-0.030118,3.98,5.4,505,-0.18796963433715172,18.073170731707318,56.89027910552352,2.2369787230428315,4.895461364429412,4.855878497932525e-10
2471,27/5/2018,15:43:58,51.546127,-0.030119,5.52,5.4,504,-0.2077691282427709,18.08048780487805,54.674105640591165,2.1384920052788514,4.769643628620602,4.966695653213207e-10
2472,27/5/2018,15:43:59,51.546116,-0.030118,3.69,5.4,503,-0.2275686221483901,18.087804878048782,52.45793217565881,2.040005287514871,4.643825892811791,5.077512808493888e-10
2473,27/5/2018,15:43:59,51.546116,-0.030118,3.69,5.7,504,-0.2077691282427709,18.095121951219515,55.39971246007116,2.120611917554081,4.71014221131782,4.769551160364338e-10
2474,27/5/2018,15:44:0,51.546104,-0.030118,4.98,5.7,501,-0.2671676099596285,18.102439024390247,58.752310670004576,2.2154828782163554,4.791761519623943,4.428234843381651e-10
2475,27/5/2018,15:44:1,51.546093,-0.03012,4.65,5.7,502,-0.2473681160540093,18.109756097560975,62.10490887993637,2.3103538388785845,4.873380827930027,4.0869185263991294e-10
2476,27/5/2018,15:44:2,51.546082,-0.030121,3.52,5.7,502,-0.2473681160540093,18.117073170731707,64.11133085227569,2.3415252397719555,4.906096724068485,4.2436257116178623e-10
2477,27/5/2018,15:44:2,51.546082,-0.030121,3.52,5.5,503,-0.2275686221483901,18.12439024390244,65.67578532492234,2.3517832309821336,4.922756981874767,4.5638406129210205e-10
2478,27/5/2018,15:44:3,51.546059,-0.030126,3.94,5.5,500,-0.2869671038652477,18.13170731707317,67.240239797569,2.362041222192312,4.939417239681049,4.884055514224179e-10
2479,27/5/2018,15:44:4,51.546051,-0.030124,4.63,5.5,501,-0.2671676099596285,18.139024390243904,68.06656971501147,2.3245373779571508,4.918853974999947,4.97399910993891e-10
2480,27/5/2018,15:44:5,51.54604,-0.030125,4.07,5.5,503,-0.2275686221483901,18.146341463414636,68.35716717417657,2.25236788639382,4.871273794180088,4.896811275404047e-10
2481,27/5/2018,15:44:5,51.54604,-0.030125,4.07,6.9,504,-0.2077691282427709,18.153658536585368,68.64776463334165,2.18019839483049,4.823693613360229,4.819623440869184e-10
2482,27/5/2018,15:44:6,51.546028,-0.030119,4.7,6.9,501,-0.2671676099596285,18.1609756097561,70.21005820501304,2.156981714504842,4.804052368172972,4.647408932405093e-10
2483,27/5/2018,15:44:7,51.546017,-0.030116,4.17,6.9,501,-0.2671676099596285,18.16829268292683,73.63255059501004,2.205371733863631,4.82527935757255,4.3361922639012516e-10
2484,27/5/2018,15:44:8,51.546013,-0.03011,4.2,6.9,500,-0.2869671038652477,18.17560975609756,77.05504298500871,2.253761753222444,4.846506346972139,4.0249755953972594e-10
2485,27/5/2018,15:44:8,51.546013,-0.03011,4.2,7.4,502,-0.2473681160540093,18.182926829268293,80.46038660952205,2.289153341902827,4.852899196633864,3.708515635978434e-10
2486,27/5/2018,15:44:9,51.545998,-0.030104,4.32,7.4,499,-0.3067665977708669,18.190243902439025,83.80916939348722,2.2816729136087157,4.810365409967163,3.3747620152966415e-10
2487,27/5/2018,15:44:10,51.54599,-0.030099,4.74,7.4,500,-0.2869671038652477,18.197560975609758,87.1579521774524,2.2741924853146043,4.767831623300464,3.041008394614849e-10
2488,27/5/2018,15:44:11,51.545979,-0.0301,3.44,7.4,499,-0.3067665977708669,18.20487804878049,90.3655398560736,2.266558614906102,4.7280999106532535,2.727217240149106e-10
2489,27/5/2018,15:44:12,51.545967,-0.030104,4.24,7.4,500,-0.2869671038652477,18.212195121951222,91.3316552373698,2.256488850931648,4.7328511230652275,2.730330236861647e-10
2490,27/5/2018,15:44:12,51.545967,-0.030104,4.24,7.4,501,-0.2671676099596285,18.21951219512195,92.29777061866554,2.2464190869571987,4.7376023354772,2.7334432335741865e-10
2491,27/5/2018,15:44:13,51.545952,-0.030103,4.61,7.4,498,-0.3265660916764861,18.226829268292683,93.26388599996173,2.2363493229827447,4.7423535478891745,2.7365562302867274e-10
2492,27/5/2018,15:44:14,51.54594,-0.030103,4.52,7.4,500,-0.2869671038652477,18.234146341463415,93.05696776872723,2.2227333152145565,4.702357146408022,2.467558670388057e-10
2493,27/5/2018,15:44:15,51.545929,-0.030105,4.74,7.4,500,-0.2869671038652477,18.241463414634147,92.69891636727783,2.2086604108483705,4.656595480679556,2.1635024978202474e-10
2494,27/5/2018,15:44:16,51.545914,-0.030112,5.59,7.4,499,-0.3067665977708669,18.24878048780488,92.34086496582843,2.194587506482185,4.610833814951089,1.8594463252524384e-10
2495,27/5/2018,15:44:16,51.545914,-0.030112,5.59,8.4,501,-0.2671676099596285,18.25609756097561,91.75393497762148,2.201553453531458,4.577919405928146,1.6525441622861164e-10
2496,27/5/2018,15:44:17,51.545902,-0.030108,3.8,8.4,500,-0.2869671038652477,18.263414634146343,91.07463769214893,2.217009936416121,4.550189695028245,1.484849919171692e-10
2497,27/5/2018,15:44:18,51.545891,-0.030106,4.33,8.4,499,-0.3067665977708669,18.270731707317076,90.39534040667637,2.2324664193007844,4.522459984128345,1.3171556760572678e-10
2498,27/5/2018,15:44:19,51.545879,-0.030103,4.48,8.4,500,-0.2869671038652477,18.278048780487804,88.905880957115,2.224690993883237,4.504779479172391,1.2807069594498573e-10
2499,27/5/2018,15:44:20,51.545868,-0.030103,3.83,8.4,500,-0.2869671038652477,18.285365853658536,86.72371695390538,2.197051830828727,4.495691242562766,1.3564757443341635e-10
2500,27/5/2018,15:44:21,51.545856,-0.0301,3.85,8.4,500,-0.2869671038652477,18.29268292682927,84.54155295069575,2.1694126677742163,4.486603005953142,1.4322445292184697e-10
2501,27/5/2018,15:44:21,51.545856,-0.0301,3.85,8.1,502,-0.2473681160540093,18.3,83.08418513834471,2.1477380954743412,4.483656177696716,1.581245765293244e-10
2502,27/5/2018,15:44:22,51.545845,-0.030099,3.82,8.1,501,-0.2671676099596285,18.307317073170733,82.88404957768388,2.1364097087083316,4.49136224297067,1.8572760899148572e-10
2503,27/5/2018,15:44:22,51.545845,-0.030099,3.82,7.8,502,-0.2473681160540093,18.314634146341465,82.68391401702307,2.1250813219423215,4.499068308244624,2.1333064145364707e-10
2504,27/5/2018,15:44:23,51.545841,-0.030084,2.59,7.8,500,-0.2869671038652477,18.321951219512197,83.12653001052644,2.1225225394726897,4.504496419303631,2.2964670305010511e-10
2505,27/5/2018,15:44:24,51.54583,-0.030082,4.11,7.8,499,-0.3067665977708669,18.32926829268293,86.2690057162115,2.1568002316536017,4.50035604815317,1.9855216296780615e-10
2506,27/5/2018,15:44:25,51.545818,-0.030078,4.43,7.8,500,-0.2869671038652477,18.336585365853658,89.41148142189502,2.1910779238344973,4.496215677002712,1.6745762288552227e-10
2507,27/5/2018,15:44:26,51.545807,-0.030077,4.69,7.8,500,-0.2869671038652477,18.34390243902439,92.53714716398152,2.224581399835885,4.4924556777659745,1.3706300240710255e-10
2508,27/5/2018,15:44:27,51.545795,-0.030072,4.41,7.8,499,-0.3067665977708669,18.351219512195122,94.79003959603435,2.2178875717965147,4.508444588289697,1.4300820776194022e-10
2509,27/5/2018,15:44:27,51.545795,-0.030072,4.41,7.8,500,-0.2869671038652477,18.358536585365854,97.0429320280872,2.2111937437571445,4.524433498813419,1.4895341311677786e-10
2510,27/5/2018,15:44:28,51.54578,-0.030068,5.07,7.8,498,-0.3265660916764861,18.365853658536587,99.29582446014003,2.2044999157177747,4.5404224093371415,1.548986184716155e-10
2511,27/5/2018,15:44:29,51.545769,-0.030067,5.07,7.8,499,-0.3067665977708669,18.37317073170732,100.84154617495662,2.2036531582149075,4.540819844202126,1.5827169897800958e-10
2512,27/5/2018,15:44:29,51.545769,-0.030067,5.07,7.6,500,-0.2869671038652477,18.38048780487805,102.25804770865118,2.203874826617334,4.538368273502433,1.6117477919920605e-10
2513,27/5/2018,15:44:30,51.545753,-0.030069,5.32,7.6,498,-0.3265660916764861,18.387804878048783,103.67454924234572,2.204096495019761,4.535916702802741,1.6407785942040255e-10
2514,27/5/2018,15:44:30,51.545753,-0.030069,5.32,7.9,499,-0.3067665977708669,18.39512195121951,103.9090793350848,2.204910851463786,4.517343474071591,1.4930761416225807e-10
2515,27/5/2018,15:44:31,51.545742,-0.030074,4.57,7.9,498,-0.3265660916764861,18.402439024390244,103.56697963577943,2.2060143532884298,4.490905225936424,1.2591536193949217e-10
2516,27/5/2018,15:44:31,51.545742,-0.030074,4.57,7.6,499,-0.3067665977708669,18.409756097560976,103.22487993647407,2.207117855113073,4.464466977801257,1.0252310971672623e-10
2517,27/5/2018,15:44:32,51.545727,-0.030078,5.07,7.6,499,-0.3067665977708669,18.417073170731708,102.63077477202165,2.19776500276312,4.452397573162117,1.0466820240668381e-10
2518,27/5/2018,15:44:32,51.545727,-0.030078,5.07,7.9,500,-0.2869671038652477,18.42439024390244,101.78336553893423,2.177901913843621,4.454771055771474,1.3248223590613352e-10
2519,27/5/2018,15:44:33,51.545715,-0.030081,4.39,7.9,499,-0.3067665977708669,18.431707317073172,100.93595630584682,2.158038824924122,4.45714453838083,1.6029626940558324e-10
2520,27/5/2018,15:44:33,51.545715,-0.030081,4.39,8.1,500,-0.2869671038652477,18.439024390243905,100.37095829917163,2.1543879772742596,4.478115642156983,1.8140171381449615e-10
2521,27/5/2018,15:44:34,51.545704,-0.030085,4.48,8.1,498,-0.3265660916764861,18.446341463414637,100.39164863054346,2.1843594496924035,4.537656069012772,1.885943175584228e-10
2522,27/5/2018,15:44:35,51.545692,-0.030088,4.54,8.1,498,-0.3265660916764861,18.453658536585365,100.41233896191527,2.2143309221105327,4.597196495868531,1.95786921302346e-10
2523,27/5/2018,15:44:36,51.545681,-0.03009,4.57,8.1,500,-0.2869671038652477,18.460975609756098,100.25992154057431,2.244056411910233,4.65284328918623,2.04544273767889e-10
2524,27/5/2018,15:44:36,51.545681,-0.03009,4.57,8.1,501,-0.2671676099596285,18.46829268292683,99.14120114140378,2.2724088047054862,4.686755471410714,2.220361937242455e-10
2525,27/5/2018,15:44:37,51.54567,-0.030093,4.28,8.1,498,-0.3265660916764861,18.475609756097562,98.02248074223327,2.3007611975007394,4.720667653635196,2.3952811368060197e-10
2526,27/5/2018,15:44:38,51.545658,-0.030097,4.82,8.1,498,-0.3265660916764861,18.482926829268294,96.90376034306276,2.3291135902959925,4.75457983585968,2.5702003363695846e-10
2527,27/5/2018,15:44:39,51.545647,-0.030096,4.74,8.1,500,-0.2869671038652477,18.490243902439026,93.56771331371216,2.2715081629035874,4.731162679609255,2.5372857820012353e-10
2528,27/5/2018,15:44:40,51.545635,-0.030091,3.52,8.1,500,-0.2869671038652477,18.49756097560976,90.18302417382858,2.212017054920045,4.706487873727549,2.4998119208110404e-10
2529,27/5/2018,15:44:40,51.545635,-0.030091,3.52,8.1,502,-0.2473681160540093,18.50487804878049,86.79833503394501,2.152525946936503,4.681813067845843,2.462338059620845e-10
2530,27/5/2018,15:44:41,51.545624,-0.03009,4.52,8.1,500,-0.2869671038652477,18.51219512195122,84.53645865946307,2.1654785714254787,4.683329784106562,2.579986284502698e-10
2531,27/5/2018,15:44:41,51.545624,-0.03009,4.52,7.9,502,-0.2473681160540093,18.51951219512195,82.54632574247154,2.195964048178258,4.691185379834342,2.735177199761388e-10
2532,27/5/2018,15:44:42,51.545609,-0.030097,4.52,7.9,500,-0.2869671038652477,18.526829268292683,80.55619282548,2.226449524931037,4.699040975562121,2.890368115020078e-10
2533,27/5/2018,15:44:43,51.545597,-0.030097,4.56,7.9,500,-0.2869671038652477,18.534146341463416,79.8353916461148,2.215976579624064,4.672598547683849,2.886422393047436e-10
2534,27/5/2018,15:44:44,51.545589,-0.030097,4.0,7.9,501,-0.2671676099596285,18.541463414634148,79.8545024344107,2.181628373216949,4.626163302025178,2.7897136061560873e-10
2535,27/5/2018,15:44:45,51.545578,-0.030099,4.72,7.9,502,-0.2473681160540093,18.54878048780488,79.87361322270662,2.147280166809834,4.579728056366508,2.693004819264739e-10
2536,27/5/2018,15:44:45,51.545578,-0.030099,4.72,6.1,502,-0.2473681160540093,18.556097560975612,80.64865909843995,2.1521601882026893,4.575274300300323,2.61245965123734e-10
2537,27/5/2018,15:44:46,51.545567,-0.030101,4.39,6.1,499,-0.3067665977708669,18.563414634146344,82.31701480869918,2.2033973138854512,4.620431255714864,2.5510154879557876e-10
2538,27/5/2018,15:44:47,51.545555,-0.030102,4.39,6.1,500,-0.2869671038652477,18.570731707317073,83.98537051895761,2.2546344395681888,4.665588211129383,2.489571324674266e-10
2539,27/5/2018,15:44:48,51.545544,-0.030105,4.3,6.1,500,-0.2869671038652477,18.578048780487805,85.37323258235685,2.2833500283363346,4.690285539484222,2.4102208497834073e-10
2540,27/5/2018,15:44:48,51.545544,-0.030105,4.3,5.6,501,-0.2671676099596285,18.585365853658537,86.05725647618137,2.2555526889314437,4.663643856702496,2.2859383569020698e-10
2541,27/5/2018,15:44:49,51.545536,-0.030104,3.74,5.6,499,-0.3067665977708669,18.59268292682927,86.74128037000588,2.2277553495265527,4.637002173920771,2.1616558640207325e-10
2542,27/5/2018,15:44:50,51.545528,-0.030105,4.48,5.6,501,-0.2671676099596285,18.6,87.22356244921652,2.204217578928319,4.612962112951647,2.0320852330479015e-10
2543,27/5/2018,15:44:51,51.545517,-0.030107,4.15,5.6,500,-0.2869671038652477,18.607317073170734,86.09929080961652,2.2146005209000723,4.609639845197451,1.86040296581001e-10
2544,27/5/2018,15:44:52,51.545509,-0.030104,2.89,5.6,500,-0.2869671038652477,18.614634146341466,84.97501917001652,2.2249834628718257,4.606317577443256,1.6887206985721185e-10
2545,27/5/2018,15:44:53,51.545509,-0.030093,2.7,5.6,500,-0.2869671038652477,18.621951219512198,83.85074753041653,2.235366404843579,4.602995309689059,1.517038431334227e-10
2546,27/5/2018,15:44:53,51.545509,-0.030093,2.7,4.4,502,-0.2473681160540093,18.629268292682926,81.58217938571485,2.2187368405685417,4.619549152631147,1.7548041402079242e-10
2547,27/5/2018,15:44:54,51.545513,-0.030085,3.06,4.4,500,-0.2869671038652477,18.63658536585366,79.23819756544235,2.2003270450568047,4.637412910055158,2.0195540937206734e-10
2548,27/5/2018,15:44:55,51.545513,-0.030081,0.63,4.4,501,-0.2671676099596285,18.64390243902439,76.89421574516983,2.1819172495450676,4.655276667479168,2.2843040472334226e-10
2549,27/5/2018,15:44:56,51.545513,-0.030093,3.72,4.4,502,-0.2473681160540093,18.651219512195123,75.17378349929297,2.2024579280843115,4.692844707789581,2.510936508535779e-10
2550,27/5/2018,15:44:56,51.545513,-0.030093,3.72,3.0,503,-0.2275686221483901,18.658536585365855,73.6451368113839,2.2349786298738623,4.736473207513165,2.7258451473674197e-10
2551,27/5/2018,15:44:57,51.545513,-0.030097,1.04,3.0,500,-0.2869671038652477,18.665853658536587,72.11649012347486,2.2674993316634127,4.780101707236749,2.940753786199061e-10
2552,27/5/2018,15:44:58,51.545513,-0.030092,0.63,3.0,501,-0.2671676099596285,18.67317073170732,70.52865720958175,2.275578550419227,4.811484476258623,3.0928702729632587e-10
2553,27/5/2018,15:44:59,51.545513,-0.030091,0.81,3.0,502,-0.2473681160540093,18.68048780487805,68.89992951837918,2.2667699039807494,4.834406046383088,3.2016004644723474e-10
2554,27/5/2018,15:45:0,51.545513,-0.03009,0.83,3.0,502,-0.2473681160540093,18.68780487804878,67.2712018271774,2.2579612575422763,4.8573276165075425,3.310330655981384e-10
2555,27/5/2018,15:45:0,51.545513,-0.03009,0.83,4.3,504,-0.2077691282427709,18.695121951219512,64.99899888220389,2.2906951518619265,4.983672604708007,3.824594177058501e-10
2556,27/5/2018,15:45:1,51.545513,-0.030088,0.48,4.3,501,-0.2671676099596285,18.702439024390245,61.83081773577662,2.381273090275207,5.254024883900457,4.903524359559808e-10
2557,27/5/2018,15:45:1,51.545513,-0.030088,0.48,4.5,502,-0.2473681160540093,18.709756097560977,58.66263658934935,2.471851028688488,5.5243771630929075,5.982454542061113e-10
2558,27/5/2018,15:45:2,51.545506,-0.030088,2.22,4.5,502,-0.2473681160540093,18.71707317073171,55.7504586119472,2.511884049937603,5.729274469384534,6.953390790988659e-10
2559,27/5/2018,15:45:3,51.545498,-0.030088,1.63,4.5,507,-0.14837064652591334,18.72439024390244,53.62891588523542,2.395815123678045,5.732021899542029,7.590800657921491e-10
2560,27/5/2018,15:45:4,51.545486,-0.030088,3.96,4.5,504,-0.2077691282427709,18.731707317073173,51.50737315852365,2.2797461974184867,5.734769329699523,8.228210524854325e-10
2561,27/5/2018,15:45:4,51.545486,-0.030088,3.96,7.4,505,-0.18796963433715172,18.7390243902439,49.72304087241276,2.1743181758087715,5.7173664644515885,8.69310763095352e-10
2562,27/5/2018,15:45:5,51.545471,-0.03009,3.82,7.4,502,-0.2473681160540093,18.746341463414634,52.33747917450074,2.207696349885161,5.437111338119281,6.907647194466565e-10
2563,27/5/2018,15:45:6,51.545456,-0.03009,4.22,7.4,503,-0.2275686221483901,18.753658536585366,54.951917476588726,2.241074523961551,5.156856211786973,5.122186757979612e-10
2564,27/5/2018,15:45:6,51.545456,-0.03009,4.22,86.0,503,-0.2275686221483901,18.7609756097561,57.56635577867671,2.2744526980379405,4.876601085454665,3.3367263214926574e-10
2565,27/5/2018,15:45:7,51.545448,-0.030083,4.32,86.0,502,-0.2473681160540093,18.76829268292683,60.72495099229817,2.3025512225534555,4.847240041214422,3.1478384084779185e-10
2566,27/5/2018,15:45:7,51.545448,-0.030083,4.32,8.6,503,-0.2275686221483901,18.775609756097563,63.9454842547825,2.3300487968916426,4.846436733881781,3.140678568517104e-10
2567,27/5/2018,15:45:8,51.545433,-0.030077,4.07,8.6,500,-0.2869671038652477,18.782926829268295,67.16601751726684,2.3575463712298292,4.8456334265491385,3.133518728556289e-10
2568,27/5/2018,15:45:9,51.545425,-0.030075,4.43,8.6,501,-0.2671676099596285,18.790243902439027,68.2612927337973,2.3294573229703053,4.787954746900694,2.893290992544735e-10
2569,27/5/2018,15:45:10,51.54541,-0.030064,4.82,8.6,502,-0.2473681160540093,18.797560975609755,68.54806515029286,2.2802216943695193,4.70863921338511,2.5643982368130333e-10
2570,27/5/2018,15:45:11,51.545395,-0.030063,3.89,8.6,502,-0.2473681160540093,18.804878048780488,68.83483756678854,2.2309860657687097,4.629323679869488,2.235505481081172e-10
2571,27/5/2018,15:45:11,51.545395,-0.030063,3.89,11.2,503,-0.2275686221483901,18.81219512195122,68.2950245378223,2.2191979835187094,4.633132814967585,2.3134645480887822e-10
2572,27/5/2018,15:45:12,51.545387,-0.030063,4.09,11.2,501,-0.2671676099596285,18.819512195121952,67.08169744218273,2.2379227168138414,4.704673161528774,2.7229325076992296e-10
2573,27/5/2018,15:45:13,51.545376,-0.030063,4.24,11.2,501,-0.2671676099596285,18.826829268292684,65.86837034654317,2.2566474501089733,4.776213508089962,3.132400467309677e-10
2574,27/5/2018,15:45:14,51.545364,-0.030062,4.2,11.2,503,-0.2275686221483901,18.834146341463416,64.9681598882122,2.262131442573943,4.853788268305077,3.599315822338076e-10
2575,27/5/2018,15:45:14,51.545364,-0.030062,4.2,11.5,504,-0.2077691282427709,18.84146341463415,64.58400275085745,2.2457931251919363,4.941308457268466,4.160911292232591e-10
2576,27/5/2018,15:45:15,51.545349,-0.030057,4.65,11.5,501,-0.2671676099596285,18.84878048780488,64.19984561350272,2.2294548078099297,5.028828646231855,4.722506762127106e-10
2577,27/5/2018,15:45:16,51.545338,-0.030056,4.11,11.5,503,-0.2275686221483901,18.85609756097561,64.15342676257946,2.214802327199846,5.090118548615066,5.028773056303124e-10
2578,27/5/2018,15:45:17,51.54533,-0.030053,2.82,11.5,501,-0.2671676099596285,18.86341463414634,65.42296227122225,2.2067184955663333,5.049205469090245,4.340181629546429e-10
2579,27/5/2018,15:45:17,51.54533,-0.030053,2.82,13.5,503,-0.2275686221483901,18.870731707317074,66.69249777986504,2.1986346639328205,5.008292389565423,3.6515902027897347e-10
2580,27/5/2018,15:45:18,51.545319,-0.030052,4.13,13.5,501,-0.2671676099596285,18.878048780487806,68.0037367736419,2.1916412086411063,4.9664809534521694,2.985757658115e-10
2581,27/5/2018,15:45:18,51.545319,-0.030052,4.13,13.2,503,-0.2275686221483901,18.885365853658538,70.62556911641515,2.218914433385131,4.896437340434707,3.0351564518119794e-10
2582,27/5/2018,15:45:19,51.545307,-0.030049,4.09,13.2,501,-0.2671676099596285,18.89268292682927,73.24740145918841,2.246187658129156,4.826393727417245,3.084555245508959e-10
2583,27/5/2018,15:45:20,51.545292,-0.030045,4.72,13.2,500,-0.2869671038652477,18.900000000000002,75.86923380196167,2.2734608828731804,4.756350114399782,3.133954039205938e-10
2584,27/5/2018,15:45:21,51.545277,-0.030043,5.26,13.2,500,-0.2869671038652477,18.907317073170734,77.57378755255505,2.2760907885589736,4.716246990475722,2.991603744771709e-10
2585,27/5/2018,15:45:21,51.545277,-0.030043,5.26,12.8,502,-0.2473681160540093,18.914634146341463,79.12583888558358,2.2746236121093912,4.681121631222872,2.8173741502481264e-10
2586,27/5/2018,15:45:22,51.545261,-0.030043,5.56,12.8,500,-0.2869671038652477,18.921951219512195,80.67789021861284,2.273156435659808,4.645996271970005,2.643144555724459e-10
2587,27/5/2018,15:45:23,51.545246,-0.030054,6.11,12.8,500,-0.2869671038652477,18.929268292682927,80.21431875555959,2.2624308646202977,4.600684252315074,2.3052445329135522e-10
2588,27/5/2018,15:45:24,51.545231,-0.030053,5.39,12.8,501,-0.2671676099596285,18.93658536585366,78.81977455354301,2.2474290406099735,4.55066723371201,1.8917486658772215e-10
2589,27/5/2018,15:45:25,51.5452,-0.030078,5.8,12.8,501,-0.2671676099596285,18.94390243902439,77.42523035152644,2.2324272165996493,4.500650215108947,1.4782527988408905e-10
2590,27/5/2018,15:45:25,51.5452,-0.030078,5.8,15.6,502,-0.2473681160540093,18.951219512195124,75.26285157043722,2.2158340727401975,4.489291578737609,1.4839206899886657e-10
2591,27/5/2018,15:45:26,51.545162,-0.030119,8.2,15.6,501,-0.2671676099596285,18.958536585365856,72.36468814386029,2.1977160317961904,4.514977697630942,1.8912561611369075e-10
2592,27/5/2018,15:45:27,51.545143,-0.030134,5.52,15.6,501,-0.2671676099596285,18.965853658536588,69.46652471728336,2.1795979908521836,4.540663816524276,2.2985916322851494e-10
2593,27/5/2018,15:45:28,51.545128,-0.030143,4.87,15.6,503,-0.2275686221483901,18.973170731707317,67.61535273746746,2.1652530264205287,4.56108833795831,2.651569162156898e-10
2594,27/5/2018,15:45:28,51.545128,-0.030143,4.87,19.9,504,-0.2077691282427709,18.98048780487805,67.82155884039113,2.1583223010879746,4.571173619920588,2.897731266410143e-10
2595,27/5/2018,15:45:29,51.545116,-0.030145,4.32,19.9,502,-0.2473681160540093,18.98780487804878,68.0277649433148,2.15139157575542,4.581258901882865,3.1438933706633876e-10
2596,27/5/2018,15:45:29,51.545116,-0.030145,4.32,20.0,502,-0.2473681160540093,18.995121951219513,68.58658322473929,2.157993781135689,4.601885789374729,3.339538178618927e-10
2597,27/5/2018,15:45:30,51.545105,-0.030151,4.76,20.0,500,-0.2869671038652477,19.002439024390245,70.94456936528111,2.2336463922100918,4.676300149361061,3.2774236085099526e-10
2598,27/5/2018,15:45:31,51.545094,-0.030158,5.09,20.0,500,-0.2869671038652477,19.009756097560977,73.30255550582294,2.3092990032844947,4.750714509347392,3.215309038400978e-10
2599,27/5/2018,15:45:32,51.545078,-0.030176,4.15,20.0,501,-0.2671676099596285,19.01707317073171,75.66054164636478,2.3849516143588976,4.8251288693337235,3.153194468292004e-10
2600,27/5/2018,15:45:32,51.545078,-0.030176,4.15,21.5,503,-0.2275686221483901,19.02439024390244,73.87007437682672,2.372839300228867,4.849425926318793,3.3312471697334683e-10
2601,27/5/2018,15:45:33,51.545067,-0.030183,4.78,21.5,500,-0.2869671038652477,19.03170731707317,72.03971813219356,2.359883092587281,4.87324108615962,3.511609171862777e-10
2602,27/5/2018,15:45:34,51.545048,-0.030191,5.33,21.5,501,-0.2671676099596285,19.039024390243902,70.20936188755951,2.3469268849456886,4.897056246000458,3.691971173992173e-10
2603,27/5/2018,15:45:35,51.545033,-0.030189,4.85,21.5,502,-0.2473681160540093,19.046341463414635,67.87391086213454,2.258415737725584,4.837666835989958,3.8915967960012275e-10
2604,27/5/2018,15:45:35,51.545033,-0.030189,4.85,23.0,504,-0.2077691282427709,19.053658536585367,65.42538588948356,2.1529903487127067,4.759650686012751,4.0955349027566966e-10
2605,27/5/2018,15:45:36,51.545017,-0.030196,4.02,23.0,503,-0.2275686221483901,19.0609756097561,62.976860916832585,2.0475649596998293,4.681634536035544,4.299473009512165e-10
2606,27/5/2018,15:45:36,51.545017,-0.030196,4.02,23.5,504,-0.2077691282427709,19.06829268292683,64.05530519747174,2.0668186807444213,4.709823270058673,4.329330163653766e-10
2607,27/5/2018,15:45:37,51.545002,-0.030206,5.76,23.5,501,-0.2671676099596285,19.075609756097563,67.08609013804632,2.1550880575911417,4.79680132103549,4.262825456519909e-10
2608,27/5/2018,15:45:38,51.544979,-0.030216,5.48,23.5,501,-0.2671676099596285,19.082926829268295,70.1168750786209,2.243357434437862,4.883779372012307,4.1963207493860517e-10
2609,27/5/2018,15:45:38,51.544979,-0.030216,5.48,40.0,502,-0.2473681160540093,19.090243902439024,73.52070683676997,2.3069390364453857,4.931591520241626,4.130517246265462e-10
2610,27/5/2018,15:45:39,51.544956,-0.03022,5.91,40.0,499,-0.3067665977708669,19.097560975609756,77.34471090247011,2.342714157245483,4.935290096234679,4.0655035274143285e-10
2611,27/5/2018,15:45:39,51.544956,-0.03022,5.91,23.0,501,-0.2671676099596285,19.10487804878049,81.16871496817026,2.3784892780455795,4.938988672227733,4.000489808563195e-10
2612,27/5/2018,15:45:40,51.544937,-0.030222,6.54,23.0,499,-0.3067665977708669,19.11219512195122,83.59746246657699,2.383833298416852,4.924062726413661,3.965008572518718e-10
2613,27/5/2018,15:45:41,51.54493,-0.030214,5.41,23.0,500,-0.2869671038652477,19.119512195121953,82.72206623052661,2.317112630349076,4.865031561187757,3.999463984912934e-10
2614,27/5/2018,15:45:42,51.544926,-0.030205,3.89,23.0,501,-0.2671676099596285,19.126829268292685,81.84666999447622,2.2503919622812996,4.806000395961852,4.0339193973071497e-10
2615,27/5/2018,15:45:42,51.544926,-0.030205,3.89,17.3,503,-0.2275686221483901,19.134146341463417,81.0221879511344,2.1918234897902735,4.751484457652602,4.0199171375895297e-10
2616,27/5/2018,15:45:43,51.544941,-0.030159,3.33,17.3,500,-0.2869671038652477,19.14146341463415,80.55902841614501,2.1911086647336884,4.729011708649012,3.662025547511984e-10
2617,27/5/2018,15:45:44,51.544956,-0.030113,3.09,17.3,500,-0.2869671038652477,19.148780487804878,80.09586888115585,2.1903938396771028,4.7065389596454335,3.3041339574346117e-10
2618,27/5/2018,15:45:45,51.544956,-0.030097,3.26,17.3,501,-0.2671676099596285,19.15609756097561,79.63270934616646,2.189679014620517,4.684066210641844,2.9462423673570654e-10
2619,27/5/2018,15:45:46,51.544964,-0.030069,3.93,17.3,502,-0.2473681160540093,19.163414634146342,81.46484450596162,2.2252425095079835,4.769943985043656,3.3346882514840796e-10
2620,27/5/2018,15:45:47,51.544964,-0.030051,3.46,17.3,501,-0.2671676099596285,19.170731707317074,83.41749633230864,2.2627108326502676,4.861510808407085,3.7623213060943646e-10
2621,27/5/2018,15:45:48,51.544964,-0.030038,3.78,17.3,498,-0.3265660916764861,19.178048780487806,85.37014815865567,2.3001791557925513,4.953077631770514,4.1899543607046496e-10
2622,27/5/2018,15:45:48,51.544964,-0.030038,3.78,13.3,501,-0.2671676099596285,19.18536585365854,85.58171096734874,2.316850208122578,4.941147046956607,3.904459246019875e-10
2623,27/5/2018,15:45:49,51.544956,-0.03003,4.0,13.3,499,-0.3067665977708669,19.19268292682927,85.2927699848645,2.327542753448005,4.8994644824078675,3.4139640717698287e-10
2624,27/5/2018,15:45:50,51.544949,-0.030037,3.87,13.3,500,-0.2869671038652477,19.200000000000003,85.00382900238029,2.338235298773432,4.8577819178591275,2.923468897519783e-10
2625,27/5/2018,15:45:51,51.544945,-0.030032,4.04,13.3,501,-0.2671676099596285,19.20731707317073,82.19977468724714,2.319792639872528,4.842955633721672,2.991357738994681e-10
2626,27/5/2018,15:45:51,51.544945,-0.030032,4.04,11.3,502,-0.2473681160540093,19.214634146341464,77.7420853470884,2.2821941864614956,4.845786798794725,3.4263725281673685e-10
2627,27/5/2018,15:45:52,51.544933,-0.030041,3.28,11.3,500,-0.2869671038652477,19.221951219512196,73.28439600692968,2.2445957330504633,4.8486179638677775,3.8613873173400564e-10
2628,27/5/2018,15:45:53,51.54493,-0.030049,3.69,11.3,503,-0.2275686221483901,19.229268292682928,69.47671995729868,2.221842862277089,4.8676860718723765,4.288319351392043e-10
2629,27/5/2018,15:45:54,51.544926,-0.030059,2.24,11.3,503,-0.2275686221483901,19.23658536585366,66.53092861884149,2.218774482406164,4.908283544080496,4.704534061407412e-10
2630,27/5/2018,15:45:54,51.544926,-0.030059,2.24,9.4,504,-0.2077691282427709,19.243902439024392,63.5851372803843,2.21570610253524,4.948881016288616,5.120748771422782e-10
2631,27/5/2018,15:45:55,51.544922,-0.030062,0.69,9.4,501,-0.2671676099596285,19.251219512195124,60.99379668802665,2.228794007909734,4.997469940701395,5.411471084658505e-10
2632,27/5/2018,15:45:56,51.544922,-0.030065,0.24,9.4,502,-0.2473681160540093,19.258536585365857,59.429673991551425,2.2887037228521354,5.069218536264671,5.338509480769585e-10
2633,27/5/2018,15:45:56,51.544922,-0.030065,0.24,9.1,504,-0.2077691282427709,19.265853658536585,57.865551295076955,2.348613437794508,5.140967131827913,5.265547876880699e-10
2634,27/5/2018,15:45:57,51.544922,-0.030067,0.06,9.1,502,-0.2473681160540093,19.273170731707317,56.33119805666009,2.396028543771036,5.206898283166464,5.298984465088374e-10
2635,27/5/2018,15:45:58,51.544926,-0.030068,0.63,9.1,503,-0.2275686221483901,19.28048780487805,55.12512075119619,2.305662189060165,5.208678890463238,6.505702935234694e-10
2636,27/5/2018,15:45:58,51.544926,-0.030068,0.63,9.2,506,-0.16817014043153253,19.28780487804878,53.9190434457323,2.2152958343492943,5.210459497760012,7.712421405381015e-10
2637,27/5/2018,15:45:59,51.544922,-0.030074,2.78,9.2,503,-0.2275686221483901,19.295121951219514,52.7129661402684,2.124929479638423,5.212240105056786,8.919139875527335e-10
2638,27/5/2018,15:45:59,51.544922,-0.030074,2.78,9.4,504,-0.2077691282427709,19.302439024390246,55.54739143863052,2.1468069640271406,5.063151693925744,7.173183810017095e-10
2639,27/5/2018,15:46:0,51.54491,-0.030082,4.33,9.4,502,-0.2473681160540093,19.309756097560978,58.78264426349223,2.179819305833968,4.899096715164085,5.134315365347668e-10
2640,27/5/2018,15:46:1,51.544903,-0.030085,5.0,9.4,502,-0.2473681160540093,19.317073170731707,62.01789708835238,2.21283164764078,4.735041736402507,3.0954469206792315e-10
2641,27/5/2018,15:46:2,51.544891,-0.030085,5.09,9.4,502,-0.2473681160540093,19.32439024390244,66.10296527023641,2.263750557170111,4.7121706602612985,2.5295284190380946e-10
2642,27/5/2018,15:46:2,51.544891,-0.030085,5.09,9.3,502,-0.2473681160540093,19.33170731707317,70.49229910242818,2.3210806870049416,4.739848696452345,2.490981032290192e-10
2643,27/5/2018,15:46:3,51.544876,-0.030081,6.78,9.3,499,-0.3067665977708669,19.339024390243903,74.88163293461996,2.3784108168397724,4.7675267326433906,2.452433645542289e-10
2644,27/5/2018,15:46:4,51.544865,-0.030076,4.85,9.3,500,-0.2869671038652477,19.346341463414635,77.67231074775164,2.3618789626064953,4.753030488337365,2.4071577487159295e-10
2645,27/5/2018,15:46:5,51.544857,-0.030073,4.5,9.3,501,-0.2671676099596285,19.353658536585368,79.22192665135032,2.2880068838993157,4.705793684171783,2.3566584032760333e-10
2646,27/5/2018,15:46:6,51.544842,-0.030071,4.78,9.3,502,-0.2473681160540093,19.3609756097561,80.77154255494901,2.214134805192136,4.658556880006202,2.3061590578361366e-10
2647,27/5/2018,15:46:6,51.544842,-0.030071,4.78,8.6,502,-0.2473681160540093,19.368292682926832,82.02713022944441,2.2064180533172846,4.672737231027112,2.385635671729952e-10
2648,27/5/2018,15:46:7,51.54483,-0.03007,4.52,8.6,499,-0.3067665977708669,19.37560975609756,82.82199381037451,2.3023626168278764,4.783154474807984,2.6687765944278527e-10
2649,27/5/2018,15:46:8,51.544823,-0.030073,3.76,8.6,498,-0.3265660916764861,19.382926829268293,83.616857391305,2.3983071803385143,4.893571718588909,2.9519175171258914e-10
2650,27/5/2018,15:46:9,51.544815,-0.030074,2.69,8.6,501,-0.2671676099596285,19.390243902439025,83.51012140221745,2.4588600759547923,4.965100472950713,3.1578384802465295e-10
2651,27/5/2018,15:46:9,51.544815,-0.030074,2.69,8.1,502,-0.2473681160540093,19.397560975609757,80.13429886029981,2.391087238681285,4.895624459733296,3.0837695899342224e-10
2652,27/5/2018,15:46:10,51.544811,-0.030073,1.02,8.1,500,-0.2869671038652477,19.40487804878049,76.75847631838218,2.3233144014077776,4.8261484465158775,3.0097006996219154e-10
2653,27/5/2018,15:46:11,51.544815,-0.030076,1.63,8.1,501,-0.2671676099596285,19.41219512195122,73.42464447893687,2.255996339782063,4.762295815746473,2.9777567402008214e-10
2654,27/5/2018,15:46:12,51.544815,-0.030075,0.31,8.1,503,-0.2275686221483901,19.419512195121953,71.03033606017419,2.1988536824030147,4.824263883424415,3.8883395030466474e-10
2655,27/5/2018,15:46:13,51.544815,-0.030076,0.17,8.1,504,-0.2077691282427709,19.426829268292686,68.63602764141152,2.1417110250239664,4.886231951102357,4.798922265892474e-10
2656,27/5/2018,15:46:14,51.544815,-0.030074,1.54,8.1,502,-0.2473681160540093,19.434146341463414,66.24171922265,2.0845683676449456,4.94820001878027,5.709505028737859e-10
2657,27/5/2018,15:46:14,51.544815,-0.030074,1.54,8.4,503,-0.2275686221483901,19.441463414634146,69.14816218687307,2.14460186340778,5.020513484654626,5.846162660642353e-10
2658,27/5/2018,15:46:15,51.544811,-0.030073,0.44,8.4,499,-0.3067665977708669,19.44878048780488,72.8509621663794,2.222239288281111,5.094381188755673,5.866549850339839e-10
2659,27/5/2018,15:46:16,51.544811,-0.030073,0.09,8.4,502,-0.2473681160540093,19.45609756097561,76.55376214588574,2.299876713154442,5.1682488928567185,5.886937040037324e-10
2660,27/5/2018,15:46:17,51.544811,-0.030072,0.13,8.4,501,-0.2671676099596285,19.463414634146343,81.80424620465597,2.3085083232730232,5.093091799260133,5.157509949529605e-10
2661,27/5/2018,15:46:18,51.544811,-0.030071,0.19,8.4,499,-0.3067665977708669,19.470731707317075,87.73074952567629,2.286998601186612,4.952841554453752,4.1005684112607014e-10
2662,27/5/2018,15:46:19,51.544815,-0.030068,0.41,8.4,499,-0.3067665977708669,19.478048780487807,93.6572528466966,2.2654888791002006,4.81259130964737,3.043626872991797e-10
2663,27/5/2018,15:46:19,51.544815,-0.030068,0.41,9.0,500,-0.2869671038652477,19.48536585365854,98.46250731843418,2.2675827701886893,4.75922069875161,2.545730689326029e-10
2664,27/5/2018,15:46:20,51.544815,-0.030067,0.19,9.0,497,-0.3463655855821053,19.492682926829268,102.24349107393351,2.291238770159496,4.785215399944153,2.558527369366905e-10
2665,27/5/2018,15:46:20,51.544815,-0.030067,0.19,9.1,499,-0.3067665977708669,19.5,106.02447482943468,2.3148947701303144,4.811210101136708,2.571324049407788e-10
2666,27/5/2018,15:46:21,51.544815,-0.030064,0.15,9.1,497,-0.3463655855821053,19.507317073170732,107.85605208975541,2.3328005988425735,4.829863645152089,2.726848613869681e-10
2667,27/5/2018,15:46:22,51.544815,-0.030066,1.09,9.1,499,-0.3067665977708669,19.514634146341464,106.05464451814578,2.3399901993002357,4.834835941700905,3.148366053843691e-10
2668,27/5/2018,15:46:23,51.544815,-0.030064,0.81,9.1,499,-0.3067665977708669,19.521951219512196,104.25323694653613,2.3471797997578974,4.839808238249721,3.569883493817701e-10
2669,27/5/2018,15:46:23,51.544815,-0.030064,0.81,9.9,500,-0.2869671038652477,19.52926829268293,101.06615362225322,2.3753860494705963,4.87350746554769,4.085554700632606e-10
2670,27/5/2018,15:46:24,51.544815,-0.030064,0.15,9.9,497,-0.3463655855821053,19.53658536585366,91.38319394064811,2.502115748657348,5.041874987294667,5.04260710849304e-10
2671,27/5/2018,15:46:25,51.544819,-0.030064,0.07,9.9,500,-0.2869671038652477,19.543902439024393,81.70023425904301,2.6288454478440997,5.2102425090416435,5.999659516353473e-10
2672,27/5/2018,15:46:25,51.544819,-0.030064,0.07,10.2,502,-0.2473681160540093,19.55121951219512,72.01882816523985,2.754713179261345,5.378363954833939,6.960134494494575e-10
2673,27/5/2018,15:46:26,51.544819,-0.030063,0.26,10.2,505,-0.18796963433715172,19.558536585365854,62.978179938545814,2.5250730787773152,5.444994449103946,9.332205802925681e-10
2674,27/5/2018,15:46:27,51.544819,-0.030062,0.28,10.2,508,-0.12857115262029412,19.565853658536586,53.937531711851776,2.295432978293285,5.511624943373953,1.1704277111356786e-09
2675,27/5/2018,15:46:28,51.544819,-0.030064,0.91,10.2,505,-0.18796963433715172,19.573170731707318,44.89688348515773,2.065792877809255,5.57825543764396,1.4076348419787892e-09
2676,27/5/2018,15:46:29,51.544819,-0.030068,1.0,10.2,504,-0.2077691282427709,19.58048780487805,43.12983200172098,2.3864440833227074,6.368185705547164,1.8486810595648896e-09
2677,27/5/2018,15:46:29,51.544819,-0.030068,1.0,10.5,506,-0.16817014043153253,19.587804878048782,42.86286037179024,2.8205853448324,7.307286659806942,2.3317663010580663e-09
2678,27/5/2018,15:46:30,51.544819,-0.030066,0.96,10.5,503,-0.2275686221483901,19.595121951219515,42.595888741859504,3.2547266063420923,8.24638761406672,2.814851542551243e-09
2679,27/5/2018,15:46:31,51.544819,-0.030064,0.59,10.5,500,-0.2869671038652477,19.602439024390247,43.301067442065815,3.311822093738833,8.617109952946127,2.9443856086443143e-09
2680,27/5/2018,15:46:32,51.544823,-0.030063,2.76,10.5,510,-0.08897216480905573,19.609756097560975,44.516866029762674,3.1708750924503564,8.689292636341372,2.888217673916501e-09
2681,27/5/2018,15:46:33,51.544827,-0.030061,0.65,10.5,504,-0.2077691282427709,19.617073170731707,45.73266461746013,3.0299280911618114,8.761475319736656,2.832049739188661e-09
2682,27/5/2018,15:46:34,51.544827,-0.030063,1.93,10.5,504,-0.2077691282427709,19.62439024390244,49.07894893826616,2.8786815291283268,8.231370717307302,2.43535677051154e-09
2683,27/5/2018,15:46:35,51.544823,-0.030064,1.11,10.5,503,-0.2275686221483901,19.63170731707317,54.71266700073075,2.71637666127936,7.0546097029821295,1.6730530678923148e-09
2684,27/5/2018,15:46:36,51.544819,-0.030064,2.11,10.5,502,-0.2473681160540093,19.639024390243904,60.34638506319533,2.5540717934303934,5.877848688656959,9.107493652730895e-10
2685,27/5/2018,15:46:36,51.544819,-0.030064,2.11,9.9,502,-0.2473681160540093,19.646341463414636,65.72894852154202,2.437116955454641,5.029135785655508,3.707354647276072e-10
2686,27/5/2018,15:46:37,51.544811,-0.030073,3.8,9.9,499,-0.3067665977708669,19.653658536585368,70.54945674247979,2.4216502900585457,4.9145569820037265,3.281806807169712e-10
2687,27/5/2018,15:46:38,51.5448,-0.030089,5.48,9.9,500,-0.2869671038652477,19.6609756097561,75.36996496341754,2.4061836246624506,4.799978178351944,2.8562589670633514e-10
2688,27/5/2018,15:46:39,51.544788,-0.030105,5.74,9.9,501,-0.2671676099596285,19.66829268292683,79.43701232351908,2.383346634448453,4.693535280949745,2.4612218910959555e-10
2689,27/5/2018,15:46:40,51.544781,-0.03012,5.44,9.9,501,-0.2671676099596285,19.67560975609756,78.69486028283099,2.31346624285762,4.639022347655804,2.260929301857793e-10
2690,27/5/2018,15:46:41,51.544769,-0.030137,6.22,9.9,501,-0.2671676099596285,19.682926829268293,77.9527082421429,2.2435858512667872,4.584509414361863,2.0606367126196302e-10
2691,27/5/2018,15:46:41,51.544769,-0.030137,6.22,9.7,502,-0.2473681160540093,19.690243902439025,77.2105562014548,2.173705459675954,4.529996481067922,1.8603441233814675e-10
2692,27/5/2018,15:46:42,51.544758,-0.030159,7.22,9.7,500,-0.2869671038652477,19.697560975609758,75.51714987580313,2.1948468297346304,4.5946419697377445,2.22864960742006e-10
2693,27/5/2018,15:46:43,51.54475,-0.03018,6.48,9.7,501,-0.2671676099596285,19.70487804878049,73.78622550717165,2.219578152994721,4.663987138469259,2.619380942557186e-10
2694,27/5/2018,15:46:43,51.54475,-0.03018,6.48,9.4,503,-0.2275686221483901,19.712195121951222,72.05530113854016,2.244309476254812,4.733332307200774,3.0101122776943125e-10
2695,27/5/2018,15:46:44,51.544743,-0.030202,6.15,9.4,501,-0.2671676099596285,19.719512195121954,69.43962987730319,2.2734624125859177,4.746513847430533,3.017709886997494e-10
2696,27/5/2018,15:46:45,51.544739,-0.030224,5.7,9.4,502,-0.2473681160540093,19.726829268292683,66.58687290476598,2.3038002090038914,4.744645214640293,2.9226391143350207e-10
2697,27/5/2018,15:46:46,51.544739,-0.030239,4.28,9.4,502,-0.2473681160540093,19.734146341463415,63.73411593222738,2.33413800542188,4.742776581850052,2.8275683416725006e-10
2698,27/5/2018,15:46:46,51.544739,-0.030239,4.28,8.8,503,-0.2275686221483901,19.741463414634147,59.12664347886976,2.368447661807468,4.804490664673874,3.330648748972094e-10
2699,27/5/2018,15:46:47,51.544739,-0.030253,3.48,8.8,502,-0.2473681160540093,19.74878048780488,53.421934932469895,2.4052409505315167,4.905963472617523,4.207757351112652e-10
2700,27/5/2018,15:46:48,51.544746,-0.030266,4.54,8.8,505,-0.18796963433715172,19.75609756097561,47.717226386070024,2.442034239255565,5.007436280561171,5.08486595325321e-10
2701,27/5/2018,15:46:48,51.544746,-0.030266,4.54,8.2,506,-0.16817014043153253,19.763414634146343,42.202747487439964,2.422747336559712,5.104763661103621,6.002736780975009e-10
2702,27/5/2018,15:46:49,51.54475,-0.030283,4.48,8.2,505,-0.18796963433715172,19.770731707317076,36.928544969092506,2.332626336456311,5.196855010867682,6.97209379988597e-10
2703,27/5/2018,15:46:50,51.54475,-0.030304,4.91,8.2,507,-0.14837064652591334,19.778048780487808,31.654342450745055,2.2425053363529104,5.288946360631744,7.941450818796933e-10
2704,27/5/2018,15:46:51,51.544754,-0.030326,5.39,8.2,509,-0.10877165871467494,19.785365853658536,27.398514871190322,2.2277340732568636,5.3996775905173715,8.731000673884676e-10
2705,27/5/2018,15:46:51,51.544754,-0.030326,5.39,8.4,508,-0.12857115262029412,19.79268292682927,25.917414954250095,2.4182653875135562,5.561196196477659,9.030636753219128e-10
2706,27/5/2018,15:46:52,51.544754,-0.030347,5.06,8.4,505,-0.18796963433715172,19.8,24.436315037309864,2.608796701770249,5.722714802437946,9.330272832553578e-10
2707,27/5/2018,15:46:53,51.544754,-0.030369,4.94,8.4,506,-0.16817014043153253,19.807317073170733,22.96778620052591,2.7646172355447725,5.84193194968612,9.514073559245516e-10
2708,27/5/2018,15:46:54,51.544754,-0.030385,4.24,8.4,508,-0.12857115262029412,19.814634146341465,21.618892476325755,2.590105921997221,5.558579093993298,8.59550477732723e-10
2709,27/5/2018,15:46:55,51.544754,-0.030401,3.28,8.4,508,-0.12857115262029412,19.821951219512197,20.269998752125602,2.41559460844967,5.275226238300478,7.676935995408944e-10
2710,27/5/2018,15:46:55,51.544754,-0.030401,3.28,8.0,509,-0.10877165871467494,19.82926829268293,18.921105027925446,2.2410832949021193,4.991873382607657,6.758367213490658e-10
2711,27/5/2018,15:46:56,51.544754,-0.030419,3.96,8.0,508,-0.12857115262029412,19.836585365853658,18.045776009559805,2.227533716496785,4.9781542814750415,6.621156064988198e-10
2712,27/5/2018,15:46:57,51.544758,-0.030435,3.89,8.0,508,-0.12857115262029412,19.84390243902439,17.21068096160896,2.2276594175409303,4.987343214598926,6.55032891748758e-10
2713,27/5/2018,15:46:58,51.544758,-0.030454,4.82,8.0,509,-0.10877165871467494,19.851219512195122,16.37558591365812,2.2277851185850754,4.996532147722812,6.479501769986961e-10
2714,27/5/2018,15:46:58,51.544758,-0.030454,4.82,8.1,509,-0.10877165871467494,19.858536585365854,16.058459751398804,2.2845583281589152,5.092688235341959,7.231095474371771e-10
2715,27/5/2018,15:46:59,51.544765,-0.03047,4.22,8.1,507,-0.14837064652591334,19.865853658536587,15.91555948705386,2.3603856996927375,5.2180969112913225,8.25932164711796e-10
2716,27/5/2018,15:47:0,51.544769,-0.030484,3.04,8.1,508,-0.12857115262029412,19.87317073170732,15.772659222708915,2.43621307122656,5.343505587240685,9.287547819864148e-10
2717,27/5/2018,15:47:1,51.544773,-0.030497,2.93,8.1,509,-0.10877165871467494,19.88048780487805,15.732884309958772,2.4586367099766147,5.498441072051274,1.1188240889622183e-09
2718,27/5/2018,15:47:2,51.544769,-0.030514,4.39,8.1,509,-0.10877165871467494,19.887804878048783,15.769361957998552,2.441572760878209,5.675209159154164,1.3734050160903485e-09
2719,27/5/2018,15:47:2,51.544769,-0.030514,4.39,8.6,510,-0.08897216480905573,19.89512195121951,15.805839606038312,2.424508811779812,5.851977246256969,1.6279859432183552e-09
2720,27/5/2018,15:47:3,51.544765,-0.030532,4.61,8.6,507,-0.14837064652591334,19.902439024390244,16.266031506584778,2.4167907692084847,5.945359557622203,1.750296293571892e-09
2721,27/5/2018,15:47:4,51.544758,-0.030555,5.41,8.6,507,-0.14837064652591334,19.909756097560976,17.357806511677616,2.4230036166750804,5.9144480865530955,1.6754457954875589e-09
2722,27/5/2018,15:47:5,51.544746,-0.03058,4.94,8.6,509,-0.10877165871467494,19.917073170731708,18.44958151677045,2.4292164641416765,5.883536615483988,1.6005952974032257e-09
2723,27/5/2018,15:47:6,51.544739,-0.030602,5.2,8.6,508,-0.12857115262029412,19.92439024390244,19.685092533507397,2.4429608355612884,5.851969434499258,1.5246691011311004e-09
2724,27/5/2018,15:47:6,51.544739,-0.030602,5.2,6.4,508,-0.12857115262029412,19.931707317073172,21.406962778510717,2.4821896081101595,5.818183529307002,1.4451030672533692e-09
2725,27/5/2018,15:47:7,51.544735,-0.030621,4.59,6.4,505,-0.18796963433715172,19.939024390243905,23.12883302351404,2.521418380659031,5.784397624114746,1.365537033375638e-09
2726,27/5/2018,15:47:8,51.544724,-0.030642,5.17,6.4,507,-0.14837064652591334,19.946341463414637,24.82415715895846,2.5526619856143817,5.738875471407466,1.279018969712444e-09
2727,27/5/2018,15:47:9,51.54472,-0.030667,4.5,6.4,506,-0.16817014043153253,19.953658536585365,26.060937584264316,2.4459739525539548,5.4906274741958185,1.0724151539830136e-09
2728,27/5/2018,15:47:10,51.544708,-0.030695,5.11,6.4,507,-0.14837064652591334,19.960975609756098,27.297718009570772,2.3392859194934763,5.242379476984051,8.658113382534831e-10
2729,27/5/2018,15:47:10,51.544708,-0.030695,5.11,3.4,507,-0.14837064652591334,19.96829268292683,28.53449843487723,2.232597886432998,4.9941314797722836,6.592075225239525e-10
2730,27/5/2018,15:47:11,51.544704,-0.030714,5.32,3.4,505,-0.18796963433715172,19.975609756097562,29.2657095410112,2.2646986580496393,4.968911695966016,5.99833917303019e-10
2731,27/5/2018,15:47:12,51.544704,-0.030733,5.13,3.4,506,-0.16817014043153253,19.982926829268294,29.928846562145093,2.315487116059345,4.973722297669758,5.602846200150652e-10
2732,27/5/2018,15:47:13,51.544701,-0.030746,4.57,3.4,506,-0.16817014043153253,19.990243902439026,30.591983583278985,2.3662755740690504,4.9785328993735,5.207353227271113e-10
2733,27/5/2018,15:47:14,51.544701,-0.030758,3.78,3.4,505,-0.18796963433715172,19.99756097560976,30.979479032318856,2.3171838492415313,4.962434467445032,5.297934147433638e-10
2734,27/5/2018,15:47:14,51.544701,-0.030758,3.78,3.0,507,-0.14837064652591334,20.00487804878049,31.253256882109373,2.22688595032877,4.93770988711226,5.589047794770125e-10
2735,27/5/2018,15:47:15,51.544697,-0.030762,2.57,3.0,506,-0.16817014043153253,20.01219512195122,31.527034731899757,2.1365880514160525,4.9129853067795,5.880161442106469e-10
2736,27/5/2018,15:47:15,51.544697,-0.030762,2.57,1.6,507,-0.14837064652591334,20.01951219512195,32.32380601400259,2.154639159137518,4.894806935018201,5.698459231584897e-10
2737,27/5/2018,15:47:16,51.544697,-0.03078,3.59,1.6,505,-0.18796963433715172,20.026829268292683,33.57597796864254,2.2670360223530763,4.88232872620701,5.105048868816042e-10
2738,27/5/2018,15:47:17,51.544708,-0.030783,1.76,1.6,504,-0.2077691282427709,20.034146341463416,34.828149923282496,2.3794328855686344,4.86985051739582,4.5116385060471867e-10
2739,27/5/2018,15:47:18,51.544708,-0.030796,1.57,1.6,505,-0.18796963433715172,20.041463414634148,35.68040607996833,2.4117895734293846,4.810765740042379,3.862819651686602e-10
2740,27/5/2018,15:47:19,51.544704,-0.030806,2.0,1.6,505,-0.18796963433715172,20.04878048780488,35.82523479330835,2.302559915099581,4.66923669368122,3.115986445937772e-10
2741,27/5/2018,15:47:20,51.544701,-0.030817,2.5,1.6,506,-0.16817014043153253,20.056097560975612,35.970063506648366,2.193330256769778,4.52770764732006,2.369153240188941e-10
2742,27/5/2018,15:47:21,51.544704,-0.030835,2.32,1.6,506,-0.16817014043153253,20.063414634146344,36.03431484721042,2.119340636827437,4.4205180696076205,1.7281698386384066e-10
2743,27/5/2018,15:47:22,51.544697,-0.03086,4.04,1.6,505,-0.18796963433715172,20.070731707317073,35.749981466408194,2.197802487299882,4.4618840193097835,1.5451018943790814e-10
2744,27/5/2018,15:47:23,51.544685,-0.030899,5.2,1.6,505,-0.18796963433715172,20.078048780487805,35.46564808560583,2.276264337772366,4.503249969011967,1.3620339501196673e-10
2745,27/5/2018,15:47:24,51.544674,-0.030925,4.98,1.6,505,-0.18796963433715172,20.085365853658537,35.14528737916842,2.355837422687157,4.5484173675672395,1.2120691745302225e-10
2746,27/5/2018,15:47:25,51.544662,-0.030948,4.7,1.6,505,-0.18796963433715172,20.09268292682927,32.35231442913043,2.511676281958761,4.8544842031994495,3.334027132937325e-10
2747,27/5/2018,15:47:26,51.544647,-0.030967,4.57,1.6,506,-0.16817014043153253,20.1,29.559341479092446,2.667515141230364,5.16055103883166,5.455985091344428e-10
2748,27/5/2018,15:47:27,51.54464,-0.030979,3.82,1.6,507,-0.14837064652591334,20.107317073170734,26.766368529054457,2.8233540005019675,5.4666178744638705,7.577943049751531e-10
2749,27/5/2018,15:47:28,51.544636,-0.03099,2.89,1.6,506,-0.16817014043153253,20.114634146341466,21.672082900453738,3.4628848181522347,6.1804991245587955,1.3820565843919462e-09
2750,27/5/2018,15:47:28,51.544636,-0.03099,2.89,5.3,510,-0.08897216480905573,20.121951219512198,16.1426038622102,4.193884976124864,6.971500770845324,2.084243354321258e-09
2751,27/5/2018,15:47:29,51.544632,-0.030994,1.5,5.3,510,-0.08897216480905573,20.129268292682926,10.613124823969347,4.9248851340971385,7.7625024171314685,2.7864301242502297e-09
2752,27/5/2018,15:47:30,51.544624,-0.030998,1.96,5.3,513,-0.029573683092198152,20.13658536585366,7.145527508200326,7.171424407188483,8.32359974417226,5.713629599257452e-09
2753,27/5/2018,15:47:31,51.544628,-0.030997,1.11,5.3,515,0.01002530471904024,20.14390243902439,4.704668849070368,10.172644503229009,8.77021346658873,9.748800754170177e-09
2754,27/5/2018,15:47:31,51.544628,-0.030997,1.11,5.0,516,0.029824798624659435,20.151219512195123,2.2638101899404095,13.173864599269535,9.216827189005201,1.3783971909082904e-08
2755,27/5/2018,15:47:32,51.544628,-0.030995,0.02,5.0,516,0.029824798624659435,20.158536585365855,0.9367913527842746,15.25493088839656,10.952125557225607,2.2690776250239744e-08
2756,27/5/2018,15:47:32,51.544628,-0.030995,0.02,5.0,516,0.029824798624659435,20.165853658536587,0.749848393365562,16.39416951220332,14.006463027574817,3.658396316746554e-08
2757,27/5/2018,15:47:33,51.544632,-0.030993,0.28,5.0,514,-0.009774189186578956,20.17317073170732,0.5629054339468492,17.53340813601008,17.06080049792403,5.0477150084691334e-08
2758,27/5/2018,15:47:34,51.544632,-0.030995,0.44,5.0,513,-0.029573683092198152,20.18048780487805,0.4824824557816373,18.380869923177542,19.083868636741553,5.8679868432487245e-08
2759,27/5/2018,15:47:35,51.544632,-0.030995,0.19,5.0,516,0.029824798624659435,20.18780487804878,0.6275987216177897,18.610540321552335,18.92338677246639,5.483391793843838e-08
2760,27/5/2018,15:47:36,51.544628,-0.030997,0.3,5.0,516,0.029824798624659435,20.195121951219512,0.7727149874540127,18.84021071992724,18.762904908191146,5.0987967444387636e-08
2761,27/5/2018,15:47:37,51.544628,-0.031001,0.24,5.0,519,0.08922328034151703,20.202439024390245,0.8985479670667655,19.070596709487642,18.570524901580896,4.746911237679353e-08
2762,27/5/2018,15:47:38,51.544628,-0.031003,0.06,5.0,515,0.01002530471904024,20.209756097560977,0.9128345525255693,19.305122118828777,18.193626410079364,4.5842378545313084e-08
2763,27/5/2018,15:47:38,51.544628,-0.031003,0.06,5.3,513,-0.029573683092198152,20.21707317073171,0.927121137984373,19.53964752816991,17.81672791857783,4.421564471383264e-08
2764,27/5/2018,15:47:39,51.544632,-0.031005,0.57,5.3,514,-0.009774189186578956,20.22439024390244,0.9414077234431767,19.77417293751104,17.439829427076294,4.2588910882352186e-08
2765,27/5/2018,15:47:39,51.544632,-0.031005,0.57,5.6,514,-0.009774189186578956,20.231707317073173,2.069864188539933,15.088392258682106,15.193589570180563,3.122113987285419e-08
2766,27/5/2018,15:47:40,51.544628,-0.031007,0.57,5.6,511,-0.06917267090343654,20.239024390243905,3.228064130168773,10.271260866341054,12.89744645162951,1.959332565450849e-08
2767,27/5/2018,15:47:40,51.544628,-0.031007,0.57,4.8,512,-0.04937317699781735,20.246341463414634,4.386264071797051,5.454129474002341,10.601303333079567,7.965511436168432e-09
2768,27/5/2018,15:47:41,51.544632,-0.031007,0.11,4.8,509,-0.10877165871467494,20.253658536585366,7.689914611054858,4.288720243119123,9.515823266598236,4.973271627342777e-09
2769,27/5/2018,15:47:42,51.544632,-0.031008,0.17,4.8,510,-0.08897216480905573,20.2609756097561,11.527902261013395,4.032793929713288,8.731865965539692,4.13177249943681e-09
2770,27/5/2018,15:47:43,51.544632,-0.031009,0.26,4.8,508,-0.12857115262029412,20.26829268292683,15.365889910971932,3.7768676163074533,7.9479086644811465,3.290273371530842e-09
2771,27/5/2018,15:47:44,51.544632,-0.031008,0.19,4.8,504,-0.2077691282427709,20.275609756097563,19.02862069465056,3.469679244126574,7.410580032837975,2.739912857984808e-09
2772,27/5/2018,15:47:44,51.544632,-0.031008,0.19,5.7,507,-0.14837064652591334,20.282926829268295,22.58718579208038,3.132022750244254,7.019837638547992,2.3625935165312464e-09
2773,27/5/2018,15:47:45,51.544632,-0.031009,0.87,5.7,507,-0.14837064652591334,20.290243902439027,26.145750889510204,2.794366256361934,6.629095244258008,1.985274175077685e-09
2774,27/5/2018,15:47:45,51.544632,-0.031009,0.87,5.8,508,-0.12857115262029412,20.29756097560976,29.83817052550587,2.5906589493804413,6.2522770739274005,1.6320482573519273e-09
2775,27/5/2018,15:47:46,51.544632,-0.031009,0.17,5.8,504,-0.2077691282427709,20.304878048780488,33.69168824538965,2.5481636384922433,5.892217138495421,1.307819521481236e-09
2776,27/5/2018,15:47:47,51.544636,-0.031008,0.17,5.8,505,-0.18796963433715172,20.31219512195122,37.5452059652753,2.505668327604025,5.532157203063266,9.83590785610387e-10
2777,27/5/2018,15:47:48,51.54464,-0.031008,0.11,5.8,504,-0.2077691282427709,20.319512195121952,40.95481153123314,2.4746911855139646,5.250232564853991,7.191495654822378e-10
2778,27/5/2018,15:47:49,51.544636,-0.031009,0.33,5.8,503,-0.2275686221483901,20.326829268292684,43.2253217588115,2.473270099207824,5.168806047820169,6.081253668823461e-10
2779,27/5/2018,15:47:50,51.54464,-0.03101,0.35,5.8,503,-0.2275686221483901,20.334146341463416,45.49583198638986,2.4718490129016835,5.087379530786348,4.971011682824545e-10
2780,27/5/2018,15:47:51,51.54464,-0.03101,0.13,5.8,503,-0.2275686221483901,20.34146341463415,47.414004282980294,2.4577174502985955,5.011932916397626,4.007483772229098e-10
2781,27/5/2018,15:47:51,51.54464,-0.03101,0.13,6.6,506,-0.16817014043153253,20.34878048780488,46.3925435875608,2.3375395833367936,4.986377947382584,4.2680237195533836e-10
2782,27/5/2018,15:47:52,51.544643,-0.03101,0.35,6.6,504,-0.2077691282427709,20.35609756097561,45.37108289214181,2.21736171637505,4.960822978367554,4.528563666877542e-10
2783,27/5/2018,15:47:52,51.544643,-0.03101,0.35,6.9,505,-0.18796963433715172,20.36341463414634,44.349622196722315,2.097183849413248,4.935268009352512,4.789103614201828e-10
2784,27/5/2018,15:47:53,51.544643,-0.031011,0.7,6.9,504,-0.2077691282427709,20.370731707317074,45.729740509172956,2.112489863516816,4.880702480703254,4.327177000441111e-10
2785,27/5/2018,15:47:53,51.544643,-0.031011,0.7,6.9,505,-0.18796963433715172,20.378048780487806,47.280566914961476,2.137426289503105,4.8240748348779245,3.8138963030799643e-10
2786,27/5/2018,15:47:54,51.54464,-0.031013,0.35,6.9,503,-0.2275686221483901,20.385365853658538,48.831393320749996,2.1623627154893943,4.767447189052595,3.300615605718818e-10
2787,27/5/2018,15:47:54,51.54464,-0.031013,0.35,6.6,504,-0.2077691282427709,20.39268292682927,51.38354230381469,2.2173356990090474,4.739224130093578,3.0200768425423583e-10
2788,27/5/2018,15:47:55,51.544643,-0.031021,3.43,6.6,502,-0.2473681160540093,20.400000000000002,54.25147923827264,2.281781337181278,4.719959049812204,2.812938100765011e-10
2789,27/5/2018,15:47:56,51.544651,-0.031038,5.17,6.6,502,-0.2473681160540093,20.407317073170734,57.11941617273058,2.346226975353509,4.700693969530832,2.6057993589876634e-10
2790,27/5/2018,15:47:57,51.544655,-0.031057,5.56,6.6,502,-0.2473681160540093,20.414634146341463,58.29916152358055,2.351332281111187,4.685974460356719,2.5016147794917014e-10
2791,27/5/2018,15:47:58,51.544659,-0.031077,4.91,6.6,503,-0.2275686221483901,20.421951219512195,58.29038868844509,2.3146608922555445,4.674455117549451,2.469911839747055e-10
2792,27/5/2018,15:47:58,51.544659,-0.031077,4.91,4.8,504,-0.2077691282427709,20.429268292682927,58.28161585330963,2.277989503399902,4.662935774742183,2.4382089000024084e-10
2793,27/5/2018,15:47:59,51.544662,-0.031097,4.96,4.8,502,-0.2473681160540093,20.43658536585366,57.27495782149966,2.2754468476251315,4.686772878414018,2.638634877675315e-10
2794,27/5/2018,15:48:0,51.544666,-0.031116,4.8,4.8,502,-0.2473681160540093,20.44390243902439,54.852652783073765,2.3213208223270323,4.760768304696027,3.1683698862730887e-10
2795,27/5/2018,15:48:1,51.54467,-0.031135,4.63,4.8,504,-0.2077691282427709,20.451219512195124,52.43034774464787,2.367194797028933,4.834763730978037,3.698104894870862e-10
2796,27/5/2018,15:48:2,51.54467,-0.031155,4.85,4.8,504,-0.2077691282427709,20.458536585365856,49.11245550505952,2.4649695352175307,4.965609176915004,4.506963624186152e-10
2797,27/5/2018,15:48:2,51.54467,-0.031155,4.85,3.9,505,-0.18796963433715172,20.465853658536588,42.95947708143938,2.7270422192799044,5.2764200188251476,6.199421184765035e-10
2798,27/5/2018,15:48:3,51.544674,-0.031171,4.13,3.9,503,-0.2275686221483901,20.473170731707317,36.80649865782223,2.9891149033421507,5.587230860735139,7.891878745343095e-10
2799,27/5/2018,15:48:4,51.544674,-0.031186,3.39,3.9,506,-0.16817014043153253,20.48048780487805,30.644631477754647,3.226739471397291,5.913180187713294,9.949352453231454e-10
2800,27/5/2018,15:48:5,51.544682,-0.031196,1.0,3.9,509,-0.10877165871467494,20.48780487804878,24.35832170742276,3.1220904153508044,6.451068305643838,1.7117052223457799e-09
2801,27/5/2018,15:48:5,51.544682,-0.031196,1.0,4.3,511,-0.06917267090343654,20.495121951219513,18.07201193709087,3.017441359304318,6.988956423574382,2.428475199368414e-09
2802,27/5/2018,15:48:6,51.544682,-0.031199,0.37,4.3,512,-0.04937317699781735,20.502439024390245,11.78570216675898,2.912792303257832,7.526844541504925,3.1452451763910487e-09
2803,27/5/2018,15:48:6,51.544682,-0.031199,0.37,4.0,513,-0.029573683092198152,20.509756097560977,11.930736097348426,3.2306378623688485,7.909083697646012,3.3929467041568677e-09
2804,27/5/2018,15:48:7,51.544682,-0.031199,0.76,4.0,509,-0.10877165871467494,20.51707317073171,12.844179006248206,3.598962554717339,8.272726108648664,3.584604514682165e-09
2805,27/5/2018,15:48:7,51.544682,-0.031199,0.76,3.7,510,-0.08897216480905573,20.52439024390244,13.757621915147986,3.96728724706583,8.636368519651318,3.7762623252074625e-09
2806,27/5/2018,15:48:8,51.544682,-0.031198,1.2,3.7,505,-0.18796963433715172,20.53170731707317,15.555503638960527,4.083463805079439,8.511350460043376,3.648100139577473e-09
2807,27/5/2018,15:48:9,51.544685,-0.031199,0.37,3.7,505,-0.18796963433715172,20.539024390243902,17.69754015572532,4.101523921908246,8.196183754479623,3.3954888878248492e-09
2808,27/5/2018,15:48:10,51.544685,-0.031197,0.19,3.7,505,-0.18796963433715172,20.546341463414635,19.839576672490114,4.119584038737053,7.88101704891587,3.142877636072226e-09
2809,27/5/2018,15:48:11,51.544685,-0.031199,0.57,3.7,510,-0.08897216480905573,20.553658536585367,18.68629948149673,4.499939951916184,8.146169862596766,3.4154090842243476e-09
2810,27/5/2018,15:48:12,51.544685,-0.0312,0.3,3.7,510,-0.08897216480905573,20.5609756097561,14.79832211809084,5.180956277004194,8.892915638306253,4.123743602836692e-09
2811,27/5/2018,15:48:13,51.544685,-0.0312,0.22,3.7,508,-0.12857115262029412,20.56829268292683,10.910344754684953,5.861972602092203,9.63966141401574,4.832078121449036e-09
2812,27/5/2018,15:48:14,51.544682,-0.031199,0.67,3.7,510,-0.08897216480905573,20.575609756097563,7.663207198673941,8.092344057596394,11.015433730396706,1.0157458120463838e-08
2813,27/5/2018,15:48:15,51.544678,-0.031201,1.35,3.7,515,0.01002530471904024,20.582926829268295,5.492877860353919,12.926109243174874,13.448164338576515,2.324089630715757e-08
2814,27/5/2018,15:48:15,51.544678,-0.031201,1.35,4.1,518,0.06942378643589782,20.590243902439024,3.3225485220349498,17.75987442875101,15.880894946755143,3.6324334493844946e-08
2815,27/5/2018,15:48:16,51.544682,-0.031197,1.31,4.1,514,-0.009774189186578956,20.597560975609756,1.6122522365880927,21.289925020850603,17.84494424325055,4.5221720397047584e-08
2816,27/5/2018,15:48:17,51.544678,-0.031199,0.5,4.1,517,0.04962429253027863,20.60487804878049,1.7455706232931556,19.595248089949955,17.930720364833455,3.734320865541948e-08
2817,27/5/2018,15:48:18,51.544674,-0.031201,0.04,4.1,515,0.01002530471904024,20.61219512195122,1.8788890099982183,17.900571159049303,18.016496486416358,2.9464696913791378e-08
2818,27/5/2018,15:48:18,51.544674,-0.031201,0.04,4.7,515,0.01002530471904024,20.619512195121953,2.0769874719091233,16.154934551835254,18.02374907432526,2.1640855197657198e-08
2819,27/5/2018,15:48:19,51.544674,-0.0312,0.09,4.7,509,-0.10877165871467494,20.626829268292685,4.67306561426283,12.522911305933576,15.124277062293586,1.5840747011426135e-08
2820,27/5/2018,15:48:19,51.544674,-0.0312,0.09,4.7,510,-0.08897216480905573,20.634146341463417,7.269143756616537,8.890888060031902,12.224805050261914,1.0040638825195075e-08
2821,27/5/2018,15:48:20,51.544674,-0.0312,0.22,4.7,508,-0.12857115262029412,20.64146341463415,9.865221898970244,5.258864814130224,9.32533303823024,4.2405306389640125e-09
2822,27/5/2018,15:48:20,51.544674,-0.0312,0.22,4.8,509,-0.10877165871467494,20.648780487804878,11.328061966725352,5.032144873203731,9.542615260184036,4.812338812969741e-09
2823,27/5/2018,15:48:21,51.544674,-0.031199,0.37,4.8,507,-0.14837064652591334,20.65609756097561,12.595467676703954,5.392691879410529,10.29740224457237,6.483025862992102e-09
2824,27/5/2018,15:48:22,51.544674,-0.031198,0.37,4.8,506,-0.16817014043153253,20.663414634146342,13.862873386682558,5.753238885617327,11.052189228960703,8.153712913014464e-09
2825,27/5/2018,15:48:23,51.544678,-0.0312,1.06,4.8,507,-0.14837064652591334,20.670731707317074,13.180215700824673,6.73758109571421,12.372773043752204,1.0591169580962496e-08
2826,27/5/2018,15:48:24,51.544678,-0.031203,0.33,4.8,517,0.04962429253027863,20.678048780487806,11.577839572436599,8.016127050471148,13.960206531614823,1.3390261752804267e-08
2827,27/5/2018,15:48:25,51.544678,-0.031202,0.33,4.8,512,-0.04937317699781735,20.68536585365854,9.975463444048522,9.294673005228084,15.547640019477441,1.6189353924646037e-08
2828,27/5/2018,15:48:26,51.544674,-0.031202,0.94,4.8,506,-0.16817014043153253,20.69268292682927,8.534888045907282,10.32702250612153,15.912668417791808,1.6753624881205246e-08
2829,27/5/2018,15:48:27,51.544678,-0.031199,1.89,4.8,507,-0.14837064652591334,20.700000000000003,7.252198844216345,11.119131918971128,15.084866043242354,1.5137142877693658e-08
2830,27/5/2018,15:48:28,51.544682,-0.031198,0.3,4.8,513,-0.029573683092198152,20.70731707317073,5.969509642526029,11.911241331820342,14.2570636686933,1.3520660874182855e-08
2831,27/5/2018,15:48:28,51.544682,-0.031198,0.3,5.8,513,-0.029573683092198152,20.714634146341464,4.96591659037904,13.612303332536719,13.952326100850744,1.601002173707795e-08
2832,27/5/2018,15:48:29,51.544682,-0.031198,0.17,5.8,514,-0.009774189186578956,20.721951219512196,4.5220374882948375,17.136226179617424,14.696569930921187,2.6733453664187873e-08
2833,27/5/2018,15:48:29,51.544682,-0.031198,0.17,5.8,518,0.06942378643589782,20.729268292682928,4.078158386210636,20.66014902669813,15.440813760991631,3.74568855912978e-08
2834,27/5/2018,15:48:30,51.544678,-0.0312,0.46,5.8,521,0.1288222681527554,20.73658536585366,4.128221149034353,22.862913364113304,15.872368141164124,4.45867313795459e-08
2835,27/5/2018,15:48:31,51.544674,-0.031213,5.22,5.8,510,-0.08897216480905573,20.743902439024392,6.784366180121584,18.09512507131835,14.654144503423444,3.2756489389627644e-08
2836,27/5/2018,15:48:32,51.544666,-0.031238,6.35,5.8,507,-0.14837064652591334,20.751219512195124,9.440511211208815,13.327336778523394,13.435920865682766,2.092624739970939e-08
2837,27/5/2018,15:48:33,51.544666,-0.031261,5.82,5.8,508,-0.12857115262029412,20.758536585365857,12.096656242296048,8.559548485728438,12.217697227942086,9.096005409791134e-09
2838,27/5/2018,15:48:33,51.544666,-0.031261,5.82,5.3,509,-0.10877165871467494,20.765853658536585,18.381323556347645,6.778985795219536,10.412975106963819,6.558309613124841e-09
2839,27/5/2018,15:48:34,51.544666,-0.031285,6.52,5.3,504,-0.2077691282427709,20.773170731707317,24.717731528529136,5.0410192379514225,8.599889852139363,4.153120224911737e-09
2840,27/5/2018,15:48:35,51.544662,-0.03131,6.0,5.3,504,-0.2077691282427709,20.78048780487805,31.054139500710626,3.303052680683309,6.786804597314908,1.7479308366986343e-09
2841,27/5/2018,15:48:36,51.544662,-0.03133,5.35,5.3,506,-0.16817014043153253,20.78780487804878,35.375685871737865,2.8431735808620635,6.221508592815146,1.1729670222338334e-09
2842,27/5/2018,15:48:36,51.544662,-0.03133,5.35,5.0,505,-0.18796963433715172,20.795121951219514,39.23240835710325,2.6781462851775326,5.944074666529955,1.020231991294413e-09
2843,27/5/2018,15:48:37,51.544662,-0.031352,5.59,5.0,502,-0.2473681160540093,20.802439024390246,43.08913084246864,2.5131189894930017,5.666640740244765,8.674969603549925e-10
2844,27/5/2018,15:48:38,51.544662,-0.031374,5.67,5.0,505,-0.18796963433715172,20.809756097560978,45.08791112972505,2.510297261457347,5.628185680642851,8.210273908273512e-10
2845,27/5/2018,15:48:39,51.544662,-0.031396,5.11,5.0,504,-0.2077691282427709,20.81707317073171,46.03775385149416,2.5990518555544635,5.724650809019231,8.345520635867445e-10
2846,27/5/2018,15:48:40,51.544662,-0.031419,5.37,5.0,503,-0.2275686221483901,20.82439024390244,46.987596573262806,2.687806449651537,5.8211159373955645,8.480767363461313e-10
2847,27/5/2018,15:48:40,51.544662,-0.031419,5.37,5.7,504,-0.2077691282427709,20.83170731707317,45.571704295713005,2.7725870939966413,6.0350413628818425,1.0183981796043867e-09
2848,27/5/2018,15:48:41,51.544662,-0.03144,5.04,5.7,501,-0.2671676099596285,20.839024390243903,41.44224256422404,2.8528094980224985,6.38369729469271,1.3685702515359793e-09
2849,27/5/2018,15:48:42,51.544659,-0.031458,4.72,5.7,507,-0.14837064652591334,20.846341463414635,37.31278083273507,2.9330319020483557,6.732353226503577,1.7187423234675715e-09
2850,27/5/2018,15:48:42,51.544659,-0.031458,4.72,5.3,509,-0.10877165871467494,20.853658536585368,33.39538205051529,2.9447786399652722,6.850882559534476,1.8720898113289687e-09
2851,27/5/2018,15:48:43,51.544659,-0.031478,4.82,5.3,508,-0.12857115262029412,20.8609756097561,29.99125455347061,2.7907887734065797,6.412419850740855,1.5490485308179615e-09
2852,27/5/2018,15:48:44,51.544659,-0.031498,4.37,5.3,506,-0.16817014043153253,20.868292682926832,26.58712705642593,2.6367989068478876,5.973957141947237,1.2260072503069543e-09
2853,27/5/2018,15:48:45,51.544662,-0.031518,5.19,5.3,506,-0.16817014043153253,20.87560975609756,23.47594264431336,2.4854044480660815,5.561834609737696,9.397624167222353e-10
2854,27/5/2018,15:48:46,51.544662,-0.031537,4.67,5.3,507,-0.14837064652591334,20.882926829268293,22.534100416411622,2.3532298578016886,5.344769954441317,9.260076627886452e-10
2855,27/5/2018,15:48:46,51.544662,-0.031537,4.67,5.2,509,-0.10877165871467494,20.890243902439025,21.592258188509884,2.221055267537295,5.127705299144939,9.12252908855055e-10
2856,27/5/2018,15:48:47,51.544659,-0.031557,4.85,5.2,508,-0.12857115262029412,20.897560975609757,20.650415960608143,2.0888806772729023,4.910640643848559,8.98498154921465e-10
2857,27/5/2018,15:48:48,51.544655,-0.031576,4.59,5.2,508,-0.12857115262029412,20.90487804878049,21.304581556832872,2.3039431297377995,5.18036879217941,9.152134436830238e-10
2858,27/5/2018,15:48:49,51.544655,-0.031597,4.85,5.2,508,-0.12857115262029412,20.91219512195122,22.050603718474346,2.5389904479711563,5.478113792517398,9.336824039665938e-10
2859,27/5/2018,15:48:49,51.544655,-0.031597,4.85,5.7,507,-0.14837064652591334,20.919512195121953,22.79662588011582,2.7740377662045135,5.775858792855385,9.521513642501641e-10
2860,27/5/2018,15:48:50,51.544655,-0.031617,4.46,5.7,504,-0.2077691282427709,20.926829268292686,23.01799433115054,2.8812776428113285,6.229231310093611,1.3840708940781549e-09
2861,27/5/2018,15:48:51,51.544655,-0.031636,4.5,5.7,506,-0.16817014043153253,20.934146341463414,23.084575557854116,2.9508108211935697,6.728518210254139,1.9379696737693525e-09
2862,27/5/2018,15:48:52,51.544651,-0.031656,4.76,5.7,509,-0.10877165871467494,20.941463414634146,23.15115678455772,3.0203439995758448,7.227805110414909,2.4918684534608198e-09
2863,27/5/2018,15:48:52,51.544651,-0.031656,4.76,4.7,510,-0.08897216480905573,20.94878048780488,22.54734118628056,3.107340927991333,7.538444839795368,2.7990755459343345e-09
2864,27/5/2018,15:48:53,51.544651,-0.031668,2.67,4.7,505,-0.18796963433715172,20.95609756097561,21.49433771284609,3.206039142089256,7.722684773353885,2.9409911115519724e-09
2865,27/5/2018,15:48:54,51.544651,-0.031684,4.56,4.7,508,-0.12857115262029412,20.963414634146343,20.44133423941162,3.304737356187179,7.9069247069124025,3.08290667716961e-09
2866,27/5/2018,15:48:55,51.544651,-0.031705,4.54,4.7,506,-0.16817014043153253,20.970731707317075,18.582510214026225,3.4689036420568766,8.08558372787487,3.32346771542115e-09
2867,27/5/2018,15:48:56,51.544651,-0.031718,3.3,4.7,508,-0.12857115262029412,20.978048780487807,15.635227084886234,3.721500681588448,8.256704351972523,3.6972737577528102e-09
2868,27/5/2018,15:48:57,51.544651,-0.031731,3.15,4.7,510,-0.08897216480905573,20.98536585365854,12.687943955746242,3.9740977211200192,8.427824976070177,4.07107980008447e-09
2869,27/5/2018,15:48:58,51.544651,-0.031741,2.59,4.7,510,-0.08897216480905573,20.992682926829268,10.33630650481441,4.261977866465254,8.752772711357435,4.774388410938682e-09
2870,27/5/2018,15:48:59,51.544655,-0.031753,3.13,4.7,514,-0.009774189186578956,21.0,9.75266834348438,4.654585550842834,9.534311056223075,6.455728640900113e-09
2871,27/5/2018,15:48:59,51.544655,-0.031753,3.13,3.6,515,0.01002530471904024,21.007317073170732,9.16903018215435,5.047193235220415,10.315849401088714,8.137068870861543e-09
2872,27/5/2018,15:49:0,51.544655,-0.031768,4.35,3.6,509,-0.10877165871467494,21.014634146341464,9.0344726552337,5.368382027209315,10.933607620918565,9.486957452427939e-09
2873,27/5/2018,15:49:1,51.544655,-0.03179,4.22,3.6,507,-0.14837064652591334,21.021951219512196,14.163658333534578,4.85245899399165,9.631673798268611,6.951850270608982e-09
2874,27/5/2018,15:49:2,51.544655,-0.031819,4.44,3.6,506,-0.16817014043153253,21.02926829268293,19.292844011835456,4.336535960773984,8.32973997561866,4.416743088790025e-09
2875,27/5/2018,15:49:3,51.544662,-0.031825,2.65,3.6,507,-0.14837064652591334,21.03658536585366,24.422029690136338,3.8206129275563194,7.027806152968708,1.8816359069710676e-09
2876,27/5/2018,15:49:4,51.544662,-0.031841,3.32,3.6,504,-0.2077691282427709,21.043902439024393,24.128131154833547,4.468316480304176,8.000964427933315,2.9827560484626515e-09
2877,27/5/2018,15:49:4,51.544662,-0.031841,3.32,4.2,504,-0.2077691282427709,21.05121951219512,23.266384623217967,5.237862696611961,9.212346274240325,4.464623439738367e-09
2878,27/5/2018,15:49:5,51.54467,-0.031851,2.57,4.2,503,-0.2275686221483901,21.058536585365854,22.40463809160197,6.00740891292012,10.42372812054792,5.9464908310148005e-09
2879,27/5/2018,15:49:6,51.544674,-0.031862,1.35,4.2,514,-0.009774189186578956,21.065853658536586,19.167795495243183,6.4722387900690075,11.66347456768418,8.143011561941674e-09
2880,27/5/2018,15:49:7,51.544674,-0.031868,0.54,4.2,513,-0.029573683092198152,21.073170731707318,15.060591316803656,6.825404385939555,12.913615313905346,1.0601419304754442e-08
2881,27/5/2018,15:49:8,51.54467,-0.031879,1.02,4.2,516,0.029824798624659435,21.08048780487805,10.953387138364128,7.178569981810103,14.163756060126513,1.3059827047567213e-08
2882,27/5/2018,15:49:8,51.54467,-0.031879,1.02,5.1,511,-0.06917267090343654,21.087804878048782,12.852005318627553,6.729883312140313,13.293536421164776,1.1870289066099355e-08
2883,27/5/2018,15:49:9,51.544666,-0.031877,0.5,5.1,508,-0.12857115262029412,21.095121951219515,19.49967794116006,5.647138584094938,10.746659314658665,7.796168122908191e-09
2884,27/5/2018,15:49:10,51.544666,-0.031878,1.15,5.1,506,-0.16817014043153253,21.102439024390247,26.14735056369257,4.564393856049562,8.199782208152554,3.722047179717027e-09
2885,27/5/2018,15:49:11,51.544659,-0.03189,1.33,5.1,502,-0.2473681160540093,21.109756097560975,35.06120536821469,3.781240318971243,6.510782845060809,1.1575614391243796e-09
2886,27/5/2018,15:49:11,51.544659,-0.03189,1.33,5.5,503,-0.2275686221483901,21.117073170731707,47.594545495219066,3.4765857865460323,6.191962775335458,1.0042245026787676e-09
2887,27/5/2018,15:49:12,51.544647,-0.031913,5.26,5.5,500,-0.2869671038652477,21.12439024390244,60.12788562222344,3.1719312541208216,5.873142705610107,8.508875662331557e-10
2888,27/5/2018,15:49:12,51.544647,-0.031913,5.26,5.7,501,-0.2671676099596285,21.13170731707317,69.5818002238502,2.9448247455347634,5.676548950668602,7.663781255736853e-10
2889,27/5/2018,15:49:13,51.544628,-0.03195,5.8,5.7,498,-0.3265660916764861,21.139024390243904,67.56485474345821,3.0065846257492237,5.935248218296411,9.382511067173039e-10
2890,27/5/2018,15:49:14,51.544617,-0.03197,5.63,5.7,499,-0.3067665977708669,21.146341463414636,65.54790926306623,3.068344505963684,6.19394748592422,1.1101240878609222e-09
2891,27/5/2018,15:49:15,51.544617,-0.031983,3.32,5.7,506,-0.16817014043153253,21.153658536585368,63.232827938905906,3.1168770575373923,6.438072192495221,1.2777470086446205e-09
2892,27/5/2018,15:49:15,51.544617,-0.031983,3.32,6.4,504,-0.2077691282427709,21.1609756097561,53.42074962650344,2.8327919616360684,6.315701415105777,1.3384968701026308e-09
2893,27/5/2018,15:49:16,51.544624,-0.032,4.69,6.4,506,-0.16817014043153253,21.16829268292683,43.60867131410572,2.548706865734882,6.193330637716392,1.3992467315606117e-09
2894,27/5/2018,15:49:16,51.544624,-0.032,4.69,6.9,508,-0.12857115262029412,21.17560975609756,33.79659300170326,2.2646217698335582,6.070959860326948,1.459996593018622e-09
2895,27/5/2018,15:49:17,51.544628,-0.032014,4.07,6.9,507,-0.14837064652591334,21.182926829268293,29.911293729412655,2.2672066006245046,6.0511525018489145,1.6391338194285881e-09
2896,27/5/2018,15:49:18,51.544632,-0.032028,4.24,6.9,509,-0.10877165871467494,21.190243902439025,26.95215080423999,2.314588305119868,6.047372358282056,1.8367710116254939e-09
2897,27/5/2018,15:49:19,51.544636,-0.032046,3.39,6.9,506,-0.16817014043153253,21.197560975609758,23.993007879067328,2.361970009615232,6.043592214715198,2.0344082038223996e-09
2898,27/5/2018,15:49:19,51.544636,-0.032046,3.39,6.9,506,-0.16817014043153253,21.20487804878049,24.579158140574236,2.3751095576036705,6.025651181181966,2.055800509712491e-09
2899,27/5/2018,15:49:20,51.54464,-0.032072,5.2,6.9,508,-0.12857115262029412,21.212195121951222,26.747281159842757,2.3729696474743736,6.001391307154348,1.998549218542756e-09
2900,27/5/2018,15:49:20,51.54464,-0.032072,5.2,7.0,509,-0.10877165871467494,21.219512195121954,28.91540417911128,2.370829737345076,5.977131433126731,1.941297927373021e-09
2901,27/5/2018,15:49:21,51.54464,-0.032087,3.78,7.0,505,-0.18796963433715172,21.226829268292683,33.63025610993769,2.450653663106499,5.932906646341176,1.755392985732185e-09
2902,27/5/2018,15:49:22,51.54464,-0.032101,2.98,7.0,503,-0.2275686221483901,21.234146341463415,40.71422732003519,2.6067252424482783,5.8701093057556655,1.449806737495934e-09
2903,27/5/2018,15:49:22,51.54464,-0.032101,2.98,6.6,504,-0.2077691282427709,21.241463414634147,47.798198530132694,2.762796821790058,5.807311965170155,1.144220489259683e-09
2904,27/5/2018,15:49:23,51.54464,-0.032125,4.52,6.6,500,-0.2869671038652477,21.24878048780488,52.410786551673226,2.8909125312817965,5.760852472208535,9.485681659187244e-10
2905,27/5/2018,15:49:23,51.54464,-0.032125,4.52,6.6,502,-0.2473681160540093,21.25609756097561,52.324494694972884,2.965875304019207,5.745456386900218,9.619349497798969e-10
2906,27/5/2018,15:49:24,51.544636,-0.03215,4.11,6.6,501,-0.2671676099596285,21.263414634146343,52.23820283827255,3.040838076756618,5.7300603015919025,9.753017336410693e-10
2907,27/5/2018,15:49:25,51.54464,-0.032167,4.11,6.6,503,-0.2275686221483901,21.270731707317076,50.89498117402204,3.0727716096625297,5.76805444905141,1.071447211267213e-09
2908,27/5/2018,15:49:26,51.544643,-0.032193,4.33,6.6,506,-0.16817014043153253,21.278048780487808,43.47012737829182,2.896508944196446,6.064376271737934,1.5681159009127964e-09
2909,27/5/2018,15:49:27,51.54464,-0.032227,4.44,6.6,510,-0.08897216480905573,21.285365853658536,36.0452735825652,2.7202462787304476,6.360698094424314,2.0647845905581384e-09
2910,27/5/2018,15:49:27,51.54464,-0.032227,4.44,1.7,509,-0.10877165871467494,21.29268292682927,28.62041978683498,2.5439836132643636,6.657019917110837,2.561453280203721e-09
2911,27/5/2018,15:49:28,51.544647,-0.032248,4.8,1.7,505,-0.18796963433715172,21.3,26.11215043067931,2.7693472579141716,6.675446857648582,2.3992457395816116e-09
2912,27/5/2018,15:49:29,51.544651,-0.032272,4.96,1.7,507,-0.14837064652591334,21.307317073170733,23.61430861310231,2.995562708099796,6.69328441349457,2.235640794441362e-09
2913,27/5/2018,15:49:30,51.544655,-0.032294,4.54,1.7,506,-0.16817014043153253,21.314634146341465,21.116466795525305,3.221778158285421,6.711121969340558,2.0720358493011123e-09
2914,27/5/2018,15:49:30,51.544655,-0.032294,4.54,1.8,508,-0.12857115262029412,21.321951219512197,18.77115713950255,3.268829725877472,7.137354656035185,2.602294711653958e-09
2915,27/5/2018,15:49:31,51.544659,-0.032312,4.3,1.8,509,-0.10877165871467494,21.32926829268293,16.458317201038316,3.2777424471749206,7.650522939890504,3.2802572557996238e-09
2916,27/5/2018,15:49:32,51.544662,-0.032333,4.32,1.8,512,-0.04937317699781735,21.33658536585366,14.145477262574083,3.286655168472369,8.163691223745824,3.958219799945289e-09
2917,27/5/2018,15:49:33,51.544666,-0.032354,4.93,1.8,510,-0.08897216480905573,21.34390243902439,12.372848395303434,3.6518452356217033,8.87771786231733,4.633480411197348e-09
2918,27/5/2018,15:49:34,51.544666,-0.032374,4.85,1.8,506,-0.16817014043153253,21.351219512195122,10.889703426873407,4.207954298412005,9.699378836316347,5.307293132707995e-09
2919,27/5/2018,15:49:34,51.544666,-0.032374,4.85,2.4,510,-0.08897216480905573,21.358536585365854,9.40655845844338,4.764063361202307,10.521039810315367,5.981105854218642e-09
2920,27/5/2018,15:49:35,51.544662,-0.032394,5.19,2.4,513,-0.029573683092198152,21.365853658536587,8.561619375173626,4.806896963115856,10.610346887290445,5.894583934529563e-09
2921,27/5/2018,15:49:36,51.544659,-0.032415,5.22,2.4,511,-0.06917267090343654,21.37317073170732,8.414465523938187,4.288538565874677,9.89893158634864,4.976746766313684e-09
2922,27/5/2018,15:49:37,51.544659,-0.032434,4.63,2.4,510,-0.08897216480905573,21.38048780487805,8.267311672702746,3.770180168633499,9.187516285406835,4.058909598097805e-09
2923,27/5/2018,15:49:37,51.544659,-0.032434,4.63,3.2,511,-0.06917267090343654,21.387804878048783,8.150341334184839,3.5864897791491663,8.739013452416005,3.509270738170683e-09
2924,27/5/2018,15:49:38,51.544659,-0.032454,5.2,3.2,508,-0.12857115262029412,21.395121951219515,8.10237473412983,4.167897338842198,8.89156535241477,3.801384791677039e-09
2925,27/5/2018,15:49:39,51.544659,-0.032473,5.3,3.2,507,-0.14837064652591334,21.402439024390244,8.054408134074844,4.749304898534946,9.044117252413459,4.0934988451832545e-09
2926,27/5/2018,15:49:40,51.544651,-0.032495,5.17,3.2,511,-0.06917267090343654,21.409756097560976,7.780038783576922,5.295410240206662,9.334366666884877,4.725460980720372e-09
2927,27/5/2018,15:49:41,51.544651,-0.032515,4.78,3.2,513,-0.029573683092198152,21.417073170731708,6.002679349593465,5.607159402427014,10.53873041242398,7.613527762444673e-09
2928,27/5/2018,15:49:41,51.544651,-0.032515,4.78,2.5,512,-0.04937317699781735,21.42439024390244,4.225319915610008,5.918908564647365,11.743094157963082,1.0501594544168975e-08
2929,27/5/2018,15:49:42,51.544651,-0.032537,5.09,2.5,513,-0.029573683092198152,21.431707317073172,2.4479604816265503,6.230657726867717,12.947457903502185,1.3389661325893275e-08
2930,27/5/2018,15:49:43,51.544655,-0.032554,3.85,2.5,512,-0.04937317699781735,21.439024390243905,1.949451410211492,9.02440349427508,15.082687374390362,2.1933144581287618e-08
2931,27/5/2018,15:49:44,51.544659,-0.03257,4.63,2.5,516,0.029824798624659435,21.446341463414637,1.5076769380828403,11.928259941514213,17.259213540703534,3.072752332596111e-08
2932,27/5/2018,15:49:44,51.544659,-0.03257,4.63,3.1,515,0.01002530471904024,21.453658536585365,1.0659024659544027,14.832116388751931,19.43573970701565,3.9521902070630335e-08
2933,27/5/2018,15:49:45,51.544651,-0.032586,5.54,3.1,512,-0.04937317699781735,21.460975609756098,1.5742887665018226,13.365870482566534,18.44943595099761,3.537988323168801e-08
2934,27/5/2018,15:49:46,51.544647,-0.0326,3.72,3.1,510,-0.08897216480905573,21.46829268292683,2.3442577898911283,10.696519475033993,16.592393592880654,2.7676427001306396e-08
2935,27/5/2018,15:49:47,51.544651,-0.032604,0.35,3.1,514,-0.009774189186578956,21.475609756097562,3.114226813280434,8.027168467501452,14.735351234763698,1.9972970770924777e-08
2936,27/5/2018,15:49:47,51.544651,-0.032604,0.35,3.3,512,-0.04937317699781735,21.482926829268294,5.172451443334266,6.388895368884373,12.668380393970631,1.4125268266196712e-08
2937,27/5/2018,15:49:48,51.544662,-0.032602,0.3,3.3,509,-0.10877165871467494,21.490243902439026,8.051779585061794,5.407806828548924,10.467606126719375,9.460379089082189e-09
2938,27/5/2018,15:49:48,51.544662,-0.032602,0.3,3.2,509,-0.10877165871467494,21.49756097560976,10.931107726789321,4.426718288213474,8.266831859468116,4.795489911967667e-09
2939,27/5/2018,15:49:49,51.54467,-0.032598,0.28,3.2,507,-0.14837064652591334,21.50487804878049,12.879041017056162,3.847367144089695,6.995984717329753,2.0910323122879465e-09
2940,27/5/2018,15:49:49,51.54467,-0.032598,0.28,3.2,506,-0.16817014043153253,21.51219512195122,13.628684768044378,3.784872753750192,6.921538805632325,1.9087753110191338e-09
2941,27/5/2018,15:49:50,51.544674,-0.032597,0.15,3.2,507,-0.14837064652591334,21.51951219512195,14.378328519032959,3.722378363410659,6.847092893934861,1.7265183097502329e-09
2942,27/5/2018,15:49:51,51.544674,-0.032596,0.3,3.2,510,-0.08897216480905573,21.526829268292683,14.565312007214676,3.6565725763358365,7.064747145056239,1.9753493512215406e-09
2943,27/5/2018,15:49:51,51.544674,-0.032596,0.3,2.9,512,-0.04937317699781735,21.534146341463416,13.183227442931598,3.5815324303239535,8.096969375996249,3.4263382850752694e-09
2944,27/5/2018,15:49:52,51.544678,-0.032596,0.59,2.9,511,-0.06917267090343654,21.541463414634148,11.80114287864852,3.5064922843120705,9.129191606936258,4.877327218928999e-09
2945,27/5/2018,15:49:53,51.544682,-0.032599,0.85,2.9,507,-0.14837064652591334,21.54878048780488,10.731719462610116,3.4451671098807077,10.0306258907451,6.112906106206239e-09
2946,27/5/2018,15:49:54,51.544685,-0.032602,0.52,2.9,511,-0.06917267090343654,21.556097560975612,12.80247879755255,3.5215869588688755,9.6185037639695,5.185034509005222e-09
2947,27/5/2018,15:49:54,51.544685,-0.032602,0.52,3.7,511,-0.06917267090343654,21.563414634146344,14.873238132494983,3.5980068078570433,9.2063816371939,4.257162911804204e-09
2948,27/5/2018,15:49:55,51.544685,-0.032604,0.06,3.7,506,-0.16817014043153253,21.570731707317073,16.94399746743641,3.6744266568451738,8.7942595104185,3.3292913146036377e-09
2949,27/5/2018,15:49:56,51.544685,-0.032606,0.17,3.7,505,-0.18796963433715172,21.578048780487805,20.87978158382423,3.494695298735755,8.075761535072946,2.697117864809963e-09
2950,27/5/2018,15:49:57,51.544689,-0.03261,1.15,3.7,508,-0.12857115262029412,21.585365853658537,24.984023517952636,3.291827157786466,7.3295902508405675,2.091653263669533e-09
2951,27/5/2018,15:49:58,51.544685,-0.032614,1.39,3.7,506,-0.16817014043153253,21.59268292682927,29.08826545208104,3.088959016837178,6.583418966608191,1.4861886625291033e-09
2952,27/5/2018,15:49:59,51.544685,-0.032622,2.17,3.7,504,-0.2077691282427709,21.6,30.334748238325208,2.997399198927785,6.411544231523693,1.3675853418465723e-09
2953,27/5/2018,15:50:0,51.544685,-0.032625,1.13,3.7,503,-0.2275686221483901,21.607317073170734,30.59669814740384,2.944186455724136,6.43752166123671,1.4167116696141527e-09
2954,27/5/2018,15:50:0,51.544685,-0.032625,1.13,5.8,507,-0.14837064652591334,21.614634146341466,30.85864805648247,2.890973712520487,6.463499090949728,1.4658379973817328e-09
2955,27/5/2018,15:50:1,51.544685,-0.032626,0.85,5.8,507,-0.14837064652591334,21.621951219512198,32.01998671207909,2.7704172239121223,6.3663390360152405,1.4407660258301772e-09
2956,27/5/2018,15:50:2,51.544682,-0.032629,1.3,5.8,510,-0.08897216480905573,21.629268292682926,33.858787020895456,2.599134277726316,6.176426070567236,1.3598044262201493e-09
2957,27/5/2018,15:50:3,51.544678,-0.03263,1.54,5.8,506,-0.16817014043153253,21.63658536585366,35.69758732971272,2.4278513315404266,5.98651310511914,1.278842826610082e-09
2958,27/5/2018,15:50:4,51.544674,-0.032636,1.41,5.8,504,-0.2077691282427709,21.64390243902439,40.80965043786225,2.370485268622644,5.766533983009074,1.120896892685711e-09
2959,27/5/2018,15:50:5,51.544666,-0.032637,3.17,5.8,502,-0.2473681160540093,21.651219512195123,50.89393186532964,2.4861635497095094,5.500883155291804,8.460086474210603e-10
2960,27/5/2018,15:50:6,51.544662,-0.032643,1.7,5.8,501,-0.2671676099596285,21.658536585365855,60.97821329279702,2.601841830796375,5.235232327574534,5.711204021564096e-10
2961,27/5/2018,15:50:6,51.544662,-0.032643,1.7,6.7,501,-0.2671676099596285,21.665853658536587,69.47179792130882,2.693951889087593,5.047309352191534,3.6560135924406685e-10
2962,27/5/2018,15:50:7,51.544655,-0.032647,1.87,6.7,498,-0.3265660916764861,21.67317073170732,72.44150238793122,2.7042185448917087,5.129305409660963,4.0097496222854025e-10
2963,27/5/2018,15:50:8,51.544655,-0.032646,0.35,6.7,500,-0.2869671038652477,21.68048780487805,75.41120685455363,2.7144852006958247,5.211301467130393,4.363485652130136e-10
2964,27/5/2018,15:50:8,51.544655,-0.032646,0.35,6.6,501,-0.2671676099596285,21.68780487804878,77.96787297434963,2.7149649780913374,5.294281263846877,4.807929687740719e-10
2965,27/5/2018,15:50:9,51.544659,-0.032643,1.41,6.6,500,-0.2869671038652477,21.695121951219512,72.70791278961207,2.5302310294587644,5.395878029507682,6.96899541078787e-10
2966,27/5/2018,15:50:10,51.544659,-0.032639,0.78,6.6,505,-0.18796963433715172,21.702439024390245,67.4479526048745,2.345497080826191,5.497474795168488,9.13006113383502e-10
2967,27/5/2018,15:50:11,51.544659,-0.032643,1.04,6.6,507,-0.14837064652591334,21.709756097560977,62.18799242013692,2.160763132193618,5.5990715608292945,1.129112685688217e-09
2968,27/5/2018,15:50:12,51.544659,-0.032647,0.46,6.6,503,-0.2275686221483901,21.71707317073171,65.52547924983911,2.2653074087316085,5.479071516075963,9.741824677144564e-10
2969,27/5/2018,15:50:13,51.544659,-0.032649,0.3,6.6,501,-0.2671676099596285,21.72439024390244,70.07105561691189,2.4105002634615595,5.327933298824866,7.671151835206711e-10
2970,27/5/2018,15:50:14,51.544659,-0.032651,0.43,6.6,499,-0.3067665977708669,21.731707317073173,74.61663198398468,2.5556931181915106,5.176795081573769,5.600478993268859e-10
2971,27/5/2018,15:50:15,51.544659,-0.032652,0.04,6.6,499,-0.3067665977708669,21.739024390243905,80.06483132446837,2.533180123226984,5.1796237901286615,5.159720844921427e-10
2972,27/5/2018,15:50:15,51.544659,-0.032652,0.04,6.4,500,-0.2869671038652477,21.746341463414634,85.89363377559414,2.4399517022792043,5.24737472271771,5.406238137971181e-10
2973,27/5/2018,15:50:16,51.544659,-0.032654,0.13,6.4,498,-0.3265660916764861,21.753658536585366,91.72243622672273,2.34672328133138,5.315125655306793,5.652755431021055e-10
2974,27/5/2018,15:50:16,51.544659,-0.032654,0.13,6.4,503,-0.2275686221483901,21.7609756097561,97.72229144776819,2.295367956273635,5.285913852675441,5.439078384494101e-10
2975,27/5/2018,15:50:17,51.544659,-0.032657,0.17,6.4,499,-0.3067665977708669,21.76829268292683,103.87383037151511,2.281144249904488,5.170718837322969,4.817316853727564e-10
2976,27/5/2018,15:50:18,51.544659,-0.032662,1.46,6.4,497,-0.3463655855821053,21.775609756097563,110.02536929526204,2.266920543535341,5.055523821970496,4.1955553229610287e-10
2977,27/5/2018,15:50:19,51.544659,-0.032676,3.87,6.4,498,-0.3265660916764861,21.782926829268295,117.95431896027017,2.2524516130604764,4.930267528858111,3.5025439559622857e-10
2978,27/5/2018,15:50:20,51.544659,-0.032697,5.41,6.4,496,-0.3661650794877245,21.790243902439027,129.08999186173153,2.237540260460164,4.786859138184847,2.6809868903608756e-10
2979,27/5/2018,15:50:21,51.544659,-0.032717,4.83,6.4,495,-0.38596457339334367,21.79756097560976,140.22566476319292,2.222628907859852,4.643450747511585,1.859429824759465e-10
2980,27/5/2018,15:50:22,51.544659,-0.032738,5.22,6.4,496,-0.3661650794877245,21.804878048780488,151.3287491216877,2.2174432303458054,4.533377861793654,1.2046913830658693e-10
2981,27/5/2018,15:50:22,51.544659,-0.032738,5.22,7.2,496,-0.3661650794877245,21.81219512195122,162.28655633693768,2.255613842015835,4.571912016730339,1.29361715339557e-10
2982,27/5/2018,15:50:23,51.544659,-0.032759,4.94,7.2,492,-0.44536305511020124,21.819512195121952,173.24436355218762,2.2937844536858645,4.610446171667024,1.3825429237252705e-10
2983,27/5/2018,15:50:24,51.544659,-0.03278,5.54,7.2,492,-0.44536305511020124,21.826829268292684,184.12847304053497,2.331355849182938,4.6485587943024,1.4706570329721917e-10
2984,27/5/2018,15:50:25,51.544655,-0.032804,5.67,7.2,493,-0.42556356120458205,21.834146341463416,187.58611927963,2.3085446918680623,4.64419393119147,1.4769806792639167e-10
2985,27/5/2018,15:50:26,51.544655,-0.032827,5.83,7.2,492,-0.44536305511020124,21.84146341463415,191.04376551872502,2.2857335345531866,4.63982906808054,1.4833043255556413e-10
2986,27/5/2018,15:50:26,51.544655,-0.032827,5.83,6.8,495,-0.38596457339334367,21.84878048780488,194.50141175782005,2.2629223772383105,4.63546420496961,1.4896279718473663e-10
2987,27/5/2018,15:50:27,51.544651,-0.032843,4.15,6.8,492,-0.44536305511020124,21.856097560975613,190.09903291812427,2.271152264902264,4.637225284601882,1.457274977958123e-10
2988,27/5/2018,15:50:28,51.544651,-0.032863,5.07,6.8,493,-0.42556356120458205,21.86341463414634,184.1595951347814,2.2854523514939076,4.640184316529132,1.417358614346212e-10
2989,27/5/2018,15:50:29,51.544647,-0.032882,4.96,6.8,494,-0.40576406729896286,21.870731707317074,178.22015735143566,2.299752438085558,4.643143348456384,1.3774422507342816e-10
2990,27/5/2018,15:50:29,51.544647,-0.032882,4.96,6.9,496,-0.3661650794877245,21.878048780487806,168.8959833107336,2.269988372058326,4.6363857230647385,1.5959731977722925e-10
2991,27/5/2018,15:50:30,51.544643,-0.0329,4.48,6.9,494,-0.40576406729896286,21.885365853658538,157.85165944840645,2.2178305540503613,4.624690015328401,1.945849118690546e-10
2992,27/5/2018,15:50:31,51.54464,-0.032912,3.56,6.9,497,-0.3463655855821053,21.89268292682927,146.8073355860793,2.1656727360423966,4.612994307592063,2.2957250396087995e-10
2993,27/5/2018,15:50:32,51.544632,-0.032923,3.35,6.9,499,-0.3067665977708669,21.900000000000002,139.89365509152321,2.129147228398344,4.606107559135138,2.545275178773546e-10
2994,27/5/2018,15:50:33,51.544621,-0.032936,4.82,6.9,498,-0.3265660916764861,21.907317073170734,137.2853318089384,2.1089152310316894,4.604233174533499,2.690256056067545e-10
2995,27/5/2018,15:50:33,51.544621,-0.032936,4.82,7.3,499,-0.3067665977708669,21.914634146341466,134.67700852635357,2.088683233665035,4.602358789931859,2.8352369333615446e-10
2996,27/5/2018,15:50:34,51.544613,-0.032944,4.44,7.3,495,-0.38596457339334367,21.921951219512195,134.87666328651025,2.1035848737442824,4.604546843765875,2.7922392828567234e-10
2997,27/5/2018,15:50:35,51.544598,-0.032954,5.35,7.3,495,-0.38596457339334367,21.929268292682927,141.14729543066557,2.1944470502326703,4.615518075919431,2.3428234290849217e-10
2998,27/5/2018,15:50:35,51.544598,-0.032954,5.35,7.6,496,-0.3661650794877245,21.93658536585366,147.41792757482088,2.2853092267210586,4.626489308072988,1.8934075753131205e-10
2999,27/5/2018,15:50:36,51.54459,-0.032955,4.07,7.6,494,-0.40576406729896286,21.94390243902439,152.70616154627092,2.3552481658343196,4.634984851898263,1.5264919132543704e-10
3000,27/5/2018,15:50:37,51.544579,-0.03296,3.85,7.6,495,-0.38596457339334367,21.951219512195124,152.10000648149614,2.2996476806969612,4.628626265753868,1.6545774014733677e-10
3001,27/5/2018,15:50:38,51.544567,-0.032962,4.28,7.6,495,-0.38596457339334367,21.958536585365856,151.49385141672133,2.2440471955596033,4.622267679609473,1.7826628896923652e-10
3002,27/5/2018,15:50:39,51.544559,-0.032967,4.32,7.6,496,-0.3661650794877245,21.965853658536588,150.88769635194654,2.1884467104222454,4.615909093465078,1.9107483779113626e-10
3003,27/5/2018,15:50:39,51.544559,-0.032967,4.32,7.7,499,-0.3067665977708669,21.973170731707317,150.29376845243502,2.1830474963815583,4.641094075907187,1.9717712318309086e-10
3004,27/5/2018,15:50:40,51.544544,-0.032971,5.56,7.7,495,-0.38596457339334367,21.98048780487805,149.70022569051605,2.179229548013932,4.667272634032197,2.0306817121143927e-10
3005,27/5/2018,15:50:41,51.544533,-0.032968,5.13,7.7,495,-0.38596457339334367,21.98780487804878,149.1066829285971,2.1754115996463055,4.693451192157208,2.0895921923978766e-10
3006,27/5/2018,15:50:42,51.544521,-0.032967,4.78,7.7,495,-0.38596457339334367,21.995121951219513,151.20281867428525,2.2026365156452696,4.678493887676344,1.975489522690475e-10
3007,27/5/2018,15:50:42,51.544521,-0.032967,4.78,7.8,497,-0.3463655855821053,22.002439024390245,153.98797384776756,2.2378137339667847,4.652998740685918,1.817065785885119e-10
3008,27/5/2018,15:50:43,51.54451,-0.032969,3.67,7.8,494,-0.40576406729896286,22.009756097560977,156.77312902124984,2.2729909522883,4.627503593695493,1.6586420490797629e-10
3009,27/5/2018,15:50:44,51.544502,-0.03297,3.63,7.8,494,-0.40576406729896286,22.01707317073171,157.1733492460189,2.268279353350709,4.617885446802765,1.6977899254782977e-10
3010,27/5/2018,15:50:45,51.544495,-0.03297,2.78,7.8,495,-0.38596457339334367,22.02439024390244,156.12836489880908,2.2393962351417884,4.617888322547522,1.856660731363676e-10
3011,27/5/2018,15:50:46,51.544483,-0.032973,3.57,7.8,496,-0.3661650794877245,22.03170731707317,155.08338055159976,2.2105131169328818,4.617891198292279,2.015531537248977e-10
3012,27/5/2018,15:50:46,51.544483,-0.032973,3.57,7.4,498,-0.3265660916764861,22.039024390243902,154.15385586168696,2.1949386135024027,4.622564627415701,2.1268525795021697e-10
3013,27/5/2018,15:50:47,51.544476,-0.032972,3.07,7.4,494,-0.40576406729896286,22.046341463414635,153.3658586049951,2.195677462574558,4.632963098920842,2.1798883630366774e-10
3014,27/5/2018,15:50:48,51.544468,-0.032971,3.87,7.4,495,-0.38596457339334367,22.053658536585367,152.5778613483033,2.196416311646713,4.643361570425984,2.232924146571185e-10
3015,27/5/2018,15:50:49,51.54446,-0.032972,3.32,7.4,496,-0.3661650794877245,22.0609756097561,152.4194805476725,2.1974471573404637,4.640733085406028,2.215970837565008e-10
3016,27/5/2018,15:50:49,51.54446,-0.032972,3.32,7.4,497,-0.3463655855821053,22.06829268292683,153.9136273221275,2.199244394167059,4.603913300794185,2.0153201295068997e-10
3017,27/5/2018,15:50:50,51.544453,-0.03297,3.0,7.4,494,-0.40576406729896286,22.075609756097563,155.4077740965825,2.2010416309936547,4.56709351618234,1.8146694214487916e-10
3018,27/5/2018,15:50:51,51.544445,-0.032968,3.28,7.4,495,-0.38596457339334367,22.082926829268295,156.84593504376568,2.202826763683206,4.538992091615822,1.6574813971810567e-10
3019,27/5/2018,15:50:52,51.544434,-0.032966,3.82,7.4,495,-0.38596457339334367,22.090243902439024,157.79384841497344,2.2045059048364277,4.587234182667063,1.8808803252173807e-10
3020,27/5/2018,15:50:53,51.544422,-0.032967,3.78,7.4,495,-0.38596457339334367,22.097560975609756,158.74176178618163,2.2061850459896504,4.635476273718328,2.1042792532538127e-10
3021,27/5/2018,15:50:53,51.544422,-0.032967,3.78,7.1,497,-0.3463655855821053,22.10487804878049,159.68967515738984,2.2078641871428726,4.683718364769591,2.327678181290245e-10
3022,27/5/2018,15:50:54,51.544411,-0.032968,3.98,7.1,493,-0.42556356120458205,22.11219512195122,160.5750130851094,2.2187278293709345,4.7387626219481565,2.3061311591590787e-10
3023,27/5/2018,15:50:55,51.544403,-0.032972,3.76,7.1,495,-0.38596457339334367,22.119512195121953,161.45557589356497,2.2302923389930913,4.794325951029376,2.2658923617872864e-10
3024,27/5/2018,15:50:55,51.544403,-0.032972,3.76,7.2,497,-0.3463655855821053,22.126829268292685,162.33613870202058,2.2418568486152486,4.849889280110595,2.2256535644154945e-10
3025,27/5/2018,15:50:56,51.544388,-0.032973,5.06,7.2,493,-0.42556356120458205,22.134146341463417,163.34772919518224,2.2325434141182523,4.824922892082814,2.148702860762117e-10
3026,27/5/2018,15:50:57,51.544376,-0.032975,4.76,7.2,495,-0.38596457339334367,22.14146341463415,164.40167630736465,2.216480878261682,4.773924093003221,2.0598844954662158e-10
3027,27/5/2018,15:50:58,51.544369,-0.032976,3.43,7.2,495,-0.38596457339334367,22.148780487804878,165.45562341954655,2.2004183424051194,4.7229252939236535,1.9710661301703582e-10
3028,27/5/2018,15:50:59,51.544357,-0.032972,3.82,7.2,494,-0.40576406729896286,22.15609756097561,167.11334648364945,2.2008559581563367,4.7089984509878695,2.083845141957188e-10
3029,27/5/2018,15:50:59,51.544357,-0.032972,3.82,6.9,497,-0.3463655855821053,22.163414634146342,169.20415183102222,2.213128963028089,4.721662941080461,2.341227879829002e-10
3030,27/5/2018,15:51:0,51.544346,-0.03297,3.91,6.9,493,-0.42556356120458205,22.170731707317074,171.29495717839498,2.225401967899841,4.734327431173052,2.5986106177008166e-10
3031,27/5/2018,15:51:1,51.544334,-0.032969,4.41,6.9,493,-0.42556356120458205,22.178048780487806,173.5122085787902,2.231393721694576,4.752617651214119,2.7439017001110914e-10
3032,27/5/2018,15:51:2,51.544323,-0.032966,4.22,6.9,494,-0.40576406729896286,22.18536585365854,175.9122341260681,2.228306107019388,4.779039702714903,2.7271675060501496e-10
3033,27/5/2018,15:51:2,51.544323,-0.032966,4.22,7.0,496,-0.3661650794877245,22.19268292682927,178.31225967334603,2.2252184923442004,4.805461754215687,2.7104333119892077e-10
3034,27/5/2018,15:51:3,51.544315,-0.032963,3.44,7.0,492,-0.44536305511020124,22.200000000000003,180.52637934684816,2.2259874061258063,4.835595966374594,2.6150120193160445e-10
3035,27/5/2018,15:51:3,51.544315,-0.032963,3.44,6.7,495,-0.38596457339334367,22.20731707317073,182.13708053274854,2.2392739478958315,4.877779213480905,2.2641859399413788e-10
3036,27/5/2018,15:51:4,51.544304,-0.032963,3.43,6.7,492,-0.44536305511020124,22.214634146341464,183.74778171864975,2.2525604896658633,4.919962460587237,1.9133598605665425e-10
3037,27/5/2018,15:51:4,51.544304,-0.032963,3.43,6.7,495,-0.38596457339334367,22.221951219512196,185.2056967209023,2.2659400633048388,4.961878940703618,1.604086637169777e-10
3038,27/5/2018,15:51:5,51.544296,-0.032961,2.89,6.7,492,-0.44536305511020124,22.229268292682928,184.35732100940314,2.2807239428195416,4.999768602314786,1.9220492251765558e-10
3039,27/5/2018,15:51:5,51.544296,-0.032961,2.89,6.3,495,-0.38596457339334367,22.23658536585366,183.50894529790398,2.295507822334244,5.037658263925954,2.2400118131833346e-10
3040,27/5/2018,15:51:6,51.544285,-0.032961,3.26,6.3,492,-0.44536305511020124,22.243902439024392,182.66056958640482,2.310291701848947,5.075547925537122,2.557974401190114e-10
3041,27/5/2018,15:51:6,51.544285,-0.032961,3.26,6.5,496,-0.3661650794877245,22.251219512195124,175.4725541043553,2.3299154820712547,5.107631393764552,3.237230266175607e-10
3042,27/5/2018,15:51:7,51.544273,-0.032963,3.74,6.5,492,-0.44536305511020124,22.258536585365857,167.49087050338787,2.3501451760409324,5.138987976751222,3.961716927530546e-10
3043,27/5/2018,15:51:8,51.544262,-0.032965,4.04,6.5,495,-0.38596457339334367,22.265853658536585,159.5091869024243,2.370374870010601,5.1703445597378765,4.686203588885133e-10
3044,27/5/2018,15:51:9,51.544247,-0.032964,4.83,6.5,498,-0.3265660916764861,22.273170731707317,151.38951933965365,2.341454845769753,5.220873568924041,5.252763275367727e-10
3045,27/5/2018,15:51:9,51.544247,-0.032964,4.83,6.8,500,-0.2869671038652477,22.28048780487805,143.2149439577631,2.292976723601938,5.279031842381897,5.756479239600829e-10
3046,27/5/2018,15:51:10,51.544231,-0.032964,4.52,6.8,495,-0.38596457339334367,22.28780487804878,135.04036857587255,2.244498601434122,5.3371901158397534,6.260195203833932e-10
3047,27/5/2018,15:51:10,51.544231,-0.032964,4.52,6.8,498,-0.3265660916764861,22.295121951219514,130.32647363841465,2.238969497989275,5.403197148141184,6.060796667374446e-10
3048,27/5/2018,15:51:11,51.544216,-0.032962,4.43,6.8,495,-0.38596457339334367,22.302439024390246,128.53750526905,2.2697404020006027,5.475837859465207,5.267133992255224e-10
3049,27/5/2018,15:51:11,51.544216,-0.032962,4.43,7.1,500,-0.2869671038652477,22.309756097560978,126.74853689968532,2.3005113060119307,5.5484785707892295,4.4734713171360023e-10
3050,27/5/2018,15:51:12,51.544201,-0.032959,5.06,7.1,496,-0.3661650794877245,22.31707317073171,125.73223296898178,2.317141515717093,5.55424751631235,3.864740009587745e-10
3051,27/5/2018,15:51:12,51.544201,-0.032959,5.06,7.2,499,-0.3067665977708669,22.32439024390244,126.03972697112617,2.309544621190601,5.445445762184159,3.5728496874141067e-10
3052,27/5/2018,15:51:13,51.544189,-0.032959,4.2,7.2,496,-0.3661650794877245,22.33170731707317,126.34722097327072,2.3019477266641055,5.336644008055915,3.2809593652403274e-10
3053,27/5/2018,15:51:13,51.544189,-0.032959,4.2,6.8,498,-0.3265660916764861,22.339024390243903,126.00991348631449,2.307812423162364,5.2533927423503375,3.1607471292838606e-10
3054,27/5/2018,15:51:14,51.544174,-0.032963,4.2,6.8,495,-0.38596457339334367,22.346341463414635,123.01348661286036,2.3691918451569127,5.275510028435724,3.748524150507859e-10
3055,27/5/2018,15:51:14,51.544174,-0.032963,4.2,6.1,499,-0.3067665977708669,22.353658536585368,120.01705973940624,2.4305712671514614,5.297627314521111,4.3363011717318573e-10
3056,27/5/2018,15:51:15,51.544159,-0.03297,3.76,6.1,496,-0.3661650794877245,22.3609756097561,116.90837072163043,2.4884532127797185,5.318135519229864,4.921999116715415e-10
3057,27/5/2018,15:51:15,51.544159,-0.03297,3.76,6.0,499,-0.3067665977708669,22.368292682926832,108.7549015934133,2.389167314198168,5.266335629576409,5.414268573144413e-10
3058,27/5/2018,15:51:16,51.544136,-0.03297,4.0,6.0,501,-0.2671676099596285,22.375609756097564,100.60143246519615,2.2898814156166174,5.214535739922955,5.906538029573412e-10
3059,27/5/2018,15:51:16,51.544136,-0.03297,4.0,6.3,503,-0.2275686221483901,22.382926829268293,92.44796333698297,2.190595517035115,5.162735850269525,6.39880748600217e-10
3060,27/5/2018,15:51:17,51.544125,-0.032969,4.04,6.3,499,-0.3067665977708669,22.390243902439025,87.83587543411934,2.2359495240124008,5.245504001858478,5.95914057339004e-10
3061,27/5/2018,15:51:17,51.544125,-0.032969,4.04,6.7,501,-0.2671676099596285,22.397560975609757,83.85671792488208,2.3071541769760686,5.352322713918955,5.352914113709369e-10
3062,27/5/2018,15:51:18,51.544109,-0.032973,3.63,6.7,499,-0.3067665977708669,22.40487804878049,79.87756041564481,2.3783588299397365,5.459141425979432,4.746687654028698e-10
3063,27/5/2018,15:51:18,51.544109,-0.032973,3.63,7.6,503,-0.2275686221483901,22.41219512195122,77.0444715902566,2.366852397118954,5.530479684310308,4.62723309986913e-10
3064,27/5/2018,15:51:19,51.544094,-0.032974,4.22,7.6,501,-0.2671676099596285,22.419512195121953,74.76324114566837,2.315518677750286,5.584733289669509,4.742170392712664e-10
3065,27/5/2018,15:51:19,51.544094,-0.032974,4.22,7.8,503,-0.2275686221483901,22.426829268292686,72.48201070108014,2.264184958381618,5.63898689502871,4.857107685556198e-10
3066,27/5/2018,15:51:20,51.544086,-0.032975,3.7,7.8,500,-0.2869671038652477,22.434146341463418,71.1257361515265,2.257761420328158,5.692895783239933,5.169978025622928e-10
3067,27/5/2018,15:51:20,51.544086,-0.032975,3.7,7.2,504,-0.2077691282427709,22.441463414634146,70.68856334577251,2.295963821935956,5.746462136057254,5.679528672107232e-10
3068,27/5/2018,15:51:21,51.544079,-0.032977,3.65,7.2,500,-0.2869671038652477,22.44878048780488,70.2513905400183,2.334166223543773,5.800028488874601,6.189079318591786e-10
3069,27/5/2018,15:51:21,51.544079,-0.032977,3.65,6.7,502,-0.2473681160540093,22.45609756097561,70.69435670026948,2.352483903529382,5.824039004231143,6.550009413684931e-10
3070,27/5/2018,15:51:22,51.544067,-0.032987,4.43,6.7,501,-0.2671676099596285,22.463414634146343,72.93895232386761,2.3300978972464255,5.7875492240207755,6.606715772995891e-10
3071,27/5/2018,15:51:22,51.544067,-0.032987,4.43,7.1,504,-0.2077691282427709,22.470731707317075,75.18354794746574,2.3077118909634686,5.751059443810408,6.663422132306852e-10
3072,27/5/2018,15:51:23,51.544056,-0.032993,4.3,7.1,499,-0.3067665977708669,22.478048780487807,77.76427831882587,2.2956920021516996,5.714578189136366,6.563924065529697e-10
3073,27/5/2018,15:51:23,51.544056,-0.032993,4.3,7.0,501,-0.2671676099596285,22.48536585365854,82.1802912826964,2.340270709805949,5.6781434835576325,5.611555934049876e-10
3074,27/5/2018,15:51:24,51.544041,-0.032997,4.15,7.0,498,-0.3265660916764861,22.492682926829268,86.59630424656477,2.3848494174601766,5.641708777978917,4.659187802570517e-10
3075,27/5/2018,15:51:24,51.544041,-0.032997,4.15,7.8,501,-0.2671676099596285,22.5,91.0123172104353,2.429428125114426,5.605274072400185,3.7068196710906956e-10
3076,27/5/2018,15:51:25,51.544029,-0.032999,4.52,7.8,498,-0.3265660916764861,22.507317073170732,91.93871168537837,2.435496307480523,5.6127331395834235,3.8526921624822953e-10
3077,27/5/2018,15:51:25,51.544029,-0.032999,4.52,7.6,501,-0.2671676099596285,22.514634146341464,92.7989904680631,2.440834854201137,5.621023835548203,4.019372355139167e-10
3078,27/5/2018,15:51:26,51.544014,-0.033006,5.17,7.6,497,-0.3463655855821053,22.521951219512196,93.65926925074783,2.446173400921751,5.629314531512982,4.1860525477960395e-10
3079,27/5/2018,15:51:26,51.544014,-0.033006,5.17,7.5,501,-0.2671676099596285,22.52926829268293,89.91921253938338,2.433521574753171,5.575211137362857,4.0532827359940254e-10
3080,27/5/2018,15:51:27,51.544003,-0.033011,3.33,7.5,500,-0.2869671038652477,22.53658536585366,85.08609201558987,2.4165951417428246,5.506282580547472,3.8493620344516573e-10
3081,27/5/2018,15:51:27,51.544003,-0.033011,3.33,8.0,502,-0.2473681160540093,22.543902439024393,80.25297149179636,2.399668708732478,5.4373540237320865,3.645441332909289e-10
3082,27/5/2018,15:51:28,51.543995,-0.033024,5.07,8.0,500,-0.2869671038652477,22.55121951219512,73.30285602735222,2.4371292629998655,5.481686758595931,4.085795049597938e-10
3083,27/5/2018,15:51:28,51.543995,-0.033024,5.07,7.5,504,-0.2077691282427709,22.558536585365854,65.13387996939565,2.505903144625556,5.591229722613733,4.897089992790359e-10
3084,27/5/2018,15:51:29,51.543983,-0.033038,4.54,7.5,502,-0.2473681160540093,22.565853658536586,56.96490391143908,2.5746770262512464,5.700772686631535,5.70838493598278e-10
3085,27/5/2018,15:51:29,51.543983,-0.033038,4.54,7.3,505,-0.18796963433715172,22.573170731707318,49.58300927154128,2.5828682406205523,5.983766445348216,9.26846898233257e-10
3086,27/5/2018,15:51:30,51.543976,-0.033052,3.37,7.3,505,-0.18796963433715172,22.58048780487805,43.12053717309259,2.5202903215576273,6.469375291677733,1.6039527910246487e-09
3087,27/5/2018,15:51:31,51.543968,-0.03306,4.46,7.3,508,-0.12857115262029412,22.587804878048782,36.65806507464391,2.457712402494702,6.95498413800725,2.2810586838160405e-09
3088,27/5/2018,15:51:31,51.543968,-0.03306,4.46,7.7,510,-0.08897216480905573,22.595121951219515,32.443260082384946,2.4655844720605944,7.364314014040354,2.726826259540734e-09
3089,27/5/2018,15:51:32,51.543961,-0.033064,3.87,7.7,504,-0.2077691282427709,22.602439024390247,33.789778481533354,2.647768462020251,7.584909526068358,2.600201602230168e-09
3090,27/5/2018,15:51:32,51.543961,-0.033064,3.87,7.3,507,-0.14837064652591334,22.609756097560975,35.1362968806811,2.8299524519798194,7.805505038096255,2.473576944919664e-09
3091,27/5/2018,15:51:33,51.543949,-0.033073,3.93,7.3,502,-0.2473681160540093,22.617073170731707,36.692928698367574,2.9781042980224735,7.936572225865638,2.29975941530954e-09
3092,27/5/2018,15:51:33,51.543949,-0.033073,3.93,7.8,505,-0.18796963433715172,22.62439024390244,39.87551085396487,2.862900398931431,7.374829739251833,1.760742617626265e-09
3093,27/5/2018,15:51:34,51.543945,-0.033081,3.43,7.8,503,-0.2275686221483901,22.63170731707317,43.05809300956216,2.7476964998403877,6.813087252638028,1.22172581994299e-09
3094,27/5/2018,15:51:34,51.543945,-0.033081,3.43,7.9,505,-0.18796963433715172,22.639024390243904,46.24067516515945,2.6324926007493445,6.251344766024223,6.827090222597149e-10
3095,27/5/2018,15:51:35,51.543938,-0.033091,3.98,7.9,502,-0.2473681160540093,22.646341463414636,44.77205829394978,2.5962172631903764,6.168170762362017,6.499102587531416e-10
3096,27/5/2018,15:51:35,51.543938,-0.033091,3.98,8.4,505,-0.18796963433715172,22.653658536585368,43.0120410017844,2.5648868475587037,6.114979362450906,6.488263600382665e-10
3097,27/5/2018,15:51:36,51.54393,-0.033106,5.13,8.4,504,-0.2077691282427709,22.6609756097561,41.25202370961902,2.533556431927031,6.061787962539795,6.477424613233912e-10
3098,27/5/2018,15:51:36,51.54393,-0.033106,5.13,9.5,507,-0.14837064652591334,22.66829268292683,39.269071594970924,2.476085727025578,6.377204483054333,9.136542437250056e-10
3099,27/5/2018,15:51:37,51.543922,-0.033117,4.35,9.5,505,-0.18796963433715172,22.67560975609756,37.21864196512759,2.410702925903616,6.804190592716939,1.2603798035736298e-09
3100,27/5/2018,15:51:37,51.543922,-0.033117,4.35,9.5,508,-0.12857115262029412,22.682926829268293,35.16821233528425,2.3453201247816544,7.2311767023795435,1.607105363422254e-09
3101,27/5/2018,15:51:38,51.543915,-0.033129,4.13,9.5,504,-0.2077691282427709,22.690243902439025,35.33677491073203,2.4932060120099027,7.464514967990305,1.9025732781606093e-09
3102,27/5/2018,15:51:38,51.543915,-0.033129,4.13,9.8,508,-0.12857115262029412,22.697560975609758,37.02041636661807,2.7867070504801004,7.565634761600235,2.163043604632366e-09
3103,27/5/2018,15:51:39,51.543907,-0.033144,4.02,9.8,502,-0.2473681160540093,22.70487804878049,38.70405782250411,3.080208088950298,7.666754555210165,2.423513931104123e-09
3104,27/5/2018,15:51:40,51.5439,-0.033153,3.09,9.8,502,-0.2473681160540093,22.712195121951222,39.63459171899931,3.1676276713492175,7.603391421761478,2.5208350525559474e-09
3105,27/5/2018,15:51:41,51.543892,-0.033169,3.91,9.8,505,-0.18796963433715172,22.719512195121954,39.528791183015144,2.971463181115936,7.313687019074019,2.3936502097726583e-09
3106,27/5/2018,15:51:41,51.543892,-0.033169,3.91,10.9,508,-0.12857115262029412,22.726829268292683,39.42299064703103,2.77529869088275,7.023982616386699,2.2664653669894304e-09
3107,27/5/2018,15:51:42,51.543884,-0.033175,4.48,10.9,504,-0.2077691282427709,22.734146341463415,39.30292038601343,2.62724478441465,6.836643127289038,2.105777824264044e-09
3108,27/5/2018,15:51:42,51.543884,-0.033175,4.48,10.7,506,-0.16817014043153253,22.741463414634147,39.139456911057934,2.62549172460679,6.9605880241714955,1.8432109655266973e-09
3109,27/5/2018,15:51:43,51.543873,-0.033182,4.09,10.7,503,-0.2275686221483901,22.74878048780488,38.97599343610244,2.6237386647989305,7.084532921053954,1.5806441067893505e-09
3110,27/5/2018,15:51:43,51.543873,-0.033182,4.09,9.9,507,-0.14837064652591334,22.75609756097561,38.88876671144157,2.6200669891965322,7.191420278353811,1.3222493084139098e-09
3111,27/5/2018,15:51:44,51.543865,-0.033193,4.48,9.9,503,-0.2275686221483901,22.763414634146343,39.75449936546222,2.592412616162436,7.085088390871427,1.1160052645622238e-09
3112,27/5/2018,15:51:44,51.543865,-0.033193,4.48,10.1,506,-0.16817014043153253,22.770731707317076,40.62023201948288,2.56475824312834,6.978756503389042,9.097612207105376e-10
3113,27/5/2018,15:51:45,51.543858,-0.033208,4.5,10.1,503,-0.2275686221483901,22.778048780487808,41.48596467350353,2.537103870094244,6.872424615906658,7.035171768588514e-10
3114,27/5/2018,15:51:45,51.543858,-0.033208,4.5,10.1,506,-0.16817014043153253,22.785365853658536,41.29663550890071,2.578429982152136,6.80857640787555,8.514917965544298e-10
3115,27/5/2018,15:51:46,51.543854,-0.033224,4.17,10.1,503,-0.2275686221483901,22.79268292682927,40.99096266943501,2.6273627035932705,6.749412956037652,1.038526782471886e-09
3116,27/5/2018,15:51:46,51.543854,-0.033224,4.17,10.4,506,-0.16817014043153253,22.8,40.68528982996931,2.6762954250344055,6.690249504199755,1.2255617683893423e-09
3117,27/5/2018,15:51:47,51.543842,-0.03324,4.69,10.4,503,-0.2275686221483901,22.807317073170733,38.27308175367449,2.8047154178670297,6.996668847872458,1.5809318213402124e-09
3118,27/5/2018,15:51:48,51.543835,-0.033253,4.85,10.4,505,-0.18796963433715172,22.814634146341465,35.070977695830514,2.9629410722232445,7.4401722412437605,1.9994231507258653e-09
3119,27/5/2018,15:51:48,51.543835,-0.033253,4.85,9.9,509,-0.10877165871467494,22.821951219512197,31.868873637986532,3.1211667265794594,7.883675634615063,2.417914480111519e-09
3120,27/5/2018,15:51:49,51.543827,-0.033261,3.65,9.9,504,-0.2077691282427709,22.82926829268293,28.366434438925282,3.2171035009052944,8.415011405978428,2.9934554227335288e-09
3121,27/5/2018,15:51:49,51.543827,-0.033261,3.65,9.6,508,-0.12857115262029412,22.83658536585366,24.622104136771423,3.2628725664512515,9.017087719769282,3.695484741081533e-09
3122,27/5/2018,15:51:50,51.543823,-0.033267,3.0,9.6,509,-0.10877165871467494,22.84390243902439,20.877773834619383,3.3086416319971863,9.619164033559846,4.397514059429196e-09
3123,27/5/2018,15:51:50,51.543823,-0.033267,3.0,9.4,512,-0.04937317699781735,22.851219512195122,18.431366037759076,3.3577605989851604,9.997664459845078,4.7222145549596655e-09
3124,27/5/2018,15:51:51,51.543812,-0.033273,4.22,9.4,506,-0.16817014043153253,22.858536585365854,18.098143154164614,3.4123336367356996,10.01215456153851,4.432575155414478e-09
3125,27/5/2018,15:51:51,51.543812,-0.033273,4.22,9.2,509,-0.10877165871467494,22.865853658536587,17.764920270570155,3.466906674486239,10.026644663231945,4.142935755869291e-09
3126,27/5/2018,15:51:52,51.543804,-0.033289,4.48,9.2,506,-0.16817014043153253,22.87317073170732,17.422500613804257,3.5200434606552675,10.032417451568161,3.8077914382104915e-09
3127,27/5/2018,15:51:52,51.543804,-0.033289,4.48,9.5,509,-0.10877165871467494,22.88048780487805,17.044871413035306,3.5676816048206286,10.00481629205138,3.2984330362408343e-09
3128,27/5/2018,15:51:53,51.543793,-0.033297,4.56,9.5,506,-0.16817014043153253,22.887804878048783,16.667242212266352,3.615319748985989,9.9772151325346,2.7890746342711776e-09
3129,27/5/2018,15:51:53,51.543793,-0.033297,4.56,9.1,510,-0.08897216480905573,22.895121951219515,16.228164611519706,3.6619397268557976,9.971003883069002,2.3294480330637874e-09
3130,27/5/2018,15:51:54,51.543785,-0.033306,3.35,9.1,507,-0.14837064652591334,22.902439024390244,14.027749913676432,3.67937531476553,10.577906109143644,3.295317711984326e-09
3131,27/5/2018,15:51:54,51.543785,-0.033306,3.35,9.0,512,-0.04937317699781735,22.909756097560976,11.827335215832093,3.696810902675271,11.184808335218582,4.261187390905334e-09
3132,27/5/2018,15:51:55,51.543774,-0.033319,3.94,9.0,510,-0.08897216480905573,22.917073170731708,9.626920517987754,3.714246490585012,11.791710561293518,5.227057069826342e-09
3133,27/5/2018,15:51:55,51.543774,-0.033319,3.94,9.3,512,-0.04937317699781735,22.92439024390244,8.726302434826419,3.8741734349010537,12.274403970198833,5.541329341459979e-09
3134,27/5/2018,15:51:56,51.543766,-0.033331,2.78,9.3,509,-0.10877165871467494,22.931707317073172,8.036721440395423,4.0572355071944495,12.736930633881082,5.74980720010255e-09
3135,27/5/2018,15:51:56,51.543766,-0.033331,2.78,10.1,512,-0.04937317699781735,22.939024390243905,7.347140445964428,4.240297579487845,13.199457297563331,5.958285058745121e-09
3136,27/5/2018,15:51:57,51.543758,-0.033342,3.22,10.1,508,-0.12857115262029412,22.946341463414637,7.001727849971911,4.373885082695124,13.404909660739802,5.7123587039436674e-09
3137,27/5/2018,15:51:57,51.543758,-0.033342,3.22,10.5,512,-0.04937317699781735,22.95365853658537,6.813175454940125,4.484923767113392,13.49319633810046,5.2593304287984944e-09
3138,27/5/2018,15:51:58,51.543751,-0.033354,3.22,10.5,509,-0.10877165871467494,22.960975609756098,6.624623059908429,4.595962451531604,13.581483015461076,4.8063021536535415e-09
3139,27/5/2018,15:51:58,51.543751,-0.033354,3.22,11.0,512,-0.04937317699781735,22.96829268292683,6.271105093199976,4.617215037253004,13.776268188361882,4.722622332281968e-09
3140,27/5/2018,15:51:59,51.543743,-0.033367,3.44,11.0,510,-0.08897216480905573,22.975609756097562,5.7613141769314975,4.5534126728400315,14.07194007266926,4.988828682309633e-09
3141,27/5/2018,15:51:59,51.543743,-0.033367,3.44,11.1,513,-0.029573683092198152,22.982926829268294,5.251523260663019,4.489610308427059,14.367611956976639,5.255035032337298e-09
3142,27/5/2018,15:52:0,51.543732,-0.033377,3.91,11.1,510,-0.08897216480905573,22.990243902439026,4.806203337022676,4.781133844698016,14.691436097959334,6.255356609053308e-09
3143,27/5/2018,15:52:0,51.543732,-0.033377,3.91,11.2,513,-0.029573683092198152,22.99756097560976,4.485957139080679,5.761989628294498,15.069875616892041,8.679861725542023e-09
3144,27/5/2018,15:52:1,51.54372,-0.033392,4.76,11.2,509,-0.10877165871467494,23.00487804878049,4.165710941138682,6.742845411890981,15.448315135824748,1.110436684203074e-08
3145,27/5/2018,15:52:1,51.54372,-0.033392,4.76,11.5,512,-0.04937317699781735,23.012195121951223,3.885675796148591,8.037626057925676,15.612364823454529,1.3526503869351325e-08
3146,27/5/2018,15:52:2,51.543705,-0.033411,4.85,11.5,510,-0.08897216480905573,23.01951219512195,3.8065865476865626,10.901177186058312,14.705048463814503,1.5936806891689143e-08
3147,27/5/2018,15:52:3,51.543694,-0.033431,4.74,11.5,513,-0.029573683092198152,23.026829268292683,3.7274972992244955,13.76472831419234,13.797732104174036,1.8347109914028135e-08
3148,27/5/2018,15:52:3,51.543694,-0.033431,4.74,11.6,518,0.06942378643589782,23.034146341463416,3.6484080507624284,16.62827944232637,12.890415744533568,2.075741293636712e-08
3149,27/5/2018,15:52:4,51.543686,-0.033444,4.43,11.6,518,0.06942378643589782,23.041463414634148,3.756310971079003,14.25946731362116,13.482910374634264,1.7425425571105022e-08
3150,27/5/2018,15:52:4,51.543686,-0.033444,4.43,11.6,521,0.1288222681527554,23.04878048780488,3.8654660075766785,11.85561881552103,14.085447872418207,1.405498731906056e-08
3151,27/5/2018,15:52:5,51.543674,-0.033457,3.74,11.6,517,0.04962429253027863,23.056097560975612,3.9746210440743543,9.451770317420902,14.687985370202151,1.0684549067016102e-08
3152,27/5/2018,15:52:5,51.543674,-0.033457,3.74,11.8,518,0.06942378643589782,23.063414634146344,3.313462356423308,10.456546043281053,17.413184553614688,1.3344255231295319e-08
3153,27/5/2018,15:52:6,51.543667,-0.033472,4.09,11.8,514,-0.009774189186578956,23.070731707317073,2.483158453901612,12.209786269644473,20.604477038571062,1.732805837194379e-08
3154,27/5/2018,15:52:6,51.543667,-0.033472,4.09,12.0,518,0.06942378643589782,23.078048780487805,1.6528545513795119,13.963026496008744,23.795769523528982,2.13118615125942e-08
3155,27/5/2018,15:52:7,51.543659,-0.033488,4.13,12.0,514,-0.009774189186578956,23.085365853658537,1.1428365283602933,19.777520047320078,26.332468984233678,3.5009007418735745e-08
3156,27/5/2018,15:52:7,51.543659,-0.033488,4.13,11.9,515,0.01002530471904024,23.09268292682927,0.8079011301429974,27.812076790992258,28.51133854297339,5.401590207066194e-08
3157,27/5/2018,15:52:8,51.543652,-0.0335,4.0,11.9,512,-0.04937317699781735,23.1,0.47296573192570146,35.84663353466444,30.690208101713104,7.302279672258813e-08
3158,27/5/2018,15:52:8,51.543652,-0.0335,4.0,12.0,515,0.01002530471904024,23.107317073170734,0.3105124526645904,39.68411210179911,32.24722117796099,8.39016695713015e-08
3159,27/5/2018,15:52:9,51.54364,-0.033507,4.44,12.0,513,-0.029573683092198152,23.114634146341466,0.34010396080330974,38.84848605384979,33.11184772338426,8.573065232922978e-08
3160,27/5/2018,15:52:9,51.54364,-0.033507,4.44,12.3,516,0.029824798624659435,23.121951219512198,0.3696954689420291,38.01286000590047,33.976474268807536,8.755963508715806e-08
3161,27/5/2018,15:52:10,51.543633,-0.033522,4.98,12.3,513,-0.029573683092198152,23.129268292682926,0.6451338767569106,34.667964040108025,32.971253728841305,8.178276167726845e-08
3162,27/5/2018,15:52:10,51.543633,-0.033522,4.98,12.1,518,0.06942378643589782,23.13658536585366,1.4948349367661655,25.461777978770467,27.598341963695148,5.823971289200375e-08
3163,27/5/2018,15:52:11,51.543621,-0.033535,4.72,12.1,515,0.01002530471904024,23.14390243902439,2.34453599677542,16.255591917432906,22.22543019854899,3.469666410673905e-08
3164,27/5/2018,15:52:12,51.543613,-0.033548,4.67,12.1,518,0.06942378643589782,23.151219512195123,3.4527777318460506,8.046268089459295,17.270746500345634,1.3728457640256673e-08
3165,27/5/2018,15:52:12,51.543613,-0.033548,4.67,12.0,520,0.10902277424713622,23.158536585365855,6.348228272153573,6.727933312447312,15.207139355802312,1.0559310695576447e-08
3166,27/5/2018,15:52:13,51.543606,-0.033562,4.39,12.0,518,0.06942378643589782,23.165853658536587,9.243678812461097,5.409598535435329,13.143532211258993,7.390163750896222e-09
3167,27/5/2018,15:52:13,51.543606,-0.033562,4.39,12.0,522,0.1486217620583746,23.17317073170732,12.139129352768618,4.091263758423347,11.079925066715672,4.2210168062159966e-09
3168,27/5/2018,15:52:14,51.543594,-0.033572,4.39,12.0,519,0.08922328034151703,23.18048780487805,17.735752428452876,3.729422948348359,10.20102664192941,3.665830799484147e-09
3169,27/5/2018,15:52:14,51.543594,-0.033572,4.39,12.1,525,0.20802024377523218,23.18780487804878,23.465634491839445,3.414769578583505,9.380574348463405,3.2396013047596372e-09
3170,27/5/2018,15:52:15,51.543587,-0.033586,4.76,12.1,521,0.1288222681527554,23.195121951219512,29.195516555228792,3.1001162088184975,8.560122054996999,2.8133718100349204e-09
3171,27/5/2018,15:52:15,51.543587,-0.033586,4.76,12.2,524,0.18822074986961299,23.202439024390245,36.85246196979784,3.0552582955205163,7.844206644282765,2.30454047454645e-09
3172,27/5/2018,15:52:16,51.543579,-0.033601,4.28,12.2,527,0.2476192315864706,23.209756097560977,45.054231577894456,3.0866776316949336,7.157846163770732,1.772355739051459e-09
3173,27/5/2018,15:52:16,51.543579,-0.033601,4.28,12.1,528,0.2674187254920898,23.21707317073171,53.25600118599107,3.118096967869351,6.4714856832587,1.240171003556468e-09
3174,27/5/2018,15:52:17,51.543571,-0.033616,3.98,12.1,528,0.2674187254920898,23.22439024390244,55.406001725574214,3.147371351718878,6.514645386570084,1.224079299346881e-09
3175,27/5/2018,15:52:17,51.543571,-0.033616,3.98,11.9,530,0.30701771330332817,23.231707317073173,53.624616124643694,3.175252318908472,7.031720321516844,1.5432550132163357e-09
3176,27/5/2018,15:52:18,51.543564,-0.033627,4.15,11.9,522,0.1486217620583746,23.239024390243905,51.843230523713174,3.2031332860980664,7.548795256463604,1.86243072708579e-09
3177,27/5/2018,15:52:18,51.543564,-0.033627,4.15,12.0,525,0.20802024377523218,23.246341463414634,47.4965599607211,3.205011340468979,8.00269140020559,2.023576227082521e-09
3178,27/5/2018,15:52:19,51.543556,-0.03364,5.04,12.0,521,0.1288222681527554,23.253658536585366,39.78804895845046,3.172812227918641,8.373790888481807,1.9776210066988626e-09
3179,27/5/2018,15:52:19,51.543556,-0.03364,5.04,11.9,525,0.20802024377523218,23.2609756097561,32.07953795617982,3.140613115368302,8.744890376758024,1.9316657863152047e-09
3180,27/5/2018,15:52:20,51.543545,-0.033652,4.91,11.9,520,0.10902277424713622,23.26829268292683,25.333413505880994,3.1087501730684997,9.08166495034899,1.9494114701121362e-09
3181,27/5/2018,15:52:20,51.543545,-0.033652,4.91,11.9,521,0.1288222681527554,23.275609756097563,21.334801711822745,3.0778469615713626,9.320445493029116,2.1490165534315834e-09
3182,27/5/2018,15:52:21,51.543537,-0.03367,5.48,11.9,518,0.06942378643589782,23.282926829268295,17.336189917764496,3.046943750074225,9.55922603570924,2.34862163675103e-09
3183,27/5/2018,15:52:21,51.543537,-0.03367,5.48,12.6,521,0.1288222681527554,23.290243902439027,13.613833105463844,3.0275534888373175,9.81087820061434,2.5808279585562014e-09
3184,27/5/2018,15:52:22,51.54353,-0.033684,4.09,12.6,518,0.06942378643589782,23.29756097560976,12.826867540434794,3.130495911735694,10.199299834714136,3.159443925148085e-09
3185,27/5/2018,15:52:22,51.54353,-0.033684,4.09,12.8,521,0.1288222681527554,23.304878048780488,12.039901975406126,3.2334383346340196,10.587721468813744,3.738059891739688e-09
3186,27/5/2018,15:52:23,51.543522,-0.033699,4.35,12.8,517,0.04962429253027863,23.31219512195122,11.252936410377078,3.336380757532396,10.97614310291354,4.316675858331571e-09
3187,27/5/2018,15:52:23,51.543522,-0.033699,4.35,12.8,521,0.1288222681527554,23.319512195121952,13.036348817824445,3.218818401981593,10.283465672577787,4.285414525082332e-09
3188,27/5/2018,15:52:24,51.543514,-0.033712,4.2,12.8,520,0.10902277424713622,23.326829268292684,15.06585671443774,3.080144275361731,9.487280662443267,4.1957617591166836e-09
3189,27/5/2018,15:52:24,51.543514,-0.033712,4.2,12.7,522,0.1486217620583746,23.334146341463416,17.095364611051036,2.9414701487418684,8.691095652308748,4.106108993151036e-09
3190,27/5/2018,15:52:25,51.543503,-0.033728,5.09,12.7,519,0.08922328034151703,23.34146341463415,21.48421823924054,3.1396792609372888,8.311230977935905,3.76676584988075e-09
3191,27/5/2018,15:52:26,51.543495,-0.033739,3.7,12.7,522,0.1486217620583746,23.34878048780488,26.705356404641677,3.456727552469269,8.0782277716997,3.3393417452914323e-09
3192,27/5/2018,15:52:27,51.543488,-0.033747,4.09,12.7,528,0.2674187254920898,23.356097560975613,31.926494570042816,3.773775844001249,7.8452245654634964,2.9119176407021145e-09
3193,27/5/2018,15:52:28,51.543476,-0.033755,5.2,12.7,526,0.2278197376808514,23.36341463414634,34.45747199491033,3.7349713994734053,7.636305655332041,2.5332401203455695e-09
3194,27/5/2018,15:52:28,51.543476,-0.033755,5.2,13.5,526,0.2278197376808514,23.370731707317074,34.92429188657099,3.423121521346187,7.445866600507041,2.1919658032791943e-09
3195,27/5/2018,15:52:29,51.543468,-0.033769,5.09,13.5,520,0.10902277424713622,23.378048780487806,35.391111778231654,3.111271643218969,7.255427545682042,1.8506914862128187e-09
3196,27/5/2018,15:52:29,51.543468,-0.033769,5.09,13.7,522,0.1486217620583746,23.385365853658538,35.24065712312371,2.9319282892286336,7.131031424227139,1.6830609072966057e-09
3197,27/5/2018,15:52:30,51.543457,-0.033785,4.76,13.7,522,0.1486217620583746,23.39268292682927,34.134568260210166,2.9577250432915334,7.108879736213858,1.7842570555088956e-09
3198,27/5/2018,15:52:31,51.543449,-0.033796,4.39,13.7,525,0.20802024377523218,23.400000000000002,33.02847939729663,2.983521797354433,7.086728048200578,1.8854532037211854e-09
3199,27/5/2018,15:52:31,51.543449,-0.033796,4.39,14.2,526,0.2278197376808514,23.407317073170734,31.778588867495777,3.005468020488412,7.163612546534755,1.996146422888985e-09
3200,27/5/2018,15:52:32,51.543442,-0.033808,4.57,14.2,521,0.1288222681527554,23.414634146341466,30.01601413401076,3.0136862637888746,7.593582578802644,2.1406987645937518e-09
3201,27/5/2018,15:52:32,51.543442,-0.033808,4.57,14.2,524,0.18822074986961299,23.421951219512195,28.253439400526602,3.0219045070893333,8.023552611070324,2.285251106298448e-09
3202,27/5/2018,15:52:33,51.543438,-0.033825,5.13,14.2,520,0.10902277424713622,23.429268292682927,26.454735371942345,3.0246756804261112,8.432786469896229,2.4125159157826807e-09
3203,27/5/2018,15:52:33,51.543438,-0.033825,5.13,14.3,523,0.1684212559639938,23.43658536585366,23.900785515674965,2.9135814475358615,8.40855190839581,2.1784026096786508e-09
3204,27/5/2018,15:52:34,51.54343,-0.03384,3.93,14.3,519,0.08922328034151703,23.44390243902439,21.346835659407585,2.8024872146456112,8.38431734689539,1.9442893035746208e-09
3205,27/5/2018,15:52:34,51.54343,-0.03384,3.93,14.6,522,0.1486217620583746,23.451219512195124,18.79288580314021,2.6913929817553615,8.360082785394969,1.7101759974705904e-09
3206,27/5/2018,15:52:35,51.543423,-0.033851,4.24,14.6,520,0.10902277424713622,23.458536585365856,18.010037555927067,2.644546894088553,7.964118098759232,1.5885267909998021e-09
3207,27/5/2018,15:52:35,51.543423,-0.033851,4.24,14.9,521,0.1288222681527554,23.465853658536588,17.48656207468434,2.6071097635645093,7.513714598303908,1.4833476303158401e-09
3208,27/5/2018,15:52:36,51.543415,-0.033863,4.46,14.9,520,0.10902277424713622,23.47317073170732,16.96308659344161,2.5696726330404656,7.063311097848584,1.3781684696318784e-09
3209,27/5/2018,15:52:36,51.543415,-0.033863,4.46,15.2,522,0.1486217620583746,23.48048780487805,16.485488675398393,2.778155291754893,7.6928730502096325,1.975206007482293e-09
3210,27/5/2018,15:52:37,51.543411,-0.033874,3.8,15.2,520,0.10902277424713622,23.48780487804878,16.027658896202627,3.09260209067328,8.78778027231083,2.874821019587544e-09
3211,27/5/2018,15:52:37,51.543411,-0.033874,3.8,15.9,523,0.1684212559639938,23.495121951219513,15.569829117006861,3.407048889591666,9.882687494412028,3.7744360316927945e-09
3212,27/5/2018,15:52:38,51.543404,-0.033893,5.82,15.9,517,0.04962429253027863,23.502439024390245,15.484977579880143,3.4515474694834922,10.155002111470711,3.9800563314268104e-09
3213,27/5/2018,15:52:38,51.543404,-0.033893,5.82,16.4,521,0.1288222681527554,23.509756097560977,15.736943851111583,3.252269449972819,9.68447490251543,3.5589650655307902e-09
3214,27/5/2018,15:52:39,51.543396,-0.033907,4.13,16.4,519,0.08922328034151703,23.51707317073171,15.988910122343025,3.0529914304621455,9.213947693560147,3.13787379963477e-09
3215,27/5/2018,15:52:40,51.543388,-0.03392,4.17,16.4,521,0.1288222681527554,23.52439024390244,16.49467273410894,2.9733150042479117,8.708043835338643,2.7396184053713833e-09
3216,27/5/2018,15:52:41,51.543381,-0.033932,4.0,16.4,523,0.1684212559639938,23.531707317073174,17.46749035468957,3.1137383757442585,8.137037221103888,2.3833872901193106e-09
3217,27/5/2018,15:52:42,51.543373,-0.033943,4.13,16.4,522,0.1486217620583746,23.539024390243902,18.44030797526973,3.2541617472405373,7.566030606869411,2.027156174867411e-09
3218,27/5/2018,15:52:42,51.543373,-0.033943,4.13,16.1,523,0.1684212559639938,23.546341463414635,18.862887239946513,3.359016239354917,7.241273790221254,1.7936169636985232e-09
3219,27/5/2018,15:52:43,51.543365,-0.033957,4.82,16.1,519,0.08922328034151703,23.553658536585367,16.75632522913899,3.3003802731934746,8.048391043189495,2.1240245502311966e-09
3220,27/5/2018,15:52:43,51.543365,-0.033957,4.82,15.8,521,0.1288222681527554,23.5609756097561,14.649763218331467,3.2417443070320324,8.855508296157735,2.4544321367638703e-09
3221,27/5/2018,15:52:44,51.543358,-0.033968,4.02,15.8,517,0.04962429253027863,23.56829268292683,12.547255942734221,3.184001971155064,9.661451611890655,2.784509587252066e-09
3222,27/5/2018,15:52:44,51.543358,-0.033968,4.02,16.3,520,0.10902277424713622,23.575609756097563,11.207038886663177,3.294262128757926,10.246694727385108,3.052521461378863e-09
3223,27/5/2018,15:52:45,51.54335,-0.033977,4.43,16.3,518,0.06942378643589782,23.582926829268295,9.866821830592134,3.4045222863607876,10.83193784287956,3.3205333355056604e-09
3224,27/5/2018,15:52:45,51.54335,-0.033977,4.43,16.8,520,0.10902277424713622,23.590243902439024,8.52660477452174,3.514782443963596,11.417180958373727,3.5885452096323277e-09
3225,27/5/2018,15:52:46,51.543343,-0.033985,3.93,16.8,517,0.04962429253027863,23.597560975609756,8.129962511496931,3.741897282095725,12.002450583237275,3.956457542620583e-09
3226,27/5/2018,15:52:46,51.543343,-0.033985,3.93,17.2,521,0.1288222681527554,23.60487804878049,7.92398991408505,3.99262513217563,12.587725564891379,4.344556920903042e-09
3227,27/5/2018,15:52:47,51.543331,-0.033996,4.67,17.2,517,0.04962429253027863,23.61219512195122,7.718017316673169,4.2433529822555345,13.173000546545483,4.732656299185501e-09
3228,27/5/2018,15:52:47,51.543331,-0.033996,4.67,17.7,520,0.10902277424713622,23.619512195121953,7.596316886475152,4.320238992209556,13.415588956672316,4.661359308960525e-09
3229,27/5/2018,15:52:48,51.543324,-0.034007,4.44,17.7,517,0.04962429253027863,23.626829268292685,7.51831958431567,4.306971485900068,13.4804618100776,4.3518216400264345e-09
3230,27/5/2018,15:52:48,51.543324,-0.034007,4.44,18.0,520,0.10902277424713622,23.634146341463417,7.4403222821561865,4.29370397959058,13.545334663482885,4.042283971092344e-09
3231,27/5/2018,15:52:49,51.543312,-0.034016,4.3,18.0,517,0.04962429253027863,23.64146341463415,7.105912091641923,4.969057204556215,14.360856393274853,4.556576915134813e-09
3232,27/5/2018,15:52:49,51.543312,-0.034016,4.3,18.1,521,0.1288222681527554,23.648780487804878,6.499347866308472,6.37530547804759,15.97310921467436,5.945275302553369e-09
3233,27/5/2018,15:52:50,51.543304,-0.034027,4.07,18.1,517,0.04962429253027863,23.65609756097561,5.892783640974725,7.781553751539648,17.58536203607465,7.3339736899725986e-09
3234,27/5/2018,15:52:50,51.543304,-0.034027,4.07,17.8,521,0.1288222681527554,23.663414634146342,5.164046563230705,10.47857242314751,19.603287110863178,1.0357650421034316e-08
3235,27/5/2018,15:52:51,51.543297,-0.034043,4.46,17.8,514,-0.009774189186578956,23.670731707317074,4.165545665397555,16.025677235695788,22.516956981808832,1.6991441797392626e-08
3236,27/5/2018,15:52:51,51.543297,-0.034043,4.46,17.2,517,0.04962429253027863,23.678048780487806,3.1670447675644047,21.57278204824407,25.430626852754482,2.3625233173750935e-08
3237,27/5/2018,15:52:52,51.543289,-0.034055,3.93,17.2,510,-0.08897216480905573,23.68536585365854,2.354633096685197,25.69676551015797,27.750665376732197,2.877933674172055e-08
3238,27/5/2018,15:52:52,51.543289,-0.034055,3.93,17.3,514,-0.009774189186578956,23.69268292682927,2.701465790432725,20.95540285339943,26.37267255895638,2.471571297877904e-08
3239,27/5/2018,15:52:53,51.543278,-0.034063,4.0,17.3,510,-0.08897216480905573,23.700000000000003,3.0482984841802523,16.214040196640894,24.99467974118057,2.065208921583753e-08
3240,27/5/2018,15:52:53,51.543278,-0.034063,4.0,16.4,514,-0.009774189186578956,23.70731707317073,3.395131177927612,11.472677539884655,23.616686923405425,1.6588465452897994e-08
3241,27/5/2018,15:52:54,51.543266,-0.034072,4.37,16.4,508,-0.12857115262029412,23.714634146341464,4.72192449408874,9.569253509008348,21.083718296263495,1.3074003004807171e-08
3242,27/5/2018,15:52:54,51.543266,-0.034072,4.37,15.8,512,-0.04937317699781735,23.721951219512196,6.084335993612072,7.768978743557007,18.50877028830156,9.579500673439821e-09
3243,27/5/2018,15:52:55,51.543255,-0.034075,4.04,15.8,508,-0.12857115262029412,23.729268292682928,7.446747493135404,5.968703978105664,15.93382228033962,6.084998342072468e-09
3244,27/5/2018,15:52:55,51.543255,-0.034075,4.04,15.1,511,-0.06917267090343654,23.73658536585366,7.81396727409308,5.444380676381171,14.945167726805884,5.1026268755696975e-09
3245,27/5/2018,15:52:56,51.543243,-0.034079,4.57,15.1,508,-0.12857115262029412,23.743902439024392,7.919084423289839,5.256103415236686,14.374293668622318,4.781872762512976e-09
3246,27/5/2018,15:52:56,51.543243,-0.034079,4.57,14.5,512,-0.04937317699781735,23.751219512195124,8.024201572486598,5.067826154092202,13.803419610438754,4.461118649456255e-09
3247,27/5/2018,15:52:57,51.543232,-0.034083,4.39,14.5,508,-0.12857115262029412,23.758536585365857,7.104128687141884,5.805180427053326,14.357261915715148,5.263270972109535e-09
3248,27/5/2018,15:52:57,51.543232,-0.034083,4.39,13.8,512,-0.04937317699781735,23.765853658536585,5.5507395809015705,7.114348164221404,15.60590332446187,6.759104306402166e-09
3249,27/5/2018,15:52:58,51.543221,-0.034091,4.54,13.8,511,-0.06917267090343654,23.773170731707317,3.997350474660503,8.423515901390118,16.8545447332092,8.254937640695523e-09
3250,27/5/2018,15:52:58,51.543221,-0.034091,4.54,13.6,515,0.01002530471904024,23.78048780487805,2.812240180769533,11.580071264023728,19.135710588995003,1.3277909738509844e-08
3251,27/5/2018,15:52:59,51.543213,-0.034104,4.17,13.6,513,-0.029573683092198152,23.78780487804878,2.086915093459769,17.043035446620813,22.705952683384588,2.270441027902045e-08
3252,27/5/2018,15:52:59,51.543213,-0.034104,4.17,13.3,517,0.04962429253027863,23.795121951219514,1.3615900061500052,22.505999629217897,26.276194777774172,3.213091081953105e-08
3253,27/5/2018,15:53:0,51.543209,-0.034117,4.17,13.3,515,0.01002530471904024,23.802439024390246,0.8399206998377631,25.898015856999454,28.941334012881075,3.8508589741427906e-08
3254,27/5/2018,15:53:0,51.543209,-0.034117,4.17,13.2,518,0.06942378643589782,23.809756097560978,0.865115384838166,23.72904649024511,29.176057770698705,3.669946075151947e-08
3255,27/5/2018,15:53:1,51.543198,-0.034123,3.93,13.2,514,-0.009774189186578956,23.81707317073171,0.8903100698385689,21.56007712349077,29.41078152851633,3.489033176161104e-08
3256,27/5/2018,15:53:1,51.543198,-0.034123,3.93,12.7,518,0.06942378643589782,23.82439024390244,0.9198907154907392,19.857220704410032,29.5839940404582,3.3556379925424786e-08
3257,27/5/2018,15:53:2,51.543186,-0.034129,3.59,12.7,515,0.01002530471904024,23.83170731707317,0.9898587488114949,22.446487678490524,29.19079049662715,3.659801771309914e-08
3258,27/5/2018,15:53:2,51.543186,-0.034129,3.59,12.5,517,0.04962429253027863,23.839024390243903,1.0598267821322507,25.03575465257102,28.797586952796102,3.96396555007735e-08
3259,27/5/2018,15:53:3,51.543179,-0.03413,2.61,12.5,511,-0.06917267090343654,23.846341463414635,1.1297948154530064,27.62502162665151,28.404383408965057,4.268129328844785e-08
3260,27/5/2018,15:53:3,51.543179,-0.03413,2.61,12.6,514,-0.009774189186578956,23.853658536585368,1.8374461172059684,22.13305424025556,25.716357094659088,3.3058952051971536e-08
3261,27/5/2018,15:53:4,51.543175,-0.03413,3.02,12.6,510,-0.08897216480905573,23.8609756097561,2.597125533894671,15.981744809080492,22.841097856470757,2.2403365960518494e-08
3262,27/5/2018,15:53:4,51.543175,-0.03413,3.02,12.8,513,-0.029573683092198152,23.868292682926832,3.3568049505833737,9.83043537790542,19.965838618282426,1.1747779869065452e-08
3263,27/5/2018,15:53:5,51.543163,-0.034131,4.28,12.8,509,-0.10877165871467494,23.875609756097564,4.757412310224826,7.307997738433896,17.67983134259626,7.909291494779816e-09
3264,27/5/2018,15:53:5,51.543163,-0.034131,4.28,12.5,512,-0.04937317699781735,23.882926829268293,6.370329469442327,5.987637573128305,15.589016002969846,6.328992462903117e-09
3265,27/5/2018,15:53:6,51.543148,-0.034134,4.63,12.5,508,-0.12857115262029412,23.890243902439025,7.983246628660611,4.667277407822073,13.498200663342415,4.748693431025651e-09
3266,27/5/2018,15:53:6,51.543148,-0.034134,4.63,12.1,511,-0.06917267090343654,23.897560975609757,10.02286406342938,3.9919065930705004,12.072324078335697,3.960013614004749e-09
3267,27/5/2018,15:53:7,51.543137,-0.034136,4.74,12.1,508,-0.12857115262029412,23.90487804878049,12.374300930331287,3.7878741498782484,11.132364275551957,3.749824761686899e-09
3268,27/5/2018,15:53:7,51.543137,-0.034136,4.74,12.0,510,-0.08897216480905573,23.91219512195122,14.725737797233197,3.5838417066859964,10.192404472768217,3.5396359093690487e-09
3269,27/5/2018,15:53:8,51.543125,-0.034128,3.98,12.0,505,-0.18796963433715172,23.919512195121953,16.82950309654985,3.405138767693868,9.460611303480622,3.2426966101273428e-09
3270,27/5/2018,15:53:8,51.543125,-0.034128,3.98,12.0,508,-0.12857115262029412,23.926829268292686,18.56847363837689,3.263743584420754,9.035426185024352,2.8179828208371994e-09
3271,27/5/2018,15:53:9,51.543118,-0.034118,4.26,12.0,506,-0.16817014043153253,23.934146341463418,20.30744418020393,3.1223484011476397,8.610241066568083,2.3932690315470564e-09
3272,27/5/2018,15:53:9,51.543118,-0.034118,4.26,11.9,509,-0.10877165871467494,23.941463414634146,21.759620747915218,3.0102364667756527,8.352905003554941,2.0230331951055545e-09
3273,27/5/2018,15:53:10,51.543106,-0.034111,4.33,11.9,506,-0.16817014043153253,23.94878048780488,22.25700612039108,2.9956139873509326,8.654370082581675,1.8341647317919244e-09
3274,27/5/2018,15:53:10,51.543106,-0.034111,4.33,11.7,509,-0.10877165871467494,23.95609756097561,22.75439149286694,2.9809915079262126,8.955835161608409,1.645296268478294e-09
3275,27/5/2018,15:53:11,51.543095,-0.0341,4.93,11.7,505,-0.18796963433715172,23.963414634146343,23.222756125668926,2.9826530217878697,9.271034660134417,1.4836117447152871e-09
3276,27/5/2018,15:53:11,51.543095,-0.0341,4.93,11.6,509,-0.10877165871467494,23.970731707317075,23.21627747467378,3.2507565675317873,9.810959542278143,1.766716405094954e-09
3277,27/5/2018,15:53:12,51.543091,-0.034087,4.74,11.6,504,-0.2077691282427709,23.978048780487807,23.209798823678636,3.5188601132757045,10.35088442442187,2.049821065474621e-09
3278,27/5/2018,15:53:12,51.543091,-0.034087,4.74,11.4,509,-0.10877165871467494,23.98536585365854,23.20332017268349,3.786963659019622,10.890809306565597,2.3329257258542877e-09
3279,27/5/2018,15:53:13,51.543083,-0.034077,4.5,11.4,505,-0.18796963433715172,23.99268292682927,21.265649936456324,4.330173341287028,12.44899354552497,4.478901470616459e-09
3280,27/5/2018,15:53:13,51.543083,-0.034077,4.5,11.2,510,-0.08897216480905573,24.0,19.075065910816427,4.909411626832675,14.140531634255689,6.868843577256557e-09
3281,27/5/2018,15:53:14,51.543076,-0.034063,4.85,11.2,506,-0.16817014043153253,24.007317073170732,16.88448188517546,5.4886499123786034,15.832069722987228,9.258785683897818e-09
3282,27/5/2018,15:53:14,51.543076,-0.034063,4.85,11.4,515,0.01002530471904024,24.014634146341464,16.10410647294145,5.700150842832917,16.44713584020692,9.903095414762947e-09
3283,27/5/2018,15:53:15,51.543064,-0.034048,4.85,11.4,506,-0.16817014043153253,24.021951219512196,15.897471825796647,5.762038510783874,16.624241327587452,9.837197843445558e-09
3284,27/5/2018,15:53:15,51.543064,-0.034048,4.85,11.3,511,-0.06917267090343654,24.02926829268293,15.690837178651845,5.823926178734832,16.80134681496799,9.77130027212817e-09
3285,27/5/2018,15:53:16,51.543056,-0.034035,4.32,11.3,505,-0.18796963433715172,24.03658536585366,16.545327934187135,5.513187526138028,15.846008741576686,8.41080842575562e-09
3286,27/5/2018,15:53:16,51.543056,-0.034035,4.32,11.3,509,-0.10877165871467494,24.043902439024393,18.313192454053844,4.881707230538373,13.91590912220543,5.9359822666783495e-09
3287,27/5/2018,15:53:17,51.543049,-0.034022,4.61,11.3,505,-0.18796963433715172,24.051219512195125,20.081056973920553,4.250226934938717,11.985809502834174,3.4611561076010798e-09
3288,27/5/2018,15:53:17,51.543049,-0.034022,4.61,11.6,509,-0.10877165871467494,24.058536585365854,20.573040632939755,3.8704539596032013,10.70410927226904,1.9400929251503837e-09
3289,27/5/2018,15:53:18,51.543041,-0.034007,4.3,11.6,505,-0.18796963433715172,24.065853658536586,18.83594174147005,3.930437087402531,10.555223090167306,2.085342384999589e-09
3290,27/5/2018,15:53:18,51.543041,-0.034007,4.3,11.3,509,-0.10877165871467494,24.073170731707318,17.09884285000035,3.990420215201861,10.406336908065573,2.2305918448487936e-09
3291,27/5/2018,15:53:19,51.543034,-0.033992,5.22,11.3,508,-0.12857115262029412,24.08048780487805,15.037109738283885,4.236452401415176,10.733351629775548,2.9058109074430764e-09
3292,27/5/2018,15:53:19,51.543034,-0.033992,5.22,11.2,512,-0.04937317699781735,24.087804878048782,11.597032760428476,5.272418496231584,13.080963844751139,5.831194326181065e-09
3293,27/5/2018,15:53:20,51.543022,-0.033977,5.02,11.2,509,-0.10877165871467494,24.095121951219515,8.156955782573068,6.308384591047991,15.428576059726732,8.756577744919054e-09
3294,27/5/2018,15:53:20,51.543022,-0.033977,5.02,10.9,515,0.01002530471904024,24.102439024390247,4.755520052963241,7.383168851231401,17.807078250762032,1.1782766641699341e-08
3295,27/5/2018,15:53:21,51.543015,-0.033964,4.24,10.9,512,-0.04937317699781735,24.109756097560975,3.5576523482578013,10.671610067951578,21.947121971267045,2.0557520562498944e-08
3296,27/5/2018,15:53:21,51.543015,-0.033964,4.24,11.0,515,0.01002530471904024,24.117073170731707,2.3597846435517797,13.960051284673352,26.087165691774068,2.9332274483302804e-08
3297,27/5/2018,15:53:22,51.543007,-0.033951,4.78,11.0,511,-0.06917267090343654,24.12439024390244,1.1619169388457586,17.248492501395123,30.22720941228109,3.810702840410667e-08
3298,27/5/2018,15:53:22,51.543007,-0.033951,4.78,10.9,515,0.01002530471904024,24.13170731707317,0.9283588449924878,17.635546608491985,30.587992773837136,4.079031420797899e-08
3299,27/5/2018,15:53:23,51.542995,-0.033938,4.78,10.9,513,-0.029573683092198152,24.139024390243904,0.8732550377764338,17.48567257437841,30.24938954442422,4.234631829118167e-08
3300,27/5/2018,15:53:23,51.542995,-0.033938,4.78,10.7,514,-0.009774189186578956,24.146341463414636,0.8181512305603799,17.33579854026483,29.910786315011304,4.390232237438434e-08
3301,27/5/2018,15:53:24,51.542988,-0.033928,4.32,10.7,511,-0.06917267090343654,24.153658536585368,0.8444981489574866,19.289302695416687,29.511758771628493,5.2103199711021115e-08
3302,27/5/2018,15:53:24,51.542988,-0.033928,4.32,10.4,515,0.01002530471904024,24.1609756097561,0.9108817261678007,22.276710898504433,29.08302998710605,6.357032816208333e-08
3303,27/5/2018,15:53:25,51.542976,-0.033918,4.13,10.4,510,-0.08897216480905573,24.16829268292683,0.9772653033780825,25.264119101590726,28.654301202583813,7.503745661313996e-08
3304,27/5/2018,15:53:25,51.542976,-0.033918,4.13,10.2,515,0.01002530471904024,24.17560975609756,1.3838617992474496,25.209077442584263,27.522386036831826,7.313015015910445e-08
3305,27/5/2018,15:53:26,51.542969,-0.033907,4.54,10.2,515,0.01002530471904024,24.182926829268293,2.134706585986197,22.07549846874018,25.678943775474494,5.7689770429748276e-08
3306,27/5/2018,15:53:26,51.542969,-0.033907,4.54,9.8,518,0.06942378643589782,24.190243902439025,2.8855513727249438,18.941919494896094,23.835501514117162,4.22493907003921e-08
3307,27/5/2018,15:53:27,51.542961,-0.033895,4.63,9.8,517,0.04962429253027863,24.197560975609758,3.4362203572400256,17.027013845878997,22.940735095103953,3.2036186197581535e-08
3308,27/5/2018,15:53:27,51.542961,-0.033895,4.63,9.7,525,0.20802024377523218,24.20487804878049,3.568586427627588,17.658742692548884,24.028395447991603,3.2746093307812436e-08
3309,27/5/2018,15:53:28,51.542953,-0.033884,4.41,9.7,514,-0.009774189186578956,24.212195121951222,3.70095249801515,18.290471539218775,25.116055800879252,3.3456000418043336e-08
3310,27/5/2018,15:53:28,51.542953,-0.033884,4.41,9.5,518,0.06942378643589782,24.219512195121954,3.6669498205738424,19.96525774411434,26.46067397526223,3.590058150760126e-08
3311,27/5/2018,15:53:29,51.542942,-0.033875,4.07,9.5,513,-0.029573683092198152,24.226829268292683,2.6921435902719146,27.53845985501531,29.25837053457539,4.8154621790085643e-08
3312,27/5/2018,15:53:29,51.542942,-0.033875,4.07,9.5,516,0.029824798624659435,24.234146341463415,1.717337359969513,35.111661965919964,32.05606709388991,6.040866207257597e-08
3313,27/5/2018,15:53:30,51.542931,-0.033865,4.54,9.5,511,-0.06917267090343654,24.241463414634147,0.7425311296671113,42.684864076824624,34.853763653204425,7.26627023550663e-08
3314,27/5/2018,15:53:30,51.542931,-0.033865,4.54,9.2,516,0.029824798624659435,24.24878048780488,0.6294127669605495,44.46475933203978,35.66561054399253,7.853226699427007e-08
3315,27/5/2018,15:53:31,51.542919,-0.033856,5.15,9.2,512,-0.04937317699781735,24.25609756097561,0.536696484684366,46.107487154739715,36.43043871003874,8.425066716838331e-08
3316,27/5/2018,15:53:31,51.542919,-0.033856,5.15,9.0,516,0.029824798624659435,24.263414634146343,0.4439802024081825,47.750214977439654,37.19526687608496,8.996906734249655e-08
3317,27/5/2018,15:53:32,51.542912,-0.033845,4.74,9.0,513,-0.029573683092198152,24.270731707317076,0.5718597407487132,41.653283993946204,35.92407426921736,7.907430507281428e-08
3318,27/5/2018,15:53:32,51.542912,-0.033845,4.74,8.7,516,0.029824798624659435,24.278048780487808,0.7536949830970715,33.663303819851244,34.154889751759576,6.411611642929856e-08
3319,27/5/2018,15:53:33,51.5429,-0.033836,4.11,8.7,510,-0.08897216480905573,24.285365853658536,0.9355302254453416,25.673323645760163,32.385705234302655,4.91579277857901e-08
3320,27/5/2018,15:53:33,51.5429,-0.033836,4.11,8.5,514,-0.009774189186578956,24.29268292682927,1.1475984734006115,20.958337270105567,30.786631117412853,3.8745774724126e-08
3321,27/5/2018,15:53:34,51.542892,-0.033824,4.65,8.5,510,-0.08897216480905573,24.3,1.377416281029616,18.166073981011692,29.287427478015832,3.100256337762338e-08
3322,27/5/2018,15:53:34,51.542892,-0.033824,4.65,8.5,514,-0.009774189186578956,24.307317073170733,1.6072340886586205,15.37381069191782,27.788223838618816,2.3259352031120758e-08
3323,27/5/2018,15:53:35,51.542885,-0.033809,5.15,8.5,511,-0.06917267090343654,24.314634146341465,1.6815873196393631,14.2307855033302,27.438861844272434,1.9688843125309933e-08
3324,27/5/2018,15:53:35,51.542885,-0.033809,5.15,8.7,515,0.01002530471904024,24.321951219512197,1.5709886510924287,15.049813189026466,28.457434597462136,2.1082482704049386e-08
3325,27/5/2018,15:53:36,51.542873,-0.033797,4.46,8.7,511,-0.06917267090343654,24.32926829268293,1.4603899825454945,15.868840874722732,29.476007350651837,2.247612228278884e-08
3326,27/5/2018,15:53:36,51.542873,-0.033797,4.46,8.4,515,0.01002530471904024,24.33658536585366,1.333337831606183,17.210006547349195,30.323940242917995,2.5097484834611234e-08
3327,27/5/2018,15:53:37,51.542866,-0.033787,4.26,8.4,510,-0.08897216480905573,24.34390243902439,1.1646603017863901,19.87212003002422,30.740174319475486,3.082484237862935e-08
3328,27/5/2018,15:53:37,51.542866,-0.033787,4.26,8.2,514,-0.009774189186578956,24.351219512195122,0.9959827719665155,22.534233512700535,31.15640839603318,3.655219992265024e-08
3329,27/5/2018,15:53:38,51.542858,-0.033777,4.15,8.2,512,-0.04937317699781735,24.358536585365854,0.8284850351273737,25.401927823863595,31.538717881831335,4.390437339769434e-08
3330,27/5/2018,15:53:38,51.542858,-0.033777,4.15,8.0,517,0.04962429253027863,24.365853658536587,0.6705424854554228,29.93462889999043,31.646270847145402,6.441599144200168e-08
3331,27/5/2018,15:53:39,51.54285,-0.033767,4.59,8.0,513,-0.029573683092198152,24.37317073170732,0.5125999357834718,34.467329976117256,31.75382381245947,8.4927609486309e-08
3332,27/5/2018,15:53:39,51.54285,-0.033767,4.59,7.6,516,0.029824798624659435,24.38048780487805,0.35465738611152103,39.00003105224409,31.861376777773536,1.0543922753061632e-07
3333,27/5/2018,15:53:40,51.542843,-0.033755,4.04,7.6,516,0.029824798624659435,24.387804878048783,0.31653804077748465,33.31609728482235,29.903585261305135,9.33802657543058e-08
3334,27/5/2018,15:53:40,51.542843,-0.033755,4.04,7.4,515,0.01002530471904024,24.395121951219515,0.28654230251713997,26.939510307674063,27.805770390140744,7.911312907492028e-08
3335,27/5/2018,15:53:41,51.542831,-0.033743,4.63,7.4,516,0.029824798624659435,24.402439024390244,0.25654656425680983,20.562923330528875,25.70795551897737,6.48459923955417e-08
3336,27/5/2018,15:53:41,51.542831,-0.033743,4.63,7.5,515,0.01002530471904024,24.409756097560976,0.24248044814051314,23.838637219361836,27.76405633226446,7.424499541180505e-08
3337,27/5/2018,15:53:42,51.542824,-0.03373,4.3,7.5,513,-0.029573683092198152,24.417073170731708,0.2333592048252743,30.110618037078055,31.10961552065848,9.099044076228126e-08
3338,27/5/2018,15:53:42,51.542824,-0.03373,4.3,7.7,516,0.029824798624659435,24.42439024390244,0.22423796151003544,36.38259885479427,34.4551747090525,1.0773588611275747e-07
3339,27/5/2018,15:53:43,51.54282,-0.033715,4.93,7.7,513,-0.029573683092198152,24.431707317073172,0.6986210717390657,34.42236856653726,33.971488632378154,9.75516053627187e-08
3340,27/5/2018,15:53:43,51.54282,-0.033715,4.93,7.5,517,0.04962429253027863,24.439024390243905,1.5093873697450182,26.734832217888567,30.82372369146781,6.863180125028026e-08
3341,27/5/2018,15:53:44,51.542812,-0.033702,4.32,7.5,514,-0.009774189186578956,24.446341463414637,2.320153667750971,19.04729586923987,27.67595875055746,3.9711997137841795e-08
3342,27/5/2018,15:53:44,51.542812,-0.033702,4.32,7.4,520,0.10902277424713622,24.45365853658537,3.9071757498599773,13.933207015377223,25.09200843425194,2.1464386974111484e-08
3343,27/5/2018,15:53:45,51.542801,-0.033692,3.91,7.4,516,0.029824798624659435,24.460975609756098,6.582477999874065,12.426990629686449,23.298504111263796,1.817877420902328e-08
3344,27/5/2018,15:53:45,51.542801,-0.033692,3.91,7.7,526,0.2278197376808514,24.46829268292683,9.257780249889452,10.920774243994945,21.504999788274777,1.4893161443933485e-08
3345,27/5/2018,15:53:46,51.542793,-0.033681,4.85,7.7,518,0.06942378643589782,24.475609756097562,11.253848441626598,9.532833208743423,19.960856222620375,1.2185941620616716e-08
3346,27/5/2018,15:53:46,51.542793,-0.033681,4.85,8.1,524,0.18822074986961299,24.482926829268294,11.13317477657662,8.513481442317875,19.19381201771989,1.1281205837373929e-08
3347,27/5/2018,15:53:47,51.542782,-0.033668,5.07,8.1,516,0.029824798624659435,24.490243902439026,11.012501111526642,7.494129675892327,18.426767812819406,1.0376470054131143e-08
3348,27/5/2018,15:53:47,51.542782,-0.033668,5.07,8.2,519,0.08922328034151703,24.49756097560976,11.013910983757928,6.484589182875255,17.541129219473117,9.408943299701901e-09
3349,27/5/2018,15:53:48,51.542774,-0.033656,4.72,8.2,516,0.029824798624659435,24.50487804878049,12.648851664601171,5.606327793833817,15.068646145954245,7.601246050380835e-09
3350,27/5/2018,15:53:48,51.542774,-0.033656,4.72,8.2,521,0.1288222681527554,24.512195121951223,14.283792345444413,4.728066404792379,12.596163072435374,5.7935488010597695e-09
3351,27/5/2018,15:53:49,51.542763,-0.033643,4.17,8.2,521,0.1288222681527554,24.51951219512195,15.918733026286862,3.8498050157513672,10.123679998917703,3.9858515517395814e-09
3352,27/5/2018,15:53:49,51.542763,-0.033643,4.17,8.2,524,0.18822074986961299,24.526829268292683,18.439101704736796,4.055556462438161,10.01452280889416,3.752178691650732e-09
3353,27/5/2018,15:53:50,51.542755,-0.033629,4.8,8.2,522,0.1486217620583746,24.534146341463416,21.06208324323347,4.3869349027394735,10.179253082090037,3.7009206013670143e-09
3354,27/5/2018,15:53:50,51.542755,-0.033629,4.8,8.3,527,0.2476192315864706,24.541463414634148,23.685064781730148,4.718313343040786,10.343983355285912,3.649662511083296e-09
3355,27/5/2018,15:53:51,51.542747,-0.033616,4.46,8.3,520,0.10902277424713622,24.54878048780488,20.88801486326663,5.704307204826429,12.01821122613517,4.963857044736833e-09
3356,27/5/2018,15:53:51,51.542747,-0.033616,4.46,8.5,522,0.1486217620583746,24.556097560975612,16.011831355165747,6.941412692422823,14.271485027562518,6.8018416039705234e-09
3357,27/5/2018,15:53:52,51.54274,-0.033604,4.09,8.5,514,-0.009774189186578956,24.563414634146344,11.13564784706487,8.178518180019218,16.524758828989867,8.639826163204215e-09
3358,27/5/2018,15:53:52,51.54274,-0.033604,4.09,8.4,518,0.06942378643589782,24.570731707317076,7.520886811636519,12.720664790046845,20.862619717698262,1.7614727587376077e-08
3359,27/5/2018,15:53:53,51.542732,-0.033593,4.98,8.4,512,-0.04937317699781735,24.578048780487805,4.940880974621216,19.973963735223847,26.91048448839905,3.244410044091153e-08
3360,27/5/2018,15:53:53,51.542732,-0.033593,4.98,8.5,517,0.04962429253027863,24.585365853658537,2.3608751376046584,27.22726268040437,32.95834925910277,4.7273473294454174e-08
3361,27/5/2018,15:53:54,51.542721,-0.033581,5.06,8.5,513,-0.029573683092198152,24.59268292682927,0.9825281136152425,29.097891499035967,34.57430074624189,5.138028379638813e-08
3362,27/5/2018,15:53:54,51.542721,-0.033581,5.06,8.6,516,0.029824798624659435,24.6,1.5987317853142278,22.03419692305618,28.834024636051545,3.768945160131775e-08
3363,27/5/2018,15:53:55,51.542709,-0.033569,4.94,8.6,514,-0.009774189186578956,24.607317073170734,2.2149354570132127,14.97050234707639,23.0937485258612,2.3998619406247387e-08
3364,27/5/2018,15:53:55,51.542709,-0.033569,4.94,8.6,519,0.08922328034151703,24.614634146341466,3.41342782606379,9.012463111050899,17.835561550603096,1.24165818949828e-08
3365,27/5/2018,15:53:56,51.542702,-0.033556,4.61,8.6,518,0.06942378643589782,24.621951219512198,6.904138761176653,7.406910381179996,14.47515083412295,9.135956291966816e-09
3366,27/5/2018,15:53:56,51.542702,-0.033556,4.61,8.7,521,0.1288222681527554,24.629268292682926,10.394849696287821,5.801357651309872,11.114740117644436,5.855330688952425e-09
3367,27/5/2018,15:53:57,51.542694,-0.033542,4.52,8.7,523,0.1684212559639938,24.63658536585366,13.800983523995537,4.244422620791153,7.876475231589306,2.6956886031373987e-09
3368,27/5/2018,15:53:57,51.542694,-0.033542,4.52,8.8,522,0.1486217620583746,24.64390243902439,14.392846969569707,4.305222643315854,8.702565386899733,3.5617260378338286e-09
3369,27/5/2018,15:53:58,51.542686,-0.033526,5.04,8.8,521,0.1288222681527554,24.651219512195123,14.984710415143876,4.366022665840553,9.52865554221016,4.427763472530259e-09
3370,27/5/2018,15:53:58,51.542686,-0.033526,5.04,9.0,523,0.1684212559639938,24.658536585365855,15.576573860718046,4.426822688365254,10.354745697520588,5.2938009072266886e-09
3371,27/5/2018,15:53:59,51.542679,-0.03351,4.63,9.0,516,0.029824798624659435,24.665853658536587,13.503427107681627,4.781271881517457,12.283892590033659,6.759345142357066e-09
3372,27/5/2018,15:53:59,51.542679,-0.03351,4.63,9.1,520,0.10902277424713622,24.67317073170732,10.981168938027572,5.185207262406527,14.398928217273895,8.32591914035858e-09
3373,27/5/2018,15:54:0,51.542671,-0.033496,4.33,9.1,515,0.01002530471904024,24.68048780487805,8.458910768373517,5.589142643295597,16.51396384451413,9.892493138360097e-09
3374,27/5/2018,15:54:0,51.542671,-0.033496,4.33,8.8,520,0.10902277424713622,24.68780487804878,7.894171890280219,5.308190732087473,15.801062320187285,9.439997082765634e-09
3375,27/5/2018,15:54:1,51.542664,-0.033485,4.26,8.8,517,0.04962429253027863,24.695121951219512,8.240542456484944,4.7084642970213535,13.771923322347819,8.047743343830373e-09
3376,27/5/2018,15:54:1,51.542664,-0.033485,4.26,8.8,519,0.08922328034151703,24.702439024390245,8.586913022689666,4.108737861955234,11.742784324508353,6.655489604895113e-09
3377,27/5/2018,15:54:2,51.542656,-0.033475,4.57,8.8,521,0.1288222681527554,24.709756097560977,9.593585586175216,3.6477954518022795,10.200530607973183,5.3563759425202235e-09
3378,27/5/2018,15:54:3,51.542645,-0.033464,4.93,8.8,520,0.10902277424713622,24.71707317073171,11.237223070114938,3.320732017865,9.127954169037404,4.1471105036880215e-09
3379,27/5/2018,15:54:3,51.542645,-0.033464,4.93,8.8,521,0.1288222681527554,24.72439024390244,12.88086055405466,2.9936685839277213,8.055377730101624,2.93784506485582e-09
3380,27/5/2018,15:54:4,51.542637,-0.033453,4.76,8.8,519,0.08922328034151703,24.731707317073173,14.638962081838518,2.849501490890437,7.527709638637946,2.26325681421903e-09
3381,27/5/2018,15:54:4,51.542637,-0.033453,4.76,8.8,522,0.1486217620583746,24.739024390243905,16.62367148020544,3.0674197213912504,8.078812802641481,2.6471848888598134e-09
3382,27/5/2018,15:54:5,51.542625,-0.033441,4.61,8.8,519,0.08922328034151703,24.746341463414634,18.608380878571406,3.2853379518919583,8.62991596664475,3.0311129635004102e-09
3383,27/5/2018,15:54:5,51.542625,-0.033441,4.61,8.9,523,0.1684212559639938,24.753658536585366,20.193052162393503,3.593550032598202,9.272090120915353,3.5652239713146546e-09
3384,27/5/2018,15:54:6,51.542622,-0.033428,3.96,8.9,523,0.1684212559639938,24.7609756097561,19.711543361588177,4.368126062827271,10.384642120535053,4.875023530523574e-09
3385,27/5/2018,15:54:6,51.542622,-0.033428,3.96,9.0,527,0.2476192315864706,24.76829268292683,19.23003456078285,5.142702093056339,11.497194120154752,6.184823089732493e-09
3386,27/5/2018,15:54:7,51.542614,-0.033415,4.54,9.0,517,0.04962429253027863,24.775609756097563,18.748525759977525,5.917278123285408,12.609746119774453,7.494622648941412e-09
3387,27/5/2018,15:54:7,51.542614,-0.033415,4.54,8.9,519,0.08922328034151703,24.782926829268295,15.421788852252504,5.952261761946823,14.020455034762497,8.514598250888113e-09
3388,27/5/2018,15:54:8,51.542606,-0.0334,4.8,8.9,516,0.029824798624659435,24.790243902439027,12.06286315383621,5.978878203394374,15.434537074920577,9.531295000543518e-09
3389,27/5/2018,15:54:8,51.542606,-0.0334,4.8,8.9,521,0.1288222681527554,24.79756097560976,8.703937455419917,6.005494644841924,16.84861911507866,1.0547991750198923e-08
3390,27/5/2018,15:54:9,51.542595,-0.033386,4.52,8.9,516,0.029824798624659435,24.804878048780488,7.835586157332104,5.816240724086132,16.9938534541803,9.767492627929928e-09
3391,27/5/2018,15:54:9,51.542595,-0.033386,4.52,8.8,520,0.10902277424713622,24.81219512195122,7.531007818605077,5.578121821452262,16.851868096769834,8.580175530203439e-09
3392,27/5/2018,15:54:10,51.542587,-0.033375,3.94,8.8,516,0.029824798624659435,24.819512195121952,7.22642947987805,5.340002918818392,16.709882739359372,7.39285843247695e-09
3393,27/5/2018,15:54:10,51.542587,-0.033375,3.94,9.1,520,0.10902277424713622,24.826829268292684,9.157089186833142,5.060818217845572,15.483954060044224,6.3019419864712465e-09
3394,27/5/2018,15:54:11,51.54258,-0.033365,5.06,9.1,517,0.04962429253027863,24.834146341463416,12.334050681442744,4.758736457662366,13.653651049138043,5.264775656612126e-09
3395,27/5/2018,15:54:11,51.54258,-0.033365,5.06,9.0,523,0.1684212559639938,24.84146341463415,15.511012176052343,4.456654697479159,11.823348038231861,4.227609326753006e-09
3396,27/5/2018,15:54:12,51.542568,-0.033353,4.94,9.0,522,0.1486217620583746,24.84878048780488,18.34667352677901,4.321377212938902,10.878080401973323,3.6496094839079907e-09
3397,27/5/2018,15:54:12,51.542568,-0.033353,4.94,8.9,526,0.2278197376808514,24.856097560975613,20.795344553070944,4.375234253845279,10.93632868245166,3.592245190047963e-09
3398,27/5/2018,15:54:13,51.542561,-0.033341,4.61,8.9,521,0.1288222681527554,24.86341463414634,23.244015579361687,4.42909129475163,10.994576962929965,3.534880896187963e-09
3399,27/5/2018,15:54:13,51.542561,-0.033341,4.61,8.7,525,0.20802024377523218,24.870731707317074,23.72997261651911,4.6914762180742695,11.603935034260692,3.704873025935694e-09
3400,27/5/2018,15:54:14,51.542549,-0.033329,4.44,8.7,518,0.06942378643589782,24.878048780487806,19.530741421550346,5.451637376842037,13.528845509561261,4.4175869410695316e-09
3401,27/5/2018,15:54:14,51.542549,-0.033329,4.44,8.8,523,0.1684212559639938,24.885365853658538,15.331510226581585,6.211798535609805,15.453755984861832,5.130300856203369e-09
3402,27/5/2018,15:54:15,51.542542,-0.033315,5.07,8.8,515,0.01002530471904024,24.89268292682927,11.277708802234637,7.210449800643698,17.597337349273488,6.260328510036132e-09
3403,27/5/2018,15:54:15,51.542542,-0.033315,5.07,9.0,519,0.08922328034151703,24.900000000000002,8.272048243320295,9.927946012692862,21.316922677507904,1.0398018084578871e-08
3404,27/5/2018,15:54:16,51.542534,-0.0333,4.7,9.0,514,-0.009774189186578956,24.907317073170734,5.266387684405954,12.645442224742027,25.03650800574232,1.453570765912161e-08
3405,27/5/2018,15:54:16,51.542534,-0.0333,4.7,9.0,518,0.06942378643589782,24.914634146341466,2.260727125491613,15.36293843679119,28.756093333976736,1.867339723366435e-08
3406,27/5/2018,15:54:17,51.542526,-0.033285,4.74,9.0,513,-0.029573683092198152,24.921951219512195,1.6154550473524032,21.263571053337042,31.706889006390597,3.051102445000777e-08
3407,27/5/2018,15:54:17,51.542526,-0.033285,4.74,8.7,517,0.04962429253027863,24.929268292682927,1.0984731305038178,27.337211243033316,34.615899968472334,4.276715321813253e-08
3408,27/5/2018,15:54:18,51.542519,-0.033272,4.2,8.7,514,-0.009774189186578956,24.93658536585366,0.5814912136552324,33.41085143272959,37.52491093055407,5.502328198625729e-08
3409,27/5/2018,15:54:18,51.542519,-0.033272,4.2,8.7,517,0.04962429253027863,24.94390243902439,0.4149610052046976,39.355924245884964,37.72588573465775,6.45994262129282e-08
3410,27/5/2018,15:54:19,51.542511,-0.03326,4.37,8.7,513,-0.029573683092198152,24.951219512195124,0.35014176654071943,45.26368318030177,37.14091206927313,7.339776334038349e-08
3411,27/5/2018,15:54:19,51.542511,-0.03326,4.37,8.9,516,0.029824798624659435,24.958536585365856,0.2853225278767413,51.17144211471857,36.55593840388851,8.219610046783878e-08
3412,27/5/2018,15:54:20,51.5425,-0.033248,4.76,8.9,513,-0.029573683092198152,24.965853658536588,0.25998664425867735,52.78353714486798,36.49529753125837,8.627884176480903e-08
3413,27/5/2018,15:54:20,51.5425,-0.033248,4.76,9.0,516,0.029824798624659435,24.97317073170732,0.26079112258683007,51.551643635384195,36.78179658548941,8.723957426446193e-08
3414,27/5/2018,15:54:21,51.542492,-0.033235,4.93,9.0,513,-0.029573683092198152,24.98048780487805,0.26159560091498235,50.31975012590102,37.06829563972031,8.820030676411437e-08
3415,27/5/2018,15:54:21,51.542492,-0.033235,4.93,8.9,517,0.04962429253027863,24.98780487804878,0.29118758513700316,46.398415081184865,37.048613007802636,8.315219729657797e-08
3416,27/5/2018,15:54:22,51.542484,-0.033222,4.33,8.9,514,-0.009774189186578956,24.995121951219513,0.3592103308452987,38.886727799882216,36.62018376910258,7.008240045879399e-08
3417,27/5/2018,15:54:22,51.542484,-0.033222,4.33,8.6,517,0.04962429253027863,25.002439024390245,0.42723307655359427,31.37504051857957,36.19175453040252,5.7012603621010005e-08
3418,27/5/2018,15:54:23,51.542477,-0.033209,4.02,8.6,514,-0.009774189186578956,25.009756097560977,0.5862646424440192,24.757661953614083,35.05517722237818,4.5279539527540214e-08
3419,27/5/2018,15:54:23,51.542477,-0.033209,4.02,8.8,517,0.04962429253027863,25.01707317073171,1.0113593605745823,20.754783781778826,31.84833785403778,3.745439696236951e-08
3420,27/5/2018,15:54:24,51.542473,-0.033192,4.48,8.8,514,-0.009774189186578956,25.02439024390244,1.436454078705145,16.75190560994357,28.641498485697383,2.962925439719882e-08
3421,27/5/2018,15:54:24,51.542473,-0.033192,4.48,9.1,519,0.08922328034151703,25.031707317073174,1.8654096664453172,13.038708511703753,25.645855639561173,2.231604501655906e-08
3422,27/5/2018,15:54:25,51.542469,-0.033173,4.83,9.1,516,0.029824798624659435,25.039024390243902,2.3378877843298027,12.591007152165696,25.030973589173747,2.0773718806977207e-08
3423,27/5/2018,15:54:25,51.542469,-0.033173,4.83,9.4,521,0.1288222681527554,25.046341463414635,2.8103659022145173,12.143305792627421,24.416091538786024,1.9231392597394604e-08
3424,27/5/2018,15:54:26,51.542461,-0.033158,4.57,9.4,515,0.01002530471904024,25.053658536585367,3.2828440200992324,11.695604433089148,23.801209488398296,1.7689066387812e-08
3425,27/5/2018,15:54:26,51.542461,-0.033158,4.57,9.0,519,0.08922328034151703,25.0609756097561,3.2426727800743387,11.033253914244698,23.618911978347487,1.7198532485188754e-08
3426,27/5/2018,15:54:27,51.542458,-0.033143,4.65,9.0,514,-0.009774189186578956,25.06829268292683,3.150613607702426,10.349177627320017,23.480398620206856,1.681445600268042e-08
3427,27/5/2018,15:54:27,51.542458,-0.033143,4.65,8.7,518,0.06942378643589782,25.075609756097563,3.058554435330513,9.665101340395337,23.341885262066224,1.6430379520172085e-08
3428,27/5/2018,15:54:28,51.54245,-0.033128,4.24,8.7,516,0.029824798624659435,25.082926829268295,3.424031861580981,8.95973781632478,22.310762927454572,1.449829901087007e-08
3429,27/5/2018,15:54:28,51.54245,-0.033128,4.24,8.9,520,0.10902277424713622,25.090243902439028,3.954730837333547,8.246687234396013,20.95730957356256,1.200721704744956e-08
3430,27/5/2018,15:54:29,51.542442,-0.033114,4.44,8.9,516,0.029824798624659435,25.097560975609756,4.485429813085855,7.5336366524675915,19.603856219671204,9.516135084030262e-09
3431,27/5/2018,15:54:29,51.542442,-0.033114,4.44,9.0,520,0.10902277424713622,25.10487804878049,5.050743207358171,7.283313515388232,19.144581610217664,8.857509638350796e-09
3432,27/5/2018,15:54:30,51.542435,-0.033099,4.91,9.0,516,0.029824798624659435,25.11219512195122,5.643110477888056,7.394648079616034,19.384177648854997,9.6310923301576e-09
3433,27/5/2018,15:54:30,51.542435,-0.033099,4.91,9.1,522,0.1486217620583746,25.119512195121953,6.235477748417941,7.5059826438438355,19.623773687492335,1.0404675021964403e-08
3434,27/5/2018,15:54:31,51.542427,-0.033084,4.59,9.1,516,0.029824798624659435,25.126829268292685,6.603158959482869,7.753313221687452,19.93631158518514,1.228260841612115e-08
3435,27/5/2018,15:54:31,51.542427,-0.033084,4.59,9.0,520,0.10902277424713622,25.134146341463417,6.61629852800199,8.21523766513114,20.363947529376492,1.5903143522596537e-08
3436,27/5/2018,15:54:32,51.542419,-0.033069,4.22,9.0,516,0.029824798624659435,25.14146341463415,6.6294380965211115,8.677162108574828,20.791583473567844,1.9523678629071928e-08
3437,27/5/2018,15:54:32,51.542419,-0.033069,4.22,9.3,523,0.1684212559639938,25.14878048780488,6.64128364515832,8.91257807871491,20.844510645335788,2.2037024911434882e-08
3438,27/5/2018,15:54:33,51.542416,-0.033053,4.7,9.3,515,0.01002530471904024,25.15609756097561,6.648390837695178,8.318580358030077,19.52535410920834,2.0496140658163713e-08
3439,27/5/2018,15:54:34,51.542408,-0.033036,4.7,9.3,517,0.04962429253027863,25.163414634146342,6.655498030232039,7.724582637344955,18.206197573080253,1.89552564048918e-08
3440,27/5/2018,15:54:35,51.5424,-0.033018,4.98,9.3,520,0.10902277424713622,25.170731707317074,6.656161664462662,7.141767209061251,16.919242954366563,1.7373425610746422e-08
3441,27/5/2018,15:54:36,51.542397,-0.033002,4.83,9.3,519,0.08922328034151703,25.178048780487806,6.506562466574125,6.819721195123464,16.383232314179455,1.4836727504983427e-08
3442,27/5/2018,15:54:36,51.542397,-0.033002,4.83,10.0,521,0.1288222681527554,25.18536585365854,6.356963268685587,6.497675181185679,15.847221673992346,1.230002939922043e-08
3443,27/5/2018,15:54:37,51.542389,-0.032988,4.15,10.0,515,0.01002530471904024,25.19268292682927,6.20736407079705,6.175629167247894,15.311211033805236,9.763331293457434e-09
3444,27/5/2018,15:54:37,51.542389,-0.032988,4.15,10.2,519,0.08922328034151703,25.200000000000003,6.352343935519532,5.631609439615843,14.924193457101804,8.973876614026613e-09
3445,27/5/2018,15:54:38,51.542381,-0.032974,4.32,10.2,516,0.029824798624659435,25.20731707317073,6.542229145151971,5.053752255628367,14.55988823763683,8.450770017877393e-09
3446,27/5/2018,15:54:38,51.542381,-0.032974,4.32,10.0,519,0.08922328034151703,25.214634146341464,6.732114354784502,4.475895071640609,14.195583018171678,7.927663421727919e-09
3447,27/5/2018,15:54:39,51.542374,-0.03296,4.96,10.0,518,0.06942378643589782,25.221951219512196,9.63702937956046,4.149589401007027,13.008230567339071,7.0060727375626315e-09
3448,27/5/2018,15:54:39,51.542374,-0.03296,4.96,10.0,522,0.1486217620583746,25.229268292682928,13.73719593628163,3.9340255461806612,11.458543803023703,5.909055354950006e-09
3449,27/5/2018,15:54:40,51.542362,-0.032945,5.44,10.0,518,0.06942378643589782,25.23658536585366,17.837362493002804,3.718461691354295,9.908857038708335,4.812037972337382e-09
3450,27/5/2018,15:54:40,51.542362,-0.032945,5.44,9.9,523,0.1684212559639938,25.243902439024392,24.529266568766364,3.5481811264376244,8.755854306244766,3.844754249716373e-09
3451,27/5/2018,15:54:41,51.542355,-0.03293,4.98,9.9,526,0.2278197376808514,25.251219512195124,33.60457638969493,3.4195438423461733,7.96764893214954,2.9967757994439104e-09
3452,27/5/2018,15:54:41,51.542355,-0.03293,4.98,9.9,528,0.2674187254920898,25.258536585365857,42.67988621062349,3.2909065582547217,7.179443558054316,2.1487973491714473e-09
3453,27/5/2018,15:54:42,51.542347,-0.032915,4.52,9.9,525,0.20802024377523218,25.265853658536585,50.24007619390438,3.117883004016819,6.559848647501658,1.5019656276585841e-09
3454,27/5/2018,15:54:42,51.542347,-0.032915,4.52,10.0,529,0.287218219397709,25.273170731707317,54.955874172289406,2.861531419351591,6.25679256280672,1.2327542981958972e-09
3455,27/5/2018,15:54:43,51.542343,-0.032897,4.82,10.0,525,0.20802024377523218,25.28048780487805,59.67167215067443,2.6051798346863633,5.953736478111782,9.635429687332105e-10
3456,27/5/2018,15:54:43,51.542343,-0.032897,4.82,10.1,527,0.2476192315864706,25.28780487804878,63.2547949814215,2.412981185504335,5.6754225399854725,7.273129033317959e-10
3457,27/5/2018,15:54:44,51.542336,-0.03288,4.93,10.1,527,0.2476192315864706,25.295121951219514,61.46655988547839,2.5250077850590857,5.514440500040099,6.474861760959673e-10
3458,27/5/2018,15:54:44,51.542336,-0.03288,4.93,10.0,527,0.2476192315864706,25.302439024390246,59.67832478953529,2.637034384613837,5.353458460094725,5.676594488601388e-10
3459,27/5/2018,15:54:45,51.542332,-0.032862,5.09,10.0,528,0.2674187254920898,25.309756097560978,57.885815708918095,2.7489663382994145,5.19292146654876,4.882727115056174e-10
3460,27/5/2018,15:54:45,51.542332,-0.032862,5.09,10.0,526,0.2278197376808514,25.31707317073171,50.44309889179554,2.735776452996237,5.620735812746152,9.905525969675758e-10
3461,27/5/2018,15:54:46,51.542324,-0.032846,4.72,10.0,522,0.1486217620583746,25.32439024390244,43.0003820746766,2.722586567693065,6.048550158943336,1.4928324824292905e-09
3462,27/5/2018,15:54:47,51.54232,-0.032829,4.48,10.0,520,0.10902277424713622,25.33170731707317,35.55766525755405,2.709396682389887,6.476364505140728,1.995112367891249e-09
3463,27/5/2018,15:54:47,51.54232,-0.032829,4.48,10.2,523,0.1684212559639938,25.339024390243903,30.450825657240255,3.0323131507016945,7.933844780368086,2.8091337237600213e-09
3464,27/5/2018,15:54:48,51.542313,-0.032815,4.59,10.2,520,0.10902277424713622,25.346341463414635,25.83139182736153,3.4253618053514643,9.606175867024321,3.688203272430544e-09
3465,27/5/2018,15:54:48,51.542313,-0.032815,4.59,10.3,524,0.18822074986961299,25.353658536585368,21.211957997482806,3.8184104600012336,11.278506953680557,4.567272821101067e-09
3466,27/5/2018,15:54:49,51.542301,-0.032802,4.85,10.3,518,0.06942378643589782,25.3609756097561,17.7191215585457,4.59632093835811,13.11986882607213,5.535797452721553e-09
3467,27/5/2018,15:54:49,51.542301,-0.032802,4.85,10.3,524,0.18822074986961299,25.368292682926832,14.822397331320087,5.5778718962492135,15.050669318100313,6.551655113669906e-09
3468,27/5/2018,15:54:50,51.542294,-0.03279,4.76,10.3,516,0.029824798624659435,25.375609756097564,11.925673104094475,6.559422854140318,16.981469810128495,7.56751277461826e-09
3469,27/5/2018,15:54:50,51.542294,-0.03279,4.76,10.3,520,0.10902277424713622,25.382926829268293,9.347323994470099,7.695537603924354,19.120723352924504,8.797114551045674e-09
3470,27/5/2018,15:54:51,51.542286,-0.032777,4.59,10.3,515,0.01002530471904024,25.390243902439025,7.113088412391643,8.99871155123819,21.4852819232274,1.0257740165406173e-08
3471,27/5/2018,15:54:51,51.542286,-0.032777,4.59,10.4,519,0.08922328034151703,25.397560975609757,4.878852830313186,10.301885498552023,23.8498404935303,1.1718365779766673e-08
3472,27/5/2018,15:54:52,51.542278,-0.032763,4.43,10.4,514,-0.009774189186578956,25.40487804878049,3.174048941400527,11.75210175044646,26.04531688481591,1.332308316990128e-08
3473,27/5/2018,15:54:52,51.542278,-0.032763,4.43,10.7,519,0.08922328034151703,25.41219512195122,2.6633323801327564,13.533959184374199,27.85944306624187,1.525278707990376e-08
3474,27/5/2018,15:54:53,51.542271,-0.032746,4.83,10.7,514,-0.009774189186578956,25.419512195121953,2.152615818864986,15.315816618301938,29.673569247667828,1.7182490989906238e-08
3475,27/5/2018,15:54:53,51.542271,-0.032746,4.83,10.8,518,0.06942378643589782,25.426829268292686,1.7644268486865775,16.551338381721273,30.88961257047723,1.8616035472213156e-08
3476,27/5/2018,15:54:54,51.542267,-0.03273,5.13,10.8,514,-0.009774189186578956,25.434146341463418,2.169552112339094,14.249568176772609,28.23332280869375,1.6837157897244585e-08
3477,27/5/2018,15:54:54,51.542267,-0.03273,5.13,10.8,519,0.08922328034151703,25.441463414634146,2.574677375991414,11.94779797182506,25.577033046911563,1.5058280322276877e-08
3478,27/5/2018,15:54:55,51.542255,-0.032715,4.93,10.8,515,0.01002530471904024,25.44878048780488,2.9798026396439306,9.646027766876395,22.920743285128083,1.3279402747308306e-08
3479,27/5/2018,15:54:55,51.542255,-0.032715,4.93,10.8,519,0.08922328034151703,25.45609756097561,4.180521527634776,8.451861282716715,20.322974716899317,1.1375993701373092e-08
3480,27/5/2018,15:54:56,51.542248,-0.032701,4.46,10.8,518,0.06942378643589782,25.463414634146343,5.41405098222026,7.303372773505164,17.727619583695148,9.467448932882688e-09
3481,27/5/2018,15:54:56,51.542248,-0.032701,4.46,11.0,522,0.1486217620583746,25.470731707317075,6.647580436805745,6.154884264293612,15.132264450490979,7.558904164392284e-09
3482,27/5/2018,15:54:57,51.54224,-0.032688,4.33,11.0,517,0.04962429253027863,25.478048780487807,7.031918987404668,5.579225513235497,14.45769058326236,6.793938954821545e-09
3483,27/5/2018,15:54:57,51.54224,-0.032688,4.33,11.0,520,0.10902277424713622,25.48536585365854,7.186424655998848,5.1586027070943885,14.302974726744214,6.338482696176143e-09
3484,27/5/2018,15:54:58,51.542233,-0.032676,4.76,11.0,517,0.04962429253027863,25.49268292682927,7.340930324593027,4.73797990095328,14.148258870226067,5.883026437530741e-09
3485,27/5/2018,15:54:58,51.542233,-0.032676,4.76,11.0,520,0.10902277424713622,25.5,7.890293504111478,4.400500664983416,13.611666930689553,5.618435510237883e-09
3486,27/5/2018,15:54:59,51.542221,-0.032662,5.28,11.0,516,0.029824798624659435,25.507317073170732,8.688303098491518,4.115377912225279,12.834603133997165,5.474034725082439e-09
3487,27/5/2018,15:54:59,51.542221,-0.032662,5.28,10.9,520,0.10902277424713622,25.514634146341464,9.486312692871559,3.830255159467142,12.057539337304775,5.329633939926995e-09
3488,27/5/2018,15:55:0,51.542217,-0.032646,4.87,10.9,518,0.06942378643589782,25.521951219512196,11.154038062910578,3.767068654436624,11.327696812614183,5.261682409557362e-09
3489,27/5/2018,15:55:0,51.542217,-0.032646,4.87,10.8,522,0.1486217620583746,25.52926829268293,13.92772411882223,3.986103964424764,10.65790249198349,5.290946397893601e-09
3490,27/5/2018,15:55:1,51.54221,-0.03263,4.61,10.8,523,0.1684212559639938,25.53658536585366,16.70141017473388,4.205139274412904,9.988108171352799,5.320210386229839e-09
3491,27/5/2018,15:55:1,51.54221,-0.03263,4.61,10.8,525,0.20802024377523218,25.543902439024393,19.11388528556028,4.240001235831103,9.443615756797461,5.24608716448396e-09
3492,27/5/2018,15:55:2,51.542202,-0.032614,4.8,10.8,518,0.06942378643589782,25.551219512195125,20.53379774275399,3.768777791831007,9.243437361768947,4.887868776223768e-09
3493,27/5/2018,15:55:2,51.542202,-0.032614,4.8,11.2,521,0.1288222681527554,25.558536585365854,21.95371019994701,3.297554347831139,9.04325896674053,4.52965038796375e-09
3494,27/5/2018,15:55:3,51.542198,-0.032597,4.41,11.2,520,0.10902277424713622,25.565853658536586,23.588324865372083,2.880496601196229,8.796821843794351,4.110947823727861e-09
3495,27/5/2018,15:55:3,51.542198,-0.032597,4.41,11.3,524,0.18822074986961299,25.573170731707318,27.30638474562263,2.9890564712258683,8.101495414501974,3.1053138625245347e-09
3496,27/5/2018,15:55:4,51.542194,-0.032581,4.74,11.3,523,0.1684212559639938,25.58048780487805,31.02444462587318,3.0976163412555073,7.406168985209597,2.099679901321208e-09
3497,27/5/2018,15:55:4,51.542194,-0.032581,4.74,11.3,527,0.2476192315864706,25.587804878048782,34.74250450612372,3.206176211285146,6.710842555917219,1.0940459401178816e-09
3498,27/5/2018,15:55:5,51.542187,-0.032566,4.74,11.3,525,0.20802024377523218,25.595121951219515,33.44568072550106,3.262954567529938,6.78858093672142,1.106646679242167e-09
3499,27/5/2018,15:55:5,51.542187,-0.032566,4.74,11.3,525,0.20802024377523218,25.602439024390247,31.712959235942265,3.3152320330760747,6.933514730693305,1.2077531949799805e-09
3500,27/5/2018,15:55:6,51.542179,-0.032553,4.19,11.3,521,0.1288222681527554,25.60975609756098,29.980237746383466,3.3675094986222116,7.07844852466519,1.3088597107177942e-09
3501,27/5/2018,15:55:6,51.542179,-0.032553,4.19,11.0,522,0.1486217620583746,25.617073170731707,25.727443943845316,3.362729485026045,8.162593152835148,1.93883416640163e-09
3502,27/5/2018,15:55:7,51.542175,-0.032536,4.89,11.0,517,0.04962429253027863,25.62439024390244,20.61948893528124,3.3385875894613823,9.565449536040049,2.7482746409861553e-09
3503,27/5/2018,15:55:7,51.542175,-0.032536,4.89,11.0,520,0.10902277424713622,25.63170731707317,15.511533926717169,3.3144456938967197,10.968305919244948,3.55771511557068e-09
3504,27/5/2018,15:55:8,51.542171,-0.032518,4.46,11.0,517,0.04962429253027863,25.639024390243904,13.326420810164473,3.760922272093746,12.536112328708155,5.027086787496578e-09
3505,27/5/2018,15:55:8,51.542171,-0.032518,4.46,11.3,522,0.1486217620583746,25.646341463414636,13.317252488216248,4.5577564324184,14.226717768795504,6.987752175164275e-09
3506,27/5/2018,15:55:9,51.542164,-0.032501,5.0,11.3,518,0.06942378643589782,25.653658536585368,13.308084166268022,5.354590592743055,15.917323208882856,8.948417562831972e-09
3507,27/5/2018,15:55:9,51.542164,-0.032501,5.0,11.2,524,0.18822074986961299,25.6609756097561,14.326952763356523,5.81485763259356,16.85706898238585,9.903590201816317e-09
3508,27/5/2018,15:55:10,51.542156,-0.032488,4.57,11.2,516,0.029824798624659435,25.668292682926833,16.888848418506917,5.769955875362143,16.669815558785498,9.349573346558378e-09
3509,27/5/2018,15:55:10,51.542156,-0.032488,4.57,11.2,526,0.2278197376808514,25.67560975609756,19.450744073656068,5.725054118130748,16.48256213518524,8.795556491300706e-09
3510,27/5/2018,15:55:11,51.542152,-0.032473,4.46,11.2,519,0.08922328034151703,25.682926829268293,22.011986403748853,5.5315077033332845,15.892408424026328,7.916293606683186e-09
3511,27/5/2018,15:55:11,51.542152,-0.032473,4.46,11.2,525,0.20802024377523218,25.690243902439025,24.570997048714936,4.830207808719125,13.925992515646438,5.926026761963626e-09
3512,27/5/2018,15:55:12,51.542145,-0.032457,4.3,11.2,522,0.1486217620583746,25.697560975609758,27.13000769368102,4.128907914104966,11.959576607266548,3.935759917244066e-09
3513,27/5/2018,15:55:12,51.542145,-0.032457,4.3,11.3,525,0.20802024377523218,25.70487804878049,29.646569449364357,3.4486646646721715,10.066201622351082,2.0439211260568288e-09
3514,27/5/2018,15:55:13,51.542141,-0.032442,4.44,11.3,521,0.1288222681527554,25.712195121951222,31.405581796315268,3.1442015446270286,9.476326194636922,1.908644520971429e-09
3515,27/5/2018,15:55:13,51.542141,-0.032442,4.44,11.5,525,0.20802024377523218,25.719512195121954,33.16459414326618,2.839738424581886,8.88645076692276,1.7733679158860293e-09
3516,27/5/2018,15:55:14,51.542133,-0.032427,4.5,11.5,521,0.1288222681527554,25.726829268292683,34.92360649021624,2.535275304536891,8.296575339208886,1.6380913108006954e-09
3517,27/5/2018,15:55:14,51.542133,-0.032427,4.5,11.2,525,0.20802024377523218,25.734146341463415,40.60444327988934,2.857271726420482,8.14185908760344,2.0144565521422107e-09
3518,27/5/2018,15:55:15,51.542126,-0.032413,4.63,11.2,522,0.1486217620583746,25.741463414634147,46.821759233750996,3.264963593462395,8.046669679817077,2.4608109513728214e-09
3519,27/5/2018,15:55:15,51.542126,-0.032413,4.63,11.3,529,0.287218219397709,25.74878048780488,53.03907518761265,3.6726554605043082,7.951480272030713,2.907165350603432e-09
3520,27/5/2018,15:55:16,51.542118,-0.032401,4.33,11.3,532,0.34661670111456655,25.75609756097561,52.94604409613194,3.9784543818844575,8.212474359137957,3.33695008481728e-09
3521,27/5/2018,15:55:16,51.542118,-0.032401,4.33,11.4,530,0.30701771330332817,25.763414634146343,50.2286542056164,4.2418778765906655,8.621598696796946,3.759843796101431e-09
3522,27/5/2018,15:55:17,51.542107,-0.032389,4.91,11.4,520,0.10902277424713622,25.770731707317076,47.51126431510086,4.5053013712968735,9.030723034455935,4.182737507385581e-09
3523,27/5/2018,15:55:17,51.542107,-0.032389,4.91,11.2,523,0.1684212559639938,25.778048780487808,41.28312248590765,4.46280496473105,9.809179495986236,4.449361959830604e-09
3524,27/5/2018,15:55:18,51.542099,-0.032377,4.33,11.2,518,0.06942378643589782,25.785365853658536,31.977470446650642,4.152140474497704,10.911390925674837,4.579001444953047e-09
3525,27/5/2018,15:55:18,51.542099,-0.032377,4.33,10.9,522,0.1486217620583746,25.79268292682927,22.671818407389118,3.841475984264207,12.013602355363975,4.708640930075554e-09
3526,27/5/2018,15:55:19,51.542095,-0.032366,3.76,10.9,517,0.04962429253027863,25.8,16.57911545783282,3.6421405617044553,12.669700794182056,4.769194039688786e-09
3527,27/5/2018,15:55:19,51.542095,-0.032366,3.76,10.7,521,0.1288222681527554,25.807317073170733,16.211082522189436,3.641165635248064,12.530937692915524,4.7066525433167864e-09
3528,27/5/2018,15:55:20,51.542084,-0.032355,4.98,10.7,517,0.04962429253027863,25.814634146341465,15.843049586546051,3.640190708791673,12.39217459164899,4.644111046944787e-09
3529,27/5/2018,15:55:20,51.542084,-0.032355,4.98,10.6,523,0.1684212559639938,25.821951219512197,16.58172273209003,3.6216952272990515,11.971186156804922,4.434537145573395e-09
3530,27/5/2018,15:55:21,51.542076,-0.032343,4.94,10.6,520,0.10902277424713622,25.82926829268293,22.16077405886929,3.5265704457943485,10.315834443343178,3.5818905646608897e-09
3531,27/5/2018,15:55:21,51.542076,-0.032343,4.94,10.4,524,0.18822074986961299,25.83658536585366,27.73982538564855,3.4314456642896456,8.660482729881434,2.7292439837483833e-09
3532,27/5/2018,15:55:22,51.542065,-0.032334,4.61,10.4,526,0.2278197376808514,25.84390243902439,33.260810852777865,3.3369037896678813,7.023323780156553,1.885196562267187e-09
3533,27/5/2018,15:55:22,51.542065,-0.032334,4.61,10.2,526,0.2278197376808514,25.851219512195122,34.267175732407786,3.287682925190262,6.80065221088763,1.7097337865272958e-09
3534,27/5/2018,15:55:23,51.542053,-0.032325,4.2,10.2,526,0.2278197376808514,25.858536585365854,35.27354061203771,3.2384620607126426,6.5779806416187085,1.5342710107874043e-09
3535,27/5/2018,15:55:23,51.542053,-0.032325,4.2,10.2,524,0.18822074986961299,25.865853658536587,36.27990549166764,3.189241196235024,6.355309072349785,1.3588082350475127e-09
3536,27/5/2018,15:55:24,51.542042,-0.032317,4.91,10.2,519,0.08922328034151703,25.87317073170732,33.514429230514914,2.9647290765898044,6.589040893818243,1.5434322596239962e-09
3537,27/5/2018,15:55:24,51.542042,-0.032317,4.91,10.2,522,0.1486217620583746,25.88048780487805,30.026786699072296,2.706655248687553,6.910156865926746,1.7969994161774375e-09
3538,27/5/2018,15:55:25,51.54203,-0.032308,4.82,10.2,521,0.1288222681527554,25.887804878048783,26.539144167629683,2.4485814207853016,7.23127283803525,2.0505665727308786e-09
3539,27/5/2018,15:55:25,51.54203,-0.032308,4.82,10.3,523,0.1684212559639938,25.895121951219515,25.18212711901914,2.6380442976943814,7.85364681382461,2.4363878021378746e-09
3540,27/5/2018,15:55:26,51.542023,-0.032297,4.67,10.3,521,0.1288222681527554,25.902439024390244,24.89405043750277,3.052037507777157,8.62716271654511,2.8885612451668426e-09
3541,27/5/2018,15:55:26,51.542023,-0.032297,4.67,10.2,526,0.2278197376808514,25.909756097560976,24.605973755986263,3.4660307178601335,9.400678619265985,3.34073468819603e-09
3542,27/5/2018,15:55:27,51.542015,-0.032283,4.59,10.2,520,0.10902277424713622,25.917073170731708,23.616534426445057,3.694226339766177,10.202262301247732,3.732773699301946e-09
3543,27/5/2018,15:55:27,51.542015,-0.032283,4.59,10.4,523,0.1684212559639938,25.92439024390244,21.904420324215018,3.730978590429029,11.032766650810446,4.062850989116721e-09
3544,27/5/2018,15:55:28,51.542007,-0.032269,4.94,10.4,518,0.06942378643589782,25.931707317073172,20.192306221984975,3.767730841091881,11.863271000373159,4.392928278931497e-09
3545,27/5/2018,15:55:28,51.542007,-0.032269,4.94,10.3,523,0.1684212559639938,25.939024390243905,19.72368220921392,3.7530468799602423,12.13781163279267,4.570952935008452e-09
3546,27/5/2018,15:55:29,51.542,-0.032255,4.87,10.3,517,0.04962429253027863,25.946341463414637,21.908151215352056,3.6286193385717875,11.226155873923547,4.424560223792936e-09
3547,27/5/2018,15:55:29,51.542,-0.032255,4.87,10.1,522,0.1486217620583746,25.95365853658537,24.092620221490186,3.5041917971833323,10.314500115054424,4.278167512577419e-09
3548,27/5/2018,15:55:30,51.541992,-0.032243,4.46,10.1,522,0.1486217620583746,25.960975609756098,26.95840602895187,3.3921226307074774,9.439238347112783,4.071088192295682e-09
3549,27/5/2018,15:55:31,51.541981,-0.032231,4.54,10.1,526,0.2278197376808514,25.96829268292683,33.818093542100996,3.3524986682053126,8.77731936208408,3.508261955174361e-09
3550,27/5/2018,15:55:31,51.541981,-0.032231,4.54,9.9,529,0.287218219397709,25.975609756097562,40.677781055250115,3.3128747057031473,8.115400377055378,2.94543571805304e-09
3551,27/5/2018,15:55:32,51.541973,-0.032219,4.72,9.9,524,0.18822074986961299,25.982926829268294,47.53746856839924,3.2732507432009825,7.453481392026675,2.3826094809317194e-09
3552,27/5/2018,15:55:32,51.541973,-0.032219,4.72,10.0,527,0.2476192315864706,25.990243902439026,52.215339614124396,3.0989617589661878,7.330132722232933,2.1339001637853143e-09
3553,27/5/2018,15:55:33,51.541962,-0.032207,4.83,10.0,522,0.1486217620583746,25.99756097560976,56.831134724908864,2.9208413538705313,7.222107181743913,1.894127941843417e-09
3554,27/5/2018,15:55:33,51.541962,-0.032207,4.83,10.0,528,0.2674187254920898,26.00487804878049,61.44692983569333,2.742720948774875,7.114081641254892,1.65435571990152e-09
3555,27/5/2018,15:55:34,51.541954,-0.032196,4.5,10.0,529,0.287218219397709,26.012195121951223,62.42793348504279,2.885746072601,7.172652383862414,1.6100731072268303e-09
3556,27/5/2018,15:55:34,51.541954,-0.032196,4.5,9.9,531,0.32681720720894736,26.01951219512195,62.494221402377626,3.109589276552837,7.2731480189046795,1.6149865551623122e-09
3557,27/5/2018,15:55:35,51.541946,-0.032183,4.69,9.9,525,0.20802024377523218,26.026829268292683,62.560509319712494,3.333432480504782,7.373643653946994,1.6199000030977965e-09
3558,27/5/2018,15:55:35,51.541946,-0.032183,4.69,9.7,528,0.2674187254920898,26.034146341463416,56.61237152792824,3.3830182436618697,7.861245597160404,1.690393372301045e-09
3559,27/5/2018,15:55:36,51.541939,-0.03217,4.59,9.7,521,0.1288222681527554,26.041463414634148,47.06400839021092,3.328293789117563,8.58056874031067,1.8001427746072575e-09
3560,27/5/2018,15:55:36,51.541939,-0.03217,4.59,9.8,524,0.18822074986961299,26.04878048780488,37.51564525249361,3.2735693345732564,9.299891883460933,1.9098921769134704e-09
3561,27/5/2018,15:55:37,51.541931,-0.032156,4.98,9.8,518,0.06942378643589782,26.056097560975612,30.681091677669333,3.165722593756909,9.629914109959161,2.1265340031525666e-09
3562,27/5/2018,15:55:37,51.541931,-0.032156,4.98,10.0,522,0.1486217620583746,26.063414634146344,27.13468449399123,2.9935110366751805,9.488245757404865,2.4726904212781643e-09
3563,27/5/2018,15:55:38,51.541924,-0.03214,4.93,10.0,519,0.08922328034151703,26.070731707317076,23.588277310313128,2.8212994795934523,9.34657740485057,2.818846839403762e-09
3564,27/5/2018,15:55:38,51.541924,-0.03214,4.93,10.0,522,0.1486217620583746,26.078048780487805,22.02877654825796,2.713162256145633,9.113224079528743,3.008457818315905e-09
3565,27/5/2018,15:55:39,51.541916,-0.032125,4.8,10.0,522,0.1486217620583746,26.085365853658537,25.61001902782405,2.770805209360916,8.642653289416105,2.7930371863353577e-09
3566,27/5/2018,15:55:39,51.541916,-0.032125,4.8,9.9,526,0.2278197376808514,26.09268292682927,29.191261507390138,2.828448162576199,8.172082499303466,2.57761655435481e-09
3567,27/5/2018,15:55:40,51.541908,-0.032112,4.44,9.9,521,0.1288222681527554,26.1,33.111125603321014,2.8696873776174283,7.694627377602851,2.335120733169805e-09
3568,27/5/2018,15:55:40,51.541908,-0.032112,4.44,10.0,525,0.20802024377523218,26.107317073170734,39.90611556099939,2.7716477942173063,7.158719638488362,1.8627382983387856e-09
3569,27/5/2018,15:55:41,51.541901,-0.032098,4.56,10.0,525,0.20802024377523218,26.114634146341466,46.70110551867776,2.673608210817184,6.6228118993738745,1.3903558635077664e-09
3570,27/5/2018,15:55:41,51.541901,-0.032098,4.56,10.1,528,0.2674187254920898,26.121951219512198,53.49609547635612,2.575568627417062,6.086904160259387,9.179734286767472e-10
3571,27/5/2018,15:55:42,51.541893,-0.032088,4.61,10.1,527,0.2476192315864706,26.12926829268293,57.7865867089588,2.79805408073113,6.589947288551355,1.2029925540941954e-09
3572,27/5/2018,15:55:42,51.541893,-0.032088,4.61,10.0,529,0.287218219397709,26.13658536585366,61.89426781564243,3.0439355221262936,7.168826246580377,1.5432964649308093e-09
3573,27/5/2018,15:55:43,51.541885,-0.032075,4.61,10.0,525,0.20802024377523218,26.14390243902439,66.00194892232805,3.289816963521577,7.747705204609678,1.883600375767589e-09
3574,27/5/2018,15:55:43,51.541885,-0.032075,4.61,9.9,533,0.36641619502018574,26.151219512195123,61.03299693036241,3.446191815250684,8.145349370679009,2.3622378867738763e-09
3575,27/5/2018,15:55:44,51.541874,-0.032063,4.44,9.9,524,0.18822074986961299,26.158536585365855,53.17536756523397,3.5740808113208162,8.485314787692984,2.8849006587348213e-09
3576,27/5/2018,15:55:45,51.54187,-0.032051,3.8,9.9,522,0.1486217620583746,26.165853658536587,45.31773820010554,3.701969807390949,8.825280204706958,3.4075634306957664e-09
3577,27/5/2018,15:55:46,51.541862,-0.032038,4.63,9.9,520,0.10902277424713622,26.17317073170732,37.98043498923763,3.5498176320044026,8.793795673705667,3.592949254755086e-09
3578,27/5/2018,15:55:47,51.541855,-0.032023,5.06,9.9,521,0.1288222681527554,26.18048780487805,31.011970571263138,3.1991552591296433,8.499004850440473,3.539252685365231e-09
3579,27/5/2018,15:55:47,51.541855,-0.032023,5.06,9.6,523,0.1684212559639938,26.187804878048784,24.04350615328865,2.848492886254884,8.204214027175281,3.4855561159753753e-09
3580,27/5/2018,15:55:48,51.541847,-0.032008,4.32,9.6,519,0.08922328034151703,26.195121951219512,19.4124000655805,2.696719881618838,8.298995168261223,3.3893838806894125e-09
3581,27/5/2018,15:55:48,51.541847,-0.032008,4.32,9.4,522,0.1486217620583746,26.202439024390245,18.120009566361777,2.8290432543013733,8.95024639498943,3.232538805461471e-09
3582,27/5/2018,15:55:49,51.541843,-0.031996,3.35,9.4,518,0.06942378643589782,26.209756097560977,16.827619067143054,2.9613666269839087,9.601497621717638,3.0756937302335292e-09
3583,27/5/2018,15:55:49,51.541843,-0.031996,3.35,9.4,522,0.1486217620583746,26.21707317073171,16.028655157538342,3.067871871717328,10.000506234799227,2.9440589196276107e-09
3584,27/5/2018,15:55:50,51.541832,-0.031987,4.2,9.4,519,0.08922328034151703,26.22439024390244,16.80602806370456,3.0918966290649497,9.593682072009365,2.892962671587014e-09
3585,27/5/2018,15:55:51,51.541828,-0.031976,3.8,9.4,522,0.1486217620583746,26.231707317073173,17.583400969870773,3.115921386412571,9.186857909219503,2.841866423546417e-09
3586,27/5/2018,15:55:52,51.541821,-0.031964,4.32,9.4,523,0.1684212559639938,26.239024390243905,18.447483927011987,3.125612674980475,8.782230811605206,2.783344017557562e-09
3587,27/5/2018,15:55:53,51.541813,-0.031952,3.94,9.4,519,0.08922328034151703,26.246341463414634,20.558780059218126,2.9291353486595844,8.409205686341831,2.6180058280576186e-09
3588,27/5/2018,15:55:53,51.541813,-0.031952,3.94,9.57,523,0.1684212559639938,26.253658536585366,22.67007619142529,2.732658022338599,8.036180561078277,2.4526676385575945e-09
3589,27/5/2018,15:55:54,51.541809,-0.031946,2.54,9.57,521,0.1288222681527554,26.2609756097561,24.781372323632457,2.5361806960176128,7.663155435814723,2.287329449057571e-09
3590,27/5/2018,15:55:54,51.541809,-0.031946,2.54,9.4,524,0.18822074986961299,26.26829268292683,31.102601709890706,2.5895010630402036,7.2424749119172676,2.0332381773746454e-09
3591,27/5/2018,15:55:55,51.541805,-0.03194,1.61,9.4,522,0.1486217620583746,26.275609756097563,37.935618505974496,2.6731884945129694,6.816001081675209,1.7683574923439646e-09
3592,27/5/2018,15:55:55,51.541805,-0.03194,1.61,9.4,525,0.20802024377523218,26.282926829268295,44.768635302058286,2.756875925985735,6.38952725143315,1.5034768073132834e-09
3593,27/5/2018,15:55:56,51.541801,-0.031936,2.33,9.4,530,0.30701771330332817,26.290243902439027,51.83684655987966,2.8494489704096355,6.250186394473082,1.3688950599695554e-09
3594,27/5/2018,15:55:56,51.541801,-0.031936,2.33,9.5,528,0.2674187254920898,26.29756097560976,58.997333649458106,2.945508182491056,6.223498844647584,1.285434596534035e-09
3595,27/5/2018,15:55:57,51.541794,-0.031927,3.65,9.5,528,0.2674187254920898,26.304878048780488,66.15782073903307,3.041567394572429,6.1968112948220995,1.2019741330985552e-09
3596,27/5/2018,15:55:57,51.541794,-0.031927,3.65,9.7,530,0.30701771330332817,26.31219512195122,64.8182371338697,3.2740436446092183,6.764830255156292,1.3196567587210373e-09
3597,27/5/2018,15:55:58,51.54179,-0.031911,4.83,9.7,525,0.20802024377523218,26.319512195121952,56.37717937169218,3.6204909549356294,7.829703072896596,1.6053865100798998e-09
3598,27/5/2018,15:55:58,51.54179,-0.031911,4.83,9.8,528,0.2674187254920898,26.326829268292684,47.93612160951466,3.96693826526204,8.894575890636899,1.891116261438762e-09
3599,27/5/2018,15:55:59,51.541782,-0.031895,4.76,9.8,518,0.06942378643589782,26.334146341463416,38.901016706643134,4.588570812046012,10.746530635589066,3.037151084406398e-09
3600,27/5/2018,15:55:59,51.541782,-0.031895,4.76,9.7,521,0.1288222681527554,26.34146341463415,28.86060125798287,5.675901451296099,13.930470180436728,5.6390867977872385e-09
3601,27/5/2018,15:56:0,51.541775,-0.031879,5.17,9.7,515,0.01002530471904024,26.34878048780488,18.820185809322616,6.763232090546186,17.114409725284393,8.24102251116808e-09
3602,27/5/2018,15:56:0,51.541775,-0.031879,5.17,9.5,520,0.10902277424713622,26.356097560975613,10.324354778383242,8.500553653179985,20.411068485684925,1.2681416059456055e-08
3603,27/5/2018,15:56:1,51.541771,-0.031863,4.52,9.5,514,-0.009774189186578956,26.36341463414634,8.083501103152164,12.870090367366448,24.164197046469564,2.4566862137618604e-08
3604,27/5/2018,15:56:1,51.541771,-0.031863,4.52,9.5,524,0.18822074986961299,26.370731707317074,5.842647427919998,17.23962708155503,27.917325607256025,3.6452308215786924e-08
3605,27/5/2018,15:56:2,51.541763,-0.031849,4.61,9.5,513,-0.029573683092198152,26.378048780487806,3.6412870128093613,21.53623783101785,31.60794409244241,4.807773932069147e-08
3606,27/5/2018,15:56:2,51.541763,-0.031849,4.61,9.8,518,0.06942378643589782,26.385365853658538,3.003181286678525,22.946233093303427,32.82423737657934,4.94110439992454e-08
3607,27/5/2018,15:56:3,51.541756,-0.031835,4.87,9.8,513,-0.029573683092198152,26.39268292682927,2.365075560547689,24.356228355589007,34.04053066071627,5.0744348677799324e-08
3608,27/5/2018,15:56:3,51.541756,-0.031835,4.87,9.8,518,0.06942378643589782,26.400000000000002,1.726969834416853,25.766223617874587,35.2568239448532,5.2077653356353256e-08
3609,27/5/2018,15:56:4,51.541744,-0.031819,5.07,9.8,514,-0.009774189186578956,26.407317073170734,1.6369851756522953,24.976399331632088,34.915800158889745,4.9117040417601055e-08
3610,27/5/2018,15:56:4,51.541744,-0.031819,5.07,9.9,520,0.10902277424713622,26.414634146341466,1.6427829942961312,23.802163318210653,34.302639985610746,4.540607852921017e-08
3611,27/5/2018,15:56:5,51.541737,-0.031804,4.94,9.9,513,-0.029573683092198152,26.421951219512195,1.6485808129399642,22.62792730478979,33.689479812332046,4.169511664082108e-08
3612,27/5/2018,15:56:5,51.541737,-0.031804,4.94,9.7,518,0.06942378643589782,26.429268292682927,3.680242773099689,18.68398619615626,28.9446478283905,3.33608738493286e-08
3613,27/5/2018,15:56:6,51.541729,-0.03179,4.48,9.7,514,-0.009774189186578956,26.43658536585366,6.674687178748717,13.42375571243307,22.236258166364788,2.282943846093203e-08
3614,27/5/2018,15:56:6,51.541729,-0.03179,4.48,9.8,519,0.08922328034151703,26.44390243902439,9.669131584397745,8.163525228709883,15.527868504339075,1.2298003072535464e-08
3615,27/5/2018,15:56:7,51.541725,-0.031774,4.52,9.8,521,0.1288222681527554,26.451219512195124,18.395622597420267,5.223167665505531,11.180275674053458,6.059043082485266e-09
3616,27/5/2018,15:56:7,51.541725,-0.031774,4.52,10.1,525,0.20802024377523218,26.458536585365856,32.75281447318065,4.561666390420762,9.151739485793083,4.03666515889262e-09
3617,27/5/2018,15:56:8,51.541721,-0.031757,4.89,10.1,527,0.2476192315864706,26.465853658536588,47.11000634894103,3.9001651153359944,7.123203297532709,2.0142872352999753e-09
3618,27/5/2018,15:56:8,51.541721,-0.031757,4.89,10.2,530,0.30701771330332817,26.47317073170732,60.39927189706913,3.40602552904925,5.810993100017789,7.364348469996107e-10
3619,27/5/2018,15:56:9,51.541714,-0.031739,4.91,10.2,531,0.32681720720894736,26.48048780487805,71.53074109826903,3.250048259168692,5.9461539111971495,9.629319991831568e-10
3620,27/5/2018,15:56:9,51.541714,-0.031739,4.91,10.2,533,0.36641619502018574,26.48780487804878,82.66221029947435,3.094070989288058,6.081314722376576,1.1894291513668128e-09
3621,27/5/2018,15:56:10,51.54171,-0.03172,5.0,10.2,526,0.2278197376808514,26.495121951219513,90.57269537139975,2.989040160412139,6.25813918908132,1.4113146120779021e-09
3622,27/5/2018,15:56:10,51.54171,-0.03172,5.0,10.3,530,0.30701771330332817,26.502439024390245,81.27577529629464,3.1561795801252424,6.657542647720038,1.608563117002653e-09
3623,27/5/2018,15:56:11,51.541702,-0.031702,5.11,10.3,529,0.287218219397709,26.509756097560977,71.97885522118955,3.323318999838346,7.056946106358756,1.8058116219274042e-09
3624,27/5/2018,15:56:11,51.541702,-0.031702,5.11,10.2,528,0.2674187254920898,26.51707317073171,62.68193514608445,3.4904584195514494,7.456349564997474,2.0030601268521554e-09
3625,27/5/2018,15:56:12,51.541698,-0.031687,4.26,10.2,519,0.08922328034151703,26.52439024390244,49.180752767198385,3.71856648509018,8.5735670213989,3.1297601371475135e-09
3626,27/5/2018,15:56:12,51.541698,-0.031687,4.26,10.5,522,0.1486217620583746,26.531707317073174,35.612415837616,3.9476484009077812,9.702250098406331,4.2713062473593895e-09
3627,27/5/2018,15:56:13,51.541691,-0.031673,4.57,10.5,517,0.04962429253027863,26.539024390243902,22.044078908040206,4.176730316725271,10.830933175413215,5.4128523575707105e-09
3628,27/5/2018,15:56:13,51.541691,-0.031673,4.57,10.7,520,0.10902277424713622,26.546341463414635,15.516069726790374,4.969534971274826,12.50742039566292,6.790161768052228e-09
3629,27/5/2018,15:56:14,51.541683,-0.031659,4.94,10.7,517,0.04962429253027863,26.553658536585367,10.63001617811906,5.893811875293556,14.311667307037734,8.222456243529437e-09
3630,27/5/2018,15:56:14,51.541683,-0.031659,4.94,10.7,519,0.08922328034151703,26.5609756097561,5.743962629447745,6.818088779312285,16.11591421841255,9.654750719006646e-09
3631,27/5/2018,15:56:15,51.541672,-0.031643,5.07,10.7,514,-0.009774189186578956,26.56829268292683,3.2746457905526416,10.424255893660678,19.763989225711025,1.8280784048414187e-08
3632,27/5/2018,15:56:15,51.541672,-0.031643,5.07,10.8,516,0.029824798624659435,26.575609756097563,2.1796079722979393,15.555481752227108,24.460558369604904,3.099754200948325e-08
3633,27/5/2018,15:56:16,51.541664,-0.031627,4.87,10.8,513,-0.029573683092198152,26.582926829268295,1.084570154043237,20.686707610793537,29.157127513498782,4.371429997055232e-08
3634,27/5/2018,15:56:16,51.541664,-0.031627,4.87,10.7,516,0.029824798624659435,26.590243902439028,0.4692812991930203,28.511688305037808,31.665399567465617,6.201648923396922e-08
3635,27/5/2018,15:56:17,51.54166,-0.031611,4.33,10.7,514,-0.009774189186578956,26.597560975609756,0.4079696675563809,39.44721000659251,31.64679436287341,8.676830519665248e-08
3636,27/5/2018,15:56:17,51.54166,-0.031611,4.33,10.8,517,0.04962429253027863,26.60487804878049,0.3466580359197117,50.382731708152534,31.6281891582812,1.1152012115934774e-07
3637,27/5/2018,15:56:18,51.541653,-0.031596,4.2,10.8,512,-0.04937317699781735,26.61219512195122,0.3189415285142277,58.61077001168232,31.58231813268974,1.255750459159059e-07
3638,27/5/2018,15:56:18,51.541653,-0.031596,4.2,11.0,516,0.029824798624659435,26.619512195121953,0.373195027813272,60.23271777773688,31.46992020531538,1.1353022364218687e-07
3639,27/5/2018,15:56:19,51.541649,-0.03158,4.69,11.0,512,-0.04937317699781735,26.626829268292685,0.42744852711231635,61.85466554379144,31.35752227794102,1.0148540136846783e-07
3640,27/5/2018,15:56:19,51.541649,-0.03158,4.69,11.0,516,0.029824798624659435,26.634146341463417,0.5012238917577615,62.76836078605124,31.464256814732792,8.937993386471843e-08
3641,27/5/2018,15:56:20,51.541645,-0.031562,5.07,11.0,512,-0.04937317699781735,26.64146341463415,0.7218912303173164,58.35282086538929,33.219850189492156,7.681814226541965e-08
3642,27/5/2018,15:56:20,51.541645,-0.031562,5.07,10.9,518,0.06942378643589782,26.64878048780488,0.9425585688768713,53.93728094472735,34.97544356425152,6.425635066612085e-08
3643,27/5/2018,15:56:21,51.541641,-0.031544,4.85,10.9,512,-0.04937317699781735,26.65609756097561,1.1632259074363192,49.52174102406755,36.73103693901003,5.1694559066828156e-08
3644,27/5/2018,15:56:21,51.541641,-0.031544,4.85,10.9,521,0.1288222681527554,26.663414634146342,1.4254914403598056,46.16469079008831,36.928959388526586,5.388566372040567e-08
3645,27/5/2018,15:56:22,51.541634,-0.031527,4.41,10.9,512,-0.04937317699781735,26.670731707317074,1.6902286148766579,42.87053288054183,37.0343296418126,5.6953341806046274e-08
3646,27/5/2018,15:56:22,51.541634,-0.031527,4.41,11.1,522,0.1486217620583746,26.678048780487806,1.9549657893935104,39.57637497099536,37.13969989509861,6.002101989168688e-08
3647,27/5/2018,15:56:23,51.541626,-0.031513,4.2,11.1,512,-0.04937317699781735,26.68536585365854,1.9496799411093026,34.61417911179008,36.11139372677255,5.952751513430183e-08
3648,27/5/2018,15:56:23,51.541626,-0.031513,4.2,11.3,517,0.04962429253027863,26.69268292682927,1.8639752290597569,29.15520444003202,34.74545349762506,5.797341089570982e-08
3649,27/5/2018,15:56:24,51.541618,-0.031499,4.59,11.3,515,0.01002530471904024,26.700000000000003,1.7782705170102109,23.69622976827396,33.379513268477574,5.64193066571178e-08
3650,27/5/2018,15:56:24,51.541618,-0.031499,4.59,11.5,518,0.06942378643589782,26.707317073170735,1.999238652608948,19.298645386249063,30.814733922463308,4.78708868158786e-08
3651,27/5/2018,15:56:25,51.541611,-0.031484,4.76,11.5,516,0.029824798624659435,26.714634146341464,2.427113912000209,15.617163566791554,27.441117552034346,3.4603517333880494e-08
3652,27/5/2018,15:56:25,51.541611,-0.031484,4.76,11.4,520,0.10902277424713622,26.721951219512196,2.8549891713916775,11.935681747332257,24.067501181603742,2.133614785187594e-08
3653,27/5/2018,15:56:26,51.541603,-0.03147,4.54,11.4,515,0.01002530471904024,26.729268292682928,3.043472798450289,10.189682385220985,22.60944752355706,1.4097191449580214e-08
3654,27/5/2018,15:56:26,51.541603,-0.03147,4.54,11.3,520,0.10902277424713622,26.73658536585366,2.9063906379770605,11.075883924787108,23.75650448256306,1.5056704779650605e-08
3655,27/5/2018,15:56:27,51.541599,-0.031456,4.2,11.3,515,0.01002530471904024,26.743902439024392,2.769308477503832,11.962085464353233,24.903561441569057,1.6016218109720998e-08
3656,27/5/2018,15:56:27,51.541599,-0.031456,4.2,11.2,519,0.08922328034151703,26.751219512195124,2.547534590586919,13.216159260025387,26.326113266696165,1.923334287905038e-08
3657,27/5/2018,15:56:28,51.541595,-0.03144,4.57,11.2,514,-0.009774189186578956,26.758536585365857,2.0721458054611754,15.571850518274847,28.573652435478614,2.9211032338762866e-08
3658,27/5/2018,15:56:28,51.541595,-0.03144,4.57,11.2,517,0.04962429253027863,26.765853658536585,1.5967570203356625,17.927541776523164,30.821191604259973,3.918872179847051e-08
3659,27/5/2018,15:56:29,51.541592,-0.031422,4.82,11.2,513,-0.029573683092198152,26.773170731707317,1.178465766292768,19.933725592076797,32.65548519309787,4.806080603529389e-08
3660,27/5/2018,15:56:29,51.541592,-0.031422,4.82,11.1,518,0.06942378643589782,26.78048780487805,1.4451205334513089,17.747193405472117,29.532455577340595,4.3669971822305614e-08
3661,27/5/2018,15:56:30,51.541584,-0.031404,5.0,11.1,514,-0.009774189186578956,26.78780487804878,1.7117753006098495,15.56066121886744,26.40942596158332,3.927913760931733e-08
3662,27/5/2018,15:56:31,51.54158,-0.031388,4.2,11.1,518,0.06942378643589782,26.795121951219514,1.9784300677683904,13.374129032262761,23.28639634582605,3.4888303396329054e-08
3663,27/5/2018,15:56:31,51.54158,-0.031388,4.2,11.1,520,0.10902277424713622,26.802439024390246,2.0737505232029707,12.336615053313775,21.791656300291848,3.163068225888695e-08
3664,27/5/2018,15:56:32,51.541573,-0.031376,4.46,11.1,516,0.029824798624659435,26.809756097560978,2.1507823236468653,11.42175016529345,20.47072397531931,2.849402313285439e-08
3665,27/5/2018,15:56:32,51.541573,-0.031376,4.46,11.1,518,0.06942378643589782,26.81707317073171,2.2278141240907594,10.506885277273124,19.149791650346767,2.535736400682182e-08
3666,27/5/2018,15:56:33,51.541565,-0.031361,5.44,11.1,514,-0.009774189186578956,26.82439024390244,1.8760975387299827,12.261201692524358,21.75439864076932,2.951634822836887e-08
3667,27/5/2018,15:56:33,51.541565,-0.031361,5.44,11.3,516,0.029824798624659435,26.83170731707317,1.3659304629630589,15.001954676376112,25.80974842166423,3.637154846967362e-08
3668,27/5/2018,15:56:34,51.541553,-0.031348,4.7,11.3,514,-0.009774189186578956,26.839024390243903,0.855763387196135,17.742707660227868,29.865098202559146,4.322674871097838e-08
3669,27/5/2018,15:56:34,51.541553,-0.031348,4.7,11.2,517,0.04962429253027863,26.846341463414635,0.9928678000239228,17.813270407196466,29.932188903919847,4.18576178550313e-08
3670,27/5/2018,15:56:35,51.541542,-0.031337,4.74,11.2,513,-0.029573683092198152,26.853658536585368,1.645258665351849,15.758121024234441,26.82426586072885,3.394117807236119e-08
3671,27/5/2018,15:56:36,51.541534,-0.031325,4.7,11.2,517,0.04962429253027863,26.8609756097561,2.2976495306797755,13.702971641272416,23.716342817537857,2.602473828969107e-08
3672,27/5/2018,15:56:37,51.541527,-0.031312,4.13,11.2,517,0.04962429253027863,26.868292682926832,3.660318875640284,12.362894910370647,21.87393902361261,2.082105269226384e-08
3673,27/5/2018,15:56:38,51.541523,-0.031296,4.52,11.2,518,0.06942378643589782,26.875609756097564,6.16542746287997,12.1729685531883,22.067045094731792,1.9980665328906306e-08
3674,27/5/2018,15:56:38,51.541523,-0.031296,4.52,11.3,527,0.2476192315864706,26.882926829268293,8.67053605011844,11.983042196006043,22.260151165850882,1.9140277965549182e-08
3675,27/5/2018,15:56:39,51.541515,-0.03128,4.87,11.3,515,0.01002530471904024,26.890243902439025,10.535061813209468,11.88292113654562,22.5851789273379,1.831359389831143e-08
3676,27/5/2018,15:56:39,51.541515,-0.03128,4.87,11.3,524,0.18822074986961299,26.897560975609757,9.989446583499195,12.120685236116737,23.40655136403178,1.753846737284615e-08
3677,27/5/2018,15:56:40,51.541508,-0.031263,4.74,11.3,516,0.029824798624659435,26.90487804878049,9.443831353788921,12.358449335687851,24.227923800725666,1.676334084738087e-08
3678,27/5/2018,15:56:40,51.541508,-0.031263,4.74,11.3,523,0.1684212559639938,26.91219512195122,8.839448860822957,12.731286225701998,25.08528528521292,1.616549306746257e-08
3679,27/5/2018,15:56:41,51.5415,-0.031248,4.91,11.3,514,-0.009774189186578956,26.919512195121953,6.68744748882969,16.661225981354427,26.890407933273632,2.0236229772499157e-08
3680,27/5/2018,15:56:41,51.5415,-0.031248,4.91,11.1,518,0.06942378643589782,26.926829268292686,4.535446116836424,20.591165737006857,28.695530581334342,2.4306966477535745e-08
3681,27/5/2018,15:56:42,51.541492,-0.031234,4.67,11.1,512,-0.04937317699781735,26.934146341463418,2.3834447448431577,24.521105492659288,30.500653229395056,2.8377703182572333e-08
3682,27/5/2018,15:56:42,51.541492,-0.031234,4.67,11.1,515,0.01002530471904024,26.941463414634146,1.6947028047871433,27.80808143009108,31.819062052744975,3.571689908669703e-08
3683,27/5/2018,15:56:43,51.541485,-0.031221,4.76,11.1,511,-0.06917267090343654,26.94878048780488,1.237878515501512,30.99315154344613,33.06032971823879,4.357412573954215e-08
3684,27/5/2018,15:56:43,51.541485,-0.031221,4.76,11.2,515,0.01002530471904024,26.95609756097561,0.7810542262158804,34.178221656801185,34.30159738373261,5.1431352392387264e-08
3685,27/5/2018,15:56:44,51.541477,-0.031206,4.91,11.2,511,-0.06917267090343654,26.963414634146343,0.6130152057583653,37.48346574279474,34.275498459428235,6.388244679789752e-08
3686,27/5/2018,15:56:44,51.541477,-0.031206,4.91,11.2,516,0.029824798624659435,26.970731707317075,0.574844116844769,40.842752562045824,33.67945953024457,7.839942255963452e-08
3687,27/5/2018,15:56:45,51.541466,-0.031193,4.69,11.2,514,-0.009774189186578956,26.978048780487807,0.5366730279311726,44.202039381296906,33.083420601060915,9.291639832137151e-08
3688,27/5/2018,15:56:45,51.541466,-0.031193,4.69,11.2,518,0.06942378643589782,26.98536585365854,0.5195949078741974,47.08934609522299,32.81552751986238,9.95407661067071e-08
3689,27/5/2018,15:56:46,51.541458,-0.03118,4.78,11.2,512,-0.04937317699781735,26.99268292682927,0.522269834471845,49.5346550465813,32.854934956141086,9.877390060268201e-08
3690,27/5/2018,15:56:46,51.541458,-0.03118,4.78,11.0,516,0.029824798624659435,27.0,0.5249447610694914,51.97996399793841,32.89434239241978,9.800703509865731e-08
3691,27/5/2018,15:56:47,51.541451,-0.031166,4.24,11.0,511,-0.06917267090343654,27.007317073170732,0.5420246068927691,51.535932002810426,32.74900264276799,9.571490071764581e-08
3692,27/5/2018,15:56:47,51.541451,-0.031166,4.24,11.0,516,0.029824798624659435,27.014634146341464,0.5866953645514857,45.55771060555197,32.24980160177453,9.050129496625727e-08
3693,27/5/2018,15:56:48,51.541447,-0.031151,4.56,11.0,512,-0.04937317699781735,27.021951219512196,0.6313661222102025,39.57948920829351,31.75060056078107,8.528768921486874e-08
3694,27/5/2018,15:56:48,51.541447,-0.031151,4.56,11.0,515,0.01002530471904024,27.02926829268293,0.854026199733361,33.21645104168824,30.50472319164508,7.736028494906035e-08
3695,27/5/2018,15:56:49,51.541439,-0.031134,4.93,11.0,515,0.01002530471904024,27.03658536585366,1.9480724929546993,24.96945698023659,25.603326151850954,5.614687779583892e-08
3696,27/5/2018,15:56:49,51.541439,-0.031134,4.93,11.0,520,0.10902277424713622,27.043902439024393,3.042118786176038,16.722462918784938,20.701929112056828,3.4933470642617484e-08
3697,27/5/2018,15:56:50,51.541435,-0.031117,4.93,11.0,517,0.04962429253027863,27.051219512195125,4.136165079397376,8.475468857333286,15.800532072262701,1.372006348939606e-08
3698,27/5/2018,15:56:50,51.541435,-0.031117,4.93,11.0,521,0.1288222681527554,27.058536585365854,5.227896874543527,7.0376144772967155,13.85468665105269,1.0631077490467644e-08
3699,27/5/2018,15:56:51,51.541431,-0.031102,4.15,11.0,519,0.08922328034151703,27.065853658536586,6.3196198893485,5.6255914314029045,11.920053489394327,7.610848779667872e-09
3700,27/5/2018,15:56:51,51.541431,-0.031102,4.15,11.4,519,0.08922328034151703,27.073170731707318,7.411342904153473,4.213568385509094,9.985420327735962,4.590620068868099e-09
3701,27/5/2018,15:56:52,51.541424,-0.031088,4.57,11.4,518,0.06942378643589782,27.08048780487805,6.896931165851876,3.9889704763130998,10.12940357596043,4.291212120527254e-09
3702,27/5/2018,15:56:52,51.541424,-0.031088,4.57,11.4,519,0.08922328034151703,27.087804878048782,6.036682585617513,4.020051835941137,10.720959565757845,4.577657917106565e-09
3703,27/5/2018,15:56:53,51.541412,-0.031075,4.74,11.4,516,0.029824798624659435,27.095121951219515,5.17643400538315,4.051133195569175,11.312515555555262,4.864103713685877e-09
3704,27/5/2018,15:56:53,51.541412,-0.031075,4.74,11.5,519,0.08922328034151703,27.102439024390247,4.306778383327329,5.07088965947419,13.14889297478779,9.398781106040988e-09
3705,27/5/2018,15:56:54,51.541405,-0.03106,5.09,11.5,516,0.029824798624659435,27.10975609756098,3.4320447980536493,6.624337363326573,15.657230565075825,1.6226672900301372e-08
3706,27/5/2018,15:56:54,51.541405,-0.03106,5.09,11.3,517,0.04962429253027863,27.117073170731707,2.5573112127803945,8.1777850671782,18.165568155362642,2.3054564694558444e-08
3707,27/5/2018,15:56:55,51.541401,-0.031046,4.41,11.3,514,-0.009774189186578956,27.12439024390244,2.070604137082522,10.273690994165777,20.610083318197525,3.12651368796907e-08
3708,27/5/2018,15:56:56,51.541393,-0.031031,4.48,11.3,515,0.01002530471904024,27.13170731707317,2.010984988406118,12.966662720260304,22.98435124903724,4.0997579574433924e-08
3709,27/5/2018,15:56:56,51.541393,-0.031031,4.48,11.3,521,0.1288222681527554,27.139024390243904,1.9513658397297138,15.65963444635483,25.358619179876953,5.073002226917714e-08
3710,27/5/2018,15:56:57,51.541389,-0.031015,4.7,11.3,514,-0.009774189186578956,27.146341463414636,2.0054329391910417,17.029228315944067,26.890191187855642,5.4369006131890406e-08
3711,27/5/2018,15:56:57,51.541389,-0.031015,4.7,11.5,518,0.06942378643589782,27.153658536585368,2.3214554146058295,15.34950048121128,26.480026786167002,4.396746772081466e-08
3712,27/5/2018,15:56:58,51.541382,-0.030999,4.59,11.5,515,0.01002530471904024,27.1609756097561,2.637477890020617,13.669772646478492,26.069862384478366,3.356592930973891e-08
3713,27/5/2018,15:56:58,51.541382,-0.030999,4.59,11.5,520,0.10902277424713622,27.168292682926833,2.9299983754982,12.133296189685296,25.602116909513978,2.415277365464299e-08
3714,27/5/2018,15:56:59,51.541378,-0.030983,4.46,11.5,515,0.01002530471904024,27.17560975609756,3.0641896656101153,11.561881647427727,24.746456835641737,2.1398196566114547e-08
3715,27/5/2018,15:56:59,51.541378,-0.030983,4.46,11.5,520,0.10902277424713622,27.182926829268293,3.198380955722096,10.99046710516988,23.890796761769078,1.864361947758477e-08
3716,27/5/2018,15:57:0,51.54137,-0.030968,4.78,11.5,516,0.029824798624659435,27.190243902439025,3.332572245834076,10.419052562912032,23.03513668789642,1.588904238905499e-08
3717,27/5/2018,15:57:0,51.54137,-0.030968,4.78,11.4,519,0.08922328034151703,27.197560975609758,3.0197960794448693,10.825520254079201,23.62601719704876,2.1817077247865115e-08
3718,27/5/2018,15:57:1,51.541363,-0.030954,4.59,11.4,514,-0.009774189186578956,27.20487804878049,2.6863786830543375,11.277147143753433,24.283699833394422,2.8146080426875123e-08
3719,27/5/2018,15:57:1,51.541363,-0.030954,4.59,11.6,518,0.06942378643589782,27.212195121951222,2.3529612866638057,11.728774033427667,24.941382469740088,3.4475083605885135e-08
3720,27/5/2018,15:57:2,51.541355,-0.03094,4.8,11.6,514,-0.009774189186578956,27.219512195121954,2.370120615403152,12.24778047610425,24.631595709112624,3.711854708829269e-08
3721,27/5/2018,15:57:3,51.541344,-0.030926,5.33,11.6,517,0.04962429253027863,27.226829268292686,2.4847451503752684,12.785519371788979,24.052838998283967,3.873737926787962e-08
3722,27/5/2018,15:57:3,51.541344,-0.030926,5.33,11.2,521,0.1288222681527554,27.234146341463415,2.599369685347329,13.323258267473449,23.47408228745559,4.035621144746576e-08
3723,27/5/2018,15:57:4,51.541336,-0.030911,4.94,11.2,515,0.01002530471904024,27.241463414634147,2.6534267204086808,13.43250955371609,23.8033590392024,3.8561183115189406e-08
3724,27/5/2018,15:57:4,51.541336,-0.030911,4.94,10.8,519,0.08922328034151703,27.24878048780488,2.6686087108512506,13.266737519527837,24.71545399254208,3.4574979979321805e-08
3725,27/5/2018,15:57:5,51.541328,-0.030895,4.61,10.8,513,-0.029573683092198152,27.25609756097561,2.6837907012938205,13.100965485339586,25.627548945881763,3.05887768434542e-08
3726,27/5/2018,15:57:5,51.541328,-0.030895,4.61,11.1,518,0.06942378643589782,27.263414634146343,2.9452840561139157,12.240037497774345,25.060380251476275,2.5942855436720082e-08
3727,27/5/2018,15:57:6,51.541325,-0.030878,4.44,11.1,516,0.029824798624659435,27.270731707317076,3.525819854799655,10.47868717365295,22.577149379059133,2.044241345221243e-08
3728,27/5/2018,15:57:6,51.541325,-0.030878,4.44,11.4,520,0.10902277424713622,27.278048780487808,4.1063556534853936,8.717336849531554,20.09391850664199,1.4941971467704776e-08
3729,27/5/2018,15:57:7,51.541321,-0.030863,4.13,11.4,517,0.04962429253027863,27.28536585365854,4.707888742750161,7.285630224870326,18.11008270843022,1.0675798988060236e-08
3730,27/5/2018,15:57:7,51.541321,-0.030863,4.13,11.2,521,0.1288222681527554,27.29268292682927,5.3684804937007105,6.781105878803789,17.530885505098144,9.881231801624183e-09
3731,27/5/2018,15:57:8,51.541313,-0.030848,4.37,11.2,516,0.029824798624659435,27.3,6.02907224465158,6.276581532737006,16.951688301765785,9.086664615187744e-09
3732,27/5/2018,15:57:8,51.541313,-0.030848,4.37,11.3,520,0.10902277424713622,27.307317073170733,6.5945974472092725,5.853140338543316,16.474283325967953,8.361952499665952e-09
3733,27/5/2018,15:57:9,51.541309,-0.030833,4.43,11.3,517,0.04962429253027863,27.314634146341465,6.185690528735865,6.26080145104971,17.0402486824001,8.35325486102006e-09
3734,27/5/2018,15:57:9,51.541309,-0.030833,4.43,11.1,521,0.1288222681527554,27.321951219512197,5.776783610262457,6.668462563556104,17.606214038832253,8.34455722237417e-09
3735,27/5/2018,15:57:10,51.541302,-0.030819,4.67,11.1,516,0.029824798624659435,27.32926829268293,5.367876691789048,7.076123676062498,18.172179395264404,8.335859583728278e-09
3736,27/5/2018,15:57:10,51.541302,-0.030819,4.67,11.1,519,0.08922328034151703,27.33658536585366,4.891979197448883,7.6096804917022265,19.61931282144016,9.759018091605492e-09
3737,27/5/2018,15:57:11,51.541294,-0.030805,4.57,11.1,514,-0.009774189186578956,27.34390243902439,4.40989812782669,8.154858129344872,21.147782600155605,1.1314344298607354e-08
3738,27/5/2018,15:57:11,51.541294,-0.030805,4.57,11.1,519,0.08922328034151703,27.351219512195122,3.927817058204263,8.700035766987781,22.676252378871794,1.2869670505609972e-08
3739,27/5/2018,15:57:12,51.541286,-0.030788,5.19,11.1,515,0.01002530471904024,27.358536585365854,5.169262590966029,8.038606093944534,20.778815694504452,1.2114363046755767e-08
3740,27/5/2018,15:57:12,51.541286,-0.030788,5.19,11.1,520,0.10902277424713622,27.365853658536587,7.0096766272243825,6.957850270559321,17.69079102357871,1.0556052729081406e-08
3741,27/5/2018,15:57:13,51.541279,-0.030776,3.57,11.1,517,0.04962429253027863,27.37317073170732,8.850090663482737,5.877094447174108,14.602766352652974,8.997742411407045e-09
3742,27/5/2018,15:57:14,51.541275,-0.03077,1.48,11.1,522,0.1486217620583746,27.38048780487805,11.592347534055833,5.057654652366136,12.2306408819948,7.287029124867216e-09
3743,27/5/2018,15:57:14,51.541275,-0.03077,1.48,11.1,524,0.18822074986961299,27.387804878048783,15.018537845963138,4.436389931861904,10.40143418283127,5.4607375102643675e-09
3744,27/5/2018,15:57:15,51.541275,-0.03077,0.46,11.1,522,0.1486217620583746,27.395121951219515,18.444728157870447,3.815125211357673,8.572227483667742,3.634445895661519e-09
3745,27/5/2018,15:57:16,51.541271,-0.030768,2.11,11.1,520,0.10902277424713622,27.402439024390244,20.719628982155058,3.4882797332328446,7.70284137055316,2.6946083571708564e-09
3746,27/5/2018,15:57:17,51.541264,-0.03076,3.39,11.1,522,0.1486217620583746,27.409756097560976,21.23347514086386,3.6117887367584425,8.301632062100422,3.110723516364181e-09
3747,27/5/2018,15:57:18,51.541256,-0.03075,4.94,11.1,522,0.1486217620583746,27.417073170731708,21.74732129957266,3.73529774028404,8.900422753647687,3.526838675557506e-09
3748,27/5/2018,15:57:18,51.541256,-0.03075,4.94,10.6,526,0.2278197376808514,27.42439024390244,21.583710598508688,3.9034648297129437,9.567045668321777,4.0351711976888725e-09
3749,27/5/2018,15:57:19,51.541245,-0.030738,4.87,10.6,518,0.06942378643589782,27.431707317073172,19.04484754237389,4.228209009158118,10.471497229067483,4.866829855406898e-09
3750,27/5/2018,15:57:20,51.541233,-0.030725,5.02,10.6,519,0.08922328034151703,27.439024390243905,16.505984486239093,4.552953188603293,11.375948789813188,5.698488513124922e-09
3751,27/5/2018,15:57:20,51.541233,-0.030725,5.02,10.4,522,0.1486217620583746,27.446341463414637,13.989577685232485,4.883453869119933,12.286309821956008,6.517883651120818e-09
3752,27/5/2018,15:57:21,51.541229,-0.03071,4.54,10.4,517,0.04962429253027863,27.45365853658537,11.913481381970968,5.326825009897129,13.312540676445469,7.096822112697014e-09
3753,27/5/2018,15:57:22,51.541222,-0.030693,4.06,10.4,517,0.04962429253027863,27.460975609756098,9.837385078710462,5.770196150674109,14.338771530934432,7.675760574272928e-09
3754,27/5/2018,15:57:22,51.541222,-0.030693,4.06,11.0,522,0.1486217620583746,27.46829268292683,7.7612887754489455,6.213567291451304,15.365002385423892,8.254699035849124e-09
3755,27/5/2018,15:57:23,51.541218,-0.030678,4.78,11.0,516,0.029824798624659435,27.475609756097562,6.918877461720578,6.718695946116118,16.22380953625114,9.002830652042386e-09
3756,27/5/2018,15:57:24,51.54121,-0.030661,4.98,11.0,517,0.04962429253027863,27.482926829268294,6.2524937523027075,7.232636434685082,17.05872793613265,9.775103492231776e-09
3757,27/5/2018,15:57:24,51.54121,-0.030661,4.98,11.2,521,0.1288222681527554,27.490243902439026,5.586110042884837,7.746576923254046,17.893646336014164,1.0547376332421165e-08
3758,27/5/2018,15:57:25,51.541203,-0.030645,4.59,11.2,515,0.01002530471904024,27.49756097560976,5.402007273648216,7.702132494744222,17.92644533876643,1.0739057105724043e-08
3759,27/5/2018,15:57:26,51.541195,-0.03063,4.94,11.2,518,0.06942378643589782,27.50487804878049,5.4228894882494805,7.420356433017259,17.618317678327738,1.0683967489547279e-08
3760,27/5/2018,15:57:26,51.541195,-0.03063,4.94,11.0,520,0.10902277424713622,27.512195121951223,5.443771702850745,7.1385803712902955,17.31019001788905,1.0628877873370515e-08
3761,27/5/2018,15:57:27,51.541187,-0.030616,4.61,11.0,515,0.01002530471904024,27.51951219512195,6.356327486792242,6.735691156179322,16.53558939281048,1.0305933828262131e-08
3762,27/5/2018,15:57:28,51.54118,-0.030603,4.74,11.0,519,0.08922328034151703,27.526829268292683,8.06488371031686,6.224683761223082,15.344566550370489,9.743875099815478e-09
3763,27/5/2018,15:57:28,51.54118,-0.030603,4.74,11.0,522,0.1486217620583746,27.534146341463416,9.773439933841477,5.713676366266841,14.1535437079305,9.181816371368827e-09
3764,27/5/2018,15:57:29,51.541172,-0.03059,4.82,11.0,517,0.04962429253027863,27.541463414634148,11.55127673196401,5.318040269865765,13.043027394970576,8.46430596319225e-09
3765,27/5/2018,15:57:30,51.541164,-0.030578,4.46,11.0,523,0.1684212559639938,27.54878048780488,13.455016516376574,5.13206743195462,12.078814898574132,7.46429456804511e-09
3766,27/5/2018,15:57:30,51.541164,-0.030578,4.46,10.8,524,0.18822074986961299,27.556097560975612,15.358756300789137,4.946094594043475,11.114602402177688,6.464283172897971e-09
3767,27/5/2018,15:57:31,51.541157,-0.030565,4.78,10.8,521,0.1288222681527554,27.563414634146344,16.587818000874222,4.769807757503714,10.429465891295287,5.769895803160903e-09
3768,27/5/2018,15:57:32,51.541149,-0.030552,4.37,10.8,518,0.06942378643589782,27.570731707317076,14.775491567282646,4.637184544131834,11.002378827183623,6.453234056711629e-09
3769,27/5/2018,15:57:32,51.541149,-0.030552,4.37,10.5,522,0.1486217620583746,27.578048780487805,12.963165133691952,4.504561330760018,11.575291763071679,7.1365723102620215e-09
3770,27/5/2018,15:57:33,51.541142,-0.030537,4.48,10.5,516,0.029824798624659435,27.585365853658537,11.1532747268949,4.375915944985358,12.145178225660148,7.816705502215517e-09
3771,27/5/2018,15:57:34,51.541134,-0.030524,4.48,10.5,518,0.06942378643589782,27.59268292682927,9.639361575631803,4.7305766122715935,12.34734818231579,8.10742371010676e-09
3772,27/5/2018,15:57:34,51.541134,-0.030524,4.48,10.5,520,0.10902277424713622,27.6,8.125448424368706,5.085237279557829,12.549518138971429,8.398141917998e-09
3773,27/5/2018,15:57:35,51.541126,-0.030513,4.09,10.5,520,0.10902277424713622,27.607317073170734,6.611535273105609,5.439897946844063,12.751688095627069,8.688860125889242e-09
3774,27/5/2018,15:57:36,51.541119,-0.030503,4.69,10.5,516,0.029824798624659435,27.614634146341466,5.398779954942567,6.66727784498717,14.637626323598004,1.3779452336106765e-08
3775,27/5/2018,15:57:36,51.541119,-0.030503,4.69,10.9,519,0.08922328034151703,27.621951219512198,4.2456344722698205,8.067399887158498,16.856842117766394,1.982011015380846e-08
3776,27/5/2018,15:57:37,51.541107,-0.030492,4.93,10.9,514,-0.009774189186578956,27.62926829268293,3.092488989597074,9.467521929329825,19.076057911934786,2.586076797151016e-08
3777,27/5/2018,15:57:38,51.5411,-0.030483,4.35,10.9,515,0.01002530471904024,27.63658536585366,2.4561064568030684,11.46071891953231,21.012770941590713,2.8753912786521607e-08
3778,27/5/2018,15:57:38,51.5411,-0.030483,4.35,11.0,519,0.08922328034151703,27.64390243902439,2.084306554346371,13.757570283128052,22.804842555817764,3.003553094415862e-08
3779,27/5/2018,15:57:39,51.541088,-0.030471,4.2,11.0,514,-0.009774189186578956,27.651219512195123,1.7125066518896737,16.054421646723796,24.596914170044812,3.131714910179563e-08
3780,27/5/2018,15:57:40,51.541084,-0.030457,4.26,11.0,515,0.01002530471904024,27.658536585365855,1.64343010443382,16.486280926317736,25.062014338800388,3.0749679465980844e-08
3781,27/5/2018,15:57:40,51.541084,-0.030457,4.26,11.1,520,0.10902277424713622,27.665853658536587,1.8919880066022408,14.961285128925997,24.134781085682103,2.8242042433506522e-08
3782,27/5/2018,15:57:41,51.541077,-0.030441,4.94,11.1,515,0.01002530471904024,27.67317073170732,2.1405459087706618,13.436289331534258,23.207547832563822,2.57344054010322e-08
3783,27/5/2018,15:57:42,51.541069,-0.030428,4.32,11.1,517,0.04962429253027863,27.68048780487805,2.4488387920260037,12.02179643421652,22.196499510961836,2.3562578956821426e-08
3784,27/5/2018,15:57:42,51.541069,-0.030428,4.32,10.8,519,0.08922328034151703,27.687804878048784,2.8872798753041318,10.84806285882779,21.00283825302916,2.2122403260896617e-08
3785,27/5/2018,15:57:43,51.541065,-0.030415,3.09,10.8,514,-0.009774189186578956,27.695121951219512,3.325720958582047,9.674329283439628,19.80917699509707,2.0682227564972507e-08
3786,27/5/2018,15:57:44,51.541065,-0.030409,0.89,10.8,519,0.08922328034151703,27.702439024390245,3.7969444158782064,8.537784495821086,18.539070384034684,1.8901469833912465e-08
3787,27/5/2018,15:57:44,51.541065,-0.030409,0.89,10.9,520,0.10902277424713622,27.709756097560977,4.467564732699549,7.627438319896912,16.803989414160633,1.5049141929828734e-08
3788,27/5/2018,15:57:45,51.541061,-0.030407,0.46,10.9,516,0.029824798624659435,27.71707317073171,5.138185049520892,6.717092143972739,15.06890844428658,1.1196814025745003e-08
3789,27/5/2018,15:57:46,51.541061,-0.030407,0.2,10.9,518,0.06942378643589782,27.72439024390244,5.808805366342235,5.806745968048565,13.333827474412528,7.344486121661272e-09
3790,27/5/2018,15:57:46,51.541061,-0.030407,0.2,11.3,521,0.1288222681527554,27.731707317073173,5.9807475493176625,5.454362687594047,12.889748411849661,7.6801470967954e-09
3791,27/5/2018,15:57:47,51.541061,-0.030408,0.09,11.3,518,0.06942378643589782,27.739024390243905,6.1360982854783295,5.1205433085350025,12.488622083784524,8.15514603370152e-09
3792,27/5/2018,15:57:48,51.541065,-0.030408,0.11,11.3,517,0.04962429253027863,27.746341463414637,6.291449021638997,4.786723929475958,12.087495755719388,8.630144970607638e-09
3793,27/5/2018,15:57:48,51.541065,-0.030408,0.11,11.5,520,0.10902277424713622,27.753658536585366,6.457567494294477,4.511122822660995,12.242794301938016,8.938826113584432e-09
3794,27/5/2018,15:57:49,51.541065,-0.030408,0.06,11.5,516,0.029824798624659435,27.7609756097561,6.626472669449182,4.250588671174439,12.542096240929942,9.204464021596036e-09
3795,27/5/2018,15:57:49,51.541065,-0.030408,0.06,11.8,519,0.08922328034151703,27.76829268292683,6.795377844603887,3.990054519687883,12.841398179921867,9.470101929607642e-09
3796,27/5/2018,15:57:50,51.541065,-0.030407,0.15,11.8,517,0.04962429253027863,27.775609756097563,9.00678306172955,4.168351195998822,13.038650997062659,8.791186172576331e-09
3797,27/5/2018,15:57:51,51.541065,-0.030407,0.07,11.8,519,0.08922328034151703,27.782926829268295,12.464670169122774,4.614454319556081,13.173626027328888,7.535835157935077e-09
3798,27/5/2018,15:57:51,51.541065,-0.030407,0.07,12.0,524,0.18822074986961299,27.790243902439027,15.922557276515999,5.060557443113341,13.30860105759512,6.280484143293824e-09
3799,27/5/2018,15:57:52,51.541065,-0.030406,0.04,12.0,519,0.08922328034151703,27.79756097560976,18.819783781724272,5.464715589494008,13.454898623410088,5.596073066891796e-09
3800,27/5/2018,15:57:52,51.541065,-0.030406,0.04,12.0,529,0.287218219397709,27.80487804878049,21.02513124593966,5.817111849146212,13.615168679902201,5.616226169592164e-09
3801,27/5/2018,15:57:53,51.541065,-0.030406,0.04,12.0,522,0.1486217620583746,27.81219512195122,23.230478710153974,6.1695081087982455,13.775438736394234,5.636379272292522e-09
3802,27/5/2018,15:57:53,51.541065,-0.030406,0.04,12.0,525,0.20802024377523218,27.819512195121952,23.29819221508449,6.643865060888963,14.198091141256384,6.468816813594776e-09
3803,27/5/2018,15:57:54,51.541065,-0.030405,0.26,12.0,516,0.029824798624659435,27.826829268292684,17.708364022918303,7.441007726539598,15.315174447179935,9.451076620459447e-09
3804,27/5/2018,15:57:54,51.541065,-0.030405,0.26,12.0,519,0.08922328034151703,27.834146341463416,12.118535830752116,8.238150392190233,16.432257753103485,1.2433336427324116e-08
3805,27/5/2018,15:57:55,51.541065,-0.030405,0.24,12.0,514,-0.009774189186578956,27.84146341463415,6.8850879446660604,9.74936757793691,17.77030728741839,1.7278218521165268e-08
3806,27/5/2018,15:57:56,51.541065,-0.030405,0.13,12.0,514,-0.009774189186578956,27.84878048780488,4.8296761313820475,17.62837373747655,21.078832273709704,3.8733111653846734e-08
3807,27/5/2018,15:57:56,51.541065,-0.030405,0.13,11.9,518,0.06942378643589782,27.856097560975613,2.7742643180980346,25.507379897016193,24.387357260001018,6.01880047865282e-08
3808,27/5/2018,15:57:57,51.541065,-0.030405,0.2,11.9,513,-0.029573683092198152,27.86341463414634,0.71885250481502,33.386386056552006,27.69588224629073,8.164289791919925e-08
3809,27/5/2018,15:57:58,51.541065,-0.030405,0.02,11.9,513,-0.029573683092198152,27.870731707317074,0.5046362694744634,40.74779593014894,28.188890460233765,1.0259979910820979e-07
3810,27/5/2018,15:57:58,51.541065,-0.030405,0.02,12.1,516,0.029824798624659435,27.878048780487806,0.43447445587981515,48.06870927281645,28.461613743333352,1.2351773760236106e-07
3811,27/5/2018,15:57:59,51.541065,-0.030405,0.13,12.1,512,-0.04937317699781735,27.885365853658538,0.3643126422851669,55.38962261548396,28.73433702643294,1.4443567609651234e-07
3812,27/5/2018,15:57:59,51.541065,-0.030405,0.13,12.0,517,0.04962429253027863,27.89268292682927,0.3731436027588768,59.14004421984852,28.90729291839209,1.3731073845696888e-07
3813,27/5/2018,15:58:0,51.541061,-0.030405,2.19,12.0,512,-0.04937317699781735,27.900000000000002,0.4077406505239274,61.725832693054635,29.047706399488078,1.2103869587165218e-07
3814,27/5/2018,15:58:0,51.541061,-0.030405,2.19,12.2,516,0.029824798624659435,27.907317073170734,0.44233769828897784,64.31162116626075,29.18811988058406,1.047666532863355e-07
3815,27/5/2018,15:58:1,51.541054,-0.030395,4.0,12.2,512,-0.04937317699781735,27.914634146341466,0.4190431859943058,63.7642605277057,29.713573507986297,1.0242603388344124e-07
3816,27/5/2018,15:58:1,51.541054,-0.030395,4.0,12.8,517,0.04962429253027863,27.921951219512195,0.35393893987893826,60.95411529242942,30.5171061163441,1.1014679638837396e-07
3817,27/5/2018,15:58:2,51.541046,-0.030379,4.43,12.8,513,-0.029573683092198152,27.929268292682927,0.2888346937635391,58.143970057151776,31.320638724702288,1.1786755889331044e-07
3818,27/5/2018,15:58:3,51.541042,-0.030364,4.56,12.8,515,0.01002530471904024,27.93658536585366,0.2748439774547704,51.92017237896508,30.86367713230706,1.1478031962825923e-07
3819,27/5/2018,15:58:4,51.541035,-0.030352,4.54,12.8,515,0.01002530471904024,27.94390243902439,0.3352467839268356,40.72795182452339,28.572120973783974,9.596250317684099e-08
3820,27/5/2018,15:58:5,51.541027,-0.030341,4.26,12.8,516,0.029824798624659435,27.951219512195124,0.3956495903989008,29.535731270081687,26.280564815260888,7.714468672542275e-08
3821,27/5/2018,15:58:6,51.541019,-0.030332,2.89,12.8,516,0.029824798624659435,27.958536585365856,0.45149391948774387,21.679333425971482,24.53645717881248,6.541938362874905e-08
3822,27/5/2018,15:58:6,51.541019,-0.030332,2.89,13.6,518,0.06942378643589782,27.965853658536588,0.4924045941627871,24.751151157778736,24.585800809249605,7.692928265347938e-08
3823,27/5/2018,15:58:7,51.541016,-0.030317,4.82,13.6,512,-0.04937317699781735,27.97317073170732,0.5333152688378303,27.822968889585994,24.63514443968673,8.843918167820971e-08
3824,27/5/2018,15:58:8,51.541008,-0.030299,4.46,13.6,514,-0.009774189186578956,27.98048780487805,0.5717472369987063,30.519610031017518,24.657845811932166,9.838043982178741e-08
3825,27/5/2018,15:58:9,51.541,-0.030282,4.35,13.6,513,-0.029573683092198152,27.98780487804878,0.5716663026960748,27.386944899516322,24.266593097525,8.394894027457143e-08
3826,27/5/2018,15:58:10,51.540997,-0.03027,2.93,13.6,515,0.01002530471904024,27.995121951219513,0.5715853683934433,24.254279768015127,23.875340383117834,6.951744072735546e-08
3827,27/5/2018,15:58:11,51.540989,-0.030256,5.11,13.6,516,0.029824798624659435,28.002439024390245,0.5715044340908119,21.121614636513932,23.48408766871067,5.508594118013948e-08
3828,27/5/2018,15:58:11,51.540989,-0.030256,5.11,14.2,518,0.06942378643589782,28.009756097560977,0.7543804489485826,19.885327229714687,23.318092528762836,5.265903125407311e-08
3829,27/5/2018,15:58:12,51.540981,-0.03024,4.7,14.2,514,-0.009774189186578956,28.01707317073171,0.9605469956779005,18.89044987069089,23.180772816238385,5.1760312951551494e-08
3830,27/5/2018,15:58:13,51.54097,-0.030228,4.93,14.2,519,0.08922328034151703,28.02439024390244,1.1667135424072184,17.895572511667094,23.043453103713933,5.0861594649029876e-08
3831,27/5/2018,15:58:13,51.54097,-0.030228,4.93,14.0,517,0.04962429253027863,28.031707317073174,1.2007241399742796,18.14306023245566,22.236891632293336,4.8233525411357234e-08
3832,27/5/2018,15:58:14,51.540962,-0.030216,4.06,14.0,513,-0.029573683092198152,28.039024390243902,1.165668148320258,18.88896766541523,21.16183960985709,4.491166446193638e-08
3833,27/5/2018,15:58:15,51.540955,-0.030202,4.2,14.0,513,-0.029573683092198152,28.046341463414635,1.1306121566662195,19.634875098375158,20.086787587420325,4.15898035125139e-08
3834,27/5/2018,15:58:16,51.540947,-0.030186,5.17,14.0,516,0.029824798624659435,28.053658536585367,1.1527994588903485,19.01497895030361,19.58163233370022,4.006986021882872e-08
3835,27/5/2018,15:58:16,51.540947,-0.030186,5.17,14.8,519,0.08922328034151703,28.0609756097561,1.223693212340937,17.2329650938064,19.561383647877697,4.008310987172795e-08
3836,27/5/2018,15:58:17,51.540939,-0.030173,3.89,14.8,515,0.01002530471904024,28.06829268292683,1.2945869657915257,15.450951237309187,19.541134962055178,4.0096359524627176e-08
3837,27/5/2018,15:58:18,51.540939,-0.030159,3.8,14.8,517,0.04962429253027863,28.075609756097563,1.2769287871764519,15.004399772128716,19.760996467567292,4.138877706448632e-08
3838,27/5/2018,15:58:18,51.540939,-0.030159,3.8,14.7,518,0.06942378643589782,28.082926829268295,1.1064665329574022,16.862305041531005,20.39518903253926,4.488851026589719e-08
3839,27/5/2018,15:58:19,51.540932,-0.030149,3.57,14.7,514,-0.009774189186578956,28.090243902439028,0.9360042787383525,18.720210310933297,21.02938159751123,4.8388243467308055e-08
3840,27/5/2018,15:58:20,51.540928,-0.030141,2.69,14.7,514,-0.009774189186578956,28.097560975609756,0.814147264492221,20.236636521836243,21.741501815768903,5.1147141849752165e-08
3841,27/5/2018,15:58:21,51.540928,-0.030133,2.19,14.7,513,-0.029573683092198152,28.10487804878049,0.8948753715390662,20.329788688138933,22.778422057683855,5.0818263857839235e-08
3842,27/5/2018,15:58:21,51.540928,-0.030133,2.19,14.8,516,0.029824798624659435,28.11219512195122,0.9756034785859113,20.422940854441627,23.815342299598807,5.04893858659263e-08
3843,27/5/2018,15:58:22,51.540928,-0.030128,0.91,14.8,510,-0.08897216480905573,28.119512195121953,1.0619135353056741,20.464077847157697,24.80414310655202,5.000434636904359e-08
3844,27/5/2018,15:58:23,51.540928,-0.030127,0.15,14.8,511,-0.06917267090343654,28.126829268292685,1.420270191869107,17.970159537749826,23.447754609622052,4.190848826166404e-08
3845,27/5/2018,15:58:23,51.540928,-0.030127,0.15,14.5,515,0.01002530471904024,28.134146341463417,1.7786268484325398,15.476241228341951,22.09136611269209,3.381263015428449e-08
3846,27/5/2018,15:58:24,51.540928,-0.030128,0.87,14.5,510,-0.08897216480905573,28.14146341463415,2.136983504995973,12.98232291893408,20.734977615762126,2.571677204690494e-08
3847,27/5/2018,15:58:25,51.540928,-0.030134,0.17,14.5,511,-0.06917267090343654,28.14878048780488,2.136651419614215,11.467623394182493,19.273659038408766,2.3226894588223638e-08
3848,27/5/2018,15:58:25,51.540928,-0.030134,0.17,14.1,514,-0.009774189186578956,28.15609756097561,2.071382647153083,10.130200757065841,17.79334401371652,2.1751918821699736e-08
3849,27/5/2018,15:58:26,51.540928,-0.030133,0.17,14.1,514,-0.009774189186578956,28.163414634146342,2.006113874691919,8.792778119948542,16.313028989023557,2.0276943055175116e-08
3850,27/5/2018,15:58:26,51.540928,-0.030133,0.17,14.7,514,-0.009774189186578956,28.170731707317074,2.2451399846184974,8.263046231911805,15.388328191927588,1.8098435376299126e-08
3851,27/5/2018,15:58:27,51.540928,-0.030134,0.04,14.7,510,-0.08897216480905573,28.178048780487806,2.631804451267019,8.125191243013393,14.73320133866557,1.5578586776320655e-08
3852,27/5/2018,15:58:28,51.540928,-0.030134,0.0,14.7,510,-0.08897216480905573,28.18536585365854,3.0184689179155404,7.9873362541149815,14.078074485403551,1.3058738176342188e-08
3853,27/5/2018,15:58:29,51.540928,-0.030134,0.17,14.7,511,-0.06917267090343654,28.19268292682927,3.1872942958526624,9.019381197155557,15.30707445003305,1.6364394197491456e-08
3854,27/5/2018,15:58:30,51.540928,-0.030139,1.3,14.7,511,-0.06917267090343654,28.200000000000003,3.1382147129624864,11.221679836853664,18.420770971533642,2.5497316407528576e-08
3855,27/5/2018,15:58:30,51.540928,-0.030139,1.3,14.8,517,0.04962429253027863,28.207317073170735,3.0891351300723104,13.423978476551767,21.534467493034235,3.4630238617565696e-08
3856,27/5/2018,15:58:31,51.540928,-0.030141,0.15,14.8,509,-0.10877165871467494,28.214634146341464,3.100694928590836,14.995513587506435,23.66203208703784,3.925947203374858e-08
3857,27/5/2018,15:58:32,51.540924,-0.03014,0.39,14.8,510,-0.08897216480905573,28.221951219512196,3.2373234512647917,15.266098920430453,23.75569958058263,3.459984731261648e-08
3858,27/5/2018,15:58:32,51.540924,-0.03014,0.39,15.0,517,0.04962429253027863,28.229268292682928,3.373951973938748,15.536684253354473,23.849367074127418,2.9940222591484384e-08
3859,27/5/2018,15:58:33,51.540924,-0.030136,0.26,15.0,510,-0.08897216480905573,28.23658536585366,3.6304510837173423,15.35239104675595,23.59905087099694,2.542078083086669e-08
3860,27/5/2018,15:58:34,51.54092,-0.030135,0.41,15.0,509,-0.10877165871467494,28.243902439024392,4.549847556732628,12.652570122092383,21.446467472633707,2.1676566064128583e-08
3861,27/5/2018,15:58:34,51.54092,-0.030135,0.41,15.6,513,-0.029573683092198152,28.251219512195124,5.469244029747912,9.952749197428815,19.29388407427047,1.793235129739048e-08
3862,27/5/2018,15:58:35,51.54092,-0.030137,0.07,15.6,508,-0.12857115262029412,28.258536585365857,6.388640502763199,7.252928272765249,17.141300675907235,1.4188136530652374e-08
3863,27/5/2018,15:58:35,51.54092,-0.030137,0.07,15.7,512,-0.04937317699781735,28.26585365853659,6.958132888940205,6.556580353430648,15.90491591392839,1.2167172917264903e-08
3864,27/5/2018,15:58:36,51.54092,-0.030137,0.06,15.7,508,-0.12857115262029412,28.273170731707317,7.5203907206290594,5.901655884599664,14.68747431153577,1.0181838937352723e-08
3865,27/5/2018,15:58:37,51.54092,-0.030135,0.02,15.7,509,-0.10877165871467494,28.28048780487805,8.082648552318187,5.2467314157683616,13.470032709142561,8.196504957439579e-09
3866,27/5/2018,15:58:37,51.54092,-0.030135,0.02,15.8,513,-0.029573683092198152,28.28780487804878,7.760732758245013,4.987534288450899,12.94870876969298,7.466928677460424e-09
3867,27/5/2018,15:58:38,51.54092,-0.030135,0.02,15.8,509,-0.10877165871467494,28.295121951219514,7.22647605404789,4.823374042363107,12.594562694178626,7.038932002583429e-09
3868,27/5/2018,15:58:39,51.54092,-0.030133,0.3,15.8,510,-0.08897216480905573,28.302439024390246,6.692219349850766,4.659213796275316,12.240416618664273,6.610935327706434e-09
3869,27/5/2018,15:58:39,51.54092,-0.030133,0.3,15.3,513,-0.029573683092198152,28.309756097560978,6.0499325390084575,5.098601348958545,12.322023069814712,7.094529027069849e-09
3870,27/5/2018,15:58:40,51.54092,-0.030124,2.85,15.3,511,-0.06917267090343654,28.31707317073171,5.345000134917037,5.887980316834841,12.656318112973796,8.106744992650528e-09
3871,27/5/2018,15:58:41,51.540916,-0.030116,2.63,15.3,509,-0.10877165871467494,28.324390243902442,4.640067730825617,6.6773592847111365,12.99061315613288,9.118960958231207e-09
3872,27/5/2018,15:58:42,51.540909,-0.030108,2.87,15.3,511,-0.06917267090343654,28.33170731707317,4.277213484775724,7.470346560916247,13.492993094206037,1.1034648966925104e-08
3873,27/5/2018,15:58:43,51.540901,-0.030103,3.19,15.3,516,0.029824798624659435,28.339024390243903,4.316638651553814,8.26757716023914,14.193038657055283,1.4012808210531925e-08
3874,27/5/2018,15:58:43,51.540901,-0.030103,3.19,15.2,514,-0.009774189186578956,28.346341463414635,4.356063818331903,9.064807759562033,14.893084219904528,1.6990967454138745e-08
3875,27/5/2018,15:58:44,51.540894,-0.030103,3.85,15.2,508,-0.12857115262029412,28.353658536585368,4.6428804217680835,9.390120956120127,15.295279302070133,1.8651733176871767e-08
3876,27/5/2018,15:58:45,51.540882,-0.030104,4.33,15.2,509,-0.10877165871467494,28.3609756097561,5.546803398103564,8.53825825418206,14.954500285035108,1.7026322351501223e-08
3877,27/5/2018,15:58:46,51.540871,-0.030108,4.56,15.2,509,-0.10877165871467494,28.368292682926832,6.450726374439045,7.686395552243991,14.613721268000083,1.540091152613068e-08
3878,27/5/2018,15:58:46,51.540871,-0.030108,4.56,15.1,514,-0.009774189186578956,28.375609756097564,7.250651918306209,6.898586431082149,14.323333942086771,1.3816151212849619e-08
3879,27/5/2018,15:58:47,51.540855,-0.030109,4.37,15.1,508,-0.12857115262029412,28.382926829268293,7.2323992702791955,6.614705547954653,14.429392775947743,1.2551200357279363e-08
3880,27/5/2018,15:58:48,51.540848,-0.030109,4.37,15.1,509,-0.10877165871467494,28.390243902439025,7.214146622252174,6.330824664827019,14.535451609808767,1.1286249501708493e-08
3881,27/5/2018,15:58:48,51.540848,-0.030109,4.37,14.3,513,-0.029573683092198152,28.397560975609757,7.195893974225151,6.046943781699385,14.641510443669791,1.0021298646137623e-08
3882,27/5/2018,15:58:49,51.540836,-0.030108,4.93,14.3,509,-0.10877165871467494,28.40487804878049,6.603232358650411,6.004061558096635,14.713929285706357,9.274008588432247e-09
3883,27/5/2018,15:58:50,51.540821,-0.030106,5.22,14.3,510,-0.08897216480905573,28.41219512195122,5.9735031544070605,5.976731388319042,14.784177281794802,8.560124063386051e-09
3884,27/5/2018,15:58:50,51.540821,-0.030106,5.22,14.8,514,-0.009774189186578956,28.419512195121953,5.34377395016371,5.949401218541449,14.85442527788325,7.846239538339856e-09
3885,27/5/2018,15:58:51,51.54081,-0.030105,4.57,14.8,510,-0.08897216480905573,28.426829268292686,4.996852457000783,6.1310163203950765,15.205124563194893,8.30824574564089e-09
3886,27/5/2018,15:58:52,51.540798,-0.030103,4.67,14.8,511,-0.06917267090343654,28.434146341463418,4.736330477702401,6.37646550168121,15.64150346084454,9.12949388182884e-09
3887,27/5/2018,15:58:52,51.540798,-0.030103,4.67,14.9,514,-0.009774189186578956,28.441463414634146,4.475808498404144,6.6219146829672235,16.077882358493977,9.95074201801639e-09
3888,27/5/2018,15:58:53,51.540787,-0.030102,4.33,14.9,509,-0.10877165871467494,28.44878048780488,4.468186066644983,6.807410173897648,16.17836792262362,1.0555705332173692e-08
3889,27/5/2018,15:58:54,51.540775,-0.030101,4.83,14.9,510,-0.08897216480905573,28.45609756097561,4.634432073818867,6.951687502708563,16.047926819958487,1.1011972831185064e-08
3890,27/5/2018,15:58:54,51.540775,-0.030101,4.83,15.2,514,-0.009774189186578956,28.463414634146343,4.800678080992752,7.095964831519478,15.917485717293353,1.146824033019644e-08
3891,27/5/2018,15:58:55,51.540764,-0.030102,4.69,15.2,509,-0.10877165871467494,28.470731707317075,4.780916581066596,7.0581776845240025,15.727039389711566,1.1723702514927393e-08
3892,27/5/2018,15:58:56,51.540749,-0.030101,5.2,15.2,510,-0.08897216480905573,28.478048780487807,4.5034411098898115,6.7681396482217115,15.453455639075447,1.1700948321200006e-08
3893,27/5/2018,15:58:56,51.540749,-0.030101,5.2,15.3,513,-0.029573683092198152,28.48536585365854,4.225965638713026,6.478101611919421,15.17987188843933,1.1678194127472618e-08
3894,27/5/2018,15:58:57,51.540737,-0.030103,5.02,15.3,513,-0.029573683092198152,28.49268292682927,4.010055902164144,6.392577893694733,15.236576876935189,1.215742742520912e-08
3895,27/5/2018,15:58:58,51.540726,-0.030107,4.74,15.3,510,-0.08897216480905573,28.5,3.98304619640112,6.934558439237581,16.30669546907447,1.417689171612217e-08
3896,27/5/2018,15:58:58,51.540726,-0.030107,4.74,15.1,514,-0.009774189186578956,28.507317073170732,3.9560364906380836,7.476538984780693,17.37681406121427,1.6196356007036203e-08
3897,27/5/2018,15:58:59,51.540714,-0.030105,4.76,15.1,509,-0.10877165871467494,28.514634146341464,3.973539069590171,7.96078741591259,18.322136089869616,1.7938326361754053e-08
3898,27/5/2018,15:59:0,51.540703,-0.030099,4.98,15.1,510,-0.08897216480905573,28.521951219512196,4.5612449450191335,7.705486256172343,17.66881153493047,1.6125593600600508e-08
3899,27/5/2018,15:59:0,51.540703,-0.030099,4.98,14.8,515,0.01002530471904024,28.52926829268293,5.148950820448096,7.450185096432096,17.015486979991323,1.4312860839446962e-08
3900,27/5/2018,15:59:1,51.540691,-0.030089,4.85,14.8,509,-0.10877165871467494,28.53658536585366,5.736656695877058,7.194883936691849,16.362162425052173,1.2500128078293416e-08
3901,27/5/2018,15:59:2,51.540684,-0.030081,4.91,14.8,509,-0.10877165871467494,28.543902439024393,6.171552601929275,6.5380826920135195,14.959431052502401,1.0490637781337844e-08
3902,27/5/2018,15:59:2,51.54068,0.033333,4.91,43.0,511,-0.06917267090343654,28.551219512195125,6.5892840453039465,5.83618273256508,13.472522152768768,8.459046587473686e-09
3903,27/5/2018,15:59:3,51.540672,-0.030075,4.74,43.0,509,-0.10877165871467494,28.558536585365854,7.007015488678414,5.134282773116981,11.985613253035858,6.427455393610514e-09
3904,27/5/2018,15:59:4,51.540661,-0.03007,4.61,43.0,510,-0.08897216480905573,28.565853658536586,6.499993007357415,5.520181436920347,12.620967330606991,7.921401379014573e-09
3905,27/5/2018,15:59:4,51.540661,-0.03007,4.61,13.9,514,-0.009774189186578956,28.573170731707318,5.643297948261141,6.317403955140477,14.05880209647085,1.074844111032837e-08
3906,27/5/2018,15:59:5,51.540649,-0.030065,4.72,13.9,509,-0.10877165871467494,28.58048780487805,4.786602889164866,7.114626473360607,15.496636862334713,1.357548084164217e-08
3907,27/5/2018,15:59:6,51.540638,-0.03006,4.89,13.9,511,-0.06917267090343654,28.587804878048782,3.8414296272788895,9.170822926063597,17.29642346301712,1.7739518488093164e-08
3908,27/5/2018,15:59:6,51.540638,-0.03006,4.89,13.3,515,0.01002530471904024,28.595121951219515,2.8245146635962923,12.24784631387131,19.389695236087242,2.2987648065733768e-08
3909,27/5/2018,15:59:7,51.540627,-0.030056,4.26,13.3,512,-0.04937317699781735,28.602439024390247,1.8075996999136956,15.324869701679024,21.482967009157367,2.823577764337437e-08
3910,27/5/2018,15:59:8,51.540615,-0.030049,5.15,13.3,514,-0.009774189186578956,28.60975609756098,1.1180777961171728,18.081204419145585,22.948588555586735,3.556341025699457e-08
3911,27/5/2018,15:59:8,51.540615,-0.030049,5.15,13.0,517,0.04962429253027863,28.617073170731707,0.9653707698424678,20.311717210661566,23.385074115877718,4.630073080948624e-08
3912,27/5/2018,15:59:9,51.540604,-0.030044,4.74,13.0,513,-0.029573683092198152,28.62439024390244,0.8126637435676887,22.54223000217863,23.821559676168913,5.7038051361983114e-08
3913,27/5/2018,15:59:10,51.540592,-0.030038,5.11,13.0,516,0.029824798624659435,28.63170731707317,0.7222676369469926,23.658746536132337,23.930223069772822,6.359455364057646e-08
3914,27/5/2018,15:59:10,51.540592,-0.030038,5.11,12.5,518,0.06942378643589782,28.639024390243904,0.8728621070012392,20.46682721302789,22.77101795115808,5.398153358834141e-08
3915,27/5/2018,15:59:11,51.540581,-0.030032,4.76,12.5,518,0.06942378643589782,28.646341463414636,1.0234565770554858,17.274907889923448,21.61181283254334,4.436851353610635e-08
3916,27/5/2018,15:59:12,51.540569,-0.030026,5.57,12.5,514,-0.009774189186578956,28.653658536585368,1.165595722180292,14.311924762253277,20.525636699588475,3.529030442060342e-08
3917,27/5/2018,15:59:12,51.540569,-0.030026,5.57,12.2,517,0.04962429253027863,28.6609756097561,1.0523601242726903,18.26346266928372,21.64514261935658,4.23648992101686e-08
3918,27/5/2018,15:59:13,51.540558,-0.030018,4.46,12.2,514,-0.009774189186578956,28.668292682926833,0.9391245263650887,22.21500057631416,22.764648539124686,4.943949399973378e-08
3919,27/5/2018,15:59:14,51.54055,-0.030009,4.94,12.2,515,0.01002530471904024,28.67560975609756,0.8258889284575421,26.166538483342684,23.884154458892247,5.6514088789295536e-08
3920,27/5/2018,15:59:14,51.54055,-0.030009,4.94,12.0,515,0.01002530471904024,28.682926829268293,1.0637062594476807,24.162379638617754,23.333356741633395,5.124360137304651e-08
3921,27/5/2018,15:59:15,51.540539,-0.03,4.82,12.0,509,-0.10877165871467494,28.690243902439025,1.3593113525010532,21.177837613806986,22.507605872857084,4.394095693876429e-08
3922,27/5/2018,15:59:16,51.540527,-0.02999,5.22,12.0,511,-0.06917267090343654,28.697560975609758,1.6549164455544254,18.19329558899622,21.68185500408077,3.6638312504482064e-08
3923,27/5/2018,15:59:16,51.540527,-0.02999,5.22,11.3,515,0.01002530471904024,28.70487804878049,1.645696506977426,17.01633319910896,22.128776165000552,3.626944670530067e-08
3924,27/5/2018,15:59:17,51.540516,-0.029982,5.0,11.3,510,-0.08897216480905573,28.712195121951222,1.4964708953686379,16.669589384095474,23.160233651934387,3.9085254878819384e-08
3925,27/5/2018,15:59:18,51.540508,-0.029973,4.63,11.3,514,-0.009774189186578956,28.719512195121954,1.3472452837598496,16.322845569081984,24.191691138868222,4.190106305233809e-08
3926,27/5/2018,15:59:18,51.540508,-0.029973,4.63,11.4,515,0.01002530471904024,28.726829268292686,1.2175330409847844,16.80015464652209,25.033742037010533,4.3594283621004085e-08
3927,27/5/2018,15:59:19,51.540497,-0.029961,5.07,11.4,513,-0.029573683092198152,28.734146341463415,1.106429382959922,18.063307430319817,25.695168636508992,4.4216968047890556e-08
3928,27/5/2018,15:59:20,51.540485,-0.029952,4.83,11.4,512,-0.04937317699781735,28.741463414634147,0.9953257249350059,19.326460214118157,26.356595236007774,4.4839652474777324e-08
3929,27/5/2018,15:59:20,51.540485,-0.029952,4.83,11.2,516,0.029824798624659435,28.74878048780488,0.9929540597709217,20.26821330289232,26.725133664288254,4.464609689552287e-08
3930,27/5/2018,15:59:21,51.540474,-0.029943,5.24,11.2,510,-0.08897216480905573,28.75609756097561,1.2030929800282366,20.581808702776634,26.521238578834932,4.2857245975995824e-08
3931,27/5/2018,15:59:22,51.540462,-0.029935,4.7,11.2,511,-0.06917267090343654,28.763414634146343,1.4132319002855513,20.895404102660947,26.317343493381614,4.106839505646878e-08
3932,27/5/2018,15:59:22,51.540462,-0.029935,4.7,10.8,517,0.04962429253027863,28.770731707317076,1.6115217846250578,20.779177834514147,25.974008322799676,3.892923668113406e-08
3933,27/5/2018,15:59:23,51.540451,-0.029927,4.72,10.8,511,-0.06917267090343654,28.778048780487808,1.7498828911495452,18.48904582228874,24.925428106279362,3.501833098123513e-08
3934,27/5/2018,15:59:24,51.540443,-0.029917,4.85,10.8,511,-0.06917267090343654,28.78536585365854,1.8882439976740324,16.198913810063335,23.876847889759045,3.11074252813362e-08
3935,27/5/2018,15:59:24,51.540443,-0.029917,4.85,10.1,514,-0.009774189186578956,28.79268292682927,2.0266051041984525,13.90878179783904,22.82826767323924,2.7196519581439167e-08
3936,27/5/2018,15:59:25,51.540432,-0.029908,4.89,10.1,510,-0.08897216480905573,28.8,1.9736426025628977,14.351002618145836,23.04789863014463,2.7204227648347515e-08
3937,27/5/2018,15:59:26,51.540421,-0.029903,4.5,10.1,512,-0.04937317699781735,28.807317073170733,1.9190760157979532,14.816131884457082,23.278162455119894,2.724478994653243e-08
3938,27/5/2018,15:59:26,51.540421,-0.029903,4.5,10.0,516,0.029824798624659435,28.814634146341465,1.8645094290330084,15.281261150768328,23.508426280095158,2.7285352244717346e-08
3939,27/5/2018,15:59:27,51.540409,-0.029895,5.22,10.0,510,-0.08897216480905573,28.821951219512197,1.64501278352256,19.131443640039787,24.184415706543867,3.343603730702036e-08
3940,27/5/2018,15:59:28,51.540398,-0.029885,5.15,10.0,512,-0.04937317699781735,28.82926829268293,1.3888920976257104,23.73330430665982,24.959382072392117,4.094352406199865e-08
3941,27/5/2018,15:59:28,51.540398,-0.029885,5.15,10.4,517,0.04962429253027863,28.83658536585366,1.1327714117288603,28.335164973279856,25.73434843824037,4.845101081697695e-08
3942,27/5/2018,15:59:29,51.54039,-0.029874,4.82,10.4,512,-0.04937317699781735,28.843902439024394,1.2440000318173572,26.978690445550725,24.57125358281059,4.589988878307519e-08
3943,27/5/2018,15:59:30,51.540382,-0.029861,3.78,10.4,514,-0.009774189186578956,28.851219512195122,1.5575032697581581,22.34136046271134,22.340998434654086,3.781016570720554e-08
3944,27/5/2018,15:59:30,51.540382,-0.029861,3.78,10.6,518,0.06942378643589782,28.858536585365854,1.8710065076991111,17.7040304798697,20.1107432864965,2.9720442631331953e-08
3945,27/5/2018,15:59:31,51.540375,-0.029848,4.89,10.6,517,0.04962429253027863,28.865853658536587,2.4871266242118684,14.524938372983948,18.85892963456511,2.58986421503187e-08
3946,27/5/2018,15:59:32,51.540363,-0.029837,4.5,10.6,520,0.10902277424713622,28.87317073170732,3.4424415491524476,12.98034437906345,18.703823732170324,2.6860636921508896e-08
3947,27/5/2018,15:59:32,51.540363,-0.029837,4.5,10.0,521,0.1288222681527554,28.88048780487805,4.397756474093026,11.435750385142953,18.54871782977554,2.7822631692699093e-08
3948,27/5/2018,15:59:33,51.540356,-0.029827,4.37,10.0,513,-0.029573683092198152,28.887804878048783,4.977216793178628,10.563401087343482,18.77626926529436,2.9035437987878352e-08
3949,27/5/2018,15:59:34,51.540348,-0.029816,4.52,10.0,519,0.08922328034151703,28.895121951219515,4.67174154685841,11.27382670033615,19.904773043576064,3.08387706044969e-08
3950,27/5/2018,15:59:34,51.540348,-0.029816,4.52,10.1,521,0.1288222681527554,28.902439024390244,4.36626630053834,11.984252313328472,21.033276821857218,3.264210322111458e-08
3951,27/5/2018,15:59:35,51.540337,-0.029807,4.7,10.1,515,0.01002530471904024,28.909756097560976,3.995128017390285,13.206516188534854,22.411519753100933,3.462344935502376e-08
3952,27/5/2018,15:59:35,51.540337,-0.029807,4.7,10.2,519,0.08922328034151703,28.917073170731708,3.1631546030501987,18.020954049461672,25.542477466951897,3.785412671937344e-08
3953,27/5/2018,15:59:36,51.540329,-0.029799,4.13,10.2,513,-0.029573683092198152,28.92439024390244,2.331181188710113,22.835391910388488,28.673435180802866,4.108480408372312e-08
3954,27/5/2018,15:59:36,51.540329,-0.029799,4.13,10.0,517,0.04962429253027863,28.931707317073172,1.4992077743700265,27.649829771315307,31.80439289465383,4.43154814480728e-08
3955,27/5/2018,15:59:37,51.540318,-0.02979,4.72,10.0,511,-0.06917267090343654,28.939024390243905,1.3930552698467096,26.74570132048664,32.190632640038174,3.8756809329010086e-08
3956,27/5/2018,15:59:37,51.540318,-0.02979,4.72,10.4,515,0.01002530471904024,28.946341463414637,1.3240415438009832,25.548965472172938,32.43643075411145,3.2748404088440873e-08
3957,27/5/2018,15:59:38,51.54031,-0.029777,4.78,10.4,510,-0.08897216480905573,28.95365853658537,1.2550278177552567,24.352229623859245,32.68222886818473,2.6739998847871668e-08
3958,27/5/2018,15:59:38,51.54031,-0.029777,4.78,10.6,514,-0.009774189186578956,28.960975609756098,1.4140795231229284,22.0912652334854,32.00448141223496,2.439820358111111e-08
3959,27/5/2018,15:59:39,51.540302,-0.029764,4.59,10.6,510,-0.08897216480905573,28.96829268292683,1.6382357987870813,19.52650144002402,31.063094538803345,2.3103095071346223e-08
3960,27/5/2018,15:59:39,51.540302,-0.029764,4.59,10.7,515,0.01002530471904024,28.975609756097562,1.8623920744512343,16.961737646562636,30.121707665371726,2.1807986561581337e-08
3961,27/5/2018,15:59:40,51.540295,-0.02975,4.63,10.7,510,-0.08897216480905573,28.982926829268294,1.9457648102671077,16.166612477139658,30.02777895835786,2.048153427464909e-08
3962,27/5/2018,15:59:40,51.540295,-0.02975,4.63,10.6,515,0.01002530471904024,28.990243902439026,1.9370420871575045,16.529120376104522,30.48822648623975,1.9134578031460332e-08
3963,27/5/2018,15:59:41,51.540287,-0.029737,5.06,10.6,510,-0.08897216480905573,28.99756097560976,1.9283193640479013,16.891628275069387,30.948674014121636,1.7787621788271577e-08
3964,27/5/2018,15:59:41,51.540287,-0.029737,5.06,10.7,515,0.01002530471904024,29.00487804878049,1.910779011572085,16.99567381114748,30.983946546545297,1.7500014373254663e-08
3965,27/5/2018,15:59:42,51.540276,-0.029725,4.78,10.7,510,-0.08897216480905573,29.012195121951223,1.8816044587789487,16.758697653136814,30.45823257549548,1.8610138248701754e-08
3966,27/5/2018,15:59:42,51.540276,-0.029725,4.78,10.6,514,-0.009774189186578956,29.01951219512195,1.8524299059858262,16.521721495126265,29.932518604445914,1.9720262124148304e-08
3967,27/5/2018,15:59:43,51.540268,-0.029714,3.91,10.6,510,-0.08897216480905573,29.026829268292683,1.7580116097986032,17.384623211731935,30.081428509980192,2.2564420199276198e-08
3968,27/5/2018,15:59:43,51.540268,-0.029714,3.91,10.7,515,0.01002530471904024,29.034146341463416,1.475706639086328,21.414915171370087,32.173096910547,3.040218995794623e-08
3969,27/5/2018,15:59:44,51.54026,-0.0297,4.82,10.7,511,-0.06917267090343654,29.041463414634148,1.1934016683740527,25.44520713100824,34.26476531111382,3.823995971661625e-08
3970,27/5/2018,15:59:44,51.54026,-0.0297,4.82,10.8,517,0.04962429253027863,29.04878048780488,0.9353738497863195,29.17945116067784,36.20056117460112,4.5653457274072084e-08
3971,27/5/2018,15:59:45,51.540253,-0.029685,4.28,10.8,512,-0.04937317699781735,29.056097560975612,0.9408706018400239,29.70014266021429,36.444385788827084,4.846154851836145e-08
3972,27/5/2018,15:59:45,51.540253,-0.029685,4.28,10.5,516,0.029824798624659435,29.063414634146344,0.9463673538937282,30.22083415975074,36.68821040305305,5.126963976265081e-08
3973,27/5/2018,15:59:46,51.540249,-0.029671,4.26,10.5,510,-0.08897216480905573,29.070731707317076,0.9518641059474325,30.741525659287195,36.932035017279006,5.407773100694017e-08
3974,27/5/2018,15:59:46,51.540249,-0.029671,4.26,10.3,515,0.01002530471904024,29.078048780487805,1.250316653508583,27.23257428970812,35.23144265009183,4.79539736862628e-08
3975,27/5/2018,15:59:47,51.540245,-0.02966,2.93,10.3,510,-0.08897216480905573,29.085365853658537,1.5774036125456155,23.3297530811141,33.34079691382898,4.0957189680429585e-08
3976,27/5/2018,15:59:47,51.540245,-0.02966,2.93,9.9,514,-0.009774189186578956,29.09268292682927,1.9044905715826477,19.426931872520075,31.45015117756613,3.396040567459637e-08
3977,27/5/2018,15:59:48,51.540237,-0.029643,4.8,9.9,509,-0.10877165871467494,29.1,2.1489396579563804,17.705675525241528,30.583481192332933,3.2042960951272896e-08
3978,27/5/2018,15:59:48,51.540237,-0.029643,4.8,9.7,516,0.029824798624659435,29.107317073170734,2.363985311876027,16.760643117139793,30.081152650794646,3.193279907165445e-08
3979,27/5/2018,15:59:49,51.540234,-0.029626,4.11,9.7,510,-0.08897216480905573,29.114634146341466,2.5790309657956736,15.815610709038058,29.57882410925636,3.182263719203601e-08
3980,27/5/2018,15:59:49,51.540234,-0.029626,4.11,9.5,514,-0.009774189186578956,29.121951219512198,2.9342444818923243,14.203132293534386,27.929443361774204,2.7786512238469228e-08
3981,27/5/2018,15:59:50,51.540234,-0.029615,3.41,9.5,509,-0.10877165871467494,29.12926829268293,3.3977387982718508,12.075046471991897,25.393955564524855,2.0717549251093278e-08
3982,27/5/2018,15:59:50,51.540234,-0.029615,3.41,9.9,513,-0.029573683092198152,29.13658536585366,3.861233114651151,9.946960650450439,22.858467767276736,1.3648586263720759e-08
3983,27/5/2018,15:59:51,51.540234,-0.029602,3.65,9.9,509,-0.10877165871467494,29.14390243902439,4.23012793879598,8.363901103437987,20.903184155724716,8.96861327292132e-09
3984,27/5/2018,15:59:51,51.540234,-0.029602,3.65,9.8,513,-0.029573683092198152,29.151219512195123,4.451542703480302,7.630534355788647,19.852435502918418,8.013061824169369e-09
3985,27/5/2018,15:59:52,51.540234,-0.029588,3.32,9.8,509,-0.10877165871467494,29.158536585365855,4.672957468164624,6.897167608139307,18.801686850112116,7.0575103754174186e-09
3986,27/5/2018,15:59:52,51.540234,-0.029588,3.32,9.7,513,-0.029573683092198152,29.165853658536587,4.8918149668451125,6.243963585012257,17.84258292983762,6.284875318387229e-09
3987,27/5/2018,15:59:53,51.54023,-0.029573,3.19,9.7,510,-0.08897216480905573,29.17317073170732,5.101465952241991,5.879356519361934,17.213412792815365,6.1707647119430816e-09
3988,27/5/2018,15:59:53,51.54023,-0.029573,3.19,10.0,513,-0.029573683092198152,29.18048780487805,5.311116937638869,5.5147494537116115,16.584242655793112,6.056654105498934e-09
3989,27/5/2018,15:59:54,51.540222,-0.02956,3.94,10.0,509,-0.10877165871467494,29.187804878048784,5.5324560738421,5.174496214171845,15.980332594455037,5.927054957139628e-09
3990,27/5/2018,15:59:54,51.540222,-0.02956,3.94,9.9,512,-0.04937317699781735,29.195121951219512,6.007801621380012,5.36349931937854,15.925373456226133,5.460859454587259e-09
3991,27/5/2018,15:59:55,51.540218,-0.029545,3.76,9.9,508,-0.12857115262029412,29.202439024390245,6.483147168918155,5.5525024245853265,15.8704143179972,4.994663952034664e-09
3992,27/5/2018,15:59:55,51.540218,-0.029545,3.76,10.2,512,-0.04937317699781735,29.209756097560977,6.958492716456298,5.741505529792113,15.81545517976827,4.528468449482068e-09
3993,27/5/2018,15:59:56,51.540211,-0.029531,3.54,10.2,508,-0.12857115262029412,29.21707317073171,6.580628665186815,6.451409671120141,17.274406486077304,5.748439667448693e-09
3994,27/5/2018,15:59:56,51.540211,-0.029531,3.54,9.4,513,-0.029573683092198152,29.22439024390244,6.075946170336881,7.238738936066866,18.958380772161533,7.219037506836645e-09
3995,27/5/2018,15:59:57,51.540203,-0.029518,3.91,9.4,509,-0.10877165871467494,29.231707317073173,5.571263675486946,8.02606820101359,20.642355058245766,8.689635346224598e-09
3996,27/5/2018,15:59:57,51.540203,-0.029518,3.91,8.8,515,0.01002530471904024,29.239024390243905,5.249874160329651,8.74016944487316,21.913040630910782,9.574994708860234e-09
3997,27/5/2018,15:59:58,51.540188,-0.029504,4.69,8.8,509,-0.10877165871467494,29.246341463414637,5.008089120090796,9.422467625801817,23.004234162600618,1.0206183935126999e-08
3998,27/5/2018,15:59:58,51.540188,-0.029504,4.69,8.3,514,-0.009774189186578956,29.253658536585366,4.766304079852058,10.104765806730143,24.095427694289924,1.0837373161393457e-08
3999,27/5/2018,15:59:59,51.54018,-0.0295,3.11,8.3,508,-0.12857115262029412,29.2609756097561,4.830722886955468,10.163558656725348,24.066761572119873,1.074635687961059e-08
4000,27/5/2018,15:59:59,51.54018,-0.0295,3.11,6.8,513,-0.029573683092198152,29.26829268292683,5.1735088280061845,9.655528478599653,23.020041219168863,9.998790135964911e-09
4001,27/5/2018,16:0:0,51.540173,-0.02949,3.59,6.8,508,-0.12857115262029412,29.275609756097563,5.516294769056901,9.147498300473957,21.973320866217854,9.25122339231923e-09
4002,27/5/2018,16:0:0,51.540173,-0.02949,3.59,6.7,513,-0.029573683092198152,29.282926829268295,5.564864659590999,8.822074672644801,21.351875844733183,9.615174018942566e-09
4003,27/5/2018,16:0:1,51.540161,-0.029477,2.96,6.7,508,-0.12857115262029412,29.290243902439027,5.068030594529969,8.835158528259987,21.51878634495268,1.2039603567069111e-08
4004,27/5/2018,16:0:1,51.540161,-0.029477,2.96,7.1,514,-0.009774189186578956,29.29756097560976,4.5711965294689385,8.848242383875172,21.685696845172178,1.4464033115195654e-08
4005,27/5/2018,16:0:2,51.540154,-0.029466,3.56,7.1,511,-0.06917267090343654,29.30487804878049,4.138644765971575,8.811727455065666,21.743540412046407,1.6220009572761047e-08
4006,27/5/2018,16:0:2,51.540154,-0.029466,3.56,7.3,514,-0.009774189186578956,29.31219512195122,4.004942575242448,8.544626887992248,21.294329849860386,1.486833562468766e-08
4007,27/5/2018,16:0:3,51.540146,-0.029453,4.06,7.3,510,-0.08897216480905573,29.319512195121952,3.871240384513256,8.2775263209187,20.845119287674148,1.3516661676613616e-08
4008,27/5/2018,16:0:3,51.540146,-0.029453,4.06,7.5,513,-0.029573683092198152,29.326829268292684,3.7379985856937177,8.011805908697427,20.396632393508312,1.2170126870700654e-08
4009,27/5/2018,16:0:4,51.540127,-0.029443,4.44,7.5,508,-0.12857115262029412,29.334146341463416,3.7311919150510557,8.12511052274738,20.146882829427856,1.223492898064398e-08
4010,27/5/2018,16:0:4,51.540127,-0.029443,4.44,8.7,513,-0.029573683092198152,29.34146341463415,3.7243852444083934,8.238415136797336,19.8971332653474,1.2299731090587306e-08
4011,27/5/2018,16:0:5,51.540119,-0.029423,4.46,8.7,510,-0.08897216480905573,29.34878048780488,3.7175785737657314,8.35171975084729,19.647383701266943,1.2364533200530633e-08
4012,27/5/2018,16:0:5,51.540119,-0.029423,4.46,8.2,514,-0.009774189186578956,29.356097560975613,3.161789186866514,8.176583054302675,19.098832747943234,1.4378127589108596e-08
4013,27/5/2018,16:0:6,51.540104,-0.029412,4.24,8.2,512,-0.04937317699781735,29.363414634146345,2.493744229982747,7.942466097052089,18.48918311287888,1.6790209546678416e-08
4014,27/5/2018,16:0:7,51.540092,-0.029398,4.82,8.2,513,-0.029573683092198152,29.370731707317074,1.825699273099305,7.708349139801616,17.879533477814824,1.9202291504247064e-08
4015,27/5/2018,16:0:8,51.540081,-0.029389,5.04,8.2,512,-0.04937317699781735,29.378048780487806,1.393100628413475,9.882986371482296,17.525122417144043,2.4710773743362314e-08
4016,27/5/2018,16:0:9,51.54007,-0.029377,4.82,8.2,513,-0.029573683092198152,29.385365853658538,1.083508457534103,13.316052143754769,17.304058091541883,3.183693806282389e-08
4017,27/5/2018,16:0:9,51.54007,-0.029377,4.82,6.8,516,0.029824798624659435,29.39268292682927,0.7739162866547308,16.74911791602724,17.08299376593972,3.896310238228545e-08
4018,27/5/2018,16:0:10,51.540054,-0.029365,4.91,6.8,516,0.029824798624659435,29.400000000000002,0.7392460624688577,18.243476560220525,18.044261058719144,4.161535918645222e-08
4019,27/5/2018,16:0:10,51.540054,-0.029365,4.91,7.2,515,0.01002530471904024,29.407317073170734,0.9983245224136518,17.666364830231878,20.2688263940258,3.948733394567437e-08
4020,27/5/2018,16:0:11,51.540043,-0.029356,5.24,7.2,511,-0.06917267090343654,29.414634146341466,1.2574029823584458,17.08925310024323,22.493391729332462,3.7359308704896533e-08
4021,27/5/2018,16:0:11,51.540043,-0.029356,5.24,7.0,514,-0.009774189186578956,29.4219512195122,1.81034946212276,15.99011222259846,23.798633359378012,3.343332777476318e-08
4022,27/5/2018,16:0:12,51.540031,-0.029348,5.52,7.0,508,-0.12857115262029412,29.429268292682927,3.0172275081731654,13.729322866213476,23.058144423453925,2.5506435208259038e-08
4023,27/5/2018,16:0:12,51.540031,-0.029348,5.52,6.9,513,-0.029573683092198152,29.43658536585366,4.224105554224157,11.468533509827392,22.317655487529475,1.757954264175105e-08
4024,27/5/2018,16:0:13,51.540016,-0.029341,5.06,6.9,508,-0.12857115262029412,29.44390243902439,5.31353374461584,9.610917048824627,21.840242498638844,1.0899490576010185e-08
4025,27/5/2018,16:0:13,51.540016,-0.029341,5.06,6.7,513,-0.029573683092198152,29.451219512195124,5.660975070329594,10.300336434646104,23.024805984866415,1.2096325788881623e-08
4026,27/5/2018,16:0:14,51.540005,-0.029336,4.82,6.7,507,-0.14837064652591334,29.458536585365856,6.008416396043349,10.98975582046758,24.209369471093986,1.3293161001753062e-08
4027,27/5/2018,16:0:14,51.540005,-0.029336,4.82,6.9,514,-0.009774189186578956,29.465853658536588,6.355857721757104,11.67917520628906,25.393932957321557,1.4489996214624502e-08
4028,27/5/2018,16:0:15,51.539993,-0.029329,4.5,6.9,507,-0.14837064652591334,29.47317073170732,6.199335378299354,12.8158879403729,26.59765697811892,1.670882541540947e-08
4029,27/5/2018,16:0:15,51.539993,-0.029329,4.5,6.9,517,0.04962429253027863,29.48048780487805,6.023594081356414,13.969658471635608,27.802111697267932,1.8966628963189888e-08
4030,27/5/2018,16:0:16,51.539982,-0.029318,4.74,6.9,507,-0.14837064652591334,29.48780487804878,5.847852784413389,15.123429002898877,29.006566416417527,2.1224432510971402e-08
4031,27/5/2018,16:0:16,51.539982,-0.029318,4.74,7.2,513,-0.029573683092198152,29.495121951219513,6.194459867595596,13.43876857677868,26.904612064235017,1.8481994742731852e-08
4032,27/5/2018,16:0:17,51.53997,-0.029306,4.46,7.2,508,-0.12857115262029412,29.502439024390245,6.680026615538366,10.999004029938435,23.923057978243754,1.4409349236833366e-08
4033,27/5/2018,16:0:17,51.53997,-0.029306,4.46,7.6,512,-0.04937317699781735,29.509756097560977,7.165593363481135,8.559239483098189,20.94150389225249,1.033670373093488e-08
4034,27/5/2018,16:0:18,51.539959,-0.0293,5.26,7.6,508,-0.12857115262029412,29.51707317073171,7.416492379883844,7.270782655588952,19.21963524218531,8.084384119249533e-09
4035,27/5/2018,16:0:18,51.539959,-0.0293,5.26,7.4,512,-0.04937317699781735,29.52439024390244,7.521400215581278,6.6985758731846055,18.2814404398214,6.964523260288761e-09
4036,27/5/2018,16:0:19,51.539948,-0.029297,4.89,7.4,508,-0.12857115262029412,29.531707317073174,7.626308051278711,6.12636909078026,17.343245637457485,5.844662401327989e-09
4037,27/5/2018,16:0:19,51.539948,-0.029297,4.89,7.6,513,-0.029573683092198152,29.539024390243902,7.52812166462044,5.852268458504211,16.94284550278305,5.3641167323952954e-09
4038,27/5/2018,16:0:20,51.539932,-0.029298,4.91,7.6,508,-0.12857115262029412,29.546341463414635,7.174664341367608,5.952860100902901,17.218404274886694,5.687132018789002e-09
4039,27/5/2018,16:0:20,51.539932,-0.029298,4.91,7.6,513,-0.029573683092198152,29.553658536585367,6.821207018114775,6.053451743301592,17.49396304699034,6.010147305182709e-09
4040,27/5/2018,16:0:21,51.539921,-0.029297,4.91,7.6,509,-0.10877165871467494,29.5609756097561,6.479601554754238,6.058566685958586,17.548281401381995,6.230928201076986e-09
4041,27/5/2018,16:0:21,51.539921,-0.029297,4.91,7.9,512,-0.04937317699781735,29.56829268292683,6.170090449655826,5.805134579035026,17.003489633595596,6.174862493550697e-09
4042,27/5/2018,16:0:22,51.539909,-0.029296,4.96,7.9,509,-0.10877165871467494,29.575609756097563,5.860579344557414,5.551702472111466,16.458697865809196,6.118796786024409e-09
4043,27/5/2018,16:0:22,51.539909,-0.029296,4.96,7.9,513,-0.029573683092198152,29.582926829268295,5.581356194983353,5.360107349451984,16.041756735319357,6.107957573155597e-09
4044,27/5/2018,16:0:23,51.539894,-0.029297,5.28,7.9,510,-0.08897216480905573,29.590243902439028,5.586373858789848,5.7488285406516955,16.824644662528083,6.521551617838865e-09
4045,27/5/2018,16:0:23,51.539894,-0.029297,5.28,7.7,513,-0.029573683092198152,29.597560975609756,5.59139152259634,6.137549731851219,17.607532589736426,6.9351456625219336e-09
4046,27/5/2018,16:0:24,51.539883,-0.029296,4.56,7.7,508,-0.12857115262029412,29.60487804878049,5.596409186402835,6.526270923050931,18.390420516945152,7.348739707205203e-09
4047,27/5/2018,16:0:24,51.539883,-0.029296,4.56,7.9,513,-0.029573683092198152,29.61219512195122,5.681344975194922,6.902532695639396,18.886724243604142,7.767406595075713e-09
4048,27/5/2018,16:0:25,51.539867,-0.029296,5.13,7.9,508,-0.12857115262029412,29.619512195121953,5.772956970988267,7.277753632275077,19.359087275376897,8.186497258544172e-09
4049,27/5/2018,16:0:25,51.539867,-0.029296,5.13,7.5,513,-0.029573683092198152,29.626829268292685,5.864568966781611,7.65297456891076,19.83145030714965,8.605587922012633e-09
4050,27/5/2018,16:0:26,51.539856,-0.0293,5.11,7.5,509,-0.10877165871467494,29.634146341463417,5.527621350364514,9.483683953237044,21.927661331191786,1.594965290075666e-08
4051,27/5/2018,16:0:26,51.539856,-0.0293,5.11,7.5,513,-0.029573683092198152,29.64146341463415,5.047445965203677,11.80082826249659,24.56657427600553,2.56080951365381e-08
4052,27/5/2018,16:0:27,51.539841,-0.029304,5.37,7.5,508,-0.12857115262029412,29.64878048780488,4.567270580042839,14.117972571756134,27.205487220819272,3.5266537372319535e-08
4053,27/5/2018,16:0:27,51.539841,-0.029304,5.37,8.1,518,0.06942378643589782,29.65609756097561,4.331519072421066,15.256482271642483,28.32788786266073,3.921712849230407e-08
4054,27/5/2018,16:0:28,51.539829,-0.029307,4.48,8.1,508,-0.12857115262029412,29.663414634146342,4.275606072439644,15.527794006513858,28.334491995050072,3.8968083157644344e-08
4055,27/5/2018,16:0:28,51.539829,-0.029307,4.48,8.7,513,-0.029573683092198152,29.670731707317074,4.219693072458222,15.799105741385233,28.341096127439418,3.8719037822984616e-08
4056,27/5/2018,16:0:29,51.539818,-0.029308,4.19,8.7,508,-0.12857115262029412,29.678048780487806,4.0522252839149,15.410837012373467,27.83930747407169,3.546105624791252e-08
4057,27/5/2018,16:0:29,51.539818,-0.029308,4.19,9.2,513,-0.029573683092198152,29.68536585365854,3.7193096839572064,14.044339149427335,26.583517358044304,2.7740496937906442e-08
4058,27/5/2018,16:0:30,51.539806,-0.029311,3.5,9.2,510,-0.08897216480905573,29.69268292682927,3.3863940839995137,12.677841286481204,25.327727242016923,2.0019937627900362e-08
4059,27/5/2018,16:0:30,51.539806,-0.029311,3.5,9.6,515,0.01002530471904024,29.700000000000003,3.040457985829379,12.029255236383586,24.85536919268583,1.5414267449251317e-08
4060,27/5/2018,16:0:31,51.539795,-0.029311,2.83,9.6,511,-0.06917267090343654,29.707317073170735,2.6507654605749664,13.79326933255613,27.015797350346748,2.1276431675094847e-08
4061,27/5/2018,16:0:31,51.539795,-0.029311,2.83,9.8,516,0.029824798624659435,29.714634146341464,2.2610729353207435,15.557283428727818,29.176225508006617,2.7138595900935532e-08
4062,27/5/2018,16:0:32,51.539783,-0.029312,4.2,9.8,510,-0.08897216480905573,29.721951219512196,1.9186554217892293,17.119013099579746,31.104845771765348,3.2335526626296645e-08
4063,27/5/2018,16:0:32,51.539783,-0.029312,4.2,9.7,514,-0.009774189186578956,29.729268292682928,2.374163443960887,15.266509699809648,29.120924691139066,2.6304394620516824e-08
4064,27/5/2018,16:0:33,51.539772,-0.029315,4.69,9.7,509,-0.10877165871467494,29.73658536585366,2.829671466132545,13.414006300039553,27.137003610512785,2.0273262614737003e-08
4065,27/5/2018,16:0:33,51.539772,-0.029315,4.69,9.7,514,-0.009774189186578956,29.743902439024392,3.2851794883042027,11.561502900269456,25.153082529886504,1.4242130608957183e-08
4066,27/5/2018,16:0:34,51.539761,-0.029318,4.91,9.7,509,-0.10877165871467494,29.751219512195124,4.423747695937465,10.205115212885724,23.169146915756098,1.402352893675286e-08
4067,27/5/2018,16:0:34,51.539761,-0.029318,4.91,9.9,513,-0.029573683092198152,29.758536585365857,5.653226791563595,8.91475731456045,21.185209367310396,1.4578537416857062e-08
4068,27/5/2018,16:0:35,51.539745,-0.029322,4.46,9.9,509,-0.10877165871467494,29.76585365853659,6.882705887189726,7.624399416235176,19.201271818864694,1.5133545896961264e-08
4069,27/5/2018,16:0:35,51.539745,-0.029322,4.46,9.8,513,-0.029573683092198152,29.773170731707317,8.099440454119366,7.331230005518739,17.683388715776527,1.5562142904523753e-08
4070,27/5/2018,16:0:36,51.539734,-0.029328,4.94,9.8,504,-0.2077691282427709,29.78048780487805,9.310947889689363,7.447054551347592,16.356656487312303,1.5938892614459236e-08
4071,27/5/2018,16:0:37,51.539722,-0.029334,4.57,9.8,507,-0.14837064652591334,29.78780487804878,10.522455325259358,7.562879097176445,15.029924258848078,1.6315642324394716e-08
4072,27/5/2018,16:0:38,51.539711,-0.029341,4.93,9.8,511,-0.06917267090343654,29.795121951219514,10.06043383224691,7.552372262222904,14.863243321962042,1.6565866076597535e-08
4073,27/5/2018,16:0:39,51.539696,-0.029348,4.54,9.8,511,-0.06917267090343654,29.802439024390246,8.14824096799402,7.432394865648966,15.701787417930467,1.6706450659444553e-08
4074,27/5/2018,16:0:39,51.539696,-0.029348,4.54,10.3,515,0.01002530471904024,29.809756097560978,6.236048103741132,7.312417469075028,16.54033151389889,1.6847035242291567e-08
4075,27/5/2018,16:0:40,51.539684,-0.029353,4.8,10.3,510,-0.08897216480905573,29.81707317073171,4.743607621594202,7.613439713783908,17.944125986103188,1.6789360894524226e-08
4076,27/5/2018,16:0:40,51.539684,-0.029353,4.8,10.5,514,-0.009774189186578956,29.824390243902442,3.989805248633694,8.65529486918442,20.342591333133836,1.6382810380995566e-08
4077,27/5/2018,16:0:41,51.539673,-0.029357,4.52,10.5,510,-0.08897216480905573,29.83170731707317,3.2360028756735524,9.697150024584424,22.74105668016332,1.5976259867467098e-08
4078,27/5/2018,16:0:41,51.539673,-0.029357,4.52,10.9,514,-0.009774189186578956,29.839024390243903,2.670206931578745,10.485617091877572,24.574970511223583,1.5353112574046323e-08
4079,27/5/2018,16:0:42,51.539665,-0.029359,3.78,10.9,510,-0.08897216480905573,29.846341463414635,2.9113345801740027,10.186542485015956,23.98582923574351,1.3800331901330349e-08
4080,27/5/2018,16:0:42,51.539665,-0.029359,3.78,11.4,514,-0.009774189186578956,29.853658536585368,3.1524622287692603,9.887467878154341,23.396687960263435,1.2247551228614377e-08
4081,27/5/2018,16:0:43,51.539654,-0.029365,4.35,11.4,509,-0.10877165871467494,29.8609756097561,3.3891623930823798,9.598069365384706,22.817839897263667,1.076424482344743e-08
4082,27/5/2018,16:0:43,51.539654,-0.029365,4.35,11.7,513,-0.029573683092198152,29.868292682926832,3.345942386085291,9.92042546160781,22.889762704855915,1.3673330945213107e-08
4083,27/5/2018,16:0:44,51.539639,-0.02937,4.17,11.7,509,-0.10877165871467494,29.875609756097564,3.3027223790882023,10.242781557830913,22.96168551244816,1.6582417066978783e-08
4084,27/5/2018,16:0:44,51.539639,-0.02937,4.17,11.6,515,0.01002530471904024,29.882926829268296,3.2595023720911134,10.565137654054015,23.033608320040408,1.9491503188744458e-08
4085,27/5/2018,16:0:45,51.539631,-0.029374,4.96,11.6,511,-0.06917267090343654,29.890243902439025,3.1232754577791675,10.951322318710565,23.50955584815389,2.069765084686533e-08
4086,27/5/2018,16:0:46,51.539619,-0.02938,4.33,11.6,511,-0.06917267090343654,29.897560975609757,2.9696191391884916,11.349468395222353,24.061217217269743,2.158466948756833e-08
4087,27/5/2018,16:0:46,51.539619,-0.02938,4.33,11.9,515,0.01002530471904024,29.90487804878049,2.815962820597816,11.747614471734138,24.612878586385595,2.247168812827133e-08
4088,27/5/2018,16:0:47,51.539612,-0.029383,3.04,11.9,509,-0.10877165871467494,29.91219512195122,2.8808174633943504,11.923616003149036,24.969318621263838,2.1140666333372666e-08
4089,27/5/2018,16:0:47,51.539612,-0.029383,3.04,12.5,514,-0.009774189186578956,29.919512195121953,3.053890351308308,11.989599745615608,25.229074672571855,1.871115299362674e-08
4090,27/5/2018,16:0:48,51.5396,-0.029388,4.69,12.5,509,-0.10877165871467494,29.926829268292686,3.2269632392222656,12.05558348808218,25.48883072387987,1.6281639653880812e-08
4091,27/5/2018,16:0:48,51.5396,-0.029388,4.69,12.2,514,-0.009774189186578956,29.934146341463418,3.1750497872849257,12.188153709279343,25.667355756909647,1.5052683235458537e-08
4092,27/5/2018,16:0:49,51.539593,-0.029395,3.91,12.2,509,-0.10877165871467494,29.94146341463415,2.893961967809394,12.388549888975874,25.763137689844083,1.5046631609032955e-08
4093,27/5/2018,16:0:49,51.539593,-0.029395,3.91,11.7,514,-0.009774189186578956,29.94878048780488,2.6128741483339986,12.588946068672307,25.85891962277847,1.5040579982607373e-08
4094,27/5/2018,16:0:50,51.539581,-0.029403,4.39,11.7,511,-0.06917267090343654,29.95609756097561,2.268927838073993,13.808480101162264,27.52744541034618,9.847804011798656e-07
4095,27/5/2018,16:0:50,51.539581,-0.029403,4.39,11.3,515,0.01002530471904024,29.963414634146343,1.7926245648242745,17.173945246222203,32.507593821399034,3.996449912334865e-06
4096,27/5/2018,16:0:51,51.53957,-0.029411,4.39,11.3,512,-0.04937317699781735,29.970731707317075,1.3163212915745557,20.539410391282146,37.48774223245189,7.008119423489865e-06
4097,27/5/2018,16:0:51,51.53957,-0.029411,4.39,11.4,516,0.029824798624659435,29.976961451247167,0.9107974767684937,23.404761819396334,41.727832308195865,9.572249837219715e-06
4098,27/5/2018,16:0:52,51.539562,-0.029414,2.83,11.4,510,-0.08897216480905573,29.976961451247167,0.9107974767684937,23.404761819396334,41.727832308195865,9.572249837219715e-06
4099,27/5/2018,16:0:52,51.539562,-0.029414,2.83,11.6,515,0.01002530471904024,29.976961451247167,0.9107974767684937,23.404761819396334,41.727832308195865,9.572249837219715e-06