source_idx,target_idx,source_x,source_y,source_z,target_x,target_y,target_z,weight
0,5,10.875112,2.974778,5.977921,10.199663,3.2751892,6.129283,0.33252355
0,15,10.875112,2.974778,5.977921,10.605002,3.3089995,5.8214917,0.23630099
0,16,10.875112,2.974778,5.977921,10.691866,3.1643476,5.8207307,1.0
0,18,10.875112,2.974778,5.977921,10.471566,2.949894,5.7993345,0.35113615
0,21,10.875112,2.974778,5.977921,10.859293,2.9586194,6.0873656,0.56220645
0,23,10.875112,2.974778,5.977921,10.626841,3.3131957,5.8405757,0.19581217
0,24,10.875112,2.974778,5.977921,11.080333,2.8320312,6.062064,0.83450425
0,26,10.875112,2.974778,5.977921,10.508585,3.1837778,5.9481115,0.6375463
0,28,10.875112,2.974778,5.977921,11.226265,2.6513712,6.1275344,0.50778425
0,32,10.875112,2.974778,5.977921,11.008297,2.8750348,6.20914,0.23126873
0,33,10.875112,2.974778,5.977921,10.75499,3.266381,5.7251177,0.2025614
0,41,10.875112,2.974778,5.977921,10.971498,2.9168243,6.1281033,0.25491133
0,71,10.875112,2.974778,5.977921,11.075578,2.072343,4.9153643,0.18496881
0,76,10.875112,2.974778,5.977921,10.907941,2.245741,4.9803333,0.027138995
0,99,10.875112,2.974778,5.977921,10.871017,2.9710946,5.966107,0.7340334
0,139,10.875112,2.974778,5.977921,10.822701,2.8492303,5.7995677,0.99999994
0,141,10.875112,2.974778,5.977921,10.344593,3.1642048,5.3316693,0.024152262
1,5,9.860221,3.2128804,6.2913704,10.199663,3.2751892,6.129283,0.42800164
1,10,9.860221,3.2128804,6.2913704,10.034062,3.1575954,5.52166,0.0808184
1,18,9.860221,3.2128804,6.2913704,10.471566,2.949894,5.7993345,0.75279456
1,19,9.860221,3.2128804,6.2913704,10.080209,3.370322,6.0980473,0.7068643
1,26,9.860221,3.2128804,6.2913704,10.508585,3.1837778,5.9481115,0.011221139
1,27,9.860221,3.2128804,6.2913704,9.466029,3.1511974,6.188851,0.035953492
1,44,9.860221,3.2128804,6.2913704,9.622536,3.2787094,6.3177776,0.6080269
1,50,9.860221,3.2128804,6.2913704,9.625917,3.2529693,6.160657,1.0
1,56,9.860221,3.2128804,6.2913704,9.569546,3.5567935,5.6907086,0.3595851
1,65,9.860221,3.2128804,6.2913704,11.4782,1.6543014,6.209696,0.072545394
1,70,9.860221,3.2128804,6.2913704,9.406121,2.903538,6.621302,0.3375282
1,116,9.860221,3.2128804,6.2913704,9.777507,3.6957846,6.2497725,0.12490163
1,128,9.860221,3.2128804,6.2913704,9.50821,3.2799451,5.934517,0.11925615
1,129,9.860221,3.2128804,6.2913704,9.740548,2.679129,6.6373277,0.62302774
1,135,9.860221,3.2128804,6.2913704,9.465977,3.2554653,6.6482496,0.36265332
1,137,9.860221,3.2128804,6.2913704,9.439189,2.8714862,6.665036,0.59553677
1,285,9.860221,3.2128804,6.2913704,9.670098,3.4547172,6.6564717,0.11711117
2,11,9.234901,2.927514,6.097882,10.541508,1.9594339,5.084985,0.19756569
2,22,9.234901,2.927514,6.097882,9.556016,3.1953576,6.3452654,0.3288421
2,27,9.234901,2.927514,6.097882,9.466029,3.1511974,6.188851,0.28837606
2,49,9.234901,2.927514,6.097882,11.373211,1.5964844,6.2712355,0.117053725
2,66,9.234901,2.927514,6.097882,9.120002,2.7861,6.3491483,0.40002933
2,78,9.234901,2.927514,6.097882,9.352942,2.9682505,5.487685,0.17249168
2,83,9.234901,2.927514,6.097882,10.681094,2.1431441,5.3523946,0.11025395
2,98,9.234901,2.927514,6.097882,9.297371,2.9454048,5.7919674,0.4654746
2,100,9.234901,2.927514,6.097882,9.060883,2.6801867,6.2368636,0.1024618
2,106,9.234901,2.927514,6.097882,9.217525,3.026383,6.052286,1.0
2,113,9.234901,2.927514,6.097882,10.240724,2.6847281,6.205801,0.43261042
2,120,9.234901,2.927514,6.097882,9.171327,3.12144,6.0262923,0.48963875
2,122,9.234901,2.927514,6.097882,9.035106,3.4317935,5.895477,0.17225073
2,124,9.234901,2.927514,6.097882,9.29915,3.08902,5.904319,0.38612065
2,134,9.234901,2.927514,6.097882,9.240311,2.9989562,6.4248133,0.43546495
2,329,9.234901,2.927514,6.097882,12.973415,0.4216673,6.374997,0.3578372
3,4,10.59433,1.9088179,4.996853,11.479083,1.3392807,4.883576,0.068581425
3,11,10.59433,1.9088179,4.996853,10.541508,1.9594339,5.084985,0.9895123
3,17,10.59433,1.9088179,4.996853,10.902183,2.1239972,4.825353,0.2319101
3,20,10.59433,1.9088179,4.996853,10.806154,2.2520027,4.7911134,0.08999657
3,53,10.59433,1.9088179,4.996853,10.711441,1.9454539,4.991181,0.90317166
3,64,10.59433,1.9088179,4.996853,10.627707,2.3062434,4.762956,0.23278998
3,76,10.59433,1.9088179,4.996853,10.907941,2.245741,4.9803333,0.01477537
3,80,10.59433,1.9088179,4.996853,11.003786,1.9824042,4.8689013,0.3977208
3,81,10.59433,1.9088179,4.996853,10.420862,2.5775936,5.070078,0.52983034
3,82,10.59433,1.9088179,4.996853,11.189298,1.9422542,4.9784846,0.00355436
3,83,10.59433,1.9088179,4.996853,10.681094,2.1431441,5.3523946,0.08993738
3,84,10.59433,1.9088179,4.996853,9.514998,2.7706316,5.100206,0.12791523
3,90,10.59433,1.9088179,4.996853,10.463488,2.2874494,5.183122,0.05985058
3,98,10.59433,1.9088179,4.996853,9.297371,2.9454048,5.7919674,0.034741748
3,101,10.59433,1.9088179,4.996853,11.338562,1.5825276,4.85583,0.11322748
3,111,10.59433,1.9088179,4.996853,11.29472,1.270357,4.8510246,0.13431577
3,115,10.59433,1.9088179,4.996853,10.811174,1.5680985,4.9784627,1.0
3,126,10.59433,1.9088179,4.996853,10.196828,2.359293,5.0685086,0.99999994
3,143,10.59433,1.9088179,4.996853,10.218512,2.3101387,5.184448,0.0037452588
4,3,11.479083,1.3392807,4.883576,10.59433,1.9088179,4.996853,0.068581425
4,8,11.479083,1.3392807,4.883576,11.4986725,1.3316464,4.8735027,0.9554237
4,30,11.479083,1.3392807,4.883576,11.720957,1.1650677,4.8552604,0.19193034
4,31,11.479083,1.3392807,4.883576,11.328723,1.6283506,4.883606,0.61300594
4,43,11.479083,1.3392807,4.883576,12.026046,0.93140393,4.980499,0.16531439
4,53,11.479083,1.3392807,4.883576,10.711441,1.9454539,4.991181,0.06775535
4,79,11.479083,1.3392807,4.883576,11.625175,1.2385032,5.0364914,1.0
4,80,11.479083,1.3392807,4.883576,11.003786,1.9824042,4.8689013,0.09757138
4,82,11.479083,1.3392807,4.883576,11.189298,1.9422542,4.9784846,0.087857716
4,97,11.479083,1.3392807,4.883576,11.3862,1.6662368,4.924576,0.07809333
4,101,11.479083,1.3392807,4.883576,11.338562,1.5825276,4.85583,0.6286167
4,108,11.479083,1.3392807,4.883576,11.53653,1.3355758,4.926425,1.0
4,111,11.479083,1.3392807,4.883576,11.29472,1.270357,4.8510246,0.32882324
4,115,11.479083,1.3392807,4.883576,10.811174,1.5680985,4.9784627,0.17754729
4,131,11.479083,1.3392807,4.883576,11.905195,1.0270265,5.2497697,0.06970404
5,0,10.199663,3.2751892,6.129283,10.875112,2.974778,5.977921,0.33252355
5,1,10.199663,3.2751892,6.129283,9.860221,3.2128804,6.2913704,0.42800164
5,7,10.199663,3.2751892,6.129283,9.735829,3.556369,6.6220007,0.116718695
5,10,10.199663,3.2751892,6.129283,10.034062,3.1575954,5.52166,0.24935956
5,15,10.199663,3.2751892,6.129283,10.605002,3.3089995,5.8214917,0.3192785
5,16,10.199663,3.2751892,6.129283,10.691866,3.1643476,5.8207307,0.35558754
5,18,10.199663,3.2751892,6.129283,10.471566,2.949894,5.7993345,0.28036687
5,19,10.199663,3.2751892,6.129283,10.080209,3.370322,6.0980473,1.0
5,21,10.199663,3.2751892,6.129283,10.859293,2.9586194,6.0873656,0.21530607
5,23,10.199663,3.2751892,6.129283,10.626841,3.3131957,5.8405757,0.2114649
5,24,10.199663,3.2751892,6.129283,11.080333,2.8320312,6.062064,0.11558116
5,25,10.199663,3.2751892,6.129283,9.525912,3.904014,6.0874515,0.14144261
5,26,10.199663,3.2751892,6.129283,10.508585,3.1837778,5.9481115,0.7563768
5,32,10.199663,3.2751892,6.129283,11.008297,2.8750348,6.20914,0.13438055
5,44,10.199663,3.2751892,6.129283,9.622536,3.2787094,6.3177776,0.7238653
5,50,10.199663,3.2751892,6.129283,9.625917,3.2529693,6.160657,0.82856774
5,56,10.199663,3.2751892,6.129283,9.569546,3.5567935,5.6907086,0.14314856
5,99,10.199663,3.2751892,6.129283,10.871017,2.9710946,5.966107,0.06890041
5,116,10.199663,3.2751892,6.129283,9.777507,3.6957846,6.2497725,0.3258801
5,128,10.199663,3.2751892,6.129283,9.50821,3.2799451,5.934517,0.17382216
5,139,10.199663,3.2751892,6.129283,10.822701,2.8492303,5.7995677,0.20467107
5,141,10.199663,3.2751892,6.129283,10.344593,3.1642048,5.3316693,0.04971719
5,285,10.199663,3.2751892,6.129283,9.670098,3.4547172,6.6564717,0.114495814
6,9,12.250249,1.3833795,5.7515097,11.392122,1.4639525,4.8138804,0.14181666
6,12,12.250249,1.3833795,5.7515097,12.220359,0.87713814,5.205713,0.2376682
6,34,12.250249,1.3833795,5.7515097,12.082217,1.8256388,6.0748124,0.29245624
6,40,12.250249,1.3833795,5.7515097,12.145672,1.709857,6.0315847,1.0
6,45,12.250249,1.3833795,5.7515097,12.000788,1.8494203,6.0962286,0.17307892
6,55,12.250249,1.3833795,5.7515097,12.088935,0.923979,5.0553913,0.18900162
6,63,12.250249,1.3833795,5.7515097,12.387812,1.0296801,5.726947,0.7698658
6,91,12.250249,1.3833795,5.7515097,12.210212,1.4038215,6.2609563,0.28357795
6,95,12.250249,1.3833795,5.7515097,12.341072,1.0223422,5.590947,0.71957666
6,97,12.250249,1.3833795,5.7515097,11.3862,1.6662368,4.924576,0.40071088
6,103,12.250249,1.3833795,5.7515097,12.4185705,0.9668349,5.659014,0.29388398
6,107,12.250249,1.3833795,5.7515097,12.33757,0.83594453,5.7431455,0.21977913
6,121,12.250249,1.3833795,5.7515097,12.159285,1.192618,6.3139243,0.06849316
6,127,12.250249,1.3833795,5.7515097,12.224508,1.5293232,6.120227,0.52936554
6,140,12.250249,1.3833795,5.7515097,11.98842,1.7044951,6.1635137,0.14088035
7,5,9.735829,3.556369,6.6220007,10.199663,3.2751892,6.129283,0.116718695
7,22,9.735829,3.556369,6.6220007,9.556016,3.1953576,6.3452654,1.0
7,23,9.735829,3.556369,6.6220007,10.626841,3.3131957,5.8405757,0.17399588
7,25,9.735829,3.556369,6.6220007,9.525912,3.904014,6.0874515,0.41817275
7,27,9.735829,3.556369,6.6220007,9.466029,3.1511974,6.188851,0.342756
7,32,9.735829,3.556369,6.6220007,11.008297,2.8750348,6.20914,0.25892967
7,41,9.735829,3.556369,6.6220007,10.971498,2.9168243,6.1281033,0.078235574
7,44,9.735829,3.556369,6.6220007,9.622536,3.2787094,6.3177776,0.3962845
7,50,9.735829,3.556369,6.6220007,9.625917,3.2529693,6.160657,0.1441688
7,102,9.735829,3.556369,6.6220007,9.294113,4.1385336,5.615341,0.16368803
7,116,9.735829,3.556369,6.6220007,9.777507,3.6957846,6.2497725,0.43337172
7,135,9.735829,3.556369,6.6220007,9.465977,3.2554653,6.6482496,0.37041792
7,271,9.735829,3.556369,6.6220007,13.949896,-0.25141296,5.629537,0.11609588
7,285,9.735829,3.556369,6.6220007,9.670098,3.4547172,6.6564717,0.65130126
7,287,9.735829,3.556369,6.6220007,9.419831,3.322447,6.9108925,0.16696565
7,295,9.735829,3.556369,6.6220007,9.310273,3.3932543,6.800622,0.33382407
7,297,9.735829,3.556369,6.6220007,9.376651,3.32809,6.8099456,0.2583418
7,319,9.735829,3.556369,6.6220007,9.507223,3.372532,6.810794,0.630924
8,4,11.4986725,1.3316464,4.8735027,11.479083,1.3392807,4.883576,0.9554237
8,9,11.4986725,1.3316464,4.8735027,11.392122,1.4639525,4.8138804,0.19165061
8,30,11.4986725,1.3316464,4.8735027,11.720957,1.1650677,4.8552604,0.7263001
8,31,11.4986725,1.3316464,4.8735027,11.328723,1.6283506,4.883606,0.4187311
8,43,11.4986725,1.3316464,4.8735027,12.026046,0.93140393,4.980499,0.35229075
8,55,11.4986725,1.3316464,4.8735027,12.088935,0.923979,5.0553913,0.20246361
8,79,11.4986725,1.3316464,4.8735027,11.625175,1.2385032,5.0364914,0.35609898
8,80,11.4986725,1.3316464,4.8735027,11.003786,1.9824042,4.8689013,0.0820435
8,82,11.4986725,1.3316464,4.8735027,11.189298,1.9422542,4.9784846,0.05939837
8,97,11.4986725,1.3316464,4.8735027,11.3862,1.6662368,4.924576,0.13258947
8,101,11.4986725,1.3316464,4.8735027,11.338562,1.5825276,4.85583,0.4278008
8,108,11.4986725,1.3316464,4.8735027,11.53653,1.3355758,4.926425,1.0
8,111,11.4986725,1.3316464,4.8735027,11.29472,1.270357,4.8510246,0.45505527
8,115,11.4986725,1.3316464,4.8735027,10.811174,1.5680985,4.9784627,0.08315261
8,131,11.4986725,1.3316464,4.8735027,11.905195,1.0270265,5.2497697,0.09513397
9,6,11.392122,1.4639525,4.8138804,12.250249,1.3833795,5.7515097,0.14181666
9,8,11.392122,1.4639525,4.8138804,11.4986725,1.3316464,4.8735027,0.19165061
9,17,11.392122,1.4639525,4.8138804,10.902183,2.1239972,4.825353,0.03949011
9,30,11.392122,1.4639525,4.8138804,11.720957,1.1650677,4.8552604,1.0
9,31,11.392122,1.4639525,4.8138804,11.328723,1.6283506,4.883606,0.11133441
9,55,11.392122,1.4639525,4.8138804,12.088935,0.923979,5.0553913,0.109329276
9,77,11.392122,1.4639525,4.8138804,11.146273,1.8772044,4.815119,0.66039664
9,80,11.392122,1.4639525,4.8138804,11.003786,1.9824042,4.8689013,0.08620376
9,95,11.392122,1.4639525,4.8138804,12.341072,1.0223422,5.590947,0.037959617
9,97,11.392122,1.4639525,4.8138804,11.3862,1.6662368,4.924576,0.51892364
9,101,11.392122,1.4639525,4.8138804,11.338562,1.5825276,4.85583,0.139301
9,108,11.392122,1.4639525,4.8138804,11.53653,1.3355758,4.926425,0.11989327
9,111,11.392122,1.4639525,4.8138804,11.29472,1.270357,4.8510246,0.6568473
9,131,11.392122,1.4639525,4.8138804,11.905195,1.0270265,5.2497697,0.09374307
10,1,10.034062,3.1575954,5.52166,9.860221,3.2128804,6.2913704,0.0808184
10,5,10.034062,3.1575954,5.52166,10.199663,3.2751892,6.129283,0.24935956
10,13,10.034062,3.1575954,5.52166,10.004769,3.3624938,5.0683227,0.08197522
10,16,10.034062,3.1575954,5.52166,10.691866,3.1643476,5.8207307,0.10110365
10,18,10.034062,3.1575954,5.52166,10.471566,2.949894,5.7993345,1.0
10,19,10.034062,3.1575954,5.52166,10.080209,3.370322,6.0980473,0.18364131
10,20,10.034062,3.1575954,5.52166,10.806154,2.2520027,4.7911134,0.111605145
10,26,10.034062,3.1575954,5.52166,10.508585,3.1837778,5.9481115,0.30074474
10,42,10.034062,3.1575954,5.52166,9.513288,3.075606,5.068268,0.3096865
10,46,10.034062,3.1575954,5.52166,9.595137,3.2057085,4.9928617,0.18367927
10,50,10.034062,3.1575954,5.52166,9.625917,3.2529693,6.160657,0.25664303
10,56,10.034062,3.1575954,5.52166,9.569546,3.5567935,5.6907086,0.4628857
10,68,10.034062,3.1575954,5.52166,9.585762,2.9991822,5.1613035,0.64925903
10,76,10.034062,3.1575954,5.52166,10.907941,2.245741,4.9803333,0.15588045
10,81,10.034062,3.1575954,5.52166,10.420862,2.5775936,5.070078,0.058686726
10,86,10.034062,3.1575954,5.52166,9.179975,4.0035076,4.983541,0.040170696
10,88,10.034062,3.1575954,5.52166,9.23888,3.8906603,5.0773993,0.039236933
10,94,10.034062,3.1575954,5.52166,9.660437,2.873443,5.0520577,0.20350689
10,128,10.034062,3.1575954,5.52166,9.50821,3.2799451,5.934517,0.33966434
10,141,10.034062,3.1575954,5.52166,10.344593,3.1642048,5.3316693,0.86177623
10,144,10.034062,3.1575954,5.52166,9.533692,3.329295,5.3577943,1.0
11,2,10.541508,1.9594339,5.084985,9.234901,2.927514,6.097882,0.19756569
11,3,10.541508,1.9594339,5.084985,10.59433,1.9088179,4.996853,0.9895123
11,49,10.541508,1.9594339,5.084985,11.373211,1.5964844,6.2712355,0.013846475
11,51,10.541508,1.9594339,5.084985,11.581452,1.4432619,6.1659365,0.14223783
11,53,10.541508,1.9594339,5.084985,10.711441,1.9454539,4.991181,0.8832586
11,79,10.541508,1.9594339,5.084985,11.625175,1.2385032,5.0364914,0.15977171
11,81,10.541508,1.9594339,5.084985,10.420862,2.5775936,5.070078,0.07027012
11,83,10.541508,1.9594339,5.084985,10.681094,2.1431441,5.3523946,1.0
11,84,10.541508,1.9594339,5.084985,9.514998,2.7706316,5.100206,0.15525997
11,90,10.541508,1.9594339,5.084985,10.463488,2.2874494,5.183122,0.25806674
11,98,10.541508,1.9594339,5.084985,9.297371,2.9454048,5.7919674,0.1851752
11,111,10.541508,1.9594339,5.084985,11.29472,1.270357,4.8510246,0.0805503
11,113,10.541508,1.9594339,5.084985,10.240724,2.6847281,6.205801,0.08546367
11,115,10.541508,1.9594339,5.084985,10.811174,1.5680985,4.9784627,0.88796514
11,124,10.541508,1.9594339,5.084985,9.29915,3.08902,5.904319,0.013542766
11,125,10.541508,1.9594339,5.084985,12.880971,0.45562276,6.2702613,0.117955364
11,126,10.541508,1.9594339,5.084985,10.196828,2.359293,5.0685086,0.61786985
11,143,10.541508,1.9594339,5.084985,10.218512,2.3101387,5.184448,0.03207107
12,6,12.220359,0.87713814,5.205713,12.250249,1.3833795,5.7515097,0.2376682
12,14,12.220359,0.87713814,5.205713,12.229178,0.80292934,5.083406,0.6234975
12,30,12.220359,0.87713814,5.205713,11.720957,1.1650677,4.8552604,0.30686697
12,38,12.220359,0.87713814,5.205713,12.419446,0.7500022,5.5016155,0.5752557
12,43,12.220359,0.87713814,5.205713,12.026046,0.93140393,4.980499,0.6127515
12,47,12.220359,0.87713814,5.205713,12.411848,0.7518171,5.866369,0.15635854
12,55,12.220359,0.87713814,5.205713,12.088935,0.923979,5.0553913,1.0
12,63,12.220359,0.87713814,5.205713,12.387812,1.0296801,5.726947,0.41351002
12,95,12.220359,0.87713814,5.205713,12.341072,1.0223422,5.590947,0.72674054
12,103,12.220359,0.87713814,5.205713,12.4185705,0.9668349,5.659014,0.19319439
12,105,12.220359,0.87713814,5.205713,12.358022,0.7456528,5.3302794,0.6466823
12,107,12.220359,0.87713814,5.205713,12.33757,0.83594453,5.7431455,0.39130852
12,108,12.220359,0.87713814,5.205713,11.53653,1.3355758,4.926425,0.0898435
12,131,12.220359,0.87713814,5.205713,11.905195,1.0270265,5.2497697,0.15542395
13,10,10.004769,3.3624938,5.0683227,10.034062,3.1575954,5.52166,0.08197522
13,20,10.004769,3.3624938,5.0683227,10.806154,2.2520027,4.7911134,0.07714509
13,33,10.004769,3.3624938,5.0683227,10.75499,3.266381,5.7251177,0.10882178
13,35,10.004769,3.3624938,5.0683227,9.982329,3.6637824,5.303128,0.69950426
13,37,10.004769,3.3624938,5.0683227,9.866995,3.490644,5.2030563,1.0
13,42,10.004769,3.3624938,5.0683227,9.513288,3.075606,5.068268,0.20079306
13,46,10.004769,3.3624938,5.0683227,9.595137,3.2057085,4.9928617,0.47226816
13,48,10.004769,3.3624938,5.0683227,9.602788,3.7100995,5.100214,0.5074667
13,64,10.004769,3.3624938,5.0683227,10.627707,2.3062434,4.762956,0.35025454
13,74,10.004769,3.3624938,5.0683227,9.154631,3.9107535,4.959477,0.05926991
13,81,10.004769,3.3624938,5.0683227,10.420862,2.5775936,5.070078,0.15065062
13,86,10.004769,3.3624938,5.0683227,9.179975,4.0035076,4.983541,0.14366901
13,88,10.004769,3.3624938,5.0683227,9.23888,3.8906603,5.0773993,0.08765587
13,130,10.004769,3.3624938,5.0683227,9.262833,3.5679646,5.0515003,0.052904524
13,141,10.004769,3.3624938,5.0683227,10.344593,3.1642048,5.3316693,0.938183
14,12,12.229178,0.80292934,5.083406,12.220359,0.87713814,5.205713,0.6234975
14,30,12.229178,0.80292934,5.083406,11.720957,1.1650677,4.8552604,0.10937506
14,38,12.229178,0.80292934,5.083406,12.419446,0.7500022,5.5016155,0.3047689
14,43,12.229178,0.80292934,5.083406,12.026046,0.93140393,4.980499,1.0
14,47,12.229178,0.80292934,5.083406,12.411848,0.7518171,5.866369,0.08338566
14,55,12.229178,0.80292934,5.083406,12.088935,0.923979,5.0553913,0.52854294
14,79,12.229178,0.80292934,5.083406,11.625175,1.2385032,5.0364914,0.08636379
14,105,12.229178,0.80292934,5.083406,12.358022,0.7456528,5.3302794,0.8179107
14,107,12.229178,0.80292934,5.083406,12.33757,0.83594453,5.7431455,0.11723999
14,108,12.229178,0.80292934,5.083406,11.53653,1.3355758,4.926425,0.092221774
14,266,12.229178,0.80292934,5.083406,15.654048,-1.4921354,5.104009,0.09130777
14,273,12.229178,0.80292934,5.083406,13.165489,0.22482604,5.7879477,0.08763145
14,276,12.229178,0.80292934,5.083406,15.635758,-1.4947051,4.8690453,0.089809224
14,322,12.229178,0.80292934,5.083406,16.096373,-1.61691,5.273847,0.13782123
15,0,10.605002,3.3089995,5.8214917,10.875112,2.974778,5.977921,0.23630099
15,5,10.605002,3.3089995,5.8214917,10.199663,3.2751892,6.129283,0.3192785
15,16,10.605002,3.3089995,5.8214917,10.691866,3.1643476,5.8207307,0.6190859
15,19,10.605002,3.3089995,5.8214917,10.080209,3.370322,6.0980473,0.12986389
15,21,10.605002,3.3089995,5.8214917,10.859293,2.9586194,6.0873656,0.143538
15,23,10.605002,3.3089995,5.8214917,10.626841,3.3131957,5.8405757,1.0
15,26,10.605002,3.3089995,5.8214917,10.508585,3.1837778,5.9481115,0.3095413
15,33,10.605002,3.3089995,5.8214917,10.75499,3.266381,5.7251177,0.36490083
15,35,10.605002,3.3089995,5.8214917,9.982329,3.6637824,5.303128,0.3193916
15,99,10.605002,3.3089995,5.8214917,10.871017,2.9710946,5.966107,0.13542235
15,102,10.605002,3.3089995,5.8214917,9.294113,4.1385336,5.615341,0.13262647
15,116,10.605002,3.3089995,5.8214917,9.777507,3.6957846,6.2497725,0.3060155
15,139,10.605002,3.3089995,5.8214917,10.822701,2.8492303,5.7995677,0.12234271
15,141,10.605002,3.3089995,5.8214917,10.344593,3.1642048,5.3316693,0.21645585
16,0,10.691866,3.1643476,5.8207307,10.875112,2.974778,5.977921,1.0
16,5,10.691866,3.1643476,5.8207307,10.199663,3.2751892,6.129283,0.35558754
16,10,10.691866,3.1643476,5.8207307,10.034062,3.1575954,5.52166,0.10110365
16,15,10.691866,3.1643476,5.8207307,10.605002,3.3089995,5.8214917,0.6190859
16,18,10.691866,3.1643476,5.8207307,10.471566,2.949894,5.7993345,0.08688761
16,21,10.691866,3.1643476,5.8207307,10.859293,2.9586194,6.0873656,0.22689943
16,23,10.691866,3.1643476,5.8207307,10.626841,3.3131957,5.8405757,0.33403525
16,24,10.691866,3.1643476,5.8207307,11.080333,2.8320312,6.062064,0.16375284
16,26,10.691866,3.1643476,5.8207307,10.508585,3.1837778,5.9481115,1.0
16,33,10.691866,3.1643476,5.8207307,10.75499,3.266381,5.7251177,1.0
16,41,10.691866,3.1643476,5.8207307,10.971498,2.9168243,6.1281033,0.11496052
16,71,10.691866,3.1643476,5.8207307,11.075578,2.072343,4.9153643,0.22424845
16,76,10.691866,3.1643476,5.8207307,10.907941,2.245741,4.9803333,0.133853
16,81,10.691866,3.1643476,5.8207307,10.420862,2.5775936,5.070078,0.07128034
16,99,10.691866,3.1643476,5.8207307,10.871017,2.9710946,5.966107,0.43234083
16,139,10.691866,3.1643476,5.8207307,10.822701,2.8492303,5.7995677,0.5682186
16,141,10.691866,3.1643476,5.8207307,10.344593,3.1642048,5.3316693,0.81791794
17,3,10.902183,2.1239972,4.825353,10.59433,1.9088179,4.996853,0.2319101
17,9,10.902183,2.1239972,4.825353,11.392122,1.4639525,4.8138804,0.03949011
17,20,10.902183,2.1239972,4.825353,10.806154,2.2520027,4.7911134,1.0
17,31,10.902183,2.1239972,4.825353,11.328723,1.6283506,4.883606,0.1456235
17,53,10.902183,2.1239972,4.825353,10.711441,1.9454539,4.991181,0.3366762
17,64,10.902183,2.1239972,4.825353,10.627707,2.3062434,4.762956,0.72812784
17,71,10.902183,2.1239972,4.825353,11.075578,2.072343,4.9153643,0.6382608
17,76,10.902183,2.1239972,4.825353,10.907941,2.245741,4.9803333,0.90709454
17,77,10.902183,2.1239972,4.825353,11.146273,1.8772044,4.815119,0.8781075
17,80,10.902183,2.1239972,4.825353,11.003786,1.9824042,4.8689013,1.0
17,81,10.902183,2.1239972,4.825353,10.420862,2.5775936,5.070078,0.24745151
17,82,10.902183,2.1239972,4.825353,11.189298,1.9422542,4.9784846,0.24176987
17,83,10.902183,2.1239972,4.825353,10.681094,2.1431441,5.3523946,0.080816686
17,90,10.902183,2.1239972,4.825353,10.463488,2.2874494,5.183122,0.24445724
17,97,10.902183,2.1239972,4.825353,11.3862,1.6662368,4.924576,0.101885244
17,101,10.902183,2.1239972,4.825353,11.338562,1.5825276,4.85583,0.2694841
17,115,10.902183,2.1239972,4.825353,10.811174,1.5680985,4.9784627,0.037188705
17,126,10.902183,2.1239972,4.825353,10.196828,2.359293,5.0685086,0.09442107
18,0,10.471566,2.949894,5.7993345,10.875112,2.974778,5.977921,0.35113615
18,1,10.471566,2.949894,5.7993345,9.860221,3.2128804,6.2913704,0.75279456
18,5,10.471566,2.949894,5.7993345,10.199663,3.2751892,6.129283,0.28036687
18,10,10.471566,2.949894,5.7993345,10.034062,3.1575954,5.52166,1.0
18,16,10.471566,2.949894,5.7993345,10.691866,3.1643476,5.8207307,0.08688761
18,19,10.471566,2.949894,5.7993345,10.080209,3.370322,6.0980473,0.2233039
18,24,10.471566,2.949894,5.7993345,11.080333,2.8320312,6.062064,0.1593414
18,26,10.471566,2.949894,5.7993345,10.508585,3.1837778,5.9481115,0.7357869
18,28,10.471566,2.949894,5.7993345,11.226265,2.6513712,6.1275344,0.10052364
18,34,10.471566,2.949894,5.7993345,12.082217,1.8256388,6.0748124,0.07378739
18,50,10.471566,2.949894,5.7993345,9.625917,3.2529693,6.160657,0.040928572
18,65,10.471566,2.949894,5.7993345,11.4782,1.6543014,6.209696,0.61123425
18,71,10.471566,2.949894,5.7993345,11.075578,2.072343,4.9153643,0.037310936
18,76,10.471566,2.949894,5.7993345,10.907941,2.245741,4.9803333,0.40250582
18,82,10.471566,2.949894,5.7993345,11.189298,1.9422542,4.9784846,0.025515962
18,87,10.471566,2.949894,5.7993345,12.042354,1.8550189,6.140088,0.13893168
18,90,10.471566,2.949894,5.7993345,10.463488,2.2874494,5.183122,0.25311896
18,139,10.471566,2.949894,5.7993345,10.822701,2.8492303,5.7995677,0.4432109
18,140,10.471566,2.949894,5.7993345,11.98842,1.7044951,6.1635137,0.16572978
18,143,10.471566,2.949894,5.7993345,10.218512,2.3101387,5.184448,0.0259339
19,1,10.080209,3.370322,6.0980473,9.860221,3.2128804,6.2913704,0.7068643
19,5,10.080209,3.370322,6.0980473,10.199663,3.2751892,6.129283,1.0
19,10,10.080209,3.370322,6.0980473,10.034062,3.1575954,5.52166,0.18364131
19,15,10.080209,3.370322,6.0980473,10.605002,3.3089995,5.8214917,0.12986389
19,18,10.080209,3.370322,6.0980473,10.471566,2.949894,5.7993345,0.2233039
19,25,10.080209,3.370322,6.0980473,9.525912,3.904014,6.0874515,0.21748163
19,26,10.080209,3.370322,6.0980473,10.508585,3.1837778,5.9481115,0.5404856
19,44,10.080209,3.370322,6.0980473,9.622536,3.2787094,6.3177776,0.17351052
19,50,10.080209,3.370322,6.0980473,9.625917,3.2529693,6.160657,0.3800364
19,56,10.080209,3.370322,6.0980473,9.569546,3.5567935,5.6907086,0.52404356
19,116,10.080209,3.370322,6.0980473,9.777507,3.6957846,6.2497725,0.53432924
19,128,10.080209,3.370322,6.0980473,9.50821,3.2799451,5.934517,0.0971699
19,135,10.080209,3.370322,6.0980473,9.465977,3.2554653,6.6482496,0.098686054
19,144,10.080209,3.370322,6.0980473,9.533692,3.329295,5.3577943,0.09464178
19,285,10.080209,3.370322,6.0980473,9.670098,3.4547172,6.6564717,0.18566895
20,3,10.806154,2.2520027,4.7911134,10.59433,1.9088179,4.996853,0.08999657
20,10,10.806154,2.2520027,4.7911134,10.034062,3.1575954,5.52166,0.111605145
20,13,10.806154,2.2520027,4.7911134,10.004769,3.3624938,5.0683227,0.07714509
20,17,10.806154,2.2520027,4.7911134,10.902183,2.1239972,4.825353,1.0
20,53,10.806154,2.2520027,4.7911134,10.711441,1.9454539,4.991181,0.09581256
20,64,10.806154,2.2520027,4.7911134,10.627707,2.3062434,4.762956,1.0
20,71,10.806154,2.2520027,4.7911134,11.075578,2.072343,4.9153643,0.5019527
20,76,10.806154,2.2520027,4.7911134,10.907941,2.245741,4.9803333,0.99999994
20,77,10.806154,2.2520027,4.7911134,11.146273,1.8772044,4.815119,0.29275241
20,80,10.806154,2.2520027,4.7911134,11.003786,1.9824042,4.8689013,0.58576703
20,81,10.806154,2.2520027,4.7911134,10.420862,2.5775936,5.070078,0.29233417
20,82,10.806154,2.2520027,4.7911134,11.189298,1.9422542,4.9784846,0.12457663
20,90,10.806154,2.2520027,4.7911134,10.463488,2.2874494,5.183122,0.1445078
20,94,10.806154,2.2520027,4.7911134,9.660437,2.873443,5.0520577,0.23152386
20,126,10.806154,2.2520027,4.7911134,10.196828,2.359293,5.0685086,0.09658015
20,141,10.806154,2.2520027,4.7911134,10.344593,3.1642048,5.3316693,0.21507894
21,0,10.859293,2.9586194,6.0873656,10.875112,2.974778,5.977921,0.56220645
21,5,10.859293,2.9586194,6.0873656,10.199663,3.2751892,6.129283,0.21530607
21,15,10.859293,2.9586194,6.0873656,10.605002,3.3089995,5.8214917,0.143538
21,16,10.859293,2.9586194,6.0873656,10.691866,3.1643476,5.8207307,0.22689943
21,22,10.859293,2.9586194,6.0873656,9.556016,3.1953576,6.3452654,0.1559568
21,23,10.859293,2.9586194,6.0873656,10.626841,3.3131957,5.8405757,0.17542265
21,24,10.859293,2.9586194,6.0873656,11.080333,2.8320312,6.062064,0.36140564
21,28,10.859293,2.9586194,6.0873656,11.226265,2.6513712,6.1275344,0.46055576
21,32,10.859293,2.9586194,6.0873656,11.008297,2.8750348,6.20914,1.0
21,33,10.859293,2.9586194,6.0873656,10.75499,3.266381,5.7251177,0.14351957
21,41,10.859293,2.9586194,6.0873656,10.971498,2.9168243,6.1281033,1.0
21,44,10.859293,2.9586194,6.0873656,9.622536,3.2787094,6.3177776,0.21924359
21,49,10.859293,2.9586194,6.0873656,11.373211,1.5964844,6.2712355,0.18419158
21,83,10.859293,2.9586194,6.0873656,10.681094,2.1431441,5.3523946,0.0806714
21,99,10.859293,2.9586194,6.0873656,10.871017,2.9710946,5.966107,0.99999994
21,113,10.859293,2.9586194,6.0873656,10.240724,2.6847281,6.205801,0.445248
21,139,10.859293,2.9586194,6.0873656,10.822701,2.8492303,5.7995677,0.6687611
21,271,10.859293,2.9586194,6.0873656,13.949896,-0.25141296,5.629537,0.020539522
21,285,10.859293,2.9586194,6.0873656,9.670098,3.4547172,6.6564717,0.047712423
22,2,9.556016,3.1953576,6.3452654,9.234901,2.927514,6.097882,0.3288421
22,7,9.556016,3.1953576,6.3452654,9.735829,3.556369,6.6220007,1.0
22,21,9.556016,3.1953576,6.3452654,10.859293,2.9586194,6.0873656,0.1559568
22,27,9.556016,3.1953576,6.3452654,9.466029,3.1511974,6.188851,1.0
22,32,9.556016,3.1953576,6.3452654,11.008297,2.8750348,6.20914,0.08316781
22,41,9.556016,3.1953576,6.3452654,10.971498,2.9168243,6.1281033,0.09472966
22,44,9.556016,3.1953576,6.3452654,9.622536,3.2787094,6.3177776,0.47172087
22,50,9.556016,3.1953576,6.3452654,9.625917,3.2529693,6.160657,0.22829643
22,98,9.556016,3.1953576,6.3452654,9.297371,2.9454048,5.7919674,0.014325499
22,106,9.556016,3.1953576,6.3452654,9.217525,3.026383,6.052286,0.3884118
22,113,9.556016,3.1953576,6.3452654,10.240724,2.6847281,6.205801,1.0
22,120,9.556016,3.1953576,6.3452654,9.171327,3.12144,6.0262923,0.36205062
22,122,9.556016,3.1953576,6.3452654,9.035106,3.4317935,5.895477,0.21029297
22,124,9.556016,3.1953576,6.3452654,9.29915,3.08902,5.904319,0.373884
22,128,9.556016,3.1953576,6.3452654,9.50821,3.2799451,5.934517,0.16329423
22,135,9.556016,3.1953576,6.3452654,9.465977,3.2554653,6.6482496,0.2986694
22,287,9.556016,3.1953576,6.3452654,9.419831,3.322447,6.9108925,0.09232097
22,295,9.556016,3.1953576,6.3452654,9.310273,3.3932543,6.800622,0.1460025
22,297,9.556016,3.1953576,6.3452654,9.376651,3.32809,6.8099456,0.09828622
22,319,9.556016,3.1953576,6.3452654,9.507223,3.372532,6.810794,0.43280947
23,0,10.626841,3.3131957,5.8405757,10.875112,2.974778,5.977921,0.19581217
23,5,10.626841,3.3131957,5.8405757,10.199663,3.2751892,6.129283,0.2114649
23,7,10.626841,3.3131957,5.8405757,9.735829,3.556369,6.6220007,0.17399588
23,15,10.626841,3.3131957,5.8405757,10.605002,3.3089995,5.8214917,1.0
23,16,10.626841,3.3131957,5.8405757,10.691866,3.1643476,5.8207307,0.33403525
23,21,10.626841,3.3131957,5.8405757,10.859293,2.9586194,6.0873656,0.17542265
23,33,10.626841,3.3131957,5.8405757,10.75499,3.266381,5.7251177,0.4483801
23,35,10.626841,3.3131957,5.8405757,9.982329,3.6637824,5.303128,0.32083228
23,37,10.626841,3.3131957,5.8405757,9.866995,3.490644,5.2030563,0.1715389
23,41,10.626841,3.3131957,5.8405757,10.971498,2.9168243,6.1281033,0.19805992
23,99,10.626841,3.3131957,5.8405757,10.871017,2.9710946,5.966107,0.17438361
23,102,10.626841,3.3131957,5.8405757,9.294113,4.1385336,5.615341,0.18239984
23,116,10.626841,3.3131957,5.8405757,9.777507,3.6957846,6.2497725,0.18641418
23,141,10.626841,3.3131957,5.8405757,10.344593,3.1642048,5.3316693,0.21036574
24,0,11.080333,2.8320312,6.062064,10.875112,2.974778,5.977921,0.83450425
24,5,11.080333,2.8320312,6.062064,10.199663,3.2751892,6.129283,0.11558116
24,16,11.080333,2.8320312,6.062064,10.691866,3.1643476,5.8207307,0.16375284
24,18,11.080333,2.8320312,6.062064,10.471566,2.949894,5.7993345,0.1593414
24,21,11.080333,2.8320312,6.062064,10.859293,2.9586194,6.0873656,0.36140564
24,26,11.080333,2.8320312,6.062064,10.508585,3.1837778,5.9481115,0.14456566
24,28,11.080333,2.8320312,6.062064,11.226265,2.6513712,6.1275344,1.0
24,32,11.080333,2.8320312,6.062064,11.008297,2.8750348,6.20914,0.39493352
24,34,11.080333,2.8320312,6.062064,12.082217,1.8256388,6.0748124,0.12606734
24,41,11.080333,2.8320312,6.062064,10.971498,2.9168243,6.1281033,0.26716763
24,45,11.080333,2.8320312,6.062064,12.000788,1.8494203,6.0962286,0.13400538
24,61,11.080333,2.8320312,6.062064,11.7382765,1.931206,6.111258,0.32607204
24,71,11.080333,2.8320312,6.062064,11.075578,2.072343,4.9153643,0.13678528
24,99,11.080333,2.8320312,6.062064,10.871017,2.9710946,5.966107,0.3131312
24,139,11.080333,2.8320312,6.062064,10.822701,2.8492303,5.7995677,0.24744856
25,5,9.525912,3.904014,6.0874515,10.199663,3.2751892,6.129283,0.14144261
25,7,9.525912,3.904014,6.0874515,9.735829,3.556369,6.6220007,0.41817275
25,19,9.525912,3.904014,6.0874515,10.080209,3.370322,6.0980473,0.21748163
25,39,9.525912,3.904014,6.0874515,9.095727,4.1955495,5.4418054,0.15121642
25,50,9.525912,3.904014,6.0874515,9.625917,3.2529693,6.160657,0.121316105
25,52,9.525912,3.904014,6.0874515,9.101418,4.4180408,5.3407083,0.20821749
25,56,9.525912,3.904014,6.0874515,9.569546,3.5567935,5.6907086,0.14339703
25,96,9.525912,3.904014,6.0874515,9.001063,4.378421,5.3790746,0.31169277
25,102,9.525912,3.904014,6.0874515,9.294113,4.1385336,5.615341,1.0
25,116,9.525912,3.904014,6.0874515,9.777507,3.6957846,6.2497725,1.0
25,132,9.525912,3.904014,6.0874515,8.955788,4.109908,5.278212,0.18431033
25,135,9.525912,3.904014,6.0874515,9.465977,3.2554653,6.6482496,0.1377921
25,285,9.525912,3.904014,6.0874515,9.670098,3.4547172,6.6564717,0.16128196
25,287,9.525912,3.904014,6.0874515,9.419831,3.322447,6.9108925,0.03853409
25,295,9.525912,3.904014,6.0874515,9.310273,3.3932543,6.800622,0.2930242
26,0,10.508585,3.1837778,5.9481115,10.875112,2.974778,5.977921,0.6375463
26,1,10.508585,3.1837778,5.9481115,9.860221,3.2128804,6.2913704,0.011221139
26,5,10.508585,3.1837778,5.9481115,10.199663,3.2751892,6.129283,0.7563768
26,10,10.508585,3.1837778,5.9481115,10.034062,3.1575954,5.52166,0.30074474
26,15,10.508585,3.1837778,5.9481115,10.605002,3.3089995,5.8214917,0.3095413
26,16,10.508585,3.1837778,5.9481115,10.691866,3.1643476,5.8207307,1.0
26,18,10.508585,3.1837778,5.9481115,10.471566,2.949894,5.7993345,0.7357869
26,19,10.508585,3.1837778,5.9481115,10.080209,3.370322,6.0980473,0.5404856
26,24,10.508585,3.1837778,5.9481115,11.080333,2.8320312,6.062064,0.14456566
26,56,10.508585,3.1837778,5.9481115,9.569546,3.5567935,5.6907086,0.006336782
26,71,10.508585,3.1837778,5.9481115,11.075578,2.072343,4.9153643,0.014339817
26,76,10.508585,3.1837778,5.9481115,10.907941,2.245741,4.9803333,0.02523487
26,139,10.508585,3.1837778,5.9481115,10.822701,2.8492303,5.7995677,0.029596105
26,141,10.508585,3.1837778,5.9481115,10.344593,3.1642048,5.3316693,0.05029952
27,1,9.466029,3.1511974,6.188851,9.860221,3.2128804,6.2913704,0.035953492
27,2,9.466029,3.1511974,6.188851,9.234901,2.927514,6.097882,0.28837606
27,7,9.466029,3.1511974,6.188851,9.735829,3.556369,6.6220007,0.342756
27,22,9.466029,3.1511974,6.188851,9.556016,3.1953576,6.3452654,1.0
27,44,9.466029,3.1511974,6.188851,9.622536,3.2787094,6.3177776,0.7265995
27,50,9.466029,3.1511974,6.188851,9.625917,3.2529693,6.160657,0.36199087
27,78,9.466029,3.1511974,6.188851,9.352942,2.9682505,5.487685,0.16926336
27,98,9.466029,3.1511974,6.188851,9.297371,2.9454048,5.7919674,0.037745688
27,106,9.466029,3.1511974,6.188851,9.217525,3.026383,6.052286,0.42234483
27,110,9.466029,3.1511974,6.188851,8.992596,3.930888,5.5671887,0.11614574
27,113,9.466029,3.1511974,6.188851,10.240724,2.6847281,6.205801,0.42441678
27,120,9.466029,3.1511974,6.188851,9.171327,3.12144,6.0262923,0.829175
27,122,9.466029,3.1511974,6.188851,9.035106,3.4317935,5.895477,0.19522765
27,124,9.466029,3.1511974,6.188851,9.29915,3.08902,5.904319,0.9924631
27,128,9.466029,3.1511974,6.188851,9.50821,3.2799451,5.934517,0.6077205
27,134,9.466029,3.1511974,6.188851,9.240311,2.9989562,6.4248133,0.17929727
27,135,9.466029,3.1511974,6.188851,9.465977,3.2554653,6.6482496,0.29202196
27,137,9.466029,3.1511974,6.188851,9.439189,2.8714862,6.665036,0.11163596
27,295,9.466029,3.1511974,6.188851,9.310273,3.3932543,6.800622,0.13554883
27,297,9.466029,3.1511974,6.188851,9.376651,3.32809,6.8099456,0.07348252
27,319,9.466029,3.1511974,6.188851,9.507223,3.372532,6.810794,0.16204144
28,0,11.226265,2.6513712,6.1275344,10.875112,2.974778,5.977921,0.50778425
28,18,11.226265,2.6513712,6.1275344,10.471566,2.949894,5.7993345,0.10052364
28,21,11.226265,2.6513712,6.1275344,10.859293,2.9586194,6.0873656,0.46055576
28,24,11.226265,2.6513712,6.1275344,11.080333,2.8320312,6.062064,1.0
28,32,11.226265,2.6513712,6.1275344,11.008297,2.8750348,6.20914,0.34426275
28,34,11.226265,2.6513712,6.1275344,12.082217,1.8256388,6.0748124,0.1110044
28,41,11.226265,2.6513712,6.1275344,10.971498,2.9168243,6.1281033,0.28139815
28,45,11.226265,2.6513712,6.1275344,12.000788,1.8494203,6.0962286,0.27851734
28,49,11.226265,2.6513712,6.1275344,11.373211,1.5964844,6.2712355,0.2757659
28,51,11.226265,2.6513712,6.1275344,11.581452,1.4432619,6.1659365,0.09283417
28,61,11.226265,2.6513712,6.1275344,11.7382765,1.931206,6.111258,0.8295914
28,65,11.226265,2.6513712,6.1275344,11.4782,1.6543014,6.209696,0.19868028
28,82,11.226265,2.6513712,6.1275344,11.189298,1.9422542,4.9784846,0.12240247
28,87,11.226265,2.6513712,6.1275344,12.042354,1.8550189,6.140088,0.029967865
28,99,11.226265,2.6513712,6.1275344,10.871017,2.9710946,5.966107,0.41022953
28,139,11.226265,2.6513712,6.1275344,10.822701,2.8492303,5.7995677,0.4160034
29,42,9.002028,3.4842236,5.1378126,9.513288,3.075606,5.068268,0.009274517
29,46,9.002028,3.4842236,5.1378126,9.595137,3.2057085,4.9928617,0.0023893553
29,60,9.002028,3.4842236,5.1378126,8.808353,3.821579,5.1069202,1.0
29,62,9.002028,3.4842236,5.1378126,8.943791,4.0453935,5.15859,0.16876547
29,66,9.002028,3.4842236,5.1378126,9.120002,2.7861,6.3491483,0.12834288
29,74,9.002028,3.4842236,5.1378126,9.154631,3.9107535,4.959477,0.06179411
29,78,9.002028,3.4842236,5.1378126,9.352942,2.9682505,5.487685,0.15409246
29,84,9.002028,3.4842236,5.1378126,9.514998,2.7706316,5.100206,0.29620048
29,88,9.002028,3.4842236,5.1378126,9.23888,3.8906603,5.0773993,0.013003237
29,100,9.002028,3.4842236,5.1378126,9.060883,2.6801867,6.2368636,0.18509436
29,104,9.002028,3.4842236,5.1378126,9.052896,2.7097988,6.2279944,0.2717711
29,112,9.002028,3.4842236,5.1378126,9.144263,3.8169527,4.988846,0.81993276
29,114,9.002028,3.4842236,5.1378126,9.2767105,4.029939,5.07962,0.005963746
29,120,9.002028,3.4842236,5.1378126,9.171327,3.12144,6.0262923,0.008223822
29,122,9.002028,3.4842236,5.1378126,9.035106,3.4317935,5.895477,0.002341757
29,130,9.002028,3.4842236,5.1378126,9.262833,3.5679646,5.0515003,0.7973284
29,138,9.002028,3.4842236,5.1378126,8.890848,3.845697,5.3290987,0.40385494
29,142,9.002028,3.4842236,5.1378126,9.405608,2.960346,5.0491123,0.9701966
30,4,11.720957,1.1650677,4.8552604,11.479083,1.3392807,4.883576,0.19193034
30,8,11.720957,1.1650677,4.8552604,11.4986725,1.3316464,4.8735027,0.7263001
30,9,11.720957,1.1650677,4.8552604,11.392122,1.4639525,4.8138804,1.0
30,12,11.720957,1.1650677,4.8552604,12.220359,0.87713814,5.205713,0.30686697
30,14,11.720957,1.1650677,4.8552604,12.229178,0.80292934,5.083406,0.10937506
30,31,11.720957,1.1650677,4.8552604,11.328723,1.6283506,4.883606,0.14336859
30,43,11.720957,1.1650677,4.8552604,12.026046,0.93140393,4.980499,0.56545216
30,55,11.720957,1.1650677,4.8552604,12.088935,0.923979,5.0553913,0.99999994
30,79,11.720957,1.1650677,4.8552604,11.625175,1.2385032,5.0364914,0.032310806
30,95,11.720957,1.1650677,4.8552604,12.341072,1.0223422,5.590947,0.05220279
30,97,11.720957,1.1650677,4.8552604,11.3862,1.6662368,4.924576,0.23210733
30,101,11.720957,1.1650677,4.8552604,11.338562,1.5825276,4.85583,0.10457848
30,107,11.720957,1.1650677,4.8552604,12.33757,0.83594453,5.7431455,0.021481307
30,108,11.720957,1.1650677,4.8552604,11.53653,1.3355758,4.926425,0.89051014
30,111,11.720957,1.1650677,4.8552604,11.29472,1.270357,4.8510246,0.49298096
30,131,11.720957,1.1650677,4.8552604,11.905195,1.0270265,5.2497697,0.53080547
31,4,11.328723,1.6283506,4.883606,11.479083,1.3392807,4.883576,0.61300594
31,8,11.328723,1.6283506,4.883606,11.4986725,1.3316464,4.8735027,0.4187311
31,9,11.328723,1.6283506,4.883606,11.392122,1.4639525,4.8138804,0.11133441
31,17,11.328723,1.6283506,4.883606,10.902183,2.1239972,4.825353,0.1456235
31,30,11.328723,1.6283506,4.883606,11.720957,1.1650677,4.8552604,0.14336859
31,43,11.328723,1.6283506,4.883606,12.026046,0.93140393,4.980499,0.142431
31,51,11.328723,1.6283506,4.883606,11.581452,1.4432619,6.1659365,0.12248377
31,53,11.328723,1.6283506,4.883606,10.711441,1.9454539,4.991181,0.18107192
31,61,11.328723,1.6283506,4.883606,11.7382765,1.931206,6.111258,0.24765241
31,71,11.328723,1.6283506,4.883606,11.075578,2.072343,4.9153643,0.27947903
31,77,11.328723,1.6283506,4.883606,11.146273,1.8772044,4.815119,0.07727257
31,79,11.328723,1.6283506,4.883606,11.625175,1.2385032,5.0364914,0.34029546
31,80,11.328723,1.6283506,4.883606,11.003786,1.9824042,4.8689013,0.36871082
31,82,11.328723,1.6283506,4.883606,11.189298,1.9422542,4.9784846,0.86303604
31,83,11.328723,1.6283506,4.883606,10.681094,2.1431441,5.3523946,0.12236976
31,97,11.328723,1.6283506,4.883606,11.3862,1.6662368,4.924576,1.0
31,101,11.328723,1.6283506,4.883606,11.338562,1.5825276,4.85583,1.0
31,108,11.328723,1.6283506,4.883606,11.53653,1.3355758,4.926425,0.77618986
31,111,11.328723,1.6283506,4.883606,11.29472,1.270357,4.8510246,0.21233578
31,115,11.328723,1.6283506,4.883606,10.811174,1.5680985,4.9784627,0.05102815
31,131,11.328723,1.6283506,4.883606,11.905195,1.0270265,5.2497697,0.15894224
32,0,11.008297,2.8750348,6.20914,10.875112,2.974778,5.977921,0.23126873
32,5,11.008297,2.8750348,6.20914,10.199663,3.2751892,6.129283,0.13438055
32,7,11.008297,2.8750348,6.20914,9.735829,3.556369,6.6220007,0.25892967
32,21,11.008297,2.8750348,6.20914,10.859293,2.9586194,6.0873656,1.0
32,22,11.008297,2.8750348,6.20914,9.556016,3.1953576,6.3452654,0.08316781
32,24,11.008297,2.8750348,6.20914,11.080333,2.8320312,6.062064,0.39493352
32,28,11.008297,2.8750348,6.20914,11.226265,2.6513712,6.1275344,0.34426275
32,41,11.008297,2.8750348,6.20914,10.971498,2.9168243,6.1281033,0.95190495
32,44,11.008297,2.8750348,6.20914,9.622536,3.2787094,6.3177776,0.100221395
32,49,11.008297,2.8750348,6.20914,11.373211,1.5964844,6.2712355,0.07022379
32,99,11.008297,2.8750348,6.20914,10.871017,2.9710946,5.966107,0.36024228
32,113,11.008297,2.8750348,6.20914,10.240724,2.6847281,6.205801,0.11939641
32,116,11.008297,2.8750348,6.20914,9.777507,3.6957846,6.2497725,0.11026271
32,139,11.008297,2.8750348,6.20914,10.822701,2.8492303,5.7995677,0.13938104
32,268,11.008297,2.8750348,6.20914,13.923687,-0.2427839,5.676307,0.15145035
32,271,11.008297,2.8750348,6.20914,13.949896,-0.25141296,5.629537,1.0
32,285,11.008297,2.8750348,6.20914,9.670098,3.4547172,6.6564717,0.4622397
33,0,10.75499,3.266381,5.7251177,10.875112,2.974778,5.977921,0.2025614
33,13,10.75499,3.266381,5.7251177,10.004769,3.3624938,5.0683227,0.10882178
33,15,10.75499,3.266381,5.7251177,10.605002,3.3089995,5.8214917,0.36490083
33,16,10.75499,3.266381,5.7251177,10.691866,3.1643476,5.8207307,1.0
33,21,10.75499,3.266381,5.7251177,10.859293,2.9586194,6.0873656,0.14351957
33,23,10.75499,3.266381,5.7251177,10.626841,3.3131957,5.8405757,0.4483801
33,35,10.75499,3.266381,5.7251177,9.982329,3.6637824,5.303128,0.16656266
33,37,10.75499,3.266381,5.7251177,9.866995,3.490644,5.2030563,0.31568924
33,41,10.75499,3.266381,5.7251177,10.971498,2.9168243,6.1281033,0.3192352
33,71,10.75499,3.266381,5.7251177,11.075578,2.072343,4.9153643,0.103056654
33,81,10.75499,3.266381,5.7251177,10.420862,2.5775936,5.070078,0.15439208
33,99,10.75499,3.266381,5.7251177,10.871017,2.9710946,5.966107,0.55118436
33,139,10.75499,3.266381,5.7251177,10.822701,2.8492303,5.7995677,0.2725074
33,141,10.75499,3.266381,5.7251177,10.344593,3.1642048,5.3316693,0.5228575
34,6,12.082217,1.8256388,6.0748124,12.250249,1.3833795,5.7515097,0.29245624
34,18,12.082217,1.8256388,6.0748124,10.471566,2.949894,5.7993345,0.07378739
34,24,12.082217,1.8256388,6.0748124,11.080333,2.8320312,6.062064,0.12606734
34,28,12.082217,1.8256388,6.0748124,11.226265,2.6513712,6.1275344,0.1110044
34,40,12.082217,1.8256388,6.0748124,12.145672,1.709857,6.0315847,1.0
34,45,12.082217,1.8256388,6.0748124,12.000788,1.8494203,6.0962286,0.7862464
34,61,12.082217,1.8256388,6.0748124,11.7382765,1.931206,6.111258,0.24646686
34,82,12.082217,1.8256388,6.0748124,11.189298,1.9422542,4.9784846,0.100773446
34,87,12.082217,1.8256388,6.0748124,12.042354,1.8550189,6.140088,0.71429104
34,91,12.082217,1.8256388,6.0748124,12.210212,1.4038215,6.2609563,0.098046534
34,97,12.082217,1.8256388,6.0748124,11.3862,1.6662368,4.924576,0.15749247
34,121,12.082217,1.8256388,6.0748124,12.159285,1.192618,6.3139243,0.0799252
34,133,12.082217,1.8256388,6.0748124,12.019429,1.5153317,6.316805,0.08633108
34,140,12.082217,1.8256388,6.0748124,11.98842,1.7044951,6.1635137,0.3294708
35,13,9.982329,3.6637824,5.303128,10.004769,3.3624938,5.0683227,0.69950426
35,15,9.982329,3.6637824,5.303128,10.605002,3.3089995,5.8214917,0.3193916
35,23,9.982329,3.6637824,5.303128,10.626841,3.3131957,5.8405757,0.32083228
35,33,9.982329,3.6637824,5.303128,10.75499,3.266381,5.7251177,0.16656266
35,37,9.982329,3.6637824,5.303128,9.866995,3.490644,5.2030563,1.0
35,39,9.982329,3.6637824,5.303128,9.095727,4.1955495,5.4418054,0.14774458
35,42,9.982329,3.6637824,5.303128,9.513288,3.075606,5.068268,0.09343851
35,48,9.982329,3.6637824,5.303128,9.602788,3.7100995,5.100214,0.47466707
35,52,9.982329,3.6637824,5.303128,9.101418,4.4180408,5.3407083,0.06769491
35,54,9.982329,3.6637824,5.303128,9.098144,4.202714,5.1780753,0.17008646
35,58,9.982329,3.6637824,5.303128,9.124067,4.255657,5.342646,0.30275786
35,88,9.982329,3.6637824,5.303128,9.23888,3.8906603,5.0773993,0.31544697
35,102,9.982329,3.6637824,5.303128,9.294113,4.1385336,5.615341,0.32427332
35,114,9.982329,3.6637824,5.303128,9.2767105,4.029939,5.07962,0.34816724
35,128,9.982329,3.6637824,5.303128,9.50821,3.2799451,5.934517,0.1799204
35,130,9.982329,3.6637824,5.303128,9.262833,3.5679646,5.0515003,0.078833126
35,141,9.982329,3.6637824,5.303128,10.344593,3.1642048,5.3316693,0.66081756
36,47,11.799812,1.2032956,6.3406334,12.411848,0.7518171,5.866369,0.04758478
36,49,11.799812,1.2032956,6.3406334,11.373211,1.5964844,6.2712355,0.57378066
36,51,11.799812,1.2032956,6.3406334,11.581452,1.4432619,6.1659365,0.99999994
36,57,11.799812,1.2032956,6.3406334,11.811728,1.3356183,6.3590865,0.87079287
36,59,11.799812,1.2032956,6.3406334,11.624395,1.3729773,6.4428196,0.75265235
36,61,11.799812,1.2032956,6.3406334,11.7382765,1.931206,6.111258,0.101421565
36,65,11.799812,1.2032956,6.3406334,11.4782,1.6543014,6.209696,0.51655334
36,69,11.799812,1.2032956,6.3406334,12.1732235,1.0022672,6.308863,0.13726532
36,73,11.799812,1.2032956,6.3406334,12.308235,0.79966015,6.018737,0.40624636
36,85,11.799812,1.2032956,6.3406334,12.545225,0.84734815,6.342742,0.09197666
36,91,11.799812,1.2032956,6.3406334,12.210212,1.4038215,6.2609563,0.18551634
36,93,11.799812,1.2032956,6.3406334,12.036677,0.9762536,6.3885694,0.19309704
36,100,11.799812,1.2032956,6.3406334,9.060883,2.6801867,6.2368636,0.12868582
36,109,11.799812,1.2032956,6.3406334,12.15095,0.9440201,6.3708763,0.44992983
36,117,11.799812,1.2032956,6.3406334,12.6118355,0.6909676,6.3690577,0.37872294
36,119,11.799812,1.2032956,6.3406334,12.360298,0.82389104,6.1848598,0.47916627
36,121,11.799812,1.2032956,6.3406334,12.159285,1.192618,6.3139243,0.2026025
36,125,11.799812,1.2032956,6.3406334,12.880971,0.45562276,6.2702613,0.16125913
36,127,11.799812,1.2032956,6.3406334,12.224508,1.5293232,6.120227,0.096178204
36,129,11.799812,1.2032956,6.3406334,9.740548,2.679129,6.6373277,0.12603731
36,133,11.799812,1.2032956,6.3406334,12.019429,1.5153317,6.316805,0.14683852
36,140,11.799812,1.2032956,6.3406334,11.98842,1.7044951,6.1635137,0.101276465
36,143,11.799812,1.2032956,6.3406334,10.218512,2.3101387,5.184448,0.102823764
36,145,11.799812,1.2032956,6.3406334,12.501276,0.7736548,6.313317,0.39714575
36,329,11.799812,1.2032956,6.3406334,12.973415,0.4216673,6.374997,0.08820846
37,13,9.866995,3.490644,5.2030563,10.004769,3.3624938,5.0683227,1.0
37,23,9.866995,3.490644,5.2030563,10.626841,3.3131957,5.8405757,0.1715389
37,33,9.866995,3.490644,5.2030563,10.75499,3.266381,5.7251177,0.31568924
37,35,9.866995,3.490644,5.2030563,9.982329,3.6637824,5.303128,1.0
37,42,9.866995,3.490644,5.2030563,9.513288,3.075606,5.068268,0.14291638
37,46,9.866995,3.490644,5.2030563,9.595137,3.2057085,4.9928617,0.110476956
37,48,9.866995,3.490644,5.2030563,9.602788,3.7100995,5.100214,1.0
37,78,9.866995,3.490644,5.2030563,9.352942,2.9682505,5.487685,0.1026062
37,81,9.866995,3.490644,5.2030563,10.420862,2.5775936,5.070078,0.19922484
37,88,9.866995,3.490644,5.2030563,9.23888,3.8906603,5.0773993,0.08068996
37,98,9.866995,3.490644,5.2030563,9.297371,2.9454048,5.7919674,1.0
37,114,9.866995,3.490644,5.2030563,9.2767105,4.029939,5.07962,0.07696355
37,124,9.866995,3.490644,5.2030563,9.29915,3.08902,5.904319,0.06911899
37,130,9.866995,3.490644,5.2030563,9.262833,3.5679646,5.0515003,0.108413465
37,141,9.866995,3.490644,5.2030563,10.344593,3.1642048,5.3316693,0.4875885
38,12,12.419446,0.7500022,5.5016155,12.220359,0.87713814,5.205713,0.5752557
38,14,12.419446,0.7500022,5.5016155,12.229178,0.80292934,5.083406,0.3047689
38,43,12.419446,0.7500022,5.5016155,12.026046,0.93140393,4.980499,0.12306064
38,47,12.419446,0.7500022,5.5016155,12.411848,0.7518171,5.866369,0.28014836
38,55,12.419446,0.7500022,5.5016155,12.088935,0.923979,5.0553913,0.15344745
38,63,12.419446,0.7500022,5.5016155,12.387812,1.0296801,5.726947,0.77744097
38,67,12.419446,0.7500022,5.5016155,13.0800705,0.2995892,5.740768,0.499229
38,69,12.419446,0.7500022,5.5016155,12.1732235,1.0022672,6.308863,0.17935446
38,73,12.419446,0.7500022,5.5016155,12.308235,0.79966015,6.018737,0.17101452
38,93,12.419446,0.7500022,5.5016155,12.036677,0.9762536,6.3885694,0.09624544
38,95,12.419446,0.7500022,5.5016155,12.341072,1.0223422,5.590947,0.24004494
38,103,12.419446,0.7500022,5.5016155,12.4185705,0.9668349,5.659014,0.7038803
38,105,12.419446,0.7500022,5.5016155,12.358022,0.7456528,5.3302794,1.0
38,107,12.419446,0.7500022,5.5016155,12.33757,0.83594453,5.7431455,0.99999994
38,109,12.419446,0.7500022,5.5016155,12.15095,0.9440201,6.3708763,0.06293403
38,121,12.419446,0.7500022,5.5016155,12.159285,1.192618,6.3139243,0.05905301
38,273,12.419446,0.7500022,5.5016155,13.165489,0.22482604,5.7879477,0.46624264
39,25,9.095727,4.1955495,5.4418054,9.525912,3.904014,6.0874515,0.15121642
39,35,9.095727,4.1955495,5.4418054,9.982329,3.6637824,5.303128,0.14774458
39,48,9.095727,4.1955495,5.4418054,9.602788,3.7100995,5.100214,0.11223483
39,52,9.095727,4.1955495,5.4418054,9.101418,4.4180408,5.3407083,0.82547164
39,54,9.095727,4.1955495,5.4418054,9.098144,4.202714,5.1780753,0.840603
39,58,9.095727,4.1955495,5.4418054,9.124067,4.255657,5.342646,1.0
39,62,9.095727,4.1955495,5.4418054,8.943791,4.0453935,5.15859,0.44321543
39,74,9.095727,4.1955495,5.4418054,9.154631,3.9107535,4.959477,0.0773092
39,88,9.095727,4.1955495,5.4418054,9.23888,3.8906603,5.0773993,0.25412002
39,92,9.095727,4.1955495,5.4418054,8.970894,4.464218,5.177306,0.15736738
39,96,9.095727,4.1955495,5.4418054,9.001063,4.378421,5.3790746,0.7986929
39,102,9.095727,4.1955495,5.4418054,9.294113,4.1385336,5.615341,0.7910644
39,110,9.095727,4.1955495,5.4418054,8.992596,3.930888,5.5671887,0.717852
39,112,9.095727,4.1955495,5.4418054,9.144263,3.8169527,4.988846,0.062573284
39,114,9.095727,4.1955495,5.4418054,9.2767105,4.029939,5.07962,0.72939867
39,118,9.095727,4.1955495,5.4418054,8.835227,4.319337,5.2489967,0.25168929
39,122,9.095727,4.1955495,5.4418054,9.035106,3.4317935,5.895477,0.1774917
39,132,9.095727,4.1955495,5.4418054,8.955788,4.109908,5.278212,0.22353779
39,136,9.095727,4.1955495,5.4418054,8.958931,4.3856745,5.0114264,0.12716581
39,138,9.095727,4.1955495,5.4418054,8.890848,3.845697,5.3290987,0.32348844
40,6,12.145672,1.709857,6.0315847,12.250249,1.3833795,5.7515097,1.0
40,34,12.145672,1.709857,6.0315847,12.082217,1.8256388,6.0748124,1.0
40,45,12.145672,1.709857,6.0315847,12.000788,1.8494203,6.0962286,1.0
40,57,12.145672,1.709857,6.0315847,11.811728,1.3356183,6.3590865,0.032585707
40,61,12.145672,1.709857,6.0315847,11.7382765,1.931206,6.111258,0.076624304
40,63,12.145672,1.709857,6.0315847,12.387812,1.0296801,5.726947,0.040423132
40,69,12.145672,1.709857,6.0315847,12.1732235,1.0022672,6.308863,0.02828489
40,75,12.145672,1.709857,6.0315847,12.161235,1.1601542,6.253751,0.09962201
40,87,12.145672,1.709857,6.0315847,12.042354,1.8550189,6.140088,0.87608325
40,91,12.145672,1.709857,6.0315847,12.210212,1.4038215,6.2609563,0.40985805
40,97,12.145672,1.709857,6.0315847,11.3862,1.6662368,4.924576,0.106546514
40,103,12.145672,1.709857,6.0315847,12.4185705,0.9668349,5.659014,0.13561532
40,121,12.145672,1.709857,6.0315847,12.159285,1.192618,6.3139243,0.10676441
40,127,12.145672,1.709857,6.0315847,12.224508,1.5293232,6.120227,0.33647773
40,133,12.145672,1.709857,6.0315847,12.019429,1.5153317,6.316805,0.13228223
40,140,12.145672,1.709857,6.0315847,11.98842,1.7044951,6.1635137,0.80451965
41,0,10.971498,2.9168243,6.1281033,10.875112,2.974778,5.977921,0.25491133
41,7,10.971498,2.9168243,6.1281033,9.735829,3.556369,6.6220007,0.078235574
41,16,10.971498,2.9168243,6.1281033,10.691866,3.1643476,5.8207307,0.11496052
41,21,10.971498,2.9168243,6.1281033,10.859293,2.9586194,6.0873656,1.0
41,22,10.971498,2.9168243,6.1281033,9.556016,3.1953576,6.3452654,0.09472966
41,23,10.971498,2.9168243,6.1281033,10.626841,3.3131957,5.8405757,0.19805992
41,24,10.971498,2.9168243,6.1281033,11.080333,2.8320312,6.062064,0.26716763
41,28,10.971498,2.9168243,6.1281033,11.226265,2.6513712,6.1275344,0.28139815
41,32,10.971498,2.9168243,6.1281033,11.008297,2.8750348,6.20914,0.95190495
41,33,10.971498,2.9168243,6.1281033,10.75499,3.266381,5.7251177,0.3192352
41,49,10.971498,2.9168243,6.1281033,11.373211,1.5964844,6.2712355,0.08107067
41,83,10.971498,2.9168243,6.1281033,10.681094,2.1431441,5.3523946,0.08950302
41,99,10.971498,2.9168243,6.1281033,10.871017,2.9710946,5.966107,0.86407554
41,113,10.971498,2.9168243,6.1281033,10.240724,2.6847281,6.205801,0.42146316
41,139,10.971498,2.9168243,6.1281033,10.822701,2.8492303,5.7995677,0.3336765
41,271,10.971498,2.9168243,6.1281033,13.949896,-0.25141296,5.629537,0.058576405
42,10,9.513288,3.075606,5.068268,10.034062,3.1575954,5.52166,0.3096865
42,13,9.513288,3.075606,5.068268,10.004769,3.3624938,5.0683227,0.20079306
42,29,9.513288,3.075606,5.068268,9.002028,3.4842236,5.1378126,0.009274517
42,35,9.513288,3.075606,5.068268,9.982329,3.6637824,5.303128,0.09343851
42,37,9.513288,3.075606,5.068268,9.866995,3.490644,5.2030563,0.14291638
42,46,9.513288,3.075606,5.068268,9.595137,3.2057085,4.9928617,1.0
42,48,9.513288,3.075606,5.068268,9.602788,3.7100995,5.100214,0.12056026
42,64,9.513288,3.075606,5.068268,10.627707,2.3062434,4.762956,0.124542035
42,68,9.513288,3.075606,5.068268,9.585762,2.9991822,5.1613035,0.58690107
42,74,9.513288,3.075606,5.068268,9.154631,3.9107535,4.959477,0.053608544
42,78,9.513288,3.075606,5.068268,9.352942,2.9682505,5.487685,0.83867985
42,81,9.513288,3.075606,5.068268,10.420862,2.5775936,5.070078,0.4800057
42,84,9.513288,3.075606,5.068268,9.514998,2.7706316,5.100206,0.18814096
42,86,9.513288,3.075606,5.068268,9.179975,4.0035076,4.983541,0.06481047
42,88,9.513288,3.075606,5.068268,9.23888,3.8906603,5.0773993,0.35601634
42,94,9.513288,3.075606,5.068268,9.660437,2.873443,5.0520577,0.56435573
42,112,9.513288,3.075606,5.068268,9.144263,3.8169527,4.988846,0.2393785
42,124,9.513288,3.075606,5.068268,9.29915,3.08902,5.904319,0.22651686
42,126,9.513288,3.075606,5.068268,10.196828,2.359293,5.0685086,0.49816066
42,128,9.513288,3.075606,5.068268,9.50821,3.2799451,5.934517,0.23852336
42,130,9.513288,3.075606,5.068268,9.262833,3.5679646,5.0515003,0.4328388
42,141,9.513288,3.075606,5.068268,10.344593,3.1642048,5.3316693,0.2602947
42,142,9.513288,3.075606,5.068268,9.405608,2.960346,5.0491123,1.0
42,143,9.513288,3.075606,5.068268,10.218512,2.3101387,5.184448,0.17668453
42,144,9.513288,3.075606,5.068268,9.533692,3.329295,5.3577943,0.14889935
43,4,12.026046,0.93140393,4.980499,11.479083,1.3392807,4.883576,0.16531439
43,8,12.026046,0.93140393,4.980499,11.4986725,1.3316464,4.8735027,0.35229075
43,12,12.026046,0.93140393,4.980499,12.220359,0.87713814,5.205713,0.6127515
43,14,12.026046,0.93140393,4.980499,12.229178,0.80292934,5.083406,1.0
43,30,12.026046,0.93140393,4.980499,11.720957,1.1650677,4.8552604,0.56545216
43,31,12.026046,0.93140393,4.980499,11.328723,1.6283506,4.883606,0.142431
43,38,12.026046,0.93140393,4.980499,12.419446,0.7500022,5.5016155,0.12306064
43,55,12.026046,0.93140393,4.980499,12.088935,0.923979,5.0553913,1.0
43,79,12.026046,0.93140393,4.980499,11.625175,1.2385032,5.0364914,0.14387625
43,101,12.026046,0.93140393,4.980499,11.338562,1.5825276,4.85583,0.09445502
43,105,12.026046,0.93140393,4.980499,12.358022,0.7456528,5.3302794,0.34497234
43,107,12.026046,0.93140393,4.980499,12.33757,0.83594453,5.7431455,0.11250306
43,108,12.026046,0.93140393,4.980499,11.53653,1.3355758,4.926425,0.54102945
43,131,12.026046,0.93140393,4.980499,11.905195,1.0270265,5.2497697,0.12120289
44,1,9.622536,3.2787094,6.3177776,9.860221,3.2128804,6.2913704,0.6080269
44,5,9.622536,3.2787094,6.3177776,10.199663,3.2751892,6.129283,0.7238653
44,7,9.622536,3.2787094,6.3177776,9.735829,3.556369,6.6220007,0.3962845
44,19,9.622536,3.2787094,6.3177776,10.080209,3.370322,6.0980473,0.17351052
44,21,9.622536,3.2787094,6.3177776,10.859293,2.9586194,6.0873656,0.21924359
44,22,9.622536,3.2787094,6.3177776,9.556016,3.1953576,6.3452654,0.47172087
44,27,9.622536,3.2787094,6.3177776,9.466029,3.1511974,6.188851,0.7265995
44,32,9.622536,3.2787094,6.3177776,11.008297,2.8750348,6.20914,0.100221395
44,50,9.622536,3.2787094,6.3177776,9.625917,3.2529693,6.160657,1.0
44,56,9.622536,3.2787094,6.3177776,9.569546,3.5567935,5.6907086,0.18955564
44,70,9.622536,3.2787094,6.3177776,9.406121,2.903538,6.621302,0.16516925
44,106,9.622536,3.2787094,6.3177776,9.217525,3.026383,6.052286,0.048757758
44,113,9.622536,3.2787094,6.3177776,10.240724,2.6847281,6.205801,0.12115569
44,116,9.622536,3.2787094,6.3177776,9.777507,3.6957846,6.2497725,0.16017468
44,120,9.622536,3.2787094,6.3177776,9.171327,3.12144,6.0262923,0.24989533
44,124,9.622536,3.2787094,6.3177776,9.29915,3.08902,5.904319,0.3441883
44,128,9.622536,3.2787094,6.3177776,9.50821,3.2799451,5.934517,0.7417848
44,129,9.622536,3.2787094,6.3177776,9.740548,2.679129,6.6373277,0.07912203
44,134,9.622536,3.2787094,6.3177776,9.240311,2.9989562,6.4248133,0.09095704
44,135,9.622536,3.2787094,6.3177776,9.465977,3.2554653,6.6482496,1.0
44,137,9.622536,3.2787094,6.3177776,9.439189,2.8714862,6.665036,0.2670239
44,139,9.622536,3.2787094,6.3177776,10.822701,2.8492303,5.7995677,0.10091326
44,285,9.622536,3.2787094,6.3177776,9.670098,3.4547172,6.6564717,0.15282029
44,297,9.622536,3.2787094,6.3177776,9.376651,3.32809,6.8099456,0.085360676
44,319,9.622536,3.2787094,6.3177776,9.507223,3.372532,6.810794,0.17189305
45,6,12.000788,1.8494203,6.0962286,12.250249,1.3833795,5.7515097,0.17307892
45,24,12.000788,1.8494203,6.0962286,11.080333,2.8320312,6.062064,0.13400538
45,28,12.000788,1.8494203,6.0962286,11.226265,2.6513712,6.1275344,0.27851734
45,34,12.000788,1.8494203,6.0962286,12.082217,1.8256388,6.0748124,0.7862464
45,40,12.000788,1.8494203,6.0962286,12.145672,1.709857,6.0315847,1.0
45,57,12.000788,1.8494203,6.0962286,11.811728,1.3356183,6.3590865,0.16576152
45,61,12.000788,1.8494203,6.0962286,11.7382765,1.931206,6.111258,0.99999994
45,65,12.000788,1.8494203,6.0962286,11.4782,1.6543014,6.209696,0.16633467
45,82,12.000788,1.8494203,6.0962286,11.189298,1.9422542,4.9784846,0.17620924
45,87,12.000788,1.8494203,6.0962286,12.042354,1.8550189,6.140088,0.90150166
45,91,12.000788,1.8494203,6.0962286,12.210212,1.4038215,6.2609563,0.27062586
45,93,12.000788,1.8494203,6.0962286,12.036677,0.9762536,6.3885694,0.077613324
45,97,12.000788,1.8494203,6.0962286,11.3862,1.6662368,4.924576,0.21319067
45,121,12.000788,1.8494203,6.0962286,12.159285,1.192618,6.3139243,0.16107227
45,127,12.000788,1.8494203,6.0962286,12.224508,1.5293232,6.120227,0.10446153
45,133,12.000788,1.8494203,6.0962286,12.019429,1.5153317,6.316805,0.16023028
45,140,12.000788,1.8494203,6.0962286,11.98842,1.7044951,6.1635137,1.0
46,10,9.595137,3.2057085,4.9928617,10.034062,3.1575954,5.52166,0.18367927
46,13,9.595137,3.2057085,4.9928617,10.004769,3.3624938,5.0683227,0.47226816
46,29,9.595137,3.2057085,4.9928617,9.002028,3.4842236,5.1378126,0.0023893553
46,37,9.595137,3.2057085,4.9928617,9.866995,3.490644,5.2030563,0.110476956
46,42,9.595137,3.2057085,4.9928617,9.513288,3.075606,5.068268,1.0
46,48,9.595137,3.2057085,4.9928617,9.602788,3.7100995,5.100214,0.15839201
46,64,9.595137,3.2057085,4.9928617,10.627707,2.3062434,4.762956,0.25539052
46,68,9.595137,3.2057085,4.9928617,9.585762,2.9991822,5.1613035,0.6287184
46,74,9.595137,3.2057085,4.9928617,9.154631,3.9107535,4.959477,0.2825264
46,78,9.595137,3.2057085,4.9928617,9.352942,2.9682505,5.487685,0.34971163
46,81,9.595137,3.2057085,4.9928617,10.420862,2.5775936,5.070078,0.2697374
46,84,9.595137,3.2057085,4.9928617,9.514998,2.7706316,5.100206,0.18120344
46,86,9.595137,3.2057085,4.9928617,9.179975,4.0035076,4.983541,0.25743586
46,88,9.595137,3.2057085,4.9928617,9.23888,3.8906603,5.0773993,0.3095421
46,94,9.595137,3.2057085,4.9928617,9.660437,2.873443,5.0520577,0.72127765
46,112,9.595137,3.2057085,4.9928617,9.144263,3.8169527,4.988846,0.27035937
46,126,9.595137,3.2057085,4.9928617,10.196828,2.359293,5.0685086,0.29819763
46,130,9.595137,3.2057085,4.9928617,9.262833,3.5679646,5.0515003,0.4608722
46,141,9.595137,3.2057085,4.9928617,10.344593,3.1642048,5.3316693,0.065829664
46,142,9.595137,3.2057085,4.9928617,9.405608,2.960346,5.0491123,0.6819836
46,144,9.595137,3.2057085,4.9928617,9.533692,3.329295,5.3577943,0.11853544
47,12,12.411848,0.7518171,5.866369,12.220359,0.87713814,5.205713,0.15635854
47,14,12.411848,0.7518171,5.866369,12.229178,0.80292934,5.083406,0.08338566
47,36,12.411848,0.7518171,5.866369,11.799812,1.2032956,6.3406334,0.04758478
47,38,12.411848,0.7518171,5.866369,12.419446,0.7500022,5.5016155,0.28014836
47,51,12.411848,0.7518171,5.866369,11.581452,1.4432619,6.1659365,0.043558005
47,63,12.411848,0.7518171,5.866369,12.387812,1.0296801,5.726947,0.48490542
47,67,12.411848,0.7518171,5.866369,13.0800705,0.2995892,5.740768,0.17156255
47,69,12.411848,0.7518171,5.866369,12.1732235,1.0022672,6.308863,0.065301284
47,73,12.411848,0.7518171,5.866369,12.308235,0.79966015,6.018737,0.85388684
47,79,12.411848,0.7518171,5.866369,11.625175,1.2385032,5.0364914,0.12714773
47,85,12.411848,0.7518171,5.866369,12.545225,0.84734815,6.342742,0.099980116
47,89,12.411848,0.7518171,5.866369,12.488863,0.8213208,6.288701,0.33146477
47,91,12.411848,0.7518171,5.866369,12.210212,1.4038215,6.2609563,0.035480827
47,95,12.411848,0.7518171,5.866369,12.341072,1.0223422,5.590947,0.1427232
47,105,12.411848,0.7518171,5.866369,12.358022,0.7456528,5.3302794,0.08046166
47,107,12.411848,0.7518171,5.866369,12.33757,0.83594453,5.7431455,1.0
47,109,12.411848,0.7518171,5.866369,12.15095,0.9440201,6.3708763,0.06455599
47,117,12.411848,0.7518171,5.866369,12.6118355,0.6909676,6.3690577,0.37167937
47,119,12.411848,0.7518171,5.866369,12.360298,0.82389104,6.1848598,0.9538009
47,123,12.411848,0.7518171,5.866369,12.704335,0.69584435,6.416023,0.078308426
47,125,12.411848,0.7518171,5.866369,12.880971,0.45562276,6.2702613,0.1869702
47,131,12.411848,0.7518171,5.866369,11.905195,1.0270265,5.2497697,1.0
47,145,12.411848,0.7518171,5.866369,12.501276,0.7736548,6.313317,0.42182934
48,13,9.602788,3.7100995,5.100214,10.004769,3.3624938,5.0683227,0.5074667
48,35,9.602788,3.7100995,5.100214,9.982329,3.6637824,5.303128,0.47466707
48,37,9.602788,3.7100995,5.100214,9.866995,3.490644,5.2030563,1.0
48,39,9.602788,3.7100995,5.100214,9.095727,4.1955495,5.4418054,0.11223483
48,42,9.602788,3.7100995,5.100214,9.513288,3.075606,5.068268,0.12056026
48,46,9.602788,3.7100995,5.100214,9.595137,3.2057085,4.9928617,0.15839201
48,54,9.602788,3.7100995,5.100214,9.098144,4.202714,5.1780753,0.15497273
48,58,9.602788,3.7100995,5.100214,9.124067,4.255657,5.342646,0.33515137
48,74,9.602788,3.7100995,5.100214,9.154631,3.9107535,4.959477,0.35137224
48,86,9.602788,3.7100995,5.100214,9.179975,4.0035076,4.983541,0.09059848
48,88,9.602788,3.7100995,5.100214,9.23888,3.8906603,5.0773993,0.17436378
48,98,9.602788,3.7100995,5.100214,9.297371,2.9454048,5.7919674,0.121245906
48,114,9.602788,3.7100995,5.100214,9.2767105,4.029939,5.07962,0.2831433
48,130,9.602788,3.7100995,5.100214,9.262833,3.5679646,5.0515003,0.43539897
49,2,11.373211,1.5964844,6.2712355,9.234901,2.927514,6.097882,0.117053725
49,11,11.373211,1.5964844,6.2712355,10.541508,1.9594339,5.084985,0.013846475
49,21,11.373211,1.5964844,6.2712355,10.859293,2.9586194,6.0873656,0.18419158
49,28,11.373211,1.5964844,6.2712355,11.226265,2.6513712,6.1275344,0.2757659
49,32,11.373211,1.5964844,6.2712355,11.008297,2.8750348,6.20914,0.07022379
49,36,11.373211,1.5964844,6.2712355,11.799812,1.2032956,6.3406334,0.57378066
49,41,11.373211,1.5964844,6.2712355,10.971498,2.9168243,6.1281033,0.08107067
49,51,11.373211,1.5964844,6.2712355,11.581452,1.4432619,6.1659365,1.0
49,57,11.373211,1.5964844,6.2712355,11.811728,1.3356183,6.3590865,0.37084857
49,59,11.373211,1.5964844,6.2712355,11.624395,1.3729773,6.4428196,0.50164354
49,61,11.373211,1.5964844,6.2712355,11.7382765,1.931206,6.111258,0.2698378
49,65,11.373211,1.5964844,6.2712355,11.4782,1.6543014,6.209696,0.5777975
49,73,11.373211,1.5964844,6.2712355,12.308235,0.79966015,6.018737,0.19577609
49,79,11.373211,1.5964844,6.2712355,11.625175,1.2385032,5.0364914,0.099701636
49,83,11.373211,1.5964844,6.2712355,10.681094,2.1431441,5.3523946,0.3926011
49,90,11.373211,1.5964844,6.2712355,10.463488,2.2874494,5.183122,0.12912431
49,93,11.373211,1.5964844,6.2712355,12.036677,0.9762536,6.3885694,0.21674408
49,109,11.373211,1.5964844,6.2712355,12.15095,0.9440201,6.3708763,0.049898297
49,113,11.373211,1.5964844,6.2712355,10.240724,2.6847281,6.205801,0.6234927
49,125,11.373211,1.5964844,6.2712355,12.880971,0.45562276,6.2702613,0.37228042
49,129,11.373211,1.5964844,6.2712355,9.740548,2.679129,6.6373277,0.20591266
49,268,11.373211,1.5964844,6.2712355,13.923687,-0.2427839,5.676307,0.16739106
49,324,11.373211,1.5964844,6.2712355,13.735741,-0.12848909,5.7788615,0.07008052
50,1,9.625917,3.2529693,6.160657,9.860221,3.2128804,6.2913704,1.0
50,5,9.625917,3.2529693,6.160657,10.199663,3.2751892,6.129283,0.82856774
50,7,9.625917,3.2529693,6.160657,9.735829,3.556369,6.6220007,0.1441688
50,10,9.625917,3.2529693,6.160657,10.034062,3.1575954,5.52166,0.25664303
50,18,9.625917,3.2529693,6.160657,10.471566,2.949894,5.7993345,0.040928572
50,19,9.625917,3.2529693,6.160657,10.080209,3.370322,6.0980473,0.3800364
50,22,9.625917,3.2529693,6.160657,9.556016,3.1953576,6.3452654,0.22829643
50,25,9.625917,3.2529693,6.160657,9.525912,3.904014,6.0874515,0.121316105
50,27,9.625917,3.2529693,6.160657,9.466029,3.1511974,6.188851,0.36199087
50,44,9.625917,3.2529693,6.160657,9.622536,3.2787094,6.3177776,1.0
50,56,9.625917,3.2529693,6.160657,9.569546,3.5567935,5.6907086,0.8179792
50,70,9.625917,3.2529693,6.160657,9.406121,2.903538,6.621302,0.18526475
50,78,9.625917,3.2529693,6.160657,9.352942,2.9682505,5.487685,0.09380223
50,116,9.625917,3.2529693,6.160657,9.777507,3.6957846,6.2497725,0.16594276
50,120,9.625917,3.2529693,6.160657,9.171327,3.12144,6.0262923,0.21439569
50,124,9.625917,3.2529693,6.160657,9.29915,3.08902,5.904319,0.27235997
50,128,9.625917,3.2529693,6.160657,9.50821,3.2799451,5.934517,1.0
50,129,9.625917,3.2529693,6.160657,9.740548,2.679129,6.6373277,0.07723376
50,134,9.625917,3.2529693,6.160657,9.240311,2.9989562,6.4248133,0.088706724
50,135,9.625917,3.2529693,6.160657,9.465977,3.2554653,6.6482496,0.7911402
50,137,9.625917,3.2529693,6.160657,9.439189,2.8714862,6.665036,0.29905614
50,144,9.625917,3.2529693,6.160657,9.533692,3.329295,5.3577943,0.09077976
50,285,9.625917,3.2529693,6.160657,9.670098,3.4547172,6.6564717,0.06902432
50,319,9.625917,3.2529693,6.160657,9.507223,3.372532,6.810794,0.09746364
51,11,11.581452,1.4432619,6.1659365,10.541508,1.9594339,5.084985,0.14223783
51,28,11.581452,1.4432619,6.1659365,11.226265,2.6513712,6.1275344,0.09283417
51,31,11.581452,1.4432619,6.1659365,11.328723,1.6283506,4.883606,0.12248377
51,36,11.581452,1.4432619,6.1659365,11.799812,1.2032956,6.3406334,0.99999994
51,47,11.581452,1.4432619,6.1659365,12.411848,0.7518171,5.866369,0.043558005
51,49,11.581452,1.4432619,6.1659365,11.373211,1.5964844,6.2712355,1.0
51,53,11.581452,1.4432619,6.1659365,10.711441,1.9454539,4.991181,0.10553421
51,57,11.581452,1.4432619,6.1659365,11.811728,1.3356183,6.3590865,0.3734589
51,59,11.581452,1.4432619,6.1659365,11.624395,1.3729773,6.4428196,0.32648867
51,61,11.581452,1.4432619,6.1659365,11.7382765,1.931206,6.111258,0.30918014
51,65,11.581452,1.4432619,6.1659365,11.4782,1.6543014,6.209696,1.0
51,73,11.581452,1.4432619,6.1659365,12.308235,0.79966015,6.018737,0.6321221
51,79,11.581452,1.4432619,6.1659365,11.625175,1.2385032,5.0364914,0.15139288
51,82,11.581452,1.4432619,6.1659365,11.189298,1.9422542,4.9784846,0.08414281
51,83,11.581452,1.4432619,6.1659365,10.681094,2.1431441,5.3523946,0.40258363
51,90,11.581452,1.4432619,6.1659365,10.463488,2.2874494,5.183122,0.21460977
51,93,11.581452,1.4432619,6.1659365,12.036677,0.9762536,6.3885694,0.079919435
51,109,11.581452,1.4432619,6.1659365,12.15095,0.9440201,6.3708763,0.127349
51,113,11.581452,1.4432619,6.1659365,10.240724,2.6847281,6.205801,0.064815976
51,117,11.581452,1.4432619,6.1659365,12.6118355,0.6909676,6.3690577,0.1843393
51,119,11.581452,1.4432619,6.1659365,12.360298,0.82389104,6.1848598,0.30055726
51,125,11.581452,1.4432619,6.1659365,12.880971,0.45562276,6.2702613,0.30940422
51,140,11.581452,1.4432619,6.1659365,11.98842,1.7044951,6.1635137,0.09123996
51,145,11.581452,1.4432619,6.1659365,12.501276,0.7736548,6.313317,0.13388231
52,25,9.101418,4.4180408,5.3407083,9.525912,3.904014,6.0874515,0.20821749
52,35,9.101418,4.4180408,5.3407083,9.982329,3.6637824,5.303128,0.06769491
52,39,9.101418,4.4180408,5.3407083,9.095727,4.1955495,5.4418054,0.82547164
52,54,9.101418,4.4180408,5.3407083,9.098144,4.202714,5.1780753,0.4234171
52,58,9.101418,4.4180408,5.3407083,9.124067,4.255657,5.342646,0.99999994
52,62,9.101418,4.4180408,5.3407083,8.943791,4.0453935,5.15859,0.12560196
52,88,9.101418,4.4180408,5.3407083,9.23888,3.8906603,5.0773993,0.073841475
52,92,9.101418,4.4180408,5.3407083,8.970894,4.464218,5.177306,1.0
52,96,9.101418,4.4180408,5.3407083,9.001063,4.378421,5.3790746,1.0
52,102,9.101418,4.4180408,5.3407083,9.294113,4.1385336,5.615341,0.47364372
52,110,9.101418,4.4180408,5.3407083,8.992596,3.930888,5.5671887,0.24823509
52,114,9.101418,4.4180408,5.3407083,9.2767105,4.029939,5.07962,0.16762778
52,118,9.101418,4.4180408,5.3407083,8.835227,4.319337,5.2489967,0.41172534
52,132,9.101418,4.4180408,5.3407083,8.955788,4.109908,5.278212,0.09426507
52,136,9.101418,4.4180408,5.3407083,8.958931,4.3856745,5.0114264,0.14685056
53,3,10.711441,1.9454539,4.991181,10.59433,1.9088179,4.996853,0.90317166
53,4,10.711441,1.9454539,4.991181,11.479083,1.3392807,4.883576,0.06775535
53,11,10.711441,1.9454539,4.991181,10.541508,1.9594339,5.084985,0.8832586
53,17,10.711441,1.9454539,4.991181,10.902183,2.1239972,4.825353,0.3366762
53,20,10.711441,1.9454539,4.991181,10.806154,2.2520027,4.7911134,0.09581256
53,31,10.711441,1.9454539,4.991181,11.328723,1.6283506,4.883606,0.18107192
53,51,10.711441,1.9454539,4.991181,11.581452,1.4432619,6.1659365,0.10553421
53,64,10.711441,1.9454539,4.991181,10.627707,2.3062434,4.762956,0.06857915
53,76,10.711441,1.9454539,4.991181,10.907941,2.245741,4.9803333,0.11487984
53,77,10.711441,1.9454539,4.991181,11.146273,1.8772044,4.815119,0.1989074
53,80,10.711441,1.9454539,4.991181,11.003786,1.9824042,4.8689013,0.6781251
53,81,10.711441,1.9454539,4.991181,10.420862,2.5775936,5.070078,0.038611837
53,82,10.711441,1.9454539,4.991181,11.189298,1.9422542,4.9784846,0.3986485
53,83,10.711441,1.9454539,4.991181,10.681094,2.1431441,5.3523946,0.5364055
53,84,10.711441,1.9454539,4.991181,9.514998,2.7706316,5.100206,0.15671341
53,90,10.711441,1.9454539,4.991181,10.463488,2.2874494,5.183122,1.0
53,101,10.711441,1.9454539,4.991181,11.338562,1.5825276,4.85583,0.22037128
53,111,10.711441,1.9454539,4.991181,11.29472,1.270357,4.8510246,0.18530498
53,115,10.711441,1.9454539,4.991181,10.811174,1.5680985,4.9784627,0.55554974
53,126,10.711441,1.9454539,4.991181,10.196828,2.359293,5.0685086,0.39498395
53,143,10.711441,1.9454539,4.991181,10.218512,2.3101387,5.184448,0.30465877
54,35,9.098144,4.202714,5.1780753,9.982329,3.6637824,5.303128,0.17008646
54,39,9.098144,4.202714,5.1780753,9.095727,4.1955495,5.4418054,0.840603
54,48,9.098144,4.202714,5.1780753,9.602788,3.7100995,5.100214,0.15497273
54,52,9.098144,4.202714,5.1780753,9.101418,4.4180408,5.3407083,0.4234171
54,58,9.098144,4.202714,5.1780753,9.124067,4.255657,5.342646,0.55287033
54,60,9.098144,4.202714,5.1780753,8.808353,3.821579,5.1069202,0.11103965
54,62,9.098144,4.202714,5.1780753,8.943791,4.0453935,5.15859,0.56009996
54,72,9.098144,4.202714,5.1780753,8.876703,3.9969478,5.1797442,0.21225972
54,74,9.098144,4.202714,5.1780753,9.154631,3.9107535,4.959477,0.5063431
54,86,9.098144,4.202714,5.1780753,9.179975,4.0035076,4.983541,0.6419583
54,88,9.098144,4.202714,5.1780753,9.23888,3.8906603,5.0773993,0.66929835
54,92,9.098144,4.202714,5.1780753,8.970894,4.464218,5.177306,0.3436744
54,96,9.098144,4.202714,5.1780753,9.001063,4.378421,5.3790746,0.17028432
54,102,9.098144,4.202714,5.1780753,9.294113,4.1385336,5.615341,0.33384264
54,110,9.098144,4.202714,5.1780753,8.992596,3.930888,5.5671887,0.123058505
54,112,9.098144,4.202714,5.1780753,9.144263,3.8169527,4.988846,0.49587318
54,114,9.098144,4.202714,5.1780753,9.2767105,4.029939,5.07962,1.0
54,118,9.098144,4.202714,5.1780753,8.835227,4.319337,5.2489967,0.5819745
54,130,9.098144,4.202714,5.1780753,9.262833,3.5679646,5.0515003,0.1725756
54,132,9.098144,4.202714,5.1780753,8.955788,4.109908,5.278212,0.5015829
54,136,9.098144,4.202714,5.1780753,8.958931,4.3856745,5.0114264,0.23729065
54,138,9.098144,4.202714,5.1780753,8.890848,3.845697,5.3290987,0.10656976
55,6,12.088935,0.923979,5.0553913,12.250249,1.3833795,5.7515097,0.18900162
55,8,12.088935,0.923979,5.0553913,11.4986725,1.3316464,4.8735027,0.20246361
55,9,12.088935,0.923979,5.0553913,11.392122,1.4639525,4.8138804,0.109329276
55,12,12.088935,0.923979,5.0553913,12.220359,0.87713814,5.205713,1.0
55,14,12.088935,0.923979,5.0553913,12.229178,0.80292934,5.083406,0.52854294
55,30,12.088935,0.923979,5.0553913,11.720957,1.1650677,4.8552604,0.99999994
55,38,12.088935,0.923979,5.0553913,12.419446,0.7500022,5.5016155,0.15344745
55,43,12.088935,0.923979,5.0553913,12.026046,0.93140393,4.980499,1.0
55,63,12.088935,0.923979,5.0553913,12.387812,1.0296801,5.726947,0.14428945
55,95,12.088935,0.923979,5.0553913,12.341072,1.0223422,5.590947,0.28498822
55,97,12.088935,0.923979,5.0553913,11.3862,1.6662368,4.924576,0.12343365
55,105,12.088935,0.923979,5.0553913,12.358022,0.7456528,5.3302794,0.31389508
55,107,12.088935,0.923979,5.0553913,12.33757,0.83594453,5.7431455,0.16694619
55,108,12.088935,0.923979,5.0553913,11.53653,1.3355758,4.926425,0.25606197
55,131,12.088935,0.923979,5.0553913,11.905195,1.0270265,5.2497697,0.2579023
56,1,9.569546,3.5567935,5.6907086,9.860221,3.2128804,6.2913704,0.3595851
56,5,9.569546,3.5567935,5.6907086,10.199663,3.2751892,6.129283,0.14314856
56,10,9.569546,3.5567935,5.6907086,10.034062,3.1575954,5.52166,0.4628857
56,19,9.569546,3.5567935,5.6907086,10.080209,3.370322,6.0980473,0.52404356
56,25,9.569546,3.5567935,5.6907086,9.525912,3.904014,6.0874515,0.14339703
56,26,9.569546,3.5567935,5.6907086,10.508585,3.1837778,5.9481115,0.006336782
56,44,9.569546,3.5567935,5.6907086,9.622536,3.2787094,6.3177776,0.18955564
56,50,9.569546,3.5567935,5.6907086,9.625917,3.2529693,6.160657,0.8179792
56,68,9.569546,3.5567935,5.6907086,9.585762,2.9991822,5.1613035,0.12260033
56,72,9.569546,3.5567935,5.6907086,8.876703,3.9969478,5.1797442,0.41427618
56,88,9.569546,3.5567935,5.6907086,9.23888,3.8906603,5.0773993,0.21398537
56,102,9.569546,3.5567935,5.6907086,9.294113,4.1385336,5.615341,0.12765917
56,112,9.569546,3.5567935,5.6907086,9.144263,3.8169527,4.988846,0.06418769
56,116,9.569546,3.5567935,5.6907086,9.777507,3.6957846,6.2497725,0.1518364
56,128,9.569546,3.5567935,5.6907086,9.50821,3.2799451,5.934517,0.53507775
56,132,9.569546,3.5567935,5.6907086,8.955788,4.109908,5.278212,0.94070256
56,135,9.569546,3.5567935,5.6907086,9.465977,3.2554653,6.6482496,0.03165816
56,137,9.569546,3.5567935,5.6907086,9.439189,2.8714862,6.665036,0.12409042
56,144,9.569546,3.5567935,5.6907086,9.533692,3.329295,5.3577943,1.0
57,36,11.811728,1.3356183,6.3590865,11.799812,1.2032956,6.3406334,0.87079287
57,40,11.811728,1.3356183,6.3590865,12.145672,1.709857,6.0315847,0.032585707
57,45,11.811728,1.3356183,6.3590865,12.000788,1.8494203,6.0962286,0.16576152
57,49,11.811728,1.3356183,6.3590865,11.373211,1.5964844,6.2712355,0.37084857
57,51,11.811728,1.3356183,6.3590865,11.581452,1.4432619,6.1659365,0.3734589
57,59,11.811728,1.3356183,6.3590865,11.624395,1.3729773,6.4428196,1.0
57,61,11.811728,1.3356183,6.3590865,11.7382765,1.931206,6.111258,0.23005036
57,65,11.811728,1.3356183,6.3590865,11.4782,1.6543014,6.209696,0.9742093
57,69,11.811728,1.3356183,6.3590865,12.1732235,1.0022672,6.308863,0.31805134
57,73,11.811728,1.3356183,6.3590865,12.308235,0.79966015,6.018737,0.12533742
57,75,11.811728,1.3356183,6.3590865,12.161235,1.1601542,6.253751,0.099583894
57,87,11.811728,1.3356183,6.3590865,12.042354,1.8550189,6.140088,0.09857372
57,91,11.811728,1.3356183,6.3590865,12.210212,1.4038215,6.2609563,0.34790713
57,93,11.811728,1.3356183,6.3590865,12.036677,0.9762536,6.3885694,0.5306034
57,109,11.811728,1.3356183,6.3590865,12.15095,0.9440201,6.3708763,0.46456593
57,119,11.811728,1.3356183,6.3590865,12.360298,0.82389104,6.1848598,0.040168926
57,121,11.811728,1.3356183,6.3590865,12.159285,1.192618,6.3139243,0.538999
57,129,11.811728,1.3356183,6.3590865,9.740548,2.679129,6.6373277,0.5451208
57,133,11.811728,1.3356183,6.3590865,12.019429,1.5153317,6.316805,1.0
57,140,11.811728,1.3356183,6.3590865,11.98842,1.7044951,6.1635137,0.36076424
57,145,11.811728,1.3356183,6.3590865,12.501276,0.7736548,6.313317,0.13103054
58,35,9.124067,4.255657,5.342646,9.982329,3.6637824,5.303128,0.30275786
58,39,9.124067,4.255657,5.342646,9.095727,4.1955495,5.4418054,1.0
58,48,9.124067,4.255657,5.342646,9.602788,3.7100995,5.100214,0.33515137
58,52,9.124067,4.255657,5.342646,9.101418,4.4180408,5.3407083,0.99999994
58,54,9.124067,4.255657,5.342646,9.098144,4.202714,5.1780753,0.55287033
58,62,9.124067,4.255657,5.342646,8.943791,4.0453935,5.15859,0.26490226
58,74,9.124067,4.255657,5.342646,9.154631,3.9107535,4.959477,0.1143205
58,88,9.124067,4.255657,5.342646,9.23888,3.8906603,5.0773993,0.14587928
58,92,9.124067,4.255657,5.342646,8.970894,4.464218,5.177306,0.25693905
58,96,9.124067,4.255657,5.342646,9.001063,4.378421,5.3790746,0.14209364
58,102,9.124067,4.255657,5.342646,9.294113,4.1385336,5.615341,0.35845786
58,110,9.124067,4.255657,5.342646,8.992596,3.930888,5.5671887,0.48507428
58,114,9.124067,4.255657,5.342646,9.2767105,4.029939,5.07962,0.46208867
58,118,9.124067,4.255657,5.342646,8.835227,4.319337,5.2489967,0.09736929
58,130,9.124067,4.255657,5.342646,9.262833,3.5679646,5.0515003,0.09441177
58,138,9.124067,4.255657,5.342646,8.890848,3.845697,5.3290987,0.19631872
59,36,11.624395,1.3729773,6.4428196,11.799812,1.2032956,6.3406334,0.75265235
59,49,11.624395,1.3729773,6.4428196,11.373211,1.5964844,6.2712355,0.50164354
59,51,11.624395,1.3729773,6.4428196,11.581452,1.4432619,6.1659365,0.32648867
59,57,11.624395,1.3729773,6.4428196,11.811728,1.3356183,6.3590865,1.0
59,61,11.624395,1.3729773,6.4428196,11.7382765,1.931206,6.111258,0.16922095
59,65,11.624395,1.3729773,6.4428196,11.4782,1.6543014,6.209696,0.42102402
59,69,11.624395,1.3729773,6.4428196,12.1732235,1.0022672,6.308863,0.23613353
59,70,11.624395,1.3729773,6.4428196,9.406121,2.903538,6.621302,0.15178698
59,73,11.624395,1.3729773,6.4428196,12.308235,0.79966015,6.018737,0.10054799
59,75,11.624395,1.3729773,6.4428196,12.161235,1.1601542,6.253751,0.06450601
59,87,11.624395,1.3729773,6.4428196,12.042354,1.8550189,6.140088,0.030514052
59,93,11.624395,1.3729773,6.4428196,12.036677,0.9762536,6.3885694,0.52305365
59,109,11.624395,1.3729773,6.4428196,12.15095,0.9440201,6.3708763,0.5021428
59,121,11.624395,1.3729773,6.4428196,12.159285,1.192618,6.3139243,0.2831005
59,129,11.624395,1.3729773,6.4428196,9.740548,2.679129,6.6373277,1.0
59,133,11.624395,1.3729773,6.4428196,12.019429,1.5153317,6.316805,0.3145084
59,137,11.624395,1.3729773,6.4428196,9.439189,2.8714862,6.665036,0.23779047
59,140,11.624395,1.3729773,6.4428196,11.98842,1.7044951,6.1635137,0.086815245
59,270,11.624395,1.3729773,6.4428196,13.715549,-0.15167141,6.0419674,0.057107385
60,29,8.808353,3.821579,5.1069202,9.002028,3.4842236,5.1378126,1.0
60,54,8.808353,3.821579,5.1069202,9.098144,4.202714,5.1780753,0.11103965
60,62,8.808353,3.821579,5.1069202,8.943791,4.0453935,5.15859,0.5642906
60,72,8.808353,3.821579,5.1069202,8.876703,3.9969478,5.1797442,0.49390936
60,74,8.808353,3.821579,5.1069202,9.154631,3.9107535,4.959477,0.22402817
60,88,8.808353,3.821579,5.1069202,9.23888,3.8906603,5.0773993,0.12721378
60,104,8.808353,3.821579,5.1069202,9.052896,2.7097988,6.2279944,0.34501082
60,112,8.808353,3.821579,5.1069202,9.144263,3.8169527,4.988846,0.43071222
60,114,8.808353,3.821579,5.1069202,9.2767105,4.029939,5.07962,0.12562409
60,118,8.808353,3.821579,5.1069202,8.835227,4.319337,5.2489967,0.16914131
60,130,8.808353,3.821579,5.1069202,9.262833,3.5679646,5.0515003,0.17710705
60,132,8.808353,3.821579,5.1069202,8.955788,4.109908,5.278212,0.14967373
60,136,8.808353,3.821579,5.1069202,8.958931,4.3856745,5.0114264,0.28735206
60,138,8.808353,3.821579,5.1069202,8.890848,3.845697,5.3290987,0.345245
60,142,8.808353,3.821579,5.1069202,9.405608,2.960346,5.0491123,0.11654532
61,24,11.7382765,1.931206,6.111258,11.080333,2.8320312,6.062064,0.32607204
61,28,11.7382765,1.931206,6.111258,11.226265,2.6513712,6.1275344,0.8295914
61,31,11.7382765,1.931206,6.111258,11.328723,1.6283506,4.883606,0.24765241
61,34,11.7382765,1.931206,6.111258,12.082217,1.8256388,6.0748124,0.24646686
61,36,11.7382765,1.931206,6.111258,11.799812,1.2032956,6.3406334,0.101421565
61,40,11.7382765,1.931206,6.111258,12.145672,1.709857,6.0315847,0.076624304
61,45,11.7382765,1.931206,6.111258,12.000788,1.8494203,6.0962286,0.99999994
61,49,11.7382765,1.931206,6.111258,11.373211,1.5964844,6.2712355,0.2698378
61,51,11.7382765,1.931206,6.111258,11.581452,1.4432619,6.1659365,0.30918014
61,57,11.7382765,1.931206,6.111258,11.811728,1.3356183,6.3590865,0.23005036
61,59,11.7382765,1.931206,6.111258,11.624395,1.3729773,6.4428196,0.16922095
61,65,11.7382765,1.931206,6.111258,11.4782,1.6543014,6.209696,0.28464985
61,73,11.7382765,1.931206,6.111258,12.308235,0.79966015,6.018737,0.23764889
61,82,11.7382765,1.931206,6.111258,11.189298,1.9422542,4.9784846,0.21688731
61,87,11.7382765,1.931206,6.111258,12.042354,1.8550189,6.140088,0.07910743
61,93,11.7382765,1.931206,6.111258,12.036677,0.9762536,6.3885694,0.29572612
61,97,11.7382765,1.931206,6.111258,11.3862,1.6662368,4.924576,0.0921619
61,140,11.7382765,1.931206,6.111258,11.98842,1.7044951,6.1635137,0.5021039
62,29,8.943791,4.0453935,5.15859,9.002028,3.4842236,5.1378126,0.16876547
62,39,8.943791,4.0453935,5.15859,9.095727,4.1955495,5.4418054,0.44321543
62,52,8.943791,4.0453935,5.15859,9.101418,4.4180408,5.3407083,0.12560196
62,54,8.943791,4.0453935,5.15859,9.098144,4.202714,5.1780753,0.56009996
62,58,8.943791,4.0453935,5.15859,9.124067,4.255657,5.342646,0.26490226
62,60,8.943791,4.0453935,5.15859,8.808353,3.821579,5.1069202,0.5642906
62,72,8.943791,4.0453935,5.15859,8.876703,3.9969478,5.1797442,0.17276765
62,74,8.943791,4.0453935,5.15859,9.154631,3.9107535,4.959477,0.44677874
62,88,8.943791,4.0453935,5.15859,9.23888,3.8906603,5.0773993,0.14610082
62,92,8.943791,4.0453935,5.15859,8.970894,4.464218,5.177306,0.09099667
62,96,8.943791,4.0453935,5.15859,9.001063,4.378421,5.3790746,0.043131128
62,110,8.943791,4.0453935,5.15859,8.992596,3.930888,5.5671887,0.25187284
62,112,8.943791,4.0453935,5.15859,9.144263,3.8169527,4.988846,0.45721406
62,114,8.943791,4.0453935,5.15859,9.2767105,4.029939,5.07962,0.5755247
62,118,8.943791,4.0453935,5.15859,8.835227,4.319337,5.2489967,1.0
62,122,8.943791,4.0453935,5.15859,9.035106,3.4317935,5.895477,0.08482196
62,130,8.943791,4.0453935,5.15859,9.262833,3.5679646,5.0515003,0.29068205
62,132,8.943791,4.0453935,5.15859,8.955788,4.109908,5.278212,0.14583433
62,136,8.943791,4.0453935,5.15859,8.958931,4.3856745,5.0114264,0.34232455
62,138,8.943791,4.0453935,5.15859,8.890848,3.845697,5.3290987,1.0
63,6,12.387812,1.0296801,5.726947,12.250249,1.3833795,5.7515097,0.7698658
63,12,12.387812,1.0296801,5.726947,12.220359,0.87713814,5.205713,0.41351002
63,38,12.387812,1.0296801,5.726947,12.419446,0.7500022,5.5016155,0.77744097
63,40,12.387812,1.0296801,5.726947,12.145672,1.709857,6.0315847,0.040423132
63,47,12.387812,1.0296801,5.726947,12.411848,0.7518171,5.866369,0.48490542
63,55,12.387812,1.0296801,5.726947,12.088935,0.923979,5.0553913,0.14428945
63,69,12.387812,1.0296801,5.726947,12.1732235,1.0022672,6.308863,0.29245996
63,73,12.387812,1.0296801,5.726947,12.308235,0.79966015,6.018737,0.20409073
63,75,12.387812,1.0296801,5.726947,12.161235,1.1601542,6.253751,0.07922381
63,85,12.387812,1.0296801,5.726947,12.545225,0.84734815,6.342742,0.10669135
63,89,12.387812,1.0296801,5.726947,12.488863,0.8213208,6.288701,0.24776687
63,91,12.387812,1.0296801,5.726947,12.210212,1.4038215,6.2609563,0.40049198
63,95,12.387812,1.0296801,5.726947,12.341072,1.0223422,5.590947,0.99999994
63,103,12.387812,1.0296801,5.726947,12.4185705,0.9668349,5.659014,1.0
63,105,12.387812,1.0296801,5.726947,12.358022,0.7456528,5.3302794,0.20354512
63,107,12.387812,1.0296801,5.726947,12.33757,0.83594453,5.7431455,1.0
63,109,12.387812,1.0296801,5.726947,12.15095,0.9440201,6.3708763,0.1130433
63,119,12.387812,1.0296801,5.726947,12.360298,0.82389104,6.1848598,0.22723174
63,121,12.387812,1.0296801,5.726947,12.159285,1.192618,6.3139243,0.23839296
63,127,12.387812,1.0296801,5.726947,12.224508,1.5293232,6.120227,0.14121112
63,131,12.387812,1.0296801,5.726947,11.905195,1.0270265,5.2497697,0.15756981
63,145,12.387812,1.0296801,5.726947,12.501276,0.7736548,6.313317,0.11506979
64,3,10.627707,2.3062434,4.762956,10.59433,1.9088179,4.996853,0.23278998
64,13,10.627707,2.3062434,4.762956,10.004769,3.3624938,5.0683227,0.35025454
64,17,10.627707,2.3062434,4.762956,10.902183,2.1239972,4.825353,0.72812784
64,20,10.627707,2.3062434,4.762956,10.806154,2.2520027,4.7911134,1.0
64,42,10.627707,2.3062434,4.762956,9.513288,3.075606,5.068268,0.124542035
64,46,10.627707,2.3062434,4.762956,9.595137,3.2057085,4.9928617,0.25539052
64,53,10.627707,2.3062434,4.762956,10.711441,1.9454539,4.991181,0.06857915
64,76,10.627707,2.3062434,4.762956,10.907941,2.245741,4.9803333,0.2058143
64,77,10.627707,2.3062434,4.762956,11.146273,1.8772044,4.815119,0.114355974
64,80,10.627707,2.3062434,4.762956,11.003786,1.9824042,4.8689013,0.3986956
64,81,10.627707,2.3062434,4.762956,10.420862,2.5775936,5.070078,0.21989858
64,94,10.627707,2.3062434,4.762956,9.660437,2.873443,5.0520577,0.32714984
64,126,10.627707,2.3062434,4.762956,10.196828,2.359293,5.0685086,0.1752147
64,141,10.627707,2.3062434,4.762956,10.344593,3.1642048,5.3316693,0.090308316
65,1,11.4782,1.6543014,6.209696,9.860221,3.2128804,6.2913704,0.072545394
65,18,11.4782,1.6543014,6.209696,10.471566,2.949894,5.7993345,0.61123425
65,28,11.4782,1.6543014,6.209696,11.226265,2.6513712,6.1275344,0.19868028
65,36,11.4782,1.6543014,6.209696,11.799812,1.2032956,6.3406334,0.51655334
65,45,11.4782,1.6543014,6.209696,12.000788,1.8494203,6.0962286,0.16633467
65,49,11.4782,1.6543014,6.209696,11.373211,1.5964844,6.2712355,0.5777975
65,51,11.4782,1.6543014,6.209696,11.581452,1.4432619,6.1659365,1.0
65,57,11.4782,1.6543014,6.209696,11.811728,1.3356183,6.3590865,0.9742093
65,59,11.4782,1.6543014,6.209696,11.624395,1.3729773,6.4428196,0.42102402
65,61,11.4782,1.6543014,6.209696,11.7382765,1.931206,6.111258,0.28464985
65,82,11.4782,1.6543014,6.209696,11.189298,1.9422542,4.9784846,0.091624424
65,83,11.4782,1.6543014,6.209696,10.681094,2.1431441,5.3523946,0.35027108
65,87,11.4782,1.6543014,6.209696,12.042354,1.8550189,6.140088,0.066068135
65,90,11.4782,1.6543014,6.209696,10.463488,2.2874494,5.183122,0.6047421
65,129,11.4782,1.6543014,6.209696,9.740548,2.679129,6.6373277,0.22210133
65,133,11.4782,1.6543014,6.209696,12.019429,1.5153317,6.316805,0.12019084
65,139,11.4782,1.6543014,6.209696,10.822701,2.8492303,5.7995677,0.16850737
65,140,11.4782,1.6543014,6.209696,11.98842,1.7044951,6.1635137,0.4111904
65,143,11.4782,1.6543014,6.209696,10.218512,2.3101387,5.184448,0.39476144
66,2,9.120002,2.7861,6.3491483,9.234901,2.927514,6.097882,0.40002933
66,29,9.120002,2.7861,6.3491483,9.002028,3.4842236,5.1378126,0.12834288
66,70,9.120002,2.7861,6.3491483,9.406121,2.903538,6.621302,0.5063119
66,78,9.120002,2.7861,6.3491483,9.352942,2.9682505,5.487685,0.116194345
66,84,9.120002,2.7861,6.3491483,9.514998,2.7706316,5.100206,0.14207076
66,100,9.120002,2.7861,6.3491483,9.060883,2.6801867,6.2368636,1.0
66,104,9.120002,2.7861,6.3491483,9.052896,2.7097988,6.2279944,0.6122758
66,106,9.120002,2.7861,6.3491483,9.217525,3.026383,6.052286,0.31504723
66,120,9.120002,2.7861,6.3491483,9.171327,3.12144,6.0262923,0.28577375
66,124,9.120002,2.7861,6.3491483,9.29915,3.08902,5.904319,0.13282402
66,129,9.120002,2.7861,6.3491483,9.740548,2.679129,6.6373277,0.16114172
66,134,9.120002,2.7861,6.3491483,9.240311,2.9989562,6.4248133,1.0
66,135,9.120002,2.7861,6.3491483,9.465977,3.2554653,6.6482496,0.11833518
66,137,9.120002,2.7861,6.3491483,9.439189,2.8714862,6.665036,0.43667403
66,143,9.120002,2.7861,6.3491483,10.218512,2.3101387,5.184448,0.13487835
67,38,13.0800705,0.2995892,5.740768,12.419446,0.7500022,5.5016155,0.499229
67,47,13.0800705,0.2995892,5.740768,12.411848,0.7518171,5.866369,0.17156255
67,69,13.0800705,0.2995892,5.740768,12.1732235,1.0022672,6.308863,0.3306329
67,73,13.0800705,0.2995892,5.740768,12.308235,0.79966015,6.018737,0.21008727
67,93,13.0800705,0.2995892,5.740768,12.036677,0.9762536,6.3885694,0.32615638
67,103,13.0800705,0.2995892,5.740768,12.4185705,0.9668349,5.659014,0.10003431
67,105,13.0800705,0.2995892,5.740768,12.358022,0.7456528,5.3302794,0.1927845
67,107,13.0800705,0.2995892,5.740768,12.33757,0.83594453,5.7431455,0.19980384
67,109,13.0800705,0.2995892,5.740768,12.15095,0.9440201,6.3708763,0.25334433
67,123,13.0800705,0.2995892,5.740768,12.704335,0.69584435,6.416023,0.08905683
67,270,13.0800705,0.2995892,5.740768,13.715549,-0.15167141,6.0419674,0.46267098
67,273,13.0800705,0.2995892,5.740768,13.165489,0.22482604,5.7879477,1.0
67,275,13.0800705,0.2995892,5.740768,14.075612,-0.35584876,5.911238,0.18161313
67,284,13.0800705,0.2995892,5.740768,15.686274,-1.1251733,5.580252,0.39074033
67,292,13.0800705,0.2995892,5.740768,15.634305,-1.4031276,5.355678,0.15576838
67,301,13.0800705,0.2995892,5.740768,14.4538,-0.53221375,5.5938997,0.41117606
67,324,13.0800705,0.2995892,5.740768,13.735741,-0.12848909,5.7788615,0.24890278
68,10,9.585762,2.9991822,5.1613035,10.034062,3.1575954,5.52166,0.64925903
68,42,9.585762,2.9991822,5.1613035,9.513288,3.075606,5.068268,0.58690107
68,46,9.585762,2.9991822,5.1613035,9.595137,3.2057085,4.9928617,0.6287184
68,56,9.585762,2.9991822,5.1613035,9.569546,3.5567935,5.6907086,0.12260033
68,72,9.585762,2.9991822,5.1613035,8.876703,3.9969478,5.1797442,0.12329265
68,78,9.585762,2.9991822,5.1613035,9.352942,2.9682505,5.487685,0.11189428
68,84,9.585762,2.9991822,5.1613035,9.514998,2.7706316,5.100206,0.151187
68,86,9.585762,2.9991822,5.1613035,9.179975,4.0035076,4.983541,0.16767117
68,88,9.585762,2.9991822,5.1613035,9.23888,3.8906603,5.0773993,0.11644297
68,94,9.585762,2.9991822,5.1613035,9.660437,2.873443,5.0520577,1.0
68,104,9.585762,2.9991822,5.1613035,9.052896,2.7097988,6.2279944,0.16716672
68,112,9.585762,2.9991822,5.1613035,9.144263,3.8169527,4.988846,0.24869281
68,126,9.585762,2.9991822,5.1613035,10.196828,2.359293,5.0685086,0.063386366
68,128,9.585762,2.9991822,5.1613035,9.50821,3.2799451,5.934517,0.075435504
68,142,9.585762,2.9991822,5.1613035,9.405608,2.960346,5.0491123,0.28733674
68,143,9.585762,2.9991822,5.1613035,10.218512,2.3101387,5.184448,0.2548235
68,144,9.585762,2.9991822,5.1613035,9.533692,3.329295,5.3577943,1.0
69,36,12.1732235,1.0022672,6.308863,11.799812,1.2032956,6.3406334,0.13726532
69,38,12.1732235,1.0022672,6.308863,12.419446,0.7500022,5.5016155,0.17935446
69,40,12.1732235,1.0022672,6.308863,12.145672,1.709857,6.0315847,0.02828489
69,47,12.1732235,1.0022672,6.308863,12.411848,0.7518171,5.866369,0.065301284
69,57,12.1732235,1.0022672,6.308863,11.811728,1.3356183,6.3590865,0.31805134
69,59,12.1732235,1.0022672,6.308863,11.624395,1.3729773,6.4428196,0.23613353
69,63,12.1732235,1.0022672,6.308863,12.387812,1.0296801,5.726947,0.29245996
69,67,12.1732235,1.0022672,6.308863,13.0800705,0.2995892,5.740768,0.3306329
69,73,12.1732235,1.0022672,6.308863,12.308235,0.79966015,6.018737,0.39700663
69,75,12.1732235,1.0022672,6.308863,12.161235,1.1601542,6.253751,0.6330868
69,85,12.1732235,1.0022672,6.308863,12.545225,0.84734815,6.342742,0.14266442
69,91,12.1732235,1.0022672,6.308863,12.210212,1.4038215,6.2609563,0.43572265
69,93,12.1732235,1.0022672,6.308863,12.036677,0.9762536,6.3885694,1.0
69,103,12.1732235,1.0022672,6.308863,12.4185705,0.9668349,5.659014,0.31645626
69,105,12.1732235,1.0022672,6.308863,12.358022,0.7456528,5.3302794,0.09698587
69,107,12.1732235,1.0022672,6.308863,12.33757,0.83594453,5.7431455,0.32046062
69,109,12.1732235,1.0022672,6.308863,12.15095,0.9440201,6.3708763,1.0
69,117,12.1732235,1.0022672,6.308863,12.6118355,0.6909676,6.3690577,0.1578033
69,119,12.1732235,1.0022672,6.308863,12.360298,0.82389104,6.1848598,0.103323065
69,121,12.1732235,1.0022672,6.308863,12.159285,1.192618,6.3139243,0.9949354
69,123,12.1732235,1.0022672,6.308863,12.704335,0.69584435,6.416023,0.053560086
69,133,12.1732235,1.0022672,6.308863,12.019429,1.5153317,6.316805,0.025327949
69,145,12.1732235,1.0022672,6.308863,12.501276,0.7736548,6.313317,0.25885093
69,270,12.1732235,1.0022672,6.308863,13.715549,-0.15167141,6.0419674,0.12054241
69,273,12.1732235,1.0022672,6.308863,13.165489,0.22482604,5.7879477,0.3149551
70,1,9.406121,2.903538,6.621302,9.860221,3.2128804,6.2913704,0.3375282
70,44,9.406121,2.903538,6.621302,9.622536,3.2787094,6.3177776,0.16516925
70,50,9.406121,2.903538,6.621302,9.625917,3.2529693,6.160657,0.18526475
70,59,9.406121,2.903538,6.621302,11.624395,1.3729773,6.4428196,0.15178698
70,66,9.406121,2.903538,6.621302,9.120002,2.7861,6.3491483,0.5063119
70,100,9.406121,2.903538,6.621302,9.060883,2.6801867,6.2368636,0.28519014
70,104,9.406121,2.903538,6.621302,9.052896,2.7097988,6.2279944,0.3843771
70,129,9.406121,2.903538,6.621302,9.740548,2.679129,6.6373277,0.5970222
70,134,9.406121,2.903538,6.621302,9.240311,2.9989562,6.4248133,0.5685555
70,135,9.406121,2.903538,6.621302,9.465977,3.2554653,6.6482496,0.4637221
70,137,9.406121,2.903538,6.621302,9.439189,2.8714862,6.665036,1.0
70,295,9.406121,2.903538,6.621302,9.310273,3.3932543,6.800622,0.26074365
70,297,9.406121,2.903538,6.621302,9.376651,3.32809,6.8099456,0.3733706
70,319,9.406121,2.903538,6.621302,9.507223,3.372532,6.810794,0.28687716
71,0,11.075578,2.072343,4.9153643,10.875112,2.974778,5.977921,0.18496881
71,16,11.075578,2.072343,4.9153643,10.691866,3.1643476,5.8207307,0.22424845
71,17,11.075578,2.072343,4.9153643,10.902183,2.1239972,4.825353,0.6382608
71,18,11.075578,2.072343,4.9153643,10.471566,2.949894,5.7993345,0.037310936
71,20,11.075578,2.072343,4.9153643,10.806154,2.2520027,4.7911134,0.5019527
71,24,11.075578,2.072343,4.9153643,11.080333,2.8320312,6.062064,0.13678528
71,26,11.075578,2.072343,4.9153643,10.508585,3.1837778,5.9481115,0.014339817
71,31,11.075578,2.072343,4.9153643,11.328723,1.6283506,4.883606,0.27947903
71,33,11.075578,2.072343,4.9153643,10.75499,3.266381,5.7251177,0.103056654
71,76,11.075578,2.072343,4.9153643,10.907941,2.245741,4.9803333,1.0
71,77,11.075578,2.072343,4.9153643,11.146273,1.8772044,4.815119,0.074531406
71,80,11.075578,2.072343,4.9153643,11.003786,1.9824042,4.8689013,0.57016593
71,82,11.075578,2.072343,4.9153643,11.189298,1.9422542,4.9784846,0.9162197
71,90,11.075578,2.072343,4.9153643,10.463488,2.2874494,5.183122,0.05276003
71,97,11.075578,2.072343,4.9153643,11.3862,1.6662368,4.924576,0.20637347
71,99,11.075578,2.072343,4.9153643,10.871017,2.9710946,5.966107,0.042546794
71,101,11.075578,2.072343,4.9153643,11.338562,1.5825276,4.85583,0.35718647
71,139,11.075578,2.072343,4.9153643,10.822701,2.8492303,5.7995677,0.13329624
72,54,8.876703,3.9969478,5.1797442,9.098144,4.202714,5.1780753,0.21225972
72,56,8.876703,3.9969478,5.1797442,9.569546,3.5567935,5.6907086,0.41427618
72,60,8.876703,3.9969478,5.1797442,8.808353,3.821579,5.1069202,0.49390936
72,62,8.876703,3.9969478,5.1797442,8.943791,4.0453935,5.15859,0.17276765
72,68,8.876703,3.9969478,5.1797442,9.585762,2.9991822,5.1613035,0.12329265
72,74,8.876703,3.9969478,5.1797442,9.154631,3.9107535,4.959477,0.121545486
72,86,8.876703,3.9969478,5.1797442,9.179975,4.0035076,4.983541,0.22478634
72,88,8.876703,3.9969478,5.1797442,9.23888,3.8906603,5.0773993,0.19252758
72,96,8.876703,3.9969478,5.1797442,9.001063,4.378421,5.3790746,0.18586864
72,104,8.876703,3.9969478,5.1797442,9.052896,2.7097988,6.2279944,0.14963773
72,112,8.876703,3.9969478,5.1797442,9.144263,3.8169527,4.988846,0.37305683
72,114,8.876703,3.9969478,5.1797442,9.2767105,4.029939,5.07962,0.14155523
72,118,8.876703,3.9969478,5.1797442,8.835227,4.319337,5.2489967,0.34113622
72,132,8.876703,3.9969478,5.1797442,8.955788,4.109908,5.278212,1.0
72,136,8.876703,3.9969478,5.1797442,8.958931,4.3856745,5.0114264,0.21794748
72,144,8.876703,3.9969478,5.1797442,9.533692,3.329295,5.3577943,0.48318928
73,36,12.308235,0.79966015,6.018737,11.799812,1.2032956,6.3406334,0.40624636
73,38,12.308235,0.79966015,6.018737,12.419446,0.7500022,5.5016155,0.17101452
73,47,12.308235,0.79966015,6.018737,12.411848,0.7518171,5.866369,0.85388684
73,49,12.308235,0.79966015,6.018737,11.373211,1.5964844,6.2712355,0.19577609
73,51,12.308235,0.79966015,6.018737,11.581452,1.4432619,6.1659365,0.6321221
73,57,12.308235,0.79966015,6.018737,11.811728,1.3356183,6.3590865,0.12533742
73,59,12.308235,0.79966015,6.018737,11.624395,1.3729773,6.4428196,0.10054799
73,61,12.308235,0.79966015,6.018737,11.7382765,1.931206,6.111258,0.23764889
73,63,12.308235,0.79966015,6.018737,12.387812,1.0296801,5.726947,0.20409073
73,67,12.308235,0.79966015,6.018737,13.0800705,0.2995892,5.740768,0.21008727
73,69,12.308235,0.79966015,6.018737,12.1732235,1.0022672,6.308863,0.39700663
73,79,12.308235,0.79966015,6.018737,11.625175,1.2385032,5.0364914,0.14532347
73,93,12.308235,0.79966015,6.018737,12.036677,0.9762536,6.3885694,0.5378506
73,105,12.308235,0.79966015,6.018737,12.358022,0.7456528,5.3302794,0.0890215
73,107,12.308235,0.79966015,6.018737,12.33757,0.83594453,5.7431455,0.7191732
73,109,12.308235,0.79966015,6.018737,12.15095,0.9440201,6.3708763,0.51339114
73,117,12.308235,0.79966015,6.018737,12.6118355,0.6909676,6.3690577,0.2276328
73,119,12.308235,0.79966015,6.018737,12.360298,0.82389104,6.1848598,1.0
73,121,12.308235,0.79966015,6.018737,12.159285,1.192618,6.3139243,0.099231176
73,125,12.308235,0.79966015,6.018737,12.880971,0.45562276,6.2702613,0.35794747
73,131,12.308235,0.79966015,6.018737,11.905195,1.0270265,5.2497697,0.21343532
73,145,12.308235,0.79966015,6.018737,12.501276,0.7736548,6.313317,0.24091296
73,273,12.308235,0.79966015,6.018737,13.165489,0.22482604,5.7879477,0.20046946
73,324,12.308235,0.79966015,6.018737,13.735741,-0.12848909,5.7788615,0.08778621
74,13,9.154631,3.9107535,4.959477,10.004769,3.3624938,5.0683227,0.05926991
74,29,9.154631,3.9107535,4.959477,9.002028,3.4842236,5.1378126,0.06179411
74,39,9.154631,3.9107535,4.959477,9.095727,4.1955495,5.4418054,0.0773092
74,42,9.154631,3.9107535,4.959477,9.513288,3.075606,5.068268,0.053608544
74,46,9.154631,3.9107535,4.959477,9.595137,3.2057085,4.9928617,0.2825264
74,48,9.154631,3.9107535,4.959477,9.602788,3.7100995,5.100214,0.35137224
74,54,9.154631,3.9107535,4.959477,9.098144,4.202714,5.1780753,0.5063431
74,58,9.154631,3.9107535,4.959477,9.124067,4.255657,5.342646,0.1143205
74,60,9.154631,3.9107535,4.959477,8.808353,3.821579,5.1069202,0.22402817
74,62,9.154631,3.9107535,4.959477,8.943791,4.0453935,5.15859,0.44677874
74,72,9.154631,3.9107535,4.959477,8.876703,3.9969478,5.1797442,0.121545486
74,78,9.154631,3.9107535,4.959477,9.352942,2.9682505,5.487685,0.020968985
74,86,9.154631,3.9107535,4.959477,9.179975,4.0035076,4.983541,1.0
74,88,9.154631,3.9107535,4.959477,9.23888,3.8906603,5.0773993,0.6105226
74,92,9.154631,3.9107535,4.959477,8.970894,4.464218,5.177306,0.07757468
74,112,9.154631,3.9107535,4.959477,9.144263,3.8169527,4.988846,0.94707763
74,114,9.154631,3.9107535,4.959477,9.2767105,4.029939,5.07962,0.7047574
74,118,9.154631,3.9107535,4.959477,8.835227,4.319337,5.2489967,0.08088756
74,130,9.154631,3.9107535,4.959477,9.262833,3.5679646,5.0515003,1.0
74,136,9.154631,3.9107535,4.959477,8.958931,4.3856745,5.0114264,0.23999256
74,138,9.154631,3.9107535,4.959477,8.890848,3.845697,5.3290987,0.11294273
75,40,12.161235,1.1601542,6.253751,12.145672,1.709857,6.0315847,0.09962201
75,57,12.161235,1.1601542,6.253751,11.811728,1.3356183,6.3590865,0.099583894
75,59,12.161235,1.1601542,6.253751,11.624395,1.3729773,6.4428196,0.06450601
75,63,12.161235,1.1601542,6.253751,12.387812,1.0296801,5.726947,0.07922381
75,69,12.161235,1.1601542,6.253751,12.1732235,1.0022672,6.308863,0.6330868
75,85,12.161235,1.1601542,6.253751,12.545225,0.84734815,6.342742,0.15130289
75,87,12.161235,1.1601542,6.253751,12.042354,1.8550189,6.140088,0.06766911
75,91,12.161235,1.1601542,6.253751,12.210212,1.4038215,6.2609563,0.3868335
75,93,12.161235,1.1601542,6.253751,12.036677,0.9762536,6.3885694,0.1411066
75,103,12.161235,1.1601542,6.253751,12.4185705,0.9668349,5.659014,0.7563164
75,109,12.161235,1.1601542,6.253751,12.15095,0.9440201,6.3708763,0.23545945
75,121,12.161235,1.1601542,6.253751,12.159285,1.192618,6.3139243,1.0
75,133,12.161235,1.1601542,6.253751,12.019429,1.5153317,6.316805,0.24236403
75,270,12.161235,1.1601542,6.253751,13.715549,-0.15167141,6.0419674,0.05803854
76,0,10.907941,2.245741,4.9803333,10.875112,2.974778,5.977921,0.027138995
76,3,10.907941,2.245741,4.9803333,10.59433,1.9088179,4.996853,0.01477537
76,10,10.907941,2.245741,4.9803333,10.034062,3.1575954,5.52166,0.15588045
76,16,10.907941,2.245741,4.9803333,10.691866,3.1643476,5.8207307,0.133853
76,17,10.907941,2.245741,4.9803333,10.902183,2.1239972,4.825353,0.90709454
76,18,10.907941,2.245741,4.9803333,10.471566,2.949894,5.7993345,0.40250582
76,20,10.907941,2.245741,4.9803333,10.806154,2.2520027,4.7911134,0.99999994
76,26,10.907941,2.245741,4.9803333,10.508585,3.1837778,5.9481115,0.02523487
76,53,10.907941,2.245741,4.9803333,10.711441,1.9454539,4.991181,0.11487984
76,64,10.907941,2.245741,4.9803333,10.627707,2.3062434,4.762956,0.2058143
76,71,10.907941,2.245741,4.9803333,11.075578,2.072343,4.9153643,1.0
76,77,10.907941,2.245741,4.9803333,11.146273,1.8772044,4.815119,0.13306527
76,80,10.907941,2.245741,4.9803333,11.003786,1.9824042,4.8689013,0.49219623
76,81,10.907941,2.245741,4.9803333,10.420862,2.5775936,5.070078,0.4757401
76,82,10.907941,2.245741,4.9803333,11.189298,1.9422542,4.9784846,0.72577566
76,83,10.907941,2.245741,4.9803333,10.681094,2.1431441,5.3523946,0.23900256
76,90,10.907941,2.245741,4.9803333,10.463488,2.2874494,5.183122,0.5877093
76,94,10.907941,2.245741,4.9803333,9.660437,2.873443,5.0520577,0.10837804
76,101,10.907941,2.245741,4.9803333,11.338562,1.5825276,4.85583,0.12823415
76,126,10.907941,2.245741,4.9803333,10.196828,2.359293,5.0685086,0.11692033
76,139,10.907941,2.245741,4.9803333,10.822701,2.8492303,5.7995677,0.28185943
76,141,10.907941,2.245741,4.9803333,10.344593,3.1642048,5.3316693,0.28754917
76,143,10.907941,2.245741,4.9803333,10.218512,2.3101387,5.184448,0.12232154
77,9,11.146273,1.8772044,4.815119,11.392122,1.4639525,4.8138804,0.66039664
77,17,11.146273,1.8772044,4.815119,10.902183,2.1239972,4.825353,0.8781075
77,20,11.146273,1.8772044,4.815119,10.806154,2.2520027,4.7911134,0.29275241
77,31,11.146273,1.8772044,4.815119,11.328723,1.6283506,4.883606,0.07727257
77,53,11.146273,1.8772044,4.815119,10.711441,1.9454539,4.991181,0.1989074
77,64,11.146273,1.8772044,4.815119,10.627707,2.3062434,4.762956,0.114355974
77,71,11.146273,1.8772044,4.815119,11.075578,2.072343,4.9153643,0.074531406
77,76,11.146273,1.8772044,4.815119,10.907941,2.245741,4.9803333,0.13306527
77,80,11.146273,1.8772044,4.815119,11.003786,1.9824042,4.8689013,1.0
77,82,11.146273,1.8772044,4.815119,11.189298,1.9422542,4.9784846,0.22757311
77,90,11.146273,1.8772044,4.815119,10.463488,2.2874494,5.183122,0.023405481
77,97,11.146273,1.8772044,4.815119,11.3862,1.6662368,4.924576,0.7748728
77,101,11.146273,1.8772044,4.815119,11.338562,1.5825276,4.85583,0.14195587
77,127,11.146273,1.8772044,4.815119,12.224508,1.5293232,6.120227,0.27606162
77,140,11.146273,1.8772044,4.815119,11.98842,1.7044951,6.1635137,0.046436712
78,2,9.352942,2.9682505,5.487685,9.234901,2.927514,6.097882,0.17249168
78,27,9.352942,2.9682505,5.487685,9.466029,3.1511974,6.188851,0.16926336
78,29,9.352942,2.9682505,5.487685,9.002028,3.4842236,5.1378126,0.15409246
78,37,9.352942,2.9682505,5.487685,9.866995,3.490644,5.2030563,0.1026062
78,42,9.352942,2.9682505,5.487685,9.513288,3.075606,5.068268,0.83867985
78,46,9.352942,2.9682505,5.487685,9.595137,3.2057085,4.9928617,0.34971163
78,50,9.352942,2.9682505,5.487685,9.625917,3.2529693,6.160657,0.09380223
78,66,9.352942,2.9682505,5.487685,9.120002,2.7861,6.3491483,0.116194345
78,68,9.352942,2.9682505,5.487685,9.585762,2.9991822,5.1613035,0.11189428
78,74,9.352942,2.9682505,5.487685,9.154631,3.9107535,4.959477,0.020968985
78,81,9.352942,2.9682505,5.487685,10.420862,2.5775936,5.070078,0.24754013
78,84,9.352942,2.9682505,5.487685,9.514998,2.7706316,5.100206,0.17812502
78,88,9.352942,2.9682505,5.487685,9.23888,3.8906603,5.0773993,0.29088518
78,94,9.352942,2.9682505,5.487685,9.660437,2.873443,5.0520577,0.12872577
78,98,9.352942,2.9682505,5.487685,9.297371,2.9454048,5.7919674,0.32805815
78,100,9.352942,2.9682505,5.487685,9.060883,2.6801867,6.2368636,0.10442667
78,106,9.352942,2.9682505,5.487685,9.217525,3.026383,6.052286,0.20462675
78,112,9.352942,2.9682505,5.487685,9.144263,3.8169527,4.988846,0.14836787
78,114,9.352942,2.9682505,5.487685,9.2767105,4.029939,5.07962,0.0697065
78,120,9.352942,2.9682505,5.487685,9.171327,3.12144,6.0262923,0.71700025
78,122,9.352942,2.9682505,5.487685,9.035106,3.4317935,5.895477,0.10139765
78,124,9.352942,2.9682505,5.487685,9.29915,3.08902,5.904319,0.99999994
78,126,9.352942,2.9682505,5.487685,10.196828,2.359293,5.0685086,0.3774876
78,128,9.352942,2.9682505,5.487685,9.50821,3.2799451,5.934517,0.5697435
78,130,9.352942,2.9682505,5.487685,9.262833,3.5679646,5.0515003,0.42115164
78,142,9.352942,2.9682505,5.487685,9.405608,2.960346,5.0491123,0.72995394
78,143,9.352942,2.9682505,5.487685,10.218512,2.3101387,5.184448,0.18291894
78,144,9.352942,2.9682505,5.487685,9.533692,3.329295,5.3577943,0.059152864
79,4,11.625175,1.2385032,5.0364914,11.479083,1.3392807,4.883576,1.0
79,8,11.625175,1.2385032,5.0364914,11.4986725,1.3316464,4.8735027,0.35609898
79,11,11.625175,1.2385032,5.0364914,10.541508,1.9594339,5.084985,0.15977171
79,14,11.625175,1.2385032,5.0364914,12.229178,0.80292934,5.083406,0.08636379
79,30,11.625175,1.2385032,5.0364914,11.720957,1.1650677,4.8552604,0.032310806
79,31,11.625175,1.2385032,5.0364914,11.328723,1.6283506,4.883606,0.34029546
79,43,11.625175,1.2385032,5.0364914,12.026046,0.93140393,4.980499,0.14387625
79,47,11.625175,1.2385032,5.0364914,12.411848,0.7518171,5.866369,0.12714773
79,49,11.625175,1.2385032,5.0364914,11.373211,1.5964844,6.2712355,0.099701636
79,51,11.625175,1.2385032,5.0364914,11.581452,1.4432619,6.1659365,0.15139288
79,73,11.625175,1.2385032,5.0364914,12.308235,0.79966015,6.018737,0.14532347
79,101,11.625175,1.2385032,5.0364914,11.338562,1.5825276,4.85583,0.20277181
79,108,11.625175,1.2385032,5.0364914,11.53653,1.3355758,4.926425,0.6106588
79,111,11.625175,1.2385032,5.0364914,11.29472,1.270357,4.8510246,0.23628435
79,115,11.625175,1.2385032,5.0364914,10.811174,1.5680985,4.9784627,0.29703093
79,125,11.625175,1.2385032,5.0364914,12.880971,0.45562276,6.2702613,0.55529636
79,131,11.625175,1.2385032,5.0364914,11.905195,1.0270265,5.2497697,0.44491646
79,324,11.625175,1.2385032,5.0364914,13.735741,-0.12848909,5.7788615,0.075242214
80,3,11.003786,1.9824042,4.8689013,10.59433,1.9088179,4.996853,0.3977208
80,4,11.003786,1.9824042,4.8689013,11.479083,1.3392807,4.883576,0.09757138
80,8,11.003786,1.9824042,4.8689013,11.4986725,1.3316464,4.8735027,0.0820435
80,9,11.003786,1.9824042,4.8689013,11.392122,1.4639525,4.8138804,0.08620376
80,17,11.003786,1.9824042,4.8689013,10.902183,2.1239972,4.825353,1.0
80,20,11.003786,1.9824042,4.8689013,10.806154,2.2520027,4.7911134,0.58576703
80,31,11.003786,1.9824042,4.8689013,11.328723,1.6283506,4.883606,0.36871082
80,53,11.003786,1.9824042,4.8689013,10.711441,1.9454539,4.991181,0.6781251
80,64,11.003786,1.9824042,4.8689013,10.627707,2.3062434,4.762956,0.3986956
80,71,11.003786,1.9824042,4.8689013,11.075578,2.072343,4.9153643,0.57016593
80,76,11.003786,1.9824042,4.8689013,10.907941,2.245741,4.9803333,0.49219623
80,77,11.003786,1.9824042,4.8689013,11.146273,1.8772044,4.815119,1.0
80,81,11.003786,1.9824042,4.8689013,10.420862,2.5775936,5.070078,0.13880502
80,82,11.003786,1.9824042,4.8689013,11.189298,1.9422542,4.9784846,0.4905309
80,83,11.003786,1.9824042,4.8689013,10.681094,2.1431441,5.3523946,0.115307875
80,90,11.003786,1.9824042,4.8689013,10.463488,2.2874494,5.183122,0.15775138
80,97,11.003786,1.9824042,4.8689013,11.3862,1.6662368,4.924576,0.19689022
80,101,11.003786,1.9824042,4.8689013,11.338562,1.5825276,4.85583,0.51931787
80,108,11.003786,1.9824042,4.8689013,11.53653,1.3355758,4.926425,0.024541164
80,111,11.003786,1.9824042,4.8689013,11.29472,1.270357,4.8510246,0.1461255
80,115,11.003786,1.9824042,4.8689013,10.811174,1.5680985,4.9784627,0.10579492
81,3,10.420862,2.5775936,5.070078,10.59433,1.9088179,4.996853,0.52983034
81,10,10.420862,2.5775936,5.070078,10.034062,3.1575954,5.52166,0.058686726
81,11,10.420862,2.5775936,5.070078,10.541508,1.9594339,5.084985,0.07027012
81,13,10.420862,2.5775936,5.070078,10.004769,3.3624938,5.0683227,0.15065062
81,16,10.420862,2.5775936,5.070078,10.691866,3.1643476,5.8207307,0.07128034
81,17,10.420862,2.5775936,5.070078,10.902183,2.1239972,4.825353,0.24745151
81,20,10.420862,2.5775936,5.070078,10.806154,2.2520027,4.7911134,0.29233417
81,33,10.420862,2.5775936,5.070078,10.75499,3.266381,5.7251177,0.15439208
81,37,10.420862,2.5775936,5.070078,9.866995,3.490644,5.2030563,0.19922484
81,42,10.420862,2.5775936,5.070078,9.513288,3.075606,5.068268,0.4800057
81,46,10.420862,2.5775936,5.070078,9.595137,3.2057085,4.9928617,0.2697374
81,53,10.420862,2.5775936,5.070078,10.711441,1.9454539,4.991181,0.038611837
81,64,10.420862,2.5775936,5.070078,10.627707,2.3062434,4.762956,0.21989858
81,76,10.420862,2.5775936,5.070078,10.907941,2.245741,4.9803333,0.4757401
81,78,10.420862,2.5775936,5.070078,9.352942,2.9682505,5.487685,0.24754013
81,80,10.420862,2.5775936,5.070078,11.003786,1.9824042,4.8689013,0.13880502
81,83,10.420862,2.5775936,5.070078,10.681094,2.1431441,5.3523946,0.5226275
81,90,10.420862,2.5775936,5.070078,10.463488,2.2874494,5.183122,0.7728597
81,94,10.420862,2.5775936,5.070078,9.660437,2.873443,5.0520577,0.14761592
81,98,10.420862,2.5775936,5.070078,9.297371,2.9454048,5.7919674,0.022633389
81,124,10.420862,2.5775936,5.070078,9.29915,3.08902,5.904319,0.17570777
81,126,10.420862,2.5775936,5.070078,10.196828,2.359293,5.0685086,1.0
81,139,10.420862,2.5775936,5.070078,10.822701,2.8492303,5.7995677,0.22087504
81,141,10.420862,2.5775936,5.070078,10.344593,3.1642048,5.3316693,1.0
81,142,10.420862,2.5775936,5.070078,9.405608,2.960346,5.0491123,0.028038718
81,143,10.420862,2.5775936,5.070078,10.218512,2.3101387,5.184448,0.30620342
82,3,11.189298,1.9422542,4.9784846,10.59433,1.9088179,4.996853,0.00355436
82,4,11.189298,1.9422542,4.9784846,11.479083,1.3392807,4.883576,0.087857716
82,8,11.189298,1.9422542,4.9784846,11.4986725,1.3316464,4.8735027,0.05939837
82,17,11.189298,1.9422542,4.9784846,10.902183,2.1239972,4.825353,0.24176987
82,18,11.189298,1.9422542,4.9784846,10.471566,2.949894,5.7993345,0.025515962
82,20,11.189298,1.9422542,4.9784846,10.806154,2.2520027,4.7911134,0.12457663
82,28,11.189298,1.9422542,4.9784846,11.226265,2.6513712,6.1275344,0.12240247
82,31,11.189298,1.9422542,4.9784846,11.328723,1.6283506,4.883606,0.86303604
82,34,11.189298,1.9422542,4.9784846,12.082217,1.8256388,6.0748124,0.100773446
82,45,11.189298,1.9422542,4.9784846,12.000788,1.8494203,6.0962286,0.17620924
82,51,11.189298,1.9422542,4.9784846,11.581452,1.4432619,6.1659365,0.08414281
82,53,11.189298,1.9422542,4.9784846,10.711441,1.9454539,4.991181,0.3986485
82,61,11.189298,1.9422542,4.9784846,11.7382765,1.931206,6.111258,0.21688731
82,65,11.189298,1.9422542,4.9784846,11.4782,1.6543014,6.209696,0.091624424
82,71,11.189298,1.9422542,4.9784846,11.075578,2.072343,4.9153643,0.9162197
82,76,11.189298,1.9422542,4.9784846,10.907941,2.245741,4.9803333,0.72577566
82,77,11.189298,1.9422542,4.9784846,11.146273,1.8772044,4.815119,0.22757311
82,80,11.189298,1.9422542,4.9784846,11.003786,1.9824042,4.8689013,0.4905309
82,83,11.189298,1.9422542,4.9784846,10.681094,2.1431441,5.3523946,0.18876772
82,90,11.189298,1.9422542,4.9784846,10.463488,2.2874494,5.183122,0.433674
82,97,11.189298,1.9422542,4.9784846,11.3862,1.6662368,4.924576,0.39248675
82,101,11.189298,1.9422542,4.9784846,11.338562,1.5825276,4.85583,1.0
82,108,11.189298,1.9422542,4.9784846,11.53653,1.3355758,4.926425,0.03611085
82,139,11.189298,1.9422542,4.9784846,10.822701,2.8492303,5.7995677,0.0015708355
82,140,11.189298,1.9422542,4.9784846,11.98842,1.7044951,6.1635137,0.23143181
83,2,10.681094,2.1431441,5.3523946,9.234901,2.927514,6.097882,0.11025395
83,3,10.681094,2.1431441,5.3523946,10.59433,1.9088179,4.996853,0.08993738
83,11,10.681094,2.1431441,5.3523946,10.541508,1.9594339,5.084985,1.0
83,17,10.681094,2.1431441,5.3523946,10.902183,2.1239972,4.825353,0.080816686
83,21,10.681094,2.1431441,5.3523946,10.859293,2.9586194,6.0873656,0.0806714
83,31,10.681094,2.1431441,5.3523946,11.328723,1.6283506,4.883606,0.12236976
83,41,10.681094,2.1431441,5.3523946,10.971498,2.9168243,6.1281033,0.08950302
83,49,10.681094,2.1431441,5.3523946,11.373211,1.5964844,6.2712355,0.3926011
83,51,10.681094,2.1431441,5.3523946,11.581452,1.4432619,6.1659365,0.40258363
83,53,10.681094,2.1431441,5.3523946,10.711441,1.9454539,4.991181,0.5364055
83,65,10.681094,2.1431441,5.3523946,11.4782,1.6543014,6.209696,0.35027108
83,76,10.681094,2.1431441,5.3523946,10.907941,2.245741,4.9803333,0.23900256
83,80,10.681094,2.1431441,5.3523946,11.003786,1.9824042,4.8689013,0.115307875
83,81,10.681094,2.1431441,5.3523946,10.420862,2.5775936,5.070078,0.5226275
83,82,10.681094,2.1431441,5.3523946,11.189298,1.9422542,4.9784846,0.18876772
83,90,10.681094,2.1431441,5.3523946,10.463488,2.2874494,5.183122,1.0
83,99,10.681094,2.1431441,5.3523946,10.871017,2.9710946,5.966107,0.3768387
83,101,10.681094,2.1431441,5.3523946,11.338562,1.5825276,4.85583,0.122520514
83,113,10.681094,2.1431441,5.3523946,10.240724,2.6847281,6.205801,0.36829174
83,115,10.681094,2.1431441,5.3523946,10.811174,1.5680985,4.9784627,0.06331448
83,126,10.681094,2.1431441,5.3523946,10.196828,2.359293,5.0685086,0.32824594
83,139,10.681094,2.1431441,5.3523946,10.822701,2.8492303,5.7995677,0.6142776
83,143,10.681094,2.1431441,5.3523946,10.218512,2.3101387,5.184448,0.40035853
84,3,9.514998,2.7706316,5.100206,10.59433,1.9088179,4.996853,0.12791523
84,11,9.514998,2.7706316,5.100206,10.541508,1.9594339,5.084985,0.15525997
84,29,9.514998,2.7706316,5.100206,9.002028,3.4842236,5.1378126,0.29620048
84,42,9.514998,2.7706316,5.100206,9.513288,3.075606,5.068268,0.18814096
84,46,9.514998,2.7706316,5.100206,9.595137,3.2057085,4.9928617,0.18120344
84,53,9.514998,2.7706316,5.100206,10.711441,1.9454539,4.991181,0.15671341
84,66,9.514998,2.7706316,5.100206,9.120002,2.7861,6.3491483,0.14207076
84,68,9.514998,2.7706316,5.100206,9.585762,2.9991822,5.1613035,0.151187
84,78,9.514998,2.7706316,5.100206,9.352942,2.9682505,5.487685,0.17812502
84,94,9.514998,2.7706316,5.100206,9.660437,2.873443,5.0520577,0.32238328
84,100,9.514998,2.7706316,5.100206,9.060883,2.6801867,6.2368636,0.45872578
84,104,9.514998,2.7706316,5.100206,9.052896,2.7097988,6.2279944,0.13087632
84,126,9.514998,2.7706316,5.100206,10.196828,2.359293,5.0685086,0.3856495
84,142,9.514998,2.7706316,5.100206,9.405608,2.960346,5.0491123,0.99999994
84,143,9.514998,2.7706316,5.100206,10.218512,2.3101387,5.184448,0.27623942
85,36,12.545225,0.84734815,6.342742,11.799812,1.2032956,6.3406334,0.09197666
85,47,12.545225,0.84734815,6.342742,12.411848,0.7518171,5.866369,0.099980116
85,63,12.545225,0.84734815,6.342742,12.387812,1.0296801,5.726947,0.10669135
85,69,12.545225,0.84734815,6.342742,12.1732235,1.0022672,6.308863,0.14266442
85,75,12.545225,0.84734815,6.342742,12.161235,1.1601542,6.253751,0.15130289
85,89,12.545225,0.84734815,6.342742,12.488863,0.8213208,6.288701,1.0
85,91,12.545225,0.84734815,6.342742,12.210212,1.4038215,6.2609563,0.2729953
85,109,12.545225,0.84734815,6.342742,12.15095,0.9440201,6.3708763,0.17990267
85,117,12.545225,0.84734815,6.342742,12.6118355,0.6909676,6.3690577,0.5732244
85,119,12.545225,0.84734815,6.342742,12.360298,0.82389104,6.1848598,0.21480463
85,121,12.545225,0.84734815,6.342742,12.159285,1.192618,6.3139243,0.22730106
85,123,12.545225,0.84734815,6.342742,12.704335,0.69584435,6.416023,0.99999994
85,127,12.545225,0.84734815,6.342742,12.224508,1.5293232,6.120227,0.3088335
85,133,12.545225,0.84734815,6.342742,12.019429,1.5153317,6.316805,0.0834535
85,145,12.545225,0.84734815,6.342742,12.501276,0.7736548,6.313317,0.80028194
86,10,9.179975,4.0035076,4.983541,10.034062,3.1575954,5.52166,0.040170696
86,13,9.179975,4.0035076,4.983541,10.004769,3.3624938,5.0683227,0.14366901
86,42,9.179975,4.0035076,4.983541,9.513288,3.075606,5.068268,0.06481047
86,46,9.179975,4.0035076,4.983541,9.595137,3.2057085,4.9928617,0.25743586
86,48,9.179975,4.0035076,4.983541,9.602788,3.7100995,5.100214,0.09059848
86,54,9.179975,4.0035076,4.983541,9.098144,4.202714,5.1780753,0.6419583
86,68,9.179975,4.0035076,4.983541,9.585762,2.9991822,5.1613035,0.16767117
86,72,9.179975,4.0035076,4.983541,8.876703,3.9969478,5.1797442,0.22478634
86,74,9.179975,4.0035076,4.983541,9.154631,3.9107535,4.959477,1.0
86,88,9.179975,4.0035076,4.983541,9.23888,3.8906603,5.0773993,0.59974825
86,92,9.179975,4.0035076,4.983541,8.970894,4.464218,5.177306,0.16843817
86,112,9.179975,4.0035076,4.983541,9.144263,3.8169527,4.988846,0.7632226
86,114,9.179975,4.0035076,4.983541,9.2767105,4.029939,5.07962,0.29527634
86,130,9.179975,4.0035076,4.983541,9.262833,3.5679646,5.0515003,0.091537096
86,132,9.179975,4.0035076,4.983541,8.955788,4.109908,5.278212,0.14377436
86,136,9.179975,4.0035076,4.983541,8.958931,4.3856745,5.0114264,0.23043743
86,144,9.179975,4.0035076,4.983541,9.533692,3.329295,5.3577943,0.34661183
87,18,12.042354,1.8550189,6.140088,10.471566,2.949894,5.7993345,0.13893168
87,28,12.042354,1.8550189,6.140088,11.226265,2.6513712,6.1275344,0.029967865
87,34,12.042354,1.8550189,6.140088,12.082217,1.8256388,6.0748124,0.71429104
87,40,12.042354,1.8550189,6.140088,12.145672,1.709857,6.0315847,0.87608325
87,45,12.042354,1.8550189,6.140088,12.000788,1.8494203,6.0962286,0.90150166
87,57,12.042354,1.8550189,6.140088,11.811728,1.3356183,6.3590865,0.09857372
87,59,12.042354,1.8550189,6.140088,11.624395,1.3729773,6.4428196,0.030514052
87,61,12.042354,1.8550189,6.140088,11.7382765,1.931206,6.111258,0.07910743
87,65,12.042354,1.8550189,6.140088,11.4782,1.6543014,6.209696,0.066068135
87,75,12.042354,1.8550189,6.140088,12.161235,1.1601542,6.253751,0.06766911
87,91,12.042354,1.8550189,6.140088,12.210212,1.4038215,6.2609563,0.06195665
87,121,12.042354,1.8550189,6.140088,12.159285,1.192618,6.3139243,0.06349919
87,129,12.042354,1.8550189,6.140088,9.740548,2.679129,6.6373277,0.028747367
87,133,12.042354,1.8550189,6.140088,12.019429,1.5153317,6.316805,0.43341988
87,140,12.042354,1.8550189,6.140088,11.98842,1.7044951,6.1635137,1.0
88,10,9.23888,3.8906603,5.0773993,10.034062,3.1575954,5.52166,0.039236933
88,13,9.23888,3.8906603,5.0773993,10.004769,3.3624938,5.0683227,0.08765587
88,29,9.23888,3.8906603,5.0773993,9.002028,3.4842236,5.1378126,0.013003237
88,35,9.23888,3.8906603,5.0773993,9.982329,3.6637824,5.303128,0.31544697
88,37,9.23888,3.8906603,5.0773993,9.866995,3.490644,5.2030563,0.08068996
88,39,9.23888,3.8906603,5.0773993,9.095727,4.1955495,5.4418054,0.25412002
88,42,9.23888,3.8906603,5.0773993,9.513288,3.075606,5.068268,0.35601634
88,46,9.23888,3.8906603,5.0773993,9.595137,3.2057085,4.9928617,0.3095421
88,48,9.23888,3.8906603,5.0773993,9.602788,3.7100995,5.100214,0.17436378
88,52,9.23888,3.8906603,5.0773993,9.101418,4.4180408,5.3407083,0.073841475
88,54,9.23888,3.8906603,5.0773993,9.098144,4.202714,5.1780753,0.66929835
88,56,9.23888,3.8906603,5.0773993,9.569546,3.5567935,5.6907086,0.21398537
88,58,9.23888,3.8906603,5.0773993,9.124067,4.255657,5.342646,0.14587928
88,60,9.23888,3.8906603,5.0773993,8.808353,3.821579,5.1069202,0.12721378
88,62,9.23888,3.8906603,5.0773993,8.943791,4.0453935,5.15859,0.14610082
88,68,9.23888,3.8906603,5.0773993,9.585762,2.9991822,5.1613035,0.11644297
88,72,9.23888,3.8906603,5.0773993,8.876703,3.9969478,5.1797442,0.19252758
88,74,9.23888,3.8906603,5.0773993,9.154631,3.9107535,4.959477,0.6105226
88,78,9.23888,3.8906603,5.0773993,9.352942,2.9682505,5.487685,0.29088518
88,86,9.23888,3.8906603,5.0773993,9.179975,4.0035076,4.983541,0.59974825
88,92,9.23888,3.8906603,5.0773993,8.970894,4.464218,5.177306,0.03987141
88,102,9.23888,3.8906603,5.0773993,9.294113,4.1385336,5.615341,0.14516537
88,112,9.23888,3.8906603,5.0773993,9.144263,3.8169527,4.988846,0.99999994
88,114,9.23888,3.8906603,5.0773993,9.2767105,4.029939,5.07962,1.0
88,120,9.23888,3.8906603,5.0773993,9.171327,3.12144,6.0262923,0.05188952
88,128,9.23888,3.8906603,5.0773993,9.50821,3.2799451,5.934517,0.33656156
88,130,9.23888,3.8906603,5.0773993,9.262833,3.5679646,5.0515003,0.61250323
88,132,9.23888,3.8906603,5.0773993,8.955788,4.109908,5.278212,0.37173197
88,138,9.23888,3.8906603,5.0773993,8.890848,3.845697,5.3290987,0.10745147
88,144,9.23888,3.8906603,5.0773993,9.533692,3.329295,5.3577943,0.2849081
89,47,12.488863,0.8213208,6.288701,12.411848,0.7518171,5.866369,0.33146477
89,63,12.488863,0.8213208,6.288701,12.387812,1.0296801,5.726947,0.24776687
89,85,12.488863,0.8213208,6.288701,12.545225,0.84734815,6.342742,1.0
89,91,12.488863,0.8213208,6.288701,12.210212,1.4038215,6.2609563,0.17396353
89,95,12.488863,0.8213208,6.288701,12.341072,1.0223422,5.590947,0.37972933
89,107,12.488863,0.8213208,6.288701,12.33757,0.83594453,5.7431455,0.1785754
89,109,12.488863,0.8213208,6.288701,12.15095,0.9440201,6.3708763,0.10376098
89,117,12.488863,0.8213208,6.288701,12.6118355,0.6909676,6.3690577,0.4559476
89,119,12.488863,0.8213208,6.288701,12.360298,0.82389104,6.1848598,0.31209883
89,121,12.488863,0.8213208,6.288701,12.159285,1.192618,6.3139243,0.116266064
89,123,12.488863,0.8213208,6.288701,12.704335,0.69584435,6.416023,0.58979064
89,127,12.488863,0.8213208,6.288701,12.224508,1.5293232,6.120227,0.2547455
89,131,12.488863,0.8213208,6.288701,11.905195,1.0270265,5.2497697,0.14333619
89,145,12.488863,0.8213208,6.288701,12.501276,0.7736548,6.313317,0.503667
90,3,10.463488,2.2874494,5.183122,10.59433,1.9088179,4.996853,0.05985058
90,11,10.463488,2.2874494,5.183122,10.541508,1.9594339,5.084985,0.25806674
90,17,10.463488,2.2874494,5.183122,10.902183,2.1239972,4.825353,0.24445724
90,18,10.463488,2.2874494,5.183122,10.471566,2.949894,5.7993345,0.25311896
90,20,10.463488,2.2874494,5.183122,10.806154,2.2520027,4.7911134,0.1445078
90,49,10.463488,2.2874494,5.183122,11.373211,1.5964844,6.2712355,0.12912431
90,51,10.463488,2.2874494,5.183122,11.581452,1.4432619,6.1659365,0.21460977
90,53,10.463488,2.2874494,5.183122,10.711441,1.9454539,4.991181,1.0
90,65,10.463488,2.2874494,5.183122,11.4782,1.6543014,6.209696,0.6047421
90,71,10.463488,2.2874494,5.183122,11.075578,2.072343,4.9153643,0.05276003
90,76,10.463488,2.2874494,5.183122,10.907941,2.245741,4.9803333,0.5877093
90,77,10.463488,2.2874494,5.183122,11.146273,1.8772044,4.815119,0.023405481
90,80,10.463488,2.2874494,5.183122,11.003786,1.9824042,4.8689013,0.15775138
90,81,10.463488,2.2874494,5.183122,10.420862,2.5775936,5.070078,0.7728597
90,82,10.463488,2.2874494,5.183122,11.189298,1.9422542,4.9784846,0.433674
90,83,10.463488,2.2874494,5.183122,10.681094,2.1431441,5.3523946,1.0
90,94,10.463488,2.2874494,5.183122,9.660437,2.873443,5.0520577,0.096695185
90,99,10.463488,2.2874494,5.183122,10.871017,2.9710946,5.966107,0.16647659
90,115,10.463488,2.2874494,5.183122,10.811174,1.5680985,4.9784627,0.035105452
90,126,10.463488,2.2874494,5.183122,10.196828,2.359293,5.0685086,0.5033041
90,139,10.463488,2.2874494,5.183122,10.822701,2.8492303,5.7995677,0.4768612
90,141,10.463488,2.2874494,5.183122,10.344593,3.1642048,5.3316693,0.056920834
90,143,10.463488,2.2874494,5.183122,10.218512,2.3101387,5.184448,1.0
91,6,12.210212,1.4038215,6.2609563,12.250249,1.3833795,5.7515097,0.28357795
91,34,12.210212,1.4038215,6.2609563,12.082217,1.8256388,6.0748124,0.098046534
91,36,12.210212,1.4038215,6.2609563,11.799812,1.2032956,6.3406334,0.18551634
91,40,12.210212,1.4038215,6.2609563,12.145672,1.709857,6.0315847,0.40985805
91,45,12.210212,1.4038215,6.2609563,12.000788,1.8494203,6.0962286,0.27062586
91,47,12.210212,1.4038215,6.2609563,12.411848,0.7518171,5.866369,0.035480827
91,57,12.210212,1.4038215,6.2609563,11.811728,1.3356183,6.3590865,0.34790713
91,63,12.210212,1.4038215,6.2609563,12.387812,1.0296801,5.726947,0.40049198
91,69,12.210212,1.4038215,6.2609563,12.1732235,1.0022672,6.308863,0.43572265
91,75,12.210212,1.4038215,6.2609563,12.161235,1.1601542,6.253751,0.3868335
91,85,12.210212,1.4038215,6.2609563,12.545225,0.84734815,6.342742,0.2729953
91,87,12.210212,1.4038215,6.2609563,12.042354,1.8550189,6.140088,0.06195665
91,89,12.210212,1.4038215,6.2609563,12.488863,0.8213208,6.288701,0.17396353
91,93,12.210212,1.4038215,6.2609563,12.036677,0.9762536,6.3885694,0.05453255
91,95,12.210212,1.4038215,6.2609563,12.341072,1.0223422,5.590947,0.07290476
91,103,12.210212,1.4038215,6.2609563,12.4185705,0.9668349,5.659014,0.20207292
91,107,12.210212,1.4038215,6.2609563,12.33757,0.83594453,5.7431455,0.26706722
91,109,12.210212,1.4038215,6.2609563,12.15095,0.9440201,6.3708763,0.26991087
91,117,12.210212,1.4038215,6.2609563,12.6118355,0.6909676,6.3690577,0.1443889
91,119,12.210212,1.4038215,6.2609563,12.360298,0.82389104,6.1848598,0.30031806
91,121,12.210212,1.4038215,6.2609563,12.159285,1.192618,6.3139243,1.0
91,127,12.210212,1.4038215,6.2609563,12.224508,1.5293232,6.120227,1.0
91,133,12.210212,1.4038215,6.2609563,12.019429,1.5153317,6.316805,0.90821284
91,140,12.210212,1.4038215,6.2609563,11.98842,1.7044951,6.1635137,0.47075152
91,145,12.210212,1.4038215,6.2609563,12.501276,0.7736548,6.313317,0.30054265
92,39,8.970894,4.464218,5.177306,9.095727,4.1955495,5.4418054,0.15736738
92,52,8.970894,4.464218,5.177306,9.101418,4.4180408,5.3407083,1.0
92,54,8.970894,4.464218,5.177306,9.098144,4.202714,5.1780753,0.3436744
92,58,8.970894,4.464218,5.177306,9.124067,4.255657,5.342646,0.25693905
92,62,8.970894,4.464218,5.177306,8.943791,4.0453935,5.15859,0.09099667
92,74,8.970894,4.464218,5.177306,9.154631,3.9107535,4.959477,0.07757468
92,86,8.970894,4.464218,5.177306,9.179975,4.0035076,4.983541,0.16843817
92,88,8.970894,4.464218,5.177306,9.23888,3.8906603,5.0773993,0.03987141
92,96,8.970894,4.464218,5.177306,9.001063,4.378421,5.3790746,0.19216353
92,102,8.970894,4.464218,5.177306,9.294113,4.1385336,5.615341,0.062683865
92,114,8.970894,4.464218,5.177306,9.2767105,4.029939,5.07962,0.07755801
92,118,8.970894,4.464218,5.177306,8.835227,4.319337,5.2489967,0.9236732
92,132,8.970894,4.464218,5.177306,8.955788,4.109908,5.278212,0.06739946
92,136,8.970894,4.464218,5.177306,8.958931,4.3856745,5.0114264,0.7119168
93,36,12.036677,0.9762536,6.3885694,11.799812,1.2032956,6.3406334,0.19309704
93,38,12.036677,0.9762536,6.3885694,12.419446,0.7500022,5.5016155,0.09624544
93,45,12.036677,0.9762536,6.3885694,12.000788,1.8494203,6.0962286,0.077613324
93,49,12.036677,0.9762536,6.3885694,11.373211,1.5964844,6.2712355,0.21674408
93,51,12.036677,0.9762536,6.3885694,11.581452,1.4432619,6.1659365,0.079919435
93,57,12.036677,0.9762536,6.3885694,11.811728,1.3356183,6.3590865,0.5306034
93,59,12.036677,0.9762536,6.3885694,11.624395,1.3729773,6.4428196,0.52305365
93,61,12.036677,0.9762536,6.3885694,11.7382765,1.931206,6.111258,0.29572612
93,67,12.036677,0.9762536,6.3885694,13.0800705,0.2995892,5.740768,0.32615638
93,69,12.036677,0.9762536,6.3885694,12.1732235,1.0022672,6.308863,1.0
93,73,12.036677,0.9762536,6.3885694,12.308235,0.79966015,6.018737,0.5378506
93,75,12.036677,0.9762536,6.3885694,12.161235,1.1601542,6.253751,0.1411066
93,91,12.036677,0.9762536,6.3885694,12.210212,1.4038215,6.2609563,0.05453255
93,105,12.036677,0.9762536,6.3885694,12.358022,0.7456528,5.3302794,0.08884712
93,107,12.036677,0.9762536,6.3885694,12.33757,0.83594453,5.7431455,0.15874738
93,109,12.036677,0.9762536,6.3885694,12.15095,0.9440201,6.3708763,0.93220943
93,121,12.036677,0.9762536,6.3885694,12.159285,1.192618,6.3139243,0.41843703
93,270,12.036677,0.9762536,6.3885694,13.715549,-0.15167141,6.0419674,0.1422503
93,273,12.036677,0.9762536,6.3885694,13.165489,0.22482604,5.7879477,0.37181598
94,10,9.660437,2.873443,5.0520577,10.034062,3.1575954,5.52166,0.20350689
94,20,9.660437,2.873443,5.0520577,10.806154,2.2520027,4.7911134,0.23152386
94,42,9.660437,2.873443,5.0520577,9.513288,3.075606,5.068268,0.56435573
94,46,9.660437,2.873443,5.0520577,9.595137,3.2057085,4.9928617,0.72127765
94,64,9.660437,2.873443,5.0520577,10.627707,2.3062434,4.762956,0.32714984
94,68,9.660437,2.873443,5.0520577,9.585762,2.9991822,5.1613035,1.0
94,76,9.660437,2.873443,5.0520577,10.907941,2.245741,4.9803333,0.10837804
94,78,9.660437,2.873443,5.0520577,9.352942,2.9682505,5.487685,0.12872577
94,81,9.660437,2.873443,5.0520577,10.420862,2.5775936,5.070078,0.14761592
94,84,9.660437,2.873443,5.0520577,9.514998,2.7706316,5.100206,0.32238328
94,90,9.660437,2.873443,5.0520577,10.463488,2.2874494,5.183122,0.096695185
94,126,9.660437,2.873443,5.0520577,10.196828,2.359293,5.0685086,0.30715623
94,142,9.660437,2.873443,5.0520577,9.405608,2.960346,5.0491123,0.559905
94,143,9.660437,2.873443,5.0520577,10.218512,2.3101387,5.184448,0.39656594
94,144,9.660437,2.873443,5.0520577,9.533692,3.329295,5.3577943,0.28849167
95,6,12.341072,1.0223422,5.590947,12.250249,1.3833795,5.7515097,0.71957666
95,9,12.341072,1.0223422,5.590947,11.392122,1.4639525,4.8138804,0.037959617
95,12,12.341072,1.0223422,5.590947,12.220359,0.87713814,5.205713,0.72674054
95,30,12.341072,1.0223422,5.590947,11.720957,1.1650677,4.8552604,0.05220279
95,38,12.341072,1.0223422,5.590947,12.419446,0.7500022,5.5016155,0.24004494
95,47,12.341072,1.0223422,5.590947,12.411848,0.7518171,5.866369,0.1427232
95,55,12.341072,1.0223422,5.590947,12.088935,0.923979,5.0553913,0.28498822
95,63,12.341072,1.0223422,5.590947,12.387812,1.0296801,5.726947,0.99999994
95,89,12.341072,1.0223422,5.590947,12.488863,0.8213208,6.288701,0.37972933
95,91,12.341072,1.0223422,5.590947,12.210212,1.4038215,6.2609563,0.07290476
95,103,12.341072,1.0223422,5.590947,12.4185705,0.9668349,5.659014,0.4814733
95,107,12.341072,1.0223422,5.590947,12.33757,0.83594453,5.7431455,0.33341625
95,119,12.341072,1.0223422,5.590947,12.360298,0.82389104,6.1848598,0.055892345
95,127,12.341072,1.0223422,5.590947,12.224508,1.5293232,6.120227,0.0539923
95,131,12.341072,1.0223422,5.590947,11.905195,1.0270265,5.2497697,0.10663683
96,25,9.001063,4.378421,5.3790746,9.525912,3.904014,6.0874515,0.31169277
96,39,9.001063,4.378421,5.3790746,9.095727,4.1955495,5.4418054,0.7986929
96,52,9.001063,4.378421,5.3790746,9.101418,4.4180408,5.3407083,1.0
96,54,9.001063,4.378421,5.3790746,9.098144,4.202714,5.1780753,0.17028432
96,58,9.001063,4.378421,5.3790746,9.124067,4.255657,5.342646,0.14209364
96,62,9.001063,4.378421,5.3790746,8.943791,4.0453935,5.15859,0.043131128
96,72,9.001063,4.378421,5.3790746,8.876703,3.9969478,5.1797442,0.18586864
96,92,9.001063,4.378421,5.3790746,8.970894,4.464218,5.177306,0.19216353
96,102,9.001063,4.378421,5.3790746,9.294113,4.1385336,5.615341,0.50962704
96,110,9.001063,4.378421,5.3790746,8.992596,3.930888,5.5671887,0.1409704
96,114,9.001063,4.378421,5.3790746,9.2767105,4.029939,5.07962,0.0152017735
96,118,9.001063,4.378421,5.3790746,8.835227,4.319337,5.2489967,0.9187204
96,132,9.001063,4.378421,5.3790746,8.955788,4.109908,5.278212,0.7196002
96,136,9.001063,4.378421,5.3790746,8.958931,4.3856745,5.0114264,0.15425286
96,138,9.001063,4.378421,5.3790746,8.890848,3.845697,5.3290987,0.008121619
96,295,9.001063,4.378421,5.3790746,9.310273,3.3932543,6.800622,0.014490369
97,4,11.3862,1.6662368,4.924576,11.479083,1.3392807,4.883576,0.07809333
97,6,11.3862,1.6662368,4.924576,12.250249,1.3833795,5.7515097,0.40071088
97,8,11.3862,1.6662368,4.924576,11.4986725,1.3316464,4.8735027,0.13258947
97,9,11.3862,1.6662368,4.924576,11.392122,1.4639525,4.8138804,0.51892364
97,17,11.3862,1.6662368,4.924576,10.902183,2.1239972,4.825353,0.101885244
97,30,11.3862,1.6662368,4.924576,11.720957,1.1650677,4.8552604,0.23210733
97,31,11.3862,1.6662368,4.924576,11.328723,1.6283506,4.883606,1.0
97,34,11.3862,1.6662368,4.924576,12.082217,1.8256388,6.0748124,0.15749247
97,40,11.3862,1.6662368,4.924576,12.145672,1.709857,6.0315847,0.106546514
97,45,11.3862,1.6662368,4.924576,12.000788,1.8494203,6.0962286,0.21319067
97,55,11.3862,1.6662368,4.924576,12.088935,0.923979,5.0553913,0.12343365
97,61,11.3862,1.6662368,4.924576,11.7382765,1.931206,6.111258,0.0921619
97,71,11.3862,1.6662368,4.924576,11.075578,2.072343,4.9153643,0.20637347
97,77,11.3862,1.6662368,4.924576,11.146273,1.8772044,4.815119,0.7748728
97,80,11.3862,1.6662368,4.924576,11.003786,1.9824042,4.8689013,0.19689022
97,82,11.3862,1.6662368,4.924576,11.189298,1.9422542,4.9784846,0.39248675
97,101,11.3862,1.6662368,4.924576,11.338562,1.5825276,4.85583,0.89975935
97,108,11.3862,1.6662368,4.924576,11.53653,1.3355758,4.926425,0.30306852
97,111,11.3862,1.6662368,4.924576,11.29472,1.270357,4.8510246,0.09601739
97,140,11.3862,1.6662368,4.924576,11.98842,1.7044951,6.1635137,0.11634293
98,2,9.297371,2.9454048,5.7919674,9.234901,2.927514,6.097882,0.4654746
98,3,9.297371,2.9454048,5.7919674,10.59433,1.9088179,4.996853,0.034741748
98,11,9.297371,2.9454048,5.7919674,10.541508,1.9594339,5.084985,0.1851752
98,22,9.297371,2.9454048,5.7919674,9.556016,3.1953576,6.3452654,0.014325499
98,27,9.297371,2.9454048,5.7919674,9.466029,3.1511974,6.188851,0.037745688
98,37,9.297371,2.9454048,5.7919674,9.866995,3.490644,5.2030563,1.0
98,48,9.297371,2.9454048,5.7919674,9.602788,3.7100995,5.100214,0.121245906
98,78,9.297371,2.9454048,5.7919674,9.352942,2.9682505,5.487685,0.32805815
98,81,9.297371,2.9454048,5.7919674,10.420862,2.5775936,5.070078,0.022633389
98,106,9.297371,2.9454048,5.7919674,9.217525,3.026383,6.052286,0.75365937
98,120,9.297371,2.9454048,5.7919674,9.171327,3.12144,6.0262923,0.23159392
98,124,9.297371,2.9454048,5.7919674,9.29915,3.08902,5.904319,0.7987212
98,126,9.297371,2.9454048,5.7919674,10.196828,2.359293,5.0685086,0.07867377
98,130,9.297371,2.9454048,5.7919674,9.262833,3.5679646,5.0515003,0.03131659
99,0,10.871017,2.9710946,5.966107,10.875112,2.974778,5.977921,0.7340334
99,5,10.871017,2.9710946,5.966107,10.199663,3.2751892,6.129283,0.06890041
99,15,10.871017,2.9710946,5.966107,10.605002,3.3089995,5.8214917,0.13542235
99,16,10.871017,2.9710946,5.966107,10.691866,3.1643476,5.8207307,0.43234083
99,21,10.871017,2.9710946,5.966107,10.859293,2.9586194,6.0873656,0.99999994
99,23,10.871017,2.9710946,5.966107,10.626841,3.3131957,5.8405757,0.17438361
99,24,10.871017,2.9710946,5.966107,11.080333,2.8320312,6.062064,0.3131312
99,28,10.871017,2.9710946,5.966107,11.226265,2.6513712,6.1275344,0.41022953
99,32,10.871017,2.9710946,5.966107,11.008297,2.8750348,6.20914,0.36024228
99,33,10.871017,2.9710946,5.966107,10.75499,3.266381,5.7251177,0.55118436
99,41,10.871017,2.9710946,5.966107,10.971498,2.9168243,6.1281033,0.86407554
99,71,10.871017,2.9710946,5.966107,11.075578,2.072343,4.9153643,0.042546794
99,83,10.871017,2.9710946,5.966107,10.681094,2.1431441,5.3523946,0.3768387
99,90,10.871017,2.9710946,5.966107,10.463488,2.2874494,5.183122,0.16647659
99,113,10.871017,2.9710946,5.966107,10.240724,2.6847281,6.205801,0.35831723
99,139,10.871017,2.9710946,5.966107,10.822701,2.8492303,5.7995677,1.0
99,141,10.871017,2.9710946,5.966107,10.344593,3.1642048,5.3316693,0.066556305
100,2,9.060883,2.6801867,6.2368636,9.234901,2.927514,6.097882,0.1024618
100,29,9.060883,2.6801867,6.2368636,9.002028,3.4842236,5.1378126,0.18509436
100,36,9.060883,2.6801867,6.2368636,11.799812,1.2032956,6.3406334,0.12868582
100,66,9.060883,2.6801867,6.2368636,9.120002,2.7861,6.3491483,1.0
100,70,9.060883,2.6801867,6.2368636,9.406121,2.903538,6.621302,0.28519014
100,78,9.060883,2.6801867,6.2368636,9.352942,2.9682505,5.487685,0.10442667
100,84,9.060883,2.6801867,6.2368636,9.514998,2.7706316,5.100206,0.45872578
100,104,9.060883,2.6801867,6.2368636,9.052896,2.7097988,6.2279944,1.0
100,120,9.060883,2.6801867,6.2368636,9.171327,3.12144,6.0262923,0.106061995
100,129,9.060883,2.6801867,6.2368636,9.740548,2.679129,6.6373277,0.11791473
100,134,9.060883,2.6801867,6.2368636,9.240311,2.9989562,6.4248133,0.23600194
100,137,9.060883,2.6801867,6.2368636,9.439189,2.8714862,6.665036,0.163386
100,142,9.060883,2.6801867,6.2368636,9.405608,2.960346,5.0491123,0.18095647
100,143,9.060883,2.6801867,6.2368636,10.218512,2.3101387,5.184448,0.27941063
101,3,11.338562,1.5825276,4.85583,10.59433,1.9088179,4.996853,0.11322748
101,4,11.338562,1.5825276,4.85583,11.479083,1.3392807,4.883576,0.6286167
101,8,11.338562,1.5825276,4.85583,11.4986725,1.3316464,4.8735027,0.4278008
101,9,11.338562,1.5825276,4.85583,11.392122,1.4639525,4.8138804,0.139301
101,17,11.338562,1.5825276,4.85583,10.902183,2.1239972,4.825353,0.2694841
101,30,11.338562,1.5825276,4.85583,11.720957,1.1650677,4.8552604,0.10457848
101,31,11.338562,1.5825276,4.85583,11.328723,1.6283506,4.883606,1.0
101,43,11.338562,1.5825276,4.85583,12.026046,0.93140393,4.980499,0.09445502
101,53,11.338562,1.5825276,4.85583,10.711441,1.9454539,4.991181,0.22037128
101,71,11.338562,1.5825276,4.85583,11.075578,2.072343,4.9153643,0.35718647
101,76,11.338562,1.5825276,4.85583,10.907941,2.245741,4.9803333,0.12823415
101,77,11.338562,1.5825276,4.85583,11.146273,1.8772044,4.815119,0.14195587
101,79,11.338562,1.5825276,4.85583,11.625175,1.2385032,5.0364914,0.20277181
101,80,11.338562,1.5825276,4.85583,11.003786,1.9824042,4.8689013,0.51931787
101,82,11.338562,1.5825276,4.85583,11.189298,1.9422542,4.9784846,1.0
101,83,11.338562,1.5825276,4.85583,10.681094,2.1431441,5.3523946,0.122520514
101,97,11.338562,1.5825276,4.85583,11.3862,1.6662368,4.924576,0.89975935
101,108,11.338562,1.5825276,4.85583,11.53653,1.3355758,4.926425,0.63114214
101,111,11.338562,1.5825276,4.85583,11.29472,1.270357,4.8510246,0.36674818
101,115,11.338562,1.5825276,4.85583,10.811174,1.5680985,4.9784627,0.08557939
101,131,11.338562,1.5825276,4.85583,11.905195,1.0270265,5.2497697,0.11840497
102,7,9.294113,4.1385336,5.615341,9.735829,3.556369,6.6220007,0.16368803
102,15,9.294113,4.1385336,5.615341,10.605002,3.3089995,5.8214917,0.13262647
102,23,9.294113,4.1385336,5.615341,10.626841,3.3131957,5.8405757,0.18239984
102,25,9.294113,4.1385336,5.615341,9.525912,3.904014,6.0874515,1.0
102,35,9.294113,4.1385336,5.615341,9.982329,3.6637824,5.303128,0.32427332
102,39,9.294113,4.1385336,5.615341,9.095727,4.1955495,5.4418054,0.7910644
102,52,9.294113,4.1385336,5.615341,9.101418,4.4180408,5.3407083,0.47364372
102,54,9.294113,4.1385336,5.615341,9.098144,4.202714,5.1780753,0.33384264
102,56,9.294113,4.1385336,5.615341,9.569546,3.5567935,5.6907086,0.12765917
102,58,9.294113,4.1385336,5.615341,9.124067,4.255657,5.342646,0.35845786
102,88,9.294113,4.1385336,5.615341,9.23888,3.8906603,5.0773993,0.14516537
102,92,9.294113,4.1385336,5.615341,8.970894,4.464218,5.177306,0.062683865
102,96,9.294113,4.1385336,5.615341,9.001063,4.378421,5.3790746,0.50962704
102,110,9.294113,4.1385336,5.615341,8.992596,3.930888,5.5671887,0.25948268
102,114,9.294113,4.1385336,5.615341,9.2767105,4.029939,5.07962,0.19230758
102,116,9.294113,4.1385336,5.615341,9.777507,3.6957846,6.2497725,0.40300435
102,128,9.294113,4.1385336,5.615341,9.50821,3.2799451,5.934517,0.12384457
102,132,9.294113,4.1385336,5.615341,8.955788,4.109908,5.278212,0.4264956
102,295,9.294113,4.1385336,5.615341,9.310273,3.3932543,6.800622,0.11843227
103,6,12.4185705,0.9668349,5.659014,12.250249,1.3833795,5.7515097,0.29388398
103,12,12.4185705,0.9668349,5.659014,12.220359,0.87713814,5.205713,0.19319439
103,38,12.4185705,0.9668349,5.659014,12.419446,0.7500022,5.5016155,0.7038803
103,40,12.4185705,0.9668349,5.659014,12.145672,1.709857,6.0315847,0.13561532
103,63,12.4185705,0.9668349,5.659014,12.387812,1.0296801,5.726947,1.0
103,67,12.4185705,0.9668349,5.659014,13.0800705,0.2995892,5.740768,0.10003431
103,69,12.4185705,0.9668349,5.659014,12.1732235,1.0022672,6.308863,0.31645626
103,75,12.4185705,0.9668349,5.659014,12.161235,1.1601542,6.253751,0.7563164
103,91,12.4185705,0.9668349,5.659014,12.210212,1.4038215,6.2609563,0.20207292
103,95,12.4185705,0.9668349,5.659014,12.341072,1.0223422,5.590947,0.4814733
103,105,12.4185705,0.9668349,5.659014,12.358022,0.7456528,5.3302794,0.32868558
103,107,12.4185705,0.9668349,5.659014,12.33757,0.83594453,5.7431455,0.42883325
103,121,12.4185705,0.9668349,5.659014,12.159285,1.192618,6.3139243,0.23350528
103,273,12.4185705,0.9668349,5.659014,13.165489,0.22482604,5.7879477,0.08346916
104,29,9.052896,2.7097988,6.2279944,9.002028,3.4842236,5.1378126,0.2717711
104,60,9.052896,2.7097988,6.2279944,8.808353,3.821579,5.1069202,0.34501082
104,66,9.052896,2.7097988,6.2279944,9.120002,2.7861,6.3491483,0.6122758
104,68,9.052896,2.7097988,6.2279944,9.585762,2.9991822,5.1613035,0.16716672
104,70,9.052896,2.7097988,6.2279944,9.406121,2.903538,6.621302,0.3843771
104,72,9.052896,2.7097988,6.2279944,8.876703,3.9969478,5.1797442,0.14963773
104,84,9.052896,2.7097988,6.2279944,9.514998,2.7706316,5.100206,0.13087632
104,100,9.052896,2.7097988,6.2279944,9.060883,2.6801867,6.2368636,1.0
104,129,9.052896,2.7097988,6.2279944,9.740548,2.679129,6.6373277,0.14998218
104,134,9.052896,2.7097988,6.2279944,9.240311,2.9989562,6.4248133,0.24211855
104,137,9.052896,2.7097988,6.2279944,9.439189,2.8714862,6.665036,0.24963135
104,142,9.052896,2.7097988,6.2279944,9.405608,2.960346,5.0491123,0.16344929
104,143,9.052896,2.7097988,6.2279944,10.218512,2.3101387,5.184448,0.17840917
104,144,9.052896,2.7097988,6.2279944,9.533692,3.329295,5.3577943,0.15351324
105,12,12.358022,0.7456528,5.3302794,12.220359,0.87713814,5.205713,0.6466823
105,14,12.358022,0.7456528,5.3302794,12.229178,0.80292934,5.083406,0.8179107
105,38,12.358022,0.7456528,5.3302794,12.419446,0.7500022,5.5016155,1.0
105,43,12.358022,0.7456528,5.3302794,12.026046,0.93140393,4.980499,0.34497234
105,47,12.358022,0.7456528,5.3302794,12.411848,0.7518171,5.866369,0.08046166
105,55,12.358022,0.7456528,5.3302794,12.088935,0.923979,5.0553913,0.31389508
105,63,12.358022,0.7456528,5.3302794,12.387812,1.0296801,5.726947,0.20354512
105,67,12.358022,0.7456528,5.3302794,13.0800705,0.2995892,5.740768,0.1927845
105,69,12.358022,0.7456528,5.3302794,12.1732235,1.0022672,6.308863,0.09698587
105,73,12.358022,0.7456528,5.3302794,12.308235,0.79966015,6.018737,0.0890215
105,93,12.358022,0.7456528,5.3302794,12.036677,0.9762536,6.3885694,0.08884712
105,103,12.358022,0.7456528,5.3302794,12.4185705,0.9668349,5.659014,0.32868558
105,107,12.358022,0.7456528,5.3302794,12.33757,0.83594453,5.7431455,0.23996252
105,273,12.358022,0.7456528,5.3302794,13.165489,0.22482604,5.7879477,0.23648171
106,2,9.217525,3.026383,6.052286,9.234901,2.927514,6.097882,1.0
106,22,9.217525,3.026383,6.052286,9.556016,3.1953576,6.3452654,0.3884118
106,27,9.217525,3.026383,6.052286,9.466029,3.1511974,6.188851,0.42234483
106,44,9.217525,3.026383,6.052286,9.622536,3.2787094,6.3177776,0.048757758
106,66,9.217525,3.026383,6.052286,9.120002,2.7861,6.3491483,0.31504723
106,78,9.217525,3.026383,6.052286,9.352942,2.9682505,5.487685,0.20462675
106,98,9.217525,3.026383,6.052286,9.297371,2.9454048,5.7919674,0.75365937
106,110,9.217525,3.026383,6.052286,8.992596,3.930888,5.5671887,0.15194725
106,113,9.217525,3.026383,6.052286,10.240724,2.6847281,6.205801,0.1635106
106,120,9.217525,3.026383,6.052286,9.171327,3.12144,6.0262923,0.99999994
106,122,9.217525,3.026383,6.052286,9.035106,3.4317935,5.895477,0.5965895
106,124,9.217525,3.026383,6.052286,9.29915,3.08902,5.904319,0.5590306
106,128,9.217525,3.026383,6.052286,9.50821,3.2799451,5.934517,0.0629166
106,134,9.217525,3.026383,6.052286,9.240311,2.9989562,6.4248133,0.6154032
106,135,9.217525,3.026383,6.052286,9.465977,3.2554653,6.6482496,0.047877714
106,287,9.217525,3.026383,6.052286,9.419831,3.322447,6.9108925,0.040943474
107,6,12.33757,0.83594453,5.7431455,12.250249,1.3833795,5.7515097,0.21977913
107,12,12.33757,0.83594453,5.7431455,12.220359,0.87713814,5.205713,0.39130852
107,14,12.33757,0.83594453,5.7431455,12.229178,0.80292934,5.083406,0.11723999
107,30,12.33757,0.83594453,5.7431455,11.720957,1.1650677,4.8552604,0.021481307
107,38,12.33757,0.83594453,5.7431455,12.419446,0.7500022,5.5016155,0.99999994
107,43,12.33757,0.83594453,5.7431455,12.026046,0.93140393,4.980499,0.11250306
107,47,12.33757,0.83594453,5.7431455,12.411848,0.7518171,5.866369,1.0
107,55,12.33757,0.83594453,5.7431455,12.088935,0.923979,5.0553913,0.16694619
107,63,12.33757,0.83594453,5.7431455,12.387812,1.0296801,5.726947,1.0
107,67,12.33757,0.83594453,5.7431455,13.0800705,0.2995892,5.740768,0.19980384
107,69,12.33757,0.83594453,5.7431455,12.1732235,1.0022672,6.308863,0.32046062
107,73,12.33757,0.83594453,5.7431455,12.308235,0.79966015,6.018737,0.7191732
107,89,12.33757,0.83594453,5.7431455,12.488863,0.8213208,6.288701,0.1785754
107,91,12.33757,0.83594453,5.7431455,12.210212,1.4038215,6.2609563,0.26706722
107,93,12.33757,0.83594453,5.7431455,12.036677,0.9762536,6.3885694,0.15874738
107,95,12.33757,0.83594453,5.7431455,12.341072,1.0223422,5.590947,0.33341625
107,103,12.33757,0.83594453,5.7431455,12.4185705,0.9668349,5.659014,0.42883325
107,105,12.33757,0.83594453,5.7431455,12.358022,0.7456528,5.3302794,0.23996252
107,109,12.33757,0.83594453,5.7431455,12.15095,0.9440201,6.3708763,0.12044152
107,119,12.33757,0.83594453,5.7431455,12.360298,0.82389104,6.1848598,0.3343442
107,121,12.33757,0.83594453,5.7431455,12.159285,1.192618,6.3139243,0.13900094
107,131,12.33757,0.83594453,5.7431455,11.905195,1.0270265,5.2497697,0.42068377
107,145,12.33757,0.83594453,5.7431455,12.501276,0.7736548,6.313317,0.21679005
107,273,12.33757,0.83594453,5.7431455,13.165489,0.22482604,5.7879477,0.17833622
108,4,11.53653,1.3355758,4.926425,11.479083,1.3392807,4.883576,1.0
108,8,11.53653,1.3355758,4.926425,11.4986725,1.3316464,4.8735027,1.0
108,9,11.53653,1.3355758,4.926425,11.392122,1.4639525,4.8138804,0.11989327
108,12,11.53653,1.3355758,4.926425,12.220359,0.87713814,5.205713,0.0898435
108,14,11.53653,1.3355758,4.926425,12.229178,0.80292934,5.083406,0.092221774
108,30,11.53653,1.3355758,4.926425,11.720957,1.1650677,4.8552604,0.89051014
108,31,11.53653,1.3355758,4.926425,11.328723,1.6283506,4.883606,0.77618986
108,43,11.53653,1.3355758,4.926425,12.026046,0.93140393,4.980499,0.54102945
108,55,11.53653,1.3355758,4.926425,12.088935,0.923979,5.0553913,0.25606197
108,79,11.53653,1.3355758,4.926425,11.625175,1.2385032,5.0364914,0.6106588
108,80,11.53653,1.3355758,4.926425,11.003786,1.9824042,4.8689013,0.024541164
108,82,11.53653,1.3355758,4.926425,11.189298,1.9422542,4.9784846,0.03611085
108,97,11.53653,1.3355758,4.926425,11.3862,1.6662368,4.924576,0.30306852
108,101,11.53653,1.3355758,4.926425,11.338562,1.5825276,4.85583,0.63114214
108,111,11.53653,1.3355758,4.926425,11.29472,1.270357,4.8510246,0.31455794
108,115,11.53653,1.3355758,4.926425,10.811174,1.5680985,4.9784627,0.018764015
108,131,11.53653,1.3355758,4.926425,11.905195,1.0270265,5.2497697,0.24973778
109,36,12.15095,0.9440201,6.3708763,11.799812,1.2032956,6.3406334,0.44992983
109,38,12.15095,0.9440201,6.3708763,12.419446,0.7500022,5.5016155,0.06293403
109,47,12.15095,0.9440201,6.3708763,12.411848,0.7518171,5.866369,0.06455599
109,49,12.15095,0.9440201,6.3708763,11.373211,1.5964844,6.2712355,0.049898297
109,51,12.15095,0.9440201,6.3708763,11.581452,1.4432619,6.1659365,0.127349
109,57,12.15095,0.9440201,6.3708763,11.811728,1.3356183,6.3590865,0.46456593
109,59,12.15095,0.9440201,6.3708763,11.624395,1.3729773,6.4428196,0.5021428
109,63,12.15095,0.9440201,6.3708763,12.387812,1.0296801,5.726947,0.1130433
109,67,12.15095,0.9440201,6.3708763,13.0800705,0.2995892,5.740768,0.25334433
109,69,12.15095,0.9440201,6.3708763,12.1732235,1.0022672,6.308863,1.0
109,73,12.15095,0.9440201,6.3708763,12.308235,0.79966015,6.018737,0.51339114
109,75,12.15095,0.9440201,6.3708763,12.161235,1.1601542,6.253751,0.23545945
109,85,12.15095,0.9440201,6.3708763,12.545225,0.84734815,6.342742,0.17990267
109,89,12.15095,0.9440201,6.3708763,12.488863,0.8213208,6.288701,0.10376098
109,91,12.15095,0.9440201,6.3708763,12.210212,1.4038215,6.2609563,0.26991087
109,93,12.15095,0.9440201,6.3708763,12.036677,0.9762536,6.3885694,0.93220943
109,107,12.15095,0.9440201,6.3708763,12.33757,0.83594453,5.7431455,0.12044152
109,117,12.15095,0.9440201,6.3708763,12.6118355,0.6909676,6.3690577,0.3501045
109,119,12.15095,0.9440201,6.3708763,12.360298,0.82389104,6.1848598,0.17171821
109,121,12.15095,0.9440201,6.3708763,12.159285,1.192618,6.3139243,0.6828221
109,123,12.15095,0.9440201,6.3708763,12.704335,0.69584435,6.416023,0.12622744
109,129,12.15095,0.9440201,6.3708763,9.740548,2.679129,6.6373277,0.053821493
109,133,12.15095,0.9440201,6.3708763,12.019429,1.5153317,6.316805,0.025138048
109,145,12.15095,0.9440201,6.3708763,12.501276,0.7736548,6.313317,0.4924214
109,270,12.15095,0.9440201,6.3708763,13.715549,-0.15167141,6.0419674,0.506258
109,273,12.15095,0.9440201,6.3708763,13.165489,0.22482604,5.7879477,0.23432565
109,329,12.15095,0.9440201,6.3708763,12.973415,0.4216673,6.374997,0.08194515
110,27,8.992596,3.930888,5.5671887,9.466029,3.1511974,6.188851,0.11614574
110,39,8.992596,3.930888,5.5671887,9.095727,4.1955495,5.4418054,0.717852
110,52,8.992596,3.930888,5.5671887,9.101418,4.4180408,5.3407083,0.24823509
110,54,8.992596,3.930888,5.5671887,9.098144,4.202714,5.1780753,0.123058505
110,58,8.992596,3.930888,5.5671887,9.124067,4.255657,5.342646,0.48507428
110,62,8.992596,3.930888,5.5671887,8.943791,4.0453935,5.15859,0.25187284
110,96,8.992596,3.930888,5.5671887,9.001063,4.378421,5.3790746,0.1409704
110,102,8.992596,3.930888,5.5671887,9.294113,4.1385336,5.615341,0.25948268
110,106,8.992596,3.930888,5.5671887,9.217525,3.026383,6.052286,0.15194725
110,114,8.992596,3.930888,5.5671887,9.2767105,4.029939,5.07962,0.223188
110,120,8.992596,3.930888,5.5671887,9.171327,3.12144,6.0262923,0.17049998
110,122,8.992596,3.930888,5.5671887,9.035106,3.4317935,5.895477,1.0
110,138,8.992596,3.930888,5.5671887,8.890848,3.845697,5.3290987,0.77062553
110,287,8.992596,3.930888,5.5671887,9.419831,3.322447,6.9108925,0.11887457
110,295,8.992596,3.930888,5.5671887,9.310273,3.3932543,6.800622,0.34483132
111,3,11.29472,1.270357,4.8510246,10.59433,1.9088179,4.996853,0.13431577
111,4,11.29472,1.270357,4.8510246,11.479083,1.3392807,4.883576,0.32882324
111,8,11.29472,1.270357,4.8510246,11.4986725,1.3316464,4.8735027,0.45505527
111,9,11.29472,1.270357,4.8510246,11.392122,1.4639525,4.8138804,0.6568473
111,11,11.29472,1.270357,4.8510246,10.541508,1.9594339,5.084985,0.0805503
111,30,11.29472,1.270357,4.8510246,11.720957,1.1650677,4.8552604,0.49298096
111,31,11.29472,1.270357,4.8510246,11.328723,1.6283506,4.883606,0.21233578
111,53,11.29472,1.270357,4.8510246,10.711441,1.9454539,4.991181,0.18530498
111,79,11.29472,1.270357,4.8510246,11.625175,1.2385032,5.0364914,0.23628435
111,80,11.29472,1.270357,4.8510246,11.003786,1.9824042,4.8689013,0.1461255
111,97,11.29472,1.270357,4.8510246,11.3862,1.6662368,4.924576,0.09601739
111,101,11.29472,1.270357,4.8510246,11.338562,1.5825276,4.85583,0.36674818
111,108,11.29472,1.270357,4.8510246,11.53653,1.3355758,4.926425,0.31455794
111,115,11.29472,1.270357,4.8510246,10.811174,1.5680985,4.9784627,1.0
111,131,11.29472,1.270357,4.8510246,11.905195,1.0270265,5.2497697,0.68341565
112,29,9.144263,3.8169527,4.988846,9.002028,3.4842236,5.1378126,0.81993276
112,39,9.144263,3.8169527,4.988846,9.095727,4.1955495,5.4418054,0.062573284
112,42,9.144263,3.8169527,4.988846,9.513288,3.075606,5.068268,0.2393785
112,46,9.144263,3.8169527,4.988846,9.595137,3.2057085,4.9928617,0.27035937
112,54,9.144263,3.8169527,4.988846,9.098144,4.202714,5.1780753,0.49587318
112,56,9.144263,3.8169527,4.988846,9.569546,3.5567935,5.6907086,0.06418769
112,60,9.144263,3.8169527,4.988846,8.808353,3.821579,5.1069202,0.43071222
112,62,9.144263,3.8169527,4.988846,8.943791,4.0453935,5.15859,0.45721406
112,68,9.144263,3.8169527,4.988846,9.585762,2.9991822,5.1613035,0.24869281
112,72,9.144263,3.8169527,4.988846,8.876703,3.9969478,5.1797442,0.37305683
112,74,9.144263,3.8169527,4.988846,9.154631,3.9107535,4.959477,0.94707763
112,78,9.144263,3.8169527,4.988846,9.352942,2.9682505,5.487685,0.14836787
112,86,9.144263,3.8169527,4.988846,9.179975,4.0035076,4.983541,0.7632226
112,88,9.144263,3.8169527,4.988846,9.23888,3.8906603,5.0773993,0.99999994
112,114,9.144263,3.8169527,4.988846,9.2767105,4.029939,5.07962,0.6792233
112,118,9.144263,3.8169527,4.988846,8.835227,4.319337,5.2489967,0.09503626
112,130,9.144263,3.8169527,4.988846,9.262833,3.5679646,5.0515003,0.6153667
112,132,9.144263,3.8169527,4.988846,8.955788,4.109908,5.278212,0.43546173
112,136,9.144263,3.8169527,4.988846,8.958931,4.3856745,5.0114264,0.17822783
112,138,9.144263,3.8169527,4.988846,8.890848,3.845697,5.3290987,0.13929476
112,142,9.144263,3.8169527,4.988846,9.405608,2.960346,5.0491123,0.032357533
112,144,9.144263,3.8169527,4.988846,9.533692,3.329295,5.3577943,0.3965242
113,2,10.240724,2.6847281,6.205801,9.234901,2.927514,6.097882,0.43261042
113,11,10.240724,2.6847281,6.205801,10.541508,1.9594339,5.084985,0.08546367
113,21,10.240724,2.6847281,6.205801,10.859293,2.9586194,6.0873656,0.445248
113,22,10.240724,2.6847281,6.205801,9.556016,3.1953576,6.3452654,1.0
113,27,10.240724,2.6847281,6.205801,9.466029,3.1511974,6.188851,0.42441678
113,32,10.240724,2.6847281,6.205801,11.008297,2.8750348,6.20914,0.11939641
113,41,10.240724,2.6847281,6.205801,10.971498,2.9168243,6.1281033,0.42146316
113,44,10.240724,2.6847281,6.205801,9.622536,3.2787094,6.3177776,0.12115569
113,49,10.240724,2.6847281,6.205801,11.373211,1.5964844,6.2712355,0.6234927
113,51,10.240724,2.6847281,6.205801,11.581452,1.4432619,6.1659365,0.064815976
113,83,10.240724,2.6847281,6.205801,10.681094,2.1431441,5.3523946,0.36829174
113,99,10.240724,2.6847281,6.205801,10.871017,2.9710946,5.966107,0.35831723
113,106,10.240724,2.6847281,6.205801,9.217525,3.026383,6.052286,0.1635106
113,124,10.240724,2.6847281,6.205801,9.29915,3.08902,5.904319,0.14558448
113,125,10.240724,2.6847281,6.205801,12.880971,0.45562276,6.2702613,0.16815695
113,139,10.240724,2.6847281,6.205801,10.822701,2.8492303,5.7995677,0.103549756
113,268,10.240724,2.6847281,6.205801,13.923687,-0.2427839,5.676307,0.14899586
114,29,9.2767105,4.029939,5.07962,9.002028,3.4842236,5.1378126,0.005963746
114,35,9.2767105,4.029939,5.07962,9.982329,3.6637824,5.303128,0.34816724
114,37,9.2767105,4.029939,5.07962,9.866995,3.490644,5.2030563,0.07696355
114,39,9.2767105,4.029939,5.07962,9.095727,4.1955495,5.4418054,0.72939867
114,48,9.2767105,4.029939,5.07962,9.602788,3.7100995,5.100214,0.2831433
114,52,9.2767105,4.029939,5.07962,9.101418,4.4180408,5.3407083,0.16762778
114,54,9.2767105,4.029939,5.07962,9.098144,4.202714,5.1780753,1.0
114,58,9.2767105,4.029939,5.07962,9.124067,4.255657,5.342646,0.46208867
114,60,9.2767105,4.029939,5.07962,8.808353,3.821579,5.1069202,0.12562409
114,62,9.2767105,4.029939,5.07962,8.943791,4.0453935,5.15859,0.5755247
114,72,9.2767105,4.029939,5.07962,8.876703,3.9969478,5.1797442,0.14155523
114,74,9.2767105,4.029939,5.07962,9.154631,3.9107535,4.959477,0.7047574
114,78,9.2767105,4.029939,5.07962,9.352942,2.9682505,5.487685,0.0697065
114,86,9.2767105,4.029939,5.07962,9.179975,4.0035076,4.983541,0.29527634
114,88,9.2767105,4.029939,5.07962,9.23888,3.8906603,5.0773993,1.0
114,92,9.2767105,4.029939,5.07962,8.970894,4.464218,5.177306,0.07755801
114,96,9.2767105,4.029939,5.07962,9.001063,4.378421,5.3790746,0.0152017735
114,102,9.2767105,4.029939,5.07962,9.294113,4.1385336,5.615341,0.19230758
114,110,9.2767105,4.029939,5.07962,8.992596,3.930888,5.5671887,0.223188
114,112,9.2767105,4.029939,5.07962,9.144263,3.8169527,4.988846,0.6792233
114,118,9.2767105,4.029939,5.07962,8.835227,4.319337,5.2489967,0.105803296
114,122,9.2767105,4.029939,5.07962,9.035106,3.4317935,5.895477,0.10152376
114,128,9.2767105,4.029939,5.07962,9.50821,3.2799451,5.934517,0.11743512
114,130,9.2767105,4.029939,5.07962,9.262833,3.5679646,5.0515003,0.6701946
114,132,9.2767105,4.029939,5.07962,8.955788,4.109908,5.278212,0.249363
114,136,9.2767105,4.029939,5.07962,8.958931,4.3856745,5.0114264,0.13355097
114,138,9.2767105,4.029939,5.07962,8.890848,3.845697,5.3290987,0.3257842
115,3,10.811174,1.5680985,4.9784627,10.59433,1.9088179,4.996853,1.0
115,4,10.811174,1.5680985,4.9784627,11.479083,1.3392807,4.883576,0.17754729
115,8,10.811174,1.5680985,4.9784627,11.4986725,1.3316464,4.8735027,0.08315261
115,11,10.811174,1.5680985,4.9784627,10.541508,1.9594339,5.084985,0.88796514
115,17,10.811174,1.5680985,4.9784627,10.902183,2.1239972,4.825353,0.037188705
115,31,10.811174,1.5680985,4.9784627,11.328723,1.6283506,4.883606,0.05102815
115,53,10.811174,1.5680985,4.9784627,10.711441,1.9454539,4.991181,0.55554974
115,79,10.811174,1.5680985,4.9784627,11.625175,1.2385032,5.0364914,0.29703093
115,80,10.811174,1.5680985,4.9784627,11.003786,1.9824042,4.8689013,0.10579492
115,83,10.811174,1.5680985,4.9784627,10.681094,2.1431441,5.3523946,0.06331448
115,90,10.811174,1.5680985,4.9784627,10.463488,2.2874494,5.183122,0.035105452
115,101,10.811174,1.5680985,4.9784627,11.338562,1.5825276,4.85583,0.08557939
115,108,10.811174,1.5680985,4.9784627,11.53653,1.3355758,4.926425,0.018764015
115,111,10.811174,1.5680985,4.9784627,11.29472,1.270357,4.8510246,1.0
115,126,10.811174,1.5680985,4.9784627,10.196828,2.359293,5.0685086,0.08609449
115,131,10.811174,1.5680985,4.9784627,11.905195,1.0270265,5.2497697,0.21493293
116,1,9.777507,3.6957846,6.2497725,9.860221,3.2128804,6.2913704,0.12490163
116,5,9.777507,3.6957846,6.2497725,10.199663,3.2751892,6.129283,0.3258801
116,7,9.777507,3.6957846,6.2497725,9.735829,3.556369,6.6220007,0.43337172
116,15,9.777507,3.6957846,6.2497725,10.605002,3.3089995,5.8214917,0.3060155
116,19,9.777507,3.6957846,6.2497725,10.080209,3.370322,6.0980473,0.53432924
116,23,9.777507,3.6957846,6.2497725,10.626841,3.3131957,5.8405757,0.18641418
116,25,9.777507,3.6957846,6.2497725,9.525912,3.904014,6.0874515,1.0
116,32,9.777507,3.6957846,6.2497725,11.008297,2.8750348,6.20914,0.11026271
116,44,9.777507,3.6957846,6.2497725,9.622536,3.2787094,6.3177776,0.16017468
116,50,9.777507,3.6957846,6.2497725,9.625917,3.2529693,6.160657,0.16594276
116,56,9.777507,3.6957846,6.2497725,9.569546,3.5567935,5.6907086,0.1518364
116,102,9.777507,3.6957846,6.2497725,9.294113,4.1385336,5.615341,0.40300435
116,135,9.777507,3.6957846,6.2497725,9.465977,3.2554653,6.6482496,0.16783072
116,285,9.777507,3.6957846,6.2497725,9.670098,3.4547172,6.6564717,0.65695477
116,295,9.777507,3.6957846,6.2497725,9.310273,3.3932543,6.800622,0.12086377
117,36,12.6118355,0.6909676,6.3690577,11.799812,1.2032956,6.3406334,0.37872294
117,47,12.6118355,0.6909676,6.3690577,12.411848,0.7518171,5.866369,0.37167937
117,51,12.6118355,0.6909676,6.3690577,11.581452,1.4432619,6.1659365,0.1843393
117,69,12.6118355,0.6909676,6.3690577,12.1732235,1.0022672,6.308863,0.1578033
117,73,12.6118355,0.6909676,6.3690577,12.308235,0.79966015,6.018737,0.2276328
117,85,12.6118355,0.6909676,6.3690577,12.545225,0.84734815,6.342742,0.5732244
117,89,12.6118355,0.6909676,6.3690577,12.488863,0.8213208,6.288701,0.4559476
117,91,12.6118355,0.6909676,6.3690577,12.210212,1.4038215,6.2609563,0.1443889
117,109,12.6118355,0.6909676,6.3690577,12.15095,0.9440201,6.3708763,0.3501045
117,119,12.6118355,0.6909676,6.3690577,12.360298,0.82389104,6.1848598,0.7625282
117,121,12.6118355,0.6909676,6.3690577,12.159285,1.192618,6.3139243,0.15539144
117,123,12.6118355,0.6909676,6.3690577,12.704335,0.69584435,6.416023,0.66964674
117,125,12.6118355,0.6909676,6.3690577,12.880971,0.45562276,6.2702613,0.31215215
117,145,12.6118355,0.6909676,6.3690577,12.501276,0.7736548,6.313317,1.0
117,329,12.6118355,0.6909676,6.3690577,12.973415,0.4216673,6.374997,0.67520946
118,39,8.835227,4.319337,5.2489967,9.095727,4.1955495,5.4418054,0.25168929
118,52,8.835227,4.319337,5.2489967,9.101418,4.4180408,5.3407083,0.41172534
118,54,8.835227,4.319337,5.2489967,9.098144,4.202714,5.1780753,0.5819745
118,58,8.835227,4.319337,5.2489967,9.124067,4.255657,5.342646,0.09736929
118,60,8.835227,4.319337,5.2489967,8.808353,3.821579,5.1069202,0.16914131
118,62,8.835227,4.319337,5.2489967,8.943791,4.0453935,5.15859,1.0
118,72,8.835227,4.319337,5.2489967,8.876703,3.9969478,5.1797442,0.34113622
118,74,8.835227,4.319337,5.2489967,9.154631,3.9107535,4.959477,0.08088756
118,92,8.835227,4.319337,5.2489967,8.970894,4.464218,5.177306,0.9236732
118,96,8.835227,4.319337,5.2489967,9.001063,4.378421,5.3790746,0.9187204
118,112,8.835227,4.319337,5.2489967,9.144263,3.8169527,4.988846,0.09503626
118,114,8.835227,4.319337,5.2489967,9.2767105,4.029939,5.07962,0.105803296
118,132,8.835227,4.319337,5.2489967,8.955788,4.109908,5.278212,0.26248077
118,136,8.835227,4.319337,5.2489967,8.958931,4.3856745,5.0114264,1.0
118,138,8.835227,4.319337,5.2489967,8.890848,3.845697,5.3290987,0.07302102
119,36,12.360298,0.82389104,6.1848598,11.799812,1.2032956,6.3406334,0.47916627
119,47,12.360298,0.82389104,6.1848598,12.411848,0.7518171,5.866369,0.9538009
119,51,12.360298,0.82389104,6.1848598,11.581452,1.4432619,6.1659365,0.30055726
119,57,12.360298,0.82389104,6.1848598,11.811728,1.3356183,6.3590865,0.040168926
119,63,12.360298,0.82389104,6.1848598,12.387812,1.0296801,5.726947,0.22723174
119,69,12.360298,0.82389104,6.1848598,12.1732235,1.0022672,6.308863,0.103323065
119,73,12.360298,0.82389104,6.1848598,12.308235,0.79966015,6.018737,1.0
119,85,12.360298,0.82389104,6.1848598,12.545225,0.84734815,6.342742,0.21480463
119,89,12.360298,0.82389104,6.1848598,12.488863,0.8213208,6.288701,0.31209883
119,91,12.360298,0.82389104,6.1848598,12.210212,1.4038215,6.2609563,0.30031806
119,95,12.360298,0.82389104,6.1848598,12.341072,1.0223422,5.590947,0.055892345
119,107,12.360298,0.82389104,6.1848598,12.33757,0.83594453,5.7431455,0.3343442
119,109,12.360298,0.82389104,6.1848598,12.15095,0.9440201,6.3708763,0.17171821
119,117,12.360298,0.82389104,6.1848598,12.6118355,0.6909676,6.3690577,0.7625282
119,121,12.360298,0.82389104,6.1848598,12.159285,1.192618,6.3139243,0.117687054
119,123,12.360298,0.82389104,6.1848598,12.704335,0.69584435,6.416023,0.068398625
119,125,12.360298,0.82389104,6.1848598,12.880971,0.45562276,6.2702613,0.15019962
119,127,12.360298,0.82389104,6.1848598,12.224508,1.5293232,6.120227,0.19578536
119,131,12.360298,0.82389104,6.1848598,11.905195,1.0270265,5.2497697,0.556282
119,145,12.360298,0.82389104,6.1848598,12.501276,0.7736548,6.313317,1.0
120,2,9.171327,3.12144,6.0262923,9.234901,2.927514,6.097882,0.48963875
120,22,9.171327,3.12144,6.0262923,9.556016,3.1953576,6.3452654,0.36205062
120,27,9.171327,3.12144,6.0262923,9.466029,3.1511974,6.188851,0.829175
120,29,9.171327,3.12144,6.0262923,9.002028,3.4842236,5.1378126,0.008223822
120,44,9.171327,3.12144,6.0262923,9.622536,3.2787094,6.3177776,0.24989533
120,50,9.171327,3.12144,6.0262923,9.625917,3.2529693,6.160657,0.21439569
120,66,9.171327,3.12144,6.0262923,9.120002,2.7861,6.3491483,0.28577375
120,78,9.171327,3.12144,6.0262923,9.352942,2.9682505,5.487685,0.71700025
120,88,9.171327,3.12144,6.0262923,9.23888,3.8906603,5.0773993,0.05188952
120,98,9.171327,3.12144,6.0262923,9.297371,2.9454048,5.7919674,0.23159392
120,100,9.171327,3.12144,6.0262923,9.060883,2.6801867,6.2368636,0.106061995
120,106,9.171327,3.12144,6.0262923,9.217525,3.026383,6.052286,0.99999994
120,110,9.171327,3.12144,6.0262923,8.992596,3.930888,5.5671887,0.17049998
120,122,9.171327,3.12144,6.0262923,9.035106,3.4317935,5.895477,0.6465491
120,124,9.171327,3.12144,6.0262923,9.29915,3.08902,5.904319,1.0
120,128,9.171327,3.12144,6.0262923,9.50821,3.2799451,5.934517,0.47134978
120,130,9.171327,3.12144,6.0262923,9.262833,3.5679646,5.0515003,0.040183406
120,134,9.171327,3.12144,6.0262923,9.240311,2.9989562,6.4248133,0.51812816
120,135,9.171327,3.12144,6.0262923,9.465977,3.2554653,6.6482496,0.118341975
120,138,9.171327,3.12144,6.0262923,8.890848,3.845697,5.3290987,0.11371246
120,142,9.171327,3.12144,6.0262923,9.405608,2.960346,5.0491123,0.021937827
120,295,9.171327,3.12144,6.0262923,9.310273,3.3932543,6.800622,0.11444811
121,6,12.159285,1.192618,6.3139243,12.250249,1.3833795,5.7515097,0.06849316
121,34,12.159285,1.192618,6.3139243,12.082217,1.8256388,6.0748124,0.0799252
121,36,12.159285,1.192618,6.3139243,11.799812,1.2032956,6.3406334,0.2026025
121,38,12.159285,1.192618,6.3139243,12.419446,0.7500022,5.5016155,0.05905301
121,40,12.159285,1.192618,6.3139243,12.145672,1.709857,6.0315847,0.10676441
121,45,12.159285,1.192618,6.3139243,12.000788,1.8494203,6.0962286,0.16107227
121,57,12.159285,1.192618,6.3139243,11.811728,1.3356183,6.3590865,0.538999
121,59,12.159285,1.192618,6.3139243,11.624395,1.3729773,6.4428196,0.2831005
121,63,12.159285,1.192618,6.3139243,12.387812,1.0296801,5.726947,0.23839296
121,69,12.159285,1.192618,6.3139243,12.1732235,1.0022672,6.308863,0.9949354
121,73,12.159285,1.192618,6.3139243,12.308235,0.79966015,6.018737,0.099231176
121,75,12.159285,1.192618,6.3139243,12.161235,1.1601542,6.253751,1.0
121,85,12.159285,1.192618,6.3139243,12.545225,0.84734815,6.342742,0.22730106
121,87,12.159285,1.192618,6.3139243,12.042354,1.8550189,6.140088,0.06349919
121,89,12.159285,1.192618,6.3139243,12.488863,0.8213208,6.288701,0.116266064
121,91,12.159285,1.192618,6.3139243,12.210212,1.4038215,6.2609563,1.0
121,93,12.159285,1.192618,6.3139243,12.036677,0.9762536,6.3885694,0.41843703
121,103,12.159285,1.192618,6.3139243,12.4185705,0.9668349,5.659014,0.23350528
121,107,12.159285,1.192618,6.3139243,12.33757,0.83594453,5.7431455,0.13900094
121,109,12.159285,1.192618,6.3139243,12.15095,0.9440201,6.3708763,0.6828221
121,117,12.159285,1.192618,6.3139243,12.6118355,0.6909676,6.3690577,0.15539144
121,119,12.159285,1.192618,6.3139243,12.360298,0.82389104,6.1848598,0.117687054
121,127,12.159285,1.192618,6.3139243,12.224508,1.5293232,6.120227,0.24088518
121,133,12.159285,1.192618,6.3139243,12.019429,1.5153317,6.316805,0.80772865
121,140,12.159285,1.192618,6.3139243,11.98842,1.7044951,6.1635137,0.22071016
121,145,12.159285,1.192618,6.3139243,12.501276,0.7736548,6.313317,0.25414822
122,2,9.035106,3.4317935,5.895477,9.234901,2.927514,6.097882,0.17225073
122,22,9.035106,3.4317935,5.895477,9.556016,3.1953576,6.3452654,0.21029297
122,27,9.035106,3.4317935,5.895477,9.466029,3.1511974,6.188851,0.19522765
122,29,9.035106,3.4317935,5.895477,9.002028,3.4842236,5.1378126,0.002341757
122,39,9.035106,3.4317935,5.895477,9.095727,4.1955495,5.4418054,0.1774917
122,62,9.035106,3.4317935,5.895477,8.943791,4.0453935,5.15859,0.08482196
122,78,9.035106,3.4317935,5.895477,9.352942,2.9682505,5.487685,0.10139765
122,106,9.035106,3.4317935,5.895477,9.217525,3.026383,6.052286,0.5965895
122,110,9.035106,3.4317935,5.895477,8.992596,3.930888,5.5671887,1.0
122,114,9.035106,3.4317935,5.895477,9.2767105,4.029939,5.07962,0.10152376
122,120,9.035106,3.4317935,5.895477,9.171327,3.12144,6.0262923,0.6465491
122,124,9.035106,3.4317935,5.895477,9.29915,3.08902,5.904319,0.21090579
122,128,9.035106,3.4317935,5.895477,9.50821,3.2799451,5.934517,0.085336536
122,134,9.035106,3.4317935,5.895477,9.240311,2.9989562,6.4248133,0.36751467
122,138,9.035106,3.4317935,5.895477,8.890848,3.845697,5.3290987,0.8974694
122,287,9.035106,3.4317935,5.895477,9.419831,3.322447,6.9108925,0.111287065
122,295,9.035106,3.4317935,5.895477,9.310273,3.3932543,6.800622,0.4021112
123,47,12.704335,0.69584435,6.416023,12.411848,0.7518171,5.866369,0.078308426
123,67,12.704335,0.69584435,6.416023,13.0800705,0.2995892,5.740768,0.08905683
123,69,12.704335,0.69584435,6.416023,12.1732235,1.0022672,6.308863,0.053560086
123,85,12.704335,0.69584435,6.416023,12.545225,0.84734815,6.342742,0.99999994
123,89,12.704335,0.69584435,6.416023,12.488863,0.8213208,6.288701,0.58979064
123,109,12.704335,0.69584435,6.416023,12.15095,0.9440201,6.3708763,0.12622744
123,117,12.704335,0.69584435,6.416023,12.6118355,0.6909676,6.3690577,0.66964674
123,119,12.704335,0.69584435,6.416023,12.360298,0.82389104,6.1848598,0.068398625
123,145,12.704335,0.69584435,6.416023,12.501276,0.7736548,6.313317,0.55250823
123,270,12.704335,0.69584435,6.416023,13.715549,-0.15167141,6.0419674,0.38987994
123,273,12.704335,0.69584435,6.416023,13.165489,0.22482604,5.7879477,0.03467065
123,300,12.704335,0.69584435,6.416023,14.259995,-0.62791824,6.0501885,0.04943517
123,305,12.704335,0.69584435,6.416023,16.292934,-1.6191832,5.429727,0.049786117
123,329,12.704335,0.69584435,6.416023,12.973415,0.4216673,6.374997,0.32432783
124,2,9.29915,3.08902,5.904319,9.234901,2.927514,6.097882,0.38612065
124,11,9.29915,3.08902,5.904319,10.541508,1.9594339,5.084985,0.013542766
124,22,9.29915,3.08902,5.904319,9.556016,3.1953576,6.3452654,0.373884
124,27,9.29915,3.08902,5.904319,9.466029,3.1511974,6.188851,0.9924631
124,37,9.29915,3.08902,5.904319,9.866995,3.490644,5.2030563,0.06911899
124,42,9.29915,3.08902,5.904319,9.513288,3.075606,5.068268,0.22651686
124,44,9.29915,3.08902,5.904319,9.622536,3.2787094,6.3177776,0.3441883
124,50,9.29915,3.08902,5.904319,9.625917,3.2529693,6.160657,0.27235997
124,66,9.29915,3.08902,5.904319,9.120002,2.7861,6.3491483,0.13282402
124,78,9.29915,3.08902,5.904319,9.352942,2.9682505,5.487685,0.99999994
124,81,9.29915,3.08902,5.904319,10.420862,2.5775936,5.070078,0.17570777
124,98,9.29915,3.08902,5.904319,9.297371,2.9454048,5.7919674,0.7987212
124,106,9.29915,3.08902,5.904319,9.217525,3.026383,6.052286,0.5590306
124,113,9.29915,3.08902,5.904319,10.240724,2.6847281,6.205801,0.14558448
124,120,9.29915,3.08902,5.904319,9.171327,3.12144,6.0262923,1.0
124,122,9.29915,3.08902,5.904319,9.035106,3.4317935,5.895477,0.21090579
124,126,9.29915,3.08902,5.904319,10.196828,2.359293,5.0685086,0.16954096
124,128,9.29915,3.08902,5.904319,9.50821,3.2799451,5.934517,0.7415487
124,134,9.29915,3.08902,5.904319,9.240311,2.9989562,6.4248133,0.17898507
124,142,9.29915,3.08902,5.904319,9.405608,2.960346,5.0491123,0.033814747
124,143,9.29915,3.08902,5.904319,10.218512,2.3101387,5.184448,0.12477597
125,11,12.880971,0.45562276,6.2702613,10.541508,1.9594339,5.084985,0.117955364
125,36,12.880971,0.45562276,6.2702613,11.799812,1.2032956,6.3406334,0.16125913
125,47,12.880971,0.45562276,6.2702613,12.411848,0.7518171,5.866369,0.1869702
125,49,12.880971,0.45562276,6.2702613,11.373211,1.5964844,6.2712355,0.37228042
125,51,12.880971,0.45562276,6.2702613,11.581452,1.4432619,6.1659365,0.30940422
125,73,12.880971,0.45562276,6.2702613,12.308235,0.79966015,6.018737,0.35794747
125,79,12.880971,0.45562276,6.2702613,11.625175,1.2385032,5.0364914,0.55529636
125,113,12.880971,0.45562276,6.2702613,10.240724,2.6847281,6.205801,0.16815695
125,117,12.880971,0.45562276,6.2702613,12.6118355,0.6909676,6.3690577,0.31215215
125,119,12.880971,0.45562276,6.2702613,12.360298,0.82389104,6.1848598,0.15019962
125,145,12.880971,0.45562276,6.2702613,12.501276,0.7736548,6.313317,0.119393766
125,268,12.880971,0.45562276,6.2702613,13.923687,-0.2427839,5.676307,0.2705181
125,324,12.880971,0.45562276,6.2702613,13.735741,-0.12848909,5.7788615,1.0
125,329,12.880971,0.45562276,6.2702613,12.973415,0.4216673,6.374997,1.0
126,3,10.196828,2.359293,5.0685086,10.59433,1.9088179,4.996853,0.99999994
126,11,10.196828,2.359293,5.0685086,10.541508,1.9594339,5.084985,0.61786985
126,17,10.196828,2.359293,5.0685086,10.902183,2.1239972,4.825353,0.09442107
126,20,10.196828,2.359293,5.0685086,10.806154,2.2520027,4.7911134,0.09658015
126,42,10.196828,2.359293,5.0685086,9.513288,3.075606,5.068268,0.49816066
126,46,10.196828,2.359293,5.0685086,9.595137,3.2057085,4.9928617,0.29819763
126,53,10.196828,2.359293,5.0685086,10.711441,1.9454539,4.991181,0.39498395
126,64,10.196828,2.359293,5.0685086,10.627707,2.3062434,4.762956,0.1752147
126,68,10.196828,2.359293,5.0685086,9.585762,2.9991822,5.1613035,0.063386366
126,76,10.196828,2.359293,5.0685086,10.907941,2.245741,4.9803333,0.11692033
126,78,10.196828,2.359293,5.0685086,9.352942,2.9682505,5.487685,0.3774876
126,81,10.196828,2.359293,5.0685086,10.420862,2.5775936,5.070078,1.0
126,83,10.196828,2.359293,5.0685086,10.681094,2.1431441,5.3523946,0.32824594
126,84,10.196828,2.359293,5.0685086,9.514998,2.7706316,5.100206,0.3856495
126,90,10.196828,2.359293,5.0685086,10.463488,2.2874494,5.183122,0.5033041
126,94,10.196828,2.359293,5.0685086,9.660437,2.873443,5.0520577,0.30715623
126,98,10.196828,2.359293,5.0685086,9.297371,2.9454048,5.7919674,0.07867377
126,115,10.196828,2.359293,5.0685086,10.811174,1.5680985,4.9784627,0.08609449
126,124,10.196828,2.359293,5.0685086,9.29915,3.08902,5.904319,0.16954096
126,142,10.196828,2.359293,5.0685086,9.405608,2.960346,5.0491123,0.63592666
126,143,10.196828,2.359293,5.0685086,10.218512,2.3101387,5.184448,0.69542396
127,6,12.224508,1.5293232,6.120227,12.250249,1.3833795,5.7515097,0.52936554
127,36,12.224508,1.5293232,6.120227,11.799812,1.2032956,6.3406334,0.096178204
127,40,12.224508,1.5293232,6.120227,12.145672,1.709857,6.0315847,0.33647773
127,45,12.224508,1.5293232,6.120227,12.000788,1.8494203,6.0962286,0.10446153
127,63,12.224508,1.5293232,6.120227,12.387812,1.0296801,5.726947,0.14121112
127,77,12.224508,1.5293232,6.120227,11.146273,1.8772044,4.815119,0.27606162
127,85,12.224508,1.5293232,6.120227,12.545225,0.84734815,6.342742,0.3088335
127,89,12.224508,1.5293232,6.120227,12.488863,0.8213208,6.288701,0.2547455
127,91,12.224508,1.5293232,6.120227,12.210212,1.4038215,6.2609563,1.0
127,95,12.224508,1.5293232,6.120227,12.341072,1.0223422,5.590947,0.0539923
127,119,12.224508,1.5293232,6.120227,12.360298,0.82389104,6.1848598,0.19578536
127,121,12.224508,1.5293232,6.120227,12.159285,1.192618,6.3139243,0.24088518
127,133,12.224508,1.5293232,6.120227,12.019429,1.5153317,6.316805,0.44386342
127,140,12.224508,1.5293232,6.120227,11.98842,1.7044951,6.1635137,0.32805723
127,145,12.224508,1.5293232,6.120227,12.501276,0.7736548,6.313317,0.11343664
128,1,9.50821,3.2799451,5.934517,9.860221,3.2128804,6.2913704,0.11925615
128,5,9.50821,3.2799451,5.934517,10.199663,3.2751892,6.129283,0.17382216
128,10,9.50821,3.2799451,5.934517,10.034062,3.1575954,5.52166,0.33966434
128,19,9.50821,3.2799451,5.934517,10.080209,3.370322,6.0980473,0.0971699
128,22,9.50821,3.2799451,5.934517,9.556016,3.1953576,6.3452654,0.16329423
128,27,9.50821,3.2799451,5.934517,9.466029,3.1511974,6.188851,0.6077205
128,35,9.50821,3.2799451,5.934517,9.982329,3.6637824,5.303128,0.1799204
128,42,9.50821,3.2799451,5.934517,9.513288,3.075606,5.068268,0.23852336
128,44,9.50821,3.2799451,5.934517,9.622536,3.2787094,6.3177776,0.7417848
128,50,9.50821,3.2799451,5.934517,9.625917,3.2529693,6.160657,1.0
128,56,9.50821,3.2799451,5.934517,9.569546,3.5567935,5.6907086,0.53507775
128,68,9.50821,3.2799451,5.934517,9.585762,2.9991822,5.1613035,0.075435504
128,78,9.50821,3.2799451,5.934517,9.352942,2.9682505,5.487685,0.5697435
128,88,9.50821,3.2799451,5.934517,9.23888,3.8906603,5.0773993,0.33656156
128,102,9.50821,3.2799451,5.934517,9.294113,4.1385336,5.615341,0.12384457
128,106,9.50821,3.2799451,5.934517,9.217525,3.026383,6.052286,0.0629166
128,114,9.50821,3.2799451,5.934517,9.2767105,4.029939,5.07962,0.11743512
128,120,9.50821,3.2799451,5.934517,9.171327,3.12144,6.0262923,0.47134978
128,122,9.50821,3.2799451,5.934517,9.035106,3.4317935,5.895477,0.085336536
128,124,9.50821,3.2799451,5.934517,9.29915,3.08902,5.904319,0.7415487
128,132,9.50821,3.2799451,5.934517,8.955788,4.109908,5.278212,0.07241974
128,135,9.50821,3.2799451,5.934517,9.465977,3.2554653,6.6482496,0.15003963
128,137,9.50821,3.2799451,5.934517,9.439189,2.8714862,6.665036,0.114210986
128,141,9.50821,3.2799451,5.934517,10.344593,3.1642048,5.3316693,0.15413295
128,144,9.50821,3.2799451,5.934517,9.533692,3.329295,5.3577943,0.12857614
129,1,9.740548,2.679129,6.6373277,9.860221,3.2128804,6.2913704,0.62302774
129,36,9.740548,2.679129,6.6373277,11.799812,1.2032956,6.3406334,0.12603731
129,44,9.740548,2.679129,6.6373277,9.622536,3.2787094,6.3177776,0.07912203
129,49,9.740548,2.679129,6.6373277,11.373211,1.5964844,6.2712355,0.20591266
129,50,9.740548,2.679129,6.6373277,9.625917,3.2529693,6.160657,0.07723376
129,57,9.740548,2.679129,6.6373277,11.811728,1.3356183,6.3590865,0.5451208
129,59,9.740548,2.679129,6.6373277,11.624395,1.3729773,6.4428196,1.0
129,65,9.740548,2.679129,6.6373277,11.4782,1.6543014,6.209696,0.22210133
129,66,9.740548,2.679129,6.6373277,9.120002,2.7861,6.3491483,0.16114172
129,70,9.740548,2.679129,6.6373277,9.406121,2.903538,6.621302,0.5970222
129,87,9.740548,2.679129,6.6373277,12.042354,1.8550189,6.140088,0.028747367
129,100,9.740548,2.679129,6.6373277,9.060883,2.6801867,6.2368636,0.11791473
129,104,9.740548,2.679129,6.6373277,9.052896,2.7097988,6.2279944,0.14998218
129,109,9.740548,2.679129,6.6373277,12.15095,0.9440201,6.3708763,0.053821493
129,133,9.740548,2.679129,6.6373277,12.019429,1.5153317,6.316805,0.18670623
129,135,9.740548,2.679129,6.6373277,9.465977,3.2554653,6.6482496,0.11301425
129,137,9.740548,2.679129,6.6373277,9.439189,2.8714862,6.665036,0.88633054
130,13,9.262833,3.5679646,5.0515003,10.004769,3.3624938,5.0683227,0.052904524
130,29,9.262833,3.5679646,5.0515003,9.002028,3.4842236,5.1378126,0.7973284
130,35,9.262833,3.5679646,5.0515003,9.982329,3.6637824,5.303128,0.078833126
130,37,9.262833,3.5679646,5.0515003,9.866995,3.490644,5.2030563,0.108413465
130,42,9.262833,3.5679646,5.0515003,9.513288,3.075606,5.068268,0.4328388
130,46,9.262833,3.5679646,5.0515003,9.595137,3.2057085,4.9928617,0.4608722
130,48,9.262833,3.5679646,5.0515003,9.602788,3.7100995,5.100214,0.43539897
130,54,9.262833,3.5679646,5.0515003,9.098144,4.202714,5.1780753,0.1725756
130,58,9.262833,3.5679646,5.0515003,9.124067,4.255657,5.342646,0.09441177
130,60,9.262833,3.5679646,5.0515003,8.808353,3.821579,5.1069202,0.17710705
130,62,9.262833,3.5679646,5.0515003,8.943791,4.0453935,5.15859,0.29068205
130,74,9.262833,3.5679646,5.0515003,9.154631,3.9107535,4.959477,1.0
130,78,9.262833,3.5679646,5.0515003,9.352942,2.9682505,5.487685,0.42115164
130,86,9.262833,3.5679646,5.0515003,9.179975,4.0035076,4.983541,0.091537096
130,88,9.262833,3.5679646,5.0515003,9.23888,3.8906603,5.0773993,0.61250323
130,98,9.262833,3.5679646,5.0515003,9.297371,2.9454048,5.7919674,0.03131659
130,112,9.262833,3.5679646,5.0515003,9.144263,3.8169527,4.988846,0.6153667
130,114,9.262833,3.5679646,5.0515003,9.2767105,4.029939,5.07962,0.6701946
130,120,9.262833,3.5679646,5.0515003,9.171327,3.12144,6.0262923,0.040183406
130,138,9.262833,3.5679646,5.0515003,8.890848,3.845697,5.3290987,0.272561
130,142,9.262833,3.5679646,5.0515003,9.405608,2.960346,5.0491123,0.30986524
131,4,11.905195,1.0270265,5.2497697,11.479083,1.3392807,4.883576,0.06970404
131,8,11.905195,1.0270265,5.2497697,11.4986725,1.3316464,4.8735027,0.09513397
131,9,11.905195,1.0270265,5.2497697,11.392122,1.4639525,4.8138804,0.09374307
131,12,11.905195,1.0270265,5.2497697,12.220359,0.87713814,5.205713,0.15542395
131,30,11.905195,1.0270265,5.2497697,11.720957,1.1650677,4.8552604,0.53080547
131,31,11.905195,1.0270265,5.2497697,11.328723,1.6283506,4.883606,0.15894224
131,43,11.905195,1.0270265,5.2497697,12.026046,0.93140393,4.980499,0.12120289
131,47,11.905195,1.0270265,5.2497697,12.411848,0.7518171,5.866369,1.0
131,55,11.905195,1.0270265,5.2497697,12.088935,0.923979,5.0553913,0.2579023
131,63,11.905195,1.0270265,5.2497697,12.387812,1.0296801,5.726947,0.15756981
131,73,11.905195,1.0270265,5.2497697,12.308235,0.79966015,6.018737,0.21343532
131,79,11.905195,1.0270265,5.2497697,11.625175,1.2385032,5.0364914,0.44491646
131,89,11.905195,1.0270265,5.2497697,12.488863,0.8213208,6.288701,0.14333619
131,95,11.905195,1.0270265,5.2497697,12.341072,1.0223422,5.590947,0.10663683
131,101,11.905195,1.0270265,5.2497697,11.338562,1.5825276,4.85583,0.11840497
131,107,11.905195,1.0270265,5.2497697,12.33757,0.83594453,5.7431455,0.42068377
131,108,11.905195,1.0270265,5.2497697,11.53653,1.3355758,4.926425,0.24973778
131,111,11.905195,1.0270265,5.2497697,11.29472,1.270357,4.8510246,0.68341565
131,115,11.905195,1.0270265,5.2497697,10.811174,1.5680985,4.9784627,0.21493293
131,119,11.905195,1.0270265,5.2497697,12.360298,0.82389104,6.1848598,0.556282
131,145,11.905195,1.0270265,5.2497697,12.501276,0.7736548,6.313317,0.092045166
132,25,8.955788,4.109908,5.278212,9.525912,3.904014,6.0874515,0.18431033
132,39,8.955788,4.109908,5.278212,9.095727,4.1955495,5.4418054,0.22353779
132,52,8.955788,4.109908,5.278212,9.101418,4.4180408,5.3407083,0.09426507
132,54,8.955788,4.109908,5.278212,9.098144,4.202714,5.1780753,0.5015829
132,56,8.955788,4.109908,5.278212,9.569546,3.5567935,5.6907086,0.94070256
132,60,8.955788,4.109908,5.278212,8.808353,3.821579,5.1069202,0.14967373
132,62,8.955788,4.109908,5.278212,8.943791,4.0453935,5.15859,0.14583433
132,72,8.955788,4.109908,5.278212,8.876703,3.9969478,5.1797442,1.0
132,86,8.955788,4.109908,5.278212,9.179975,4.0035076,4.983541,0.14377436
132,88,8.955788,4.109908,5.278212,9.23888,3.8906603,5.0773993,0.37173197
132,92,8.955788,4.109908,5.278212,8.970894,4.464218,5.177306,0.06739946
132,96,8.955788,4.109908,5.278212,9.001063,4.378421,5.3790746,0.7196002
132,102,8.955788,4.109908,5.278212,9.294113,4.1385336,5.615341,0.4264956
132,112,8.955788,4.109908,5.278212,9.144263,3.8169527,4.988846,0.43546173
132,114,8.955788,4.109908,5.278212,9.2767105,4.029939,5.07962,0.249363
132,118,8.955788,4.109908,5.278212,8.835227,4.319337,5.2489967,0.26248077
132,128,8.955788,4.109908,5.278212,9.50821,3.2799451,5.934517,0.07241974
132,136,8.955788,4.109908,5.278212,8.958931,4.3856745,5.0114264,0.14087172
132,144,8.955788,4.109908,5.278212,9.533692,3.329295,5.3577943,0.3011935
133,34,12.019429,1.5153317,6.316805,12.082217,1.8256388,6.0748124,0.08633108
133,36,12.019429,1.5153317,6.316805,11.799812,1.2032956,6.3406334,0.14683852
133,40,12.019429,1.5153317,6.316805,12.145672,1.709857,6.0315847,0.13228223
133,45,12.019429,1.5153317,6.316805,12.000788,1.8494203,6.0962286,0.16023028
133,57,12.019429,1.5153317,6.316805,11.811728,1.3356183,6.3590865,1.0
133,59,12.019429,1.5153317,6.316805,11.624395,1.3729773,6.4428196,0.3145084
133,65,12.019429,1.5153317,6.316805,11.4782,1.6543014,6.209696,0.12019084
133,69,12.019429,1.5153317,6.316805,12.1732235,1.0022672,6.308863,0.025327949
133,75,12.019429,1.5153317,6.316805,12.161235,1.1601542,6.253751,0.24236403
133,85,12.019429,1.5153317,6.316805,12.545225,0.84734815,6.342742,0.0834535
133,87,12.019429,1.5153317,6.316805,12.042354,1.8550189,6.140088,0.43341988
133,91,12.019429,1.5153317,6.316805,12.210212,1.4038215,6.2609563,0.90821284
133,109,12.019429,1.5153317,6.316805,12.15095,0.9440201,6.3708763,0.025138048
133,121,12.019429,1.5153317,6.316805,12.159285,1.192618,6.3139243,0.80772865
133,127,12.019429,1.5153317,6.316805,12.224508,1.5293232,6.120227,0.44386342
133,129,12.019429,1.5153317,6.316805,9.740548,2.679129,6.6373277,0.18670623
133,140,12.019429,1.5153317,6.316805,11.98842,1.7044951,6.1635137,0.7891952
134,2,9.240311,2.9989562,6.4248133,9.234901,2.927514,6.097882,0.43546495
134,27,9.240311,2.9989562,6.4248133,9.466029,3.1511974,6.188851,0.17929727
134,44,9.240311,2.9989562,6.4248133,9.622536,3.2787094,6.3177776,0.09095704
134,50,9.240311,2.9989562,6.4248133,9.625917,3.2529693,6.160657,0.088706724
134,66,9.240311,2.9989562,6.4248133,9.120002,2.7861,6.3491483,1.0
134,70,9.240311,2.9989562,6.4248133,9.406121,2.903538,6.621302,0.5685555
134,100,9.240311,2.9989562,6.4248133,9.060883,2.6801867,6.2368636,0.23600194
134,104,9.240311,2.9989562,6.4248133,9.052896,2.7097988,6.2279944,0.24211855
134,106,9.240311,2.9989562,6.4248133,9.217525,3.026383,6.052286,0.6154032
134,120,9.240311,2.9989562,6.4248133,9.171327,3.12144,6.0262923,0.51812816
134,122,9.240311,2.9989562,6.4248133,9.035106,3.4317935,5.895477,0.36751467
134,124,9.240311,2.9989562,6.4248133,9.29915,3.08902,5.904319,0.17898507
134,135,9.240311,2.9989562,6.4248133,9.465977,3.2554653,6.6482496,0.4572274
134,137,9.240311,2.9989562,6.4248133,9.439189,2.8714862,6.665036,0.4817618
134,287,9.240311,2.9989562,6.4248133,9.419831,3.322447,6.9108925,0.060030576
134,295,9.240311,2.9989562,6.4248133,9.310273,3.3932543,6.800622,0.34975994
134,297,9.240311,2.9989562,6.4248133,9.376651,3.32809,6.8099456,0.16685557
134,319,9.240311,2.9989562,6.4248133,9.507223,3.372532,6.810794,0.23602885
135,1,9.465977,3.2554653,6.6482496,9.860221,3.2128804,6.2913704,0.36265332
135,7,9.465977,3.2554653,6.6482496,9.735829,3.556369,6.6220007,0.37041792
135,19,9.465977,3.2554653,6.6482496,10.080209,3.370322,6.0980473,0.098686054
135,22,9.465977,3.2554653,6.6482496,9.556016,3.1953576,6.3452654,0.2986694
135,25,9.465977,3.2554653,6.6482496,9.525912,3.904014,6.0874515,0.1377921
135,27,9.465977,3.2554653,6.6482496,9.466029,3.1511974,6.188851,0.29202196
135,44,9.465977,3.2554653,6.6482496,9.622536,3.2787094,6.3177776,1.0
135,50,9.465977,3.2554653,6.6482496,9.625917,3.2529693,6.160657,0.7911402
135,56,9.465977,3.2554653,6.6482496,9.569546,3.5567935,5.6907086,0.03165816
135,66,9.465977,3.2554653,6.6482496,9.120002,2.7861,6.3491483,0.11833518
135,70,9.465977,3.2554653,6.6482496,9.406121,2.903538,6.621302,0.4637221
135,106,9.465977,3.2554653,6.6482496,9.217525,3.026383,6.052286,0.047877714
135,116,9.465977,3.2554653,6.6482496,9.777507,3.6957846,6.2497725,0.16783072
135,120,9.465977,3.2554653,6.6482496,9.171327,3.12144,6.0262923,0.118341975
135,128,9.465977,3.2554653,6.6482496,9.50821,3.2799451,5.934517,0.15003963
135,129,9.465977,3.2554653,6.6482496,9.740548,2.679129,6.6373277,0.11301425
135,134,9.465977,3.2554653,6.6482496,9.240311,2.9989562,6.4248133,0.4572274
135,137,9.465977,3.2554653,6.6482496,9.439189,2.8714862,6.665036,0.6281136
135,285,9.465977,3.2554653,6.6482496,9.670098,3.4547172,6.6564717,0.62247145
135,287,9.465977,3.2554653,6.6482496,9.419831,3.322447,6.9108925,0.08870641
135,295,9.465977,3.2554653,6.6482496,9.310273,3.3932543,6.800622,0.5856973
135,297,9.465977,3.2554653,6.6482496,9.376651,3.32809,6.8099456,0.53148675
135,319,9.465977,3.2554653,6.6482496,9.507223,3.372532,6.810794,0.7905407
136,39,8.958931,4.3856745,5.0114264,9.095727,4.1955495,5.4418054,0.12716581
136,52,8.958931,4.3856745,5.0114264,9.101418,4.4180408,5.3407083,0.14685056
136,54,8.958931,4.3856745,5.0114264,9.098144,4.202714,5.1780753,0.23729065
136,60,8.958931,4.3856745,5.0114264,8.808353,3.821579,5.1069202,0.28735206
136,62,8.958931,4.3856745,5.0114264,8.943791,4.0453935,5.15859,0.34232455
136,72,8.958931,4.3856745,5.0114264,8.876703,3.9969478,5.1797442,0.21794748
136,74,8.958931,4.3856745,5.0114264,9.154631,3.9107535,4.959477,0.23999256
136,86,8.958931,4.3856745,5.0114264,9.179975,4.0035076,4.983541,0.23043743
136,92,8.958931,4.3856745,5.0114264,8.970894,4.464218,5.177306,0.7119168
136,96,8.958931,4.3856745,5.0114264,9.001063,4.378421,5.3790746,0.15425286
136,112,8.958931,4.3856745,5.0114264,9.144263,3.8169527,4.988846,0.17822783
136,114,8.958931,4.3856745,5.0114264,9.2767105,4.029939,5.07962,0.13355097
136,118,8.958931,4.3856745,5.0114264,8.835227,4.319337,5.2489967,1.0
136,132,8.958931,4.3856745,5.0114264,8.955788,4.109908,5.278212,0.14087172
137,1,9.439189,2.8714862,6.665036,9.860221,3.2128804,6.2913704,0.59553677
137,27,9.439189,2.8714862,6.665036,9.466029,3.1511974,6.188851,0.11163596
137,44,9.439189,2.8714862,6.665036,9.622536,3.2787094,6.3177776,0.2670239
137,50,9.439189,2.8714862,6.665036,9.625917,3.2529693,6.160657,0.29905614
137,56,9.439189,2.8714862,6.665036,9.569546,3.5567935,5.6907086,0.12409042
137,59,9.439189,2.8714862,6.665036,11.624395,1.3729773,6.4428196,0.23779047
137,66,9.439189,2.8714862,6.665036,9.120002,2.7861,6.3491483,0.43667403
137,70,9.439189,2.8714862,6.665036,9.406121,2.903538,6.621302,1.0
137,100,9.439189,2.8714862,6.665036,9.060883,2.6801867,6.2368636,0.163386
137,104,9.439189,2.8714862,6.665036,9.052896,2.7097988,6.2279944,0.24963135
137,128,9.439189,2.8714862,6.665036,9.50821,3.2799451,5.934517,0.114210986
137,129,9.439189,2.8714862,6.665036,9.740548,2.679129,6.6373277,0.88633054
137,134,9.439189,2.8714862,6.665036,9.240311,2.9989562,6.4248133,0.4817618
137,135,9.439189,2.8714862,6.665036,9.465977,3.2554653,6.6482496,0.6281136
137,285,9.439189,2.8714862,6.665036,9.670098,3.4547172,6.6564717,0.053210117
137,297,9.439189,2.8714862,6.665036,9.376651,3.32809,6.8099456,0.30303425
137,319,9.439189,2.8714862,6.665036,9.507223,3.372532,6.810794,0.2797733
138,29,8.890848,3.845697,5.3290987,9.002028,3.4842236,5.1378126,0.40385494
138,39,8.890848,3.845697,5.3290987,9.095727,4.1955495,5.4418054,0.32348844
138,54,8.890848,3.845697,5.3290987,9.098144,4.202714,5.1780753,0.10656976
138,58,8.890848,3.845697,5.3290987,9.124067,4.255657,5.342646,0.19631872
138,60,8.890848,3.845697,5.3290987,8.808353,3.821579,5.1069202,0.345245
138,62,8.890848,3.845697,5.3290987,8.943791,4.0453935,5.15859,1.0
138,74,8.890848,3.845697,5.3290987,9.154631,3.9107535,4.959477,0.11294273
138,88,8.890848,3.845697,5.3290987,9.23888,3.8906603,5.0773993,0.10745147
138,96,8.890848,3.845697,5.3290987,9.001063,4.378421,5.3790746,0.008121619
138,110,8.890848,3.845697,5.3290987,8.992596,3.930888,5.5671887,0.77062553
138,112,8.890848,3.845697,5.3290987,9.144263,3.8169527,4.988846,0.13929476
138,114,8.890848,3.845697,5.3290987,9.2767105,4.029939,5.07962,0.3257842
138,118,8.890848,3.845697,5.3290987,8.835227,4.319337,5.2489967,0.07302102
138,120,8.890848,3.845697,5.3290987,9.171327,3.12144,6.0262923,0.11371246
138,122,8.890848,3.845697,5.3290987,9.035106,3.4317935,5.895477,0.8974694
138,130,8.890848,3.845697,5.3290987,9.262833,3.5679646,5.0515003,0.272561
139,0,10.822701,2.8492303,5.7995677,10.875112,2.974778,5.977921,0.99999994
139,5,10.822701,2.8492303,5.7995677,10.199663,3.2751892,6.129283,0.20467107
139,15,10.822701,2.8492303,5.7995677,10.605002,3.3089995,5.8214917,0.12234271
139,16,10.822701,2.8492303,5.7995677,10.691866,3.1643476,5.8207307,0.5682186
139,18,10.822701,2.8492303,5.7995677,10.471566,2.949894,5.7993345,0.4432109
139,21,10.822701,2.8492303,5.7995677,10.859293,2.9586194,6.0873656,0.6687611
139,24,10.822701,2.8492303,5.7995677,11.080333,2.8320312,6.062064,0.24744856
139,26,10.822701,2.8492303,5.7995677,10.508585,3.1837778,5.9481115,0.029596105
139,28,10.822701,2.8492303,5.7995677,11.226265,2.6513712,6.1275344,0.4160034
139,32,10.822701,2.8492303,5.7995677,11.008297,2.8750348,6.20914,0.13938104
139,33,10.822701,2.8492303,5.7995677,10.75499,3.266381,5.7251177,0.2725074
139,41,10.822701,2.8492303,5.7995677,10.971498,2.9168243,6.1281033,0.3336765
139,44,10.822701,2.8492303,5.7995677,9.622536,3.2787094,6.3177776,0.10091326
139,65,10.822701,2.8492303,5.7995677,11.4782,1.6543014,6.209696,0.16850737
139,71,10.822701,2.8492303,5.7995677,11.075578,2.072343,4.9153643,0.13329624
139,76,10.822701,2.8492303,5.7995677,10.907941,2.245741,4.9803333,0.28185943
139,81,10.822701,2.8492303,5.7995677,10.420862,2.5775936,5.070078,0.22087504
139,82,10.822701,2.8492303,5.7995677,11.189298,1.9422542,4.9784846,0.0015708355
139,83,10.822701,2.8492303,5.7995677,10.681094,2.1431441,5.3523946,0.6142776
139,90,10.822701,2.8492303,5.7995677,10.463488,2.2874494,5.183122,0.4768612
139,99,10.822701,2.8492303,5.7995677,10.871017,2.9710946,5.966107,1.0
139,113,10.822701,2.8492303,5.7995677,10.240724,2.6847281,6.205801,0.103549756
139,141,10.822701,2.8492303,5.7995677,10.344593,3.1642048,5.3316693,0.25958988
140,6,11.98842,1.7044951,6.1635137,12.250249,1.3833795,5.7515097,0.14088035
140,18,11.98842,1.7044951,6.1635137,10.471566,2.949894,5.7993345,0.16572978
140,34,11.98842,1.7044951,6.1635137,12.082217,1.8256388,6.0748124,0.3294708
140,36,11.98842,1.7044951,6.1635137,11.799812,1.2032956,6.3406334,0.101276465
140,40,11.98842,1.7044951,6.1635137,12.145672,1.709857,6.0315847,0.80451965
140,45,11.98842,1.7044951,6.1635137,12.000788,1.8494203,6.0962286,1.0
140,51,11.98842,1.7044951,6.1635137,11.581452,1.4432619,6.1659365,0.09123996
140,57,11.98842,1.7044951,6.1635137,11.811728,1.3356183,6.3590865,0.36076424
140,59,11.98842,1.7044951,6.1635137,11.624395,1.3729773,6.4428196,0.086815245
140,61,11.98842,1.7044951,6.1635137,11.7382765,1.931206,6.111258,0.5021039
140,65,11.98842,1.7044951,6.1635137,11.4782,1.6543014,6.209696,0.4111904
140,77,11.98842,1.7044951,6.1635137,11.146273,1.8772044,4.815119,0.046436712
140,82,11.98842,1.7044951,6.1635137,11.189298,1.9422542,4.9784846,0.23143181
140,87,11.98842,1.7044951,6.1635137,12.042354,1.8550189,6.140088,1.0
140,91,11.98842,1.7044951,6.1635137,12.210212,1.4038215,6.2609563,0.47075152
140,97,11.98842,1.7044951,6.1635137,11.3862,1.6662368,4.924576,0.11634293
140,121,11.98842,1.7044951,6.1635137,12.159285,1.192618,6.3139243,0.22071016
140,127,11.98842,1.7044951,6.1635137,12.224508,1.5293232,6.120227,0.32805723
140,133,11.98842,1.7044951,6.1635137,12.019429,1.5153317,6.316805,0.7891952
141,0,10.344593,3.1642048,5.3316693,10.875112,2.974778,5.977921,0.024152262
141,5,10.344593,3.1642048,5.3316693,10.199663,3.2751892,6.129283,0.04971719
141,10,10.344593,3.1642048,5.3316693,10.034062,3.1575954,5.52166,0.86177623
141,13,10.344593,3.1642048,5.3316693,10.004769,3.3624938,5.0683227,0.938183
141,15,10.344593,3.1642048,5.3316693,10.605002,3.3089995,5.8214917,0.21645585
141,16,10.344593,3.1642048,5.3316693,10.691866,3.1643476,5.8207307,0.81791794
141,20,10.344593,3.1642048,5.3316693,10.806154,2.2520027,4.7911134,0.21507894
141,23,10.344593,3.1642048,5.3316693,10.626841,3.3131957,5.8405757,0.21036574
141,26,10.344593,3.1642048,5.3316693,10.508585,3.1837778,5.9481115,0.05029952
141,33,10.344593,3.1642048,5.3316693,10.75499,3.266381,5.7251177,0.5228575
141,35,10.344593,3.1642048,5.3316693,9.982329,3.6637824,5.303128,0.66081756
141,37,10.344593,3.1642048,5.3316693,9.866995,3.490644,5.2030563,0.4875885
141,42,10.344593,3.1642048,5.3316693,9.513288,3.075606,5.068268,0.2602947
141,46,10.344593,3.1642048,5.3316693,9.595137,3.2057085,4.9928617,0.065829664
141,64,10.344593,3.1642048,5.3316693,10.627707,2.3062434,4.762956,0.090308316
141,76,10.344593,3.1642048,5.3316693,10.907941,2.245741,4.9803333,0.28754917
141,81,10.344593,3.1642048,5.3316693,10.420862,2.5775936,5.070078,1.0
141,90,10.344593,3.1642048,5.3316693,10.463488,2.2874494,5.183122,0.056920834
141,99,10.344593,3.1642048,5.3316693,10.871017,2.9710946,5.966107,0.066556305
141,128,10.344593,3.1642048,5.3316693,9.50821,3.2799451,5.934517,0.15413295
141,139,10.344593,3.1642048,5.3316693,10.822701,2.8492303,5.7995677,0.25958988
142,29,9.405608,2.960346,5.0491123,9.002028,3.4842236,5.1378126,0.9701966
142,42,9.405608,2.960346,5.0491123,9.513288,3.075606,5.068268,1.0
142,46,9.405608,2.960346,5.0491123,9.595137,3.2057085,4.9928617,0.6819836
142,60,9.405608,2.960346,5.0491123,8.808353,3.821579,5.1069202,0.11654532
142,68,9.405608,2.960346,5.0491123,9.585762,2.9991822,5.1613035,0.28733674
142,78,9.405608,2.960346,5.0491123,9.352942,2.9682505,5.487685,0.72995394
142,81,9.405608,2.960346,5.0491123,10.420862,2.5775936,5.070078,0.028038718
142,84,9.405608,2.960346,5.0491123,9.514998,2.7706316,5.100206,0.99999994
142,94,9.405608,2.960346,5.0491123,9.660437,2.873443,5.0520577,0.559905
142,100,9.405608,2.960346,5.0491123,9.060883,2.6801867,6.2368636,0.18095647
142,104,9.405608,2.960346,5.0491123,9.052896,2.7097988,6.2279944,0.16344929
142,112,9.405608,2.960346,5.0491123,9.144263,3.8169527,4.988846,0.032357533
142,120,9.405608,2.960346,5.0491123,9.171327,3.12144,6.0262923,0.021937827
142,124,9.405608,2.960346,5.0491123,9.29915,3.08902,5.904319,0.033814747
142,126,9.405608,2.960346,5.0491123,10.196828,2.359293,5.0685086,0.63592666
142,130,9.405608,2.960346,5.0491123,9.262833,3.5679646,5.0515003,0.30986524
142,143,9.405608,2.960346,5.0491123,10.218512,2.3101387,5.184448,0.260446
143,3,10.218512,2.3101387,5.184448,10.59433,1.9088179,4.996853,0.0037452588
143,11,10.218512,2.3101387,5.184448,10.541508,1.9594339,5.084985,0.03207107
143,18,10.218512,2.3101387,5.184448,10.471566,2.949894,5.7993345,0.0259339
143,36,10.218512,2.3101387,5.184448,11.799812,1.2032956,6.3406334,0.102823764
143,42,10.218512,2.3101387,5.184448,9.513288,3.075606,5.068268,0.17668453
143,53,10.218512,2.3101387,5.184448,10.711441,1.9454539,4.991181,0.30465877
143,65,10.218512,2.3101387,5.184448,11.4782,1.6543014,6.209696,0.39476144
143,66,10.218512,2.3101387,5.184448,9.120002,2.7861,6.3491483,0.13487835
143,68,10.218512,2.3101387,5.184448,9.585762,2.9991822,5.1613035,0.2548235
143,76,10.218512,2.3101387,5.184448,10.907941,2.245741,4.9803333,0.12232154
143,78,10.218512,2.3101387,5.184448,9.352942,2.9682505,5.487685,0.18291894
143,81,10.218512,2.3101387,5.184448,10.420862,2.5775936,5.070078,0.30620342
143,83,10.218512,2.3101387,5.184448,10.681094,2.1431441,5.3523946,0.40035853
143,84,10.218512,2.3101387,5.184448,9.514998,2.7706316,5.100206,0.27623942
143,90,10.218512,2.3101387,5.184448,10.463488,2.2874494,5.183122,1.0
143,94,10.218512,2.3101387,5.184448,9.660437,2.873443,5.0520577,0.39656594
143,100,10.218512,2.3101387,5.184448,9.060883,2.6801867,6.2368636,0.27941063
143,104,10.218512,2.3101387,5.184448,9.052896,2.7097988,6.2279944,0.17840917
143,124,10.218512,2.3101387,5.184448,9.29915,3.08902,5.904319,0.12477597
143,126,10.218512,2.3101387,5.184448,10.196828,2.359293,5.0685086,0.69542396
143,142,10.218512,2.3101387,5.184448,9.405608,2.960346,5.0491123,0.260446
144,10,9.533692,3.329295,5.3577943,10.034062,3.1575954,5.52166,1.0
144,19,9.533692,3.329295,5.3577943,10.080209,3.370322,6.0980473,0.09464178
144,42,9.533692,3.329295,5.3577943,9.513288,3.075606,5.068268,0.14889935
144,46,9.533692,3.329295,5.3577943,9.595137,3.2057085,4.9928617,0.11853544
144,50,9.533692,3.329295,5.3577943,9.625917,3.2529693,6.160657,0.09077976
144,56,9.533692,3.329295,5.3577943,9.569546,3.5567935,5.6907086,1.0
144,68,9.533692,3.329295,5.3577943,9.585762,2.9991822,5.1613035,1.0
144,72,9.533692,3.329295,5.3577943,8.876703,3.9969478,5.1797442,0.48318928
144,78,9.533692,3.329295,5.3577943,9.352942,2.9682505,5.487685,0.059152864
144,86,9.533692,3.329295,5.3577943,9.179975,4.0035076,4.983541,0.34661183
144,88,9.533692,3.329295,5.3577943,9.23888,3.8906603,5.0773993,0.2849081
144,94,9.533692,3.329295,5.3577943,9.660437,2.873443,5.0520577,0.28849167
144,104,9.533692,3.329295,5.3577943,9.052896,2.7097988,6.2279944,0.15351324
144,112,9.533692,3.329295,5.3577943,9.144263,3.8169527,4.988846,0.3965242
144,128,9.533692,3.329295,5.3577943,9.50821,3.2799451,5.934517,0.12857614
144,132,9.533692,3.329295,5.3577943,8.955788,4.109908,5.278212,0.3011935
145,36,12.501276,0.7736548,6.313317,11.799812,1.2032956,6.3406334,0.39714575
145,47,12.501276,0.7736548,6.313317,12.411848,0.7518171,5.866369,0.42182934
145,51,12.501276,0.7736548,6.313317,11.581452,1.4432619,6.1659365,0.13388231
145,57,12.501276,0.7736548,6.313317,11.811728,1.3356183,6.3590865,0.13103054
145,63,12.501276,0.7736548,6.313317,12.387812,1.0296801,5.726947,0.11506979
145,69,12.501276,0.7736548,6.313317,12.1732235,1.0022672,6.308863,0.25885093
145,73,12.501276,0.7736548,6.313317,12.308235,0.79966015,6.018737,0.24091296
145,85,12.501276,0.7736548,6.313317,12.545225,0.84734815,6.342742,0.80028194
145,89,12.501276,0.7736548,6.313317,12.488863,0.8213208,6.288701,0.503667
145,91,12.501276,0.7736548,6.313317,12.210212,1.4038215,6.2609563,0.30054265
145,107,12.501276,0.7736548,6.313317,12.33757,0.83594453,5.7431455,0.21679005
145,109,12.501276,0.7736548,6.313317,12.15095,0.9440201,6.3708763,0.4924214
145,117,12.501276,0.7736548,6.313317,12.6118355,0.6909676,6.3690577,1.0
145,119,12.501276,0.7736548,6.313317,12.360298,0.82389104,6.1848598,1.0
145,121,12.501276,0.7736548,6.313317,12.159285,1.192618,6.3139243,0.25414822
145,123,12.501276,0.7736548,6.313317,12.704335,0.69584435,6.416023,0.55250823
145,125,12.501276,0.7736548,6.313317,12.880971,0.45562276,6.2702613,0.119393766
145,127,12.501276,0.7736548,6.313317,12.224508,1.5293232,6.120227,0.11343664
145,131,12.501276,0.7736548,6.313317,11.905195,1.0270265,5.2497697,0.092045166
145,329,12.501276,0.7736548,6.313317,12.973415,0.4216673,6.374997,0.20124367
146,148,-3.893581,3.05006,3.4375284,-3.745649,3.2843413,2.575565,0.10029303
146,151,-3.893581,3.05006,3.4375284,-3.8642476,3.200863,3.1331284,1.0
146,154,-3.893581,3.05006,3.4375284,-4.048519,2.898631,3.8817124,0.31526583
146,158,-3.893581,3.05006,3.4375284,-4.166904,3.5291386,3.1175838,0.5407441
146,162,-3.893581,3.05006,3.4375284,-3.9935472,2.8597112,3.9799716,0.0490361
146,183,-3.893581,3.05006,3.4375284,-3.9723637,2.8953764,3.8732002,0.2954467
146,185,-3.893581,3.05006,3.4375284,-3.880943,2.7660556,3.9783556,0.06294753
146,187,-3.893581,3.05006,3.4375284,-3.8914936,2.884661,3.774079,0.51758933
146,191,-3.893581,3.05006,3.4375284,-3.79058,2.786886,3.8338008,0.28872976
146,197,-3.893581,3.05006,3.4375284,-3.910892,2.9924216,3.75184,0.12034519
146,201,-3.893581,3.05006,3.4375284,-4.027583,2.9678836,3.889951,0.12675852
146,205,-3.893581,3.05006,3.4375284,-3.8484974,2.8516817,3.8248882,0.28419536
146,207,-3.893581,3.05006,3.4375284,-3.857924,3.0219877,3.4338005,0.4397069
146,220,-3.893581,3.05006,3.4375284,-3.7979186,3.4121158,2.5477557,0.15358628
146,222,-3.893581,3.05006,3.4375284,-4.2211423,3.6513627,3.0159147,0.19677241
146,228,-3.893581,3.05006,3.4375284,-4.159399,3.4746852,3.2900424,0.34187707
146,257,-3.893581,3.05006,3.4375284,-3.960618,3.1467242,3.3123083,0.12413768
147,178,-3.7844005,4.9848604,-1.3346914,-3.644343,4.8848004,-1.7123351,0.11794226
147,186,-3.7844005,4.9848604,-1.3346914,-3.745269,4.8174124,-0.91357124,0.473692
147,189,-3.7844005,4.9848604,-1.3346914,-4.0229793,4.942223,-0.6830569,0.076152585
147,192,-3.7844005,4.9848604,-1.3346914,-4.2113037,5.0073223,-0.8903294,0.20902868
147,204,-3.7844005,4.9848604,-1.3346914,-4.271085,4.894366,-0.5959218,0.056628115
147,208,-3.7844005,4.9848604,-1.3346914,-3.7625196,4.880652,-1.5609525,0.22127916
147,210,-3.7844005,4.9848604,-1.3346914,-3.6662252,4.9066887,-1.255424,0.99999994
147,211,-3.7844005,4.9848604,-1.3346914,-3.6206236,4.8247776,-1.1934066,1.0
147,219,-3.7844005,4.9848604,-1.3346914,-3.6309638,4.8247485,-1.1474721,0.76410747
147,227,-3.7844005,4.9848604,-1.3346914,-4.1448073,5.0353684,-0.784571,0.07505944
147,229,-3.7844005,4.9848604,-1.3346914,-3.8621202,5.0623713,-1.4352103,0.34938517
147,233,-3.7844005,4.9848604,-1.3346914,-3.8150144,5.004103,-1.4995077,0.3480677
147,235,-3.7844005,4.9848604,-1.3346914,-3.8584778,5.0326524,-1.5172952,0.17962348
147,237,-3.7844005,4.9848604,-1.3346914,-3.8088415,4.848114,-0.7955228,0.37058592
147,243,-3.7844005,4.9848604,-1.3346914,-4.100326,5.167046,-1.1716694,0.03893546
147,245,-3.7844005,4.9848604,-1.3346914,-3.7166715,4.9059734,-1.6551069,0.057012904
147,254,-3.7844005,4.9848604,-1.3346914,-3.6226075,4.80218,-1.1703484,0.6576984
147,256,-3.7844005,4.9848604,-1.3346914,-3.86573,5.0511727,-1.38969,1.0
147,258,-3.7844005,4.9848604,-1.3346914,-3.6999125,4.873942,-1.6510993,0.2030495
147,259,-3.7844005,4.9848604,-1.3346914,-3.6942208,4.6823506,-0.6845507,0.013976091
147,262,-3.7844005,4.9848604,-1.3346914,-3.892844,4.7799144,-0.5871446,0.07057127
148,146,-3.745649,3.2843413,2.575565,-3.893581,3.05006,3.4375284,0.10029303
148,151,-3.745649,3.2843413,2.575565,-3.8642476,3.200863,3.1331284,0.3503741
148,160,-3.745649,3.2843413,2.575565,-3.7310452,2.8748763,3.704944,0.16591564
148,164,-3.745649,3.2843413,2.575565,-3.7835417,3.636165,2.5696545,0.100130714
148,168,-3.745649,3.2843413,2.575565,-3.7817118,3.0145872,3.4176698,0.27083746
148,173,-3.745649,3.2843413,2.575565,-3.8003545,3.4258783,2.5209255,1.0
148,191,-3.745649,3.2843413,2.575565,-3.79058,2.786886,3.8338008,0.098232366
148,195,-3.745649,3.2843413,2.575565,-3.8122373,3.6994274,2.6476853,0.12150009
148,207,-3.745649,3.2843413,2.575565,-3.857924,3.0219877,3.4338005,0.12162831
148,220,-3.745649,3.2843413,2.575565,-3.7979186,3.4121158,2.5477557,0.82408947
148,224,-3.745649,3.2843413,2.575565,-3.899357,3.484056,2.3253663,0.80280465
148,226,-3.745649,3.2843413,2.575565,-3.9217265,3.5717297,2.4162185,0.23369837
148,232,-3.745649,3.2843413,2.575565,-3.9401472,3.6320245,2.6889462,0.14898866
148,242,-3.745649,3.2843413,2.575565,-3.761842,3.3685534,2.533515,0.5802297
149,157,-4.1019945,4.67307,-0.27672222,-3.7973628,4.6982503,0.102790274,0.31406608
149,159,-4.1019945,4.67307,-0.27672222,-4.2506227,4.506903,0.044990595,0.48057246
149,161,-4.1019945,4.67307,-0.27672222,-3.8842146,4.632093,-0.37960035,1.0
149,163,-4.1019945,4.67307,-0.27672222,-3.78346,4.6043262,-0.5858149,0.31123665
149,165,-4.1019945,4.67307,-0.27672222,-4.4658203,4.7172885,0.41534463,0.18894272
149,166,-4.1019945,4.67307,-0.27672222,-4.374933,4.5930367,0.04182807,0.99999994
149,172,-4.1019945,4.67307,-0.27672222,-4.1636558,4.513152,0.15229234,0.5724368
149,174,-4.1019945,4.67307,-0.27672222,-4.17743,4.730951,-0.29485747,1.0
149,186,-4.1019945,4.67307,-0.27672222,-3.745269,4.8174124,-0.91357124,0.08647569
149,189,-4.1019945,4.67307,-0.27672222,-4.0229793,4.942223,-0.6830569,0.21693033
149,204,-4.1019945,4.67307,-0.27672222,-4.271085,4.894366,-0.5959218,0.35412347
149,213,-4.1019945,4.67307,-0.27672222,-4.280832,4.799811,-0.41143784,0.5018323
149,221,-4.1019945,4.67307,-0.27672222,-3.791735,4.6517286,-0.5862941,0.12485123
149,225,-4.1019945,4.67307,-0.27672222,-4.128656,4.8714237,-0.8450116,0.23786536
149,231,-4.1019945,4.67307,-0.27672222,-4.618497,4.6199846,0.44851848,0.08210226
149,237,-4.1019945,4.67307,-0.27672222,-3.8088415,4.848114,-0.7955228,0.09296328
149,250,-4.1019945,4.67307,-0.27672222,-4.107379,4.8669324,-0.8025581,0.21192387
149,252,-4.1019945,4.67307,-0.27672222,-4.0593534,4.489809,0.39153498,0.12466675
149,259,-4.1019945,4.67307,-0.27672222,-3.6942208,4.6823506,-0.6845507,0.012400949
149,262,-4.1019945,4.67307,-0.27672222,-3.892844,4.7799144,-0.5871446,0.54592025
149,264,-4.1019945,4.67307,-0.27672222,-3.8505707,4.617269,0.24272771,0.18895909
150,153,-4.2360873,4.452453,0.5340996,-4.221402,4.5950365,1.1576822,0.15054849
150,155,-4.2360873,4.452453,0.5340996,-4.008947,4.423037,1.2317771,0.16173588
150,159,-4.2360873,4.452453,0.5340996,-4.2506227,4.506903,0.044990595,0.46016508
150,165,-4.2360873,4.452453,0.5340996,-4.4658203,4.7172885,0.41534463,0.09989
150,166,-4.2360873,4.452453,0.5340996,-4.374933,4.5930367,0.04182807,0.2396075
150,171,-4.2360873,4.452453,0.5340996,-4.0093493,4.3117995,1.408874,0.19147448
150,172,-4.2360873,4.452453,0.5340996,-4.1636558,4.513152,0.15229234,0.9546717
150,179,-4.2360873,4.452453,0.5340996,-4.571914,4.6284122,0.71254724,0.23543984
150,184,-4.2360873,4.452453,0.5340996,-3.9856439,4.5058722,0.47964877,0.1412698
150,196,-4.2360873,4.452453,0.5340996,-4.529231,4.5781426,0.524425,0.84062624
150,206,-4.2360873,4.452453,0.5340996,-4.2376256,4.541178,1.1874328,0.24888788
150,217,-4.2360873,4.452453,0.5340996,-4.1463413,4.3141227,1.2898979,1.0
150,231,-4.2360873,4.452453,0.5340996,-4.618497,4.6199846,0.44851848,0.09521475
150,234,-4.2360873,4.452453,0.5340996,-4.416983,4.309493,1.650405,0.07592993
150,252,-4.2360873,4.452453,0.5340996,-4.0593534,4.489809,0.39153498,0.53149843
150,263,-4.2360873,4.452453,0.5340996,-3.9039545,4.1749253,2.089513,0.25725335
151,146,-3.8642476,3.200863,3.1331284,-3.893581,3.05006,3.4375284,1.0
151,148,-3.8642476,3.200863,3.1331284,-3.745649,3.2843413,2.575565,0.3503741
151,158,-3.8642476,3.200863,3.1331284,-4.166904,3.5291386,3.1175838,0.54697484
151,173,-3.8642476,3.200863,3.1331284,-3.8003545,3.4258783,2.5209255,0.26724568
151,183,-3.8642476,3.200863,3.1331284,-3.9723637,2.8953764,3.8732002,0.21856245
151,187,-3.8642476,3.200863,3.1331284,-3.8914936,2.884661,3.774079,0.46227843
151,191,-3.8642476,3.200863,3.1331284,-3.79058,2.786886,3.8338008,0.26706097
151,195,-3.8642476,3.200863,3.1331284,-3.8122373,3.6994274,2.6476853,0.1739221
151,201,-3.8642476,3.200863,3.1331284,-4.027583,2.9678836,3.889951,0.051873725
151,205,-3.8642476,3.200863,3.1331284,-3.8484974,2.8516817,3.8248882,0.26216674
151,207,-3.8642476,3.200863,3.1331284,-3.857924,3.0219877,3.4338005,0.43245074
151,220,-3.8642476,3.200863,3.1331284,-3.7979186,3.4121158,2.5477557,0.46468145
151,222,-3.8642476,3.200863,3.1331284,-4.2211423,3.6513627,3.0159147,0.1710411
151,228,-3.8642476,3.200863,3.1331284,-4.159399,3.4746852,3.2900424,0.40273663
151,232,-3.8642476,3.200863,3.1331284,-3.9401472,3.6320245,2.6889462,0.1603031
151,242,-3.8642476,3.200863,3.1331284,-3.761842,3.3685534,2.533515,0.11849667
151,257,-3.8642476,3.200863,3.1331284,-3.960618,3.1467242,3.3123083,0.13604714
151,260,-3.8642476,3.200863,3.1331284,-4.042843,3.7118225,2.7340434,0.13456444
152,164,-3.973017,3.8441021,2.8048184,-3.7835417,3.636165,2.5696545,0.94443417
152,167,-3.973017,3.8441021,2.8048184,-4.1385903,4.0735326,2.5430021,0.43834907
152,173,-3.973017,3.8441021,2.8048184,-3.8003545,3.4258783,2.5209255,0.070421584
152,176,-3.973017,3.8441021,2.8048184,-4.2633066,3.3348503,3.7855084,0.17197777
152,177,-3.973017,3.8441021,2.8048184,-3.8980122,3.9499445,2.6082432,0.7641827
152,195,-3.973017,3.8441021,2.8048184,-3.8122373,3.6994274,2.6476853,0.56847423
152,197,-3.973017,3.8441021,2.8048184,-3.910892,2.9924216,3.75184,0.058495626
152,199,-3.973017,3.8441021,2.8048184,-4.216268,4.0215526,2.420685,0.12070323
152,203,-3.973017,3.8441021,2.8048184,-4.1459193,3.1558316,3.8885822,0.070937656
152,218,-3.973017,3.8441021,2.8048184,-4.3393,4.0926447,2.1705635,0.306432
152,220,-3.973017,3.8441021,2.8048184,-3.7979186,3.4121158,2.5477557,0.12063295
152,222,-3.973017,3.8441021,2.8048184,-4.2211423,3.6513627,3.0159147,0.23297143
152,226,-3.973017,3.8441021,2.8048184,-3.9217265,3.5717297,2.4162185,0.2958541
152,228,-3.973017,3.8441021,2.8048184,-4.159399,3.4746852,3.2900424,0.34351748
152,232,-3.973017,3.8441021,2.8048184,-3.9401472,3.6320245,2.6889462,0.19182742
152,236,-3.973017,3.8441021,2.8048184,-3.8882737,3.9615755,2.8338509,1.0
152,238,-3.973017,3.8441021,2.8048184,-4.151284,4.0221295,2.9124055,0.8423092
152,242,-3.973017,3.8441021,2.8048184,-3.761842,3.3685534,2.533515,0.07655469
152,249,-3.973017,3.8441021,2.8048184,-4.296111,3.4337256,3.754147,0.1475537
152,251,-3.973017,3.8441021,2.8048184,-4.2514133,3.2699108,3.8119323,0.088211484
152,255,-3.973017,3.8441021,2.8048184,-4.143964,3.8064482,3.4166076,0.3890061
152,261,-3.973017,3.8441021,2.8048184,-4.1041937,3.8050632,2.4589767,0.32305077
152,263,-3.973017,3.8441021,2.8048184,-3.9039545,4.1749253,2.089513,0.27514836
153,150,-4.221402,4.5950365,1.1576822,-4.2360873,4.452453,0.5340996,0.15054849
153,155,-4.221402,4.5950365,1.1576822,-4.008947,4.423037,1.2317771,0.71191204
153,165,-4.221402,4.5950365,1.1576822,-4.4658203,4.7172885,0.41534463,0.2030451
153,169,-4.221402,4.5950365,1.1576822,-3.97832,4.533224,1.1654712,0.2891802
153,171,-4.221402,4.5950365,1.1576822,-4.0093493,4.3117995,1.408874,0.45625904
153,172,-4.221402,4.5950365,1.1576822,-4.1636558,4.513152,0.15229234,0.079930715
153,175,-4.221402,4.5950365,1.1576822,-4.3015156,4.6594114,1.0442945,1.0
153,179,-4.221402,4.5950365,1.1576822,-4.571914,4.6284122,0.71254724,0.14088386
153,180,-4.221402,4.5950365,1.1576822,-3.7408388,4.835691,0.08231247,0.08925087
153,182,-4.221402,4.5950365,1.1576822,-3.8498662,4.654535,0.79276514,0.10127933
153,194,-4.221402,4.5950365,1.1576822,-3.8797722,4.598453,0.9250966,0.32502362
153,196,-4.221402,4.5950365,1.1576822,-4.529231,4.5781426,0.524425,0.088111036
153,200,-4.221402,4.5950365,1.1576822,-4.1074424,4.520471,1.336639,0.49531278
153,202,-4.221402,4.5950365,1.1576822,-4.257735,4.5021877,1.587496,0.4366842
153,206,-4.221402,4.5950365,1.1576822,-4.2376256,4.541178,1.1874328,1.0
153,215,-4.221402,4.5950365,1.1576822,-4.28532,4.6682076,1.2897747,0.75440085
153,216,-4.221402,4.5950365,1.1576822,-4.4634733,4.679752,1.0922396,0.60101426
153,217,-4.221402,4.5950365,1.1576822,-4.1463413,4.3141227,1.2898979,0.82489824
153,234,-4.221402,4.5950365,1.1576822,-4.416983,4.309493,1.650405,0.32038003
153,240,-4.221402,4.5950365,1.1576822,-4.4720516,4.3489637,1.3768005,0.06753419
153,241,-4.221402,4.5950365,1.1576822,-4.4250336,4.277188,1.8913126,0.013155411
153,246,-4.221402,4.5950365,1.1576822,-4.238398,4.4086924,1.3851926,0.2345884
153,248,-4.221402,4.5950365,1.1576822,-3.7543917,4.6686993,0.49681652,0.15155324
154,146,-4.048519,2.898631,3.8817124,-3.893581,3.05006,3.4375284,0.31526583
154,156,-4.048519,2.898631,3.8817124,-4.336612,3.465125,3.6546683,0.22862637
154,162,-4.048519,2.898631,3.8817124,-3.9935472,2.8597112,3.9799716,0.7889367
154,170,-4.048519,2.898631,3.8817124,-4.378089,3.656,3.3191671,0.08201647
154,176,-4.048519,2.898631,3.8817124,-4.2633066,3.3348503,3.7855084,0.29297283
154,183,-4.048519,2.898631,3.8817124,-3.9723637,2.8953764,3.8732002,1.0
154,185,-4.048519,2.898631,3.8817124,-3.880943,2.7660556,3.9783556,0.41279125
154,187,-4.048519,2.898631,3.8817124,-3.8914936,2.884661,3.774079,0.41481772
154,191,-4.048519,2.898631,3.8817124,-3.79058,2.786886,3.8338008,0.24548522
154,197,-4.048519,2.898631,3.8817124,-3.910892,2.9924216,3.75184,0.11891437
154,201,-4.048519,2.898631,3.8817124,-4.027583,2.9678836,3.889951,0.7405244
154,203,-4.048519,2.898631,3.8817124,-4.1459193,3.1558316,3.8885822,0.24870226
154,205,-4.048519,2.898631,3.8817124,-3.8484974,2.8516817,3.8248882,0.33323666
154,207,-4.048519,2.898631,3.8817124,-3.857924,3.0219877,3.4338005,0.11269941
154,228,-4.048519,2.898631,3.8817124,-4.159399,3.4746852,3.2900424,0.12383309
154,251,-4.048519,2.898631,3.8817124,-4.2514133,3.2699108,3.8119323,0.6013635
155,150,-4.008947,4.423037,1.2317771,-4.2360873,4.452453,0.5340996,0.16173588
155,153,-4.008947,4.423037,1.2317771,-4.221402,4.5950365,1.1576822,0.71191204
155,169,-4.008947,4.423037,1.2317771,-3.97832,4.533224,1.1654712,0.96876204
155,171,-4.008947,4.423037,1.2317771,-4.0093493,4.3117995,1.408874,1.0
155,172,-4.008947,4.423037,1.2317771,-4.1636558,4.513152,0.15229234,0.07856972
155,175,-4.008947,4.423037,1.2317771,-4.3015156,4.6594114,1.0442945,0.12678349
155,182,-4.008947,4.423037,1.2317771,-3.8498662,4.654535,0.79276514,0.09817521
155,184,-4.008947,4.423037,1.2317771,-3.9856439,4.5058722,0.47964877,0.26628727
155,194,-4.008947,4.423037,1.2317771,-3.8797722,4.598453,0.9250966,0.7671098
155,200,-4.008947,4.423037,1.2317771,-4.1074424,4.520471,1.336639,0.2286047
155,202,-4.008947,4.423037,1.2317771,-4.257735,4.5021877,1.587496,0.1636185
155,206,-4.008947,4.423037,1.2317771,-4.2376256,4.541178,1.1874328,0.11683742
155,214,-4.008947,4.423037,1.2317771,-4.468477,4.175781,1.7760015,0.04025763
155,215,-4.008947,4.423037,1.2317771,-4.28532,4.6682076,1.2897747,0.17871414
155,216,-4.008947,4.423037,1.2317771,-4.4634733,4.679752,1.0922396,0.17154692
155,217,-4.008947,4.423037,1.2317771,-4.1463413,4.3141227,1.2898979,0.53282934
155,234,-4.008947,4.423037,1.2317771,-4.416983,4.309493,1.650405,0.29669216
155,240,-4.008947,4.423037,1.2317771,-4.4720516,4.3489637,1.3768005,0.15328366
155,246,-4.008947,4.423037,1.2317771,-4.238398,4.4086924,1.3851926,1.0
155,248,-4.008947,4.423037,1.2317771,-3.7543917,4.6686993,0.49681652,0.2599094
155,252,-4.008947,4.423037,1.2317771,-4.0593534,4.489809,0.39153498,0.2125926
155,253,-4.008947,4.423037,1.2317771,-4.6303077,4.356958,1.2646945,0.06711285
155,263,-4.008947,4.423037,1.2317771,-3.9039545,4.1749253,2.089513,0.31798983
155,264,-4.008947,4.423037,1.2317771,-3.8505707,4.617269,0.24272771,0.14204843
156,154,-4.336612,3.465125,3.6546683,-4.048519,2.898631,3.8817124,0.22862637
156,162,-4.336612,3.465125,3.6546683,-3.9935472,2.8597112,3.9799716,0.24337871
156,170,-4.336612,3.465125,3.6546683,-4.378089,3.656,3.3191671,0.43651485
156,176,-4.336612,3.465125,3.6546683,-4.2633066,3.3348503,3.7855084,0.61451733
156,181,-4.336612,3.465125,3.6546683,-4.394031,3.581034,3.448827,1.0
156,183,-4.336612,3.465125,3.6546683,-3.9723637,2.8953764,3.8732002,0.068539746
156,190,-4.336612,3.465125,3.6546683,-4.425003,3.7410045,3.3039408,0.31420684
156,203,-4.336612,3.465125,3.6546683,-4.1459193,3.1558316,3.8885822,0.09458994
156,212,-4.336612,3.465125,3.6546683,-4.3654947,3.8617852,3.2031138,0.29273587
156,222,-4.336612,3.465125,3.6546683,-4.2211423,3.6513627,3.0159147,0.07025236
156,228,-4.336612,3.465125,3.6546683,-4.159399,3.4746852,3.2900424,0.10204628
156,230,-4.336612,3.465125,3.6546683,-4.480153,3.888685,3.3191183,0.37499583
156,249,-4.336612,3.465125,3.6546683,-4.296111,3.4337256,3.754147,0.5263264
156,251,-4.336612,3.465125,3.6546683,-4.2514133,3.2699108,3.8119323,0.2816398
157,149,-3.7973628,4.6982503,0.102790274,-4.1019945,4.67307,-0.27672222,0.31406608
157,159,-3.7973628,4.6982503,0.102790274,-4.2506227,4.506903,0.044990595,0.115927234
157,161,-3.7973628,4.6982503,0.102790274,-3.8842146,4.632093,-0.37960035,0.7219856
157,172,-3.7973628,4.6982503,0.102790274,-4.1636558,4.513152,0.15229234,0.22110613
157,174,-3.7973628,4.6982503,0.102790274,-4.17743,4.730951,-0.29485747,0.2673375
157,180,-3.7973628,4.6982503,0.102790274,-3.7408388,4.835691,0.08231247,0.99999994
157,182,-3.7973628,4.6982503,0.102790274,-3.8498662,4.654535,0.79276514,0.08343279
157,184,-3.7973628,4.6982503,0.102790274,-3.9856439,4.5058722,0.47964877,0.34261733
157,186,-3.7973628,4.6982503,0.102790274,-3.745269,4.8174124,-0.91357124,0.06433246
157,189,-3.7973628,4.6982503,0.102790274,-4.0229793,4.942223,-0.6830569,0.23151794
157,221,-3.7973628,4.6982503,0.102790274,-3.791735,4.6517286,-0.5862941,0.10098214
157,223,-3.7973628,4.6982503,0.102790274,-3.6440148,4.6997485,-0.6535732,0.16101246
157,227,-3.7973628,4.6982503,0.102790274,-4.1448073,5.0353684,-0.784571,0.076843545
157,237,-3.7973628,4.6982503,0.102790274,-3.8088415,4.848114,-0.7955228,0.1280818
157,248,-3.7973628,4.6982503,0.102790274,-3.7543917,4.6686993,0.49681652,0.9984929
157,252,-3.7973628,4.6982503,0.102790274,-4.0593534,4.489809,0.39153498,0.15348813
157,259,-3.7973628,4.6982503,0.102790274,-3.6942208,4.6823506,-0.6845507,0.067771584
157,262,-3.7973628,4.6982503,0.102790274,-3.892844,4.7799144,-0.5871446,0.12626106
157,264,-3.7973628,4.6982503,0.102790274,-3.8505707,4.617269,0.24272771,1.0
158,146,-4.166904,3.5291386,3.1175838,-3.893581,3.05006,3.4375284,0.5407441
158,151,-4.166904,3.5291386,3.1175838,-3.8642476,3.200863,3.1331284,0.54697484
158,168,-4.166904,3.5291386,3.1175838,-3.7817118,3.0145872,3.4176698,0.018388152
158,170,-4.166904,3.5291386,3.1175838,-4.378089,3.656,3.3191671,0.17437325
158,181,-4.166904,3.5291386,3.1175838,-4.394031,3.581034,3.448827,0.08474448
158,187,-4.166904,3.5291386,3.1175838,-3.8914936,2.884661,3.774079,0.18111585
158,190,-4.166904,3.5291386,3.1175838,-4.425003,3.7410045,3.3039408,0.18203892
158,193,-4.166904,3.5291386,3.1175838,-4.3711505,3.6919017,3.2087283,0.18674739
158,195,-4.166904,3.5291386,3.1175838,-3.8122373,3.6994274,2.6476853,0.1955336
158,207,-4.166904,3.5291386,3.1175838,-3.857924,3.0219877,3.4338005,0.68273985
158,209,-4.166904,3.5291386,3.1175838,-4.3286543,3.884116,2.7559273,0.3699567
158,212,-4.166904,3.5291386,3.1175838,-4.3654947,3.8617852,3.2031138,0.18479966
158,222,-4.166904,3.5291386,3.1175838,-4.2211423,3.6513627,3.0159147,1.0
158,228,-4.166904,3.5291386,3.1175838,-4.159399,3.4746852,3.2900424,0.9914321
158,230,-4.166904,3.5291386,3.1175838,-4.480153,3.888685,3.3191183,0.19396755
158,232,-4.166904,3.5291386,3.1175838,-3.9401472,3.6320245,2.6889462,0.19929099
158,236,-4.166904,3.5291386,3.1175838,-3.8882737,3.9615755,2.8338509,0.29670855
158,251,-4.166904,3.5291386,3.1175838,-4.2514133,3.2699108,3.8119323,0.08255088
158,257,-4.166904,3.5291386,3.1175838,-3.960618,3.1467242,3.3123083,0.4249332
158,260,-4.166904,3.5291386,3.1175838,-4.042843,3.7118225,2.7340434,0.375504
158,261,-4.166904,3.5291386,3.1175838,-4.1041937,3.8050632,2.4589767,0.16173235
159,149,-4.2506227,4.506903,0.044990595,-4.1019945,4.67307,-0.27672222,0.48057246
159,150,-4.2506227,4.506903,0.044990595,-4.2360873,4.452453,0.5340996,0.46016508
159,157,-4.2506227,4.506903,0.044990595,-3.7973628,4.6982503,0.102790274,0.115927234
159,161,-4.2506227,4.506903,0.044990595,-3.8842146,4.632093,-0.37960035,0.37224114
159,163,-4.2506227,4.506903,0.044990595,-3.78346,4.6043262,-0.5858149,0.27177104
159,165,-4.2506227,4.506903,0.044990595,-4.4658203,4.7172885,0.41534463,0.09443658
159,166,-4.2506227,4.506903,0.044990595,-4.374933,4.5930367,0.04182807,0.7243677
159,172,-4.2506227,4.506903,0.044990595,-4.1636558,4.513152,0.15229234,1.0
159,174,-4.2506227,4.506903,0.044990595,-4.17743,4.730951,-0.29485747,0.18138158
159,184,-4.2506227,4.506903,0.044990595,-3.9856439,4.5058722,0.47964877,0.10287107
159,196,-4.2506227,4.506903,0.044990595,-4.529231,4.5781426,0.524425,0.11485217
159,213,-4.2506227,4.506903,0.044990595,-4.280832,4.799811,-0.41143784,0.09430536
159,217,-4.2506227,4.506903,0.044990595,-4.1463413,4.3141227,1.2898979,0.09471155
159,252,-4.2506227,4.506903,0.044990595,-4.0593534,4.489809,0.39153498,0.6122474
160,148,-3.7310452,2.8748763,3.704944,-3.745649,3.2843413,2.575565,0.16591564
160,168,-3.7310452,2.8748763,3.704944,-3.7817118,3.0145872,3.4176698,0.90075326
160,173,-3.7310452,2.8748763,3.704944,-3.8003545,3.4258783,2.5209255,0.06474397
160,183,-3.7310452,2.8748763,3.704944,-3.9723637,2.8953764,3.8732002,0.080854096
160,185,-3.7310452,2.8748763,3.704944,-3.880943,2.7660556,3.9783556,0.13349707
160,187,-3.7310452,2.8748763,3.704944,-3.8914936,2.884661,3.774079,0.3388023
160,191,-3.7310452,2.8748763,3.704944,-3.79058,2.786886,3.8338008,0.74292606
160,197,-3.7310452,2.8748763,3.704944,-3.910892,2.9924216,3.75184,1.0
160,201,-3.7310452,2.8748763,3.704944,-4.027583,2.9678836,3.889951,0.24754746
160,203,-3.7310452,2.8748763,3.704944,-4.1459193,3.1558316,3.8885822,0.21342178
160,205,-3.7310452,2.8748763,3.704944,-3.8484974,2.8516817,3.8248882,0.48834655
160,207,-3.7310452,2.8748763,3.704944,-3.857924,3.0219877,3.4338005,0.2687089
160,220,-3.7310452,2.8748763,3.704944,-3.7979186,3.4121158,2.5477557,0.0965084
160,236,-3.7310452,2.8748763,3.704944,-3.8882737,3.9615755,2.8338509,0.05545769
160,257,-3.7310452,2.8748763,3.704944,-3.960618,3.1467242,3.3123083,0.246076
161,149,-3.8842146,4.632093,-0.37960035,-4.1019945,4.67307,-0.27672222,1.0
161,157,-3.8842146,4.632093,-0.37960035,-3.7973628,4.6982503,0.102790274,0.7219856
161,159,-3.8842146,4.632093,-0.37960035,-4.2506227,4.506903,0.044990595,0.37224114
161,163,-3.8842146,4.632093,-0.37960035,-3.78346,4.6043262,-0.5858149,0.7582176
161,166,-3.8842146,4.632093,-0.37960035,-4.374933,4.5930367,0.04182807,0.06594888
161,172,-3.8842146,4.632093,-0.37960035,-4.1636558,4.513152,0.15229234,0.43103793
161,174,-3.8842146,4.632093,-0.37960035,-4.17743,4.730951,-0.29485747,0.3895753
161,186,-3.8842146,4.632093,-0.37960035,-3.745269,4.8174124,-0.91357124,0.11447862
161,189,-3.8842146,4.632093,-0.37960035,-4.0229793,4.942223,-0.6830569,0.17284033
161,221,-3.8842146,4.632093,-0.37960035,-3.791735,4.6517286,-0.5862941,0.63466
161,223,-3.8842146,4.632093,-0.37960035,-3.6440148,4.6997485,-0.6535732,0.22386308
161,237,-3.8842146,4.632093,-0.37960035,-3.8088415,4.848114,-0.7955228,0.1418062
161,248,-3.8842146,4.632093,-0.37960035,-3.7543917,4.6686993,0.49681652,0.15736306
161,252,-3.8842146,4.632093,-0.37960035,-4.0593534,4.489809,0.39153498,0.102505
161,259,-3.8842146,4.632093,-0.37960035,-3.6942208,4.6823506,-0.6845507,0.70450974
161,262,-3.8842146,4.632093,-0.37960035,-3.892844,4.7799144,-0.5871446,0.6083465
161,264,-3.8842146,4.632093,-0.37960035,-3.8505707,4.617269,0.24272771,0.2706371
162,146,-3.9935472,2.8597112,3.9799716,-3.893581,3.05006,3.4375284,0.0490361
162,154,-3.9935472,2.8597112,3.9799716,-4.048519,2.898631,3.8817124,0.7889367
162,156,-3.9935472,2.8597112,3.9799716,-4.336612,3.465125,3.6546683,0.24337871
162,176,-3.9935472,2.8597112,3.9799716,-4.2633066,3.3348503,3.7855084,0.08265995
162,183,-3.9935472,2.8597112,3.9799716,-3.9723637,2.8953764,3.8732002,0.54239345
162,185,-3.9935472,2.8597112,3.9799716,-3.880943,2.7660556,3.9783556,1.0
162,187,-3.9935472,2.8597112,3.9799716,-3.8914936,2.884661,3.774079,0.1846083
162,191,-3.9935472,2.8597112,3.9799716,-3.79058,2.786886,3.8338008,0.15280022
162,197,-3.9935472,2.8597112,3.9799716,-3.910892,2.9924216,3.75184,0.08062761
162,201,-3.9935472,2.8597112,3.9799716,-4.027583,2.9678836,3.889951,0.59263825
162,203,-3.9935472,2.8597112,3.9799716,-4.1459193,3.1558316,3.8885822,0.14650485
162,205,-3.9935472,2.8597112,3.9799716,-3.8484974,2.8516817,3.8248882,0.18272498
162,207,-3.9935472,2.8597112,3.9799716,-3.857924,3.0219877,3.4338005,0.06803995
162,251,-3.9935472,2.8597112,3.9799716,-4.2514133,3.2699108,3.8119323,0.17637995
163,149,-3.78346,4.6043262,-0.5858149,-4.1019945,4.67307,-0.27672222,0.31123665
163,159,-3.78346,4.6043262,-0.5858149,-4.2506227,4.506903,0.044990595,0.27177104
163,161,-3.78346,4.6043262,-0.5858149,-3.8842146,4.632093,-0.37960035,0.7582176
163,166,-3.78346,4.6043262,-0.5858149,-4.374933,4.5930367,0.04182807,0.114396356
163,172,-3.78346,4.6043262,-0.5858149,-4.1636558,4.513152,0.15229234,0.08660487
163,174,-3.78346,4.6043262,-0.5858149,-4.17743,4.730951,-0.29485747,0.09172528
163,186,-3.78346,4.6043262,-0.5858149,-3.745269,4.8174124,-0.91357124,0.13351217
163,204,-3.78346,4.6043262,-0.5858149,-4.271085,4.894366,-0.5959218,0.069979206
163,211,-3.78346,4.6043262,-0.5858149,-3.6206236,4.8247776,-1.1934066,0.06777086
163,221,-3.78346,4.6043262,-0.5858149,-3.791735,4.6517286,-0.5862941,0.44528836
163,237,-3.78346,4.6043262,-0.5858149,-3.8088415,4.848114,-0.7955228,0.08710214
163,254,-3.78346,4.6043262,-0.5858149,-3.6226075,4.80218,-1.1703484,0.26826918
163,259,-3.78346,4.6043262,-0.5858149,-3.6942208,4.6823506,-0.6845507,1.0
163,262,-3.78346,4.6043262,-0.5858149,-3.892844,4.7799144,-0.5871446,0.37642905
164,148,-3.7835417,3.636165,2.5696545,-3.745649,3.2843413,2.575565,0.100130714
164,152,-3.7835417,3.636165,2.5696545,-3.973017,3.8441021,2.8048184,0.94443417
164,167,-3.7835417,3.636165,2.5696545,-4.1385903,4.0735326,2.5430021,0.058780856
164,173,-3.7835417,3.636165,2.5696545,-3.8003545,3.4258783,2.5209255,0.25105095
164,177,-3.7835417,3.636165,2.5696545,-3.8980122,3.9499445,2.6082432,1.0
164,195,-3.7835417,3.636165,2.5696545,-3.8122373,3.6994274,2.6476853,1.0
164,197,-3.7835417,3.636165,2.5696545,-3.910892,2.9924216,3.75184,0.09296653
164,218,-3.7835417,3.636165,2.5696545,-4.3393,4.0926447,2.1705635,0.04186115
164,220,-3.7835417,3.636165,2.5696545,-3.7979186,3.4121158,2.5477557,0.43644947
164,224,-3.7835417,3.636165,2.5696545,-3.899357,3.484056,2.3253663,0.09453545
164,226,-3.7835417,3.636165,2.5696545,-3.9217265,3.5717297,2.4162185,0.65777785
164,228,-3.7835417,3.636165,2.5696545,-4.159399,3.4746852,3.2900424,0.20932436
164,232,-3.7835417,3.636165,2.5696545,-3.9401472,3.6320245,2.6889462,0.3047036
164,236,-3.7835417,3.636165,2.5696545,-3.8882737,3.9615755,2.8338509,0.7658309
164,238,-3.7835417,3.636165,2.5696545,-4.151284,4.0221295,2.9124055,0.1861282
164,242,-3.7835417,3.636165,2.5696545,-3.761842,3.3685534,2.533515,0.32092083
164,255,-3.7835417,3.636165,2.5696545,-4.143964,3.8064482,3.4166076,0.08651075
164,260,-3.7835417,3.636165,2.5696545,-4.042843,3.7118225,2.7340434,0.11887933
164,261,-3.7835417,3.636165,2.5696545,-4.1041937,3.8050632,2.4589767,0.22066656
164,263,-3.7835417,3.636165,2.5696545,-3.9039545,4.1749253,2.089513,0.08827755
165,149,-4.4658203,4.7172885,0.41534463,-4.1019945,4.67307,-0.27672222,0.18894272
165,150,-4.4658203,4.7172885,0.41534463,-4.2360873,4.452453,0.5340996,0.09989
165,153,-4.4658203,4.7172885,0.41534463,-4.221402,4.5950365,1.1576822,0.2030451
165,159,-4.4658203,4.7172885,0.41534463,-4.2506227,4.506903,0.044990595,0.09443658
165,166,-4.4658203,4.7172885,0.41534463,-4.374933,4.5930367,0.04182807,0.09666068
165,172,-4.4658203,4.7172885,0.41534463,-4.1636558,4.513152,0.15229234,0.102098435
165,174,-4.4658203,4.7172885,0.41534463,-4.17743,4.730951,-0.29485747,0.58117956
165,175,-4.4658203,4.7172885,0.41534463,-4.3015156,4.6594114,1.0442945,0.99999994
165,179,-4.4658203,4.7172885,0.41534463,-4.571914,4.6284122,0.71254724,1.0
165,180,-4.4658203,4.7172885,0.41534463,-3.7408388,4.835691,0.08231247,0.10420293
165,192,-4.4658203,4.7172885,0.41534463,-4.2113037,5.0073223,-0.8903294,0.06628959
165,196,-4.4658203,4.7172885,0.41534463,-4.529231,4.5781426,0.524425,0.4383332
165,198,-4.4658203,4.7172885,0.41534463,-4.620432,4.813646,0.5192711,0.41196603
165,204,-4.4658203,4.7172885,0.41534463,-4.271085,4.894366,-0.5959218,0.3992846
165,206,-4.4658203,4.7172885,0.41534463,-4.2376256,4.541178,1.1874328,0.29014122
165,213,-4.4658203,4.7172885,0.41534463,-4.280832,4.799811,-0.41143784,0.4186407
165,216,-4.4658203,4.7172885,0.41534463,-4.4634733,4.679752,1.0922396,0.5229937
165,225,-4.4658203,4.7172885,0.41534463,-4.128656,4.8714237,-0.8450116,0.08264621
165,227,-4.4658203,4.7172885,0.41534463,-4.1448073,5.0353684,-0.784571,0.28393066
165,231,-4.4658203,4.7172885,0.41534463,-4.618497,4.6199846,0.44851848,0.11345457
165,239,-4.4658203,4.7172885,0.41534463,-4.2633023,5.126459,-0.90806466,0.11820747
165,247,-4.4658203,4.7172885,0.41534463,-4.2818494,4.830991,-0.4274453,0.64203554
165,253,-4.4658203,4.7172885,0.41534463,-4.6303077,4.356958,1.2646945,0.07696454
166,149,-4.374933,4.5930367,0.04182807,-4.1019945,4.67307,-0.27672222,0.99999994
166,150,-4.374933,4.5930367,0.04182807,-4.2360873,4.452453,0.5340996,0.2396075
166,159,-4.374933,4.5930367,0.04182807,-4.2506227,4.506903,0.044990595,0.7243677
166,161,-4.374933,4.5930367,0.04182807,-3.8842146,4.632093,-0.37960035,0.06594888
166,163,-4.374933,4.5930367,0.04182807,-3.78346,4.6043262,-0.5858149,0.114396356
166,165,-4.374933,4.5930367,0.04182807,-4.4658203,4.7172885,0.41534463,0.09666068
166,172,-4.374933,4.5930367,0.04182807,-4.1636558,4.513152,0.15229234,0.36222038
166,174,-4.374933,4.5930367,0.04182807,-4.17743,4.730951,-0.29485747,0.42809477
166,179,-4.374933,4.5930367,0.04182807,-4.571914,4.6284122,0.71254724,0.05867847
166,196,-4.374933,4.5930367,0.04182807,-4.529231,4.5781426,0.524425,0.3945721
166,204,-4.374933,4.5930367,0.04182807,-4.271085,4.894366,-0.5959218,0.12012993
166,213,-4.374933,4.5930367,0.04182807,-4.280832,4.799811,-0.41143784,0.5421902
166,231,-4.374933,4.5930367,0.04182807,-4.618497,4.6199846,0.44851848,0.9742216
166,247,-4.374933,4.5930367,0.04182807,-4.2818494,4.830991,-0.4274453,0.025932936
166,262,-4.374933,4.5930367,0.04182807,-3.892844,4.7799144,-0.5871446,0.05859874
167,152,-4.1385903,4.0735326,2.5430021,-3.973017,3.8441021,2.8048184,0.43834907
167,164,-4.1385903,4.0735326,2.5430021,-3.7835417,3.636165,2.5696545,0.058780856
167,170,-4.1385903,4.0735326,2.5430021,-4.378089,3.656,3.3191671,0.10835871
167,171,-4.1385903,4.0735326,2.5430021,-4.0093493,4.3117995,1.408874,0.4519345
167,177,-4.1385903,4.0735326,2.5430021,-3.8980122,3.9499445,2.6082432,0.15133964
167,181,-4.1385903,4.0735326,2.5430021,-4.394031,3.581034,3.448827,0.10036547
167,190,-4.1385903,4.0735326,2.5430021,-4.425003,3.7410045,3.3039408,0.34832
167,193,-4.1385903,4.0735326,2.5430021,-4.3711505,3.6919017,3.2087283,0.141888
167,195,-4.1385903,4.0735326,2.5430021,-3.8122373,3.6994274,2.6476853,0.14527434
167,199,-4.1385903,4.0735326,2.5430021,-4.216268,4.0215526,2.420685,0.6899303
167,200,-4.1385903,4.0735326,2.5430021,-4.1074424,4.520471,1.336639,0.10245511
167,202,-4.1385903,4.0735326,2.5430021,-4.257735,4.5021877,1.587496,0.31518978
167,209,-4.1385903,4.0735326,2.5430021,-4.3286543,3.884116,2.7559273,0.17927445
167,212,-4.1385903,4.0735326,2.5430021,-4.3654947,3.8617852,3.2031138,0.19144335
167,217,-4.1385903,4.0735326,2.5430021,-4.1463413,4.3141227,1.2898979,0.34552798
167,218,-4.1385903,4.0735326,2.5430021,-4.3393,4.0926447,2.1705635,0.08204919
167,222,-4.1385903,4.0735326,2.5430021,-4.2211423,3.6513627,3.0159147,0.25749767
167,230,-4.1385903,4.0735326,2.5430021,-4.480153,3.888685,3.3191183,0.17307292
167,236,-4.1385903,4.0735326,2.5430021,-3.8882737,3.9615755,2.8338509,0.42956853
167,238,-4.1385903,4.0735326,2.5430021,-4.151284,4.0221295,2.9124055,1.0
167,255,-4.1385903,4.0735326,2.5430021,-4.143964,3.8064482,3.4166076,0.12976123
167,260,-4.1385903,4.0735326,2.5430021,-4.042843,3.7118225,2.7340434,0.13372721
167,261,-4.1385903,4.0735326,2.5430021,-4.1041937,3.8050632,2.4589767,0.45827296
167,263,-4.1385903,4.0735326,2.5430021,-3.9039545,4.1749253,2.089513,0.8477454
168,148,-3.7817118,3.0145872,3.4176698,-3.745649,3.2843413,2.575565,0.27083746
168,158,-3.7817118,3.0145872,3.4176698,-4.166904,3.5291386,3.1175838,0.018388152
168,160,-3.7817118,3.0145872,3.4176698,-3.7310452,2.8748763,3.704944,0.90075326
168,173,-3.7817118,3.0145872,3.4176698,-3.8003545,3.4258783,2.5209255,0.23260969
168,187,-3.7817118,3.0145872,3.4176698,-3.8914936,2.884661,3.774079,0.099840716
168,191,-3.7817118,3.0145872,3.4176698,-3.79058,2.786886,3.8338008,0.18731077
168,197,-3.7817118,3.0145872,3.4176698,-3.910892,2.9924216,3.75184,1.0
168,205,-3.7817118,3.0145872,3.4176698,-3.8484974,2.8516817,3.8248882,0.0799589
168,207,-3.7817118,3.0145872,3.4176698,-3.857924,3.0219877,3.4338005,0.91992176
168,218,-3.7817118,3.0145872,3.4176698,-4.3393,4.0926447,2.1705635,0.18662028
168,220,-3.7817118,3.0145872,3.4176698,-3.7979186,3.4121158,2.5477557,0.28628054
168,224,-3.7817118,3.0145872,3.4176698,-3.899357,3.484056,2.3253663,0.14847638
168,226,-3.7817118,3.0145872,3.4176698,-3.9217265,3.5717297,2.4162185,0.14511967
168,236,-3.7817118,3.0145872,3.4176698,-3.8882737,3.9615755,2.8338509,0.07060971
168,242,-3.7817118,3.0145872,3.4176698,-3.761842,3.3685534,2.533515,0.06838532
168,255,-3.7817118,3.0145872,3.4176698,-4.143964,3.8064482,3.4166076,0.069349624
168,257,-3.7817118,3.0145872,3.4176698,-3.960618,3.1467242,3.3123083,0.87713253
169,153,-3.97832,4.533224,1.1654712,-4.221402,4.5950365,1.1576822,0.2891802
169,155,-3.97832,4.533224,1.1654712,-4.008947,4.423037,1.2317771,0.96876204
169,171,-3.97832,4.533224,1.1654712,-4.0093493,4.3117995,1.408874,0.54735035
169,182,-3.97832,4.533224,1.1654712,-3.8498662,4.654535,0.79276514,0.4693214
169,184,-3.97832,4.533224,1.1654712,-3.9856439,4.5058722,0.47964877,0.17825282
169,194,-3.97832,4.533224,1.1654712,-3.8797722,4.598453,0.9250966,1.0
169,200,-3.97832,4.533224,1.1654712,-4.1074424,4.520471,1.336639,0.3433498
169,202,-3.97832,4.533224,1.1654712,-4.257735,4.5021877,1.587496,0.086998284
169,215,-3.97832,4.533224,1.1654712,-4.28532,4.6682076,1.2897747,0.34960333
169,216,-3.97832,4.533224,1.1654712,-4.4634733,4.679752,1.0922396,0.152359
169,217,-3.97832,4.533224,1.1654712,-4.1463413,4.3141227,1.2898979,0.08895533
169,218,-3.97832,4.533224,1.1654712,-4.3393,4.0926447,2.1705635,0.06615239
169,234,-3.97832,4.533224,1.1654712,-4.416983,4.309493,1.650405,0.117674135
169,240,-3.97832,4.533224,1.1654712,-4.4720516,4.3489637,1.3768005,0.21250385
169,246,-3.97832,4.533224,1.1654712,-4.238398,4.4086924,1.3851926,1.0
169,248,-3.97832,4.533224,1.1654712,-3.7543917,4.6686993,0.49681652,0.26528174
169,263,-3.97832,4.533224,1.1654712,-3.9039545,4.1749253,2.089513,0.07000988
170,154,-4.378089,3.656,3.3191671,-4.048519,2.898631,3.8817124,0.08201647
170,156,-4.378089,3.656,3.3191671,-4.336612,3.465125,3.6546683,0.43651485
170,158,-4.378089,3.656,3.3191671,-4.166904,3.5291386,3.1175838,0.17437325
170,167,-4.378089,3.656,3.3191671,-4.1385903,4.0735326,2.5430021,0.10835871
170,176,-4.378089,3.656,3.3191671,-4.2633066,3.3348503,3.7855084,0.119296625
170,181,-4.378089,3.656,3.3191671,-4.394031,3.581034,3.448827,1.0
170,190,-4.378089,3.656,3.3191671,-4.425003,3.7410045,3.3039408,0.6489113
170,193,-4.378089,3.656,3.3191671,-4.3711505,3.6919017,3.2087283,0.99999994
170,212,-4.378089,3.656,3.3191671,-4.3654947,3.8617852,3.2031138,0.13636774
170,222,-4.378089,3.656,3.3191671,-4.2211423,3.6513627,3.0159147,0.25932083
170,228,-4.378089,3.656,3.3191671,-4.159399,3.4746852,3.2900424,0.25674066
170,230,-4.378089,3.656,3.3191671,-4.480153,3.888685,3.3191183,0.08907551
170,251,-4.378089,3.656,3.3191671,-4.2514133,3.2699108,3.8119323,0.08774072
170,260,-4.378089,3.656,3.3191671,-4.042843,3.7118225,2.7340434,0.09204999
171,150,-4.0093493,4.3117995,1.408874,-4.2360873,4.452453,0.5340996,0.19147448
171,153,-4.0093493,4.3117995,1.408874,-4.221402,4.5950365,1.1576822,0.45625904
171,155,-4.0093493,4.3117995,1.408874,-4.008947,4.423037,1.2317771,1.0
171,167,-4.0093493,4.3117995,1.408874,-4.1385903,4.0735326,2.5430021,0.4519345
171,169,-4.0093493,4.3117995,1.408874,-3.97832,4.533224,1.1654712,0.54735035
171,175,-4.0093493,4.3117995,1.408874,-4.3015156,4.6594114,1.0442945,0.045223746
171,177,-4.0093493,4.3117995,1.408874,-3.8980122,3.9499445,2.6082432,0.051690117
171,182,-4.0093493,4.3117995,1.408874,-3.8498662,4.654535,0.79276514,0.04094527
171,184,-4.0093493,4.3117995,1.408874,-3.9856439,4.5058722,0.47964877,0.14141919
171,194,-4.0093493,4.3117995,1.408874,-3.8797722,4.598453,0.9250966,0.4429198
171,199,-4.0093493,4.3117995,1.408874,-4.216268,4.0215526,2.420685,0.09794651
171,200,-4.0093493,4.3117995,1.408874,-4.1074424,4.520471,1.336639,0.34503147
171,202,-4.0093493,4.3117995,1.408874,-4.257735,4.5021877,1.587496,0.39987382
171,206,-4.0093493,4.3117995,1.408874,-4.2376256,4.541178,1.1874328,0.16965753
171,214,-4.0093493,4.3117995,1.408874,-4.468477,4.175781,1.7760015,0.056988254
171,215,-4.0093493,4.3117995,1.408874,-4.28532,4.6682076,1.2897747,0.0756861
171,217,-4.0093493,4.3117995,1.408874,-4.1463413,4.3141227,1.2898979,1.0
171,218,-4.0093493,4.3117995,1.408874,-4.3393,4.0926447,2.1705635,0.13876747
171,234,-4.0093493,4.3117995,1.408874,-4.416983,4.309493,1.650405,0.36169875
171,238,-4.0093493,4.3117995,1.408874,-4.151284,4.0221295,2.9124055,0.19463503
171,246,-4.0093493,4.3117995,1.408874,-4.238398,4.4086924,1.3851926,0.62328273
171,248,-4.0093493,4.3117995,1.408874,-3.7543917,4.6686993,0.49681652,0.060739413
171,252,-4.0093493,4.3117995,1.408874,-4.0593534,4.489809,0.39153498,0.14010455
171,263,-4.0093493,4.3117995,1.408874,-3.9039545,4.1749253,2.089513,1.0
172,149,-4.1636558,4.513152,0.15229234,-4.1019945,4.67307,-0.27672222,0.5724368
172,150,-4.1636558,4.513152,0.15229234,-4.2360873,4.452453,0.5340996,0.9546717
172,153,-4.1636558,4.513152,0.15229234,-4.221402,4.5950365,1.1576822,0.079930715
172,155,-4.1636558,4.513152,0.15229234,-4.008947,4.423037,1.2317771,0.07856972
172,157,-4.1636558,4.513152,0.15229234,-3.7973628,4.6982503,0.102790274,0.22110613
172,159,-4.1636558,4.513152,0.15229234,-4.2506227,4.506903,0.044990595,1.0
172,161,-4.1636558,4.513152,0.15229234,-3.8842146,4.632093,-0.37960035,0.43103793
172,163,-4.1636558,4.513152,0.15229234,-3.78346,4.6043262,-0.5858149,0.08660487
172,165,-4.1636558,4.513152,0.15229234,-4.4658203,4.7172885,0.41534463,0.102098435
172,166,-4.1636558,4.513152,0.15229234,-4.374933,4.5930367,0.04182807,0.36222038
172,174,-4.1636558,4.513152,0.15229234,-4.17743,4.730951,-0.29485747,0.18715538
172,184,-4.1636558,4.513152,0.15229234,-3.9856439,4.5058722,0.47964877,0.2020172
172,206,-4.1636558,4.513152,0.15229234,-4.2376256,4.541178,1.1874328,0.07852407
172,217,-4.1636558,4.513152,0.15229234,-4.1463413,4.3141227,1.2898979,0.11487509
172,248,-4.1636558,4.513152,0.15229234,-3.7543917,4.6686993,0.49681652,0.2675897
172,252,-4.1636558,4.513152,0.15229234,-4.0593534,4.489809,0.39153498,0.7764834
172,264,-4.1636558,4.513152,0.15229234,-3.8505707,4.617269,0.24272771,0.1370262
173,148,-3.8003545,3.4258783,2.5209255,-3.745649,3.2843413,2.575565,1.0
173,151,-3.8003545,3.4258783,2.5209255,-3.8642476,3.200863,3.1331284,0.26724568
173,152,-3.8003545,3.4258783,2.5209255,-3.973017,3.8441021,2.8048184,0.070421584
173,160,-3.8003545,3.4258783,2.5209255,-3.7310452,2.8748763,3.704944,0.06474397
173,164,-3.8003545,3.4258783,2.5209255,-3.7835417,3.636165,2.5696545,0.25105095
173,168,-3.8003545,3.4258783,2.5209255,-3.7817118,3.0145872,3.4176698,0.23260969
173,188,-3.8003545,3.4258783,2.5209255,-4.5983887,4.17564,1.611961,0.053932283
173,195,-3.8003545,3.4258783,2.5209255,-3.8122373,3.6994274,2.6476853,0.29593265
173,214,-3.8003545,3.4258783,2.5209255,-4.468477,4.175781,1.7760015,0.070229486
173,220,-3.8003545,3.4258783,2.5209255,-3.7979186,3.4121158,2.5477557,1.0
173,224,-3.8003545,3.4258783,2.5209255,-3.899357,3.484056,2.3253663,1.0
173,226,-3.8003545,3.4258783,2.5209255,-3.9217265,3.5717297,2.4162185,0.99999994
173,232,-3.8003545,3.4258783,2.5209255,-3.9401472,3.6320245,2.6889462,0.341961
173,236,-3.8003545,3.4258783,2.5209255,-3.8882737,3.9615755,2.8338509,0.08832008
173,242,-3.8003545,3.4258783,2.5209255,-3.761842,3.3685534,2.533515,0.8112018
173,261,-3.8003545,3.4258783,2.5209255,-4.1041937,3.8050632,2.4589767,0.09862622
174,149,-4.17743,4.730951,-0.29485747,-4.1019945,4.67307,-0.27672222,1.0
174,157,-4.17743,4.730951,-0.29485747,-3.7973628,4.6982503,0.102790274,0.2673375
174,159,-4.17743,4.730951,-0.29485747,-4.2506227,4.506903,0.044990595,0.18138158
174,161,-4.17743,4.730951,-0.29485747,-3.8842146,4.632093,-0.37960035,0.3895753
174,163,-4.17743,4.730951,-0.29485747,-3.78346,4.6043262,-0.5858149,0.09172528
174,165,-4.17743,4.730951,-0.29485747,-4.4658203,4.7172885,0.41534463,0.58117956
174,166,-4.17743,4.730951,-0.29485747,-4.374933,4.5930367,0.04182807,0.42809477
174,172,-4.17743,4.730951,-0.29485747,-4.1636558,4.513152,0.15229234,0.18715538
174,180,-4.17743,4.730951,-0.29485747,-3.7408388,4.835691,0.08231247,0.1201923
174,186,-4.17743,4.730951,-0.29485747,-3.745269,4.8174124,-0.91357124,0.18074673
174,189,-4.17743,4.730951,-0.29485747,-4.0229793,4.942223,-0.6830569,0.50527364
174,192,-4.17743,4.730951,-0.29485747,-4.2113037,5.0073223,-0.8903294,0.20859101
174,204,-4.17743,4.730951,-0.29485747,-4.271085,4.894366,-0.5959218,0.7941922
174,213,-4.17743,4.730951,-0.29485747,-4.280832,4.799811,-0.41143784,0.8363273
174,221,-4.17743,4.730951,-0.29485747,-3.791735,4.6517286,-0.5862941,0.07475193
174,225,-4.17743,4.730951,-0.29485747,-4.128656,4.8714237,-0.8450116,0.35268176
174,227,-4.17743,4.730951,-0.29485747,-4.1448073,5.0353684,-0.784571,0.25971508
174,231,-4.17743,4.730951,-0.29485747,-4.618497,4.6199846,0.44851848,0.15104854
174,237,-4.17743,4.730951,-0.29485747,-3.8088415,4.848114,-0.7955228,0.21454498
174,239,-4.17743,4.730951,-0.29485747,-4.2633023,5.126459,-0.90806466,0.077328674
174,247,-4.17743,4.730951,-0.29485747,-4.2818494,4.830991,-0.4274453,0.1788653
174,250,-4.17743,4.730951,-0.29485747,-4.107379,4.8669324,-0.8025581,0.2568548
174,262,-4.17743,4.730951,-0.29485747,-3.892844,4.7799144,-0.5871446,0.5844742
174,264,-4.17743,4.730951,-0.29485747,-3.8505707,4.617269,0.24272771,0.20621318
175,153,-4.3015156,4.6594114,1.0442945,-4.221402,4.5950365,1.1576822,1.0
175,155,-4.3015156,4.6594114,1.0442945,-4.008947,4.423037,1.2317771,0.12678349
175,165,-4.3015156,4.6594114,1.0442945,-4.4658203,4.7172885,0.41534463,0.99999994
175,171,-4.3015156,4.6594114,1.0442945,-4.0093493,4.3117995,1.408874,0.045223746
175,179,-4.3015156,4.6594114,1.0442945,-4.571914,4.6284122,0.71254724,0.37336487
175,180,-4.3015156,4.6594114,1.0442945,-3.7408388,4.835691,0.08231247,0.1793228
175,182,-4.3015156,4.6594114,1.0442945,-3.8498662,4.654535,0.79276514,0.05884791
175,194,-4.3015156,4.6594114,1.0442945,-3.8797722,4.598453,0.9250966,0.041264873
175,196,-4.3015156,4.6594114,1.0442945,-4.529231,4.5781426,0.524425,0.12417565
175,198,-4.3015156,4.6594114,1.0442945,-4.620432,4.813646,0.5192711,0.12137779
175,200,-4.3015156,4.6594114,1.0442945,-4.1074424,4.520471,1.336639,0.23788977
175,202,-4.3015156,4.6594114,1.0442945,-4.257735,4.5021877,1.587496,0.208701
175,206,-4.3015156,4.6594114,1.0442945,-4.2376256,4.541178,1.1874328,0.9664885
175,215,-4.3015156,4.6594114,1.0442945,-4.28532,4.6682076,1.2897747,0.5079825
175,216,-4.3015156,4.6594114,1.0442945,-4.4634733,4.679752,1.0922396,0.99999994
175,217,-4.3015156,4.6594114,1.0442945,-4.1463413,4.3141227,1.2898979,0.21641633
175,234,-4.3015156,4.6594114,1.0442945,-4.416983,4.309493,1.650405,0.10393159
175,241,-4.3015156,4.6594114,1.0442945,-4.4250336,4.277188,1.8913126,0.053217765
175,247,-4.3015156,4.6594114,1.0442945,-4.2818494,4.830991,-0.4274453,0.14592579
175,248,-4.3015156,4.6594114,1.0442945,-3.7543917,4.6686993,0.49681652,0.06142983
176,152,-4.2633066,3.3348503,3.7855084,-3.973017,3.8441021,2.8048184,0.17197777
176,154,-4.2633066,3.3348503,3.7855084,-4.048519,2.898631,3.8817124,0.29297283
176,156,-4.2633066,3.3348503,3.7855084,-4.336612,3.465125,3.6546683,0.61451733
176,162,-4.2633066,3.3348503,3.7855084,-3.9935472,2.8597112,3.9799716,0.08265995
176,170,-4.2633066,3.3348503,3.7855084,-4.378089,3.656,3.3191671,0.119296625
176,177,-4.2633066,3.3348503,3.7855084,-3.8980122,3.9499445,2.6082432,0.07529195
176,181,-4.2633066,3.3348503,3.7855084,-4.394031,3.581034,3.448827,0.46643162
176,183,-4.2633066,3.3348503,3.7855084,-3.9723637,2.8953764,3.8732002,0.20120125
176,185,-4.2633066,3.3348503,3.7855084,-3.880943,2.7660556,3.9783556,0.066601336
176,197,-4.2633066,3.3348503,3.7855084,-3.910892,2.9924216,3.75184,0.15070611
176,201,-4.2633066,3.3348503,3.7855084,-4.027583,2.9678836,3.889951,0.2386607
176,203,-4.2633066,3.3348503,3.7855084,-4.1459193,3.1558316,3.8885822,0.79341274
176,228,-4.2633066,3.3348503,3.7855084,-4.159399,3.4746852,3.2900424,0.33406234
176,236,-4.2633066,3.3348503,3.7855084,-3.8882737,3.9615755,2.8338509,0.16121642
176,238,-4.2633066,3.3348503,3.7855084,-4.151284,4.0221295,2.9124055,0.15642656
176,249,-4.2633066,3.3348503,3.7855084,-4.296111,3.4337256,3.754147,1.0
176,251,-4.2633066,3.3348503,3.7855084,-4.2514133,3.2699108,3.8119323,1.0
176,255,-4.2633066,3.3348503,3.7855084,-4.143964,3.8064482,3.4166076,0.3029612
177,152,-3.8980122,3.9499445,2.6082432,-3.973017,3.8441021,2.8048184,0.7641827
177,164,-3.8980122,3.9499445,2.6082432,-3.7835417,3.636165,2.5696545,1.0
177,167,-3.8980122,3.9499445,2.6082432,-4.1385903,4.0735326,2.5430021,0.15133964
177,171,-3.8980122,3.9499445,2.6082432,-4.0093493,4.3117995,1.408874,0.051690117
177,176,-3.8980122,3.9499445,2.6082432,-4.2633066,3.3348503,3.7855084,0.07529195
177,193,-3.8980122,3.9499445,2.6082432,-4.3711505,3.6919017,3.2087283,0.052688155
177,195,-3.8980122,3.9499445,2.6082432,-3.8122373,3.6994274,2.6476853,0.59231186
177,226,-3.8980122,3.9499445,2.6082432,-3.9217265,3.5717297,2.4162185,0.04643887
177,228,-3.8980122,3.9499445,2.6082432,-4.159399,3.4746852,3.2900424,0.085832626
177,232,-3.8980122,3.9499445,2.6082432,-3.9401472,3.6320245,2.6889462,0.062777944
177,236,-3.8980122,3.9499445,2.6082432,-3.8882737,3.9615755,2.8338509,0.2663148
177,238,-3.8980122,3.9499445,2.6082432,-4.151284,4.0221295,2.9124055,0.14608188
177,242,-3.8980122,3.9499445,2.6082432,-3.761842,3.3685534,2.533515,0.06380014
177,251,-3.8980122,3.9499445,2.6082432,-4.2514133,3.2699108,3.8119323,0.03039474
177,261,-3.8980122,3.9499445,2.6082432,-4.1041937,3.8050632,2.4589767,0.03840795
177,263,-3.8980122,3.9499445,2.6082432,-3.9039545,4.1749253,2.089513,0.8174414
178,147,-3.644343,4.8848004,-1.7123351,-3.7844005,4.9848604,-1.3346914,0.11794226
178,208,-3.644343,4.8848004,-1.7123351,-3.7625196,4.880652,-1.5609525,0.42068413
178,210,-3.644343,4.8848004,-1.7123351,-3.6662252,4.9066887,-1.255424,0.11696546
178,221,-3.644343,4.8848004,-1.7123351,-3.791735,4.6517286,-0.5862941,0.14597628
178,225,-3.644343,4.8848004,-1.7123351,-4.128656,4.8714237,-0.8450116,0.13668637
178,229,-3.644343,4.8848004,-1.7123351,-3.8621202,5.0623713,-1.4352103,0.15672438
178,233,-3.644343,4.8848004,-1.7123351,-3.8150144,5.004103,-1.4995077,0.25129417
178,235,-3.644343,4.8848004,-1.7123351,-3.8584778,5.0326524,-1.5172952,0.2112636
178,243,-3.644343,4.8848004,-1.7123351,-4.100326,5.167046,-1.1716694,0.1047602
178,245,-3.644343,4.8848004,-1.7123351,-3.7166715,4.9059734,-1.6551069,0.99999994
178,250,-3.644343,4.8848004,-1.7123351,-4.107379,4.8669324,-0.8025581,0.1797341
178,254,-3.644343,4.8848004,-1.7123351,-3.6226075,4.80218,-1.1703484,0.1079638
178,256,-3.644343,4.8848004,-1.7123351,-3.86573,5.0511727,-1.38969,0.17406346
178,258,-3.644343,4.8848004,-1.7123351,-3.6999125,4.873942,-1.6510993,0.8231708
179,150,-4.571914,4.6284122,0.71254724,-4.2360873,4.452453,0.5340996,0.23543984
179,153,-4.571914,4.6284122,0.71254724,-4.221402,4.5950365,1.1576822,0.14088386
179,165,-4.571914,4.6284122,0.71254724,-4.4658203,4.7172885,0.41534463,1.0
179,166,-4.571914,4.6284122,0.71254724,-4.374933,4.5930367,0.04182807,0.05867847
179,175,-4.571914,4.6284122,0.71254724,-4.3015156,4.6594114,1.0442945,0.37336487
179,188,-4.571914,4.6284122,0.71254724,-4.5983887,4.17564,1.611961,0.08590627
179,196,-4.571914,4.6284122,0.71254724,-4.529231,4.5781426,0.524425,1.0
179,198,-4.571914,4.6284122,0.71254724,-4.620432,4.813646,0.5192711,1.0
179,204,-4.571914,4.6284122,0.71254724,-4.271085,4.894366,-0.5959218,0.04149991
179,206,-4.571914,4.6284122,0.71254724,-4.2376256,4.541178,1.1874328,0.13307951
179,216,-4.571914,4.6284122,0.71254724,-4.4634733,4.679752,1.0922396,0.45154604
179,217,-4.571914,4.6284122,0.71254724,-4.1463413,4.3141227,1.2898979,0.16958942
179,231,-4.571914,4.6284122,0.71254724,-4.618497,4.6199846,0.44851848,0.7901072
179,234,-4.571914,4.6284122,0.71254724,-4.416983,4.309493,1.650405,0.47100025
179,240,-4.571914,4.6284122,0.71254724,-4.4720516,4.3489637,1.3768005,0.09377705
179,241,-4.571914,4.6284122,0.71254724,-4.4250336,4.277188,1.8913126,0.11161721
179,244,-4.571914,4.6284122,0.71254724,-4.5764804,4.236023,1.6337113,0.5952207
179,253,-4.571914,4.6284122,0.71254724,-4.6303077,4.356958,1.2646945,0.5631903
180,153,-3.7408388,4.835691,0.08231247,-4.221402,4.5950365,1.1576822,0.08925087
180,157,-3.7408388,4.835691,0.08231247,-3.7973628,4.6982503,0.102790274,0.99999994
180,165,-3.7408388,4.835691,0.08231247,-4.4658203,4.7172885,0.41534463,0.10420293
180,174,-3.7408388,4.835691,0.08231247,-4.17743,4.730951,-0.29485747,0.1201923
180,175,-3.7408388,4.835691,0.08231247,-4.3015156,4.6594114,1.0442945,0.1793228
180,182,-3.7408388,4.835691,0.08231247,-3.8498662,4.654535,0.79276514,0.49454498
180,186,-3.7408388,4.835691,0.08231247,-3.745269,4.8174124,-0.91357124,0.16180491
180,189,-3.7408388,4.835691,0.08231247,-4.0229793,4.942223,-0.6830569,0.3536312
180,192,-3.7408388,4.835691,0.08231247,-4.2113037,5.0073223,-0.8903294,0.27412948
180,194,-3.7408388,4.835691,0.08231247,-3.8797722,4.598453,0.9250966,0.02253135
180,216,-3.7408388,4.835691,0.08231247,-4.4634733,4.679752,1.0922396,0.35278726
180,223,-3.7408388,4.835691,0.08231247,-3.6440148,4.6997485,-0.6535732,0.24462125
180,227,-3.7408388,4.835691,0.08231247,-4.1448073,5.0353684,-0.784571,0.56468517
180,237,-3.7408388,4.835691,0.08231247,-3.8088415,4.848114,-0.7955228,0.5031288
180,240,-3.7408388,4.835691,0.08231247,-4.4720516,4.3489637,1.3768005,0.04760877
180,243,-3.7408388,4.835691,0.08231247,-4.100326,5.167046,-1.1716694,0.15364492
180,248,-3.7408388,4.835691,0.08231247,-3.7543917,4.6686993,0.49681652,0.68379176
180,264,-3.7408388,4.835691,0.08231247,-3.8505707,4.617269,0.24272771,0.42763886
181,156,-4.394031,3.581034,3.448827,-4.336612,3.465125,3.6546683,1.0
181,158,-4.394031,3.581034,3.448827,-4.166904,3.5291386,3.1175838,0.08474448
181,167,-4.394031,3.581034,3.448827,-4.1385903,4.0735326,2.5430021,0.10036547
181,170,-4.394031,3.581034,3.448827,-4.378089,3.656,3.3191671,1.0
181,176,-4.394031,3.581034,3.448827,-4.2633066,3.3348503,3.7855084,0.46643162
181,190,-4.394031,3.581034,3.448827,-4.425003,3.7410045,3.3039408,1.0
181,193,-4.394031,3.581034,3.448827,-4.3711505,3.6919017,3.2087283,0.633582
181,212,-4.394031,3.581034,3.448827,-4.3654947,3.8617852,3.2031138,0.22236189
181,222,-4.394031,3.581034,3.448827,-4.2211423,3.6513627,3.0159147,0.18201564
181,228,-4.394031,3.581034,3.448827,-4.159399,3.4746852,3.2900424,0.3804164
181,230,-4.394031,3.581034,3.448827,-4.480153,3.888685,3.3191183,0.06696973
181,238,-4.394031,3.581034,3.448827,-4.151284,4.0221295,2.9124055,0.09981849
181,249,-4.394031,3.581034,3.448827,-4.296111,3.4337256,3.754147,0.25061458
181,251,-4.394031,3.581034,3.448827,-4.2514133,3.2699108,3.8119323,0.18117219
182,153,-3.8498662,4.654535,0.79276514,-4.221402,4.5950365,1.1576822,0.10127933
182,155,-3.8498662,4.654535,0.79276514,-4.008947,4.423037,1.2317771,0.09817521
182,157,-3.8498662,4.654535,0.79276514,-3.7973628,4.6982503,0.102790274,0.08343279
182,169,-3.8498662,4.654535,0.79276514,-3.97832,4.533224,1.1654712,0.4693214
182,171,-3.8498662,4.654535,0.79276514,-4.0093493,4.3117995,1.408874,0.04094527
182,175,-3.8498662,4.654535,0.79276514,-4.3015156,4.6594114,1.0442945,0.05884791
182,180,-3.8498662,4.654535,0.79276514,-3.7408388,4.835691,0.08231247,0.49454498
182,194,-3.8498662,4.654535,0.79276514,-3.8797722,4.598453,0.9250966,1.0
182,200,-3.8498662,4.654535,0.79276514,-4.1074424,4.520471,1.336639,0.22741126
182,215,-3.8498662,4.654535,0.79276514,-4.28532,4.6682076,1.2897747,0.24116556
182,216,-3.8498662,4.654535,0.79276514,-4.4634733,4.679752,1.0922396,0.07753915
182,223,-3.8498662,4.654535,0.79276514,-3.6440148,4.6997485,-0.6535732,0.28977886
182,246,-3.8498662,4.654535,0.79276514,-4.238398,4.4086924,1.3851926,0.074006446
182,248,-3.8498662,4.654535,0.79276514,-3.7543917,4.6686993,0.49681652,0.7610307
183,146,-3.9723637,2.8953764,3.8732002,-3.893581,3.05006,3.4375284,0.2954467
183,151,-3.9723637,2.8953764,3.8732002,-3.8642476,3.200863,3.1331284,0.21856245
183,154,-3.9723637,2.8953764,3.8732002,-4.048519,2.898631,3.8817124,1.0
183,156,-3.9723637,2.8953764,3.8732002,-4.336612,3.465125,3.6546683,0.068539746
183,160,-3.9723637,2.8953764,3.8732002,-3.7310452,2.8748763,3.704944,0.080854096
183,162,-3.9723637,2.8953764,3.8732002,-3.9935472,2.8597112,3.9799716,0.54239345
183,176,-3.9723637,2.8953764,3.8732002,-4.2633066,3.3348503,3.7855084,0.20120125
183,185,-3.9723637,2.8953764,3.8732002,-3.880943,2.7660556,3.9783556,0.43324518
183,187,-3.9723637,2.8953764,3.8732002,-3.8914936,2.884661,3.774079,0.66919166
183,191,-3.9723637,2.8953764,3.8732002,-3.79058,2.786886,3.8338008,0.4035238
183,197,-3.9723637,2.8953764,3.8732002,-3.910892,2.9924216,3.75184,0.20408492
183,201,-3.9723637,2.8953764,3.8732002,-4.027583,2.9678836,3.889951,1.0
183,203,-3.9723637,2.8953764,3.8732002,-4.1459193,3.1558316,3.8885822,0.29541388
183,205,-3.9723637,2.8953764,3.8732002,-3.8484974,2.8516817,3.8248882,0.61651623
183,207,-3.9723637,2.8953764,3.8732002,-3.857924,3.0219877,3.4338005,0.073793955
183,251,-3.9723637,2.8953764,3.8732002,-4.2514133,3.2699108,3.8119323,0.5471165
184,150,-3.9856439,4.5058722,0.47964877,-4.2360873,4.452453,0.5340996,0.1412698
184,155,-3.9856439,4.5058722,0.47964877,-4.008947,4.423037,1.2317771,0.26628727
184,157,-3.9856439,4.5058722,0.47964877,-3.7973628,4.6982503,0.102790274,0.34261733
184,159,-3.9856439,4.5058722,0.47964877,-4.2506227,4.506903,0.044990595,0.10287107
184,169,-3.9856439,4.5058722,0.47964877,-3.97832,4.533224,1.1654712,0.17825282
184,171,-3.9856439,4.5058722,0.47964877,-4.0093493,4.3117995,1.408874,0.14141919
184,172,-3.9856439,4.5058722,0.47964877,-4.1636558,4.513152,0.15229234,0.2020172
184,194,-3.9856439,4.5058722,0.47964877,-3.8797722,4.598453,0.9250966,0.141116
184,240,-3.9856439,4.5058722,0.47964877,-4.4720516,4.3489637,1.3768005,0.15879971
184,246,-3.9856439,4.5058722,0.47964877,-4.238398,4.4086924,1.3851926,0.19585459
184,248,-3.9856439,4.5058722,0.47964877,-3.7543917,4.6686993,0.49681652,0.34624127
184,252,-3.9856439,4.5058722,0.47964877,-4.0593534,4.489809,0.39153498,1.0
184,253,-3.9856439,4.5058722,0.47964877,-4.6303077,4.356958,1.2646945,0.13285947
184,263,-3.9856439,4.5058722,0.47964877,-3.9039545,4.1749253,2.089513,0.1171756
184,264,-3.9856439,4.5058722,0.47964877,-3.8505707,4.617269,0.24272771,0.84149814
185,146,-3.880943,2.7660556,3.9783556,-3.893581,3.05006,3.4375284,0.06294753
185,154,-3.880943,2.7660556,3.9783556,-4.048519,2.898631,3.8817124,0.41279125
185,160,-3.880943,2.7660556,3.9783556,-3.7310452,2.8748763,3.704944,0.13349707
185,162,-3.880943,2.7660556,3.9783556,-3.9935472,2.8597112,3.9799716,1.0
185,176,-3.880943,2.7660556,3.9783556,-4.2633066,3.3348503,3.7855084,0.066601336
185,183,-3.880943,2.7660556,3.9783556,-3.9723637,2.8953764,3.8732002,0.43324518
185,187,-3.880943,2.7660556,3.9783556,-3.8914936,2.884661,3.774079,0.2465125
185,191,-3.880943,2.7660556,3.9783556,-3.79058,2.786886,3.8338008,0.32718867
185,197,-3.880943,2.7660556,3.9783556,-3.910892,2.9924216,3.75184,0.13186534
185,201,-3.880943,2.7660556,3.9783556,-4.027583,2.9678836,3.889951,0.5714807
185,203,-3.880943,2.7660556,3.9783556,-4.1459193,3.1558316,3.8885822,0.16980536
185,205,-3.880943,2.7660556,3.9783556,-3.8484974,2.8516817,3.8248882,0.42221558
185,207,-3.880943,2.7660556,3.9783556,-3.857924,3.0219877,3.4338005,0.08962758
185,251,-3.880943,2.7660556,3.9783556,-4.2514133,3.2699108,3.8119323,0.13680792
186,147,-3.745269,4.8174124,-0.91357124,-3.7844005,4.9848604,-1.3346914,0.473692
186,149,-3.745269,4.8174124,-0.91357124,-4.1019945,4.67307,-0.27672222,0.08647569
186,157,-3.745269,4.8174124,-0.91357124,-3.7973628,4.6982503,0.102790274,0.06433246
186,161,-3.745269,4.8174124,-0.91357124,-3.8842146,4.632093,-0.37960035,0.11447862
186,163,-3.745269,4.8174124,-0.91357124,-3.78346,4.6043262,-0.5858149,0.13351217
186,174,-3.745269,4.8174124,-0.91357124,-4.17743,4.730951,-0.29485747,0.18074673
186,180,-3.745269,4.8174124,-0.91357124,-3.7408388,4.835691,0.08231247,0.16180491
186,189,-3.745269,4.8174124,-0.91357124,-4.0229793,4.942223,-0.6830569,0.5278938
186,192,-3.745269,4.8174124,-0.91357124,-4.2113037,5.0073223,-0.8903294,0.4079275
186,204,-3.745269,4.8174124,-0.91357124,-4.271085,4.894366,-0.5959218,0.35922068
186,210,-3.745269,4.8174124,-0.91357124,-3.6662252,4.9066887,-1.255424,0.29004455
186,211,-3.745269,4.8174124,-0.91357124,-3.6206236,4.8247776,-1.1934066,0.5930857
186,213,-3.745269,4.8174124,-0.91357124,-4.280832,4.799811,-0.41143784,0.12415606
186,219,-3.745269,4.8174124,-0.91357124,-3.6309638,4.8247485,-1.1474721,0.5035995
186,221,-3.745269,4.8174124,-0.91357124,-3.791735,4.6517286,-0.5862941,0.2965552
186,223,-3.745269,4.8174124,-0.91357124,-3.6440148,4.6997485,-0.6535732,0.2866487
186,225,-3.745269,4.8174124,-0.91357124,-4.128656,4.8714237,-0.8450116,0.10381079
186,227,-3.745269,4.8174124,-0.91357124,-4.1448073,5.0353684,-0.784571,0.35460806
186,229,-3.745269,4.8174124,-0.91357124,-3.8621202,5.0623713,-1.4352103,0.09718412
186,233,-3.745269,4.8174124,-0.91357124,-3.8150144,5.004103,-1.4995077,0.09237522
186,235,-3.745269,4.8174124,-0.91357124,-3.8584778,5.0326524,-1.5172952,0.10103994
186,237,-3.745269,4.8174124,-0.91357124,-3.8088415,4.848114,-0.7955228,1.0
186,243,-3.745269,4.8174124,-0.91357124,-4.100326,5.167046,-1.1716694,0.05138922
186,247,-3.745269,4.8174124,-0.91357124,-4.2818494,4.830991,-0.4274453,0.18642434
186,254,-3.745269,4.8174124,-0.91357124,-3.6226075,4.80218,-1.1703484,0.51624966
186,256,-3.745269,4.8174124,-0.91357124,-3.86573,5.0511727,-1.38969,0.18836455
186,259,-3.745269,4.8174124,-0.91357124,-3.6942208,4.6823506,-0.6845507,0.79575676
186,262,-3.745269,4.8174124,-0.91357124,-3.892844,4.7799144,-0.5871446,0.7852856
187,146,-3.8914936,2.884661,3.774079,-3.893581,3.05006,3.4375284,0.51758933
187,151,-3.8914936,2.884661,3.774079,-3.8642476,3.200863,3.1331284,0.46227843
187,154,-3.8914936,2.884661,3.774079,-4.048519,2.898631,3.8817124,0.41481772
187,158,-3.8914936,2.884661,3.774079,-4.166904,3.5291386,3.1175838,0.18111585
187,160,-3.8914936,2.884661,3.774079,-3.7310452,2.8748763,3.704944,0.3388023
187,162,-3.8914936,2.884661,3.774079,-3.9935472,2.8597112,3.9799716,0.1846083
187,168,-3.8914936,2.884661,3.774079,-3.7817118,3.0145872,3.4176698,0.099840716
187,183,-3.8914936,2.884661,3.774079,-3.9723637,2.8953764,3.8732002,0.66919166
187,185,-3.8914936,2.884661,3.774079,-3.880943,2.7660556,3.9783556,0.2465125
187,191,-3.8914936,2.884661,3.774079,-3.79058,2.786886,3.8338008,1.0
187,197,-3.8914936,2.884661,3.774079,-3.910892,2.9924216,3.75184,0.48518115
187,201,-3.8914936,2.884661,3.774079,-4.027583,2.9678836,3.889951,0.56427354
187,203,-3.8914936,2.884661,3.774079,-4.1459193,3.1558316,3.8885822,0.08685553
187,205,-3.8914936,2.884661,3.774079,-3.8484974,2.8516817,3.8248882,0.95868754
187,207,-3.8914936,2.884661,3.774079,-3.857924,3.0219877,3.4338005,0.62125635
187,251,-3.8914936,2.884661,3.774079,-4.2514133,3.2699108,3.8119323,0.18548419
187,257,-3.8914936,2.884661,3.774079,-3.960618,3.1467242,3.3123083,0.22525895
188,173,-4.5983887,4.17564,1.611961,-3.8003545,3.4258783,2.5209255,0.053932283
188,179,-4.5983887,4.17564,1.611961,-4.571914,4.6284122,0.71254724,0.08590627
188,199,-4.5983887,4.17564,1.611961,-4.216268,4.0215526,2.420685,0.03975244
188,214,-4.5983887,4.17564,1.611961,-4.468477,4.175781,1.7760015,0.8538846
188,216,-4.5983887,4.17564,1.611961,-4.4634733,4.679752,1.0922396,0.034647763
188,218,-4.5983887,4.17564,1.611961,-4.3393,4.0926447,2.1705635,0.086329676
188,224,-4.5983887,4.17564,1.611961,-3.899357,3.484056,2.3253663,0.58367383
188,226,-4.5983887,4.17564,1.611961,-3.9217265,3.5717297,2.4162185,0.14115855
188,231,-4.5983887,4.17564,1.611961,-4.618497,4.6199846,0.44851848,0.021306142
188,234,-4.5983887,4.17564,1.611961,-4.416983,4.309493,1.650405,0.23323491
188,240,-4.5983887,4.17564,1.611961,-4.4720516,4.3489637,1.3768005,0.6178843
188,244,-4.5983887,4.17564,1.611961,-4.5764804,4.236023,1.6337113,0.99999994
188,246,-4.5983887,4.17564,1.611961,-4.238398,4.4086924,1.3851926,0.0904548
188,253,-4.5983887,4.17564,1.611961,-4.6303077,4.356958,1.2646945,1.0
188,261,-4.5983887,4.17564,1.611961,-4.1041937,3.8050632,2.4589767,0.05425306
189,147,-4.0229793,4.942223,-0.6830569,-3.7844005,4.9848604,-1.3346914,0.076152585
189,149,-4.0229793,4.942223,-0.6830569,-4.1019945,4.67307,-0.27672222,0.21693033
189,157,-4.0229793,4.942223,-0.6830569,-3.7973628,4.6982503,0.102790274,0.23151794
189,161,-4.0229793,4.942223,-0.6830569,-3.8842146,4.632093,-0.37960035,0.17284033
189,174,-4.0229793,4.942223,-0.6830569,-4.17743,4.730951,-0.29485747,0.50527364
189,180,-4.0229793,4.942223,-0.6830569,-3.7408388,4.835691,0.08231247,0.3536312
189,186,-4.0229793,4.942223,-0.6830569,-3.745269,4.8174124,-0.91357124,0.5278938
189,192,-4.0229793,4.942223,-0.6830569,-4.2113037,5.0073223,-0.8903294,0.85942394
189,204,-4.0229793,4.942223,-0.6830569,-4.271085,4.894366,-0.5959218,0.52295
189,210,-4.0229793,4.942223,-0.6830569,-3.6662252,4.9066887,-1.255424,0.05231736
189,211,-4.0229793,4.942223,-0.6830569,-3.6206236,4.8247776,-1.1934066,0.052311048
189,213,-4.0229793,4.942223,-0.6830569,-4.280832,4.799811,-0.41143784,0.25405404
189,219,-4.0229793,4.942223,-0.6830569,-3.6309638,4.8247485,-1.1474721,0.07968484
189,221,-4.0229793,4.942223,-0.6830569,-3.791735,4.6517286,-0.5862941,0.25887734
189,225,-4.0229793,4.942223,-0.6830569,-4.128656,4.8714237,-0.8450116,0.45361108
189,227,-4.0229793,4.942223,-0.6830569,-4.1448073,5.0353684,-0.784571,0.73181266
189,229,-4.0229793,4.942223,-0.6830569,-3.8621202,5.0623713,-1.4352103,0.056866698
189,235,-4.0229793,4.942223,-0.6830569,-3.8584778,5.0326524,-1.5172952,0.109716624
189,237,-4.0229793,4.942223,-0.6830569,-3.8088415,4.848114,-0.7955228,0.8727642
189,239,-4.0229793,4.942223,-0.6830569,-4.2633023,5.126459,-0.90806466,0.18747707
189,243,-4.0229793,4.942223,-0.6830569,-4.100326,5.167046,-1.1716694,0.19896203
189,247,-4.0229793,4.942223,-0.6830569,-4.2818494,4.830991,-0.4274453,0.106804915
189,250,-4.0229793,4.942223,-0.6830569,-4.107379,4.8669324,-0.8025581,0.3531776
189,254,-4.0229793,4.942223,-0.6830569,-3.6226075,4.80218,-1.1703484,0.082184695
189,256,-4.0229793,4.942223,-0.6830569,-3.86573,5.0511727,-1.38969,0.0486205
189,259,-4.0229793,4.942223,-0.6830569,-3.6942208,4.6823506,-0.6845507,0.036265485
189,262,-4.0229793,4.942223,-0.6830569,-3.892844,4.7799144,-0.5871446,1.0
189,264,-4.0229793,4.942223,-0.6830569,-3.8505707,4.617269,0.24272771,0.19273181
190,156,-4.425003,3.7410045,3.3039408,-4.336612,3.465125,3.6546683,0.31420684
190,158,-4.425003,3.7410045,3.3039408,-4.166904,3.5291386,3.1175838,0.18203892
190,167,-4.425003,3.7410045,3.3039408,-4.1385903,4.0735326,2.5430021,0.34832
190,170,-4.425003,3.7410045,3.3039408,-4.378089,3.656,3.3191671,0.6489113
190,181,-4.425003,3.7410045,3.3039408,-4.394031,3.581034,3.448827,1.0
190,193,-4.425003,3.7410045,3.3039408,-4.3711505,3.6919017,3.2087283,0.38403586
190,199,-4.425003,3.7410045,3.3039408,-4.216268,4.0215526,2.420685,0.027431818
190,209,-4.425003,3.7410045,3.3039408,-4.3286543,3.884116,2.7559273,0.16947201
190,212,-4.425003,3.7410045,3.3039408,-4.3654947,3.8617852,3.2031138,0.980569
190,222,-4.425003,3.7410045,3.3039408,-4.2211423,3.6513627,3.0159147,0.80978197
190,228,-4.425003,3.7410045,3.3039408,-4.159399,3.4746852,3.2900424,0.29313427
190,230,-4.425003,3.7410045,3.3039408,-4.480153,3.888685,3.3191183,0.49152815
190,236,-4.425003,3.7410045,3.3039408,-3.8882737,3.9615755,2.8338509,0.018560858
190,238,-4.425003,3.7410045,3.3039408,-4.151284,4.0221295,2.9124055,0.21677914
190,249,-4.425003,3.7410045,3.3039408,-4.296111,3.4337256,3.754147,0.097080976
191,146,-3.79058,2.786886,3.8338008,-3.893581,3.05006,3.4375284,0.28872976
191,148,-3.79058,2.786886,3.8338008,-3.745649,3.2843413,2.575565,0.098232366
191,151,-3.79058,2.786886,3.8338008,-3.8642476,3.200863,3.1331284,0.26706097
191,154,-3.79058,2.786886,3.8338008,-4.048519,2.898631,3.8817124,0.24548522
191,160,-3.79058,2.786886,3.8338008,-3.7310452,2.8748763,3.704944,0.74292606
191,162,-3.79058,2.786886,3.8338008,-3.9935472,2.8597112,3.9799716,0.15280022
191,168,-3.79058,2.786886,3.8338008,-3.7817118,3.0145872,3.4176698,0.18731077
191,183,-3.79058,2.786886,3.8338008,-3.9723637,2.8953764,3.8732002,0.4035238
191,185,-3.79058,2.786886,3.8338008,-3.880943,2.7660556,3.9783556,0.32718867
191,187,-3.79058,2.786886,3.8338008,-3.8914936,2.884661,3.774079,1.0
191,197,-3.79058,2.786886,3.8338008,-3.910892,2.9924216,3.75184,0.5872522
191,201,-3.79058,2.786886,3.8338008,-4.027583,2.9678836,3.889951,0.4865685
191,203,-3.79058,2.786886,3.8338008,-4.1459193,3.1558316,3.8885822,0.12948602
191,205,-3.79058,2.786886,3.8338008,-3.8484974,2.8516817,3.8248882,1.0
191,207,-3.79058,2.786886,3.8338008,-3.857924,3.0219877,3.4338005,0.48060575
191,257,-3.79058,2.786886,3.8338008,-3.960618,3.1467242,3.3123083,0.25003892
192,147,-4.2113037,5.0073223,-0.8903294,-3.7844005,4.9848604,-1.3346914,0.20902868
192,165,-4.2113037,5.0073223,-0.8903294,-4.4658203,4.7172885,0.41534463,0.06628959
192,174,-4.2113037,5.0073223,-0.8903294,-4.17743,4.730951,-0.29485747,0.20859101
192,180,-4.2113037,5.0073223,-0.8903294,-3.7408388,4.835691,0.08231247,0.27412948
192,186,-4.2113037,5.0073223,-0.8903294,-3.745269,4.8174124,-0.91357124,0.4079275
192,189,-4.2113037,5.0073223,-0.8903294,-4.0229793,4.942223,-0.6830569,0.85942394
192,198,-4.2113037,5.0073223,-0.8903294,-4.620432,4.813646,0.5192711,0.09321351
192,204,-4.2113037,5.0073223,-0.8903294,-4.271085,4.894366,-0.5959218,0.5032873
192,208,-4.2113037,5.0073223,-0.8903294,-3.7625196,4.880652,-1.5609525,0.20233738
192,210,-4.2113037,5.0073223,-0.8903294,-3.6662252,4.9066887,-1.255424,0.07600017
192,211,-4.2113037,5.0073223,-0.8903294,-3.6206236,4.8247776,-1.1934066,0.057272248
192,213,-4.2113037,5.0073223,-0.8903294,-4.280832,4.799811,-0.41143784,0.29250124
192,219,-4.2113037,5.0073223,-0.8903294,-3.6309638,4.8247485,-1.1474721,0.093367964
192,225,-4.2113037,5.0073223,-0.8903294,-4.128656,4.8714237,-0.8450116,0.40452078
192,227,-4.2113037,5.0073223,-0.8903294,-4.1448073,5.0353684,-0.784571,1.0
192,229,-4.2113037,5.0073223,-0.8903294,-3.8621202,5.0623713,-1.4352103,0.07491059
192,233,-4.2113037,5.0073223,-0.8903294,-3.8150144,5.004103,-1.4995077,0.11212827
192,235,-4.2113037,5.0073223,-0.8903294,-3.8584778,5.0326524,-1.5172952,0.16684487
192,237,-4.2113037,5.0073223,-0.8903294,-3.8088415,4.848114,-0.7955228,0.47193316
192,239,-4.2113037,5.0073223,-0.8903294,-4.2633023,5.126459,-0.90806466,1.0
192,243,-4.2113037,5.0073223,-0.8903294,-4.100326,5.167046,-1.1716694,1.0
192,245,-4.2113037,5.0073223,-0.8903294,-3.7166715,4.9059734,-1.6551069,0.04853468
192,247,-4.2113037,5.0073223,-0.8903294,-4.2818494,4.830991,-0.4274453,0.24225181
192,250,-4.2113037,5.0073223,-0.8903294,-4.107379,4.8669324,-0.8025581,0.2438747
192,254,-4.2113037,5.0073223,-0.8903294,-3.6226075,4.80218,-1.1703484,0.06809811
192,256,-4.2113037,5.0073223,-0.8903294,-3.86573,5.0511727,-1.38969,0.44863054
192,262,-4.2113037,5.0073223,-0.8903294,-3.892844,4.7799144,-0.5871446,0.21414237
193,158,-4.3711505,3.6919017,3.2087283,-4.166904,3.5291386,3.1175838,0.18674739
193,167,-4.3711505,3.6919017,3.2087283,-4.1385903,4.0735326,2.5430021,0.141888
193,170,-4.3711505,3.6919017,3.2087283,-4.378089,3.656,3.3191671,0.99999994
193,177,-4.3711505,3.6919017,3.2087283,-3.8980122,3.9499445,2.6082432,0.052688155
193,181,-4.3711505,3.6919017,3.2087283,-4.394031,3.581034,3.448827,0.633582
193,190,-4.3711505,3.6919017,3.2087283,-4.425003,3.7410045,3.3039408,0.38403586
193,195,-4.3711505,3.6919017,3.2087283,-3.8122373,3.6994274,2.6476853,0.10803762
193,199,-4.3711505,3.6919017,3.2087283,-4.216268,4.0215526,2.420685,0.059194766
193,222,-4.3711505,3.6919017,3.2087283,-4.2211423,3.6513627,3.0159147,0.3959909
193,228,-4.3711505,3.6919017,3.2087283,-4.159399,3.4746852,3.2900424,0.4649238
193,232,-4.3711505,3.6919017,3.2087283,-3.9401472,3.6320245,2.6889462,0.117393546
193,236,-4.3711505,3.6919017,3.2087283,-3.8882737,3.9615755,2.8338509,0.04738707
193,260,-4.3711505,3.6919017,3.2087283,-4.042843,3.7118225,2.7340434,0.52294105
193,261,-4.3711505,3.6919017,3.2087283,-4.1041937,3.8050632,2.4589767,0.07884602
194,153,-3.8797722,4.598453,0.9250966,-4.221402,4.5950365,1.1576822,0.32502362
194,155,-3.8797722,4.598453,0.9250966,-4.008947,4.423037,1.2317771,0.7671098
194,169,-3.8797722,4.598453,0.9250966,-3.97832,4.533224,1.1654712,1.0
194,171,-3.8797722,4.598453,0.9250966,-4.0093493,4.3117995,1.408874,0.4429198
194,175,-3.8797722,4.598453,0.9250966,-4.3015156,4.6594114,1.0442945,0.041264873
194,180,-3.8797722,4.598453,0.9250966,-3.7408388,4.835691,0.08231247,0.02253135
194,182,-3.8797722,4.598453,0.9250966,-3.8498662,4.654535,0.79276514,1.0
194,184,-3.8797722,4.598453,0.9250966,-3.9856439,4.5058722,0.47964877,0.141116
194,200,-3.8797722,4.598453,0.9250966,-4.1074424,4.520471,1.336639,0.34778288
194,202,-3.8797722,4.598453,0.9250966,-4.257735,4.5021877,1.587496,0.052293926
194,206,-3.8797722,4.598453,0.9250966,-4.2376256,4.541178,1.1874328,0.05589326
194,215,-3.8797722,4.598453,0.9250966,-4.28532,4.6682076,1.2897747,0.080306694
194,217,-3.8797722,4.598453,0.9250966,-4.1463413,4.3141227,1.2898979,0.10379869
194,223,-3.8797722,4.598453,0.9250966,-3.6440148,4.6997485,-0.6535732,0.1337118
194,246,-3.8797722,4.598453,0.9250966,-4.238398,4.4086924,1.3851926,0.13561752
194,248,-3.8797722,4.598453,0.9250966,-3.7543917,4.6686993,0.49681652,1.0
194,252,-3.8797722,4.598453,0.9250966,-4.0593534,4.489809,0.39153498,0.10358405
194,263,-3.8797722,4.598453,0.9250966,-3.9039545,4.1749253,2.089513,0.23404324
195,148,-3.8122373,3.6994274,2.6476853,-3.745649,3.2843413,2.575565,0.12150009
195,151,-3.8122373,3.6994274,2.6476853,-3.8642476,3.200863,3.1331284,0.1739221
195,152,-3.8122373,3.6994274,2.6476853,-3.973017,3.8441021,2.8048184,0.56847423
195,158,-3.8122373,3.6994274,2.6476853,-4.166904,3.5291386,3.1175838,0.1955336
195,164,-3.8122373,3.6994274,2.6476853,-3.7835417,3.636165,2.5696545,1.0
195,167,-3.8122373,3.6994274,2.6476853,-4.1385903,4.0735326,2.5430021,0.14527434
195,173,-3.8122373,3.6994274,2.6476853,-3.8003545,3.4258783,2.5209255,0.29593265
195,177,-3.8122373,3.6994274,2.6476853,-3.8980122,3.9499445,2.6082432,0.59231186
195,193,-3.8122373,3.6994274,2.6476853,-4.3711505,3.6919017,3.2087283,0.10803762
195,220,-3.8122373,3.6994274,2.6476853,-3.7979186,3.4121158,2.5477557,0.47505605
195,222,-3.8122373,3.6994274,2.6476853,-4.2211423,3.6513627,3.0159147,0.19319515
195,224,-3.8122373,3.6994274,2.6476853,-3.899357,3.484056,2.3253663,0.11954202
195,226,-3.8122373,3.6994274,2.6476853,-3.9217265,3.5717297,2.4162185,0.6211351
195,228,-3.8122373,3.6994274,2.6476853,-4.159399,3.4746852,3.2900424,0.33196542
195,232,-3.8122373,3.6994274,2.6476853,-3.9401472,3.6320245,2.6889462,0.9501286
195,236,-3.8122373,3.6994274,2.6476853,-3.8882737,3.9615755,2.8338509,0.54978585
195,242,-3.8122373,3.6994274,2.6476853,-3.761842,3.3685534,2.533515,0.24132177
195,260,-3.8122373,3.6994274,2.6476853,-4.042843,3.7118225,2.7340434,0.44770655
195,261,-3.8122373,3.6994274,2.6476853,-4.1041937,3.8050632,2.4589767,0.42445922
195,263,-3.8122373,3.6994274,2.6476853,-3.9039545,4.1749253,2.089513,0.07632951
196,150,-4.529231,4.5781426,0.524425,-4.2360873,4.452453,0.5340996,0.84062624
196,153,-4.529231,4.5781426,0.524425,-4.221402,4.5950365,1.1576822,0.088111036
196,159,-4.529231,4.5781426,0.524425,-4.2506227,4.506903,0.044990595,0.11485217
196,165,-4.529231,4.5781426,0.524425,-4.4658203,4.7172885,0.41534463,0.4383332
196,166,-4.529231,4.5781426,0.524425,-4.374933,4.5930367,0.04182807,0.3945721
196,175,-4.529231,4.5781426,0.524425,-4.3015156,4.6594114,1.0442945,0.12417565
196,179,-4.529231,4.5781426,0.524425,-4.571914,4.6284122,0.71254724,1.0
196,199,-4.529231,4.5781426,0.524425,-4.216268,4.0215526,2.420685,0.119729646
196,206,-4.529231,4.5781426,0.524425,-4.2376256,4.541178,1.1874328,0.23611343
196,213,-4.529231,4.5781426,0.524425,-4.280832,4.799811,-0.41143784,0.08177313
196,217,-4.529231,4.5781426,0.524425,-4.1463413,4.3141227,1.2898979,0.28416327
196,231,-4.529231,4.5781426,0.524425,-4.618497,4.6199846,0.44851848,0.99999994
196,234,-4.529231,4.5781426,0.524425,-4.416983,4.309493,1.650405,0.118203185
196,241,-4.529231,4.5781426,0.524425,-4.4250336,4.277188,1.8913126,0.12012758
196,260,-4.529231,4.5781426,0.524425,-4.042843,3.7118225,2.7340434,0.089299396
197,146,-3.910892,2.9924216,3.75184,-3.893581,3.05006,3.4375284,0.12034519
197,152,-3.910892,2.9924216,3.75184,-3.973017,3.8441021,2.8048184,0.058495626
197,154,-3.910892,2.9924216,3.75184,-4.048519,2.898631,3.8817124,0.11891437
197,160,-3.910892,2.9924216,3.75184,-3.7310452,2.8748763,3.704944,1.0
197,162,-3.910892,2.9924216,3.75184,-3.9935472,2.8597112,3.9799716,0.08062761
197,164,-3.910892,2.9924216,3.75184,-3.7835417,3.636165,2.5696545,0.09296653
197,168,-3.910892,2.9924216,3.75184,-3.7817118,3.0145872,3.4176698,1.0
197,176,-3.910892,2.9924216,3.75184,-4.2633066,3.3348503,3.7855084,0.15070611
197,183,-3.910892,2.9924216,3.75184,-3.9723637,2.8953764,3.8732002,0.20408492
197,185,-3.910892,2.9924216,3.75184,-3.880943,2.7660556,3.9783556,0.13186534
197,187,-3.910892,2.9924216,3.75184,-3.8914936,2.884661,3.774079,0.48518115
197,191,-3.910892,2.9924216,3.75184,-3.79058,2.786886,3.8338008,0.5872522
197,201,-3.910892,2.9924216,3.75184,-4.027583,2.9678836,3.889951,0.4467204
197,203,-3.910892,2.9924216,3.75184,-4.1459193,3.1558316,3.8885822,0.66531026
197,205,-3.910892,2.9924216,3.75184,-3.8484974,2.8516817,3.8248882,0.38185245
197,207,-3.910892,2.9924216,3.75184,-3.857924,3.0219877,3.4338005,0.45993993
197,220,-3.910892,2.9924216,3.75184,-3.7979186,3.4121158,2.5477557,0.16991091
197,236,-3.910892,2.9924216,3.75184,-3.8882737,3.9615755,2.8338509,0.22585306
197,242,-3.910892,2.9924216,3.75184,-3.761842,3.3685534,2.533515,0.074141406
197,249,-3.910892,2.9924216,3.75184,-4.296111,3.4337256,3.754147,0.11494602
197,251,-3.910892,2.9924216,3.75184,-4.2514133,3.2699108,3.8119323,0.29748476
197,255,-3.910892,2.9924216,3.75184,-4.143964,3.8064482,3.4166076,0.1564329
197,257,-3.910892,2.9924216,3.75184,-3.960618,3.1467242,3.3123083,0.19415677
198,165,-4.620432,4.813646,0.5192711,-4.4658203,4.7172885,0.41534463,0.41196603
198,175,-4.620432,4.813646,0.5192711,-4.3015156,4.6594114,1.0442945,0.12137779
198,179,-4.620432,4.813646,0.5192711,-4.571914,4.6284122,0.71254724,1.0
198,192,-4.620432,4.813646,0.5192711,-4.2113037,5.0073223,-0.8903294,0.09321351
198,204,-4.620432,4.813646,0.5192711,-4.271085,4.894366,-0.5959218,0.07042978
198,213,-4.620432,4.813646,0.5192711,-4.280832,4.799811,-0.41143784,0.069859
198,216,-4.620432,4.813646,0.5192711,-4.4634733,4.679752,1.0922396,0.38721588
198,227,-4.620432,4.813646,0.5192711,-4.1448073,5.0353684,-0.784571,0.14806636
198,231,-4.620432,4.813646,0.5192711,-4.618497,4.6199846,0.44851848,0.060400758
198,234,-4.620432,4.813646,0.5192711,-4.416983,4.309493,1.650405,0.080975376
198,239,-4.620432,4.813646,0.5192711,-4.2633023,5.126459,-0.90806466,0.97009504
198,241,-4.620432,4.813646,0.5192711,-4.4250336,4.277188,1.8913126,0.098757416
198,244,-4.620432,4.813646,0.5192711,-4.5764804,4.236023,1.6337113,0.4170795
198,247,-4.620432,4.813646,0.5192711,-4.2818494,4.830991,-0.4274453,0.18571743
198,253,-4.620432,4.813646,0.5192711,-4.6303077,4.356958,1.2646945,0.21395025
199,152,-4.216268,4.0215526,2.420685,-3.973017,3.8441021,2.8048184,0.12070323
199,167,-4.216268,4.0215526,2.420685,-4.1385903,4.0735326,2.5430021,0.6899303
199,171,-4.216268,4.0215526,2.420685,-4.0093493,4.3117995,1.408874,0.09794651
199,188,-4.216268,4.0215526,2.420685,-4.5983887,4.17564,1.611961,0.03975244
199,190,-4.216268,4.0215526,2.420685,-4.425003,3.7410045,3.3039408,0.027431818
199,193,-4.216268,4.0215526,2.420685,-4.3711505,3.6919017,3.2087283,0.059194766
199,196,-4.216268,4.0215526,2.420685,-4.529231,4.5781426,0.524425,0.119729646
199,202,-4.216268,4.0215526,2.420685,-4.257735,4.5021877,1.587496,0.34789607
199,209,-4.216268,4.0215526,2.420685,-4.3286543,3.884116,2.7559273,1.0
199,212,-4.216268,4.0215526,2.420685,-4.3654947,3.8617852,3.2031138,0.16557547
199,214,-4.216268,4.0215526,2.420685,-4.468477,4.175781,1.7760015,0.32605755
199,217,-4.216268,4.0215526,2.420685,-4.1463413,4.3141227,1.2898979,0.31355834
199,218,-4.216268,4.0215526,2.420685,-4.3393,4.0926447,2.1705635,0.46849066
199,222,-4.216268,4.0215526,2.420685,-4.2211423,3.6513627,3.0159147,0.30754107
199,226,-4.216268,4.0215526,2.420685,-3.9217265,3.5717297,2.4162185,0.010754458
199,232,-4.216268,4.0215526,2.420685,-3.9401472,3.6320245,2.6889462,0.27637696
199,234,-4.216268,4.0215526,2.420685,-4.416983,4.309493,1.650405,0.45715082
199,236,-4.216268,4.0215526,2.420685,-3.8882737,3.9615755,2.8338509,0.29081172
199,238,-4.216268,4.0215526,2.420685,-4.151284,4.0221295,2.9124055,0.28420857
199,241,-4.216268,4.0215526,2.420685,-4.4250336,4.277188,1.8913126,0.990166
199,244,-4.216268,4.0215526,2.420685,-4.5764804,4.236023,1.6337113,0.13281056
199,260,-4.216268,4.0215526,2.420685,-4.042843,3.7118225,2.7340434,0.42154026
199,261,-4.216268,4.0215526,2.420685,-4.1041937,3.8050632,2.4589767,1.0
199,263,-4.216268,4.0215526,2.420685,-3.9039545,4.1749253,2.089513,0.0786444
200,153,-4.1074424,4.520471,1.336639,-4.221402,4.5950365,1.1576822,0.49531278
200,155,-4.1074424,4.520471,1.336639,-4.008947,4.423037,1.2317771,0.2286047
200,167,-4.1074424,4.520471,1.336639,-4.1385903,4.0735326,2.5430021,0.10245511
200,169,-4.1074424,4.520471,1.336639,-3.97832,4.533224,1.1654712,0.3433498
200,171,-4.1074424,4.520471,1.336639,-4.0093493,4.3117995,1.408874,0.34503147
200,175,-4.1074424,4.520471,1.336639,-4.3015156,4.6594114,1.0442945,0.23788977
200,182,-4.1074424,4.520471,1.336639,-3.8498662,4.654535,0.79276514,0.22741126
200,194,-4.1074424,4.520471,1.336639,-3.8797722,4.598453,0.9250966,0.34778288
200,202,-4.1074424,4.520471,1.336639,-4.257735,4.5021877,1.587496,1.0
200,206,-4.1074424,4.520471,1.336639,-4.2376256,4.541178,1.1874328,0.35771182
200,215,-4.1074424,4.520471,1.336639,-4.28532,4.6682076,1.2897747,1.0
200,217,-4.1074424,4.520471,1.336639,-4.1463413,4.3141227,1.2898979,0.23066615
200,234,-4.1074424,4.520471,1.336639,-4.416983,4.309493,1.650405,0.14027634
200,241,-4.1074424,4.520471,1.336639,-4.4250336,4.277188,1.8913126,0.09538652
200,246,-4.1074424,4.520471,1.336639,-4.238398,4.4086924,1.3851926,0.17427157
201,146,-4.027583,2.9678836,3.889951,-3.893581,3.05006,3.4375284,0.12675852
201,151,-4.027583,2.9678836,3.889951,-3.8642476,3.200863,3.1331284,0.051873725
201,154,-4.027583,2.9678836,3.889951,-4.048519,2.898631,3.8817124,0.7405244
201,160,-4.027583,2.9678836,3.889951,-3.7310452,2.8748763,3.704944,0.24754746
201,162,-4.027583,2.9678836,3.889951,-3.9935472,2.8597112,3.9799716,0.59263825
201,176,-4.027583,2.9678836,3.889951,-4.2633066,3.3348503,3.7855084,0.2386607
201,183,-4.027583,2.9678836,3.889951,-3.9723637,2.8953764,3.8732002,1.0
201,185,-4.027583,2.9678836,3.889951,-3.880943,2.7660556,3.9783556,0.5714807
201,187,-4.027583,2.9678836,3.889951,-3.8914936,2.884661,3.774079,0.56427354
201,191,-4.027583,2.9678836,3.889951,-3.79058,2.786886,3.8338008,0.4865685
201,197,-4.027583,2.9678836,3.889951,-3.910892,2.9924216,3.75184,0.4467204
201,203,-4.027583,2.9678836,3.889951,-4.1459193,3.1558316,3.8885822,0.67199236
201,205,-4.027583,2.9678836,3.889951,-3.8484974,2.8516817,3.8248882,0.66855454
201,207,-4.027583,2.9678836,3.889951,-3.857924,3.0219877,3.4338005,0.08029651
201,249,-4.027583,2.9678836,3.889951,-4.296111,3.4337256,3.754147,0.103030115
201,251,-4.027583,2.9678836,3.889951,-4.2514133,3.2699108,3.8119323,0.5930096
202,153,-4.257735,4.5021877,1.587496,-4.221402,4.5950365,1.1576822,0.4366842
202,155,-4.257735,4.5021877,1.587496,-4.008947,4.423037,1.2317771,0.1636185
202,167,-4.257735,4.5021877,1.587496,-4.1385903,4.0735326,2.5430021,0.31518978
202,169,-4.257735,4.5021877,1.587496,-3.97832,4.533224,1.1654712,0.086998284
202,171,-4.257735,4.5021877,1.587496,-4.0093493,4.3117995,1.408874,0.39987382
202,175,-4.257735,4.5021877,1.587496,-4.3015156,4.6594114,1.0442945,0.208701
202,194,-4.257735,4.5021877,1.587496,-3.8797722,4.598453,0.9250966,0.052293926
202,199,-4.257735,4.5021877,1.587496,-4.216268,4.0215526,2.420685,0.34789607
202,200,-4.257735,4.5021877,1.587496,-4.1074424,4.520471,1.336639,1.0
202,206,-4.257735,4.5021877,1.587496,-4.2376256,4.541178,1.1874328,0.49149895
202,212,-4.257735,4.5021877,1.587496,-4.3654947,3.8617852,3.2031138,0.15593807
202,215,-4.257735,4.5021877,1.587496,-4.28532,4.6682076,1.2897747,0.6823231
202,217,-4.257735,4.5021877,1.587496,-4.1463413,4.3141227,1.2898979,0.44373775
202,218,-4.257735,4.5021877,1.587496,-4.3393,4.0926447,2.1705635,0.2526805
202,234,-4.257735,4.5021877,1.587496,-4.416983,4.309493,1.650405,0.3997464
202,238,-4.257735,4.5021877,1.587496,-4.151284,4.0221295,2.9124055,0.09798295
202,241,-4.257735,4.5021877,1.587496,-4.4250336,4.277188,1.8913126,0.8592484
202,246,-4.257735,4.5021877,1.587496,-4.238398,4.4086924,1.3851926,0.057474162
203,152,-4.1459193,3.1558316,3.8885822,-3.973017,3.8441021,2.8048184,0.070937656
203,154,-4.1459193,3.1558316,3.8885822,-4.048519,2.898631,3.8817124,0.24870226
203,156,-4.1459193,3.1558316,3.8885822,-4.336612,3.465125,3.6546683,0.09458994
203,160,-4.1459193,3.1558316,3.8885822,-3.7310452,2.8748763,3.704944,0.21342178
203,162,-4.1459193,3.1558316,3.8885822,-3.9935472,2.8597112,3.9799716,0.14650485
203,176,-4.1459193,3.1558316,3.8885822,-4.2633066,3.3348503,3.7855084,0.79341274
203,183,-4.1459193,3.1558316,3.8885822,-3.9723637,2.8953764,3.8732002,0.29541388
203,185,-4.1459193,3.1558316,3.8885822,-3.880943,2.7660556,3.9783556,0.16980536
203,187,-4.1459193,3.1558316,3.8885822,-3.8914936,2.884661,3.774079,0.08685553
203,191,-4.1459193,3.1558316,3.8885822,-3.79058,2.786886,3.8338008,0.12948602
203,197,-4.1459193,3.1558316,3.8885822,-3.910892,2.9924216,3.75184,0.66531026
203,201,-4.1459193,3.1558316,3.8885822,-4.027583,2.9678836,3.889951,0.67199236
203,205,-4.1459193,3.1558316,3.8885822,-3.8484974,2.8516817,3.8248882,0.15623266
203,236,-4.1459193,3.1558316,3.8885822,-3.8882737,3.9615755,2.8338509,0.07184536
203,249,-4.1459193,3.1558316,3.8885822,-4.296111,3.4337256,3.754147,0.67500377
203,251,-4.1459193,3.1558316,3.8885822,-4.2514133,3.2699108,3.8119323,0.99999994
203,255,-4.1459193,3.1558316,3.8885822,-4.143964,3.8064482,3.4166076,0.35371715
204,147,-4.271085,4.894366,-0.5959218,-3.7844005,4.9848604,-1.3346914,0.056628115
204,149,-4.271085,4.894366,-0.5959218,-4.1019945,4.67307,-0.27672222,0.35412347
204,163,-4.271085,4.894366,-0.5959218,-3.78346,4.6043262,-0.5858149,0.069979206
204,165,-4.271085,4.894366,-0.5959218,-4.4658203,4.7172885,0.41534463,0.3992846
204,166,-4.271085,4.894366,-0.5959218,-4.374933,4.5930367,0.04182807,0.12012993
204,174,-4.271085,4.894366,-0.5959218,-4.17743,4.730951,-0.29485747,0.7941922
204,179,-4.271085,4.894366,-0.5959218,-4.571914,4.6284122,0.71254724,0.04149991
204,186,-4.271085,4.894366,-0.5959218,-3.745269,4.8174124,-0.91357124,0.35922068
204,189,-4.271085,4.894366,-0.5959218,-4.0229793,4.942223,-0.6830569,0.52295
204,192,-4.271085,4.894366,-0.5959218,-4.2113037,5.0073223,-0.8903294,0.5032873
204,198,-4.271085,4.894366,-0.5959218,-4.620432,4.813646,0.5192711,0.07042978
204,208,-4.271085,4.894366,-0.5959218,-3.7625196,4.880652,-1.5609525,0.18886618
204,211,-4.271085,4.894366,-0.5959218,-3.6206236,4.8247776,-1.1934066,0.039493445
204,213,-4.271085,4.894366,-0.5959218,-4.280832,4.799811,-0.41143784,1.0
204,219,-4.271085,4.894366,-0.5959218,-3.6309638,4.8247485,-1.1474721,0.08820608
204,225,-4.271085,4.894366,-0.5959218,-4.128656,4.8714237,-0.8450116,0.41205686
204,227,-4.271085,4.894366,-0.5959218,-4.1448073,5.0353684,-0.784571,0.434839
204,231,-4.271085,4.894366,-0.5959218,-4.618497,4.6199846,0.44851848,0.053096533
204,237,-4.271085,4.894366,-0.5959218,-3.8088415,4.848114,-0.7955228,0.32946712
204,239,-4.271085,4.894366,-0.5959218,-4.2633023,5.126459,-0.90806466,0.31320447
204,247,-4.271085,4.894366,-0.5959218,-4.2818494,4.830991,-0.4274453,1.0
204,250,-4.271085,4.894366,-0.5959218,-4.107379,4.8669324,-0.8025581,0.23625305
204,254,-4.271085,4.894366,-0.5959218,-3.6226075,4.80218,-1.1703484,0.09335443
204,262,-4.271085,4.894366,-0.5959218,-3.892844,4.7799144,-0.5871446,0.59357274
205,146,-3.8484974,2.8516817,3.8248882,-3.893581,3.05006,3.4375284,0.28419536
205,151,-3.8484974,2.8516817,3.8248882,-3.8642476,3.200863,3.1331284,0.26216674
205,154,-3.8484974,2.8516817,3.8248882,-4.048519,2.898631,3.8817124,0.33323666
205,160,-3.8484974,2.8516817,3.8248882,-3.7310452,2.8748763,3.704944,0.48834655
205,162,-3.8484974,2.8516817,3.8248882,-3.9935472,2.8597112,3.9799716,0.18272498
205,168,-3.8484974,2.8516817,3.8248882,-3.7817118,3.0145872,3.4176698,0.0799589
205,183,-3.8484974,2.8516817,3.8248882,-3.9723637,2.8953764,3.8732002,0.61651623
205,185,-3.8484974,2.8516817,3.8248882,-3.880943,2.7660556,3.9783556,0.42221558
205,187,-3.8484974,2.8516817,3.8248882,-3.8914936,2.884661,3.774079,0.95868754
205,191,-3.8484974,2.8516817,3.8248882,-3.79058,2.786886,3.8338008,1.0
205,197,-3.8484974,2.8516817,3.8248882,-3.910892,2.9924216,3.75184,0.38185245
205,201,-3.8484974,2.8516817,3.8248882,-4.027583,2.9678836,3.889951,0.66855454
205,203,-3.8484974,2.8516817,3.8248882,-4.1459193,3.1558316,3.8885822,0.15623266
205,207,-3.8484974,2.8516817,3.8248882,-3.857924,3.0219877,3.4338005,0.2222284
205,251,-3.8484974,2.8516817,3.8248882,-4.2514133,3.2699108,3.8119323,0.16336732
206,150,-4.2376256,4.541178,1.1874328,-4.2360873,4.452453,0.5340996,0.24888788
206,153,-4.2376256,4.541178,1.1874328,-4.221402,4.5950365,1.1576822,1.0
206,155,-4.2376256,4.541178,1.1874328,-4.008947,4.423037,1.2317771,0.11683742
206,165,-4.2376256,4.541178,1.1874328,-4.4658203,4.7172885,0.41534463,0.29014122
206,171,-4.2376256,4.541178,1.1874328,-4.0093493,4.3117995,1.408874,0.16965753
206,172,-4.2376256,4.541178,1.1874328,-4.1636558,4.513152,0.15229234,0.07852407
206,175,-4.2376256,4.541178,1.1874328,-4.3015156,4.6594114,1.0442945,0.9664885
206,179,-4.2376256,4.541178,1.1874328,-4.571914,4.6284122,0.71254724,0.13307951
206,194,-4.2376256,4.541178,1.1874328,-3.8797722,4.598453,0.9250966,0.05589326
206,196,-4.2376256,4.541178,1.1874328,-4.529231,4.5781426,0.524425,0.23611343
206,200,-4.2376256,4.541178,1.1874328,-4.1074424,4.520471,1.336639,0.35771182
206,202,-4.2376256,4.541178,1.1874328,-4.257735,4.5021877,1.587496,0.49149895
206,215,-4.2376256,4.541178,1.1874328,-4.28532,4.6682076,1.2897747,0.1673717
206,216,-4.2376256,4.541178,1.1874328,-4.4634733,4.679752,1.0922396,0.058796667
206,217,-4.2376256,4.541178,1.1874328,-4.1463413,4.3141227,1.2898979,0.86930084
206,234,-4.2376256,4.541178,1.1874328,-4.416983,4.309493,1.650405,0.07623262
206,241,-4.2376256,4.541178,1.1874328,-4.4250336,4.277188,1.8913126,0.0738747
207,146,-3.857924,3.0219877,3.4338005,-3.893581,3.05006,3.4375284,0.4397069
207,148,-3.857924,3.0219877,3.4338005,-3.745649,3.2843413,2.575565,0.12162831
207,151,-3.857924,3.0219877,3.4338005,-3.8642476,3.200863,3.1331284,0.43245074
207,154,-3.857924,3.0219877,3.4338005,-4.048519,2.898631,3.8817124,0.11269941
207,158,-3.857924,3.0219877,3.4338005,-4.166904,3.5291386,3.1175838,0.68273985
207,160,-3.857924,3.0219877,3.4338005,-3.7310452,2.8748763,3.704944,0.2687089
207,162,-3.857924,3.0219877,3.4338005,-3.9935472,2.8597112,3.9799716,0.06803995
207,168,-3.857924,3.0219877,3.4338005,-3.7817118,3.0145872,3.4176698,0.91992176
207,183,-3.857924,3.0219877,3.4338005,-3.9723637,2.8953764,3.8732002,0.073793955
207,185,-3.857924,3.0219877,3.4338005,-3.880943,2.7660556,3.9783556,0.08962758
207,187,-3.857924,3.0219877,3.4338005,-3.8914936,2.884661,3.774079,0.62125635
207,191,-3.857924,3.0219877,3.4338005,-3.79058,2.786886,3.8338008,0.48060575
207,197,-3.857924,3.0219877,3.4338005,-3.910892,2.9924216,3.75184,0.45993993
207,201,-3.857924,3.0219877,3.4338005,-4.027583,2.9678836,3.889951,0.08029651
207,205,-3.857924,3.0219877,3.4338005,-3.8484974,2.8516817,3.8248882,0.2222284
207,209,-3.857924,3.0219877,3.4338005,-4.3286543,3.884116,2.7559273,0.13418595
207,222,-3.857924,3.0219877,3.4338005,-4.2211423,3.6513627,3.0159147,0.29984924
207,228,-3.857924,3.0219877,3.4338005,-4.159399,3.4746852,3.2900424,0.22956422
207,230,-3.857924,3.0219877,3.4338005,-4.480153,3.888685,3.3191183,0.1774638
207,236,-3.857924,3.0219877,3.4338005,-3.8882737,3.9615755,2.8338509,0.060034968
207,257,-3.857924,3.0219877,3.4338005,-3.960618,3.1467242,3.3123083,1.0
208,147,-3.7625196,4.880652,-1.5609525,-3.7844005,4.9848604,-1.3346914,0.22127916
208,178,-3.7625196,4.880652,-1.5609525,-3.644343,4.8848004,-1.7123351,0.42068413
208,192,-3.7625196,4.880652,-1.5609525,-4.2113037,5.0073223,-0.8903294,0.20233738
208,204,-3.7625196,4.880652,-1.5609525,-4.271085,4.894366,-0.5959218,0.18886618
208,211,-3.7625196,4.880652,-1.5609525,-3.6206236,4.8247776,-1.1934066,0.16760911
208,213,-3.7625196,4.880652,-1.5609525,-4.280832,4.799811,-0.41143784,0.16478097
208,225,-3.7625196,4.880652,-1.5609525,-4.128656,4.8714237,-0.8450116,0.23665138
208,233,-3.7625196,4.880652,-1.5609525,-3.8150144,5.004103,-1.4995077,0.33545625
208,235,-3.7625196,4.880652,-1.5609525,-3.8584778,5.0326524,-1.5172952,0.19501124
208,239,-3.7625196,4.880652,-1.5609525,-4.2633023,5.126459,-0.90806466,0.17868833
208,245,-3.7625196,4.880652,-1.5609525,-3.7166715,4.9059734,-1.6551069,0.6452151
208,250,-3.7625196,4.880652,-1.5609525,-4.107379,4.8669324,-0.8025581,0.19427404
208,254,-3.7625196,4.880652,-1.5609525,-3.6226075,4.80218,-1.1703484,0.17942801
208,256,-3.7625196,4.880652,-1.5609525,-3.86573,5.0511727,-1.38969,0.4525136
208,258,-3.7625196,4.880652,-1.5609525,-3.6999125,4.873942,-1.6510993,1.0
209,158,-4.3286543,3.884116,2.7559273,-4.166904,3.5291386,3.1175838,0.3699567
209,167,-4.3286543,3.884116,2.7559273,-4.1385903,4.0735326,2.5430021,0.17927445
209,190,-4.3286543,3.884116,2.7559273,-4.425003,3.7410045,3.3039408,0.16947201
209,199,-4.3286543,3.884116,2.7559273,-4.216268,4.0215526,2.420685,1.0
209,207,-4.3286543,3.884116,2.7559273,-3.857924,3.0219877,3.4338005,0.13418595
209,212,-4.3286543,3.884116,2.7559273,-4.3654947,3.8617852,3.2031138,0.5864499
209,218,-4.3286543,3.884116,2.7559273,-4.3393,4.0926447,2.1705635,0.31586888
209,222,-4.3286543,3.884116,2.7559273,-4.2211423,3.6513627,3.0159147,0.7005547
209,230,-4.3286543,3.884116,2.7559273,-4.480153,3.888685,3.3191183,0.44211704
209,236,-4.3286543,3.884116,2.7559273,-3.8882737,3.9615755,2.8338509,0.08032789
209,238,-4.3286543,3.884116,2.7559273,-4.151284,4.0221295,2.9124055,0.07709867
209,241,-4.3286543,3.884116,2.7559273,-4.4250336,4.277188,1.8913126,0.6154466
209,257,-4.3286543,3.884116,2.7559273,-3.960618,3.1467242,3.3123083,0.5362544
209,260,-4.3286543,3.884116,2.7559273,-4.042843,3.7118225,2.7340434,0.12773465
209,261,-4.3286543,3.884116,2.7559273,-4.1041937,3.8050632,2.4589767,0.5737404
210,147,-3.6662252,4.9066887,-1.255424,-3.7844005,4.9848604,-1.3346914,0.99999994
210,178,-3.6662252,4.9066887,-1.255424,-3.644343,4.8848004,-1.7123351,0.11696546
210,186,-3.6662252,4.9066887,-1.255424,-3.745269,4.8174124,-0.91357124,0.29004455
210,189,-3.6662252,4.9066887,-1.255424,-4.0229793,4.942223,-0.6830569,0.05231736
210,192,-3.6662252,4.9066887,-1.255424,-4.2113037,5.0073223,-0.8903294,0.07600017
210,211,-3.6662252,4.9066887,-1.255424,-3.6206236,4.8247776,-1.1934066,0.7470255
210,219,-3.6662252,4.9066887,-1.255424,-3.6309638,4.8247485,-1.1474721,0.47530597
210,223,-3.6662252,4.9066887,-1.255424,-3.6440148,4.6997485,-0.6535732,0.12527846
210,227,-3.6662252,4.9066887,-1.255424,-4.1448073,5.0353684,-0.784571,0.052986573
210,229,-3.6662252,4.9066887,-1.255424,-3.8621202,5.0623713,-1.4352103,0.8990959
210,233,-3.6662252,4.9066887,-1.255424,-3.8150144,5.004103,-1.4995077,0.551831
210,235,-3.6662252,4.9066887,-1.255424,-3.8584778,5.0326524,-1.5172952,0.34277368
210,237,-3.6662252,4.9066887,-1.255424,-3.8088415,4.848114,-0.7955228,0.26815602
210,243,-3.6662252,4.9066887,-1.255424,-4.100326,5.167046,-1.1716694,0.09745092
210,245,-3.6662252,4.9066887,-1.255424,-3.7166715,4.9059734,-1.6551069,0.062121823
210,254,-3.6662252,4.9066887,-1.255424,-3.6226075,4.80218,-1.1703484,0.3330291
210,256,-3.6662252,4.9066887,-1.255424,-3.86573,5.0511727,-1.38969,0.5103063
210,258,-3.6662252,4.9066887,-1.255424,-3.6999125,4.873942,-1.6510993,0.15597996
211,147,-3.6206236,4.8247776,-1.1934066,-3.7844005,4.9848604,-1.3346914,1.0
211,163,-3.6206236,4.8247776,-1.1934066,-3.78346,4.6043262,-0.5858149,0.06777086
211,186,-3.6206236,4.8247776,-1.1934066,-3.745269,4.8174124,-0.91357124,0.5930857
211,189,-3.6206236,4.8247776,-1.1934066,-4.0229793,4.942223,-0.6830569,0.052311048
211,192,-3.6206236,4.8247776,-1.1934066,-4.2113037,5.0073223,-0.8903294,0.057272248
211,204,-3.6206236,4.8247776,-1.1934066,-4.271085,4.894366,-0.5959218,0.039493445
211,208,-3.6206236,4.8247776,-1.1934066,-3.7625196,4.880652,-1.5609525,0.16760911
211,210,-3.6206236,4.8247776,-1.1934066,-3.6662252,4.9066887,-1.255424,0.7470255
211,219,-3.6206236,4.8247776,-1.1934066,-3.6309638,4.8247485,-1.1474721,1.0
211,221,-3.6206236,4.8247776,-1.1934066,-3.791735,4.6517286,-0.5862941,0.09553872
211,223,-3.6206236,4.8247776,-1.1934066,-3.6440148,4.6997485,-0.6535732,0.25271785
211,227,-3.6206236,4.8247776,-1.1934066,-4.1448073,5.0353684,-0.784571,0.03739626
211,229,-3.6206236,4.8247776,-1.1934066,-3.8621202,5.0623713,-1.4352103,0.18866086
211,233,-3.6206236,4.8247776,-1.1934066,-3.8150144,5.004103,-1.4995077,0.13687375
211,235,-3.6206236,4.8247776,-1.1934066,-3.8584778,5.0326524,-1.5172952,0.10521617
211,237,-3.6206236,4.8247776,-1.1934066,-3.8088415,4.848114,-0.7955228,0.4203643
211,254,-3.6206236,4.8247776,-1.1934066,-3.6226075,4.80218,-1.1703484,1.0
211,256,-3.6206236,4.8247776,-1.1934066,-3.86573,5.0511727,-1.38969,0.24952772
211,258,-3.6206236,4.8247776,-1.1934066,-3.6999125,4.873942,-1.6510993,0.16995144
211,259,-3.6206236,4.8247776,-1.1934066,-3.6942208,4.6823506,-0.6845507,0.20602784
211,262,-3.6206236,4.8247776,-1.1934066,-3.892844,4.7799144,-0.5871446,0.07093409
212,156,-4.3654947,3.8617852,3.2031138,-4.336612,3.465125,3.6546683,0.29273587
212,158,-4.3654947,3.8617852,3.2031138,-4.166904,3.5291386,3.1175838,0.18479966
212,167,-4.3654947,3.8617852,3.2031138,-4.1385903,4.0735326,2.5430021,0.19144335
212,170,-4.3654947,3.8617852,3.2031138,-4.378089,3.656,3.3191671,0.13636774
212,181,-4.3654947,3.8617852,3.2031138,-4.394031,3.581034,3.448827,0.22236189
212,190,-4.3654947,3.8617852,3.2031138,-4.425003,3.7410045,3.3039408,0.980569
212,199,-4.3654947,3.8617852,3.2031138,-4.216268,4.0215526,2.420685,0.16557547
212,202,-4.3654947,3.8617852,3.2031138,-4.257735,4.5021877,1.587496,0.15593807
212,209,-4.3654947,3.8617852,3.2031138,-4.3286543,3.884116,2.7559273,0.5864499
212,222,-4.3654947,3.8617852,3.2031138,-4.2211423,3.6513627,3.0159147,0.28276187
212,228,-4.3654947,3.8617852,3.2031138,-4.159399,3.4746852,3.2900424,0.15650345
212,230,-4.3654947,3.8617852,3.2031138,-4.480153,3.888685,3.3191183,1.0
212,236,-4.3654947,3.8617852,3.2031138,-3.8882737,3.9615755,2.8338509,0.1341832
212,238,-4.3654947,3.8617852,3.2031138,-4.151284,4.0221295,2.9124055,0.23603275
212,255,-4.3654947,3.8617852,3.2031138,-4.143964,3.8064482,3.4166076,0.07460927
212,257,-4.3654947,3.8617852,3.2031138,-3.960618,3.1467242,3.3123083,0.14767286
213,149,-4.280832,4.799811,-0.41143784,-4.1019945,4.67307,-0.27672222,0.5018323
213,159,-4.280832,4.799811,-0.41143784,-4.2506227,4.506903,0.044990595,0.09430536
213,165,-4.280832,4.799811,-0.41143784,-4.4658203,4.7172885,0.41534463,0.4186407
213,166,-4.280832,4.799811,-0.41143784,-4.374933,4.5930367,0.04182807,0.5421902
213,174,-4.280832,4.799811,-0.41143784,-4.17743,4.730951,-0.29485747,0.8363273
213,186,-4.280832,4.799811,-0.41143784,-3.745269,4.8174124,-0.91357124,0.12415606
213,189,-4.280832,4.799811,-0.41143784,-4.0229793,4.942223,-0.6830569,0.25405404
213,192,-4.280832,4.799811,-0.41143784,-4.2113037,5.0073223,-0.8903294,0.29250124
213,196,-4.280832,4.799811,-0.41143784,-4.529231,4.5781426,0.524425,0.08177313
213,198,-4.280832,4.799811,-0.41143784,-4.620432,4.813646,0.5192711,0.069859
213,204,-4.280832,4.799811,-0.41143784,-4.271085,4.894366,-0.5959218,1.0
213,208,-4.280832,4.799811,-0.41143784,-3.7625196,4.880652,-1.5609525,0.16478097
213,225,-4.280832,4.799811,-0.41143784,-4.128656,4.8714237,-0.8450116,0.45530334
213,227,-4.280832,4.799811,-0.41143784,-4.1448073,5.0353684,-0.784571,0.26944447
213,231,-4.280832,4.799811,-0.41143784,-4.618497,4.6199846,0.44851848,0.31622025
213,237,-4.280832,4.799811,-0.41143784,-3.8088415,4.848114,-0.7955228,0.11093807
213,239,-4.280832,4.799811,-0.41143784,-4.2633023,5.126459,-0.90806466,0.22116017
213,247,-4.280832,4.799811,-0.41143784,-4.2818494,4.830991,-0.4274453,0.7062676
213,250,-4.280832,4.799811,-0.41143784,-4.107379,4.8669324,-0.8025581,0.23754242
213,262,-4.280832,4.799811,-0.41143784,-3.892844,4.7799144,-0.5871446,0.36937675
214,155,-4.468477,4.175781,1.7760015,-4.008947,4.423037,1.2317771,0.04025763
214,171,-4.468477,4.175781,1.7760015,-4.0093493,4.3117995,1.408874,0.056988254
214,173,-4.468477,4.175781,1.7760015,-3.8003545,3.4258783,2.5209255,0.070229486
214,188,-4.468477,4.175781,1.7760015,-4.5983887,4.17564,1.611961,0.8538846
214,199,-4.468477,4.175781,1.7760015,-4.216268,4.0215526,2.420685,0.32605755
214,218,-4.468477,4.175781,1.7760015,-4.3393,4.0926447,2.1705635,1.0
214,224,-4.468477,4.175781,1.7760015,-3.899357,3.484056,2.3253663,0.28309327
214,226,-4.468477,4.175781,1.7760015,-3.9217265,3.5717297,2.4162185,0.4647176
214,234,-4.468477,4.175781,1.7760015,-4.416983,4.309493,1.650405,0.84445226
214,236,-4.468477,4.175781,1.7760015,-3.8882737,3.9615755,2.8338509,0.045005083
214,240,-4.468477,4.175781,1.7760015,-4.4720516,4.3489637,1.3768005,0.24533316
214,241,-4.468477,4.175781,1.7760015,-4.4250336,4.277188,1.8913126,0.10915853
214,244,-4.468477,4.175781,1.7760015,-4.5764804,4.236023,1.6337113,0.8837117
214,246,-4.468477,4.175781,1.7760015,-4.238398,4.4086924,1.3851926,0.39529425
214,253,-4.468477,4.175781,1.7760015,-4.6303077,4.356958,1.2646945,0.15240115
214,261,-4.468477,4.175781,1.7760015,-4.1041937,3.8050632,2.4589767,0.3154196
215,153,-4.28532,4.6682076,1.2897747,-4.221402,4.5950365,1.1576822,0.75440085
215,155,-4.28532,4.6682076,1.2897747,-4.008947,4.423037,1.2317771,0.17871414
215,169,-4.28532,4.6682076,1.2897747,-3.97832,4.533224,1.1654712,0.34960333
215,171,-4.28532,4.6682076,1.2897747,-4.0093493,4.3117995,1.408874,0.0756861
215,175,-4.28532,4.6682076,1.2897747,-4.3015156,4.6594114,1.0442945,0.5079825
215,182,-4.28532,4.6682076,1.2897747,-3.8498662,4.654535,0.79276514,0.24116556
215,194,-4.28532,4.6682076,1.2897747,-3.8797722,4.598453,0.9250966,0.080306694
215,200,-4.28532,4.6682076,1.2897747,-4.1074424,4.520471,1.336639,1.0
215,202,-4.28532,4.6682076,1.2897747,-4.257735,4.5021877,1.587496,0.6823231
215,206,-4.28532,4.6682076,1.2897747,-4.2376256,4.541178,1.1874328,0.1673717
215,216,-4.28532,4.6682076,1.2897747,-4.4634733,4.679752,1.0922396,0.7981167
215,217,-4.28532,4.6682076,1.2897747,-4.1463413,4.3141227,1.2898979,0.04806166
215,234,-4.28532,4.6682076,1.2897747,-4.416983,4.309493,1.650405,0.31279993
215,240,-4.28532,4.6682076,1.2897747,-4.4720516,4.3489637,1.3768005,0.07854845
215,241,-4.28532,4.6682076,1.2897747,-4.4250336,4.277188,1.8913126,0.082364134
215,244,-4.28532,4.6682076,1.2897747,-4.5764804,4.236023,1.6337113,0.14619802
215,246,-4.28532,4.6682076,1.2897747,-4.238398,4.4086924,1.3851926,0.2555257
216,153,-4.4634733,4.679752,1.0922396,-4.221402,4.5950365,1.1576822,0.60101426
216,155,-4.4634733,4.679752,1.0922396,-4.008947,4.423037,1.2317771,0.17154692
216,165,-4.4634733,4.679752,1.0922396,-4.4658203,4.7172885,0.41534463,0.5229937
216,169,-4.4634733,4.679752,1.0922396,-3.97832,4.533224,1.1654712,0.152359
216,175,-4.4634733,4.679752,1.0922396,-4.3015156,4.6594114,1.0442945,0.99999994
216,179,-4.4634733,4.679752,1.0922396,-4.571914,4.6284122,0.71254724,0.45154604
216,180,-4.4634733,4.679752,1.0922396,-3.7408388,4.835691,0.08231247,0.35278726
216,182,-4.4634733,4.679752,1.0922396,-3.8498662,4.654535,0.79276514,0.07753915
216,188,-4.4634733,4.679752,1.0922396,-4.5983887,4.17564,1.611961,0.034647763
216,198,-4.4634733,4.679752,1.0922396,-4.620432,4.813646,0.5192711,0.38721588
216,206,-4.4634733,4.679752,1.0922396,-4.2376256,4.541178,1.1874328,0.058796667
216,215,-4.4634733,4.679752,1.0922396,-4.28532,4.6682076,1.2897747,0.7981167
216,227,-4.4634733,4.679752,1.0922396,-4.1448073,5.0353684,-0.784571,0.23212045
216,234,-4.4634733,4.679752,1.0922396,-4.416983,4.309493,1.650405,0.34913665
216,239,-4.4634733,4.679752,1.0922396,-4.2633023,5.126459,-0.90806466,0.108709335
216,240,-4.4634733,4.679752,1.0922396,-4.4720516,4.3489637,1.3768005,0.49506462
216,244,-4.4634733,4.679752,1.0922396,-4.5764804,4.236023,1.6337113,0.34392083
216,246,-4.4634733,4.679752,1.0922396,-4.238398,4.4086924,1.3851926,0.22036028
216,253,-4.4634733,4.679752,1.0922396,-4.6303077,4.356958,1.2646945,0.16049758
217,150,-4.1463413,4.3141227,1.2898979,-4.2360873,4.452453,0.5340996,1.0
217,153,-4.1463413,4.3141227,1.2898979,-4.221402,4.5950365,1.1576822,0.82489824
217,155,-4.1463413,4.3141227,1.2898979,-4.008947,4.423037,1.2317771,0.53282934
217,159,-4.1463413,4.3141227,1.2898979,-4.2506227,4.506903,0.044990595,0.09471155
217,167,-4.1463413,4.3141227,1.2898979,-4.1385903,4.0735326,2.5430021,0.34552798
217,169,-4.1463413,4.3141227,1.2898979,-3.97832,4.533224,1.1654712,0.08895533
217,171,-4.1463413,4.3141227,1.2898979,-4.0093493,4.3117995,1.408874,1.0
217,172,-4.1463413,4.3141227,1.2898979,-4.1636558,4.513152,0.15229234,0.11487509
217,175,-4.1463413,4.3141227,1.2898979,-4.3015156,4.6594114,1.0442945,0.21641633
217,179,-4.1463413,4.3141227,1.2898979,-4.571914,4.6284122,0.71254724,0.16958942
217,194,-4.1463413,4.3141227,1.2898979,-3.8797722,4.598453,0.9250966,0.10379869
217,196,-4.1463413,4.3141227,1.2898979,-4.529231,4.5781426,0.524425,0.28416327
217,199,-4.1463413,4.3141227,1.2898979,-4.216268,4.0215526,2.420685,0.31355834
217,200,-4.1463413,4.3141227,1.2898979,-4.1074424,4.520471,1.336639,0.23066615
217,202,-4.1463413,4.3141227,1.2898979,-4.257735,4.5021877,1.587496,0.44373775
217,206,-4.1463413,4.3141227,1.2898979,-4.2376256,4.541178,1.1874328,0.86930084
217,215,-4.1463413,4.3141227,1.2898979,-4.28532,4.6682076,1.2897747,0.04806166
217,234,-4.1463413,4.3141227,1.2898979,-4.416983,4.309493,1.650405,0.4032163
217,241,-4.1463413,4.3141227,1.2898979,-4.4250336,4.277188,1.8913126,0.023511859
217,246,-4.1463413,4.3141227,1.2898979,-4.238398,4.4086924,1.3851926,0.15351252
217,252,-4.1463413,4.3141227,1.2898979,-4.0593534,4.489809,0.39153498,0.13543767
217,263,-4.1463413,4.3141227,1.2898979,-3.9039545,4.1749253,2.089513,0.49242586
218,152,-4.3393,4.0926447,2.1705635,-3.973017,3.8441021,2.8048184,0.306432
218,164,-4.3393,4.0926447,2.1705635,-3.7835417,3.636165,2.5696545,0.04186115
218,167,-4.3393,4.0926447,2.1705635,-4.1385903,4.0735326,2.5430021,0.08204919
218,168,-4.3393,4.0926447,2.1705635,-3.7817118,3.0145872,3.4176698,0.18662028
218,169,-4.3393,4.0926447,2.1705635,-3.97832,4.533224,1.1654712,0.06615239
218,171,-4.3393,4.0926447,2.1705635,-4.0093493,4.3117995,1.408874,0.13876747
218,188,-4.3393,4.0926447,2.1705635,-4.5983887,4.17564,1.611961,0.086329676
218,199,-4.3393,4.0926447,2.1705635,-4.216268,4.0215526,2.420685,0.46849066
218,202,-4.3393,4.0926447,2.1705635,-4.257735,4.5021877,1.587496,0.2526805
218,209,-4.3393,4.0926447,2.1705635,-4.3286543,3.884116,2.7559273,0.31586888
218,214,-4.3393,4.0926447,2.1705635,-4.468477,4.175781,1.7760015,1.0
218,224,-4.3393,4.0926447,2.1705635,-3.899357,3.484056,2.3253663,0.08353004
218,226,-4.3393,4.0926447,2.1705635,-3.9217265,3.5717297,2.4162185,0.36452627
218,230,-4.3393,4.0926447,2.1705635,-4.480153,3.888685,3.3191183,0.15259457
218,234,-4.3393,4.0926447,2.1705635,-4.416983,4.309493,1.650405,0.4443342
218,236,-4.3393,4.0926447,2.1705635,-3.8882737,3.9615755,2.8338509,0.3904084
218,238,-4.3393,4.0926447,2.1705635,-4.151284,4.0221295,2.9124055,0.3458982
218,241,-4.3393,4.0926447,2.1705635,-4.4250336,4.277188,1.8913126,0.03920718
218,244,-4.3393,4.0926447,2.1705635,-4.5764804,4.236023,1.6337113,0.30467412
218,246,-4.3393,4.0926447,2.1705635,-4.238398,4.4086924,1.3851926,0.3043074
218,255,-4.3393,4.0926447,2.1705635,-4.143964,3.8064482,3.4166076,0.22380182
218,257,-4.3393,4.0926447,2.1705635,-3.960618,3.1467242,3.3123083,0.1447485
218,261,-4.3393,4.0926447,2.1705635,-4.1041937,3.8050632,2.4589767,0.40259573
219,147,-3.6309638,4.8247485,-1.1474721,-3.7844005,4.9848604,-1.3346914,0.76410747
219,186,-3.6309638,4.8247485,-1.1474721,-3.745269,4.8174124,-0.91357124,0.5035995
219,189,-3.6309638,4.8247485,-1.1474721,-4.0229793,4.942223,-0.6830569,0.07968484
219,192,-3.6309638,4.8247485,-1.1474721,-4.2113037,5.0073223,-0.8903294,0.093367964
219,204,-3.6309638,4.8247485,-1.1474721,-4.271085,4.894366,-0.5959218,0.08820608
219,210,-3.6309638,4.8247485,-1.1474721,-3.6662252,4.9066887,-1.255424,0.47530597
219,211,-3.6309638,4.8247485,-1.1474721,-3.6206236,4.8247776,-1.1934066,1.0
219,223,-3.6309638,4.8247485,-1.1474721,-3.6440148,4.6997485,-0.6535732,0.3863327
219,227,-3.6309638,4.8247485,-1.1474721,-4.1448073,5.0353684,-0.784571,0.075186074
219,229,-3.6309638,4.8247485,-1.1474721,-3.8621202,5.0623713,-1.4352103,0.05999689
219,237,-3.6309638,4.8247485,-1.1474721,-3.8088415,4.848114,-0.7955228,0.37110823
219,247,-3.6309638,4.8247485,-1.1474721,-4.2818494,4.830991,-0.4274453,0.23745497
219,254,-3.6309638,4.8247485,-1.1474721,-3.6226075,4.80218,-1.1703484,0.9093352
219,256,-3.6309638,4.8247485,-1.1474721,-3.86573,5.0511727,-1.38969,0.11262012
219,259,-3.6309638,4.8247485,-1.1474721,-3.6942208,4.6823506,-0.6845507,0.17947358
219,262,-3.6309638,4.8247485,-1.1474721,-3.892844,4.7799144,-0.5871446,0.10569266
220,146,-3.7979186,3.4121158,2.5477557,-3.893581,3.05006,3.4375284,0.15358628
220,148,-3.7979186,3.4121158,2.5477557,-3.745649,3.2843413,2.575565,0.82408947
220,151,-3.7979186,3.4121158,2.5477557,-3.8642476,3.200863,3.1331284,0.46468145
220,152,-3.7979186,3.4121158,2.5477557,-3.973017,3.8441021,2.8048184,0.12063295
220,160,-3.7979186,3.4121158,2.5477557,-3.7310452,2.8748763,3.704944,0.0965084
220,164,-3.7979186,3.4121158,2.5477557,-3.7835417,3.636165,2.5696545,0.43644947
220,168,-3.7979186,3.4121158,2.5477557,-3.7817118,3.0145872,3.4176698,0.28628054
220,173,-3.7979186,3.4121158,2.5477557,-3.8003545,3.4258783,2.5209255,1.0
220,195,-3.7979186,3.4121158,2.5477557,-3.8122373,3.6994274,2.6476853,0.47505605
220,197,-3.7979186,3.4121158,2.5477557,-3.910892,2.9924216,3.75184,0.16991091
220,224,-3.7979186,3.4121158,2.5477557,-3.899357,3.484056,2.3253663,0.53402376
220,226,-3.7979186,3.4121158,2.5477557,-3.9217265,3.5717297,2.4162185,0.59386444
220,232,-3.7979186,3.4121158,2.5477557,-3.9401472,3.6320245,2.6889462,0.36435905
220,236,-3.7979186,3.4121158,2.5477557,-3.8882737,3.9615755,2.8338509,0.14607064
220,242,-3.7979186,3.4121158,2.5477557,-3.761842,3.3685534,2.533515,1.0
220,261,-3.7979186,3.4121158,2.5477557,-4.1041937,3.8050632,2.4589767,0.10371305
221,149,-3.791735,4.6517286,-0.5862941,-4.1019945,4.67307,-0.27672222,0.12485123
221,157,-3.791735,4.6517286,-0.5862941,-3.7973628,4.6982503,0.102790274,0.10098214
221,161,-3.791735,4.6517286,-0.5862941,-3.8842146,4.632093,-0.37960035,0.63466
221,163,-3.791735,4.6517286,-0.5862941,-3.78346,4.6043262,-0.5858149,0.44528836
221,174,-3.791735,4.6517286,-0.5862941,-4.17743,4.730951,-0.29485747,0.07475193
221,178,-3.791735,4.6517286,-0.5862941,-3.644343,4.8848004,-1.7123351,0.14597628
221,186,-3.791735,4.6517286,-0.5862941,-3.745269,4.8174124,-0.91357124,0.2965552
221,189,-3.791735,4.6517286,-0.5862941,-4.0229793,4.942223,-0.6830569,0.25887734
221,211,-3.791735,4.6517286,-0.5862941,-3.6206236,4.8247776,-1.1934066,0.09553872
221,225,-3.791735,4.6517286,-0.5862941,-4.128656,4.8714237,-0.8450116,0.057811595
221,237,-3.791735,4.6517286,-0.5862941,-3.8088415,4.848114,-0.7955228,0.29318345
221,245,-3.791735,4.6517286,-0.5862941,-3.7166715,4.9059734,-1.6551069,0.04089262
221,250,-3.791735,4.6517286,-0.5862941,-4.107379,4.8669324,-0.8025581,0.23289768
221,254,-3.791735,4.6517286,-0.5862941,-3.6226075,4.80218,-1.1703484,0.1949886
221,258,-3.791735,4.6517286,-0.5862941,-3.6999125,4.873942,-1.6510993,0.16304766
221,259,-3.791735,4.6517286,-0.5862941,-3.6942208,4.6823506,-0.6845507,1.0
221,262,-3.791735,4.6517286,-0.5862941,-3.892844,4.7799144,-0.5871446,0.8221362
222,146,-4.2211423,3.6513627,3.0159147,-3.893581,3.05006,3.4375284,0.19677241
222,151,-4.2211423,3.6513627,3.0159147,-3.8642476,3.200863,3.1331284,0.1710411
222,152,-4.2211423,3.6513627,3.0159147,-3.973017,3.8441021,2.8048184,0.23297143
222,156,-4.2211423,3.6513627,3.0159147,-4.336612,3.465125,3.6546683,0.07025236
222,158,-4.2211423,3.6513627,3.0159147,-4.166904,3.5291386,3.1175838,1.0
222,167,-4.2211423,3.6513627,3.0159147,-4.1385903,4.0735326,2.5430021,0.25749767
222,170,-4.2211423,3.6513627,3.0159147,-4.378089,3.656,3.3191671,0.25932083
222,181,-4.2211423,3.6513627,3.0159147,-4.394031,3.581034,3.448827,0.18201564
222,190,-4.2211423,3.6513627,3.0159147,-4.425003,3.7410045,3.3039408,0.80978197
222,193,-4.2211423,3.6513627,3.0159147,-4.3711505,3.6919017,3.2087283,0.3959909
222,195,-4.2211423,3.6513627,3.0159147,-3.8122373,3.6994274,2.6476853,0.19319515
222,199,-4.2211423,3.6513627,3.0159147,-4.216268,4.0215526,2.420685,0.30754107
222,207,-4.2211423,3.6513627,3.0159147,-3.857924,3.0219877,3.4338005,0.29984924
222,209,-4.2211423,3.6513627,3.0159147,-4.3286543,3.884116,2.7559273,0.7005547
222,212,-4.2211423,3.6513627,3.0159147,-4.3654947,3.8617852,3.2031138,0.28276187
222,228,-4.2211423,3.6513627,3.0159147,-4.159399,3.4746852,3.2900424,1.0
222,230,-4.2211423,3.6513627,3.0159147,-4.480153,3.888685,3.3191183,0.25995895
222,232,-4.2211423,3.6513627,3.0159147,-3.9401472,3.6320245,2.6889462,0.19652386
222,236,-4.2211423,3.6513627,3.0159147,-3.8882737,3.9615755,2.8338509,0.34673306
222,238,-4.2211423,3.6513627,3.0159147,-4.151284,4.0221295,2.9124055,0.22170058
222,257,-4.2211423,3.6513627,3.0159147,-3.960618,3.1467242,3.3123083,0.21424606
222,260,-4.2211423,3.6513627,3.0159147,-4.042843,3.7118225,2.7340434,0.4322676
222,261,-4.2211423,3.6513627,3.0159147,-4.1041937,3.8050632,2.4589767,0.36664963
223,157,-3.6440148,4.6997485,-0.6535732,-3.7973628,4.6982503,0.102790274,0.16101246
223,161,-3.6440148,4.6997485,-0.6535732,-3.8842146,4.632093,-0.37960035,0.22386308
223,180,-3.6440148,4.6997485,-0.6535732,-3.7408388,4.835691,0.08231247,0.24462125
223,182,-3.6440148,4.6997485,-0.6535732,-3.8498662,4.654535,0.79276514,0.28977886
223,186,-3.6440148,4.6997485,-0.6535732,-3.745269,4.8174124,-0.91357124,0.2866487
223,194,-3.6440148,4.6997485,-0.6535732,-3.8797722,4.598453,0.9250966,0.1337118
223,210,-3.6440148,4.6997485,-0.6535732,-3.6662252,4.9066887,-1.255424,0.12527846
223,211,-3.6440148,4.6997485,-0.6535732,-3.6206236,4.8247776,-1.1934066,0.25271785
223,219,-3.6440148,4.6997485,-0.6535732,-3.6309638,4.8247485,-1.1474721,0.3863327
223,237,-3.6440148,4.6997485,-0.6535732,-3.8088415,4.848114,-0.7955228,0.3050942
223,248,-3.6440148,4.6997485,-0.6535732,-3.7543917,4.6686993,0.49681652,0.34473467
223,254,-3.6440148,4.6997485,-0.6535732,-3.6226075,4.80218,-1.1703484,0.18374868
223,259,-3.6440148,4.6997485,-0.6535732,-3.6942208,4.6823506,-0.6845507,1.0
223,262,-3.6440148,4.6997485,-0.6535732,-3.892844,4.7799144,-0.5871446,0.124395736
224,148,-3.899357,3.484056,2.3253663,-3.745649,3.2843413,2.575565,0.80280465
224,164,-3.899357,3.484056,2.3253663,-3.7835417,3.636165,2.5696545,0.09453545
224,168,-3.899357,3.484056,2.3253663,-3.7817118,3.0145872,3.4176698,0.14847638
224,173,-3.899357,3.484056,2.3253663,-3.8003545,3.4258783,2.5209255,1.0
224,188,-3.899357,3.484056,2.3253663,-4.5983887,4.17564,1.611961,0.58367383
224,195,-3.899357,3.484056,2.3253663,-3.8122373,3.6994274,2.6476853,0.11954202
224,214,-3.899357,3.484056,2.3253663,-4.468477,4.175781,1.7760015,0.28309327
224,218,-3.899357,3.484056,2.3253663,-4.3393,4.0926447,2.1705635,0.08353004
224,220,-3.899357,3.484056,2.3253663,-3.7979186,3.4121158,2.5477557,0.53402376
224,226,-3.899357,3.484056,2.3253663,-3.9217265,3.5717297,2.4162185,0.69013274
224,232,-3.899357,3.484056,2.3253663,-3.9401472,3.6320245,2.6889462,0.26949173
224,242,-3.899357,3.484056,2.3253663,-3.761842,3.3685534,2.533515,0.31404528
224,244,-3.899357,3.484056,2.3253663,-4.5764804,4.236023,1.6337113,0.08117678
224,253,-3.899357,3.484056,2.3253663,-4.6303077,4.356958,1.2646945,0.07396511
224,261,-3.899357,3.484056,2.3253663,-4.1041937,3.8050632,2.4589767,0.13346115
225,149,-4.128656,4.8714237,-0.8450116,-4.1019945,4.67307,-0.27672222,0.23786536
225,165,-4.128656,4.8714237,-0.8450116,-4.4658203,4.7172885,0.41534463,0.08264621
225,174,-4.128656,4.8714237,-0.8450116,-4.17743,4.730951,-0.29485747,0.35268176
225,178,-4.128656,4.8714237,-0.8450116,-3.644343,4.8848004,-1.7123351,0.13668637
225,186,-4.128656,4.8714237,-0.8450116,-3.745269,4.8174124,-0.91357124,0.10381079
225,189,-4.128656,4.8714237,-0.8450116,-4.0229793,4.942223,-0.6830569,0.45361108
225,192,-4.128656,4.8714237,-0.8450116,-4.2113037,5.0073223,-0.8903294,0.40452078
225,204,-4.128656,4.8714237,-0.8450116,-4.271085,4.894366,-0.5959218,0.41205686
225,208,-4.128656,4.8714237,-0.8450116,-3.7625196,4.880652,-1.5609525,0.23665138
225,213,-4.128656,4.8714237,-0.8450116,-4.280832,4.799811,-0.41143784,0.45530334
225,221,-4.128656,4.8714237,-0.8450116,-3.791735,4.6517286,-0.5862941,0.057811595
225,227,-4.128656,4.8714237,-0.8450116,-4.1448073,5.0353684,-0.784571,0.3319773
225,231,-4.128656,4.8714237,-0.8450116,-4.618497,4.6199846,0.44851848,0.047445484
225,237,-4.128656,4.8714237,-0.8450116,-3.8088415,4.848114,-0.7955228,0.11437443
225,239,-4.128656,4.8714237,-0.8450116,-4.2633023,5.126459,-0.90806466,0.32035804
225,243,-4.128656,4.8714237,-0.8450116,-4.100326,5.167046,-1.1716694,0.19764394
225,245,-4.128656,4.8714237,-0.8450116,-3.7166715,4.9059734,-1.6551069,0.08236916
225,250,-4.128656,4.8714237,-0.8450116,-4.107379,4.8669324,-0.8025581,1.0
225,258,-4.128656,4.8714237,-0.8450116,-3.6999125,4.873942,-1.6510993,0.20337558
225,262,-4.128656,4.8714237,-0.8450116,-3.892844,4.7799144,-0.5871446,0.2702875
225,264,-4.128656,4.8714237,-0.8450116,-3.8505707,4.617269,0.24272771,0.120211236
226,148,-3.9217265,3.5717297,2.4162185,-3.745649,3.2843413,2.575565,0.23369837
226,152,-3.9217265,3.5717297,2.4162185,-3.973017,3.8441021,2.8048184,0.2958541
226,164,-3.9217265,3.5717297,2.4162185,-3.7835417,3.636165,2.5696545,0.65777785
226,168,-3.9217265,3.5717297,2.4162185,-3.7817118,3.0145872,3.4176698,0.14511967
226,173,-3.9217265,3.5717297,2.4162185,-3.8003545,3.4258783,2.5209255,0.99999994
226,177,-3.9217265,3.5717297,2.4162185,-3.8980122,3.9499445,2.6082432,0.04643887
226,188,-3.9217265,3.5717297,2.4162185,-4.5983887,4.17564,1.611961,0.14115855
226,195,-3.9217265,3.5717297,2.4162185,-3.8122373,3.6994274,2.6476853,0.6211351
226,199,-3.9217265,3.5717297,2.4162185,-4.216268,4.0215526,2.420685,0.010754458
226,214,-3.9217265,3.5717297,2.4162185,-4.468477,4.175781,1.7760015,0.4647176
226,218,-3.9217265,3.5717297,2.4162185,-4.3393,4.0926447,2.1705635,0.36452627
226,220,-3.9217265,3.5717297,2.4162185,-3.7979186,3.4121158,2.5477557,0.59386444
226,224,-3.9217265,3.5717297,2.4162185,-3.899357,3.484056,2.3253663,0.69013274
226,232,-3.9217265,3.5717297,2.4162185,-3.9401472,3.6320245,2.6889462,0.43975532
226,236,-3.9217265,3.5717297,2.4162185,-3.8882737,3.9615755,2.8338509,0.41363272
226,242,-3.9217265,3.5717297,2.4162185,-3.761842,3.3685534,2.533515,0.21087521
226,260,-3.9217265,3.5717297,2.4162185,-4.042843,3.7118225,2.7340434,0.15969819
226,261,-3.9217265,3.5717297,2.4162185,-4.1041937,3.8050632,2.4589767,0.65410495
227,147,-4.1448073,5.0353684,-0.784571,-3.7844005,4.9848604,-1.3346914,0.07505944
227,157,-4.1448073,5.0353684,-0.784571,-3.7973628,4.6982503,0.102790274,0.076843545
227,165,-4.1448073,5.0353684,-0.784571,-4.4658203,4.7172885,0.41534463,0.28393066
227,174,-4.1448073,5.0353684,-0.784571,-4.17743,4.730951,-0.29485747,0.25971508
227,180,-4.1448073,5.0353684,-0.784571,-3.7408388,4.835691,0.08231247,0.56468517
227,186,-4.1448073,5.0353684,-0.784571,-3.745269,4.8174124,-0.91357124,0.35460806
227,189,-4.1448073,5.0353684,-0.784571,-4.0229793,4.942223,-0.6830569,0.73181266
227,192,-4.1448073,5.0353684,-0.784571,-4.2113037,5.0073223,-0.8903294,1.0
227,198,-4.1448073,5.0353684,-0.784571,-4.620432,4.813646,0.5192711,0.14806636
227,204,-4.1448073,5.0353684,-0.784571,-4.271085,4.894366,-0.5959218,0.434839
227,210,-4.1448073,5.0353684,-0.784571,-3.6662252,4.9066887,-1.255424,0.052986573
227,211,-4.1448073,5.0353684,-0.784571,-3.6206236,4.8247776,-1.1934066,0.03739626
227,213,-4.1448073,5.0353684,-0.784571,-4.280832,4.799811,-0.41143784,0.26944447
227,216,-4.1448073,5.0353684,-0.784571,-4.4634733,4.679752,1.0922396,0.23212045
227,219,-4.1448073,5.0353684,-0.784571,-3.6309638,4.8247485,-1.1474721,0.075186074
227,225,-4.1448073,5.0353684,-0.784571,-4.128656,4.8714237,-0.8450116,0.3319773
227,229,-4.1448073,5.0353684,-0.784571,-3.8621202,5.0623713,-1.4352103,0.055156425
227,233,-4.1448073,5.0353684,-0.784571,-3.8150144,5.004103,-1.4995077,0.07564416
227,235,-4.1448073,5.0353684,-0.784571,-3.8584778,5.0326524,-1.5172952,0.12838858
227,237,-4.1448073,5.0353684,-0.784571,-3.8088415,4.848114,-0.7955228,0.4534666
227,239,-4.1448073,5.0353684,-0.784571,-4.2633023,5.126459,-0.90806466,0.95768917
227,243,-4.1448073,5.0353684,-0.784571,-4.100326,5.167046,-1.1716694,0.8767373
227,247,-4.1448073,5.0353684,-0.784571,-4.2818494,4.830991,-0.4274453,0.21594837
227,250,-4.1448073,5.0353684,-0.784571,-4.107379,4.8669324,-0.8025581,0.209707
227,256,-4.1448073,5.0353684,-0.784571,-3.86573,5.0511727,-1.38969,0.09357361
227,262,-4.1448073,5.0353684,-0.784571,-3.892844,4.7799144,-0.5871446,0.17869861
228,146,-4.159399,3.4746852,3.2900424,-3.893581,3.05006,3.4375284,0.34187707
228,151,-4.159399,3.4746852,3.2900424,-3.8642476,3.200863,3.1331284,0.40273663
228,152,-4.159399,3.4746852,3.2900424,-3.973017,3.8441021,2.8048184,0.34351748
228,154,-4.159399,3.4746852,3.2900424,-4.048519,2.898631,3.8817124,0.12383309
228,156,-4.159399,3.4746852,3.2900424,-4.336612,3.465125,3.6546683,0.10204628
228,158,-4.159399,3.4746852,3.2900424,-4.166904,3.5291386,3.1175838,0.9914321
228,164,-4.159399,3.4746852,3.2900424,-3.7835417,3.636165,2.5696545,0.20932436
228,170,-4.159399,3.4746852,3.2900424,-4.378089,3.656,3.3191671,0.25674066
228,176,-4.159399,3.4746852,3.2900424,-4.2633066,3.3348503,3.7855084,0.33406234
228,177,-4.159399,3.4746852,3.2900424,-3.8980122,3.9499445,2.6082432,0.085832626
228,181,-4.159399,3.4746852,3.2900424,-4.394031,3.581034,3.448827,0.3804164
228,190,-4.159399,3.4746852,3.2900424,-4.425003,3.7410045,3.3039408,0.29313427
228,193,-4.159399,3.4746852,3.2900424,-4.3711505,3.6919017,3.2087283,0.4649238
228,195,-4.159399,3.4746852,3.2900424,-3.8122373,3.6994274,2.6476853,0.33196542
228,207,-4.159399,3.4746852,3.2900424,-3.857924,3.0219877,3.4338005,0.22956422
228,212,-4.159399,3.4746852,3.2900424,-4.3654947,3.8617852,3.2031138,0.15650345
228,222,-4.159399,3.4746852,3.2900424,-4.2211423,3.6513627,3.0159147,1.0
228,230,-4.159399,3.4746852,3.2900424,-4.480153,3.888685,3.3191183,0.17652789
228,232,-4.159399,3.4746852,3.2900424,-3.9401472,3.6320245,2.6889462,0.07940938
228,236,-4.159399,3.4746852,3.2900424,-3.8882737,3.9615755,2.8338509,0.4616325
228,238,-4.159399,3.4746852,3.2900424,-4.151284,4.0221295,2.9124055,0.09755631
228,249,-4.159399,3.4746852,3.2900424,-4.296111,3.4337256,3.754147,0.10452371
228,251,-4.159399,3.4746852,3.2900424,-4.2514133,3.2699108,3.8119323,0.3112625
228,260,-4.159399,3.4746852,3.2900424,-4.042843,3.7118225,2.7340434,0.20565037
228,261,-4.159399,3.4746852,3.2900424,-4.1041937,3.8050632,2.4589767,0.11687611
229,147,-3.8621202,5.0623713,-1.4352103,-3.7844005,4.9848604,-1.3346914,0.34938517
229,178,-3.8621202,5.0623713,-1.4352103,-3.644343,4.8848004,-1.7123351,0.15672438
229,186,-3.8621202,5.0623713,-1.4352103,-3.745269,4.8174124,-0.91357124,0.09718412
229,189,-3.8621202,5.0623713,-1.4352103,-4.0229793,4.942223,-0.6830569,0.056866698
229,192,-3.8621202,5.0623713,-1.4352103,-4.2113037,5.0073223,-0.8903294,0.07491059
229,210,-3.8621202,5.0623713,-1.4352103,-3.6662252,4.9066887,-1.255424,0.8990959
229,211,-3.8621202,5.0623713,-1.4352103,-3.6206236,4.8247776,-1.1934066,0.18866086
229,219,-3.8621202,5.0623713,-1.4352103,-3.6309638,4.8247485,-1.1474721,0.05999689
229,227,-3.8621202,5.0623713,-1.4352103,-4.1448073,5.0353684,-0.784571,0.055156425
229,233,-3.8621202,5.0623713,-1.4352103,-3.8150144,5.004103,-1.4995077,1.0
229,235,-3.8621202,5.0623713,-1.4352103,-3.8584778,5.0326524,-1.5172952,0.907934
229,237,-3.8621202,5.0623713,-1.4352103,-3.8088415,4.848114,-0.7955228,0.10995186
229,243,-3.8621202,5.0623713,-1.4352103,-4.100326,5.167046,-1.1716694,0.23551033
229,245,-3.8621202,5.0623713,-1.4352103,-3.7166715,4.9059734,-1.6551069,0.17707168
229,254,-3.8621202,5.0623713,-1.4352103,-3.6226075,4.80218,-1.1703484,0.050244782
229,256,-3.8621202,5.0623713,-1.4352103,-3.86573,5.0511727,-1.38969,0.3562043
230,156,-4.480153,3.888685,3.3191183,-4.336612,3.465125,3.6546683,0.37499583
230,158,-4.480153,3.888685,3.3191183,-4.166904,3.5291386,3.1175838,0.19396755
230,167,-4.480153,3.888685,3.3191183,-4.1385903,4.0735326,2.5430021,0.17307292
230,170,-4.480153,3.888685,3.3191183,-4.378089,3.656,3.3191671,0.08907551
230,181,-4.480153,3.888685,3.3191183,-4.394031,3.581034,3.448827,0.06696973
230,190,-4.480153,3.888685,3.3191183,-4.425003,3.7410045,3.3039408,0.49152815
230,207,-4.480153,3.888685,3.3191183,-3.857924,3.0219877,3.4338005,0.1774638
230,209,-4.480153,3.888685,3.3191183,-4.3286543,3.884116,2.7559273,0.44211704
230,212,-4.480153,3.888685,3.3191183,-4.3654947,3.8617852,3.2031138,1.0
230,218,-4.480153,3.888685,3.3191183,-4.3393,4.0926447,2.1705635,0.15259457
230,222,-4.480153,3.888685,3.3191183,-4.2211423,3.6513627,3.0159147,0.25995895
230,228,-4.480153,3.888685,3.3191183,-4.159399,3.4746852,3.2900424,0.17652789
230,236,-4.480153,3.888685,3.3191183,-3.8882737,3.9615755,2.8338509,0.18795931
230,238,-4.480153,3.888685,3.3191183,-4.151284,4.0221295,2.9124055,0.3806585
230,249,-4.480153,3.888685,3.3191183,-4.296111,3.4337256,3.754147,0.15924996
230,255,-4.480153,3.888685,3.3191183,-4.143964,3.8064482,3.4166076,0.48070684
230,257,-4.480153,3.888685,3.3191183,-3.960618,3.1467242,3.3123083,0.31032348
231,149,-4.618497,4.6199846,0.44851848,-4.1019945,4.67307,-0.27672222,0.08210226
231,150,-4.618497,4.6199846,0.44851848,-4.2360873,4.452453,0.5340996,0.09521475
231,165,-4.618497,4.6199846,0.44851848,-4.4658203,4.7172885,0.41534463,0.11345457
231,166,-4.618497,4.6199846,0.44851848,-4.374933,4.5930367,0.04182807,0.9742216
231,174,-4.618497,4.6199846,0.44851848,-4.17743,4.730951,-0.29485747,0.15104854
231,179,-4.618497,4.6199846,0.44851848,-4.571914,4.6284122,0.71254724,0.7901072
231,188,-4.618497,4.6199846,0.44851848,-4.5983887,4.17564,1.611961,0.021306142
231,196,-4.618497,4.6199846,0.44851848,-4.529231,4.5781426,0.524425,0.99999994
231,198,-4.618497,4.6199846,0.44851848,-4.620432,4.813646,0.5192711,0.060400758
231,204,-4.618497,4.6199846,0.44851848,-4.271085,4.894366,-0.5959218,0.053096533
231,213,-4.618497,4.6199846,0.44851848,-4.280832,4.799811,-0.41143784,0.31622025
231,225,-4.618497,4.6199846,0.44851848,-4.128656,4.8714237,-0.8450116,0.047445484
231,244,-4.618497,4.6199846,0.44851848,-4.5764804,4.236023,1.6337113,0.021885011
231,253,-4.618497,4.6199846,0.44851848,-4.6303077,4.356958,1.2646945,0.30249602
232,148,-3.9401472,3.6320245,2.6889462,-3.745649,3.2843413,2.575565,0.14898866
232,151,-3.9401472,3.6320245,2.6889462,-3.8642476,3.200863,3.1331284,0.1603031
232,152,-3.9401472,3.6320245,2.6889462,-3.973017,3.8441021,2.8048184,0.19182742
232,158,-3.9401472,3.6320245,2.6889462,-4.166904,3.5291386,3.1175838,0.19929099
232,164,-3.9401472,3.6320245,2.6889462,-3.7835417,3.636165,2.5696545,0.3047036
232,173,-3.9401472,3.6320245,2.6889462,-3.8003545,3.4258783,2.5209255,0.341961
232,177,-3.9401472,3.6320245,2.6889462,-3.8980122,3.9499445,2.6082432,0.062777944
232,193,-3.9401472,3.6320245,2.6889462,-4.3711505,3.6919017,3.2087283,0.117393546
232,195,-3.9401472,3.6320245,2.6889462,-3.8122373,3.6994274,2.6476853,0.9501286
232,199,-3.9401472,3.6320245,2.6889462,-4.216268,4.0215526,2.420685,0.27637696
232,220,-3.9401472,3.6320245,2.6889462,-3.7979186,3.4121158,2.5477557,0.36435905
232,222,-3.9401472,3.6320245,2.6889462,-4.2211423,3.6513627,3.0159147,0.19652386
232,224,-3.9401472,3.6320245,2.6889462,-3.899357,3.484056,2.3253663,0.26949173
232,226,-3.9401472,3.6320245,2.6889462,-3.9217265,3.5717297,2.4162185,0.43975532
232,228,-3.9401472,3.6320245,2.6889462,-4.159399,3.4746852,3.2900424,0.07940938
232,236,-3.9401472,3.6320245,2.6889462,-3.8882737,3.9615755,2.8338509,0.22352831
232,242,-3.9401472,3.6320245,2.6889462,-3.761842,3.3685534,2.533515,0.124595374
232,260,-3.9401472,3.6320245,2.6889462,-4.042843,3.7118225,2.7340434,1.0
232,261,-3.9401472,3.6320245,2.6889462,-4.1041937,3.8050632,2.4589767,0.7293408
233,147,-3.8150144,5.004103,-1.4995077,-3.7844005,4.9848604,-1.3346914,0.3480677
233,178,-3.8150144,5.004103,-1.4995077,-3.644343,4.8848004,-1.7123351,0.25129417
233,186,-3.8150144,5.004103,-1.4995077,-3.745269,4.8174124,-0.91357124,0.09237522
233,192,-3.8150144,5.004103,-1.4995077,-4.2113037,5.0073223,-0.8903294,0.11212827
233,208,-3.8150144,5.004103,-1.4995077,-3.7625196,4.880652,-1.5609525,0.33545625
233,210,-3.8150144,5.004103,-1.4995077,-3.6662252,4.9066887,-1.255424,0.551831
233,211,-3.8150144,5.004103,-1.4995077,-3.6206236,4.8247776,-1.1934066,0.13687375
233,227,-3.8150144,5.004103,-1.4995077,-4.1448073,5.0353684,-0.784571,0.07564416
233,229,-3.8150144,5.004103,-1.4995077,-3.8621202,5.0623713,-1.4352103,1.0
233,235,-3.8150144,5.004103,-1.4995077,-3.8584778,5.0326524,-1.5172952,1.0
233,237,-3.8150144,5.004103,-1.4995077,-3.8088415,4.848114,-0.7955228,0.091185614
233,243,-3.8150144,5.004103,-1.4995077,-4.100326,5.167046,-1.1716694,0.29002205
233,245,-3.8150144,5.004103,-1.4995077,-3.7166715,4.9059734,-1.6551069,0.6828787
233,256,-3.8150144,5.004103,-1.4995077,-3.86573,5.0511727,-1.38969,0.9653885
233,258,-3.8150144,5.004103,-1.4995077,-3.6999125,4.873942,-1.6510993,0.33611214
234,150,-4.416983,4.309493,1.650405,-4.2360873,4.452453,0.5340996,0.07592993
234,153,-4.416983,4.309493,1.650405,-4.221402,4.5950365,1.1576822,0.32038003
234,155,-4.416983,4.309493,1.650405,-4.008947,4.423037,1.2317771,0.29669216
234,169,-4.416983,4.309493,1.650405,-3.97832,4.533224,1.1654712,0.117674135
234,171,-4.416983,4.309493,1.650405,-4.0093493,4.3117995,1.408874,0.36169875
234,175,-4.416983,4.309493,1.650405,-4.3015156,4.6594114,1.0442945,0.10393159
234,179,-4.416983,4.309493,1.650405,-4.571914,4.6284122,0.71254724,0.47100025
234,188,-4.416983,4.309493,1.650405,-4.5983887,4.17564,1.611961,0.23323491
234,196,-4.416983,4.309493,1.650405,-4.529231,4.5781426,0.524425,0.118203185
234,198,-4.416983,4.309493,1.650405,-4.620432,4.813646,0.5192711,0.080975376
234,199,-4.416983,4.309493,1.650405,-4.216268,4.0215526,2.420685,0.45715082
234,200,-4.416983,4.309493,1.650405,-4.1074424,4.520471,1.336639,0.14027634
234,202,-4.416983,4.309493,1.650405,-4.257735,4.5021877,1.587496,0.3997464
234,206,-4.416983,4.309493,1.650405,-4.2376256,4.541178,1.1874328,0.07623262
234,214,-4.416983,4.309493,1.650405,-4.468477,4.175781,1.7760015,0.84445226
234,215,-4.416983,4.309493,1.650405,-4.28532,4.6682076,1.2897747,0.31279993
234,216,-4.416983,4.309493,1.650405,-4.4634733,4.679752,1.0922396,0.34913665
234,217,-4.416983,4.309493,1.650405,-4.1463413,4.3141227,1.2898979,0.4032163
234,218,-4.416983,4.309493,1.650405,-4.3393,4.0926447,2.1705635,0.4443342
234,240,-4.416983,4.309493,1.650405,-4.4720516,4.3489637,1.3768005,0.21319889
234,241,-4.416983,4.309493,1.650405,-4.4250336,4.277188,1.8913126,1.0
234,244,-4.416983,4.309493,1.650405,-4.5764804,4.236023,1.6337113,1.0
234,246,-4.416983,4.309493,1.650405,-4.238398,4.4086924,1.3851926,0.58604985
234,253,-4.416983,4.309493,1.650405,-4.6303077,4.356958,1.2646945,0.1897424
234,261,-4.416983,4.309493,1.650405,-4.1041937,3.8050632,2.4589767,0.1287961
235,147,-3.8584778,5.0326524,-1.5172952,-3.7844005,4.9848604,-1.3346914,0.17962348
235,178,-3.8584778,5.0326524,-1.5172952,-3.644343,4.8848004,-1.7123351,0.2112636
235,186,-3.8584778,5.0326524,-1.5172952,-3.745269,4.8174124,-0.91357124,0.10103994
235,189,-3.8584778,5.0326524,-1.5172952,-4.0229793,4.942223,-0.6830569,0.109716624
235,192,-3.8584778,5.0326524,-1.5172952,-4.2113037,5.0073223,-0.8903294,0.16684487
235,208,-3.8584778,5.0326524,-1.5172952,-3.7625196,4.880652,-1.5609525,0.19501124
235,210,-3.8584778,5.0326524,-1.5172952,-3.6662252,4.9066887,-1.255424,0.34277368
235,211,-3.8584778,5.0326524,-1.5172952,-3.6206236,4.8247776,-1.1934066,0.10521617
235,227,-3.8584778,5.0326524,-1.5172952,-4.1448073,5.0353684,-0.784571,0.12838858
235,229,-3.8584778,5.0326524,-1.5172952,-3.8621202,5.0623713,-1.4352103,0.907934
235,233,-3.8584778,5.0326524,-1.5172952,-3.8150144,5.004103,-1.4995077,1.0
235,237,-3.8584778,5.0326524,-1.5172952,-3.8088415,4.848114,-0.7955228,0.111341156
235,239,-3.8584778,5.0326524,-1.5172952,-4.2633023,5.126459,-0.90806466,0.118340366
235,243,-3.8584778,5.0326524,-1.5172952,-4.100326,5.167046,-1.1716694,0.6684722
235,245,-3.8584778,5.0326524,-1.5172952,-3.7166715,4.9059734,-1.6551069,0.66510797
235,256,-3.8584778,5.0326524,-1.5172952,-3.86573,5.0511727,-1.38969,0.6202482
235,258,-3.8584778,5.0326524,-1.5172952,-3.6999125,4.873942,-1.6510993,0.20350593
236,152,-3.8882737,3.9615755,2.8338509,-3.973017,3.8441021,2.8048184,1.0
236,158,-3.8882737,3.9615755,2.8338509,-4.166904,3.5291386,3.1175838,0.29670855
236,160,-3.8882737,3.9615755,2.8338509,-3.7310452,2.8748763,3.704944,0.05545769
236,164,-3.8882737,3.9615755,2.8338509,-3.7835417,3.636165,2.5696545,0.7658309
236,167,-3.8882737,3.9615755,2.8338509,-4.1385903,4.0735326,2.5430021,0.42956853
236,168,-3.8882737,3.9615755,2.8338509,-3.7817118,3.0145872,3.4176698,0.07060971
236,173,-3.8882737,3.9615755,2.8338509,-3.8003545,3.4258783,2.5209255,0.08832008
236,176,-3.8882737,3.9615755,2.8338509,-4.2633066,3.3348503,3.7855084,0.16121642
236,177,-3.8882737,3.9615755,2.8338509,-3.8980122,3.9499445,2.6082432,0.2663148
236,190,-3.8882737,3.9615755,2.8338509,-4.425003,3.7410045,3.3039408,0.018560858
236,193,-3.8882737,3.9615755,2.8338509,-4.3711505,3.6919017,3.2087283,0.04738707
236,195,-3.8882737,3.9615755,2.8338509,-3.8122373,3.6994274,2.6476853,0.54978585
236,197,-3.8882737,3.9615755,2.8338509,-3.910892,2.9924216,3.75184,0.22585306
236,199,-3.8882737,3.9615755,2.8338509,-4.216268,4.0215526,2.420685,0.29081172
236,203,-3.8882737,3.9615755,2.8338509,-4.1459193,3.1558316,3.8885822,0.07184536
236,207,-3.8882737,3.9615755,2.8338509,-3.857924,3.0219877,3.4338005,0.060034968
236,209,-3.8882737,3.9615755,2.8338509,-4.3286543,3.884116,2.7559273,0.08032789
236,212,-3.8882737,3.9615755,2.8338509,-4.3654947,3.8617852,3.2031138,0.1341832
236,214,-3.8882737,3.9615755,2.8338509,-4.468477,4.175781,1.7760015,0.045005083
236,218,-3.8882737,3.9615755,2.8338509,-4.3393,4.0926447,2.1705635,0.3904084
236,220,-3.8882737,3.9615755,2.8338509,-3.7979186,3.4121158,2.5477557,0.14607064
236,222,-3.8882737,3.9615755,2.8338509,-4.2211423,3.6513627,3.0159147,0.34673306
236,226,-3.8882737,3.9615755,2.8338509,-3.9217265,3.5717297,2.4162185,0.41363272
236,228,-3.8882737,3.9615755,2.8338509,-4.159399,3.4746852,3.2900424,0.4616325
236,230,-3.8882737,3.9615755,2.8338509,-4.480153,3.888685,3.3191183,0.18795931
236,232,-3.8882737,3.9615755,2.8338509,-3.9401472,3.6320245,2.6889462,0.22352831
236,238,-3.8882737,3.9615755,2.8338509,-4.151284,4.0221295,2.9124055,0.83525753
236,242,-3.8882737,3.9615755,2.8338509,-3.761842,3.3685534,2.533515,0.06558812
236,249,-3.8882737,3.9615755,2.8338509,-4.296111,3.4337256,3.754147,0.12869585
236,251,-3.8882737,3.9615755,2.8338509,-4.2514133,3.2699108,3.8119323,0.09258747
236,255,-3.8882737,3.9615755,2.8338509,-4.143964,3.8064482,3.4166076,0.35331255
236,257,-3.8882737,3.9615755,2.8338509,-3.960618,3.1467242,3.3123083,0.13076057
236,260,-3.8882737,3.9615755,2.8338509,-4.042843,3.7118225,2.7340434,0.13170588
236,261,-3.8882737,3.9615755,2.8338509,-4.1041937,3.8050632,2.4589767,0.43537986
236,263,-3.8882737,3.9615755,2.8338509,-3.9039545,4.1749253,2.089513,0.09621761
237,147,-3.8088415,4.848114,-0.7955228,-3.7844005,4.9848604,-1.3346914,0.37058592
237,149,-3.8088415,4.848114,-0.7955228,-4.1019945,4.67307,-0.27672222,0.09296328
237,157,-3.8088415,4.848114,-0.7955228,-3.7973628,4.6982503,0.102790274,0.1280818
237,161,-3.8088415,4.848114,-0.7955228,-3.8842146,4.632093,-0.37960035,0.1418062
237,163,-3.8088415,4.848114,-0.7955228,-3.78346,4.6043262,-0.5858149,0.08710214
237,174,-3.8088415,4.848114,-0.7955228,-4.17743,4.730951,-0.29485747,0.21454498
237,180,-3.8088415,4.848114,-0.7955228,-3.7408388,4.835691,0.08231247,0.5031288
237,186,-3.8088415,4.848114,-0.7955228,-3.745269,4.8174124,-0.91357124,1.0
237,189,-3.8088415,4.848114,-0.7955228,-4.0229793,4.942223,-0.6830569,0.8727642
237,192,-3.8088415,4.848114,-0.7955228,-4.2113037,5.0073223,-0.8903294,0.47193316
237,204,-3.8088415,4.848114,-0.7955228,-4.271085,4.894366,-0.5959218,0.32946712
237,210,-3.8088415,4.848114,-0.7955228,-3.6662252,4.9066887,-1.255424,0.26815602
237,211,-3.8088415,4.848114,-0.7955228,-3.6206236,4.8247776,-1.1934066,0.4203643
237,213,-3.8088415,4.848114,-0.7955228,-4.280832,4.799811,-0.41143784,0.11093807
237,219,-3.8088415,4.848114,-0.7955228,-3.6309638,4.8247485,-1.1474721,0.37110823
237,221,-3.8088415,4.848114,-0.7955228,-3.791735,4.6517286,-0.5862941,0.29318345
237,223,-3.8088415,4.848114,-0.7955228,-3.6440148,4.6997485,-0.6535732,0.3050942
237,225,-3.8088415,4.848114,-0.7955228,-4.128656,4.8714237,-0.8450116,0.11437443
237,227,-3.8088415,4.848114,-0.7955228,-4.1448073,5.0353684,-0.784571,0.4534666
237,229,-3.8088415,4.848114,-0.7955228,-3.8621202,5.0623713,-1.4352103,0.10995186
237,233,-3.8088415,4.848114,-0.7955228,-3.8150144,5.004103,-1.4995077,0.091185614
237,235,-3.8088415,4.848114,-0.7955228,-3.8584778,5.0326524,-1.5172952,0.111341156
237,239,-3.8088415,4.848114,-0.7955228,-4.2633023,5.126459,-0.90806466,0.07910885
237,243,-3.8088415,4.848114,-0.7955228,-4.100326,5.167046,-1.1716694,0.09047171
237,247,-3.8088415,4.848114,-0.7955228,-4.2818494,4.830991,-0.4274453,0.1267772
237,250,-3.8088415,4.848114,-0.7955228,-4.107379,4.8669324,-0.8025581,0.15749402
237,254,-3.8088415,4.848114,-0.7955228,-3.6226075,4.80218,-1.1703484,0.3311932
237,256,-3.8088415,4.848114,-0.7955228,-3.86573,5.0511727,-1.38969,0.07173612
237,259,-3.8088415,4.848114,-0.7955228,-3.6942208,4.6823506,-0.6845507,0.6837741
237,262,-3.8088415,4.848114,-0.7955228,-3.892844,4.7799144,-0.5871446,0.7132679
238,152,-4.151284,4.0221295,2.9124055,-3.973017,3.8441021,2.8048184,0.8423092
238,164,-4.151284,4.0221295,2.9124055,-3.7835417,3.636165,2.5696545,0.1861282
238,167,-4.151284,4.0221295,2.9124055,-4.1385903,4.0735326,2.5430021,1.0
238,171,-4.151284,4.0221295,2.9124055,-4.0093493,4.3117995,1.408874,0.19463503
238,176,-4.151284,4.0221295,2.9124055,-4.2633066,3.3348503,3.7855084,0.15642656
238,177,-4.151284,4.0221295,2.9124055,-3.8980122,3.9499445,2.6082432,0.14608188
238,181,-4.151284,4.0221295,2.9124055,-4.394031,3.581034,3.448827,0.09981849
238,190,-4.151284,4.0221295,2.9124055,-4.425003,3.7410045,3.3039408,0.21677914
238,199,-4.151284,4.0221295,2.9124055,-4.216268,4.0215526,2.420685,0.28420857
238,202,-4.151284,4.0221295,2.9124055,-4.257735,4.5021877,1.587496,0.09798295
238,209,-4.151284,4.0221295,2.9124055,-4.3286543,3.884116,2.7559273,0.07709867
238,212,-4.151284,4.0221295,2.9124055,-4.3654947,3.8617852,3.2031138,0.23603275
238,218,-4.151284,4.0221295,2.9124055,-4.3393,4.0926447,2.1705635,0.3458982
238,222,-4.151284,4.0221295,2.9124055,-4.2211423,3.6513627,3.0159147,0.22170058
238,228,-4.151284,4.0221295,2.9124055,-4.159399,3.4746852,3.2900424,0.09755631
238,230,-4.151284,4.0221295,2.9124055,-4.480153,3.888685,3.3191183,0.3806585
238,236,-4.151284,4.0221295,2.9124055,-3.8882737,3.9615755,2.8338509,0.83525753
238,249,-4.151284,4.0221295,2.9124055,-4.296111,3.4337256,3.754147,0.2233569
238,255,-4.151284,4.0221295,2.9124055,-4.143964,3.8064482,3.4166076,0.99999994
238,261,-4.151284,4.0221295,2.9124055,-4.1041937,3.8050632,2.4589767,0.12596609
238,263,-4.151284,4.0221295,2.9124055,-3.9039545,4.1749253,2.089513,0.34622282
239,165,-4.2633023,5.126459,-0.90806466,-4.4658203,4.7172885,0.41534463,0.11820747
239,174,-4.2633023,5.126459,-0.90806466,-4.17743,4.730951,-0.29485747,0.077328674
239,189,-4.2633023,5.126459,-0.90806466,-4.0229793,4.942223,-0.6830569,0.18747707
239,192,-4.2633023,5.126459,-0.90806466,-4.2113037,5.0073223,-0.8903294,1.0
239,198,-4.2633023,5.126459,-0.90806466,-4.620432,4.813646,0.5192711,0.97009504
239,204,-4.2633023,5.126459,-0.90806466,-4.271085,4.894366,-0.5959218,0.31320447
239,208,-4.2633023,5.126459,-0.90806466,-3.7625196,4.880652,-1.5609525,0.17868833
239,213,-4.2633023,5.126459,-0.90806466,-4.280832,4.799811,-0.41143784,0.22116017
239,216,-4.2633023,5.126459,-0.90806466,-4.4634733,4.679752,1.0922396,0.108709335
239,225,-4.2633023,5.126459,-0.90806466,-4.128656,4.8714237,-0.8450116,0.32035804
239,227,-4.2633023,5.126459,-0.90806466,-4.1448073,5.0353684,-0.784571,0.95768917
239,235,-4.2633023,5.126459,-0.90806466,-3.8584778,5.0326524,-1.5172952,0.118340366
239,237,-4.2633023,5.126459,-0.90806466,-3.8088415,4.848114,-0.7955228,0.07910885
239,243,-4.2633023,5.126459,-0.90806466,-4.100326,5.167046,-1.1716694,0.7727565
239,247,-4.2633023,5.126459,-0.90806466,-4.2818494,4.830991,-0.4274453,0.26057342
239,250,-4.2633023,5.126459,-0.90806466,-4.107379,4.8669324,-0.8025581,0.18302092
239,256,-4.2633023,5.126459,-0.90806466,-3.86573,5.0511727,-1.38969,0.22294927
240,153,-4.4720516,4.3489637,1.3768005,-4.221402,4.5950365,1.1576822,0.06753419
240,155,-4.4720516,4.3489637,1.3768005,-4.008947,4.423037,1.2317771,0.15328366
240,169,-4.4720516,4.3489637,1.3768005,-3.97832,4.533224,1.1654712,0.21250385
240,179,-4.4720516,4.3489637,1.3768005,-4.571914,4.6284122,0.71254724,0.09377705
240,180,-4.4720516,4.3489637,1.3768005,-3.7408388,4.835691,0.08231247,0.04760877
240,184,-4.4720516,4.3489637,1.3768005,-3.9856439,4.5058722,0.47964877,0.15879971
240,188,-4.4720516,4.3489637,1.3768005,-4.5983887,4.17564,1.611961,0.6178843
240,214,-4.4720516,4.3489637,1.3768005,-4.468477,4.175781,1.7760015,0.24533316
240,215,-4.4720516,4.3489637,1.3768005,-4.28532,4.6682076,1.2897747,0.07854845
240,216,-4.4720516,4.3489637,1.3768005,-4.4634733,4.679752,1.0922396,0.49506462
240,234,-4.4720516,4.3489637,1.3768005,-4.416983,4.309493,1.650405,0.21319889
240,244,-4.4720516,4.3489637,1.3768005,-4.5764804,4.236023,1.6337113,0.44083065
240,246,-4.4720516,4.3489637,1.3768005,-4.238398,4.4086924,1.3851926,0.6355375
240,253,-4.4720516,4.3489637,1.3768005,-4.6303077,4.356958,1.2646945,0.99999994
240,264,-4.4720516,4.3489637,1.3768005,-3.8505707,4.617269,0.24272771,0.29468346
241,153,-4.4250336,4.277188,1.8913126,-4.221402,4.5950365,1.1576822,0.013155411
241,175,-4.4250336,4.277188,1.8913126,-4.3015156,4.6594114,1.0442945,0.053217765
241,179,-4.4250336,4.277188,1.8913126,-4.571914,4.6284122,0.71254724,0.11161721
241,196,-4.4250336,4.277188,1.8913126,-4.529231,4.5781426,0.524425,0.12012758
241,198,-4.4250336,4.277188,1.8913126,-4.620432,4.813646,0.5192711,0.098757416
241,199,-4.4250336,4.277188,1.8913126,-4.216268,4.0215526,2.420685,0.990166
241,200,-4.4250336,4.277188,1.8913126,-4.1074424,4.520471,1.336639,0.09538652
241,202,-4.4250336,4.277188,1.8913126,-4.257735,4.5021877,1.587496,0.8592484
241,206,-4.4250336,4.277188,1.8913126,-4.2376256,4.541178,1.1874328,0.0738747
241,209,-4.4250336,4.277188,1.8913126,-4.3286543,3.884116,2.7559273,0.6154466
241,214,-4.4250336,4.277188,1.8913126,-4.468477,4.175781,1.7760015,0.10915853
241,215,-4.4250336,4.277188,1.8913126,-4.28532,4.6682076,1.2897747,0.082364134
241,217,-4.4250336,4.277188,1.8913126,-4.1463413,4.3141227,1.2898979,0.023511859
241,218,-4.4250336,4.277188,1.8913126,-4.3393,4.0926447,2.1705635,0.03920718
241,234,-4.4250336,4.277188,1.8913126,-4.416983,4.309493,1.650405,1.0
241,244,-4.4250336,4.277188,1.8913126,-4.5764804,4.236023,1.6337113,0.58117604
241,261,-4.4250336,4.277188,1.8913126,-4.1041937,3.8050632,2.4589767,0.04447519
242,148,-3.761842,3.3685534,2.533515,-3.745649,3.2843413,2.575565,0.5802297
242,151,-3.761842,3.3685534,2.533515,-3.8642476,3.200863,3.1331284,0.11849667
242,152,-3.761842,3.3685534,2.533515,-3.973017,3.8441021,2.8048184,0.07655469
242,164,-3.761842,3.3685534,2.533515,-3.7835417,3.636165,2.5696545,0.32092083
242,168,-3.761842,3.3685534,2.533515,-3.7817118,3.0145872,3.4176698,0.06838532
242,173,-3.761842,3.3685534,2.533515,-3.8003545,3.4258783,2.5209255,0.8112018
242,177,-3.761842,3.3685534,2.533515,-3.8980122,3.9499445,2.6082432,0.06380014
242,195,-3.761842,3.3685534,2.533515,-3.8122373,3.6994274,2.6476853,0.24132177
242,197,-3.761842,3.3685534,2.533515,-3.910892,2.9924216,3.75184,0.074141406
242,220,-3.761842,3.3685534,2.533515,-3.7979186,3.4121158,2.5477557,1.0
242,224,-3.761842,3.3685534,2.533515,-3.899357,3.484056,2.3253663,0.31404528
242,226,-3.761842,3.3685534,2.533515,-3.9217265,3.5717297,2.4162185,0.21087521
242,232,-3.761842,3.3685534,2.533515,-3.9401472,3.6320245,2.6889462,0.124595374
242,236,-3.761842,3.3685534,2.533515,-3.8882737,3.9615755,2.8338509,0.06558812
243,147,-4.100326,5.167046,-1.1716694,-3.7844005,4.9848604,-1.3346914,0.03893546
243,178,-4.100326,5.167046,-1.1716694,-3.644343,4.8848004,-1.7123351,0.1047602
243,180,-4.100326,5.167046,-1.1716694,-3.7408388,4.835691,0.08231247,0.15364492
243,186,-4.100326,5.167046,-1.1716694,-3.745269,4.8174124,-0.91357124,0.05138922
243,189,-4.100326,5.167046,-1.1716694,-4.0229793,4.942223,-0.6830569,0.19896203
243,192,-4.100326,5.167046,-1.1716694,-4.2113037,5.0073223,-0.8903294,1.0
243,210,-4.100326,5.167046,-1.1716694,-3.6662252,4.9066887,-1.255424,0.09745092
243,225,-4.100326,5.167046,-1.1716694,-4.128656,4.8714237,-0.8450116,0.19764394
243,227,-4.100326,5.167046,-1.1716694,-4.1448073,5.0353684,-0.784571,0.8767373
243,229,-4.100326,5.167046,-1.1716694,-3.8621202,5.0623713,-1.4352103,0.23551033
243,233,-4.100326,5.167046,-1.1716694,-3.8150144,5.004103,-1.4995077,0.29002205
243,235,-4.100326,5.167046,-1.1716694,-3.8584778,5.0326524,-1.5172952,0.6684722
243,237,-4.100326,5.167046,-1.1716694,-3.8088415,4.848114,-0.7955228,0.09047171
243,239,-4.100326,5.167046,-1.1716694,-4.2633023,5.126459,-0.90806466,0.7727565
243,245,-4.100326,5.167046,-1.1716694,-3.7166715,4.9059734,-1.6551069,0.10851375
243,250,-4.100326,5.167046,-1.1716694,-4.107379,4.8669324,-0.8025581,0.19615877
243,256,-4.100326,5.167046,-1.1716694,-3.86573,5.0511727,-1.38969,0.4931214
244,179,-4.5764804,4.236023,1.6337113,-4.571914,4.6284122,0.71254724,0.5952207
244,188,-4.5764804,4.236023,1.6337113,-4.5983887,4.17564,1.611961,0.99999994
244,198,-4.5764804,4.236023,1.6337113,-4.620432,4.813646,0.5192711,0.4170795
244,199,-4.5764804,4.236023,1.6337113,-4.216268,4.0215526,2.420685,0.13281056
244,214,-4.5764804,4.236023,1.6337113,-4.468477,4.175781,1.7760015,0.8837117
244,215,-4.5764804,4.236023,1.6337113,-4.28532,4.6682076,1.2897747,0.14619802
244,216,-4.5764804,4.236023,1.6337113,-4.4634733,4.679752,1.0922396,0.34392083
244,218,-4.5764804,4.236023,1.6337113,-4.3393,4.0926447,2.1705635,0.30467412
244,224,-4.5764804,4.236023,1.6337113,-3.899357,3.484056,2.3253663,0.08117678
244,231,-4.5764804,4.236023,1.6337113,-4.618497,4.6199846,0.44851848,0.021885011
244,234,-4.5764804,4.236023,1.6337113,-4.416983,4.309493,1.650405,1.0
244,240,-4.5764804,4.236023,1.6337113,-4.4720516,4.3489637,1.3768005,0.44083065
244,241,-4.5764804,4.236023,1.6337113,-4.4250336,4.277188,1.8913126,0.58117604
244,246,-4.5764804,4.236023,1.6337113,-4.238398,4.4086924,1.3851926,0.24665534
244,253,-4.5764804,4.236023,1.6337113,-4.6303077,4.356958,1.2646945,0.5233645
244,261,-4.5764804,4.236023,1.6337113,-4.1041937,3.8050632,2.4589767,0.09054074
245,147,-3.7166715,4.9059734,-1.6551069,-3.7844005,4.9848604,-1.3346914,0.057012904
245,178,-3.7166715,4.9059734,-1.6551069,-3.644343,4.8848004,-1.7123351,0.99999994
245,192,-3.7166715,4.9059734,-1.6551069,-4.2113037,5.0073223,-0.8903294,0.04853468
245,208,-3.7166715,4.9059734,-1.6551069,-3.7625196,4.880652,-1.5609525,0.6452151
245,210,-3.7166715,4.9059734,-1.6551069,-3.6662252,4.9066887,-1.255424,0.062121823
245,221,-3.7166715,4.9059734,-1.6551069,-3.791735,4.6517286,-0.5862941,0.04089262
245,225,-3.7166715,4.9059734,-1.6551069,-4.128656,4.8714237,-0.8450116,0.08236916
245,229,-3.7166715,4.9059734,-1.6551069,-3.8621202,5.0623713,-1.4352103,0.17707168
245,233,-3.7166715,4.9059734,-1.6551069,-3.8150144,5.004103,-1.4995077,0.6828787
245,235,-3.7166715,4.9059734,-1.6551069,-3.8584778,5.0326524,-1.5172952,0.66510797
245,243,-3.7166715,4.9059734,-1.6551069,-4.100326,5.167046,-1.1716694,0.10851375
245,250,-3.7166715,4.9059734,-1.6551069,-4.107379,4.8669324,-0.8025581,0.12805772
245,256,-3.7166715,4.9059734,-1.6551069,-3.86573,5.0511727,-1.38969,0.22692232
245,258,-3.7166715,4.9059734,-1.6551069,-3.6999125,4.873942,-1.6510993,1.0
246,153,-4.238398,4.4086924,1.3851926,-4.221402,4.5950365,1.1576822,0.2345884
246,155,-4.238398,4.4086924,1.3851926,-4.008947,4.423037,1.2317771,1.0
246,169,-4.238398,4.4086924,1.3851926,-3.97832,4.533224,1.1654712,1.0
246,171,-4.238398,4.4086924,1.3851926,-4.0093493,4.3117995,1.408874,0.62328273
246,182,-4.238398,4.4086924,1.3851926,-3.8498662,4.654535,0.79276514,0.074006446
246,184,-4.238398,4.4086924,1.3851926,-3.9856439,4.5058722,0.47964877,0.19585459
246,188,-4.238398,4.4086924,1.3851926,-4.5983887,4.17564,1.611961,0.0904548
246,194,-4.238398,4.4086924,1.3851926,-3.8797722,4.598453,0.9250966,0.13561752
246,200,-4.238398,4.4086924,1.3851926,-4.1074424,4.520471,1.336639,0.17427157
246,202,-4.238398,4.4086924,1.3851926,-4.257735,4.5021877,1.587496,0.057474162
246,214,-4.238398,4.4086924,1.3851926,-4.468477,4.175781,1.7760015,0.39529425
246,215,-4.238398,4.4086924,1.3851926,-4.28532,4.6682076,1.2897747,0.2555257
246,216,-4.238398,4.4086924,1.3851926,-4.4634733,4.679752,1.0922396,0.22036028
246,217,-4.238398,4.4086924,1.3851926,-4.1463413,4.3141227,1.2898979,0.15351252
246,218,-4.238398,4.4086924,1.3851926,-4.3393,4.0926447,2.1705635,0.3043074
246,234,-4.238398,4.4086924,1.3851926,-4.416983,4.309493,1.650405,0.58604985
246,240,-4.238398,4.4086924,1.3851926,-4.4720516,4.3489637,1.3768005,0.6355375
246,244,-4.238398,4.4086924,1.3851926,-4.5764804,4.236023,1.6337113,0.24665534
246,248,-4.238398,4.4086924,1.3851926,-3.7543917,4.6686993,0.49681652,0.059884794
246,253,-4.238398,4.4086924,1.3851926,-4.6303077,4.356958,1.2646945,0.13054591
247,165,-4.2818494,4.830991,-0.4274453,-4.4658203,4.7172885,0.41534463,0.64203554
247,166,-4.2818494,4.830991,-0.4274453,-4.374933,4.5930367,0.04182807,0.025932936
247,174,-4.2818494,4.830991,-0.4274453,-4.17743,4.730951,-0.29485747,0.1788653
247,175,-4.2818494,4.830991,-0.4274453,-4.3015156,4.6594114,1.0442945,0.14592579
247,186,-4.2818494,4.830991,-0.4274453,-3.745269,4.8174124,-0.91357124,0.18642434
247,189,-4.2818494,4.830991,-0.4274453,-4.0229793,4.942223,-0.6830569,0.106804915
247,192,-4.2818494,4.830991,-0.4274453,-4.2113037,5.0073223,-0.8903294,0.24225181
247,198,-4.2818494,4.830991,-0.4274453,-4.620432,4.813646,0.5192711,0.18571743
247,204,-4.2818494,4.830991,-0.4274453,-4.271085,4.894366,-0.5959218,1.0
247,213,-4.2818494,4.830991,-0.4274453,-4.280832,4.799811,-0.41143784,0.7062676
247,219,-4.2818494,4.830991,-0.4274453,-3.6309638,4.8247485,-1.1474721,0.23745497
247,227,-4.2818494,4.830991,-0.4274453,-4.1448073,5.0353684,-0.784571,0.21594837
247,237,-4.2818494,4.830991,-0.4274453,-3.8088415,4.848114,-0.7955228,0.1267772
247,239,-4.2818494,4.830991,-0.4274453,-4.2633023,5.126459,-0.90806466,0.26057342
247,254,-4.2818494,4.830991,-0.4274453,-3.6226075,4.80218,-1.1703484,0.07360264
247,262,-4.2818494,4.830991,-0.4274453,-3.892844,4.7799144,-0.5871446,0.10616851
248,153,-3.7543917,4.6686993,0.49681652,-4.221402,4.5950365,1.1576822,0.15155324
248,155,-3.7543917,4.6686993,0.49681652,-4.008947,4.423037,1.2317771,0.2599094
248,157,-3.7543917,4.6686993,0.49681652,-3.7973628,4.6982503,0.102790274,0.9984929
248,161,-3.7543917,4.6686993,0.49681652,-3.8842146,4.632093,-0.37960035,0.15736306
248,169,-3.7543917,4.6686993,0.49681652,-3.97832,4.533224,1.1654712,0.26528174
248,171,-3.7543917,4.6686993,0.49681652,-4.0093493,4.3117995,1.408874,0.060739413
248,172,-3.7543917,4.6686993,0.49681652,-4.1636558,4.513152,0.15229234,0.2675897
248,175,-3.7543917,4.6686993,0.49681652,-4.3015156,4.6594114,1.0442945,0.06142983
248,180,-3.7543917,4.6686993,0.49681652,-3.7408388,4.835691,0.08231247,0.68379176
248,182,-3.7543917,4.6686993,0.49681652,-3.8498662,4.654535,0.79276514,0.7610307
248,184,-3.7543917,4.6686993,0.49681652,-3.9856439,4.5058722,0.47964877,0.34624127
248,194,-3.7543917,4.6686993,0.49681652,-3.8797722,4.598453,0.9250966,1.0
248,223,-3.7543917,4.6686993,0.49681652,-3.6440148,4.6997485,-0.6535732,0.34473467
248,246,-3.7543917,4.6686993,0.49681652,-4.238398,4.4086924,1.3851926,0.059884794
248,252,-3.7543917,4.6686993,0.49681652,-4.0593534,4.489809,0.39153498,0.23617764
248,264,-3.7543917,4.6686993,0.49681652,-3.8505707,4.617269,0.24272771,0.42184943
249,152,-4.296111,3.4337256,3.754147,-3.973017,3.8441021,2.8048184,0.1475537
249,156,-4.296111,3.4337256,3.754147,-4.336612,3.465125,3.6546683,0.5263264
249,176,-4.296111,3.4337256,3.754147,-4.2633066,3.3348503,3.7855084,1.0
249,181,-4.296111,3.4337256,3.754147,-4.394031,3.581034,3.448827,0.25061458
249,190,-4.296111,3.4337256,3.754147,-4.425003,3.7410045,3.3039408,0.097080976
249,197,-4.296111,3.4337256,3.754147,-3.910892,2.9924216,3.75184,0.11494602
249,201,-4.296111,3.4337256,3.754147,-4.027583,2.9678836,3.889951,0.103030115
249,203,-4.296111,3.4337256,3.754147,-4.1459193,3.1558316,3.8885822,0.67500377
249,228,-4.296111,3.4337256,3.754147,-4.159399,3.4746852,3.2900424,0.10452371
249,230,-4.296111,3.4337256,3.754147,-4.480153,3.888685,3.3191183,0.15924996
249,236,-4.296111,3.4337256,3.754147,-3.8882737,3.9615755,2.8338509,0.12869585
249,238,-4.296111,3.4337256,3.754147,-4.151284,4.0221295,2.9124055,0.2233569
249,251,-4.296111,3.4337256,3.754147,-4.2514133,3.2699108,3.8119323,0.495094
249,255,-4.296111,3.4337256,3.754147,-4.143964,3.8064482,3.4166076,0.7778158
250,149,-4.107379,4.8669324,-0.8025581,-4.1019945,4.67307,-0.27672222,0.21192387
250,174,-4.107379,4.8669324,-0.8025581,-4.17743,4.730951,-0.29485747,0.2568548
250,178,-4.107379,4.8669324,-0.8025581,-3.644343,4.8848004,-1.7123351,0.1797341
250,189,-4.107379,4.8669324,-0.8025581,-4.0229793,4.942223,-0.6830569,0.3531776
250,192,-4.107379,4.8669324,-0.8025581,-4.2113037,5.0073223,-0.8903294,0.2438747
250,204,-4.107379,4.8669324,-0.8025581,-4.271085,4.894366,-0.5959218,0.23625305
250,208,-4.107379,4.8669324,-0.8025581,-3.7625196,4.880652,-1.5609525,0.19427404
250,213,-4.107379,4.8669324,-0.8025581,-4.280832,4.799811,-0.41143784,0.23754242
250,221,-4.107379,4.8669324,-0.8025581,-3.791735,4.6517286,-0.5862941,0.23289768
250,225,-4.107379,4.8669324,-0.8025581,-4.128656,4.8714237,-0.8450116,1.0
250,227,-4.107379,4.8669324,-0.8025581,-4.1448073,5.0353684,-0.784571,0.209707
250,237,-4.107379,4.8669324,-0.8025581,-3.8088415,4.848114,-0.7955228,0.15749402
250,239,-4.107379,4.8669324,-0.8025581,-4.2633023,5.126459,-0.90806466,0.18302092
250,243,-4.107379,4.8669324,-0.8025581,-4.100326,5.167046,-1.1716694,0.19615877
250,245,-4.107379,4.8669324,-0.8025581,-3.7166715,4.9059734,-1.6551069,0.12805772
250,258,-4.107379,4.8669324,-0.8025581,-3.6999125,4.873942,-1.6510993,0.20732635
250,262,-4.107379,4.8669324,-0.8025581,-3.892844,4.7799144,-0.5871446,0.2655829
250,264,-4.107379,4.8669324,-0.8025581,-3.8505707,4.617269,0.24272771,0.17773806
251,152,-4.2514133,3.2699108,3.8119323,-3.973017,3.8441021,2.8048184,0.088211484
251,154,-4.2514133,3.2699108,3.8119323,-4.048519,2.898631,3.8817124,0.6013635
251,156,-4.2514133,3.2699108,3.8119323,-4.336612,3.465125,3.6546683,0.2816398
251,158,-4.2514133,3.2699108,3.8119323,-4.166904,3.5291386,3.1175838,0.08255088
251,162,-4.2514133,3.2699108,3.8119323,-3.9935472,2.8597112,3.9799716,0.17637995
251,170,-4.2514133,3.2699108,3.8119323,-4.378089,3.656,3.3191671,0.08774072
251,176,-4.2514133,3.2699108,3.8119323,-4.2633066,3.3348503,3.7855084,1.0
251,177,-4.2514133,3.2699108,3.8119323,-3.8980122,3.9499445,2.6082432,0.03039474
251,181,-4.2514133,3.2699108,3.8119323,-4.394031,3.581034,3.448827,0.18117219
251,183,-4.2514133,3.2699108,3.8119323,-3.9723637,2.8953764,3.8732002,0.5471165
251,185,-4.2514133,3.2699108,3.8119323,-3.880943,2.7660556,3.9783556,0.13680792
251,187,-4.2514133,3.2699108,3.8119323,-3.8914936,2.884661,3.774079,0.18548419
251,197,-4.2514133,3.2699108,3.8119323,-3.910892,2.9924216,3.75184,0.29748476
251,201,-4.2514133,3.2699108,3.8119323,-4.027583,2.9678836,3.889951,0.5930096
251,203,-4.2514133,3.2699108,3.8119323,-4.1459193,3.1558316,3.8885822,0.99999994
251,205,-4.2514133,3.2699108,3.8119323,-3.8484974,2.8516817,3.8248882,0.16336732
251,228,-4.2514133,3.2699108,3.8119323,-4.159399,3.4746852,3.2900424,0.3112625
251,236,-4.2514133,3.2699108,3.8119323,-3.8882737,3.9615755,2.8338509,0.09258747
251,249,-4.2514133,3.2699108,3.8119323,-4.296111,3.4337256,3.754147,0.495094
251,255,-4.2514133,3.2699108,3.8119323,-4.143964,3.8064482,3.4166076,0.07573731
252,149,-4.0593534,4.489809,0.39153498,-4.1019945,4.67307,-0.27672222,0.12466675
252,150,-4.0593534,4.489809,0.39153498,-4.2360873,4.452453,0.5340996,0.53149843
252,155,-4.0593534,4.489809,0.39153498,-4.008947,4.423037,1.2317771,0.2125926
252,157,-4.0593534,4.489809,0.39153498,-3.7973628,4.6982503,0.102790274,0.15348813
252,159,-4.0593534,4.489809,0.39153498,-4.2506227,4.506903,0.044990595,0.6122474
252,161,-4.0593534,4.489809,0.39153498,-3.8842146,4.632093,-0.37960035,0.102505
252,171,-4.0593534,4.489809,0.39153498,-4.0093493,4.3117995,1.408874,0.14010455
252,172,-4.0593534,4.489809,0.39153498,-4.1636558,4.513152,0.15229234,0.7764834
252,184,-4.0593534,4.489809,0.39153498,-3.9856439,4.5058722,0.47964877,1.0
252,194,-4.0593534,4.489809,0.39153498,-3.8797722,4.598453,0.9250966,0.10358405
252,217,-4.0593534,4.489809,0.39153498,-4.1463413,4.3141227,1.2898979,0.13543767
252,248,-4.0593534,4.489809,0.39153498,-3.7543917,4.6686993,0.49681652,0.23617764
252,263,-4.0593534,4.489809,0.39153498,-3.9039545,4.1749253,2.089513,0.18415438
252,264,-4.0593534,4.489809,0.39153498,-3.8505707,4.617269,0.24272771,0.36030096
253,155,-4.6303077,4.356958,1.2646945,-4.008947,4.423037,1.2317771,0.06711285
253,165,-4.6303077,4.356958,1.2646945,-4.4658203,4.7172885,0.41534463,0.07696454
253,179,-4.6303077,4.356958,1.2646945,-4.571914,4.6284122,0.71254724,0.5631903
253,184,-4.6303077,4.356958,1.2646945,-3.9856439,4.5058722,0.47964877,0.13285947
253,188,-4.6303077,4.356958,1.2646945,-4.5983887,4.17564,1.611961,1.0
253,198,-4.6303077,4.356958,1.2646945,-4.620432,4.813646,0.5192711,0.21395025
253,214,-4.6303077,4.356958,1.2646945,-4.468477,4.175781,1.7760015,0.15240115
253,216,-4.6303077,4.356958,1.2646945,-4.4634733,4.679752,1.0922396,0.16049758
253,224,-4.6303077,4.356958,1.2646945,-3.899357,3.484056,2.3253663,0.07396511
253,231,-4.6303077,4.356958,1.2646945,-4.618497,4.6199846,0.44851848,0.30249602
253,234,-4.6303077,4.356958,1.2646945,-4.416983,4.309493,1.650405,0.1897424
253,240,-4.6303077,4.356958,1.2646945,-4.4720516,4.3489637,1.3768005,0.99999994
253,244,-4.6303077,4.356958,1.2646945,-4.5764804,4.236023,1.6337113,0.5233645
253,246,-4.6303077,4.356958,1.2646945,-4.238398,4.4086924,1.3851926,0.13054591
253,264,-4.6303077,4.356958,1.2646945,-3.8505707,4.617269,0.24272771,0.22093695
254,147,-3.6226075,4.80218,-1.1703484,-3.7844005,4.9848604,-1.3346914,0.6576984
254,163,-3.6226075,4.80218,-1.1703484,-3.78346,4.6043262,-0.5858149,0.26826918
254,178,-3.6226075,4.80218,-1.1703484,-3.644343,4.8848004,-1.7123351,0.1079638
254,186,-3.6226075,4.80218,-1.1703484,-3.745269,4.8174124,-0.91357124,0.51624966
254,189,-3.6226075,4.80218,-1.1703484,-4.0229793,4.942223,-0.6830569,0.082184695
254,192,-3.6226075,4.80218,-1.1703484,-4.2113037,5.0073223,-0.8903294,0.06809811
254,204,-3.6226075,4.80218,-1.1703484,-4.271085,4.894366,-0.5959218,0.09335443
254,208,-3.6226075,4.80218,-1.1703484,-3.7625196,4.880652,-1.5609525,0.17942801
254,210,-3.6226075,4.80218,-1.1703484,-3.6662252,4.9066887,-1.255424,0.3330291
254,211,-3.6226075,4.80218,-1.1703484,-3.6206236,4.8247776,-1.1934066,1.0
254,219,-3.6226075,4.80218,-1.1703484,-3.6309638,4.8247485,-1.1474721,0.9093352
254,221,-3.6226075,4.80218,-1.1703484,-3.791735,4.6517286,-0.5862941,0.1949886
254,223,-3.6226075,4.80218,-1.1703484,-3.6440148,4.6997485,-0.6535732,0.18374868
254,229,-3.6226075,4.80218,-1.1703484,-3.8621202,5.0623713,-1.4352103,0.050244782
254,237,-3.6226075,4.80218,-1.1703484,-3.8088415,4.848114,-0.7955228,0.3311932
254,247,-3.6226075,4.80218,-1.1703484,-4.2818494,4.830991,-0.4274453,0.07360264
254,256,-3.6226075,4.80218,-1.1703484,-3.86573,5.0511727,-1.38969,0.10234802
254,258,-3.6226075,4.80218,-1.1703484,-3.6999125,4.873942,-1.6510993,0.19406532
254,259,-3.6226075,4.80218,-1.1703484,-3.6942208,4.6823506,-0.6845507,0.33523324
254,262,-3.6226075,4.80218,-1.1703484,-3.892844,4.7799144,-0.5871446,0.19788504
255,152,-4.143964,3.8064482,3.4166076,-3.973017,3.8441021,2.8048184,0.3890061
255,164,-4.143964,3.8064482,3.4166076,-3.7835417,3.636165,2.5696545,0.08651075
255,167,-4.143964,3.8064482,3.4166076,-4.1385903,4.0735326,2.5430021,0.12976123
255,168,-4.143964,3.8064482,3.4166076,-3.7817118,3.0145872,3.4176698,0.069349624
255,176,-4.143964,3.8064482,3.4166076,-4.2633066,3.3348503,3.7855084,0.3029612
255,197,-4.143964,3.8064482,3.4166076,-3.910892,2.9924216,3.75184,0.1564329
255,203,-4.143964,3.8064482,3.4166076,-4.1459193,3.1558316,3.8885822,0.35371715
255,212,-4.143964,3.8064482,3.4166076,-4.3654947,3.8617852,3.2031138,0.07460927
255,218,-4.143964,3.8064482,3.4166076,-4.3393,4.0926447,2.1705635,0.22380182
255,230,-4.143964,3.8064482,3.4166076,-4.480153,3.888685,3.3191183,0.48070684
255,236,-4.143964,3.8064482,3.4166076,-3.8882737,3.9615755,2.8338509,0.35331255
255,238,-4.143964,3.8064482,3.4166076,-4.151284,4.0221295,2.9124055,0.99999994
255,249,-4.143964,3.8064482,3.4166076,-4.296111,3.4337256,3.754147,0.7778158
255,251,-4.143964,3.8064482,3.4166076,-4.2514133,3.2699108,3.8119323,0.07573731
256,147,-3.86573,5.0511727,-1.38969,-3.7844005,4.9848604,-1.3346914,1.0
256,178,-3.86573,5.0511727,-1.38969,-3.644343,4.8848004,-1.7123351,0.17406346
256,186,-3.86573,5.0511727,-1.38969,-3.745269,4.8174124,-0.91357124,0.18836455
256,189,-3.86573,5.0511727,-1.38969,-4.0229793,4.942223,-0.6830569,0.0486205
256,192,-3.86573,5.0511727,-1.38969,-4.2113037,5.0073223,-0.8903294,0.44863054
256,208,-3.86573,5.0511727,-1.38969,-3.7625196,4.880652,-1.5609525,0.4525136
256,210,-3.86573,5.0511727,-1.38969,-3.6662252,4.9066887,-1.255424,0.5103063
256,211,-3.86573,5.0511727,-1.38969,-3.6206236,4.8247776,-1.1934066,0.24952772
256,219,-3.86573,5.0511727,-1.38969,-3.6309638,4.8247485,-1.1474721,0.11262012
256,227,-3.86573,5.0511727,-1.38969,-4.1448073,5.0353684,-0.784571,0.09357361
256,229,-3.86573,5.0511727,-1.38969,-3.8621202,5.0623713,-1.4352103,0.3562043
256,233,-3.86573,5.0511727,-1.38969,-3.8150144,5.004103,-1.4995077,0.9653885
256,235,-3.86573,5.0511727,-1.38969,-3.8584778,5.0326524,-1.5172952,0.6202482
256,237,-3.86573,5.0511727,-1.38969,-3.8088415,4.848114,-0.7955228,0.07173612
256,239,-3.86573,5.0511727,-1.38969,-4.2633023,5.126459,-0.90806466,0.22294927
256,243,-3.86573,5.0511727,-1.38969,-4.100326,5.167046,-1.1716694,0.4931214
256,245,-3.86573,5.0511727,-1.38969,-3.7166715,4.9059734,-1.6551069,0.22692232
256,254,-3.86573,5.0511727,-1.38969,-3.6226075,4.80218,-1.1703484,0.10234802
256,258,-3.86573,5.0511727,-1.38969,-3.6999125,4.873942,-1.6510993,0.30429792
257,146,-3.960618,3.1467242,3.3123083,-3.893581,3.05006,3.4375284,0.12413768
257,151,-3.960618,3.1467242,3.3123083,-3.8642476,3.200863,3.1331284,0.13604714
257,158,-3.960618,3.1467242,3.3123083,-4.166904,3.5291386,3.1175838,0.4249332
257,160,-3.960618,3.1467242,3.3123083,-3.7310452,2.8748763,3.704944,0.246076
257,168,-3.960618,3.1467242,3.3123083,-3.7817118,3.0145872,3.4176698,0.87713253
257,187,-3.960618,3.1467242,3.3123083,-3.8914936,2.884661,3.774079,0.22525895
257,191,-3.960618,3.1467242,3.3123083,-3.79058,2.786886,3.8338008,0.25003892
257,197,-3.960618,3.1467242,3.3123083,-3.910892,2.9924216,3.75184,0.19415677
257,207,-3.960618,3.1467242,3.3123083,-3.857924,3.0219877,3.4338005,1.0
257,209,-3.960618,3.1467242,3.3123083,-4.3286543,3.884116,2.7559273,0.5362544
257,212,-3.960618,3.1467242,3.3123083,-4.3654947,3.8617852,3.2031138,0.14767286
257,218,-3.960618,3.1467242,3.3123083,-4.3393,4.0926447,2.1705635,0.1447485
257,222,-3.960618,3.1467242,3.3123083,-4.2211423,3.6513627,3.0159147,0.21424606
257,230,-3.960618,3.1467242,3.3123083,-4.480153,3.888685,3.3191183,0.31032348
257,236,-3.960618,3.1467242,3.3123083,-3.8882737,3.9615755,2.8338509,0.13076057
257,261,-3.960618,3.1467242,3.3123083,-4.1041937,3.8050632,2.4589767,0.13711216
258,147,-3.6999125,4.873942,-1.6510993,-3.7844005,4.9848604,-1.3346914,0.2030495
258,178,-3.6999125,4.873942,-1.6510993,-3.644343,4.8848004,-1.7123351,0.8231708
258,208,-3.6999125,4.873942,-1.6510993,-3.7625196,4.880652,-1.5609525,1.0
258,210,-3.6999125,4.873942,-1.6510993,-3.6662252,4.9066887,-1.255424,0.15597996
258,211,-3.6999125,4.873942,-1.6510993,-3.6206236,4.8247776,-1.1934066,0.16995144
258,221,-3.6999125,4.873942,-1.6510993,-3.791735,4.6517286,-0.5862941,0.16304766
258,225,-3.6999125,4.873942,-1.6510993,-4.128656,4.8714237,-0.8450116,0.20337558
258,233,-3.6999125,4.873942,-1.6510993,-3.8150144,5.004103,-1.4995077,0.33611214
258,235,-3.6999125,4.873942,-1.6510993,-3.8584778,5.0326524,-1.5172952,0.20350593
258,245,-3.6999125,4.873942,-1.6510993,-3.7166715,4.9059734,-1.6551069,1.0
258,250,-3.6999125,4.873942,-1.6510993,-4.107379,4.8669324,-0.8025581,0.20732635
258,254,-3.6999125,4.873942,-1.6510993,-3.6226075,4.80218,-1.1703484,0.19406532
258,256,-3.6999125,4.873942,-1.6510993,-3.86573,5.0511727,-1.38969,0.30429792
258,262,-3.6999125,4.873942,-1.6510993,-3.892844,4.7799144,-0.5871446,0.16283223
259,147,-3.6942208,4.6823506,-0.6845507,-3.7844005,4.9848604,-1.3346914,0.013976091
259,149,-3.6942208,4.6823506,-0.6845507,-4.1019945,4.67307,-0.27672222,0.012400949
259,157,-3.6942208,4.6823506,-0.6845507,-3.7973628,4.6982503,0.102790274,0.067771584
259,161,-3.6942208,4.6823506,-0.6845507,-3.8842146,4.632093,-0.37960035,0.70450974
259,163,-3.6942208,4.6823506,-0.6845507,-3.78346,4.6043262,-0.5858149,1.0
259,186,-3.6942208,4.6823506,-0.6845507,-3.745269,4.8174124,-0.91357124,0.79575676
259,189,-3.6942208,4.6823506,-0.6845507,-4.0229793,4.942223,-0.6830569,0.036265485
259,211,-3.6942208,4.6823506,-0.6845507,-3.6206236,4.8247776,-1.1934066,0.20602784
259,219,-3.6942208,4.6823506,-0.6845507,-3.6309638,4.8247485,-1.1474721,0.17947358
259,221,-3.6942208,4.6823506,-0.6845507,-3.791735,4.6517286,-0.5862941,1.0
259,223,-3.6942208,4.6823506,-0.6845507,-3.6440148,4.6997485,-0.6535732,1.0
259,237,-3.6942208,4.6823506,-0.6845507,-3.8088415,4.848114,-0.7955228,0.6837741
259,254,-3.6942208,4.6823506,-0.6845507,-3.6226075,4.80218,-1.1703484,0.33523324
259,262,-3.6942208,4.6823506,-0.6845507,-3.892844,4.7799144,-0.5871446,0.5009281
260,151,-4.042843,3.7118225,2.7340434,-3.8642476,3.200863,3.1331284,0.13456444
260,158,-4.042843,3.7118225,2.7340434,-4.166904,3.5291386,3.1175838,0.375504
260,164,-4.042843,3.7118225,2.7340434,-3.7835417,3.636165,2.5696545,0.11887933
260,167,-4.042843,3.7118225,2.7340434,-4.1385903,4.0735326,2.5430021,0.13372721
260,170,-4.042843,3.7118225,2.7340434,-4.378089,3.656,3.3191671,0.09204999
260,193,-4.042843,3.7118225,2.7340434,-4.3711505,3.6919017,3.2087283,0.52294105
260,195,-4.042843,3.7118225,2.7340434,-3.8122373,3.6994274,2.6476853,0.44770655
260,196,-4.042843,3.7118225,2.7340434,-4.529231,4.5781426,0.524425,0.089299396
260,199,-4.042843,3.7118225,2.7340434,-4.216268,4.0215526,2.420685,0.42154026
260,209,-4.042843,3.7118225,2.7340434,-4.3286543,3.884116,2.7559273,0.12773465
260,222,-4.042843,3.7118225,2.7340434,-4.2211423,3.6513627,3.0159147,0.4322676
260,226,-4.042843,3.7118225,2.7340434,-3.9217265,3.5717297,2.4162185,0.15969819
260,228,-4.042843,3.7118225,2.7340434,-4.159399,3.4746852,3.2900424,0.20565037
260,232,-4.042843,3.7118225,2.7340434,-3.9401472,3.6320245,2.6889462,1.0
260,236,-4.042843,3.7118225,2.7340434,-3.8882737,3.9615755,2.8338509,0.13170588
260,261,-4.042843,3.7118225,2.7340434,-4.1041937,3.8050632,2.4589767,0.6716788
261,152,-4.1041937,3.8050632,2.4589767,-3.973017,3.8441021,2.8048184,0.32305077
261,158,-4.1041937,3.8050632,2.4589767,-4.166904,3.5291386,3.1175838,0.16173235
261,164,-4.1041937,3.8050632,2.4589767,-3.7835417,3.636165,2.5696545,0.22066656
261,167,-4.1041937,3.8050632,2.4589767,-4.1385903,4.0735326,2.5430021,0.45827296
261,173,-4.1041937,3.8050632,2.4589767,-3.8003545,3.4258783,2.5209255,0.09862622
261,177,-4.1041937,3.8050632,2.4589767,-3.8980122,3.9499445,2.6082432,0.03840795
261,188,-4.1041937,3.8050632,2.4589767,-4.5983887,4.17564,1.611961,0.05425306
261,193,-4.1041937,3.8050632,2.4589767,-4.3711505,3.6919017,3.2087283,0.07884602
261,195,-4.1041937,3.8050632,2.4589767,-3.8122373,3.6994274,2.6476853,0.42445922
261,199,-4.1041937,3.8050632,2.4589767,-4.216268,4.0215526,2.420685,1.0
261,209,-4.1041937,3.8050632,2.4589767,-4.3286543,3.884116,2.7559273,0.5737404
261,214,-4.1041937,3.8050632,2.4589767,-4.468477,4.175781,1.7760015,0.3154196
261,218,-4.1041937,3.8050632,2.4589767,-4.3393,4.0926447,2.1705635,0.40259573
261,220,-4.1041937,3.8050632,2.4589767,-3.7979186,3.4121158,2.5477557,0.10371305
261,222,-4.1041937,3.8050632,2.4589767,-4.2211423,3.6513627,3.0159147,0.36664963
261,224,-4.1041937,3.8050632,2.4589767,-3.899357,3.484056,2.3253663,0.13346115
261,226,-4.1041937,3.8050632,2.4589767,-3.9217265,3.5717297,2.4162185,0.65410495
261,228,-4.1041937,3.8050632,2.4589767,-4.159399,3.4746852,3.2900424,0.11687611
261,232,-4.1041937,3.8050632,2.4589767,-3.9401472,3.6320245,2.6889462,0.7293408
261,234,-4.1041937,3.8050632,2.4589767,-4.416983,4.309493,1.650405,0.1287961
261,236,-4.1041937,3.8050632,2.4589767,-3.8882737,3.9615755,2.8338509,0.43537986
261,238,-4.1041937,3.8050632,2.4589767,-4.151284,4.0221295,2.9124055,0.12596609
261,241,-4.1041937,3.8050632,2.4589767,-4.4250336,4.277188,1.8913126,0.04447519
261,244,-4.1041937,3.8050632,2.4589767,-4.5764804,4.236023,1.6337113,0.09054074
261,257,-4.1041937,3.8050632,2.4589767,-3.960618,3.1467242,3.3123083,0.13711216
261,260,-4.1041937,3.8050632,2.4589767,-4.042843,3.7118225,2.7340434,0.6716788
262,147,-3.892844,4.7799144,-0.5871446,-3.7844005,4.9848604,-1.3346914,0.07057127
262,149,-3.892844,4.7799144,-0.5871446,-4.1019945,4.67307,-0.27672222,0.54592025
262,157,-3.892844,4.7799144,-0.5871446,-3.7973628,4.6982503,0.102790274,0.12626106
262,161,-3.892844,4.7799144,-0.5871446,-3.8842146,4.632093,-0.37960035,0.6083465
262,163,-3.892844,4.7799144,-0.5871446,-3.78346,4.6043262,-0.5858149,0.37642905
262,166,-3.892844,4.7799144,-0.5871446,-4.374933,4.5930367,0.04182807,0.05859874
262,174,-3.892844,4.7799144,-0.5871446,-4.17743,4.730951,-0.29485747,0.5844742
262,186,-3.892844,4.7799144,-0.5871446,-3.745269,4.8174124,-0.91357124,0.7852856
262,189,-3.892844,4.7799144,-0.5871446,-4.0229793,4.942223,-0.6830569,1.0
262,192,-3.892844,4.7799144,-0.5871446,-4.2113037,5.0073223,-0.8903294,0.21414237
262,204,-3.892844,4.7799144,-0.5871446,-4.271085,4.894366,-0.5959218,0.59357274
262,211,-3.892844,4.7799144,-0.5871446,-3.6206236,4.8247776,-1.1934066,0.07093409
262,213,-3.892844,4.7799144,-0.5871446,-4.280832,4.799811,-0.41143784,0.36937675
262,219,-3.892844,4.7799144,-0.5871446,-3.6309638,4.8247485,-1.1474721,0.10569266
262,221,-3.892844,4.7799144,-0.5871446,-3.791735,4.6517286,-0.5862941,0.8221362
262,223,-3.892844,4.7799144,-0.5871446,-3.6440148,4.6997485,-0.6535732,0.124395736
262,225,-3.892844,4.7799144,-0.5871446,-4.128656,4.8714237,-0.8450116,0.2702875
262,227,-3.892844,4.7799144,-0.5871446,-4.1448073,5.0353684,-0.784571,0.17869861
262,237,-3.892844,4.7799144,-0.5871446,-3.8088415,4.848114,-0.7955228,0.7132679
262,247,-3.892844,4.7799144,-0.5871446,-4.2818494,4.830991,-0.4274453,0.10616851
262,250,-3.892844,4.7799144,-0.5871446,-4.107379,4.8669324,-0.8025581,0.2655829
262,254,-3.892844,4.7799144,-0.5871446,-3.6226075,4.80218,-1.1703484,0.19788504
262,258,-3.892844,4.7799144,-0.5871446,-3.6999125,4.873942,-1.6510993,0.16283223
262,259,-3.892844,4.7799144,-0.5871446,-3.6942208,4.6823506,-0.6845507,0.5009281
263,150,-3.9039545,4.1749253,2.089513,-4.2360873,4.452453,0.5340996,0.25725335
263,152,-3.9039545,4.1749253,2.089513,-3.973017,3.8441021,2.8048184,0.27514836
263,155,-3.9039545,4.1749253,2.089513,-4.008947,4.423037,1.2317771,0.31798983
263,164,-3.9039545,4.1749253,2.089513,-3.7835417,3.636165,2.5696545,0.08827755
263,167,-3.9039545,4.1749253,2.089513,-4.1385903,4.0735326,2.5430021,0.8477454
263,169,-3.9039545,4.1749253,2.089513,-3.97832,4.533224,1.1654712,0.07000988
263,171,-3.9039545,4.1749253,2.089513,-4.0093493,4.3117995,1.408874,1.0
263,177,-3.9039545,4.1749253,2.089513,-3.8980122,3.9499445,2.6082432,0.8174414
263,184,-3.9039545,4.1749253,2.089513,-3.9856439,4.5058722,0.47964877,0.1171756
263,194,-3.9039545,4.1749253,2.089513,-3.8797722,4.598453,0.9250966,0.23404324
263,195,-3.9039545,4.1749253,2.089513,-3.8122373,3.6994274,2.6476853,0.07632951
263,199,-3.9039545,4.1749253,2.089513,-4.216268,4.0215526,2.420685,0.0786444
263,217,-3.9039545,4.1749253,2.089513,-4.1463413,4.3141227,1.2898979,0.49242586
263,236,-3.9039545,4.1749253,2.089513,-3.8882737,3.9615755,2.8338509,0.09621761
263,238,-3.9039545,4.1749253,2.089513,-4.151284,4.0221295,2.9124055,0.34622282
263,252,-3.9039545,4.1749253,2.089513,-4.0593534,4.489809,0.39153498,0.18415438
264,149,-3.8505707,4.617269,0.24272771,-4.1019945,4.67307,-0.27672222,0.18895909
264,155,-3.8505707,4.617269,0.24272771,-4.008947,4.423037,1.2317771,0.14204843
264,157,-3.8505707,4.617269,0.24272771,-3.7973628,4.6982503,0.102790274,1.0
264,161,-3.8505707,4.617269,0.24272771,-3.8842146,4.632093,-0.37960035,0.2706371
264,172,-3.8505707,4.617269,0.24272771,-4.1636558,4.513152,0.15229234,0.1370262
264,174,-3.8505707,4.617269,0.24272771,-4.17743,4.730951,-0.29485747,0.20621318
264,180,-3.8505707,4.617269,0.24272771,-3.7408388,4.835691,0.08231247,0.42763886
264,184,-3.8505707,4.617269,0.24272771,-3.9856439,4.5058722,0.47964877,0.84149814
264,189,-3.8505707,4.617269,0.24272771,-4.0229793,4.942223,-0.6830569,0.19273181
264,225,-3.8505707,4.617269,0.24272771,-4.128656,4.8714237,-0.8450116,0.120211236
264,240,-3.8505707,4.617269,0.24272771,-4.4720516,4.3489637,1.3768005,0.29468346
264,248,-3.8505707,4.617269,0.24272771,-3.7543917,4.6686993,0.49681652,0.42184943
264,250,-3.8505707,4.617269,0.24272771,-4.107379,4.8669324,-0.8025581,0.17773806
264,252,-3.8505707,4.617269,0.24272771,-4.0593534,4.489809,0.39153498,0.36030096
264,253,-3.8505707,4.617269,0.24272771,-4.6303077,4.356958,1.2646945,0.22093695
265,268,14.083835,-0.38947332,5.8939104,13.923687,-0.2427839,5.676307,0.46069822
265,270,14.083835,-0.38947332,5.8939104,13.715549,-0.15167141,6.0419674,0.08758247
265,271,14.083835,-0.38947332,5.8939104,13.949896,-0.25141296,5.629537,0.060977098
265,275,14.083835,-0.38947332,5.8939104,14.075612,-0.35584876,5.911238,0.62856364
265,277,14.083835,-0.38947332,5.8939104,14.187154,-0.48912087,5.8890634,0.2706717
265,279,14.083835,-0.38947332,5.8939104,14.092697,-0.4816448,6.1943192,0.3891219
265,283,14.083835,-0.38947332,5.8939104,14.0069895,-0.31606942,5.7298517,0.72971696
265,286,14.083835,-0.38947332,5.8939104,14.354706,-0.61125344,5.7644877,0.6869037
265,289,14.083835,-0.38947332,5.8939104,14.125437,-0.42295882,5.8412385,1.0
265,293,14.083835,-0.38947332,5.8939104,14.051875,-0.34815392,5.8182297,1.0
265,300,14.083835,-0.38947332,5.8939104,14.259995,-0.62791824,6.0501885,0.04816201
265,301,14.083835,-0.38947332,5.8939104,14.4538,-0.53221375,5.5938997,0.2890674
265,303,14.083835,-0.38947332,5.8939104,14.176208,-0.4753787,6.244753,0.12480888
265,306,14.083835,-0.38947332,5.8939104,14.084273,-0.40510476,5.9643774,0.4516473
265,308,14.083835,-0.38947332,5.8939104,14.094851,-0.4778502,6.2651415,0.28265637
265,311,14.083835,-0.38947332,5.8939104,14.823968,-0.9776096,5.442226,0.2051307
265,315,14.083835,-0.38947332,5.8939104,14.297615,-0.6757829,6.3084593,0.060644113
265,317,14.083835,-0.38947332,5.8939104,14.064968,-0.43309906,6.131019,0.6140525
265,321,14.083835,-0.38947332,5.8939104,14.057505,-0.43106878,6.3774166,0.052590214
265,324,14.083835,-0.38947332,5.8939104,13.735741,-0.12848909,5.7788615,0.16231789
265,326,14.083835,-0.38947332,5.8939104,14.171622,-0.51600546,6.1639924,0.10782654
265,327,14.083835,-0.38947332,5.8939104,14.137517,-0.52675796,6.2394347,0.24294196
265,329,14.083835,-0.38947332,5.8939104,12.973415,0.4216673,6.374997,0.12122471
265,330,14.083835,-0.38947332,5.8939104,15.019312,-1.0466899,5.425054,0.034234658
266,14,15.654048,-1.4921354,5.104009,12.229178,0.80292934,5.083406,0.09130777
266,267,15.654048,-1.4921354,5.104009,15.275917,-1.3918374,5.083584,0.44698265
266,269,15.654048,-1.4921354,5.104009,15.570406,-1.5285091,4.9611664,0.34732106
266,274,15.654048,-1.4921354,5.104009,15.546071,-1.5539782,4.94968,0.6142041
266,276,15.654048,-1.4921354,5.104009,15.635758,-1.4947051,4.8690453,0.45531875
266,280,15.654048,-1.4921354,5.104009,15.988268,-1.523066,5.3451433,0.5687424
266,281,15.654048,-1.4921354,5.104009,15.362855,-1.4175587,5.02295,0.15642802
266,284,15.654048,-1.4921354,5.104009,15.686274,-1.1251733,5.580252,0.13280588
266,288,15.654048,-1.4921354,5.104009,15.373949,-1.4007581,5.021173,1.0
266,290,15.654048,-1.4921354,5.104009,16.00291,-1.4131337,5.356307,0.41235778
266,292,15.654048,-1.4921354,5.104009,15.634305,-1.4031276,5.355678,0.57988226
266,296,15.654048,-1.4921354,5.104009,16.353134,-1.8276336,5.2434144,0.06694064
266,298,15.654048,-1.4921354,5.104009,15.9896755,-1.4022269,5.4897013,0.06855963
266,299,15.654048,-1.4921354,5.104009,15.151873,-1.1931382,5.4669538,0.028433545
266,305,15.654048,-1.4921354,5.104009,16.292934,-1.6191832,5.429727,0.020863827
266,307,15.654048,-1.4921354,5.104009,15.228161,-1.355136,5.19187,0.31588945
266,316,15.654048,-1.4921354,5.104009,15.931065,-1.5091902,5.3654675,0.28948426
266,318,15.654048,-1.4921354,5.104009,16.11501,-1.6349094,5.2711854,0.29546395
266,322,15.654048,-1.4921354,5.104009,16.096373,-1.61691,5.273847,0.32247946
266,323,15.654048,-1.4921354,5.104009,15.696025,-1.3820474,5.4368534,0.2435452
266,332,15.654048,-1.4921354,5.104009,15.410513,-1.2900568,5.378963,0.3839826
267,266,15.275917,-1.3918374,5.083584,15.654048,-1.4921354,5.104009,0.44698265
267,269,15.275917,-1.3918374,5.083584,15.570406,-1.5285091,4.9611664,0.47794974
267,272,15.275917,-1.3918374,5.083584,15.25732,-1.2208251,5.4284406,0.23434633
267,274,15.275917,-1.3918374,5.083584,15.546071,-1.5539782,4.94968,0.3928095
267,276,15.275917,-1.3918374,5.083584,15.635758,-1.4947051,4.8690453,0.38236392
267,281,15.275917,-1.3918374,5.083584,15.362855,-1.4175587,5.02295,0.3859088
267,282,15.275917,-1.3918374,5.083584,15.027058,-1.1186448,5.240404,0.3540918
267,288,15.275917,-1.3918374,5.083584,15.373949,-1.4007581,5.021173,1.0
267,290,15.275917,-1.3918374,5.083584,16.00291,-1.4131337,5.356307,0.092082635
267,291,15.275917,-1.3918374,5.083584,15.203467,-1.3064134,5.362877,0.035479136
267,292,15.275917,-1.3918374,5.083584,15.634305,-1.4031276,5.355678,0.09205217
267,299,15.275917,-1.3918374,5.083584,15.151873,-1.1931382,5.4669538,0.42277756
267,307,15.275917,-1.3918374,5.083584,15.228161,-1.355136,5.19187,1.0
267,313,15.275917,-1.3918374,5.083584,14.9429035,-1.0632639,5.301207,0.49471748
267,316,15.275917,-1.3918374,5.083584,15.931065,-1.5091902,5.3654675,0.065687604
267,320,15.275917,-1.3918374,5.083584,15.153162,-1.4390558,5.136207,0.58846164
267,330,15.275917,-1.3918374,5.083584,15.019312,-1.0466899,5.425054,0.1859102
267,332,15.275917,-1.3918374,5.083584,15.410513,-1.2900568,5.378963,0.27619073
268,32,13.923687,-0.2427839,5.676307,11.008297,2.8750348,6.20914,0.15145035
268,49,13.923687,-0.2427839,5.676307,11.373211,1.5964844,6.2712355,0.16739106
268,113,13.923687,-0.2427839,5.676307,10.240724,2.6847281,6.205801,0.14899586
268,125,13.923687,-0.2427839,5.676307,12.880971,0.45562276,6.2702613,0.2705181
268,265,13.923687,-0.2427839,5.676307,14.083835,-0.38947332,5.8939104,0.46069822
268,271,13.923687,-0.2427839,5.676307,13.949896,-0.25141296,5.629537,0.8921077
268,275,13.923687,-0.2427839,5.676307,14.075612,-0.35584876,5.911238,0.22289066
268,277,13.923687,-0.2427839,5.676307,14.187154,-0.48912087,5.8890634,0.2527929
268,283,13.923687,-0.2427839,5.676307,14.0069895,-0.31606942,5.7298517,1.0
268,289,13.923687,-0.2427839,5.676307,14.125437,-0.42295882,5.8412385,0.29823574
268,293,13.923687,-0.2427839,5.676307,14.051875,-0.34815392,5.8182297,0.40847293
268,301,13.923687,-0.2427839,5.676307,14.4538,-0.53221375,5.5938997,0.17281684
268,306,13.923687,-0.2427839,5.676307,14.084273,-0.40510476,5.9643774,0.34480208
268,317,13.923687,-0.2427839,5.676307,14.064968,-0.43309906,6.131019,0.16268021
268,324,13.923687,-0.2427839,5.676307,13.735741,-0.12848909,5.7788615,0.84803325
269,266,15.570406,-1.5285091,4.9611664,15.654048,-1.4921354,5.104009,0.34732106
269,267,15.570406,-1.5285091,4.9611664,15.275917,-1.3918374,5.083584,0.47794974
269,274,15.570406,-1.5285091,4.9611664,15.546071,-1.5539782,4.94968,1.0
269,276,15.570406,-1.5285091,4.9611664,15.635758,-1.4947051,4.8690453,0.9680325
269,280,15.570406,-1.5285091,4.9611664,15.988268,-1.523066,5.3451433,0.2543121
269,281,15.570406,-1.5285091,4.9611664,15.362855,-1.4175587,5.02295,0.4088081
269,282,15.570406,-1.5285091,4.9611664,15.027058,-1.1186448,5.240404,0.16051148
269,288,15.570406,-1.5285091,4.9611664,15.373949,-1.4007581,5.021173,0.42513588
269,290,15.570406,-1.5285091,4.9611664,16.00291,-1.4131337,5.356307,0.23707628
269,296,15.570406,-1.5285091,4.9611664,16.353134,-1.8276336,5.2434144,0.18938118
269,307,15.570406,-1.5285091,4.9611664,15.228161,-1.355136,5.19187,0.36229458
269,316,15.570406,-1.5285091,4.9611664,15.931065,-1.5091902,5.3654675,0.22603206
269,318,15.570406,-1.5285091,4.9611664,16.11501,-1.6349094,5.2711854,0.21625899
269,320,15.570406,-1.5285091,4.9611664,15.153162,-1.4390558,5.136207,0.32943314
269,325,15.570406,-1.5285091,4.9611664,16.292078,-1.6878711,5.4110646,0.17761037
269,328,15.570406,-1.5285091,4.9611664,16.368382,-1.8328267,5.3165197,0.2001241
269,332,15.570406,-1.5285091,4.9611664,15.410513,-1.2900568,5.378963,0.11145392
270,59,13.715549,-0.15167141,6.0419674,11.624395,1.3729773,6.4428196,0.057107385
270,67,13.715549,-0.15167141,6.0419674,13.0800705,0.2995892,5.740768,0.46267098
270,69,13.715549,-0.15167141,6.0419674,12.1732235,1.0022672,6.308863,0.12054241
270,75,13.715549,-0.15167141,6.0419674,12.161235,1.1601542,6.253751,0.05803854
270,93,13.715549,-0.15167141,6.0419674,12.036677,0.9762536,6.3885694,0.1422503
270,109,13.715549,-0.15167141,6.0419674,12.15095,0.9440201,6.3708763,0.506258
270,123,13.715549,-0.15167141,6.0419674,12.704335,0.69584435,6.416023,0.38987994
270,265,13.715549,-0.15167141,6.0419674,14.083835,-0.38947332,5.8939104,0.08758247
270,273,13.715549,-0.15167141,6.0419674,13.165489,0.22482604,5.7879477,0.3857937
270,275,13.715549,-0.15167141,6.0419674,14.075612,-0.35584876,5.911238,1.0
270,293,13.715549,-0.15167141,6.0419674,14.051875,-0.34815392,5.8182297,0.31092963
270,300,13.715549,-0.15167141,6.0419674,14.259995,-0.62791824,6.0501885,0.4844061
270,301,13.715549,-0.15167141,6.0419674,14.4538,-0.53221375,5.5938997,0.5707307
270,308,13.715549,-0.15167141,6.0419674,14.094851,-0.4778502,6.2651415,0.22847526
270,317,13.715549,-0.15167141,6.0419674,14.064968,-0.43309906,6.131019,0.29540676
270,327,13.715549,-0.15167141,6.0419674,14.137517,-0.52675796,6.2394347,0.42087528
270,329,13.715549,-0.15167141,6.0419674,12.973415,0.4216673,6.374997,0.28858474
271,7,13.949896,-0.25141296,5.629537,9.735829,3.556369,6.6220007,0.11609588
271,21,13.949896,-0.25141296,5.629537,10.859293,2.9586194,6.0873656,0.020539522
271,32,13.949896,-0.25141296,5.629537,11.008297,2.8750348,6.20914,1.0
271,41,13.949896,-0.25141296,5.629537,10.971498,2.9168243,6.1281033,0.058576405
271,265,13.949896,-0.25141296,5.629537,14.083835,-0.38947332,5.8939104,0.060977098
271,268,13.949896,-0.25141296,5.629537,13.923687,-0.2427839,5.676307,0.8921077
271,277,13.949896,-0.25141296,5.629537,14.187154,-0.48912087,5.8890634,0.46841288
271,279,13.949896,-0.25141296,5.629537,14.092697,-0.4816448,6.1943192,0.03730486
271,283,13.949896,-0.25141296,5.629537,14.0069895,-0.31606942,5.7298517,0.35417306
271,285,13.949896,-0.25141296,5.629537,9.670098,3.4547172,6.6564717,0.23511593
271,286,13.949896,-0.25141296,5.629537,14.354706,-0.61125344,5.7644877,0.036351047
271,293,13.949896,-0.25141296,5.629537,14.051875,-0.34815392,5.8182297,0.03576437
271,306,13.949896,-0.25141296,5.629537,14.084273,-0.40510476,5.9643774,0.50846946
271,319,13.949896,-0.25141296,5.629537,9.507223,3.372532,6.810794,0.083006114
272,267,15.25732,-1.2208251,5.4284406,15.275917,-1.3918374,5.083584,0.23434633
272,278,15.25732,-1.2208251,5.4284406,15.795541,-1.2917417,5.5041175,0.6971377
272,282,15.25732,-1.2208251,5.4284406,15.027058,-1.1186448,5.240404,0.30069068
272,284,15.25732,-1.2208251,5.4284406,15.686274,-1.1251733,5.580252,0.14435561
272,290,15.25732,-1.2208251,5.4284406,16.00291,-1.4131337,5.356307,0.21856895
272,291,15.25732,-1.2208251,5.4284406,15.203467,-1.3064134,5.362877,0.51395214
272,292,15.25732,-1.2208251,5.4284406,15.634305,-1.4031276,5.355678,0.25562513
272,298,15.25732,-1.2208251,5.4284406,15.9896755,-1.4022269,5.4897013,0.06948706
272,299,15.25732,-1.2208251,5.4284406,15.151873,-1.1931382,5.4669538,0.49498034
272,301,15.25732,-1.2208251,5.4284406,14.4538,-0.53221375,5.5938997,0.079445265
272,307,15.25732,-1.2208251,5.4284406,15.228161,-1.355136,5.19187,0.28234547
272,309,15.25732,-1.2208251,5.4284406,14.973931,-1.0937686,5.5535254,1.0
272,311,15.25732,-1.2208251,5.4284406,14.823968,-0.9776096,5.442226,0.17781651
272,313,15.25732,-1.2208251,5.4284406,14.9429035,-1.0632639,5.301207,0.13134934
272,314,15.25732,-1.2208251,5.4284406,14.77172,-0.9912804,5.697336,0.53610474
272,316,15.25732,-1.2208251,5.4284406,15.931065,-1.5091902,5.3654675,0.22798724
272,320,15.25732,-1.2208251,5.4284406,15.153162,-1.4390558,5.136207,0.46843484
272,323,15.25732,-1.2208251,5.4284406,15.696025,-1.3820474,5.4368534,0.34628493
272,330,15.25732,-1.2208251,5.4284406,15.019312,-1.0466899,5.425054,0.63485605
272,332,15.25732,-1.2208251,5.4284406,15.410513,-1.2900568,5.378963,0.7350263
273,14,13.165489,0.22482604,5.7879477,12.229178,0.80292934,5.083406,0.08763145
273,38,13.165489,0.22482604,5.7879477,12.419446,0.7500022,5.5016155,0.46624264
273,67,13.165489,0.22482604,5.7879477,13.0800705,0.2995892,5.740768,1.0
273,69,13.165489,0.22482604,5.7879477,12.1732235,1.0022672,6.308863,0.3149551
273,73,13.165489,0.22482604,5.7879477,12.308235,0.79966015,6.018737,0.20046946
273,93,13.165489,0.22482604,5.7879477,12.036677,0.9762536,6.3885694,0.37181598
273,103,13.165489,0.22482604,5.7879477,12.4185705,0.9668349,5.659014,0.08346916
273,105,13.165489,0.22482604,5.7879477,12.358022,0.7456528,5.3302794,0.23648171
273,107,13.165489,0.22482604,5.7879477,12.33757,0.83594453,5.7431455,0.17833622
273,109,13.165489,0.22482604,5.7879477,12.15095,0.9440201,6.3708763,0.23432565
273,123,13.165489,0.22482604,5.7879477,12.704335,0.69584435,6.416023,0.03467065
273,270,13.165489,0.22482604,5.7879477,13.715549,-0.15167141,6.0419674,0.3857937
273,275,13.165489,0.22482604,5.7879477,14.075612,-0.35584876,5.911238,0.20802173
273,284,13.165489,0.22482604,5.7879477,15.686274,-1.1251733,5.580252,0.46034348
273,292,13.165489,0.22482604,5.7879477,15.634305,-1.4031276,5.355678,0.14930686
273,293,13.165489,0.22482604,5.7879477,14.051875,-0.34815392,5.8182297,0.15345003
273,301,13.165489,0.22482604,5.7879477,14.4538,-0.53221375,5.5938997,0.47276217
273,324,13.165489,0.22482604,5.7879477,13.735741,-0.12848909,5.7788615,0.27363497
274,266,15.546071,-1.5539782,4.94968,15.654048,-1.4921354,5.104009,0.6142041
274,267,15.546071,-1.5539782,4.94968,15.275917,-1.3918374,5.083584,0.3928095
274,269,15.546071,-1.5539782,4.94968,15.570406,-1.5285091,4.9611664,1.0
274,276,15.546071,-1.5539782,4.94968,15.635758,-1.4947051,4.8690453,1.0
274,280,15.546071,-1.5539782,4.94968,15.988268,-1.523066,5.3451433,0.35348505
274,281,15.546071,-1.5539782,4.94968,15.362855,-1.4175587,5.02295,0.99999994
274,288,15.546071,-1.5539782,4.94968,15.373949,-1.4007581,5.021173,0.47976327
274,292,15.546071,-1.5539782,4.94968,15.634305,-1.4031276,5.355678,0.2304834
274,296,15.546071,-1.5539782,4.94968,16.353134,-1.8276336,5.2434144,0.12823504
274,305,15.546071,-1.5539782,4.94968,16.292934,-1.6191832,5.429727,0.01999948
274,307,15.546071,-1.5539782,4.94968,15.228161,-1.355136,5.19187,0.4218513
274,316,15.546071,-1.5539782,4.94968,15.931065,-1.5091902,5.3654675,0.18991826
274,318,15.546071,-1.5539782,4.94968,16.11501,-1.6349094,5.2711854,0.28757843
274,320,15.546071,-1.5539782,4.94968,15.153162,-1.4390558,5.136207,0.2138521
274,322,15.546071,-1.5539782,4.94968,16.096373,-1.61691,5.273847,0.15336911
274,323,15.546071,-1.5539782,4.94968,15.696025,-1.3820474,5.4368534,0.08886905
274,325,15.546071,-1.5539782,4.94968,16.292078,-1.6878711,5.4110646,0.1010105
274,328,15.546071,-1.5539782,4.94968,16.368382,-1.8328267,5.3165197,0.07959793
274,332,15.546071,-1.5539782,4.94968,15.410513,-1.2900568,5.378963,0.10153266
275,67,14.075612,-0.35584876,5.911238,13.0800705,0.2995892,5.740768,0.18161313
275,265,14.075612,-0.35584876,5.911238,14.083835,-0.38947332,5.8939104,0.62856364
275,268,14.075612,-0.35584876,5.911238,13.923687,-0.2427839,5.676307,0.22289066
275,270,14.075612,-0.35584876,5.911238,13.715549,-0.15167141,6.0419674,1.0
275,273,14.075612,-0.35584876,5.911238,13.165489,0.22482604,5.7879477,0.20802173
275,277,14.075612,-0.35584876,5.911238,14.187154,-0.48912087,5.8890634,0.32260767
275,279,14.075612,-0.35584876,5.911238,14.092697,-0.4816448,6.1943192,0.3208881
275,283,14.075612,-0.35584876,5.911238,14.0069895,-0.31606942,5.7298517,0.30057055
275,284,14.075612,-0.35584876,5.911238,15.686274,-1.1251733,5.580252,0.13474625
275,286,14.075612,-0.35584876,5.911238,14.354706,-0.61125344,5.7644877,0.25185287
275,289,14.075612,-0.35584876,5.911238,14.125437,-0.42295882,5.8412385,0.29816437
275,293,14.075612,-0.35584876,5.911238,14.051875,-0.34815392,5.8182297,1.0
275,300,14.075612,-0.35584876,5.911238,14.259995,-0.62791824,6.0501885,0.29299238
275,301,14.075612,-0.35584876,5.911238,14.4538,-0.53221375,5.5938997,1.0
275,306,14.075612,-0.35584876,5.911238,14.084273,-0.40510476,5.9643774,0.41316238
275,308,14.075612,-0.35584876,5.911238,14.094851,-0.4778502,6.2651415,0.27341002
275,314,14.075612,-0.35584876,5.911238,14.77172,-0.9912804,5.697336,0.15004382
275,315,14.075612,-0.35584876,5.911238,14.297615,-0.6757829,6.3084593,0.033067543
275,317,14.075612,-0.35584876,5.911238,14.064968,-0.43309906,6.131019,0.544063
275,324,14.075612,-0.35584876,5.911238,13.735741,-0.12848909,5.7788615,0.078806445
275,326,14.075612,-0.35584876,5.911238,14.171622,-0.51600546,6.1639924,0.12289499
275,327,14.075612,-0.35584876,5.911238,14.137517,-0.52675796,6.2394347,0.40161592
275,330,14.075612,-0.35584876,5.911238,15.019312,-1.0466899,5.425054,0.24935591
276,14,15.635758,-1.4947051,4.8690453,12.229178,0.80292934,5.083406,0.089809224
276,266,15.635758,-1.4947051,4.8690453,15.654048,-1.4921354,5.104009,0.45531875
276,267,15.635758,-1.4947051,4.8690453,15.275917,-1.3918374,5.083584,0.38236392
276,269,15.635758,-1.4947051,4.8690453,15.570406,-1.5285091,4.9611664,0.9680325
276,274,15.635758,-1.4947051,4.8690453,15.546071,-1.5539782,4.94968,1.0
276,280,15.635758,-1.4947051,4.8690453,15.988268,-1.523066,5.3451433,0.13130596
276,281,15.635758,-1.4947051,4.8690453,15.362855,-1.4175587,5.02295,0.42993146
276,288,15.635758,-1.4947051,4.8690453,15.373949,-1.4007581,5.021173,0.5848531
276,290,15.635758,-1.4947051,4.8690453,16.00291,-1.4131337,5.356307,0.074374594
276,292,15.635758,-1.4947051,4.8690453,15.634305,-1.4031276,5.355678,0.057390526
276,296,15.635758,-1.4947051,4.8690453,16.353134,-1.8276336,5.2434144,0.17888583
276,307,15.635758,-1.4947051,4.8690453,15.228161,-1.355136,5.19187,0.1589583
276,316,15.635758,-1.4947051,4.8690453,15.931065,-1.5091902,5.3654675,0.06653996
276,318,15.635758,-1.4947051,4.8690453,16.11501,-1.6349094,5.2711854,0.08693673
276,320,15.635758,-1.4947051,4.8690453,15.153162,-1.4390558,5.136207,0.05468852
276,322,15.635758,-1.4947051,4.8690453,16.096373,-1.61691,5.273847,0.06094861
277,265,14.187154,-0.48912087,5.8890634,14.083835,-0.38947332,5.8939104,0.2706717
277,268,14.187154,-0.48912087,5.8890634,13.923687,-0.2427839,5.676307,0.2527929
277,271,14.187154,-0.48912087,5.8890634,13.949896,-0.25141296,5.629537,0.46841288
277,275,14.187154,-0.48912087,5.8890634,14.075612,-0.35584876,5.911238,0.32260767
277,279,14.187154,-0.48912087,5.8890634,14.092697,-0.4816448,6.1943192,0.58788496
277,283,14.187154,-0.48912087,5.8890634,14.0069895,-0.31606942,5.7298517,0.12422241
277,286,14.187154,-0.48912087,5.8890634,14.354706,-0.61125344,5.7644877,0.3579131
277,293,14.187154,-0.48912087,5.8890634,14.051875,-0.34815392,5.8182297,0.4719764
277,306,14.187154,-0.48912087,5.8890634,14.084273,-0.40510476,5.9643774,1.0
277,311,14.187154,-0.48912087,5.8890634,14.823968,-0.9776096,5.442226,0.1218815
277,317,14.187154,-0.48912087,5.8890634,14.064968,-0.43309906,6.131019,0.27531672
277,321,14.187154,-0.48912087,5.8890634,14.057505,-0.43106878,6.3774166,0.10955811
277,326,14.187154,-0.48912087,5.8890634,14.171622,-0.51600546,6.1639924,0.675488
277,327,14.187154,-0.48912087,5.8890634,14.137517,-0.52675796,6.2394347,0.14835785
277,330,14.187154,-0.48912087,5.8890634,15.019312,-1.0466899,5.425054,0.101053454
278,272,15.795541,-1.2917417,5.5041175,15.25732,-1.2208251,5.4284406,0.6971377
278,280,15.795541,-1.2917417,5.5041175,15.988268,-1.523066,5.3451433,0.04217318
278,282,15.795541,-1.2917417,5.5041175,15.027058,-1.1186448,5.240404,0.12509629
278,284,15.795541,-1.2917417,5.5041175,15.686274,-1.1251733,5.580252,0.29083654
278,290,15.795541,-1.2917417,5.5041175,16.00291,-1.4131337,5.356307,0.5449298
278,292,15.795541,-1.2917417,5.5041175,15.634305,-1.4031276,5.355678,0.088371955
278,298,15.795541,-1.2917417,5.5041175,15.9896755,-1.4022269,5.4897013,1.0
278,309,15.795541,-1.2917417,5.5041175,14.973931,-1.0937686,5.5535254,0.30818692
278,310,15.795541,-1.2917417,5.5041175,15.971393,-1.3343271,5.5152645,0.66764057
278,314,15.795541,-1.2917417,5.5041175,14.77172,-0.9912804,5.697336,0.18601319
278,316,15.795541,-1.2917417,5.5041175,15.931065,-1.5091902,5.3654675,0.67541564
278,323,15.795541,-1.2917417,5.5041175,15.696025,-1.3820474,5.4368534,0.3735426
278,325,15.795541,-1.2917417,5.5041175,16.292078,-1.6878711,5.4110646,0.043720584
278,328,15.795541,-1.2917417,5.5041175,16.368382,-1.8328267,5.3165197,0.046268012
278,330,15.795541,-1.2917417,5.5041175,15.019312,-1.0466899,5.425054,0.04624824
278,331,15.795541,-1.2917417,5.5041175,16.376633,-1.6052687,5.5332417,0.04333812
278,332,15.795541,-1.2917417,5.5041175,15.410513,-1.2900568,5.378963,0.23511815
279,265,14.092697,-0.4816448,6.1943192,14.083835,-0.38947332,5.8939104,0.3891219
279,271,14.092697,-0.4816448,6.1943192,13.949896,-0.25141296,5.629537,0.03730486
279,275,14.092697,-0.4816448,6.1943192,14.075612,-0.35584876,5.911238,0.3208881
279,277,14.092697,-0.4816448,6.1943192,14.187154,-0.48912087,5.8890634,0.58788496
279,283,14.092697,-0.4816448,6.1943192,14.0069895,-0.31606942,5.7298517,0.110616356
279,286,14.092697,-0.4816448,6.1943192,14.354706,-0.61125344,5.7644877,0.33199593
279,287,14.092697,-0.4816448,6.1943192,9.419831,3.322447,6.9108925,0.039169975
279,289,14.092697,-0.4816448,6.1943192,14.125437,-0.42295882,5.8412385,0.23228443
279,293,14.092697,-0.4816448,6.1943192,14.051875,-0.34815392,5.8182297,0.5087739
279,297,14.092697,-0.4816448,6.1943192,9.376651,3.32809,6.8099456,0.11963529
279,300,14.092697,-0.4816448,6.1943192,14.259995,-0.62791824,6.0501885,0.100431584
279,303,14.092697,-0.4816448,6.1943192,14.176208,-0.4753787,6.244753,0.16200237
279,306,14.092697,-0.4816448,6.1943192,14.084273,-0.40510476,5.9643774,0.85907114
279,308,14.092697,-0.4816448,6.1943192,14.094851,-0.4778502,6.2651415,0.50761676
279,315,14.092697,-0.4816448,6.1943192,14.297615,-0.6757829,6.3084593,0.12583488
279,317,14.092697,-0.4816448,6.1943192,14.064968,-0.43309906,6.131019,1.0
279,319,14.092697,-0.4816448,6.1943192,9.507223,3.372532,6.810794,0.032760542
279,321,14.092697,-0.4816448,6.1943192,14.057505,-0.43106878,6.3774166,1.0
279,326,14.092697,-0.4816448,6.1943192,14.171622,-0.51600546,6.1639924,0.99999994
279,327,14.092697,-0.4816448,6.1943192,14.137517,-0.52675796,6.2394347,0.64513373
280,266,15.988268,-1.523066,5.3451433,15.654048,-1.4921354,5.104009,0.5687424
280,269,15.988268,-1.523066,5.3451433,15.570406,-1.5285091,4.9611664,0.2543121
280,274,15.988268,-1.523066,5.3451433,15.546071,-1.5539782,4.94968,0.35348505
280,276,15.988268,-1.523066,5.3451433,15.635758,-1.4947051,4.8690453,0.13130596
280,278,15.988268,-1.523066,5.3451433,15.795541,-1.2917417,5.5041175,0.04217318
280,288,15.988268,-1.523066,5.3451433,15.373949,-1.4007581,5.021173,0.1781811
280,290,15.988268,-1.523066,5.3451433,16.00291,-1.4131337,5.356307,0.510348
280,292,15.988268,-1.523066,5.3451433,15.634305,-1.4031276,5.355678,0.39067954
280,294,15.988268,-1.523066,5.3451433,16.345133,-1.807924,5.2569084,0.22526395
280,296,15.988268,-1.523066,5.3451433,16.353134,-1.8276336,5.2434144,0.18891643
280,298,15.988268,-1.523066,5.3451433,15.9896755,-1.4022269,5.4897013,0.5011379
280,302,15.988268,-1.523066,5.3451433,16.415344,-1.866836,5.2033925,0.15209545
280,304,15.988268,-1.523066,5.3451433,16.30862,-1.7425712,5.3223667,0.21662979
280,305,15.988268,-1.523066,5.3451433,16.292934,-1.6191832,5.429727,0.23701994
280,310,15.988268,-1.523066,5.3451433,15.971393,-1.3343271,5.5152645,0.17758211
280,312,15.988268,-1.523066,5.3451433,16.361902,-1.5724527,5.5010996,0.19699135
280,316,15.988268,-1.523066,5.3451433,15.931065,-1.5091902,5.3654675,0.6304388
280,318,15.988268,-1.523066,5.3451433,16.11501,-1.6349094,5.2711854,1.0
280,322,15.988268,-1.523066,5.3451433,16.096373,-1.61691,5.273847,0.94016415
280,323,15.988268,-1.523066,5.3451433,15.696025,-1.3820474,5.4368534,0.33122927
280,325,15.988268,-1.523066,5.3451433,16.292078,-1.6878711,5.4110646,0.6019392
280,328,15.988268,-1.523066,5.3451433,16.368382,-1.8328267,5.3165197,0.106669255
280,331,15.988268,-1.523066,5.3451433,16.376633,-1.6052687,5.5332417,0.106852874
280,332,15.988268,-1.523066,5.3451433,15.410513,-1.2900568,5.378963,0.12361371
281,266,15.362855,-1.4175587,5.02295,15.654048,-1.4921354,5.104009,0.15642802
281,267,15.362855,-1.4175587,5.02295,15.275917,-1.3918374,5.083584,0.3859088
281,269,15.362855,-1.4175587,5.02295,15.570406,-1.5285091,4.9611664,0.4088081
281,274,15.362855,-1.4175587,5.02295,15.546071,-1.5539782,4.94968,0.99999994
281,276,15.362855,-1.4175587,5.02295,15.635758,-1.4947051,4.8690453,0.42993146
281,288,15.362855,-1.4175587,5.02295,15.373949,-1.4007581,5.021173,0.2122719
281,291,15.362855,-1.4175587,5.02295,15.203467,-1.3064134,5.362877,0.10286847
281,292,15.362855,-1.4175587,5.02295,15.634305,-1.4031276,5.355678,0.10832237
281,299,15.362855,-1.4175587,5.02295,15.151873,-1.1931382,5.4669538,0.1256231
281,307,15.362855,-1.4175587,5.02295,15.228161,-1.355136,5.19187,0.81484467
281,313,15.362855,-1.4175587,5.02295,14.9429035,-1.0632639,5.301207,0.12022428
281,320,15.362855,-1.4175587,5.02295,15.153162,-1.4390558,5.136207,0.3231984
281,323,15.362855,-1.4175587,5.02295,15.696025,-1.3820474,5.4368534,0.05341956
281,324,15.362855,-1.4175587,5.02295,13.735741,-0.12848909,5.7788615,0.040864043
281,332,15.362855,-1.4175587,5.02295,15.410513,-1.2900568,5.378963,0.07795189
282,267,15.027058,-1.1186448,5.240404,15.275917,-1.3918374,5.083584,0.3540918
282,269,15.027058,-1.1186448,5.240404,15.570406,-1.5285091,4.9611664,0.16051148
282,272,15.027058,-1.1186448,5.240404,15.25732,-1.2208251,5.4284406,0.30069068
282,278,15.027058,-1.1186448,5.240404,15.795541,-1.2917417,5.5041175,0.12509629
282,286,15.027058,-1.1186448,5.240404,14.354706,-0.61125344,5.7644877,0.09055168
282,288,15.027058,-1.1186448,5.240404,15.373949,-1.4007581,5.021173,0.16880193
282,290,15.027058,-1.1186448,5.240404,16.00291,-1.4131337,5.356307,0.18114792
282,299,15.027058,-1.1186448,5.240404,15.151873,-1.1931382,5.4669538,0.12006891
282,307,15.027058,-1.1186448,5.240404,15.228161,-1.355136,5.19187,0.15455683
282,309,15.027058,-1.1186448,5.240404,14.973931,-1.0937686,5.5535254,0.30757952
282,311,15.027058,-1.1186448,5.240404,14.823968,-0.9776096,5.442226,0.41618907
282,313,15.027058,-1.1186448,5.240404,14.9429035,-1.0632639,5.301207,1.0
282,320,15.027058,-1.1186448,5.240404,15.153162,-1.4390558,5.136207,0.33332223
282,330,15.027058,-1.1186448,5.240404,15.019312,-1.0466899,5.425054,0.19427334
283,265,14.0069895,-0.31606942,5.7298517,14.083835,-0.38947332,5.8939104,0.72971696
283,268,14.0069895,-0.31606942,5.7298517,13.923687,-0.2427839,5.676307,1.0
283,271,14.0069895,-0.31606942,5.7298517,13.949896,-0.25141296,5.629537,0.35417306
283,275,14.0069895,-0.31606942,5.7298517,14.075612,-0.35584876,5.911238,0.30057055
283,277,14.0069895,-0.31606942,5.7298517,14.187154,-0.48912087,5.8890634,0.12422241
283,279,14.0069895,-0.31606942,5.7298517,14.092697,-0.4816448,6.1943192,0.110616356
283,286,14.0069895,-0.31606942,5.7298517,14.354706,-0.61125344,5.7644877,0.2634862
283,289,14.0069895,-0.31606942,5.7298517,14.125437,-0.42295882,5.8412385,0.5435645
283,293,14.0069895,-0.31606942,5.7298517,14.051875,-0.34815392,5.8182297,0.43418977
283,299,14.0069895,-0.31606942,5.7298517,15.151873,-1.1931382,5.4669538,0.14055207
283,301,14.0069895,-0.31606942,5.7298517,14.4538,-0.53221375,5.5938997,0.26392266
283,306,14.0069895,-0.31606942,5.7298517,14.084273,-0.40510476,5.9643774,0.27614707
283,311,14.0069895,-0.31606942,5.7298517,14.823968,-0.9776096,5.442226,0.23909351
283,313,14.0069895,-0.31606942,5.7298517,14.9429035,-1.0632639,5.301207,0.1252884
283,317,14.0069895,-0.31606942,5.7298517,14.064968,-0.43309906,6.131019,0.13791622
283,324,14.0069895,-0.31606942,5.7298517,13.735741,-0.12848909,5.7788615,0.956731
283,330,14.0069895,-0.31606942,5.7298517,15.019312,-1.0466899,5.425054,0.11681493
284,67,15.686274,-1.1251733,5.580252,13.0800705,0.2995892,5.740768,0.39074033
284,266,15.686274,-1.1251733,5.580252,15.654048,-1.4921354,5.104009,0.13280588
284,272,15.686274,-1.1251733,5.580252,15.25732,-1.2208251,5.4284406,0.14435561
284,273,15.686274,-1.1251733,5.580252,13.165489,0.22482604,5.7879477,0.46034348
284,275,15.686274,-1.1251733,5.580252,14.075612,-0.35584876,5.911238,0.13474625
284,278,15.686274,-1.1251733,5.580252,15.795541,-1.2917417,5.5041175,0.29083654
284,290,15.686274,-1.1251733,5.580252,16.00291,-1.4131337,5.356307,0.35454154
284,292,15.686274,-1.1251733,5.580252,15.634305,-1.4031276,5.355678,0.13177809
284,298,15.686274,-1.1251733,5.580252,15.9896755,-1.4022269,5.4897013,0.23290898
284,301,15.686274,-1.1251733,5.580252,14.4538,-0.53221375,5.5938997,0.34098744
284,310,15.686274,-1.1251733,5.580252,15.971393,-1.3343271,5.5152645,0.99999994
284,316,15.686274,-1.1251733,5.580252,15.931065,-1.5091902,5.3654675,0.14307934
284,330,15.686274,-1.1251733,5.580252,15.019312,-1.0466899,5.425054,0.2639798
284,332,15.686274,-1.1251733,5.580252,15.410513,-1.2900568,5.378963,0.18021752
285,1,9.670098,3.4547172,6.6564717,9.860221,3.2128804,6.2913704,0.11711117
285,5,9.670098,3.4547172,6.6564717,10.199663,3.2751892,6.129283,0.114495814
285,7,9.670098,3.4547172,6.6564717,9.735829,3.556369,6.6220007,0.65130126
285,19,9.670098,3.4547172,6.6564717,10.080209,3.370322,6.0980473,0.18566895
285,21,9.670098,3.4547172,6.6564717,10.859293,2.9586194,6.0873656,0.047712423
285,25,9.670098,3.4547172,6.6564717,9.525912,3.904014,6.0874515,0.16128196
285,32,9.670098,3.4547172,6.6564717,11.008297,2.8750348,6.20914,0.4622397
285,44,9.670098,3.4547172,6.6564717,9.622536,3.2787094,6.3177776,0.15282029
285,50,9.670098,3.4547172,6.6564717,9.625917,3.2529693,6.160657,0.06902432
285,116,9.670098,3.4547172,6.6564717,9.777507,3.6957846,6.2497725,0.65695477
285,135,9.670098,3.4547172,6.6564717,9.465977,3.2554653,6.6482496,0.62247145
285,137,9.670098,3.4547172,6.6564717,9.439189,2.8714862,6.665036,0.053210117
285,271,9.670098,3.4547172,6.6564717,13.949896,-0.25141296,5.629537,0.23511593
285,297,9.670098,3.4547172,6.6564717,9.376651,3.32809,6.8099456,0.46024466
285,319,9.670098,3.4547172,6.6564717,9.507223,3.372532,6.810794,1.0
286,265,14.354706,-0.61125344,5.7644877,14.083835,-0.38947332,5.8939104,0.6869037
286,271,14.354706,-0.61125344,5.7644877,13.949896,-0.25141296,5.629537,0.036351047
286,275,14.354706,-0.61125344,5.7644877,14.075612,-0.35584876,5.911238,0.25185287
286,277,14.354706,-0.61125344,5.7644877,14.187154,-0.48912087,5.8890634,0.3579131
286,279,14.354706,-0.61125344,5.7644877,14.092697,-0.4816448,6.1943192,0.33199593
286,282,14.354706,-0.61125344,5.7644877,15.027058,-1.1186448,5.240404,0.09055168
286,283,14.354706,-0.61125344,5.7644877,14.0069895,-0.31606942,5.7298517,0.2634862
286,289,14.354706,-0.61125344,5.7644877,14.125437,-0.42295882,5.8412385,0.66226685
286,293,14.354706,-0.61125344,5.7644877,14.051875,-0.34815392,5.8182297,0.3586298
286,303,14.354706,-0.61125344,5.7644877,14.176208,-0.4753787,6.244753,0.27539074
286,306,14.354706,-0.61125344,5.7644877,14.084273,-0.40510476,5.9643774,0.31919494
286,308,14.354706,-0.61125344,5.7644877,14.094851,-0.4778502,6.2651415,0.11790919
286,309,14.354706,-0.61125344,5.7644877,14.973931,-1.0937686,5.5535254,0.20819037
286,311,14.354706,-0.61125344,5.7644877,14.823968,-0.9776096,5.442226,1.0
286,313,14.354706,-0.61125344,5.7644877,14.9429035,-1.0632639,5.301207,0.20449476
286,314,14.354706,-0.61125344,5.7644877,14.77172,-0.9912804,5.697336,0.3467842
286,315,14.354706,-0.61125344,5.7644877,14.297615,-0.6757829,6.3084593,0.25467405
286,317,14.354706,-0.61125344,5.7644877,14.064968,-0.43309906,6.131019,0.2536893
286,321,14.354706,-0.61125344,5.7644877,14.057505,-0.43106878,6.3774166,0.0477142
286,326,14.354706,-0.61125344,5.7644877,14.171622,-0.51600546,6.1639924,0.2640797
286,327,14.354706,-0.61125344,5.7644877,14.137517,-0.52675796,6.2394347,0.075543374
286,330,14.354706,-0.61125344,5.7644877,15.019312,-1.0466899,5.425054,0.22589542
287,7,9.419831,3.322447,6.9108925,9.735829,3.556369,6.6220007,0.16696565
287,22,9.419831,3.322447,6.9108925,9.556016,3.1953576,6.3452654,0.09232097
287,25,9.419831,3.322447,6.9108925,9.525912,3.904014,6.0874515,0.03853409
287,106,9.419831,3.322447,6.9108925,9.217525,3.026383,6.052286,0.040943474
287,110,9.419831,3.322447,6.9108925,8.992596,3.930888,5.5671887,0.11887457
287,122,9.419831,3.322447,6.9108925,9.035106,3.4317935,5.895477,0.111287065
287,134,9.419831,3.322447,6.9108925,9.240311,2.9989562,6.4248133,0.060030576
287,135,9.419831,3.322447,6.9108925,9.465977,3.2554653,6.6482496,0.08870641
287,279,9.419831,3.322447,6.9108925,14.092697,-0.4816448,6.1943192,0.039169975
287,295,9.419831,3.322447,6.9108925,9.310273,3.3932543,6.800622,1.0
287,297,9.419831,3.322447,6.9108925,9.376651,3.32809,6.8099456,0.9302088
287,303,9.419831,3.322447,6.9108925,14.176208,-0.4753787,6.244753,0.8278676
287,319,9.419831,3.322447,6.9108925,9.507223,3.372532,6.810794,0.51752084
287,321,9.419831,3.322447,6.9108925,14.057505,-0.43106878,6.3774166,0.6895989
288,266,15.373949,-1.4007581,5.021173,15.654048,-1.4921354,5.104009,1.0
288,267,15.373949,-1.4007581,5.021173,15.275917,-1.3918374,5.083584,1.0
288,269,15.373949,-1.4007581,5.021173,15.570406,-1.5285091,4.9611664,0.42513588
288,274,15.373949,-1.4007581,5.021173,15.546071,-1.5539782,4.94968,0.47976327
288,276,15.373949,-1.4007581,5.021173,15.635758,-1.4947051,4.8690453,0.5848531
288,280,15.373949,-1.4007581,5.021173,15.988268,-1.523066,5.3451433,0.1781811
288,281,15.373949,-1.4007581,5.021173,15.362855,-1.4175587,5.02295,0.2122719
288,282,15.373949,-1.4007581,5.021173,15.027058,-1.1186448,5.240404,0.16880193
288,290,15.373949,-1.4007581,5.021173,16.00291,-1.4131337,5.356307,0.27454105
288,292,15.373949,-1.4007581,5.021173,15.634305,-1.4031276,5.355678,0.24159749
288,299,15.373949,-1.4007581,5.021173,15.151873,-1.1931382,5.4669538,0.25233722
288,307,15.373949,-1.4007581,5.021173,15.228161,-1.355136,5.19187,0.5701632
288,313,15.373949,-1.4007581,5.021173,14.9429035,-1.0632639,5.301207,0.19648583
288,316,15.373949,-1.4007581,5.021173,15.931065,-1.5091902,5.3654675,0.09070352
288,320,15.373949,-1.4007581,5.021173,15.153162,-1.4390558,5.136207,0.19939657
288,330,15.373949,-1.4007581,5.021173,15.019312,-1.0466899,5.425054,0.16727002
288,332,15.373949,-1.4007581,5.021173,15.410513,-1.2900568,5.378963,0.2798114
289,265,14.125437,-0.42295882,5.8412385,14.083835,-0.38947332,5.8939104,1.0
289,268,14.125437,-0.42295882,5.8412385,13.923687,-0.2427839,5.676307,0.29823574
289,275,14.125437,-0.42295882,5.8412385,14.075612,-0.35584876,5.911238,0.29816437
289,279,14.125437,-0.42295882,5.8412385,14.092697,-0.4816448,6.1943192,0.23228443
289,283,14.125437,-0.42295882,5.8412385,14.0069895,-0.31606942,5.7298517,0.5435645
289,286,14.125437,-0.42295882,5.8412385,14.354706,-0.61125344,5.7644877,0.66226685
289,291,14.125437,-0.42295882,5.8412385,15.203467,-1.3064134,5.362877,0.01136473
289,293,14.125437,-0.42295882,5.8412385,14.051875,-0.34815392,5.8182297,0.35646898
289,299,14.125437,-0.42295882,5.8412385,15.151873,-1.1931382,5.4669538,0.11623413
289,301,14.125437,-0.42295882,5.8412385,14.4538,-0.53221375,5.5938997,0.12937999
289,303,14.125437,-0.42295882,5.8412385,14.176208,-0.4753787,6.244753,0.28646967
289,306,14.125437,-0.42295882,5.8412385,14.084273,-0.40510476,5.9643774,0.16831237
289,308,14.125437,-0.42295882,5.8412385,14.094851,-0.4778502,6.2651415,0.44748187
289,311,14.125437,-0.42295882,5.8412385,14.823968,-0.9776096,5.442226,0.27637175
289,315,14.125437,-0.42295882,5.8412385,14.297615,-0.6757829,6.3084593,0.17422225
289,317,14.125437,-0.42295882,5.8412385,14.064968,-0.43309906,6.131019,0.40933946
289,321,14.125437,-0.42295882,5.8412385,14.057505,-0.43106878,6.3774166,0.05165853
289,324,14.125437,-0.42295882,5.8412385,13.735741,-0.12848909,5.7788615,0.11994345
289,327,14.125437,-0.42295882,5.8412385,14.137517,-0.52675796,6.2394347,0.26970387
289,329,14.125437,-0.42295882,5.8412385,12.973415,0.4216673,6.374997,0.38201678
290,266,16.00291,-1.4131337,5.356307,15.654048,-1.4921354,5.104009,0.41235778
290,267,16.00291,-1.4131337,5.356307,15.275917,-1.3918374,5.083584,0.092082635
290,269,16.00291,-1.4131337,5.356307,15.570406,-1.5285091,4.9611664,0.23707628
290,272,16.00291,-1.4131337,5.356307,15.25732,-1.2208251,5.4284406,0.21856895
290,276,16.00291,-1.4131337,5.356307,15.635758,-1.4947051,4.8690453,0.074374594
290,278,16.00291,-1.4131337,5.356307,15.795541,-1.2917417,5.5041175,0.5449298
290,280,16.00291,-1.4131337,5.356307,15.988268,-1.523066,5.3451433,0.510348
290,282,16.00291,-1.4131337,5.356307,15.027058,-1.1186448,5.240404,0.18114792
290,284,16.00291,-1.4131337,5.356307,15.686274,-1.1251733,5.580252,0.35454154
290,288,16.00291,-1.4131337,5.356307,15.373949,-1.4007581,5.021173,0.27454105
290,292,16.00291,-1.4131337,5.356307,15.634305,-1.4031276,5.355678,0.12210097
290,294,16.00291,-1.4131337,5.356307,16.345133,-1.807924,5.2569084,0.1826529
290,296,16.00291,-1.4131337,5.356307,16.353134,-1.8276336,5.2434144,0.12198447
290,298,16.00291,-1.4131337,5.356307,15.9896755,-1.4022269,5.4897013,0.636523
290,302,16.00291,-1.4131337,5.356307,16.415344,-1.866836,5.2033925,0.08486467
290,304,16.00291,-1.4131337,5.356307,16.30862,-1.7425712,5.3223667,0.1956014
290,310,16.00291,-1.4131337,5.356307,15.971393,-1.3343271,5.5152645,0.65570736
290,316,16.00291,-1.4131337,5.356307,15.931065,-1.5091902,5.3654675,1.0
290,318,16.00291,-1.4131337,5.356307,16.11501,-1.6349094,5.2711854,0.29004526
290,322,16.00291,-1.4131337,5.356307,16.096373,-1.61691,5.273847,0.08037233
290,323,16.00291,-1.4131337,5.356307,15.696025,-1.3820474,5.4368534,0.12858911
290,325,16.00291,-1.4131337,5.356307,16.292078,-1.6878711,5.4110646,0.07506327
290,328,16.00291,-1.4131337,5.356307,16.368382,-1.8328267,5.3165197,0.08979015
290,332,16.00291,-1.4131337,5.356307,15.410513,-1.2900568,5.378963,0.21222177
291,267,15.203467,-1.3064134,5.362877,15.275917,-1.3918374,5.083584,0.035479136
291,272,15.203467,-1.3064134,5.362877,15.25732,-1.2208251,5.4284406,0.51395214
291,281,15.203467,-1.3064134,5.362877,15.362855,-1.4175587,5.02295,0.10286847
291,289,15.203467,-1.3064134,5.362877,14.125437,-0.42295882,5.8412385,0.01136473
291,292,15.203467,-1.3064134,5.362877,15.634305,-1.4031276,5.355678,0.2165129
291,299,15.203467,-1.3064134,5.362877,15.151873,-1.1931382,5.4669538,0.71160674
291,307,15.203467,-1.3064134,5.362877,15.228161,-1.355136,5.19187,0.56125736
291,309,15.203467,-1.3064134,5.362877,14.973931,-1.0937686,5.5535254,0.534226
291,311,15.203467,-1.3064134,5.362877,14.823968,-0.9776096,5.442226,0.16258465
291,313,15.203467,-1.3064134,5.362877,14.9429035,-1.0632639,5.301207,0.13421792
291,314,15.203467,-1.3064134,5.362877,14.77172,-0.9912804,5.697336,0.25989023
291,316,15.203467,-1.3064134,5.362877,15.931065,-1.5091902,5.3654675,0.022724118
291,320,15.203467,-1.3064134,5.362877,15.153162,-1.4390558,5.136207,1.0
291,323,15.203467,-1.3064134,5.362877,15.696025,-1.3820474,5.4368534,0.35069397
291,330,15.203467,-1.3064134,5.362877,15.019312,-1.0466899,5.425054,0.044357743
291,332,15.203467,-1.3064134,5.362877,15.410513,-1.2900568,5.378963,0.45633194
292,67,15.634305,-1.4031276,5.355678,13.0800705,0.2995892,5.740768,0.15576838
292,266,15.634305,-1.4031276,5.355678,15.654048,-1.4921354,5.104009,0.57988226
292,267,15.634305,-1.4031276,5.355678,15.275917,-1.3918374,5.083584,0.09205217
292,272,15.634305,-1.4031276,5.355678,15.25732,-1.2208251,5.4284406,0.25562513
292,273,15.634305,-1.4031276,5.355678,13.165489,0.22482604,5.7879477,0.14930686
292,274,15.634305,-1.4031276,5.355678,15.546071,-1.5539782,4.94968,0.2304834
292,276,15.634305,-1.4031276,5.355678,15.635758,-1.4947051,4.8690453,0.057390526
292,278,15.634305,-1.4031276,5.355678,15.795541,-1.2917417,5.5041175,0.088371955
292,280,15.634305,-1.4031276,5.355678,15.988268,-1.523066,5.3451433,0.39067954
292,281,15.634305,-1.4031276,5.355678,15.362855,-1.4175587,5.02295,0.10832237
292,284,15.634305,-1.4031276,5.355678,15.686274,-1.1251733,5.580252,0.13177809
292,288,15.634305,-1.4031276,5.355678,15.373949,-1.4007581,5.021173,0.24159749
292,290,15.634305,-1.4031276,5.355678,16.00291,-1.4131337,5.356307,0.12210097
292,291,15.634305,-1.4031276,5.355678,15.203467,-1.3064134,5.362877,0.2165129
292,298,15.634305,-1.4031276,5.355678,15.9896755,-1.4022269,5.4897013,0.3283519
292,299,15.634305,-1.4031276,5.355678,15.151873,-1.1931382,5.4669538,0.30579048
292,301,15.634305,-1.4031276,5.355678,14.4538,-0.53221375,5.5938997,0.15035617
292,305,15.634305,-1.4031276,5.355678,16.292934,-1.6191832,5.429727,0.10322547
292,307,15.634305,-1.4031276,5.355678,15.228161,-1.355136,5.19187,0.31329256
292,309,15.634305,-1.4031276,5.355678,14.973931,-1.0937686,5.5535254,0.10744627
292,310,15.634305,-1.4031276,5.355678,15.971393,-1.3343271,5.5152645,0.07514921
292,312,15.634305,-1.4031276,5.355678,16.361902,-1.5724527,5.5010996,0.08630566
292,316,15.634305,-1.4031276,5.355678,15.931065,-1.5091902,5.3654675,0.53476775
292,318,15.634305,-1.4031276,5.355678,16.11501,-1.6349094,5.2711854,0.2770079
292,320,15.634305,-1.4031276,5.355678,15.153162,-1.4390558,5.136207,0.10893553
292,322,15.634305,-1.4031276,5.355678,16.096373,-1.61691,5.273847,0.30225998
292,323,15.634305,-1.4031276,5.355678,15.696025,-1.3820474,5.4368534,1.0
292,325,15.634305,-1.4031276,5.355678,16.292078,-1.6878711,5.4110646,0.10123392
292,330,15.634305,-1.4031276,5.355678,15.019312,-1.0466899,5.425054,0.0716068
292,331,15.634305,-1.4031276,5.355678,16.376633,-1.6052687,5.5332417,0.036877234
292,332,15.634305,-1.4031276,5.355678,15.410513,-1.2900568,5.378963,1.0
293,265,14.051875,-0.34815392,5.8182297,14.083835,-0.38947332,5.8939104,1.0
293,268,14.051875,-0.34815392,5.8182297,13.923687,-0.2427839,5.676307,0.40847293
293,270,14.051875,-0.34815392,5.8182297,13.715549,-0.15167141,6.0419674,0.31092963
293,271,14.051875,-0.34815392,5.8182297,13.949896,-0.25141296,5.629537,0.03576437
293,273,14.051875,-0.34815392,5.8182297,13.165489,0.22482604,5.7879477,0.15345003
293,275,14.051875,-0.34815392,5.8182297,14.075612,-0.35584876,5.911238,1.0
293,277,14.051875,-0.34815392,5.8182297,14.187154,-0.48912087,5.8890634,0.4719764
293,279,14.051875,-0.34815392,5.8182297,14.092697,-0.4816448,6.1943192,0.5087739
293,283,14.051875,-0.34815392,5.8182297,14.0069895,-0.31606942,5.7298517,0.43418977
293,286,14.051875,-0.34815392,5.8182297,14.354706,-0.61125344,5.7644877,0.3586298
293,289,14.051875,-0.34815392,5.8182297,14.125437,-0.42295882,5.8412385,0.35646898
293,300,14.051875,-0.34815392,5.8182297,14.259995,-0.62791824,6.0501885,0.09956272
293,301,14.051875,-0.34815392,5.8182297,14.4538,-0.53221375,5.5938997,0.50978047
293,306,14.051875,-0.34815392,5.8182297,14.084273,-0.40510476,5.9643774,0.77147627
293,308,14.051875,-0.34815392,5.8182297,14.094851,-0.4778502,6.2651415,0.24282718
293,311,14.051875,-0.34815392,5.8182297,14.823968,-0.9776096,5.442226,0.1301479
293,317,14.051875,-0.34815392,5.8182297,14.064968,-0.43309906,6.131019,0.6398818
293,324,14.051875,-0.34815392,5.8182297,13.735741,-0.12848909,5.7788615,0.09154864
293,326,14.051875,-0.34815392,5.8182297,14.171622,-0.51600546,6.1639924,0.17296436
293,327,14.051875,-0.34815392,5.8182297,14.137517,-0.52675796,6.2394347,0.32009837
293,330,14.051875,-0.34815392,5.8182297,15.019312,-1.0466899,5.425054,0.07305574
294,280,16.345133,-1.807924,5.2569084,15.988268,-1.523066,5.3451433,0.22526395
294,290,16.345133,-1.807924,5.2569084,16.00291,-1.4131337,5.356307,0.1826529
294,296,16.345133,-1.807924,5.2569084,16.353134,-1.8276336,5.2434144,0.907838
294,298,16.345133,-1.807924,5.2569084,15.9896755,-1.4022269,5.4897013,0.19157125
294,302,16.345133,-1.807924,5.2569084,16.415344,-1.866836,5.2033925,1.0
294,304,16.345133,-1.807924,5.2569084,16.30862,-1.7425712,5.3223667,1.0
294,310,16.345133,-1.807924,5.2569084,15.971393,-1.3343271,5.5152645,0.24574323
294,312,16.345133,-1.807924,5.2569084,16.361902,-1.5724527,5.5010996,0.3149752
294,316,16.345133,-1.807924,5.2569084,15.931065,-1.5091902,5.3654675,0.1611404
294,318,16.345133,-1.807924,5.2569084,16.11501,-1.6349094,5.2711854,0.26189345
294,322,16.345133,-1.807924,5.2569084,16.096373,-1.61691,5.273847,0.19022614
294,325,16.345133,-1.807924,5.2569084,16.292078,-1.6878711,5.4110646,0.23559706
294,328,16.345133,-1.807924,5.2569084,16.368382,-1.8328267,5.3165197,0.4712821
294,331,16.345133,-1.807924,5.2569084,16.376633,-1.6052687,5.5332417,0.20331006
295,7,9.310273,3.3932543,6.800622,9.735829,3.556369,6.6220007,0.33382407
295,22,9.310273,3.3932543,6.800622,9.556016,3.1953576,6.3452654,0.1460025
295,25,9.310273,3.3932543,6.800622,9.525912,3.904014,6.0874515,0.2930242
295,27,9.310273,3.3932543,6.800622,9.466029,3.1511974,6.188851,0.13554883
295,70,9.310273,3.3932543,6.800622,9.406121,2.903538,6.621302,0.26074365
295,96,9.310273,3.3932543,6.800622,9.001063,4.378421,5.3790746,0.014490369
295,102,9.310273,3.3932543,6.800622,9.294113,4.1385336,5.615341,0.11843227
295,110,9.310273,3.3932543,6.800622,8.992596,3.930888,5.5671887,0.34483132
295,116,9.310273,3.3932543,6.800622,9.777507,3.6957846,6.2497725,0.12086377
295,120,9.310273,3.3932543,6.800622,9.171327,3.12144,6.0262923,0.11444811
295,122,9.310273,3.3932543,6.800622,9.035106,3.4317935,5.895477,0.4021112
295,134,9.310273,3.3932543,6.800622,9.240311,2.9989562,6.4248133,0.34975994
295,135,9.310273,3.3932543,6.800622,9.465977,3.2554653,6.6482496,0.5856973
295,287,9.310273,3.3932543,6.800622,9.419831,3.322447,6.9108925,1.0
295,297,9.310273,3.3932543,6.800622,9.376651,3.32809,6.8099456,1.0
295,319,9.310273,3.3932543,6.800622,9.507223,3.372532,6.810794,0.5978836
296,266,16.353134,-1.8276336,5.2434144,15.654048,-1.4921354,5.104009,0.06694064
296,269,16.353134,-1.8276336,5.2434144,15.570406,-1.5285091,4.9611664,0.18938118
296,274,16.353134,-1.8276336,5.2434144,15.546071,-1.5539782,4.94968,0.12823504
296,276,16.353134,-1.8276336,5.2434144,15.635758,-1.4947051,4.8690453,0.17888583
296,280,16.353134,-1.8276336,5.2434144,15.988268,-1.523066,5.3451433,0.18891643
296,290,16.353134,-1.8276336,5.2434144,16.00291,-1.4131337,5.356307,0.12198447
296,294,16.353134,-1.8276336,5.2434144,16.345133,-1.807924,5.2569084,0.907838
296,302,16.353134,-1.8276336,5.2434144,16.415344,-1.866836,5.2033925,0.46921316
296,304,16.353134,-1.8276336,5.2434144,16.30862,-1.7425712,5.3223667,1.0
296,316,16.353134,-1.8276336,5.2434144,15.931065,-1.5091902,5.3654675,0.08417072
296,318,16.353134,-1.8276336,5.2434144,16.11501,-1.6349094,5.2711854,0.23486605
296,322,16.353134,-1.8276336,5.2434144,16.096373,-1.61691,5.273847,0.11800135
296,325,16.353134,-1.8276336,5.2434144,16.292078,-1.6878711,5.4110646,0.18735996
296,328,16.353134,-1.8276336,5.2434144,16.368382,-1.8328267,5.3165197,0.73775184
297,7,9.376651,3.32809,6.8099456,9.735829,3.556369,6.6220007,0.2583418
297,22,9.376651,3.32809,6.8099456,9.556016,3.1953576,6.3452654,0.09828622
297,27,9.376651,3.32809,6.8099456,9.466029,3.1511974,6.188851,0.07348252
297,44,9.376651,3.32809,6.8099456,9.622536,3.2787094,6.3177776,0.085360676
297,70,9.376651,3.32809,6.8099456,9.406121,2.903538,6.621302,0.3733706
297,134,9.376651,3.32809,6.8099456,9.240311,2.9989562,6.4248133,0.16685557
297,135,9.376651,3.32809,6.8099456,9.465977,3.2554653,6.6482496,0.53148675
297,137,9.376651,3.32809,6.8099456,9.439189,2.8714862,6.665036,0.30303425
297,279,9.376651,3.32809,6.8099456,14.092697,-0.4816448,6.1943192,0.11963529
297,285,9.376651,3.32809,6.8099456,9.670098,3.4547172,6.6564717,0.46024466
297,287,9.376651,3.32809,6.8099456,9.419831,3.322447,6.9108925,0.9302088
297,295,9.376651,3.32809,6.8099456,9.310273,3.3932543,6.800622,1.0
297,303,9.376651,3.32809,6.8099456,14.176208,-0.4753787,6.244753,0.124664195
297,319,9.376651,3.32809,6.8099456,9.507223,3.372532,6.810794,1.0
297,321,9.376651,3.32809,6.8099456,14.057505,-0.43106878,6.3774166,0.5234535
297,326,9.376651,3.32809,6.8099456,14.171622,-0.51600546,6.1639924,0.0554069
298,266,15.9896755,-1.4022269,5.4897013,15.654048,-1.4921354,5.104009,0.06855963
298,272,15.9896755,-1.4022269,5.4897013,15.25732,-1.2208251,5.4284406,0.06948706
298,278,15.9896755,-1.4022269,5.4897013,15.795541,-1.2917417,5.5041175,1.0
298,280,15.9896755,-1.4022269,5.4897013,15.988268,-1.523066,5.3451433,0.5011379
298,284,15.9896755,-1.4022269,5.4897013,15.686274,-1.1251733,5.580252,0.23290898
298,290,15.9896755,-1.4022269,5.4897013,16.00291,-1.4131337,5.356307,0.636523
298,292,15.9896755,-1.4022269,5.4897013,15.634305,-1.4031276,5.355678,0.3283519
298,294,15.9896755,-1.4022269,5.4897013,16.345133,-1.807924,5.2569084,0.19157125
298,302,15.9896755,-1.4022269,5.4897013,16.415344,-1.866836,5.2033925,0.11155508
298,304,15.9896755,-1.4022269,5.4897013,16.30862,-1.7425712,5.3223667,0.19819872
298,305,15.9896755,-1.4022269,5.4897013,16.292934,-1.6191832,5.429727,0.14317471
298,310,15.9896755,-1.4022269,5.4897013,15.971393,-1.3343271,5.5152645,0.99999994
298,312,15.9896755,-1.4022269,5.4897013,16.361902,-1.5724527,5.5010996,0.20335631
298,316,15.9896755,-1.4022269,5.4897013,15.931065,-1.5091902,5.3654675,1.0
298,318,15.9896755,-1.4022269,5.4897013,16.11501,-1.6349094,5.2711854,0.47201228
298,322,15.9896755,-1.4022269,5.4897013,16.096373,-1.61691,5.273847,0.25038385
298,323,15.9896755,-1.4022269,5.4897013,15.696025,-1.3820474,5.4368534,0.6064982
298,325,15.9896755,-1.4022269,5.4897013,16.292078,-1.6878711,5.4110646,0.5488936
298,328,15.9896755,-1.4022269,5.4897013,16.368382,-1.8328267,5.3165197,0.11066009
298,331,15.9896755,-1.4022269,5.4897013,16.376633,-1.6052687,5.5332417,0.70027864
298,332,15.9896755,-1.4022269,5.4897013,15.410513,-1.2900568,5.378963,0.19995709
299,266,15.151873,-1.1931382,5.4669538,15.654048,-1.4921354,5.104009,0.028433545
299,267,15.151873,-1.1931382,5.4669538,15.275917,-1.3918374,5.083584,0.42277756
299,272,15.151873,-1.1931382,5.4669538,15.25732,-1.2208251,5.4284406,0.49498034
299,281,15.151873,-1.1931382,5.4669538,15.362855,-1.4175587,5.02295,0.1256231
299,282,15.151873,-1.1931382,5.4669538,15.027058,-1.1186448,5.240404,0.12006891
299,283,15.151873,-1.1931382,5.4669538,14.0069895,-0.31606942,5.7298517,0.14055207
299,288,15.151873,-1.1931382,5.4669538,15.373949,-1.4007581,5.021173,0.25233722
299,289,15.151873,-1.1931382,5.4669538,14.125437,-0.42295882,5.8412385,0.11623413
299,291,15.151873,-1.1931382,5.4669538,15.203467,-1.3064134,5.362877,0.71160674
299,292,15.151873,-1.1931382,5.4669538,15.634305,-1.4031276,5.355678,0.30579048
299,301,15.151873,-1.1931382,5.4669538,14.4538,-0.53221375,5.5938997,0.3588088
299,307,15.151873,-1.1931382,5.4669538,15.228161,-1.355136,5.19187,0.8568704
299,309,15.151873,-1.1931382,5.4669538,14.973931,-1.0937686,5.5535254,0.5053811
299,311,15.151873,-1.1931382,5.4669538,14.823968,-0.9776096,5.442226,0.39457572
299,313,15.151873,-1.1931382,5.4669538,14.9429035,-1.0632639,5.301207,0.3259099
299,314,15.151873,-1.1931382,5.4669538,14.77172,-0.9912804,5.697336,0.1925481
299,320,15.151873,-1.1931382,5.4669538,15.153162,-1.4390558,5.136207,0.3520666
299,323,15.151873,-1.1931382,5.4669538,15.696025,-1.3820474,5.4368534,0.1607227
299,324,15.151873,-1.1931382,5.4669538,13.735741,-0.12848909,5.7788615,0.10395491
299,330,15.151873,-1.1931382,5.4669538,15.019312,-1.0466899,5.425054,1.0
299,332,15.151873,-1.1931382,5.4669538,15.410513,-1.2900568,5.378963,1.0
300,123,14.259995,-0.62791824,6.0501885,12.704335,0.69584435,6.416023,0.04943517
300,265,14.259995,-0.62791824,6.0501885,14.083835,-0.38947332,5.8939104,0.04816201
300,270,14.259995,-0.62791824,6.0501885,13.715549,-0.15167141,6.0419674,0.4844061
300,275,14.259995,-0.62791824,6.0501885,14.075612,-0.35584876,5.911238,0.29299238
300,279,14.259995,-0.62791824,6.0501885,14.092697,-0.4816448,6.1943192,0.100431584
300,293,14.259995,-0.62791824,6.0501885,14.051875,-0.34815392,5.8182297,0.09956272
300,301,14.259995,-0.62791824,6.0501885,14.4538,-0.53221375,5.5938997,0.109900855
300,308,14.259995,-0.62791824,6.0501885,14.094851,-0.4778502,6.2651415,0.4780519
300,309,14.259995,-0.62791824,6.0501885,14.973931,-1.0937686,5.5535254,0.05246923
300,314,14.259995,-0.62791824,6.0501885,14.77172,-0.9912804,5.697336,0.88660455
300,315,14.259995,-0.62791824,6.0501885,14.297615,-0.6757829,6.3084593,0.51841474
300,317,14.259995,-0.62791824,6.0501885,14.064968,-0.43309906,6.131019,0.29154953
300,326,14.259995,-0.62791824,6.0501885,14.171622,-0.51600546,6.1639924,0.19967842
300,327,14.259995,-0.62791824,6.0501885,14.137517,-0.52675796,6.2394347,1.0
300,330,14.259995,-0.62791824,6.0501885,15.019312,-1.0466899,5.425054,0.04437476
301,67,14.4538,-0.53221375,5.5938997,13.0800705,0.2995892,5.740768,0.41117606
301,265,14.4538,-0.53221375,5.5938997,14.083835,-0.38947332,5.8939104,0.2890674
301,268,14.4538,-0.53221375,5.5938997,13.923687,-0.2427839,5.676307,0.17281684
301,270,14.4538,-0.53221375,5.5938997,13.715549,-0.15167141,6.0419674,0.5707307
301,272,14.4538,-0.53221375,5.5938997,15.25732,-1.2208251,5.4284406,0.079445265
301,273,14.4538,-0.53221375,5.5938997,13.165489,0.22482604,5.7879477,0.47276217
301,275,14.4538,-0.53221375,5.5938997,14.075612,-0.35584876,5.911238,1.0
301,283,14.4538,-0.53221375,5.5938997,14.0069895,-0.31606942,5.7298517,0.26392266
301,284,14.4538,-0.53221375,5.5938997,15.686274,-1.1251733,5.580252,0.34098744
301,289,14.4538,-0.53221375,5.5938997,14.125437,-0.42295882,5.8412385,0.12937999
301,292,14.4538,-0.53221375,5.5938997,15.634305,-1.4031276,5.355678,0.15035617
301,293,14.4538,-0.53221375,5.5938997,14.051875,-0.34815392,5.8182297,0.50978047
301,299,14.4538,-0.53221375,5.5938997,15.151873,-1.1931382,5.4669538,0.3588088
301,300,14.4538,-0.53221375,5.5938997,14.259995,-0.62791824,6.0501885,0.109900855
301,309,14.4538,-0.53221375,5.5938997,14.973931,-1.0937686,5.5535254,0.20246734
301,314,14.4538,-0.53221375,5.5938997,14.77172,-0.9912804,5.697336,0.17713402
301,317,14.4538,-0.53221375,5.5938997,14.064968,-0.43309906,6.131019,0.07976265
301,324,14.4538,-0.53221375,5.5938997,13.735741,-0.12848909,5.7788615,0.17266998
301,330,14.4538,-0.53221375,5.5938997,15.019312,-1.0466899,5.425054,0.84172904
301,332,14.4538,-0.53221375,5.5938997,15.410513,-1.2900568,5.378963,0.21133499
302,280,16.415344,-1.866836,5.2033925,15.988268,-1.523066,5.3451433,0.15209545
302,290,16.415344,-1.866836,5.2033925,16.00291,-1.4131337,5.356307,0.08486467
302,294,16.415344,-1.866836,5.2033925,16.345133,-1.807924,5.2569084,1.0
302,296,16.415344,-1.866836,5.2033925,16.353134,-1.8276336,5.2434144,0.46921316
302,298,16.415344,-1.866836,5.2033925,15.9896755,-1.4022269,5.4897013,0.11155508
302,304,16.415344,-1.866836,5.2033925,16.30862,-1.7425712,5.3223667,0.82591546
302,305,16.415344,-1.866836,5.2033925,16.292934,-1.6191832,5.429727,0.13414751
302,310,16.415344,-1.866836,5.2033925,15.971393,-1.3343271,5.5152645,0.119827054
302,312,16.415344,-1.866836,5.2033925,16.361902,-1.5724527,5.5010996,0.41410044
302,318,16.415344,-1.866836,5.2033925,16.11501,-1.6349094,5.2711854,0.19761729
302,322,16.415344,-1.866836,5.2033925,16.096373,-1.61691,5.273847,0.1775179
302,325,16.415344,-1.866836,5.2033925,16.292078,-1.6878711,5.4110646,0.16949257
302,328,16.415344,-1.866836,5.2033925,16.368382,-1.8328267,5.3165197,0.14310189
302,331,16.415344,-1.866836,5.2033925,16.376633,-1.6052687,5.5332417,0.17296103
303,265,14.176208,-0.4753787,6.244753,14.083835,-0.38947332,5.8939104,0.12480888
303,279,14.176208,-0.4753787,6.244753,14.092697,-0.4816448,6.1943192,0.16200237
303,286,14.176208,-0.4753787,6.244753,14.354706,-0.61125344,5.7644877,0.27539074
303,287,14.176208,-0.4753787,6.244753,9.419831,3.322447,6.9108925,0.8278676
303,289,14.176208,-0.4753787,6.244753,14.125437,-0.42295882,5.8412385,0.28646967
303,297,14.176208,-0.4753787,6.244753,9.376651,3.32809,6.8099456,0.124664195
303,308,14.176208,-0.4753787,6.244753,14.094851,-0.4778502,6.2651415,0.21062806
303,311,14.176208,-0.4753787,6.244753,14.823968,-0.9776096,5.442226,0.0978367
303,315,14.176208,-0.4753787,6.244753,14.297615,-0.6757829,6.3084593,0.43513334
303,317,14.176208,-0.4753787,6.244753,14.064968,-0.43309906,6.131019,0.12465159
303,319,14.176208,-0.4753787,6.244753,9.507223,3.372532,6.810794,0.09815178
303,321,14.176208,-0.4753787,6.244753,14.057505,-0.43106878,6.3774166,1.0
303,326,14.176208,-0.4753787,6.244753,14.171622,-0.51600546,6.1639924,0.1217906
303,327,14.176208,-0.4753787,6.244753,14.137517,-0.52675796,6.2394347,0.10301246
304,280,16.30862,-1.7425712,5.3223667,15.988268,-1.523066,5.3451433,0.21662979
304,290,16.30862,-1.7425712,5.3223667,16.00291,-1.4131337,5.356307,0.1956014
304,294,16.30862,-1.7425712,5.3223667,16.345133,-1.807924,5.2569084,1.0
304,296,16.30862,-1.7425712,5.3223667,16.353134,-1.8276336,5.2434144,1.0
304,298,16.30862,-1.7425712,5.3223667,15.9896755,-1.4022269,5.4897013,0.19819872
304,302,16.30862,-1.7425712,5.3223667,16.415344,-1.866836,5.2033925,0.82591546
304,310,16.30862,-1.7425712,5.3223667,15.971393,-1.3343271,5.5152645,0.23703025
304,312,16.30862,-1.7425712,5.3223667,16.361902,-1.5724527,5.5010996,0.25938407
304,316,16.30862,-1.7425712,5.3223667,15.931065,-1.5091902,5.3654675,0.17250814
304,318,16.30862,-1.7425712,5.3223667,16.11501,-1.6349094,5.2711854,0.2523015
304,322,16.30862,-1.7425712,5.3223667,16.096373,-1.61691,5.273847,0.16893993
304,325,16.30862,-1.7425712,5.3223667,16.292078,-1.6878711,5.4110646,0.29764777
304,328,16.30862,-1.7425712,5.3223667,16.368382,-1.8328267,5.3165197,0.86493045
304,331,16.30862,-1.7425712,5.3223667,16.376633,-1.6052687,5.5332417,0.20546645
305,123,16.292934,-1.6191832,5.429727,12.704335,0.69584435,6.416023,0.049786117
305,266,16.292934,-1.6191832,5.429727,15.654048,-1.4921354,5.104009,0.020863827
305,274,16.292934,-1.6191832,5.429727,15.546071,-1.5539782,4.94968,0.01999948
305,280,16.292934,-1.6191832,5.429727,15.988268,-1.523066,5.3451433,0.23701994
305,292,16.292934,-1.6191832,5.429727,15.634305,-1.4031276,5.355678,0.10322547
305,298,16.292934,-1.6191832,5.429727,15.9896755,-1.4022269,5.4897013,0.14317471
305,302,16.292934,-1.6191832,5.429727,16.415344,-1.866836,5.2033925,0.13414751
305,310,16.292934,-1.6191832,5.429727,15.971393,-1.3343271,5.5152645,0.013652276
305,312,16.292934,-1.6191832,5.429727,16.361902,-1.5724527,5.5010996,1.0
305,316,16.292934,-1.6191832,5.429727,15.931065,-1.5091902,5.3654675,0.08227158
305,318,16.292934,-1.6191832,5.429727,16.11501,-1.6349094,5.2711854,0.43830174
305,322,16.292934,-1.6191832,5.429727,16.096373,-1.61691,5.273847,0.6326035
305,323,16.292934,-1.6191832,5.429727,15.696025,-1.3820474,5.4368534,0.14951444
305,325,16.292934,-1.6191832,5.429727,16.292078,-1.6878711,5.4110646,0.4791564
305,331,16.292934,-1.6191832,5.429727,16.376633,-1.6052687,5.5332417,1.0
305,332,16.292934,-1.6191832,5.429727,15.410513,-1.2900568,5.378963,0.024051826
306,265,14.084273,-0.40510476,5.9643774,14.083835,-0.38947332,5.8939104,0.4516473
306,268,14.084273,-0.40510476,5.9643774,13.923687,-0.2427839,5.676307,0.34480208
306,271,14.084273,-0.40510476,5.9643774,13.949896,-0.25141296,5.629537,0.50846946
306,275,14.084273,-0.40510476,5.9643774,14.075612,-0.35584876,5.911238,0.41316238
306,277,14.084273,-0.40510476,5.9643774,14.187154,-0.48912087,5.8890634,1.0
306,279,14.084273,-0.40510476,5.9643774,14.092697,-0.4816448,6.1943192,0.85907114
306,283,14.084273,-0.40510476,5.9643774,14.0069895,-0.31606942,5.7298517,0.27614707
306,286,14.084273,-0.40510476,5.9643774,14.354706,-0.61125344,5.7644877,0.31919494
306,289,14.084273,-0.40510476,5.9643774,14.125437,-0.42295882,5.8412385,0.16831237
306,293,14.084273,-0.40510476,5.9643774,14.051875,-0.34815392,5.8182297,0.77147627
306,308,14.084273,-0.40510476,5.9643774,14.094851,-0.4778502,6.2651415,0.17056806
306,317,14.084273,-0.40510476,5.9643774,14.064968,-0.43309906,6.131019,0.41442612
306,321,14.084273,-0.40510476,5.9643774,14.057505,-0.43106878,6.3774166,0.115394294
306,326,14.084273,-0.40510476,5.9643774,14.171622,-0.51600546,6.1639924,0.49913177
306,327,14.084273,-0.40510476,5.9643774,14.137517,-0.52675796,6.2394347,0.21297927
307,266,15.228161,-1.355136,5.19187,15.654048,-1.4921354,5.104009,0.31588945
307,267,15.228161,-1.355136,5.19187,15.275917,-1.3918374,5.083584,1.0
307,269,15.228161,-1.355136,5.19187,15.570406,-1.5285091,4.9611664,0.36229458
307,272,15.228161,-1.355136,5.19187,15.25732,-1.2208251,5.4284406,0.28234547
307,274,15.228161,-1.355136,5.19187,15.546071,-1.5539782,4.94968,0.4218513
307,276,15.228161,-1.355136,5.19187,15.635758,-1.4947051,4.8690453,0.1589583
307,281,15.228161,-1.355136,5.19187,15.362855,-1.4175587,5.02295,0.81484467
307,282,15.228161,-1.355136,5.19187,15.027058,-1.1186448,5.240404,0.15455683
307,288,15.228161,-1.355136,5.19187,15.373949,-1.4007581,5.021173,0.5701632
307,291,15.228161,-1.355136,5.19187,15.203467,-1.3064134,5.362877,0.56125736
307,292,15.228161,-1.355136,5.19187,15.634305,-1.4031276,5.355678,0.31329256
307,299,15.228161,-1.355136,5.19187,15.151873,-1.1931382,5.4669538,0.8568704
307,309,15.228161,-1.355136,5.19187,14.973931,-1.0937686,5.5535254,0.14531463
307,311,15.228161,-1.355136,5.19187,14.823968,-0.9776096,5.442226,0.12751961
307,313,15.228161,-1.355136,5.19187,14.9429035,-1.0632639,5.301207,0.3477957
307,316,15.228161,-1.355136,5.19187,15.931065,-1.5091902,5.3654675,0.09810558
307,320,15.228161,-1.355136,5.19187,15.153162,-1.4390558,5.136207,0.99999994
307,323,15.228161,-1.355136,5.19187,15.696025,-1.3820474,5.4368534,0.21179554
307,330,15.228161,-1.355136,5.19187,15.019312,-1.0466899,5.425054,0.085312456
307,332,15.228161,-1.355136,5.19187,15.410513,-1.2900568,5.378963,0.51397014
308,265,14.094851,-0.4778502,6.2651415,14.083835,-0.38947332,5.8939104,0.28265637
308,270,14.094851,-0.4778502,6.2651415,13.715549,-0.15167141,6.0419674,0.22847526
308,275,14.094851,-0.4778502,6.2651415,14.075612,-0.35584876,5.911238,0.27341002
308,279,14.094851,-0.4778502,6.2651415,14.092697,-0.4816448,6.1943192,0.50761676
308,286,14.094851,-0.4778502,6.2651415,14.354706,-0.61125344,5.7644877,0.11790919
308,289,14.094851,-0.4778502,6.2651415,14.125437,-0.42295882,5.8412385,0.44748187
308,293,14.094851,-0.4778502,6.2651415,14.051875,-0.34815392,5.8182297,0.24282718
308,300,14.094851,-0.4778502,6.2651415,14.259995,-0.62791824,6.0501885,0.4780519
308,303,14.094851,-0.4778502,6.2651415,14.176208,-0.4753787,6.244753,0.21062806
308,306,14.094851,-0.4778502,6.2651415,14.084273,-0.40510476,5.9643774,0.17056806
308,315,14.094851,-0.4778502,6.2651415,14.297615,-0.6757829,6.3084593,1.0
308,317,14.094851,-0.4778502,6.2651415,14.064968,-0.43309906,6.131019,0.86163247
308,321,14.094851,-0.4778502,6.2651415,14.057505,-0.43106878,6.3774166,0.8651218
308,326,14.094851,-0.4778502,6.2651415,14.171622,-0.51600546,6.1639924,0.3490052
308,327,14.094851,-0.4778502,6.2651415,14.137517,-0.52675796,6.2394347,1.0
308,329,14.094851,-0.4778502,6.2651415,12.973415,0.4216673,6.374997,0.32835972
309,272,14.973931,-1.0937686,5.5535254,15.25732,-1.2208251,5.4284406,1.0
309,278,14.973931,-1.0937686,5.5535254,15.795541,-1.2917417,5.5041175,0.30818692
309,282,14.973931,-1.0937686,5.5535254,15.027058,-1.1186448,5.240404,0.30757952
309,286,14.973931,-1.0937686,5.5535254,14.354706,-0.61125344,5.7644877,0.20819037
309,291,14.973931,-1.0937686,5.5535254,15.203467,-1.3064134,5.362877,0.534226
309,292,14.973931,-1.0937686,5.5535254,15.634305,-1.4031276,5.355678,0.10744627
309,299,14.973931,-1.0937686,5.5535254,15.151873,-1.1931382,5.4669538,0.5053811
309,300,14.973931,-1.0937686,5.5535254,14.259995,-0.62791824,6.0501885,0.05246923
309,301,14.973931,-1.0937686,5.5535254,14.4538,-0.53221375,5.5938997,0.20246734
309,307,14.973931,-1.0937686,5.5535254,15.228161,-1.355136,5.19187,0.14531463
309,311,14.973931,-1.0937686,5.5535254,14.823968,-0.9776096,5.442226,0.4889952
309,313,14.973931,-1.0937686,5.5535254,14.9429035,-1.0632639,5.301207,0.16572595
309,314,14.973931,-1.0937686,5.5535254,14.77172,-0.9912804,5.697336,1.0
309,315,14.973931,-1.0937686,5.5535254,14.297615,-0.6757829,6.3084593,0.037937894
309,320,14.973931,-1.0937686,5.5535254,15.153162,-1.4390558,5.136207,0.3423353
309,323,14.973931,-1.0937686,5.5535254,15.696025,-1.3820474,5.4368534,0.19623855
309,330,14.973931,-1.0937686,5.5535254,15.019312,-1.0466899,5.425054,0.83064526
309,332,14.973931,-1.0937686,5.5535254,15.410513,-1.2900568,5.378963,0.39739394
310,278,15.971393,-1.3343271,5.5152645,15.795541,-1.2917417,5.5041175,0.66764057
310,280,15.971393,-1.3343271,5.5152645,15.988268,-1.523066,5.3451433,0.17758211
310,284,15.971393,-1.3343271,5.5152645,15.686274,-1.1251733,5.580252,0.99999994
310,290,15.971393,-1.3343271,5.5152645,16.00291,-1.4131337,5.356307,0.65570736
310,292,15.971393,-1.3343271,5.5152645,15.634305,-1.4031276,5.355678,0.07514921
310,294,15.971393,-1.3343271,5.5152645,16.345133,-1.807924,5.2569084,0.24574323
310,298,15.971393,-1.3343271,5.5152645,15.9896755,-1.4022269,5.4897013,0.99999994
310,302,15.971393,-1.3343271,5.5152645,16.415344,-1.866836,5.2033925,0.119827054
310,304,15.971393,-1.3343271,5.5152645,16.30862,-1.7425712,5.3223667,0.23703025
310,305,15.971393,-1.3343271,5.5152645,16.292934,-1.6191832,5.429727,0.013652276
310,312,15.971393,-1.3343271,5.5152645,16.361902,-1.5724527,5.5010996,0.11243867
310,316,15.971393,-1.3343271,5.5152645,15.931065,-1.5091902,5.3654675,0.279446
310,318,15.971393,-1.3343271,5.5152645,16.11501,-1.6349094,5.2711854,0.12855671
310,323,15.971393,-1.3343271,5.5152645,15.696025,-1.3820474,5.4368534,0.10401811
310,325,15.971393,-1.3343271,5.5152645,16.292078,-1.6878711,5.4110646,0.06651538
310,331,15.971393,-1.3343271,5.5152645,16.376633,-1.6052687,5.5332417,0.15523009
310,332,15.971393,-1.3343271,5.5152645,15.410513,-1.2900568,5.378963,0.07706329
311,265,14.823968,-0.9776096,5.442226,14.083835,-0.38947332,5.8939104,0.2051307
311,272,14.823968,-0.9776096,5.442226,15.25732,-1.2208251,5.4284406,0.17781651
311,277,14.823968,-0.9776096,5.442226,14.187154,-0.48912087,5.8890634,0.1218815
311,282,14.823968,-0.9776096,5.442226,15.027058,-1.1186448,5.240404,0.41618907
311,283,14.823968,-0.9776096,5.442226,14.0069895,-0.31606942,5.7298517,0.23909351
311,286,14.823968,-0.9776096,5.442226,14.354706,-0.61125344,5.7644877,1.0
311,289,14.823968,-0.9776096,5.442226,14.125437,-0.42295882,5.8412385,0.27637175
311,291,14.823968,-0.9776096,5.442226,15.203467,-1.3064134,5.362877,0.16258465
311,293,14.823968,-0.9776096,5.442226,14.051875,-0.34815392,5.8182297,0.1301479
311,299,14.823968,-0.9776096,5.442226,15.151873,-1.1931382,5.4669538,0.39457572
311,303,14.823968,-0.9776096,5.442226,14.176208,-0.4753787,6.244753,0.0978367
311,307,14.823968,-0.9776096,5.442226,15.228161,-1.355136,5.19187,0.12751961
311,309,14.823968,-0.9776096,5.442226,14.973931,-1.0937686,5.5535254,0.4889952
311,313,14.823968,-0.9776096,5.442226,14.9429035,-1.0632639,5.301207,1.0
311,314,14.823968,-0.9776096,5.442226,14.77172,-0.9912804,5.697336,0.296584
311,320,14.823968,-0.9776096,5.442226,15.153162,-1.4390558,5.136207,0.12794973
311,330,14.823968,-0.9776096,5.442226,15.019312,-1.0466899,5.425054,0.51276857
312,280,16.361902,-1.5724527,5.5010996,15.988268,-1.523066,5.3451433,0.19699135
312,292,16.361902,-1.5724527,5.5010996,15.634305,-1.4031276,5.355678,0.08630566
312,294,16.361902,-1.5724527,5.5010996,16.345133,-1.807924,5.2569084,0.3149752
312,298,16.361902,-1.5724527,5.5010996,15.9896755,-1.4022269,5.4897013,0.20335631
312,302,16.361902,-1.5724527,5.5010996,16.415344,-1.866836,5.2033925,0.41410044
312,304,16.361902,-1.5724527,5.5010996,16.30862,-1.7425712,5.3223667,0.25938407
312,305,16.361902,-1.5724527,5.5010996,16.292934,-1.6191832,5.429727,1.0
312,310,16.361902,-1.5724527,5.5010996,15.971393,-1.3343271,5.5152645,0.11243867
312,316,16.361902,-1.5724527,5.5010996,15.931065,-1.5091902,5.3654675,0.10853748
312,318,16.361902,-1.5724527,5.5010996,16.11501,-1.6349094,5.2711854,0.29677424
312,322,16.361902,-1.5724527,5.5010996,16.096373,-1.61691,5.273847,0.43064812
312,323,16.361902,-1.5724527,5.5010996,15.696025,-1.3820474,5.4368534,0.10514673
312,325,16.361902,-1.5724527,5.5010996,16.292078,-1.6878711,5.4110646,0.26455128
312,331,16.361902,-1.5724527,5.5010996,16.376633,-1.6052687,5.5332417,0.8845073
313,267,14.9429035,-1.0632639,5.301207,15.275917,-1.3918374,5.083584,0.49471748
313,272,14.9429035,-1.0632639,5.301207,15.25732,-1.2208251,5.4284406,0.13134934
313,281,14.9429035,-1.0632639,5.301207,15.362855,-1.4175587,5.02295,0.12022428
313,282,14.9429035,-1.0632639,5.301207,15.027058,-1.1186448,5.240404,1.0
313,283,14.9429035,-1.0632639,5.301207,14.0069895,-0.31606942,5.7298517,0.1252884
313,286,14.9429035,-1.0632639,5.301207,14.354706,-0.61125344,5.7644877,0.20449476
313,288,14.9429035,-1.0632639,5.301207,15.373949,-1.4007581,5.021173,0.19648583
313,291,14.9429035,-1.0632639,5.301207,15.203467,-1.3064134,5.362877,0.13421792
313,299,14.9429035,-1.0632639,5.301207,15.151873,-1.1931382,5.4669538,0.3259099
313,307,14.9429035,-1.0632639,5.301207,15.228161,-1.355136,5.19187,0.3477957
313,309,14.9429035,-1.0632639,5.301207,14.973931,-1.0937686,5.5535254,0.16572595
313,311,14.9429035,-1.0632639,5.301207,14.823968,-0.9776096,5.442226,1.0
313,320,14.9429035,-1.0632639,5.301207,15.153162,-1.4390558,5.136207,0.36410156
313,330,14.9429035,-1.0632639,5.301207,15.019312,-1.0466899,5.425054,0.20168757
313,332,14.9429035,-1.0632639,5.301207,15.410513,-1.2900568,5.378963,0.09489391
314,272,14.77172,-0.9912804,5.697336,15.25732,-1.2208251,5.4284406,0.53610474
314,275,14.77172,-0.9912804,5.697336,14.075612,-0.35584876,5.911238,0.15004382
314,278,14.77172,-0.9912804,5.697336,15.795541,-1.2917417,5.5041175,0.18601319
314,286,14.77172,-0.9912804,5.697336,14.354706,-0.61125344,5.7644877,0.3467842
314,291,14.77172,-0.9912804,5.697336,15.203467,-1.3064134,5.362877,0.25989023
314,299,14.77172,-0.9912804,5.697336,15.151873,-1.1931382,5.4669538,0.1925481
314,300,14.77172,-0.9912804,5.697336,14.259995,-0.62791824,6.0501885,0.88660455
314,301,14.77172,-0.9912804,5.697336,14.4538,-0.53221375,5.5938997,0.17713402
314,309,14.77172,-0.9912804,5.697336,14.973931,-1.0937686,5.5535254,1.0
314,311,14.77172,-0.9912804,5.697336,14.823968,-0.9776096,5.442226,0.296584
314,315,14.77172,-0.9912804,5.697336,14.297615,-0.6757829,6.3084593,0.6619712
314,327,14.77172,-0.9912804,5.697336,14.137517,-0.52675796,6.2394347,0.11618717
314,330,14.77172,-0.9912804,5.697336,15.019312,-1.0466899,5.425054,0.41222233
314,332,14.77172,-0.9912804,5.697336,15.410513,-1.2900568,5.378963,0.16852744
315,265,14.297615,-0.6757829,6.3084593,14.083835,-0.38947332,5.8939104,0.060644113
315,275,14.297615,-0.6757829,6.3084593,14.075612,-0.35584876,5.911238,0.033067543
315,279,14.297615,-0.6757829,6.3084593,14.092697,-0.4816448,6.1943192,0.12583488
315,286,14.297615,-0.6757829,6.3084593,14.354706,-0.61125344,5.7644877,0.25467405
315,289,14.297615,-0.6757829,6.3084593,14.125437,-0.42295882,5.8412385,0.17422225
315,300,14.297615,-0.6757829,6.3084593,14.259995,-0.62791824,6.0501885,0.51841474
315,303,14.297615,-0.6757829,6.3084593,14.176208,-0.4753787,6.244753,0.43513334
315,308,14.297615,-0.6757829,6.3084593,14.094851,-0.4778502,6.2651415,1.0
315,309,14.297615,-0.6757829,6.3084593,14.973931,-1.0937686,5.5535254,0.037937894
315,314,14.297615,-0.6757829,6.3084593,14.77172,-0.9912804,5.697336,0.6619712
315,317,14.297615,-0.6757829,6.3084593,14.064968,-0.43309906,6.131019,0.1985851
315,321,14.297615,-0.6757829,6.3084593,14.057505,-0.43106878,6.3774166,0.32089013
315,326,14.297615,-0.6757829,6.3084593,14.171622,-0.51600546,6.1639924,0.22676148
315,327,14.297615,-0.6757829,6.3084593,14.137517,-0.52675796,6.2394347,0.5263146
316,266,15.931065,-1.5091902,5.3654675,15.654048,-1.4921354,5.104009,0.28948426
316,267,15.931065,-1.5091902,5.3654675,15.275917,-1.3918374,5.083584,0.065687604
316,269,15.931065,-1.5091902,5.3654675,15.570406,-1.5285091,4.9611664,0.22603206
316,272,15.931065,-1.5091902,5.3654675,15.25732,-1.2208251,5.4284406,0.22798724
316,274,15.931065,-1.5091902,5.3654675,15.546071,-1.5539782,4.94968,0.18991826
316,276,15.931065,-1.5091902,5.3654675,15.635758,-1.4947051,4.8690453,0.06653996
316,278,15.931065,-1.5091902,5.3654675,15.795541,-1.2917417,5.5041175,0.67541564
316,280,15.931065,-1.5091902,5.3654675,15.988268,-1.523066,5.3451433,0.6304388
316,284,15.931065,-1.5091902,5.3654675,15.686274,-1.1251733,5.580252,0.14307934
316,288,15.931065,-1.5091902,5.3654675,15.373949,-1.4007581,5.021173,0.09070352
316,290,15.931065,-1.5091902,5.3654675,16.00291,-1.4131337,5.356307,1.0
316,291,15.931065,-1.5091902,5.3654675,15.203467,-1.3064134,5.362877,0.022724118
316,292,15.931065,-1.5091902,5.3654675,15.634305,-1.4031276,5.355678,0.53476775
316,294,15.931065,-1.5091902,5.3654675,16.345133,-1.807924,5.2569084,0.1611404
316,296,15.931065,-1.5091902,5.3654675,16.353134,-1.8276336,5.2434144,0.08417072
316,298,15.931065,-1.5091902,5.3654675,15.9896755,-1.4022269,5.4897013,1.0
316,304,15.931065,-1.5091902,5.3654675,16.30862,-1.7425712,5.3223667,0.17250814
316,305,15.931065,-1.5091902,5.3654675,16.292934,-1.6191832,5.429727,0.08227158
316,307,15.931065,-1.5091902,5.3654675,15.228161,-1.355136,5.19187,0.09810558
316,310,15.931065,-1.5091902,5.3654675,15.971393,-1.3343271,5.5152645,0.279446
316,312,15.931065,-1.5091902,5.3654675,16.361902,-1.5724527,5.5010996,0.10853748
316,318,15.931065,-1.5091902,5.3654675,16.11501,-1.6349094,5.2711854,0.48787355
316,320,15.931065,-1.5091902,5.3654675,15.153162,-1.4390558,5.136207,0.10456975
316,322,15.931065,-1.5091902,5.3654675,16.096373,-1.61691,5.273847,0.1894798
316,323,15.931065,-1.5091902,5.3654675,15.696025,-1.3820474,5.4368534,0.8535624
316,325,15.931065,-1.5091902,5.3654675,16.292078,-1.6878711,5.4110646,0.6072512
316,328,15.931065,-1.5091902,5.3654675,16.368382,-1.8328267,5.3165197,0.16716604
316,331,15.931065,-1.5091902,5.3654675,16.376633,-1.6052687,5.5332417,0.1481732
316,332,15.931065,-1.5091902,5.3654675,15.410513,-1.2900568,5.378963,0.45526004
317,265,14.064968,-0.43309906,6.131019,14.083835,-0.38947332,5.8939104,0.6140525
317,268,14.064968,-0.43309906,6.131019,13.923687,-0.2427839,5.676307,0.16268021
317,270,14.064968,-0.43309906,6.131019,13.715549,-0.15167141,6.0419674,0.29540676
317,275,14.064968,-0.43309906,6.131019,14.075612,-0.35584876,5.911238,0.544063
317,277,14.064968,-0.43309906,6.131019,14.187154,-0.48912087,5.8890634,0.27531672
317,279,14.064968,-0.43309906,6.131019,14.092697,-0.4816448,6.1943192,1.0
317,283,14.064968,-0.43309906,6.131019,14.0069895,-0.31606942,5.7298517,0.13791622
317,286,14.064968,-0.43309906,6.131019,14.354706,-0.61125344,5.7644877,0.2536893
317,289,14.064968,-0.43309906,6.131019,14.125437,-0.42295882,5.8412385,0.40933946
317,293,14.064968,-0.43309906,6.131019,14.051875,-0.34815392,5.8182297,0.6398818
317,300,14.064968,-0.43309906,6.131019,14.259995,-0.62791824,6.0501885,0.29154953
317,301,14.064968,-0.43309906,6.131019,14.4538,-0.53221375,5.5938997,0.07976265
317,303,14.064968,-0.43309906,6.131019,14.176208,-0.4753787,6.244753,0.12465159
317,306,14.064968,-0.43309906,6.131019,14.084273,-0.40510476,5.9643774,0.41442612
317,308,14.064968,-0.43309906,6.131019,14.094851,-0.4778502,6.2651415,0.86163247
317,315,14.064968,-0.43309906,6.131019,14.297615,-0.6757829,6.3084593,0.1985851
317,321,14.064968,-0.43309906,6.131019,14.057505,-0.43106878,6.3774166,0.42224526
317,326,14.064968,-0.43309906,6.131019,14.171622,-0.51600546,6.1639924,0.4336465
317,327,14.064968,-0.43309906,6.131019,14.137517,-0.52675796,6.2394347,1.0
317,329,14.064968,-0.43309906,6.131019,12.973415,0.4216673,6.374997,0.14400493
318,266,16.11501,-1.6349094,5.2711854,15.654048,-1.4921354,5.104009,0.29546395
318,269,16.11501,-1.6349094,5.2711854,15.570406,-1.5285091,4.9611664,0.21625899
318,274,16.11501,-1.6349094,5.2711854,15.546071,-1.5539782,4.94968,0.28757843
318,276,16.11501,-1.6349094,5.2711854,15.635758,-1.4947051,4.8690453,0.08693673
318,280,16.11501,-1.6349094,5.2711854,15.988268,-1.523066,5.3451433,1.0
318,290,16.11501,-1.6349094,5.2711854,16.00291,-1.4131337,5.356307,0.29004526
318,292,16.11501,-1.6349094,5.2711854,15.634305,-1.4031276,5.355678,0.2770079
318,294,16.11501,-1.6349094,5.2711854,16.345133,-1.807924,5.2569084,0.26189345
318,296,16.11501,-1.6349094,5.2711854,16.353134,-1.8276336,5.2434144,0.23486605
318,298,16.11501,-1.6349094,5.2711854,15.9896755,-1.4022269,5.4897013,0.47201228
318,302,16.11501,-1.6349094,5.2711854,16.415344,-1.866836,5.2033925,0.19761729
318,304,16.11501,-1.6349094,5.2711854,16.30862,-1.7425712,5.3223667,0.2523015
318,305,16.11501,-1.6349094,5.2711854,16.292934,-1.6191832,5.429727,0.43830174
318,310,16.11501,-1.6349094,5.2711854,15.971393,-1.3343271,5.5152645,0.12855671
318,312,16.11501,-1.6349094,5.2711854,16.361902,-1.5724527,5.5010996,0.29677424
318,316,16.11501,-1.6349094,5.2711854,15.931065,-1.5091902,5.3654675,0.48787355
318,322,16.11501,-1.6349094,5.2711854,16.096373,-1.61691,5.273847,1.0
318,323,16.11501,-1.6349094,5.2711854,15.696025,-1.3820474,5.4368534,0.2837751
318,325,16.11501,-1.6349094,5.2711854,16.292078,-1.6878711,5.4110646,0.99999994
318,328,16.11501,-1.6349094,5.2711854,16.368382,-1.8328267,5.3165197,0.19292635
318,331,16.11501,-1.6349094,5.2711854,16.376633,-1.6052687,5.5332417,0.35373133
318,332,16.11501,-1.6349094,5.2711854,15.410513,-1.2900568,5.378963,0.09028054
319,7,9.507223,3.372532,6.810794,9.735829,3.556369,6.6220007,0.630924
319,22,9.507223,3.372532,6.810794,9.556016,3.1953576,6.3452654,0.43280947
319,27,9.507223,3.372532,6.810794,9.466029,3.1511974,6.188851,0.16204144
319,44,9.507223,3.372532,6.810794,9.622536,3.2787094,6.3177776,0.17189305
319,50,9.507223,3.372532,6.810794,9.625917,3.2529693,6.160657,0.09746364
319,70,9.507223,3.372532,6.810794,9.406121,2.903538,6.621302,0.28687716
319,134,9.507223,3.372532,6.810794,9.240311,2.9989562,6.4248133,0.23602885
319,135,9.507223,3.372532,6.810794,9.465977,3.2554653,6.6482496,0.7905407
319,137,9.507223,3.372532,6.810794,9.439189,2.8714862,6.665036,0.2797733
319,271,9.507223,3.372532,6.810794,13.949896,-0.25141296,5.629537,0.083006114
319,279,9.507223,3.372532,6.810794,14.092697,-0.4816448,6.1943192,0.032760542
319,285,9.507223,3.372532,6.810794,9.670098,3.4547172,6.6564717,1.0
319,287,9.507223,3.372532,6.810794,9.419831,3.322447,6.9108925,0.51752084
319,295,9.507223,3.372532,6.810794,9.310273,3.3932543,6.800622,0.5978836
319,297,9.507223,3.372532,6.810794,9.376651,3.32809,6.8099456,1.0
319,303,9.507223,3.372532,6.810794,14.176208,-0.4753787,6.244753,0.09815178
319,321,9.507223,3.372532,6.810794,14.057505,-0.43106878,6.3774166,0.22705898
320,267,15.153162,-1.4390558,5.136207,15.275917,-1.3918374,5.083584,0.58846164
320,269,15.153162,-1.4390558,5.136207,15.570406,-1.5285091,4.9611664,0.32943314
320,272,15.153162,-1.4390558,5.136207,15.25732,-1.2208251,5.4284406,0.46843484
320,274,15.153162,-1.4390558,5.136207,15.546071,-1.5539782,4.94968,0.2138521
320,276,15.153162,-1.4390558,5.136207,15.635758,-1.4947051,4.8690453,0.05468852
320,281,15.153162,-1.4390558,5.136207,15.362855,-1.4175587,5.02295,0.3231984
320,282,15.153162,-1.4390558,5.136207,15.027058,-1.1186448,5.240404,0.33332223
320,288,15.153162,-1.4390558,5.136207,15.373949,-1.4007581,5.021173,0.19939657
320,291,15.153162,-1.4390558,5.136207,15.203467,-1.3064134,5.362877,1.0
320,292,15.153162,-1.4390558,5.136207,15.634305,-1.4031276,5.355678,0.10893553
320,299,15.153162,-1.4390558,5.136207,15.151873,-1.1931382,5.4669538,0.3520666
320,307,15.153162,-1.4390558,5.136207,15.228161,-1.355136,5.19187,0.99999994
320,309,15.153162,-1.4390558,5.136207,14.973931,-1.0937686,5.5535254,0.3423353
320,311,15.153162,-1.4390558,5.136207,14.823968,-0.9776096,5.442226,0.12794973
320,313,15.153162,-1.4390558,5.136207,14.9429035,-1.0632639,5.301207,0.36410156
320,316,15.153162,-1.4390558,5.136207,15.931065,-1.5091902,5.3654675,0.10456975
320,323,15.153162,-1.4390558,5.136207,15.696025,-1.3820474,5.4368534,0.12840731
320,332,15.153162,-1.4390558,5.136207,15.410513,-1.2900568,5.378963,0.30095047
321,265,14.057505,-0.43106878,6.3774166,14.083835,-0.38947332,5.8939104,0.052590214
321,277,14.057505,-0.43106878,6.3774166,14.187154,-0.48912087,5.8890634,0.10955811
321,279,14.057505,-0.43106878,6.3774166,14.092697,-0.4816448,6.1943192,1.0
321,286,14.057505,-0.43106878,6.3774166,14.354706,-0.61125344,5.7644877,0.0477142
321,287,14.057505,-0.43106878,6.3774166,9.419831,3.322447,6.9108925,0.6895989
321,289,14.057505,-0.43106878,6.3774166,14.125437,-0.42295882,5.8412385,0.05165853
321,297,14.057505,-0.43106878,6.3774166,9.376651,3.32809,6.8099456,0.5234535
321,303,14.057505,-0.43106878,6.3774166,14.176208,-0.4753787,6.244753,1.0
321,306,14.057505,-0.43106878,6.3774166,14.084273,-0.40510476,5.9643774,0.115394294
321,308,14.057505,-0.43106878,6.3774166,14.094851,-0.4778502,6.2651415,0.8651218
321,315,14.057505,-0.43106878,6.3774166,14.297615,-0.6757829,6.3084593,0.32089013
321,317,14.057505,-0.43106878,6.3774166,14.064968,-0.43309906,6.131019,0.42224526
321,319,14.057505,-0.43106878,6.3774166,9.507223,3.372532,6.810794,0.22705898
321,326,14.057505,-0.43106878,6.3774166,14.171622,-0.51600546,6.1639924,0.5301756
321,327,14.057505,-0.43106878,6.3774166,14.137517,-0.52675796,6.2394347,0.37279466
322,14,16.096373,-1.61691,5.273847,12.229178,0.80292934,5.083406,0.13782123
322,266,16.096373,-1.61691,5.273847,15.654048,-1.4921354,5.104009,0.32247946
322,274,16.096373,-1.61691,5.273847,15.546071,-1.5539782,4.94968,0.15336911
322,276,16.096373,-1.61691,5.273847,15.635758,-1.4947051,4.8690453,0.06094861
322,280,16.096373,-1.61691,5.273847,15.988268,-1.523066,5.3451433,0.94016415
322,290,16.096373,-1.61691,5.273847,16.00291,-1.4131337,5.356307,0.08037233
322,292,16.096373,-1.61691,5.273847,15.634305,-1.4031276,5.355678,0.30225998
322,294,16.096373,-1.61691,5.273847,16.345133,-1.807924,5.2569084,0.19022614
322,296,16.096373,-1.61691,5.273847,16.353134,-1.8276336,5.2434144,0.11800135
322,298,16.096373,-1.61691,5.273847,15.9896755,-1.4022269,5.4897013,0.25038385
322,302,16.096373,-1.61691,5.273847,16.415344,-1.866836,5.2033925,0.1775179
322,304,16.096373,-1.61691,5.273847,16.30862,-1.7425712,5.3223667,0.16893993
322,305,16.096373,-1.61691,5.273847,16.292934,-1.6191832,5.429727,0.6326035
322,312,16.096373,-1.61691,5.273847,16.361902,-1.5724527,5.5010996,0.43064812
322,316,16.096373,-1.61691,5.273847,15.931065,-1.5091902,5.3654675,0.1894798
322,318,16.096373,-1.61691,5.273847,16.11501,-1.6349094,5.2711854,1.0
322,323,16.096373,-1.61691,5.273847,15.696025,-1.3820474,5.4368534,0.15855244
322,325,16.096373,-1.61691,5.273847,16.292078,-1.6878711,5.4110646,0.4097267
322,331,16.096373,-1.61691,5.273847,16.376633,-1.6052687,5.5332417,0.19556229
322,332,16.096373,-1.61691,5.273847,15.410513,-1.2900568,5.378963,0.082533054
323,266,15.696025,-1.3820474,5.4368534,15.654048,-1.4921354,5.104009,0.2435452
323,272,15.696025,-1.3820474,5.4368534,15.25732,-1.2208251,5.4284406,0.34628493
323,274,15.696025,-1.3820474,5.4368534,15.546071,-1.5539782,4.94968,0.08886905
323,278,15.696025,-1.3820474,5.4368534,15.795541,-1.2917417,5.5041175,0.3735426
323,280,15.696025,-1.3820474,5.4368534,15.988268,-1.523066,5.3451433,0.33122927
323,281,15.696025,-1.3820474,5.4368534,15.362855,-1.4175587,5.02295,0.05341956
323,290,15.696025,-1.3820474,5.4368534,16.00291,-1.4131337,5.356307,0.12858911
323,291,15.696025,-1.3820474,5.4368534,15.203467,-1.3064134,5.362877,0.35069397
323,292,15.696025,-1.3820474,5.4368534,15.634305,-1.4031276,5.355678,1.0
323,298,15.696025,-1.3820474,5.4368534,15.9896755,-1.4022269,5.4897013,0.6064982
323,299,15.696025,-1.3820474,5.4368534,15.151873,-1.1931382,5.4669538,0.1607227
323,305,15.696025,-1.3820474,5.4368534,16.292934,-1.6191832,5.429727,0.14951444
323,307,15.696025,-1.3820474,5.4368534,15.228161,-1.355136,5.19187,0.21179554
323,309,15.696025,-1.3820474,5.4368534,14.973931,-1.0937686,5.5535254,0.19623855
323,310,15.696025,-1.3820474,5.4368534,15.971393,-1.3343271,5.5152645,0.10401811
323,312,15.696025,-1.3820474,5.4368534,16.361902,-1.5724527,5.5010996,0.10514673
323,316,15.696025,-1.3820474,5.4368534,15.931065,-1.5091902,5.3654675,0.8535624
323,318,15.696025,-1.3820474,5.4368534,16.11501,-1.6349094,5.2711854,0.2837751
323,320,15.696025,-1.3820474,5.4368534,15.153162,-1.4390558,5.136207,0.12840731
323,322,15.696025,-1.3820474,5.4368534,16.096373,-1.61691,5.273847,0.15855244
323,325,15.696025,-1.3820474,5.4368534,16.292078,-1.6878711,5.4110646,0.3032069
323,328,15.696025,-1.3820474,5.4368534,16.368382,-1.8328267,5.3165197,0.036946405
323,331,15.696025,-1.3820474,5.4368534,16.376633,-1.6052687,5.5332417,0.1244669
323,332,15.696025,-1.3820474,5.4368534,15.410513,-1.2900568,5.378963,0.882055
324,49,13.735741,-0.12848909,5.7788615,11.373211,1.5964844,6.2712355,0.07008052
324,67,13.735741,-0.12848909,5.7788615,13.0800705,0.2995892,5.740768,0.24890278
324,73,13.735741,-0.12848909,5.7788615,12.308235,0.79966015,6.018737,0.08778621
324,79,13.735741,-0.12848909,5.7788615,11.625175,1.2385032,5.0364914,0.075242214
324,125,13.735741,-0.12848909,5.7788615,12.880971,0.45562276,6.2702613,1.0
324,265,13.735741,-0.12848909,5.7788615,14.083835,-0.38947332,5.8939104,0.16231789
324,268,13.735741,-0.12848909,5.7788615,13.923687,-0.2427839,5.676307,0.84803325
324,273,13.735741,-0.12848909,5.7788615,13.165489,0.22482604,5.7879477,0.27363497
324,275,13.735741,-0.12848909,5.7788615,14.075612,-0.35584876,5.911238,0.078806445
324,281,13.735741,-0.12848909,5.7788615,15.362855,-1.4175587,5.02295,0.040864043
324,283,13.735741,-0.12848909,5.7788615,14.0069895,-0.31606942,5.7298517,0.956731
324,289,13.735741,-0.12848909,5.7788615,14.125437,-0.42295882,5.8412385,0.11994345
324,293,13.735741,-0.12848909,5.7788615,14.051875,-0.34815392,5.8182297,0.09154864
324,299,13.735741,-0.12848909,5.7788615,15.151873,-1.1931382,5.4669538,0.10395491
324,301,13.735741,-0.12848909,5.7788615,14.4538,-0.53221375,5.5938997,0.17266998
324,329,13.735741,-0.12848909,5.7788615,12.973415,0.4216673,6.374997,0.07626089
325,269,16.292078,-1.6878711,5.4110646,15.570406,-1.5285091,4.9611664,0.17761037
325,274,16.292078,-1.6878711,5.4110646,15.546071,-1.5539782,4.94968,0.1010105
325,278,16.292078,-1.6878711,5.4110646,15.795541,-1.2917417,5.5041175,0.043720584
325,280,16.292078,-1.6878711,5.4110646,15.988268,-1.523066,5.3451433,0.6019392
325,290,16.292078,-1.6878711,5.4110646,16.00291,-1.4131337,5.356307,0.07506327
325,292,16.292078,-1.6878711,5.4110646,15.634305,-1.4031276,5.355678,0.10123392
325,294,16.292078,-1.6878711,5.4110646,16.345133,-1.807924,5.2569084,0.23559706
325,296,16.292078,-1.6878711,5.4110646,16.353134,-1.8276336,5.2434144,0.18735996
325,298,16.292078,-1.6878711,5.4110646,15.9896755,-1.4022269,5.4897013,0.5488936
325,302,16.292078,-1.6878711,5.4110646,16.415344,-1.866836,5.2033925,0.16949257
325,304,16.292078,-1.6878711,5.4110646,16.30862,-1.7425712,5.3223667,0.29764777
325,305,16.292078,-1.6878711,5.4110646,16.292934,-1.6191832,5.429727,0.4791564
325,310,16.292078,-1.6878711,5.4110646,15.971393,-1.3343271,5.5152645,0.06651538
325,312,16.292078,-1.6878711,5.4110646,16.361902,-1.5724527,5.5010996,0.26455128
325,316,16.292078,-1.6878711,5.4110646,15.931065,-1.5091902,5.3654675,0.6072512
325,318,16.292078,-1.6878711,5.4110646,16.11501,-1.6349094,5.2711854,0.99999994
325,322,16.292078,-1.6878711,5.4110646,16.096373,-1.61691,5.273847,0.4097267
325,323,16.292078,-1.6878711,5.4110646,15.696025,-1.3820474,5.4368534,0.3032069
325,328,16.292078,-1.6878711,5.4110646,16.368382,-1.8328267,5.3165197,1.0
325,331,16.292078,-1.6878711,5.4110646,16.376633,-1.6052687,5.5332417,0.933264
326,265,14.171622,-0.51600546,6.1639924,14.083835,-0.38947332,5.8939104,0.10782654
326,275,14.171622,-0.51600546,6.1639924,14.075612,-0.35584876,5.911238,0.12289499
326,277,14.171622,-0.51600546,6.1639924,14.187154,-0.48912087,5.8890634,0.675488
326,279,14.171622,-0.51600546,6.1639924,14.092697,-0.4816448,6.1943192,0.99999994
326,286,14.171622,-0.51600546,6.1639924,14.354706,-0.61125344,5.7644877,0.2640797
326,293,14.171622,-0.51600546,6.1639924,14.051875,-0.34815392,5.8182297,0.17296436
326,297,14.171622,-0.51600546,6.1639924,9.376651,3.32809,6.8099456,0.0554069
326,300,14.171622,-0.51600546,6.1639924,14.259995,-0.62791824,6.0501885,0.19967842
326,303,14.171622,-0.51600546,6.1639924,14.176208,-0.4753787,6.244753,0.1217906
326,306,14.171622,-0.51600546,6.1639924,14.084273,-0.40510476,5.9643774,0.49913177
326,308,14.171622,-0.51600546,6.1639924,14.094851,-0.4778502,6.2651415,0.3490052
326,315,14.171622,-0.51600546,6.1639924,14.297615,-0.6757829,6.3084593,0.22676148
326,317,14.171622,-0.51600546,6.1639924,14.064968,-0.43309906,6.131019,0.4336465
326,321,14.171622,-0.51600546,6.1639924,14.057505,-0.43106878,6.3774166,0.5301756
326,327,14.171622,-0.51600546,6.1639924,14.137517,-0.52675796,6.2394347,0.49906403
327,265,14.137517,-0.52675796,6.2394347,14.083835,-0.38947332,5.8939104,0.24294196
327,270,14.137517,-0.52675796,6.2394347,13.715549,-0.15167141,6.0419674,0.42087528
327,275,14.137517,-0.52675796,6.2394347,14.075612,-0.35584876,5.911238,0.40161592
327,277,14.137517,-0.52675796,6.2394347,14.187154,-0.48912087,5.8890634,0.14835785
327,279,14.137517,-0.52675796,6.2394347,14.092697,-0.4816448,6.1943192,0.64513373
327,286,14.137517,-0.52675796,6.2394347,14.354706,-0.61125344,5.7644877,0.075543374
327,289,14.137517,-0.52675796,6.2394347,14.125437,-0.42295882,5.8412385,0.26970387
327,293,14.137517,-0.52675796,6.2394347,14.051875,-0.34815392,5.8182297,0.32009837
327,300,14.137517,-0.52675796,6.2394347,14.259995,-0.62791824,6.0501885,1.0
327,303,14.137517,-0.52675796,6.2394347,14.176208,-0.4753787,6.244753,0.10301246
327,306,14.137517,-0.52675796,6.2394347,14.084273,-0.40510476,5.9643774,0.21297927
327,308,14.137517,-0.52675796,6.2394347,14.094851,-0.4778502,6.2651415,1.0
327,314,14.137517,-0.52675796,6.2394347,14.77172,-0.9912804,5.697336,0.11618717
327,315,14.137517,-0.52675796,6.2394347,14.297615,-0.6757829,6.3084593,0.5263146
327,317,14.137517,-0.52675796,6.2394347,14.064968,-0.43309906,6.131019,1.0
327,321,14.137517,-0.52675796,6.2394347,14.057505,-0.43106878,6.3774166,0.37279466
327,326,14.137517,-0.52675796,6.2394347,14.171622,-0.51600546,6.1639924,0.49906403
327,329,14.137517,-0.52675796,6.2394347,12.973415,0.4216673,6.374997,0.13116871
328,269,16.368382,-1.8328267,5.3165197,15.570406,-1.5285091,4.9611664,0.2001241
328,274,16.368382,-1.8328267,5.3165197,15.546071,-1.5539782,4.94968,0.07959793
328,278,16.368382,-1.8328267,5.3165197,15.795541,-1.2917417,5.5041175,0.046268012
328,280,16.368382,-1.8328267,5.3165197,15.988268,-1.523066,5.3451433,0.106669255
328,290,16.368382,-1.8328267,5.3165197,16.00291,-1.4131337,5.356307,0.08979015
328,294,16.368382,-1.8328267,5.3165197,16.345133,-1.807924,5.2569084,0.4712821
328,296,16.368382,-1.8328267,5.3165197,16.353134,-1.8276336,5.2434144,0.73775184
328,298,16.368382,-1.8328267,5.3165197,15.9896755,-1.4022269,5.4897013,0.11066009
328,302,16.368382,-1.8328267,5.3165197,16.415344,-1.866836,5.2033925,0.14310189
328,304,16.368382,-1.8328267,5.3165197,16.30862,-1.7425712,5.3223667,0.86493045
328,316,16.368382,-1.8328267,5.3165197,15.931065,-1.5091902,5.3654675,0.16716604
328,318,16.368382,-1.8328267,5.3165197,16.11501,-1.6349094,5.2711854,0.19292635
328,323,16.368382,-1.8328267,5.3165197,15.696025,-1.3820474,5.4368534,0.036946405
328,325,16.368382,-1.8328267,5.3165197,16.292078,-1.6878711,5.4110646,1.0
328,331,16.368382,-1.8328267,5.3165197,16.376633,-1.6052687,5.5332417,0.13564405
329,2,12.973415,0.4216673,6.374997,9.234901,2.927514,6.097882,0.3578372
329,36,12.973415,0.4216673,6.374997,11.799812,1.2032956,6.3406334,0.08820846
329,109,12.973415,0.4216673,6.374997,12.15095,0.9440201,6.3708763,0.08194515
329,117,12.973415,0.4216673,6.374997,12.6118355,0.6909676,6.3690577,0.67520946
329,123,12.973415,0.4216673,6.374997,12.704335,0.69584435,6.416023,0.32432783
329,125,12.973415,0.4216673,6.374997,12.880971,0.45562276,6.2702613,1.0
329,145,12.973415,0.4216673,6.374997,12.501276,0.7736548,6.313317,0.20124367
329,265,12.973415,0.4216673,6.374997,14.083835,-0.38947332,5.8939104,0.12122471
329,270,12.973415,0.4216673,6.374997,13.715549,-0.15167141,6.0419674,0.28858474
329,289,12.973415,0.4216673,6.374997,14.125437,-0.42295882,5.8412385,0.38201678
329,308,12.973415,0.4216673,6.374997,14.094851,-0.4778502,6.2651415,0.32835972
329,317,12.973415,0.4216673,6.374997,14.064968,-0.43309906,6.131019,0.14400493
329,324,12.973415,0.4216673,6.374997,13.735741,-0.12848909,5.7788615,0.07626089
329,327,12.973415,0.4216673,6.374997,14.137517,-0.52675796,6.2394347,0.13116871
330,265,15.019312,-1.0466899,5.425054,14.083835,-0.38947332,5.8939104,0.034234658
330,267,15.019312,-1.0466899,5.425054,15.275917,-1.3918374,5.083584,0.1859102
330,272,15.019312,-1.0466899,5.425054,15.25732,-1.2208251,5.4284406,0.63485605
330,275,15.019312,-1.0466899,5.425054,14.075612,-0.35584876,5.911238,0.24935591
330,277,15.019312,-1.0466899,5.425054,14.187154,-0.48912087,5.8890634,0.101053454
330,278,15.019312,-1.0466899,5.425054,15.795541,-1.2917417,5.5041175,0.04624824
330,282,15.019312,-1.0466899,5.425054,15.027058,-1.1186448,5.240404,0.19427334
330,283,15.019312,-1.0466899,5.425054,14.0069895,-0.31606942,5.7298517,0.11681493
330,284,15.019312,-1.0466899,5.425054,15.686274,-1.1251733,5.580252,0.2639798
330,286,15.019312,-1.0466899,5.425054,14.354706,-0.61125344,5.7644877,0.22589542
330,288,15.019312,-1.0466899,5.425054,15.373949,-1.4007581,5.021173,0.16727002
330,291,15.019312,-1.0466899,5.425054,15.203467,-1.3064134,5.362877,0.044357743
330,292,15.019312,-1.0466899,5.425054,15.634305,-1.4031276,5.355678,0.0716068
330,293,15.019312,-1.0466899,5.425054,14.051875,-0.34815392,5.8182297,0.07305574
330,299,15.019312,-1.0466899,5.425054,15.151873,-1.1931382,5.4669538,1.0
330,300,15.019312,-1.0466899,5.425054,14.259995,-0.62791824,6.0501885,0.04437476
330,301,15.019312,-1.0466899,5.425054,14.4538,-0.53221375,5.5938997,0.84172904
330,307,15.019312,-1.0466899,5.425054,15.228161,-1.355136,5.19187,0.085312456
330,309,15.019312,-1.0466899,5.425054,14.973931,-1.0937686,5.5535254,0.83064526
330,311,15.019312,-1.0466899,5.425054,14.823968,-0.9776096,5.442226,0.51276857
330,313,15.019312,-1.0466899,5.425054,14.9429035,-1.0632639,5.301207,0.20168757
330,314,15.019312,-1.0466899,5.425054,14.77172,-0.9912804,5.697336,0.41222233
330,332,15.019312,-1.0466899,5.425054,15.410513,-1.2900568,5.378963,0.45935917
331,278,16.376633,-1.6052687,5.5332417,15.795541,-1.2917417,5.5041175,0.04333812
331,280,16.376633,-1.6052687,5.5332417,15.988268,-1.523066,5.3451433,0.106852874
331,292,16.376633,-1.6052687,5.5332417,15.634305,-1.4031276,5.355678,0.036877234
331,294,16.376633,-1.6052687,5.5332417,16.345133,-1.807924,5.2569084,0.20331006
331,298,16.376633,-1.6052687,5.5332417,15.9896755,-1.4022269,5.4897013,0.70027864
331,302,16.376633,-1.6052687,5.5332417,16.415344,-1.866836,5.2033925,0.17296103
331,304,16.376633,-1.6052687,5.5332417,16.30862,-1.7425712,5.3223667,0.20546645
331,305,16.376633,-1.6052687,5.5332417,16.292934,-1.6191832,5.429727,1.0
331,310,16.376633,-1.6052687,5.5332417,15.971393,-1.3343271,5.5152645,0.15523009
331,312,16.376633,-1.6052687,5.5332417,16.361902,-1.5724527,5.5010996,0.8845073
331,316,16.376633,-1.6052687,5.5332417,15.931065,-1.5091902,5.3654675,0.1481732
331,318,16.376633,-1.6052687,5.5332417,16.11501,-1.6349094,5.2711854,0.35373133
331,322,16.376633,-1.6052687,5.5332417,16.096373,-1.61691,5.273847,0.19556229
331,323,16.376633,-1.6052687,5.5332417,15.696025,-1.3820474,5.4368534,0.1244669
331,325,16.376633,-1.6052687,5.5332417,16.292078,-1.6878711,5.4110646,0.933264
331,328,16.376633,-1.6052687,5.5332417,16.368382,-1.8328267,5.3165197,0.13564405
332,266,15.410513,-1.2900568,5.378963,15.654048,-1.4921354,5.104009,0.3839826
332,267,15.410513,-1.2900568,5.378963,15.275917,-1.3918374,5.083584,0.27619073
332,269,15.410513,-1.2900568,5.378963,15.570406,-1.5285091,4.9611664,0.11145392
332,272,15.410513,-1.2900568,5.378963,15.25732,-1.2208251,5.4284406,0.7350263
332,274,15.410513,-1.2900568,5.378963,15.546071,-1.5539782,4.94968,0.10153266
332,278,15.410513,-1.2900568,5.378963,15.795541,-1.2917417,5.5041175,0.23511815
332,280,15.410513,-1.2900568,5.378963,15.988268,-1.523066,5.3451433,0.12361371
332,281,15.410513,-1.2900568,5.378963,15.362855,-1.4175587,5.02295,0.07795189
332,284,15.410513,-1.2900568,5.378963,15.686274,-1.1251733,5.580252,0.18021752
332,288,15.410513,-1.2900568,5.378963,15.373949,-1.4007581,5.021173,0.2798114
332,290,15.410513,-1.2900568,5.378963,16.00291,-1.4131337,5.356307,0.21222177
332,291,15.410513,-1.2900568,5.378963,15.203467,-1.3064134,5.362877,0.45633194
332,292,15.410513,-1.2900568,5.378963,15.634305,-1.4031276,5.355678,1.0
332,298,15.410513,-1.2900568,5.378963,15.9896755,-1.4022269,5.4897013,0.19995709
332,299,15.410513,-1.2900568,5.378963,15.151873,-1.1931382,5.4669538,1.0
332,301,15.410513,-1.2900568,5.378963,14.4538,-0.53221375,5.5938997,0.21133499
332,305,15.410513,-1.2900568,5.378963,16.292934,-1.6191832,5.429727,0.024051826
332,307,15.410513,-1.2900568,5.378963,15.228161,-1.355136,5.19187,0.51397014
332,309,15.410513,-1.2900568,5.378963,14.973931,-1.0937686,5.5535254,0.39739394
332,310,15.410513,-1.2900568,5.378963,15.971393,-1.3343271,5.5152645,0.07706329
332,313,15.410513,-1.2900568,5.378963,14.9429035,-1.0632639,5.301207,0.09489391
332,314,15.410513,-1.2900568,5.378963,14.77172,-0.9912804,5.697336,0.16852744
332,316,15.410513,-1.2900568,5.378963,15.931065,-1.5091902,5.3654675,0.45526004
332,318,15.410513,-1.2900568,5.378963,16.11501,-1.6349094,5.2711854,0.09028054
332,320,15.410513,-1.2900568,5.378963,15.153162,-1.4390558,5.136207,0.30095047
332,322,15.410513,-1.2900568,5.378963,16.096373,-1.61691,5.273847,0.082533054
332,323,15.410513,-1.2900568,5.378963,15.696025,-1.3820474,5.4368534,0.882055
332,330,15.410513,-1.2900568,5.378963,15.019312,-1.0466899,5.425054,0.45935917
