source_idx,target_idx,source_x,source_y,target_x,target_y,weight
0,5,15.115076,4.8807416,15.305141,4.107536,0.33252355
0,15,15.115076,4.8807416,15.440327,4.5107145,0.23630099
0,16,15.115076,4.8807416,15.425052,4.782604,1.0
0,18,15.115076,4.8807416,15.294312,4.773344,0.35113615
0,21,15.115076,4.8807416,14.901718,4.8026524,0.56220645
0,23,15.115076,4.8807416,15.50172,4.533846,0.19581217
0,24,15.115076,4.8807416,14.873818,4.9400826,0.83450425
0,26,15.115076,4.8807416,15.332634,4.5654902,0.6375463
0,28,15.115076,4.8807416,14.637636,5.089697,0.50778425
0,32,15.115076,4.8807416,14.766539,4.6674213,0.23126873
0,33,15.115076,4.8807416,15.418711,4.7519274,0.2025614
0,41,15.115076,4.8807416,14.864813,4.7308,0.25491133
0,71,15.115076,4.8807416,15.468621,5.8995986,0.18496881
0,76,15.115076,4.8807416,15.648533,5.6343913,0.027138995
0,99,15.115076,4.8807416,15.017318,4.9063387,0.7340334
0,139,15.115076,4.8807416,15.143096,5.0351653,0.99999994
0,141,15.115076,4.8807416,15.905699,4.6038647,0.024152262
1,5,15.266301,3.6584642,15.305141,4.107536,0.42800164
1,10,15.266301,3.6584642,15.922818,4.3705916,0.0808184
1,18,15.266301,3.6584642,15.294312,4.773344,0.75279456
1,19,15.266301,3.6584642,15.391574,3.9879377,0.7068643
1,26,15.266301,3.6584642,15.332634,4.5654902,0.011221139
1,27,15.266301,3.6584642,15.510872,3.2449698,0.035953492
1,44,15.266301,3.6584642,15.175603,3.4882746,0.6080269
1,50,15.266301,3.6584642,15.419285,3.6068664,1.0
1,56,15.266301,3.6584642,15.941432,3.7150114,0.3595851
1,65,15.266301,3.6584642,13.851391,5.40377,0.072545394
1,70,15.266301,3.6584642,15.20802,3.2311814,0.3375282
1,116,15.266301,3.6584642,15.289759,3.8223827,0.12490163
1,128,15.266301,3.6584642,15.6863575,3.4855988,0.11925615
1,129,15.266301,3.6584642,14.923138,3.6184957,0.62302774
1,135,15.266301,3.6584642,15.110462,3.233726,0.36265332
1,137,15.266301,3.6584642,15.26551,3.220892,0.59553677
1,285,15.266301,3.6584642,14.941929,3.3801575,0.11711117
2,11,15.707052,3.1367562,15.778077,5.624839,0.19756569
2,22,15.707052,3.1367562,15.136165,3.3466234,0.3288421
2,27,15.707052,3.1367562,15.510872,3.2449698,0.28837606
2,49,15.707052,3.1367562,13.812493,5.420563,0.117053725
2,66,15.707052,3.1367562,15.794575,3.2184129,0.40002933
2,78,15.707052,3.1367562,16.188915,3.8060684,0.17249168
2,83,15.707052,3.1367562,15.560263,5.4497786,0.11025395
2,98,15.707052,3.1367562,15.879808,3.3732815,0.4654746
2,100,15.707052,3.1367562,15.903963,3.4997058,0.1024618
2,106,15.707052,3.1367562,15.7255,3.0879033,1.0
2,113,15.707052,3.1367562,14.840921,4.168203,0.43261042
2,120,15.707052,3.1367562,15.838945,3.2013676,0.48963875
2,122,15.707052,3.1367562,16.1225,3.029391,0.17225073
2,124,15.707052,3.1367562,15.882836,3.3341334,0.38612065
2,134,15.707052,3.1367562,15.589219,3.0729659,0.43546495
2,329,15.707052,3.1367562,12.60709,6.7113414,0.3578372
3,4,15.894841,5.697082,14.83223,6.815573,0.068581425
3,11,15.894841,5.697082,15.778077,5.624839,0.9895123
3,17,15.894841,5.697082,15.6127,5.874114,0.2319101
3,20,15.894841,5.697082,15.821183,5.782571,0.08999657
3,53,15.894841,5.697082,15.71757,5.712427,0.90317166
3,64,15.894841,5.697082,15.993426,5.5977764,0.23278998
3,76,15.894841,5.697082,15.648533,5.6343913,0.01477537
3,80,15.894841,5.697082,15.580078,5.9216957,0.3977208
3,81,15.894841,5.697082,15.908594,5.075191,0.52983034
3,82,15.894841,5.697082,15.385485,6.0028963,0.00355436
3,83,15.894841,5.697082,15.560263,5.4497786,0.08993738
3,84,15.894841,5.697082,16.458075,4.69086,0.12791523
3,90,15.894841,5.697082,15.729098,5.3084464,0.05985058
3,98,15.894841,5.697082,15.879808,3.3732815,0.034741748
3,101,15.894841,5.697082,15.106907,6.5211177,0.11322748
3,111,15.894841,5.697082,15.167303,6.4741163,0.13431577
3,115,15.894841,5.697082,15.668841,6.0939245,1.0
3,126,15.894841,5.697082,16.094965,5.2784967,0.99999994
3,143,15.894841,5.697082,16.018915,5.126608,0.0037452588
4,3,14.83223,6.815573,15.894841,5.697082,0.068581425
4,8,14.83223,6.815573,14.886539,6.7756934,0.9554237
4,30,14.83223,6.815573,14.584833,6.9311748,0.19193034
4,31,14.83223,6.815573,15.041691,6.561837,0.61300594
4,43,14.83223,6.815573,14.303883,7.1082454,0.16531439
4,53,14.83223,6.815573,15.71757,5.712427,0.06775535
4,79,14.83223,6.815573,14.657774,6.8561397,1.0
4,80,14.83223,6.815573,15.580078,5.9216957,0.09757138
4,82,14.83223,6.815573,15.385485,6.0028963,0.087857716
4,97,14.83223,6.815573,15.111745,6.446305,0.07809333
4,101,14.83223,6.815573,15.106907,6.5211177,0.6286167
4,108,14.83223,6.815573,14.792871,6.8462114,1.0
4,111,14.83223,6.815573,15.167303,6.4741163,0.32882324
4,115,14.83223,6.815573,15.668841,6.0939245,0.17754729
4,131,14.83223,6.815573,14.343221,6.7143393,0.06970404
5,0,15.305141,4.107536,15.115076,4.8807416,0.33252355
5,1,15.305141,4.107536,15.266301,3.6584642,0.42800164
5,7,15.305141,4.107536,15.070056,3.4102123,0.116718695
5,10,15.305141,4.107536,15.922818,4.3705916,0.24935956
5,15,15.305141,4.107536,15.440327,4.5107145,0.3192785
5,16,15.305141,4.107536,15.425052,4.782604,0.35558754
5,18,15.305141,4.107536,15.294312,4.773344,0.28036687
5,19,15.305141,4.107536,15.391574,3.9879377,1.0
5,21,15.305141,4.107536,14.901718,4.8026524,0.21530607
5,23,15.305141,4.107536,15.50172,4.533846,0.2114649
5,24,15.305141,4.107536,14.873818,4.9400826,0.11558116
5,25,15.305141,4.107536,15.395929,3.7028267,0.14144261
5,26,15.305141,4.107536,15.332634,4.5654902,0.7563768
5,32,15.305141,4.107536,14.766539,4.6674213,0.13438055
5,44,15.305141,4.107536,15.175603,3.4882746,0.7238653
5,50,15.305141,4.107536,15.419285,3.6068664,0.82856774
5,56,15.305141,4.107536,15.941432,3.7150114,0.14314856
5,99,15.305141,4.107536,15.017318,4.9063387,0.06890041
5,116,15.305141,4.107536,15.289759,3.8223827,0.3258801
5,128,15.305141,4.107536,15.6863575,3.4855988,0.17382216
5,139,15.305141,4.107536,15.143096,5.0351653,0.20467107
5,141,15.305141,4.107536,15.905699,4.6038647,0.04971719
5,285,15.305141,4.107536,14.941929,3.3801575,0.114495814
6,9,13.874642,6.392067,14.9646225,6.6895537,0.14181666
6,12,13.874642,6.392067,13.987937,6.9974027,0.2376682
6,34,13.874642,6.392067,14.118809,5.8826885,0.29245624
6,40,13.874642,6.392067,13.916756,6.079166,1.0
6,45,13.874642,6.392067,14.047236,5.819297,0.17307892
6,55,13.874642,6.392067,14.295579,7.052556,0.18900162
6,63,13.874642,6.392067,13.671841,6.6903467,0.7698658
6,91,13.874642,6.392067,13.734269,6.176937,0.28357795
6,95,13.874642,6.392067,13.822261,6.726739,0.71957666
6,97,13.874642,6.392067,15.111745,6.446305,0.40071088
6,103,13.874642,6.392067,13.663191,6.7761784,0.29388398
6,107,13.874642,6.392067,13.571477,6.76282,0.21977913
6,121,13.874642,6.392067,13.487824,6.081827,0.06849316
6,127,13.874642,6.392067,13.801784,6.1970916,0.52936554
6,140,13.874642,6.392067,13.917581,5.8644834,0.14088035
7,5,15.070056,3.4102123,15.305141,4.107536,0.116718695
7,22,15.070056,3.4102123,15.136165,3.3466234,1.0
7,23,15.070056,3.4102123,15.50172,4.533846,0.17399588
7,25,15.070056,3.4102123,15.395929,3.7028267,0.41817275
7,27,15.070056,3.4102123,15.510872,3.2449698,0.342756
7,32,15.070056,3.4102123,14.766539,4.6674213,0.25892967
7,41,15.070056,3.4102123,14.864813,4.7308,0.078235574
7,44,15.070056,3.4102123,15.175603,3.4882746,0.3962845
7,50,15.070056,3.4102123,15.419285,3.6068664,0.1441688
7,102,15.070056,3.4102123,16.767818,3.171738,0.16368803
7,116,15.070056,3.4102123,15.289759,3.8223827,0.43337172
7,135,15.070056,3.4102123,15.110462,3.233726,0.37041792
7,271,15.070056,3.4102123,11.857723,7.508994,0.11609588
7,285,15.070056,3.4102123,14.941929,3.3801575,0.65130126
7,287,15.070056,3.4102123,14.858063,3.0740209,0.16696565
7,295,15.070056,3.4102123,14.982196,3.1064515,0.33382407
7,297,15.070056,3.4102123,14.895696,3.0403945,0.2583418
7,319,15.070056,3.4102123,14.898819,3.1871645,0.630924
8,4,14.886539,6.7756934,14.83223,6.815573,0.9554237
8,9,14.886539,6.7756934,14.9646225,6.6895537,0.19165061
8,30,14.886539,6.7756934,14.584833,6.9311748,0.7263001
8,31,14.886539,6.7756934,15.041691,6.561837,0.4187311
8,43,14.886539,6.7756934,14.303883,7.1082454,0.35229075
8,55,14.886539,6.7756934,14.295579,7.052556,0.20246361
8,79,14.886539,6.7756934,14.657774,6.8561397,0.35609898
8,80,14.886539,6.7756934,15.580078,5.9216957,0.0820435
8,82,14.886539,6.7756934,15.385485,6.0028963,0.05939837
8,97,14.886539,6.7756934,15.111745,6.446305,0.13258947
8,101,14.886539,6.7756934,15.106907,6.5211177,0.4278008
8,108,14.886539,6.7756934,14.792871,6.8462114,1.0
8,111,14.886539,6.7756934,15.167303,6.4741163,0.45505527
8,115,14.886539,6.7756934,15.668841,6.0939245,0.08315261
8,131,14.886539,6.7756934,14.343221,6.7143393,0.09513397
9,6,14.9646225,6.6895537,13.874642,6.392067,0.14181666
9,8,14.9646225,6.6895537,14.886539,6.7756934,0.19165061
9,17,14.9646225,6.6895537,15.6127,5.874114,0.03949011
9,30,14.9646225,6.6895537,14.584833,6.9311748,1.0
9,31,14.9646225,6.6895537,15.041691,6.561837,0.11133441
9,55,14.9646225,6.6895537,14.295579,7.052556,0.109329276
9,77,14.9646225,6.6895537,15.414035,6.1223645,0.66039664
9,80,14.9646225,6.6895537,15.580078,5.9216957,0.08620376
9,95,14.9646225,6.6895537,13.822261,6.726739,0.037959617
9,97,14.9646225,6.6895537,15.111745,6.446305,0.51892364
9,101,14.9646225,6.6895537,15.106907,6.5211177,0.139301
9,108,14.9646225,6.6895537,14.792871,6.8462114,0.11989327
9,111,14.9646225,6.6895537,15.167303,6.4741163,0.6568473
9,131,14.9646225,6.6895537,14.343221,6.7143393,0.09374307
10,1,15.922818,4.3705916,15.266301,3.6584642,0.0808184
10,5,15.922818,4.3705916,15.305141,4.107536,0.24935956
10,13,15.922818,4.3705916,16.40803,4.2790794,0.08197522
10,16,15.922818,4.3705916,15.425052,4.782604,0.10110365
10,18,15.922818,4.3705916,15.294312,4.773344,1.0
10,19,15.922818,4.3705916,15.391574,3.9879377,0.18364131
10,20,15.922818,4.3705916,15.821183,5.782571,0.111605145
10,26,15.922818,4.3705916,15.332634,4.5654902,0.30074474
10,42,15.922818,4.3705916,16.559406,4.417234,0.3096865
10,46,15.922818,4.3705916,16.707176,4.4338675,0.18367927
10,50,15.922818,4.3705916,15.419285,3.6068664,0.25664303
10,56,15.922818,4.3705916,15.941432,3.7150114,0.4628857
10,68,15.922818,4.3705916,16.56853,4.4476047,0.64925903
10,76,15.922818,4.3705916,15.648533,5.6343913,0.15588045
10,81,15.922818,4.3705916,15.908594,5.075191,0.058686726
10,86,15.922818,4.3705916,17.123978,3.799034,0.040170696
10,88,15.922818,4.3705916,17.17855,3.7728508,0.039236933
10,94,15.922818,4.3705916,16.484617,4.8244367,0.20350689
10,128,15.922818,4.3705916,15.6863575,3.4855988,0.33966434
10,141,15.922818,4.3705916,15.905699,4.6038647,0.86177623
10,144,15.922818,4.3705916,16.444502,3.9390907,1.0
11,2,15.778077,5.624839,15.707052,3.1367562,0.19756569
11,3,15.778077,5.624839,15.894841,5.697082,0.9895123
11,49,15.778077,5.624839,13.812493,5.420563,0.013846475
11,51,15.778077,5.624839,13.597736,5.5705075,0.14223783
11,53,15.778077,5.624839,15.71757,5.712427,0.8832586
11,79,15.778077,5.624839,14.657774,6.8561397,0.15977171
11,81,15.778077,5.624839,15.908594,5.075191,0.07027012
11,83,15.778077,5.624839,15.560263,5.4497786,1.0
11,84,15.778077,5.624839,16.458075,4.69086,0.15525997
11,90,15.778077,5.624839,15.729098,5.3084464,0.25806674
11,98,15.778077,5.624839,15.879808,3.3732815,0.1851752
11,111,15.778077,5.624839,15.167303,6.4741163,0.0805503
11,113,15.778077,5.624839,14.840921,4.168203,0.08546367
11,115,15.778077,5.624839,15.668841,6.0939245,0.88796514
11,124,15.778077,5.624839,15.882836,3.3341334,0.013542766
11,125,15.778077,5.624839,12.722302,6.6488137,0.117955364
11,126,15.778077,5.624839,16.094965,5.2784967,0.61786985
11,143,15.778077,5.624839,16.018915,5.126608,0.03207107
12,6,13.987937,6.9974027,13.874642,6.392067,0.2376682
12,14,13.987937,6.9974027,14.088436,7.109835,0.6234975
12,30,13.987937,6.9974027,14.584833,6.9311748,0.30686697
12,38,13.987937,6.9974027,13.787347,7.001216,0.5752557
12,43,13.987937,6.9974027,14.303883,7.1082454,0.6127515
12,47,13.987937,6.9974027,13.472524,6.6934667,0.15635854
12,55,13.987937,6.9974027,14.295579,7.052556,1.0
12,63,13.987937,6.9974027,13.671841,6.6903467,0.41351002
12,95,13.987937,6.9974027,13.822261,6.726739,0.72674054
12,103,13.987937,6.9974027,13.663191,6.7761784,0.19319439
12,105,13.987937,6.9974027,13.838043,7.055436,0.6466823
12,107,13.987937,6.9974027,13.571477,6.76282,0.39130852
12,108,13.987937,6.9974027,14.792871,6.8462114,0.0898435
12,131,13.987937,6.9974027,14.343221,6.7143393,0.15542395
13,10,16.40803,4.2790794,15.922818,4.3705916,0.08197522
13,20,16.40803,4.2790794,15.821183,5.782571,0.07714509
13,33,16.40803,4.2790794,15.418711,4.7519274,0.10882178
13,35,16.40803,4.2790794,16.55506,4.039317,0.69950426
13,37,16.40803,4.2790794,16.36117,4.2806263,1.0
13,42,16.40803,4.2790794,16.559406,4.417234,0.20079306
13,46,16.40803,4.2790794,16.707176,4.4338675,0.47226816
13,48,16.40803,4.2790794,16.956327,3.9141984,0.5074667
13,64,16.40803,4.2790794,15.993426,5.5977764,0.35025454
13,74,16.40803,4.2790794,17.241394,3.8301194,0.05926991
13,81,16.40803,4.2790794,15.908594,5.075191,0.15065062
13,86,16.40803,4.2790794,17.123978,3.799034,0.14366901
13,88,16.40803,4.2790794,17.17855,3.7728508,0.08765587
13,130,16.40803,4.2790794,17.016212,3.9744334,0.052904524
13,141,16.40803,4.2790794,15.905699,4.6038647,0.938183
14,12,14.088436,7.109835,13.987937,6.9974027,0.6234975
14,30,14.088436,7.109835,14.584833,6.9311748,0.10937506
14,38,14.088436,7.109835,13.787347,7.001216,0.3047689
14,43,14.088436,7.109835,14.303883,7.1082454,1.0
14,47,14.088436,7.109835,13.472524,6.6934667,0.08338566
14,55,14.088436,7.109835,14.295579,7.052556,0.52854294
14,79,14.088436,7.109835,14.657774,6.8561397,0.08636379
14,105,14.088436,7.109835,13.838043,7.055436,0.8179107
14,107,14.088436,7.109835,13.571477,6.76282,0.11723999
14,108,14.088436,7.109835,14.792871,6.8462114,0.092221774
14,266,14.088436,7.109835,9.265871,8.297158,0.09130777
14,273,14.088436,7.109835,12.629159,7.1099067,0.08763145
14,276,14.088436,7.109835,9.239842,8.155273,0.089809224
14,322,14.088436,7.109835,8.996443,8.638713,0.13782123
15,0,15.440327,4.5107145,15.115076,4.8807416,0.23630099
15,5,15.440327,4.5107145,15.305141,4.107536,0.3192785
15,16,15.440327,4.5107145,15.425052,4.782604,0.6190859
15,19,15.440327,4.5107145,15.391574,3.9879377,0.12986389
15,21,15.440327,4.5107145,14.901718,4.8026524,0.143538
15,23,15.440327,4.5107145,15.50172,4.533846,1.0
15,26,15.440327,4.5107145,15.332634,4.5654902,0.3095413
15,33,15.440327,4.5107145,15.418711,4.7519274,0.36490083
15,35,15.440327,4.5107145,16.55506,4.039317,0.3193916
15,99,15.440327,4.5107145,15.017318,4.9063387,0.13542235
15,102,15.440327,4.5107145,16.767818,3.171738,0.13262647
15,116,15.440327,4.5107145,15.289759,3.8223827,0.3060155
15,139,15.440327,4.5107145,15.143096,5.0351653,0.12234271
15,141,15.440327,4.5107145,15.905699,4.6038647,0.21645585
16,0,15.425052,4.782604,15.115076,4.8807416,1.0
16,5,15.425052,4.782604,15.305141,4.107536,0.35558754
16,10,15.425052,4.782604,15.922818,4.3705916,0.10110365
16,15,15.425052,4.782604,15.440327,4.5107145,0.6190859
16,18,15.425052,4.782604,15.294312,4.773344,0.08688761
16,21,15.425052,4.782604,14.901718,4.8026524,0.22689943
16,23,15.425052,4.782604,15.50172,4.533846,0.33403525
16,24,15.425052,4.782604,14.873818,4.9400826,0.16375284
16,26,15.425052,4.782604,15.332634,4.5654902,1.0
16,33,15.425052,4.782604,15.418711,4.7519274,1.0
16,41,15.425052,4.782604,14.864813,4.7308,0.11496052
16,71,15.425052,4.782604,15.468621,5.8995986,0.22424845
16,76,15.425052,4.782604,15.648533,5.6343913,0.133853
16,81,15.425052,4.782604,15.908594,5.075191,0.07128034
16,99,15.425052,4.782604,15.017318,4.9063387,0.43234083
16,139,15.425052,4.782604,15.143096,5.0351653,0.5682186
16,141,15.425052,4.782604,15.905699,4.6038647,0.81791794
17,3,15.6127,5.874114,15.894841,5.697082,0.2319101
17,9,15.6127,5.874114,14.9646225,6.6895537,0.03949011
17,20,15.6127,5.874114,15.821183,5.782571,1.0
17,31,15.6127,5.874114,15.041691,6.561837,0.1456235
17,53,15.6127,5.874114,15.71757,5.712427,0.3366762
17,64,15.6127,5.874114,15.993426,5.5977764,0.72812784
17,71,15.6127,5.874114,15.468621,5.8995986,0.6382608
17,76,15.6127,5.874114,15.648533,5.6343913,0.90709454
17,77,15.6127,5.874114,15.414035,6.1223645,0.8781075
17,80,15.6127,5.874114,15.580078,5.9216957,1.0
17,81,15.6127,5.874114,15.908594,5.075191,0.24745151
17,82,15.6127,5.874114,15.385485,6.0028963,0.24176987
17,83,15.6127,5.874114,15.560263,5.4497786,0.080816686
17,90,15.6127,5.874114,15.729098,5.3084464,0.24445724
17,97,15.6127,5.874114,15.111745,6.446305,0.101885244
17,101,15.6127,5.874114,15.106907,6.5211177,0.2694841
17,115,15.6127,5.874114,15.668841,6.0939245,0.037188705
17,126,15.6127,5.874114,16.094965,5.2784967,0.09442107
18,0,15.294312,4.773344,15.115076,4.8807416,0.35113615
18,1,15.294312,4.773344,15.266301,3.6584642,0.75279456
18,5,15.294312,4.773344,15.305141,4.107536,0.28036687
18,10,15.294312,4.773344,15.922818,4.3705916,1.0
18,16,15.294312,4.773344,15.425052,4.782604,0.08688761
18,19,15.294312,4.773344,15.391574,3.9879377,0.2233039
18,24,15.294312,4.773344,14.873818,4.9400826,0.1593414
18,26,15.294312,4.773344,15.332634,4.5654902,0.7357869
18,28,15.294312,4.773344,14.637636,5.089697,0.10052364
18,34,15.294312,4.773344,14.118809,5.8826885,0.07378739
18,50,15.294312,4.773344,15.419285,3.6068664,0.040928572
18,65,15.294312,4.773344,13.851391,5.40377,0.61123425
18,71,15.294312,4.773344,15.468621,5.8995986,0.037310936
18,76,15.294312,4.773344,15.648533,5.6343913,0.40250582
18,82,15.294312,4.773344,15.385485,6.0028963,0.025515962
18,87,15.294312,4.773344,13.976116,5.8084116,0.13893168
18,90,15.294312,4.773344,15.729098,5.3084464,0.25311896
18,139,15.294312,4.773344,15.143096,5.0351653,0.4432109
18,140,15.294312,4.773344,13.917581,5.8644834,0.16572978
18,143,15.294312,4.773344,16.018915,5.126608,0.0259339
19,1,15.391574,3.9879377,15.266301,3.6584642,0.7068643
19,5,15.391574,3.9879377,15.305141,4.107536,1.0
19,10,15.391574,3.9879377,15.922818,4.3705916,0.18364131
19,15,15.391574,3.9879377,15.440327,4.5107145,0.12986389
19,18,15.391574,3.9879377,15.294312,4.773344,0.2233039
19,25,15.391574,3.9879377,15.395929,3.7028267,0.21748163
19,26,15.391574,3.9879377,15.332634,4.5654902,0.5404856
19,44,15.391574,3.9879377,15.175603,3.4882746,0.17351052
19,50,15.391574,3.9879377,15.419285,3.6068664,0.3800364
19,56,15.391574,3.9879377,15.941432,3.7150114,0.52404356
19,116,15.391574,3.9879377,15.289759,3.8223827,0.53432924
19,128,15.391574,3.9879377,15.6863575,3.4855988,0.0971699
19,135,15.391574,3.9879377,15.110462,3.233726,0.098686054
19,144,15.391574,3.9879377,16.444502,3.9390907,0.09464178
19,285,15.391574,3.9879377,14.941929,3.3801575,0.18566895
20,3,15.821183,5.782571,15.894841,5.697082,0.08999657
20,10,15.821183,5.782571,15.922818,4.3705916,0.111605145
20,13,15.821183,5.782571,16.40803,4.2790794,0.07714509
20,17,15.821183,5.782571,15.6127,5.874114,1.0
20,53,15.821183,5.782571,15.71757,5.712427,0.09581256
20,64,15.821183,5.782571,15.993426,5.5977764,1.0
20,71,15.821183,5.782571,15.468621,5.8995986,0.5019527
20,76,15.821183,5.782571,15.648533,5.6343913,0.99999994
20,77,15.821183,5.782571,15.414035,6.1223645,0.29275241
20,80,15.821183,5.782571,15.580078,5.9216957,0.58576703
20,81,15.821183,5.782571,15.908594,5.075191,0.29233417
20,82,15.821183,5.782571,15.385485,6.0028963,0.12457663
20,90,15.821183,5.782571,15.729098,5.3084464,0.1445078
20,94,15.821183,5.782571,16.484617,4.8244367,0.23152386
20,126,15.821183,5.782571,16.094965,5.2784967,0.09658015
20,141,15.821183,5.782571,15.905699,4.6038647,0.21507894
21,0,14.901718,4.8026524,15.115076,4.8807416,0.56220645
21,5,14.901718,4.8026524,15.305141,4.107536,0.21530607
21,15,14.901718,4.8026524,15.440327,4.5107145,0.143538
21,16,14.901718,4.8026524,15.425052,4.782604,0.22689943
21,22,14.901718,4.8026524,15.136165,3.3466234,0.1559568
21,23,14.901718,4.8026524,15.50172,4.533846,0.17542265
21,24,14.901718,4.8026524,14.873818,4.9400826,0.36140564
21,28,14.901718,4.8026524,14.637636,5.089697,0.46055576
21,32,14.901718,4.8026524,14.766539,4.6674213,1.0
21,33,14.901718,4.8026524,15.418711,4.7519274,0.14351957
21,41,14.901718,4.8026524,14.864813,4.7308,1.0
21,44,14.901718,4.8026524,15.175603,3.4882746,0.21924359
21,49,14.901718,4.8026524,13.812493,5.420563,0.18419158
21,83,14.901718,4.8026524,15.560263,5.4497786,0.0806714
21,99,14.901718,4.8026524,15.017318,4.9063387,0.99999994
21,113,14.901718,4.8026524,14.840921,4.168203,0.445248
21,139,14.901718,4.8026524,15.143096,5.0351653,0.6687611
21,271,14.901718,4.8026524,11.857723,7.508994,0.020539522
21,285,14.901718,4.8026524,14.941929,3.3801575,0.047712423
22,2,15.136165,3.3466234,15.707052,3.1367562,0.3288421
22,7,15.136165,3.3466234,15.070056,3.4102123,1.0
22,21,15.136165,3.3466234,14.901718,4.8026524,0.1559568
22,27,15.136165,3.3466234,15.510872,3.2449698,1.0
22,32,15.136165,3.3466234,14.766539,4.6674213,0.08316781
22,41,15.136165,3.3466234,14.864813,4.7308,0.09472966
22,44,15.136165,3.3466234,15.175603,3.4882746,0.47172087
22,50,15.136165,3.3466234,15.419285,3.6068664,0.22829643
22,98,15.136165,3.3466234,15.879808,3.3732815,0.014325499
22,106,15.136165,3.3466234,15.7255,3.0879033,0.3884118
22,113,15.136165,3.3466234,14.840921,4.168203,1.0
22,120,15.136165,3.3466234,15.838945,3.2013676,0.36205062
22,122,15.136165,3.3466234,16.1225,3.029391,0.21029297
22,124,15.136165,3.3466234,15.882836,3.3341334,0.373884
22,128,15.136165,3.3466234,15.6863575,3.4855988,0.16329423
22,135,15.136165,3.3466234,15.110462,3.233726,0.2986694
22,287,15.136165,3.3466234,14.858063,3.0740209,0.09232097
22,295,15.136165,3.3466234,14.982196,3.1064515,0.1460025
22,297,15.136165,3.3466234,14.895696,3.0403945,0.09828622
22,319,15.136165,3.3466234,14.898819,3.1871645,0.43280947
23,0,15.50172,4.533846,15.115076,4.8807416,0.19581217
23,5,15.50172,4.533846,15.305141,4.107536,0.2114649
23,7,15.50172,4.533846,15.070056,3.4102123,0.17399588
23,15,15.50172,4.533846,15.440327,4.5107145,1.0
23,16,15.50172,4.533846,15.425052,4.782604,0.33403525
23,21,15.50172,4.533846,14.901718,4.8026524,0.17542265
23,33,15.50172,4.533846,15.418711,4.7519274,0.4483801
23,35,15.50172,4.533846,16.55506,4.039317,0.32083228
23,37,15.50172,4.533846,16.36117,4.2806263,0.1715389
23,41,15.50172,4.533846,14.864813,4.7308,0.19805992
23,99,15.50172,4.533846,15.017318,4.9063387,0.17438361
23,102,15.50172,4.533846,16.767818,3.171738,0.18239984
23,116,15.50172,4.533846,15.289759,3.8223827,0.18641418
23,141,15.50172,4.533846,15.905699,4.6038647,0.21036574
24,0,14.873818,4.9400826,15.115076,4.8807416,0.83450425
24,5,14.873818,4.9400826,15.305141,4.107536,0.11558116
24,16,14.873818,4.9400826,15.425052,4.782604,0.16375284
24,18,14.873818,4.9400826,15.294312,4.773344,0.1593414
24,21,14.873818,4.9400826,14.901718,4.8026524,0.36140564
24,26,14.873818,4.9400826,15.332634,4.5654902,0.14456566
24,28,14.873818,4.9400826,14.637636,5.089697,1.0
24,32,14.873818,4.9400826,14.766539,4.6674213,0.39493352
24,34,14.873818,4.9400826,14.118809,5.8826885,0.12606734
24,41,14.873818,4.9400826,14.864813,4.7308,0.26716763
24,45,14.873818,4.9400826,14.047236,5.819297,0.13400538
24,61,14.873818,4.9400826,14.101177,5.551539,0.32607204
24,71,14.873818,4.9400826,15.468621,5.8995986,0.13678528
24,99,14.873818,4.9400826,15.017318,4.9063387,0.3131312
24,139,14.873818,4.9400826,15.143096,5.0351653,0.24744856
25,5,15.395929,3.7028267,15.305141,4.107536,0.14144261
25,7,15.395929,3.7028267,15.070056,3.4102123,0.41817275
25,19,15.395929,3.7028267,15.391574,3.9879377,0.21748163
25,39,15.395929,3.7028267,16.94614,3.210988,0.15121642
25,50,15.395929,3.7028267,15.419285,3.6068664,0.121316105
25,52,15.395929,3.7028267,17.149202,3.1248376,0.20821749
25,56,15.395929,3.7028267,15.941432,3.7150114,0.14339703
25,96,15.395929,3.7028267,17.072208,3.1358078,0.31169277
25,102,15.395929,3.7028267,16.767818,3.171738,1.0
25,116,15.395929,3.7028267,15.289759,3.8223827,1.0
25,132,15.395929,3.7028267,16.931337,3.4641514,0.18431033
25,135,15.395929,3.7028267,15.110462,3.233726,0.1377921
25,285,15.395929,3.7028267,14.941929,3.3801575,0.16128196
25,287,15.395929,3.7028267,14.858063,3.0740209,0.03853409
25,295,15.395929,3.7028267,14.982196,3.1064515,0.2930242
26,0,15.332634,4.5654902,15.115076,4.8807416,0.6375463
26,1,15.332634,4.5654902,15.266301,3.6584642,0.011221139
26,5,15.332634,4.5654902,15.305141,4.107536,0.7563768
26,10,15.332634,4.5654902,15.922818,4.3705916,0.30074474
26,15,15.332634,4.5654902,15.440327,4.5107145,0.3095413
26,16,15.332634,4.5654902,15.425052,4.782604,1.0
26,18,15.332634,4.5654902,15.294312,4.773344,0.7357869
26,19,15.332634,4.5654902,15.391574,3.9879377,0.5404856
26,24,15.332634,4.5654902,14.873818,4.9400826,0.14456566
26,56,15.332634,4.5654902,15.941432,3.7150114,0.006336782
26,71,15.332634,4.5654902,15.468621,5.8995986,0.014339817
26,76,15.332634,4.5654902,15.648533,5.6343913,0.02523487
26,139,15.332634,4.5654902,15.143096,5.0351653,0.029596105
26,141,15.332634,4.5654902,15.905699,4.6038647,0.05029952
27,1,15.510872,3.2449698,15.266301,3.6584642,0.035953492
27,2,15.510872,3.2449698,15.707052,3.1367562,0.28837606
27,7,15.510872,3.2449698,15.070056,3.4102123,0.342756
27,22,15.510872,3.2449698,15.136165,3.3466234,1.0
27,44,15.510872,3.2449698,15.175603,3.4882746,0.7265995
27,50,15.510872,3.2449698,15.419285,3.6068664,0.36199087
27,78,15.510872,3.2449698,16.188915,3.8060684,0.16926336
27,98,15.510872,3.2449698,15.879808,3.3732815,0.037745688
27,106,15.510872,3.2449698,15.7255,3.0879033,0.42234483
27,110,15.510872,3.2449698,16.660141,3.0754921,0.11614574
27,113,15.510872,3.2449698,14.840921,4.168203,0.42441678
27,120,15.510872,3.2449698,15.838945,3.2013676,0.829175
27,122,15.510872,3.2449698,16.1225,3.029391,0.19522765
27,124,15.510872,3.2449698,15.882836,3.3341334,0.9924631
27,128,15.510872,3.2449698,15.6863575,3.4855988,0.6077205
27,134,15.510872,3.2449698,15.589219,3.0729659,0.17929727
27,135,15.510872,3.2449698,15.110462,3.233726,0.29202196
27,137,15.510872,3.2449698,15.26551,3.220892,0.11163596
27,295,15.510872,3.2449698,14.982196,3.1064515,0.13554883
27,297,15.510872,3.2449698,14.895696,3.0403945,0.07348252
27,319,15.510872,3.2449698,14.898819,3.1871645,0.16204144
28,0,14.637636,5.089697,15.115076,4.8807416,0.50778425
28,18,14.637636,5.089697,15.294312,4.773344,0.10052364
28,21,14.637636,5.089697,14.901718,4.8026524,0.46055576
28,24,14.637636,5.089697,14.873818,4.9400826,1.0
28,32,14.637636,5.089697,14.766539,4.6674213,0.34426275
28,34,14.637636,5.089697,14.118809,5.8826885,0.1110044
28,41,14.637636,5.089697,14.864813,4.7308,0.28139815
28,45,14.637636,5.089697,14.047236,5.819297,0.27851734
28,49,14.637636,5.089697,13.812493,5.420563,0.2757659
28,51,14.637636,5.089697,13.597736,5.5705075,0.09283417
28,61,14.637636,5.089697,14.101177,5.551539,0.8295914
28,65,14.637636,5.089697,13.851391,5.40377,0.19868028
28,82,14.637636,5.089697,15.385485,6.0028963,0.12240247
28,87,14.637636,5.089697,13.976116,5.8084116,0.029967865
28,99,14.637636,5.089697,15.017318,4.9063387,0.41022953
28,139,14.637636,5.089697,15.143096,5.0351653,0.4160034
29,42,16.806524,3.8620708,16.559406,4.417234,0.009274517
29,46,16.806524,3.8620708,16.707176,4.4338675,0.0023893553
29,60,16.806524,3.8620708,16.943491,3.537263,1.0
29,62,16.806524,3.8620708,17.146248,3.4947739,0.16876547
29,66,16.806524,3.8620708,15.794575,3.2184129,0.12834288
29,74,16.806524,3.8620708,17.241394,3.8301194,0.06179411
29,78,16.806524,3.8620708,16.188915,3.8060684,0.15409246
29,84,16.806524,3.8620708,16.458075,4.69086,0.29620048
29,88,16.806524,3.8620708,17.17855,3.7728508,0.013003237
29,100,16.806524,3.8620708,15.903963,3.4997058,0.18509436
29,104,16.806524,3.8620708,16.05353,3.621021,0.2717711
29,112,16.806524,3.8620708,17.088646,3.7765756,0.81993276
29,114,16.806524,3.8620708,17.100594,3.535668,0.005963746
29,120,16.806524,3.8620708,15.838945,3.2013676,0.008223822
29,122,16.806524,3.8620708,16.1225,3.029391,0.002341757
29,130,16.806524,3.8620708,17.016212,3.9744334,0.7973284
29,138,16.806524,3.8620708,16.883184,3.2108912,0.40385494
29,142,16.806524,3.8620708,16.585289,4.503644,0.9701966
30,4,14.584833,6.9311748,14.83223,6.815573,0.19193034
30,8,14.584833,6.9311748,14.886539,6.7756934,0.7263001
30,9,14.584833,6.9311748,14.9646225,6.6895537,1.0
30,12,14.584833,6.9311748,13.987937,6.9974027,0.30686697
30,14,14.584833,6.9311748,14.088436,7.109835,0.10937506
30,31,14.584833,6.9311748,15.041691,6.561837,0.14336859
30,43,14.584833,6.9311748,14.303883,7.1082454,0.56545216
30,55,14.584833,6.9311748,14.295579,7.052556,0.99999994
30,79,14.584833,6.9311748,14.657774,6.8561397,0.032310806
30,95,14.584833,6.9311748,13.822261,6.726739,0.05220279
30,97,14.584833,6.9311748,15.111745,6.446305,0.23210733
30,101,14.584833,6.9311748,15.106907,6.5211177,0.10457848
30,107,14.584833,6.9311748,13.571477,6.76282,0.021481307
30,108,14.584833,6.9311748,14.792871,6.8462114,0.89051014
30,111,14.584833,6.9311748,15.167303,6.4741163,0.49298096
30,131,14.584833,6.9311748,14.343221,6.7143393,0.53080547
31,4,15.041691,6.561837,14.83223,6.815573,0.61300594
31,8,15.041691,6.561837,14.886539,6.7756934,0.4187311
31,9,15.041691,6.561837,14.9646225,6.6895537,0.11133441
31,17,15.041691,6.561837,15.6127,5.874114,0.1456235
31,30,15.041691,6.561837,14.584833,6.9311748,0.14336859
31,43,15.041691,6.561837,14.303883,7.1082454,0.142431
31,51,15.041691,6.561837,13.597736,5.5705075,0.12248377
31,53,15.041691,6.561837,15.71757,5.712427,0.18107192
31,61,15.041691,6.561837,14.101177,5.551539,0.24765241
31,71,15.041691,6.561837,15.468621,5.8995986,0.27947903
31,77,15.041691,6.561837,15.414035,6.1223645,0.07727257
31,79,15.041691,6.561837,14.657774,6.8561397,0.34029546
31,80,15.041691,6.561837,15.580078,5.9216957,0.36871082
31,82,15.041691,6.561837,15.385485,6.0028963,0.86303604
31,83,15.041691,6.561837,15.560263,5.4497786,0.12236976
31,97,15.041691,6.561837,15.111745,6.446305,1.0
31,101,15.041691,6.561837,15.106907,6.5211177,1.0
31,108,15.041691,6.561837,14.792871,6.8462114,0.77618986
31,111,15.041691,6.561837,15.167303,6.4741163,0.21233578
31,115,15.041691,6.561837,15.668841,6.0939245,0.05102815
31,131,15.041691,6.561837,14.343221,6.7143393,0.15894224
32,0,14.766539,4.6674213,15.115076,4.8807416,0.23126873
32,5,14.766539,4.6674213,15.305141,4.107536,0.13438055
32,7,14.766539,4.6674213,15.070056,3.4102123,0.25892967
32,21,14.766539,4.6674213,14.901718,4.8026524,1.0
32,22,14.766539,4.6674213,15.136165,3.3466234,0.08316781
32,24,14.766539,4.6674213,14.873818,4.9400826,0.39493352
32,28,14.766539,4.6674213,14.637636,5.089697,0.34426275
32,41,14.766539,4.6674213,14.864813,4.7308,0.95190495
32,44,14.766539,4.6674213,15.175603,3.4882746,0.100221395
32,49,14.766539,4.6674213,13.812493,5.420563,0.07022379
32,99,14.766539,4.6674213,15.017318,4.9063387,0.36024228
32,113,14.766539,4.6674213,14.840921,4.168203,0.11939641
32,116,14.766539,4.6674213,15.289759,3.8223827,0.11026271
32,139,14.766539,4.6674213,15.143096,5.0351653,0.13938104
32,268,14.766539,4.6674213,11.779941,7.5773644,0.15145035
32,271,14.766539,4.6674213,11.857723,7.508994,1.0
32,285,14.766539,4.6674213,14.941929,3.3801575,0.4622397
33,0,15.418711,4.7519274,15.115076,4.8807416,0.2025614
33,13,15.418711,4.7519274,16.40803,4.2790794,0.10882178
33,15,15.418711,4.7519274,15.440327,4.5107145,0.36490083
33,16,15.418711,4.7519274,15.425052,4.782604,1.0
33,21,15.418711,4.7519274,14.901718,4.8026524,0.14351957
33,23,15.418711,4.7519274,15.50172,4.533846,0.4483801
33,35,15.418711,4.7519274,16.55506,4.039317,0.16656266
33,37,15.418711,4.7519274,16.36117,4.2806263,0.31568924
33,41,15.418711,4.7519274,14.864813,4.7308,0.3192352
33,71,15.418711,4.7519274,15.468621,5.8995986,0.103056654
33,81,15.418711,4.7519274,15.908594,5.075191,0.15439208
33,99,15.418711,4.7519274,15.017318,4.9063387,0.55118436
33,139,15.418711,4.7519274,15.143096,5.0351653,0.2725074
33,141,15.418711,4.7519274,15.905699,4.6038647,0.5228575
34,6,14.118809,5.8826885,13.874642,6.392067,0.29245624
34,18,14.118809,5.8826885,15.294312,4.773344,0.07378739
34,24,14.118809,5.8826885,14.873818,4.9400826,0.12606734
34,28,14.118809,5.8826885,14.637636,5.089697,0.1110044
34,40,14.118809,5.8826885,13.916756,6.079166,1.0
34,45,14.118809,5.8826885,14.047236,5.819297,0.7862464
34,61,14.118809,5.8826885,14.101177,5.551539,0.24646686
34,82,14.118809,5.8826885,15.385485,6.0028963,0.100773446
34,87,14.118809,5.8826885,13.976116,5.8084116,0.71429104
34,91,14.118809,5.8826885,13.734269,6.176937,0.098046534
34,97,14.118809,5.8826885,15.111745,6.446305,0.15749247
34,121,14.118809,5.8826885,13.487824,6.081827,0.0799252
34,133,14.118809,5.8826885,13.742266,5.8104906,0.08633108
34,140,14.118809,5.8826885,13.917581,5.8644834,0.3294708
35,13,16.55506,4.039317,16.40803,4.2790794,0.69950426
35,15,16.55506,4.039317,15.440327,4.5107145,0.3193916
35,23,16.55506,4.039317,15.50172,4.533846,0.32083228
35,33,16.55506,4.039317,15.418711,4.7519274,0.16656266
35,37,16.55506,4.039317,16.36117,4.2806263,1.0
35,39,16.55506,4.039317,16.94614,3.210988,0.14774458
35,42,16.55506,4.039317,16.559406,4.417234,0.09343851
35,48,16.55506,4.039317,16.956327,3.9141984,0.47466707
35,52,16.55506,4.039317,17.149202,3.1248376,0.06769491
35,54,16.55506,4.039317,17.177324,3.5293534,0.17008646
35,58,16.55506,4.039317,17.097322,3.25067,0.30275786
35,88,16.55506,4.039317,17.17855,3.7728508,0.31544697
35,102,16.55506,4.039317,16.767818,3.171738,0.32427332
35,114,16.55506,4.039317,17.100594,3.535668,0.34816724
35,128,16.55506,4.039317,15.6863575,3.4855988,0.1799204
35,130,16.55506,4.039317,17.016212,3.9744334,0.078833126
35,141,16.55506,4.039317,15.905699,4.6038647,0.66081756
36,47,13.451883,5.7622633,13.472524,6.6934667,0.04758478
36,49,13.451883,5.7622633,13.812493,5.420563,0.57378066
36,51,13.451883,5.7622633,13.597736,5.5705075,0.99999994
36,57,13.451883,5.7622633,13.59147,5.6379805,0.87079287
36,59,13.451883,5.7622633,13.512716,5.5944304,0.75265235
36,61,13.451883,5.7622633,14.101177,5.551539,0.101421565
36,65,13.451883,5.7622633,13.851391,5.40377,0.51655334
36,69,13.451883,5.7622633,13.379936,6.2177835,0.13726532
36,73,13.451883,5.7622633,13.28345,6.3125863,0.40624636
36,85,13.451883,5.7622633,13.103548,6.4074283,0.09197666
36,91,13.451883,5.7622633,13.734269,6.176937,0.18551634
36,93,13.451883,5.7622633,13.264702,6.112224,0.19309704
36,100,13.451883,5.7622633,15.903963,3.4997058,0.12868582
36,109,13.451883,5.7622633,13.196549,6.173808,0.44992983
36,117,13.451883,5.7622633,13.038131,6.4359665,0.37872294
36,119,13.451883,5.7622633,13.221636,6.3699565,0.47916627
36,121,13.451883,5.7622633,13.487824,6.081827,0.2026025
36,125,13.451883,5.7622633,12.722302,6.6488137,0.16125913
36,127,13.451883,5.7622633,13.801784,6.1970916,0.096178204
36,129,13.451883,5.7622633,14.923138,3.6184957,0.12603731
36,133,13.451883,5.7622633,13.742266,5.8104906,0.14683852
36,140,13.451883,5.7622633,13.917581,5.8644834,0.101276465
36,143,13.451883,5.7622633,16.018915,5.126608,0.102823764
36,145,13.451883,5.7622633,13.14234,6.421152,0.39714575
36,329,13.451883,5.7622633,12.60709,6.7113414,0.08820846
37,13,16.36117,4.2806263,16.40803,4.2790794,1.0
37,23,16.36117,4.2806263,15.50172,4.533846,0.1715389
37,33,16.36117,4.2806263,15.418711,4.7519274,0.31568924
37,35,16.36117,4.2806263,16.55506,4.039317,1.0
37,42,16.36117,4.2806263,16.559406,4.417234,0.14291638
37,46,16.36117,4.2806263,16.707176,4.4338675,0.110476956
37,48,16.36117,4.2806263,16.956327,3.9141984,1.0
37,78,16.36117,4.2806263,16.188915,3.8060684,0.1026062
37,81,16.36117,4.2806263,15.908594,5.075191,0.19922484
37,88,16.36117,4.2806263,17.17855,3.7728508,0.08068996
37,98,16.36117,4.2806263,15.879808,3.3732815,1.0
37,114,16.36117,4.2806263,17.100594,3.535668,0.07696355
37,124,16.36117,4.2806263,15.882836,3.3341334,0.06911899
37,130,16.36117,4.2806263,17.016212,3.9744334,0.108413465
37,141,16.36117,4.2806263,15.905699,4.6038647,0.4875885
38,12,13.787347,7.001216,13.987937,6.9974027,0.5752557
38,14,13.787347,7.001216,14.088436,7.109835,0.3047689
38,43,13.787347,7.001216,14.303883,7.1082454,0.12306064
38,47,13.787347,7.001216,13.472524,6.6934667,0.28014836
38,55,13.787347,7.001216,14.295579,7.052556,0.15344745
38,63,13.787347,7.001216,13.671841,6.6903467,0.77744097
38,67,13.787347,7.001216,12.605202,7.15942,0.499229
38,69,13.787347,7.001216,13.379936,6.2177835,0.17935446
38,73,13.787347,7.001216,13.28345,6.3125863,0.17101452
38,93,13.787347,7.001216,13.264702,6.112224,0.09624544
38,95,13.787347,7.001216,13.822261,6.726739,0.24004494
38,103,13.787347,7.001216,13.663191,6.7761784,0.7038803
38,105,13.787347,7.001216,13.838043,7.055436,1.0
38,107,13.787347,7.001216,13.571477,6.76282,0.99999994
38,109,13.787347,7.001216,13.196549,6.173808,0.06293403
38,121,13.787347,7.001216,13.487824,6.081827,0.05905301
38,273,13.787347,7.001216,12.629159,7.1099067,0.46624264
39,25,16.94614,3.210988,15.395929,3.7028267,0.15121642
39,35,16.94614,3.210988,16.55506,4.039317,0.14774458
39,48,16.94614,3.210988,16.956327,3.9141984,0.11223483
39,52,16.94614,3.210988,17.149202,3.1248376,0.82547164
39,54,16.94614,3.210988,17.177324,3.5293534,0.840603
39,58,16.94614,3.210988,17.097322,3.25067,1.0
39,62,16.94614,3.210988,17.146248,3.4947739,0.44321543
39,74,16.94614,3.210988,17.241394,3.8301194,0.0773092
39,88,16.94614,3.210988,17.17855,3.7728508,0.25412002
39,92,16.94614,3.210988,17.307775,3.1091948,0.15736738
39,96,16.94614,3.210988,17.072208,3.1358078,0.7986929
39,102,16.94614,3.210988,16.767818,3.171738,0.7910644
39,110,16.94614,3.210988,16.660141,3.0754921,0.717852
39,112,16.94614,3.210988,17.088646,3.7765756,0.062573284
39,114,16.94614,3.210988,17.100594,3.535668,0.72939867
39,118,16.94614,3.210988,17.330046,3.2721527,0.25168929
39,122,16.94614,3.210988,16.1225,3.029391,0.1774917
39,132,16.94614,3.210988,16.931337,3.4641514,0.22353779
39,136,16.94614,3.210988,17.325098,3.1879952,0.12716581
39,138,16.94614,3.210988,16.883184,3.2108912,0.32348844
40,6,13.916756,6.079166,13.874642,6.392067,1.0
40,34,13.916756,6.079166,14.118809,5.8826885,1.0
40,45,13.916756,6.079166,14.047236,5.819297,1.0
40,57,13.916756,6.079166,13.59147,5.6379805,0.032585707
40,61,13.916756,6.079166,14.101177,5.551539,0.076624304
40,63,13.916756,6.079166,13.671841,6.6903467,0.040423132
40,69,13.916756,6.079166,13.379936,6.2177835,0.02828489
40,75,13.916756,6.079166,13.451831,6.1410103,0.09962201
40,87,13.916756,6.079166,13.976116,5.8084116,0.87608325
40,91,13.916756,6.079166,13.734269,6.176937,0.40985805
40,97,13.916756,6.079166,15.111745,6.446305,0.106546514
40,103,13.916756,6.079166,13.663191,6.7761784,0.13561532
40,121,13.916756,6.079166,13.487824,6.081827,0.10676441
40,127,13.916756,6.079166,13.801784,6.1970916,0.33647773
40,133,13.916756,6.079166,13.742266,5.8104906,0.13228223
40,140,13.916756,6.079166,13.917581,5.8644834,0.80451965
41,0,14.864813,4.7308,15.115076,4.8807416,0.25491133
41,7,14.864813,4.7308,15.070056,3.4102123,0.078235574
41,16,14.864813,4.7308,15.425052,4.782604,0.11496052
41,21,14.864813,4.7308,14.901718,4.8026524,1.0
41,22,14.864813,4.7308,15.136165,3.3466234,0.09472966
41,23,14.864813,4.7308,15.50172,4.533846,0.19805992
41,24,14.864813,4.7308,14.873818,4.9400826,0.26716763
41,28,14.864813,4.7308,14.637636,5.089697,0.28139815
41,32,14.864813,4.7308,14.766539,4.6674213,0.95190495
41,33,14.864813,4.7308,15.418711,4.7519274,0.3192352
41,49,14.864813,4.7308,13.812493,5.420563,0.08107067
41,83,14.864813,4.7308,15.560263,5.4497786,0.08950302
41,99,14.864813,4.7308,15.017318,4.9063387,0.86407554
41,113,14.864813,4.7308,14.840921,4.168203,0.42146316
41,139,14.864813,4.7308,15.143096,5.0351653,0.3336765
41,271,14.864813,4.7308,11.857723,7.508994,0.058576405
42,10,16.559406,4.417234,15.922818,4.3705916,0.3096865
42,13,16.559406,4.417234,16.40803,4.2790794,0.20079306
42,29,16.559406,4.417234,16.806524,3.8620708,0.009274517
42,35,16.559406,4.417234,16.55506,4.039317,0.09343851
42,37,16.559406,4.417234,16.36117,4.2806263,0.14291638
42,46,16.559406,4.417234,16.707176,4.4338675,1.0
42,48,16.559406,4.417234,16.956327,3.9141984,0.12056026
42,64,16.559406,4.417234,15.993426,5.5977764,0.124542035
42,68,16.559406,4.417234,16.56853,4.4476047,0.58690107
42,74,16.559406,4.417234,17.241394,3.8301194,0.053608544
42,78,16.559406,4.417234,16.188915,3.8060684,0.83867985
42,81,16.559406,4.417234,15.908594,5.075191,0.4800057
42,84,16.559406,4.417234,16.458075,4.69086,0.18814096
42,86,16.559406,4.417234,17.123978,3.799034,0.06481047
42,88,16.559406,4.417234,17.17855,3.7728508,0.35601634
42,94,16.559406,4.417234,16.484617,4.8244367,0.56435573
42,112,16.559406,4.417234,17.088646,3.7765756,0.2393785
42,124,16.559406,4.417234,15.882836,3.3341334,0.22651686
42,126,16.559406,4.417234,16.094965,5.2784967,0.49816066
42,128,16.559406,4.417234,15.6863575,3.4855988,0.23852336
42,130,16.559406,4.417234,17.016212,3.9744334,0.4328388
42,141,16.559406,4.417234,15.905699,4.6038647,0.2602947
42,142,16.559406,4.417234,16.585289,4.503644,1.0
42,143,16.559406,4.417234,16.018915,5.126608,0.17668453
42,144,16.559406,4.417234,16.444502,3.9390907,0.14889935
43,4,14.303883,7.1082454,14.83223,6.815573,0.16531439
43,8,14.303883,7.1082454,14.886539,6.7756934,0.35229075
43,12,14.303883,7.1082454,13.987937,6.9974027,0.6127515
43,14,14.303883,7.1082454,14.088436,7.109835,1.0
43,30,14.303883,7.1082454,14.584833,6.9311748,0.56545216
43,31,14.303883,7.1082454,15.041691,6.561837,0.142431
43,38,14.303883,7.1082454,13.787347,7.001216,0.12306064
43,55,14.303883,7.1082454,14.295579,7.052556,1.0
43,79,14.303883,7.1082454,14.657774,6.8561397,0.14387625
43,101,14.303883,7.1082454,15.106907,6.5211177,0.09445502
43,105,14.303883,7.1082454,13.838043,7.055436,0.34497234
43,107,14.303883,7.1082454,13.571477,6.76282,0.11250306
43,108,14.303883,7.1082454,14.792871,6.8462114,0.54102945
43,131,14.303883,7.1082454,14.343221,6.7143393,0.12120289
44,1,15.175603,3.4882746,15.266301,3.6584642,0.6080269
44,5,15.175603,3.4882746,15.305141,4.107536,0.7238653
44,7,15.175603,3.4882746,15.070056,3.4102123,0.3962845
44,19,15.175603,3.4882746,15.391574,3.9879377,0.17351052
44,21,15.175603,3.4882746,14.901718,4.8026524,0.21924359
44,22,15.175603,3.4882746,15.136165,3.3466234,0.47172087
44,27,15.175603,3.4882746,15.510872,3.2449698,0.7265995
44,32,15.175603,3.4882746,14.766539,4.6674213,0.100221395
44,50,15.175603,3.4882746,15.419285,3.6068664,1.0
44,56,15.175603,3.4882746,15.941432,3.7150114,0.18955564
44,70,15.175603,3.4882746,15.20802,3.2311814,0.16516925
44,106,15.175603,3.4882746,15.7255,3.0879033,0.048757758
44,113,15.175603,3.4882746,14.840921,4.168203,0.12115569
44,116,15.175603,3.4882746,15.289759,3.8223827,0.16017468
44,120,15.175603,3.4882746,15.838945,3.2013676,0.24989533
44,124,15.175603,3.4882746,15.882836,3.3341334,0.3441883
44,128,15.175603,3.4882746,15.6863575,3.4855988,0.7417848
44,129,15.175603,3.4882746,14.923138,3.6184957,0.07912203
44,134,15.175603,3.4882746,15.589219,3.0729659,0.09095704
44,135,15.175603,3.4882746,15.110462,3.233726,1.0
44,137,15.175603,3.4882746,15.26551,3.220892,0.2670239
44,139,15.175603,3.4882746,15.143096,5.0351653,0.10091326
44,285,15.175603,3.4882746,14.941929,3.3801575,0.15282029
44,297,15.175603,3.4882746,14.895696,3.0403945,0.085360676
44,319,15.175603,3.4882746,14.898819,3.1871645,0.17189305
45,6,14.047236,5.819297,13.874642,6.392067,0.17307892
45,24,14.047236,5.819297,14.873818,4.9400826,0.13400538
45,28,14.047236,5.819297,14.637636,5.089697,0.27851734
45,34,14.047236,5.819297,14.118809,5.8826885,0.7862464
45,40,14.047236,5.819297,13.916756,6.079166,1.0
45,57,14.047236,5.819297,13.59147,5.6379805,0.16576152
45,61,14.047236,5.819297,14.101177,5.551539,0.99999994
45,65,14.047236,5.819297,13.851391,5.40377,0.16633467
45,82,14.047236,5.819297,15.385485,6.0028963,0.17620924
45,87,14.047236,5.819297,13.976116,5.8084116,0.90150166
45,91,14.047236,5.819297,13.734269,6.176937,0.27062586
45,93,14.047236,5.819297,13.264702,6.112224,0.077613324
45,97,14.047236,5.819297,15.111745,6.446305,0.21319067
45,121,14.047236,5.819297,13.487824,6.081827,0.16107227
45,127,14.047236,5.819297,13.801784,6.1970916,0.10446153
45,133,14.047236,5.819297,13.742266,5.8104906,0.16023028
45,140,14.047236,5.819297,13.917581,5.8644834,1.0
46,10,16.707176,4.4338675,15.922818,4.3705916,0.18367927
46,13,16.707176,4.4338675,16.40803,4.2790794,0.47226816
46,29,16.707176,4.4338675,16.806524,3.8620708,0.0023893553
46,37,16.707176,4.4338675,16.36117,4.2806263,0.110476956
46,42,16.707176,4.4338675,16.559406,4.417234,1.0
46,48,16.707176,4.4338675,16.956327,3.9141984,0.15839201
46,64,16.707176,4.4338675,15.993426,5.5977764,0.25539052
46,68,16.707176,4.4338675,16.56853,4.4476047,0.6287184
46,74,16.707176,4.4338675,17.241394,3.8301194,0.2825264
46,78,16.707176,4.4338675,16.188915,3.8060684,0.34971163
46,81,16.707176,4.4338675,15.908594,5.075191,0.2697374
46,84,16.707176,4.4338675,16.458075,4.69086,0.18120344
46,86,16.707176,4.4338675,17.123978,3.799034,0.25743586
46,88,16.707176,4.4338675,17.17855,3.7728508,0.3095421
46,94,16.707176,4.4338675,16.484617,4.8244367,0.72127765
46,112,16.707176,4.4338675,17.088646,3.7765756,0.27035937
46,126,16.707176,4.4338675,16.094965,5.2784967,0.29819763
46,130,16.707176,4.4338675,17.016212,3.9744334,0.4608722
46,141,16.707176,4.4338675,15.905699,4.6038647,0.065829664
46,142,16.707176,4.4338675,16.585289,4.503644,0.6819836
46,144,16.707176,4.4338675,16.444502,3.9390907,0.11853544
47,12,13.472524,6.6934667,13.987937,6.9974027,0.15635854
47,14,13.472524,6.6934667,14.088436,7.109835,0.08338566
47,36,13.472524,6.6934667,13.451883,5.7622633,0.04758478
47,38,13.472524,6.6934667,13.787347,7.001216,0.28014836
47,51,13.472524,6.6934667,13.597736,5.5705075,0.043558005
47,63,13.472524,6.6934667,13.671841,6.6903467,0.48490542
47,67,13.472524,6.6934667,12.605202,7.15942,0.17156255
47,69,13.472524,6.6934667,13.379936,6.2177835,0.065301284
47,73,13.472524,6.6934667,13.28345,6.3125863,0.85388684
47,79,13.472524,6.6934667,14.657774,6.8561397,0.12714773
47,85,13.472524,6.6934667,13.103548,6.4074283,0.099980116
47,89,13.472524,6.6934667,13.309016,6.504718,0.33146477
47,91,13.472524,6.6934667,13.734269,6.176937,0.035480827
47,95,13.472524,6.6934667,13.822261,6.726739,0.1427232
47,105,13.472524,6.6934667,13.838043,7.055436,0.08046166
47,107,13.472524,6.6934667,13.571477,6.76282,1.0
47,109,13.472524,6.6934667,13.196549,6.173808,0.06455599
47,117,13.472524,6.6934667,13.038131,6.4359665,0.37167937
47,119,13.472524,6.6934667,13.221636,6.3699565,0.9538009
47,123,13.472524,6.6934667,12.9085865,6.4837227,0.078308426
47,125,13.472524,6.6934667,12.722302,6.6488137,0.1869702
47,131,13.472524,6.6934667,14.343221,6.7143393,1.0
47,145,13.472524,6.6934667,13.14234,6.421152,0.42182934
48,13,16.956327,3.9141984,16.40803,4.2790794,0.5074667
48,35,16.956327,3.9141984,16.55506,4.039317,0.47466707
48,37,16.956327,3.9141984,16.36117,4.2806263,1.0
48,39,16.956327,3.9141984,16.94614,3.210988,0.11223483
48,42,16.956327,3.9141984,16.559406,4.417234,0.12056026
48,46,16.956327,3.9141984,16.707176,4.4338675,0.15839201
48,54,16.956327,3.9141984,17.177324,3.5293534,0.15497273
48,58,16.956327,3.9141984,17.097322,3.25067,0.33515137
48,74,16.956327,3.9141984,17.241394,3.8301194,0.35137224
48,86,16.956327,3.9141984,17.123978,3.799034,0.09059848
48,88,16.956327,3.9141984,17.17855,3.7728508,0.17436378
48,98,16.956327,3.9141984,15.879808,3.3732815,0.121245906
48,114,16.956327,3.9141984,17.100594,3.535668,0.2831433
48,130,16.956327,3.9141984,17.016212,3.9744334,0.43539897
49,2,13.812493,5.420563,15.707052,3.1367562,0.117053725
49,11,13.812493,5.420563,15.778077,5.624839,0.013846475
49,21,13.812493,5.420563,14.901718,4.8026524,0.18419158
49,28,13.812493,5.420563,14.637636,5.089697,0.2757659
49,32,13.812493,5.420563,14.766539,4.6674213,0.07022379
49,36,13.812493,5.420563,13.451883,5.7622633,0.57378066
49,41,13.812493,5.420563,14.864813,4.7308,0.08107067
49,51,13.812493,5.420563,13.597736,5.5705075,1.0
49,57,13.812493,5.420563,13.59147,5.6379805,0.37084857
49,59,13.812493,5.420563,13.512716,5.5944304,0.50164354
49,61,13.812493,5.420563,14.101177,5.551539,0.2698378
49,65,13.812493,5.420563,13.851391,5.40377,0.5777975
49,73,13.812493,5.420563,13.28345,6.3125863,0.19577609
49,79,13.812493,5.420563,14.657774,6.8561397,0.099701636
49,83,13.812493,5.420563,15.560263,5.4497786,0.3926011
49,90,13.812493,5.420563,15.729098,5.3084464,0.12912431
49,93,13.812493,5.420563,13.264702,6.112224,0.21674408
49,109,13.812493,5.420563,13.196549,6.173808,0.049898297
49,113,13.812493,5.420563,14.840921,4.168203,0.6234927
49,125,13.812493,5.420563,12.722302,6.6488137,0.37228042
49,129,13.812493,5.420563,14.923138,3.6184957,0.20591266
49,268,13.812493,5.420563,11.779941,7.5773644,0.16739106
49,324,13.812493,5.420563,12.118129,7.3273463,0.07008052
50,1,15.419285,3.6068664,15.266301,3.6584642,1.0
50,5,15.419285,3.6068664,15.305141,4.107536,0.82856774
50,7,15.419285,3.6068664,15.070056,3.4102123,0.1441688
50,10,15.419285,3.6068664,15.922818,4.3705916,0.25664303
50,18,15.419285,3.6068664,15.294312,4.773344,0.040928572
50,19,15.419285,3.6068664,15.391574,3.9879377,0.3800364
50,22,15.419285,3.6068664,15.136165,3.3466234,0.22829643
50,25,15.419285,3.6068664,15.395929,3.7028267,0.121316105
50,27,15.419285,3.6068664,15.510872,3.2449698,0.36199087
50,44,15.419285,3.6068664,15.175603,3.4882746,1.0
50,56,15.419285,3.6068664,15.941432,3.7150114,0.8179792
50,70,15.419285,3.6068664,15.20802,3.2311814,0.18526475
50,78,15.419285,3.6068664,16.188915,3.8060684,0.09380223
50,116,15.419285,3.6068664,15.289759,3.8223827,0.16594276
50,120,15.419285,3.6068664,15.838945,3.2013676,0.21439569
50,124,15.419285,3.6068664,15.882836,3.3341334,0.27235997
50,128,15.419285,3.6068664,15.6863575,3.4855988,1.0
50,129,15.419285,3.6068664,14.923138,3.6184957,0.07723376
50,134,15.419285,3.6068664,15.589219,3.0729659,0.088706724
50,135,15.419285,3.6068664,15.110462,3.233726,0.7911402
50,137,15.419285,3.6068664,15.26551,3.220892,0.29905614
50,144,15.419285,3.6068664,16.444502,3.9390907,0.09077976
50,285,15.419285,3.6068664,14.941929,3.3801575,0.06902432
50,319,15.419285,3.6068664,14.898819,3.1871645,0.09746364
51,11,13.597736,5.5705075,15.778077,5.624839,0.14223783
51,28,13.597736,5.5705075,14.637636,5.089697,0.09283417
51,31,13.597736,5.5705075,15.041691,6.561837,0.12248377
51,36,13.597736,5.5705075,13.451883,5.7622633,0.99999994
51,47,13.597736,5.5705075,13.472524,6.6934667,0.043558005
51,49,13.597736,5.5705075,13.812493,5.420563,1.0
51,53,13.597736,5.5705075,15.71757,5.712427,0.10553421
51,57,13.597736,5.5705075,13.59147,5.6379805,0.3734589
51,59,13.597736,5.5705075,13.512716,5.5944304,0.32648867
51,61,13.597736,5.5705075,14.101177,5.551539,0.30918014
51,65,13.597736,5.5705075,13.851391,5.40377,1.0
51,73,13.597736,5.5705075,13.28345,6.3125863,0.6321221
51,79,13.597736,5.5705075,14.657774,6.8561397,0.15139288
51,82,13.597736,5.5705075,15.385485,6.0028963,0.08414281
51,83,13.597736,5.5705075,15.560263,5.4497786,0.40258363
51,90,13.597736,5.5705075,15.729098,5.3084464,0.21460977
51,93,13.597736,5.5705075,13.264702,6.112224,0.079919435
51,109,13.597736,5.5705075,13.196549,6.173808,0.127349
51,113,13.597736,5.5705075,14.840921,4.168203,0.064815976
51,117,13.597736,5.5705075,13.038131,6.4359665,0.1843393
51,119,13.597736,5.5705075,13.221636,6.3699565,0.30055726
51,125,13.597736,5.5705075,12.722302,6.6488137,0.30940422
51,140,13.597736,5.5705075,13.917581,5.8644834,0.09123996
51,145,13.597736,5.5705075,13.14234,6.421152,0.13388231
52,25,17.149202,3.1248376,15.395929,3.7028267,0.20821749
52,35,17.149202,3.1248376,16.55506,4.039317,0.06769491
52,39,17.149202,3.1248376,16.94614,3.210988,0.82547164
52,54,17.149202,3.1248376,17.177324,3.5293534,0.4234171
52,58,17.149202,3.1248376,17.097322,3.25067,0.99999994
52,62,17.149202,3.1248376,17.146248,3.4947739,0.12560196
52,88,17.149202,3.1248376,17.17855,3.7728508,0.073841475
52,92,17.149202,3.1248376,17.307775,3.1091948,1.0
52,96,17.149202,3.1248376,17.072208,3.1358078,1.0
52,102,17.149202,3.1248376,16.767818,3.171738,0.47364372
52,110,17.149202,3.1248376,16.660141,3.0754921,0.24823509
52,114,17.149202,3.1248376,17.100594,3.535668,0.16762778
52,118,17.149202,3.1248376,17.330046,3.2721527,0.41172534
52,132,17.149202,3.1248376,16.931337,3.4641514,0.09426507
52,136,17.149202,3.1248376,17.325098,3.1879952,0.14685056
53,3,15.71757,5.712427,15.894841,5.697082,0.90317166
53,4,15.71757,5.712427,14.83223,6.815573,0.06775535
53,11,15.71757,5.712427,15.778077,5.624839,0.8832586
53,17,15.71757,5.712427,15.6127,5.874114,0.3366762
53,20,15.71757,5.712427,15.821183,5.782571,0.09581256
53,31,15.71757,5.712427,15.041691,6.561837,0.18107192
53,51,15.71757,5.712427,13.597736,5.5705075,0.10553421
53,64,15.71757,5.712427,15.993426,5.5977764,0.06857915
53,76,15.71757,5.712427,15.648533,5.6343913,0.11487984
53,77,15.71757,5.712427,15.414035,6.1223645,0.1989074
53,80,15.71757,5.712427,15.580078,5.9216957,0.6781251
53,81,15.71757,5.712427,15.908594,5.075191,0.038611837
53,82,15.71757,5.712427,15.385485,6.0028963,0.3986485
53,83,15.71757,5.712427,15.560263,5.4497786,0.5364055
53,84,15.71757,5.712427,16.458075,4.69086,0.15671341
53,90,15.71757,5.712427,15.729098,5.3084464,1.0
53,101,15.71757,5.712427,15.106907,6.5211177,0.22037128
53,111,15.71757,5.712427,15.167303,6.4741163,0.18530498
53,115,15.71757,5.712427,15.668841,6.0939245,0.55554974
53,126,15.71757,5.712427,16.094965,5.2784967,0.39498395
53,143,15.71757,5.712427,16.018915,5.126608,0.30465877
54,35,17.177324,3.5293534,16.55506,4.039317,0.17008646
54,39,17.177324,3.5293534,16.94614,3.210988,0.840603
54,48,17.177324,3.5293534,16.956327,3.9141984,0.15497273
54,52,17.177324,3.5293534,17.149202,3.1248376,0.4234171
54,58,17.177324,3.5293534,17.097322,3.25067,0.55287033
54,60,17.177324,3.5293534,16.943491,3.537263,0.11103965
54,62,17.177324,3.5293534,17.146248,3.4947739,0.56009996
54,72,17.177324,3.5293534,17.05456,3.5839388,0.21225972
54,74,17.177324,3.5293534,17.241394,3.8301194,0.5063431
54,86,17.177324,3.5293534,17.123978,3.799034,0.6419583
54,88,17.177324,3.5293534,17.17855,3.7728508,0.66929835
54,92,17.177324,3.5293534,17.307775,3.1091948,0.3436744
54,96,17.177324,3.5293534,17.072208,3.1358078,0.17028432
54,102,17.177324,3.5293534,16.767818,3.171738,0.33384264
54,110,17.177324,3.5293534,16.660141,3.0754921,0.123058505
54,112,17.177324,3.5293534,17.088646,3.7765756,0.49587318
54,114,17.177324,3.5293534,17.100594,3.535668,1.0
54,118,17.177324,3.5293534,17.330046,3.2721527,0.5819745
54,130,17.177324,3.5293534,17.016212,3.9744334,0.1725756
54,132,17.177324,3.5293534,16.931337,3.4641514,0.5015829
54,136,17.177324,3.5293534,17.325098,3.1879952,0.23729065
54,138,17.177324,3.5293534,16.883184,3.2108912,0.10656976
55,6,14.295579,7.052556,13.874642,6.392067,0.18900162
55,8,14.295579,7.052556,14.886539,6.7756934,0.20246361
55,9,14.295579,7.052556,14.9646225,6.6895537,0.109329276
55,12,14.295579,7.052556,13.987937,6.9974027,1.0
55,14,14.295579,7.052556,14.088436,7.109835,0.52854294
55,30,14.295579,7.052556,14.584833,6.9311748,0.99999994
55,38,14.295579,7.052556,13.787347,7.001216,0.15344745
55,43,14.295579,7.052556,14.303883,7.1082454,1.0
55,63,14.295579,7.052556,13.671841,6.6903467,0.14428945
55,95,14.295579,7.052556,13.822261,6.726739,0.28498822
55,97,14.295579,7.052556,15.111745,6.446305,0.12343365
55,105,14.295579,7.052556,13.838043,7.055436,0.31389508
55,107,14.295579,7.052556,13.571477,6.76282,0.16694619
55,108,14.295579,7.052556,14.792871,6.8462114,0.25606197
55,131,14.295579,7.052556,14.343221,6.7143393,0.2579023
56,1,15.941432,3.7150114,15.266301,3.6584642,0.3595851
56,5,15.941432,3.7150114,15.305141,4.107536,0.14314856
56,10,15.941432,3.7150114,15.922818,4.3705916,0.4628857
56,19,15.941432,3.7150114,15.391574,3.9879377,0.52404356
56,25,15.941432,3.7150114,15.395929,3.7028267,0.14339703
56,26,15.941432,3.7150114,15.332634,4.5654902,0.006336782
56,44,15.941432,3.7150114,15.175603,3.4882746,0.18955564
56,50,15.941432,3.7150114,15.419285,3.6068664,0.8179792
56,68,15.941432,3.7150114,16.56853,4.4476047,0.12260033
56,72,15.941432,3.7150114,17.05456,3.5839388,0.41427618
56,88,15.941432,3.7150114,17.17855,3.7728508,0.21398537
56,102,15.941432,3.7150114,16.767818,3.171738,0.12765917
56,112,15.941432,3.7150114,17.088646,3.7765756,0.06418769
56,116,15.941432,3.7150114,15.289759,3.8223827,0.1518364
56,128,15.941432,3.7150114,15.6863575,3.4855988,0.53507775
56,132,15.941432,3.7150114,16.931337,3.4641514,0.94070256
56,135,15.941432,3.7150114,15.110462,3.233726,0.03165816
56,137,15.941432,3.7150114,15.26551,3.220892,0.12409042
56,144,15.941432,3.7150114,16.444502,3.9390907,1.0
57,36,13.59147,5.6379805,13.451883,5.7622633,0.87079287
57,40,13.59147,5.6379805,13.916756,6.079166,0.032585707
57,45,13.59147,5.6379805,14.047236,5.819297,0.16576152
57,49,13.59147,5.6379805,13.812493,5.420563,0.37084857
57,51,13.59147,5.6379805,13.597736,5.5705075,0.3734589
57,59,13.59147,5.6379805,13.512716,5.5944304,1.0
57,61,13.59147,5.6379805,14.101177,5.551539,0.23005036
57,65,13.59147,5.6379805,13.851391,5.40377,0.9742093
57,69,13.59147,5.6379805,13.379936,6.2177835,0.31805134
57,73,13.59147,5.6379805,13.28345,6.3125863,0.12533742
57,75,13.59147,5.6379805,13.451831,6.1410103,0.099583894
57,87,13.59147,5.6379805,13.976116,5.8084116,0.09857372
57,91,13.59147,5.6379805,13.734269,6.176937,0.34790713
57,93,13.59147,5.6379805,13.264702,6.112224,0.5306034
57,109,13.59147,5.6379805,13.196549,6.173808,0.46456593
57,119,13.59147,5.6379805,13.221636,6.3699565,0.040168926
57,121,13.59147,5.6379805,13.487824,6.081827,0.538999
57,129,13.59147,5.6379805,14.923138,3.6184957,0.5451208
57,133,13.59147,5.6379805,13.742266,5.8104906,1.0
57,140,13.59147,5.6379805,13.917581,5.8644834,0.36076424
57,145,13.59147,5.6379805,13.14234,6.421152,0.13103054
58,35,17.097322,3.25067,16.55506,4.039317,0.30275786
58,39,17.097322,3.25067,16.94614,3.210988,1.0
58,48,17.097322,3.25067,16.956327,3.9141984,0.33515137
58,52,17.097322,3.25067,17.149202,3.1248376,0.99999994
58,54,17.097322,3.25067,17.177324,3.5293534,0.55287033
58,62,17.097322,3.25067,17.146248,3.4947739,0.26490226
58,74,17.097322,3.25067,17.241394,3.8301194,0.1143205
58,88,17.097322,3.25067,17.17855,3.7728508,0.14587928
58,92,17.097322,3.25067,17.307775,3.1091948,0.25693905
58,96,17.097322,3.25067,17.072208,3.1358078,0.14209364
58,102,17.097322,3.25067,16.767818,3.171738,0.35845786
58,110,17.097322,3.25067,16.660141,3.0754921,0.48507428
58,114,17.097322,3.25067,17.100594,3.535668,0.46208867
58,118,17.097322,3.25067,17.330046,3.2721527,0.09736929
58,130,17.097322,3.25067,17.016212,3.9744334,0.09441177
58,138,17.097322,3.25067,16.883184,3.2108912,0.19631872
59,36,13.512716,5.5944304,13.451883,5.7622633,0.75265235
59,49,13.512716,5.5944304,13.812493,5.420563,0.50164354
59,51,13.512716,5.5944304,13.597736,5.5705075,0.32648867
59,57,13.512716,5.5944304,13.59147,5.6379805,1.0
59,61,13.512716,5.5944304,14.101177,5.551539,0.16922095
59,65,13.512716,5.5944304,13.851391,5.40377,0.42102402
59,69,13.512716,5.5944304,13.379936,6.2177835,0.23613353
59,70,13.512716,5.5944304,15.20802,3.2311814,0.15178698
59,73,13.512716,5.5944304,13.28345,6.3125863,0.10054799
59,75,13.512716,5.5944304,13.451831,6.1410103,0.06450601
59,87,13.512716,5.5944304,13.976116,5.8084116,0.030514052
59,93,13.512716,5.5944304,13.264702,6.112224,0.52305365
59,109,13.512716,5.5944304,13.196549,6.173808,0.5021428
59,121,13.512716,5.5944304,13.487824,6.081827,0.2831005
59,129,13.512716,5.5944304,14.923138,3.6184957,1.0
59,133,13.512716,5.5944304,13.742266,5.8104906,0.3145084
59,137,13.512716,5.5944304,15.26551,3.220892,0.23779047
59,140,13.512716,5.5944304,13.917581,5.8644834,0.086815245
59,270,13.512716,5.5944304,11.867929,7.4553914,0.057107385
60,29,16.943491,3.537263,16.806524,3.8620708,1.0
60,54,16.943491,3.537263,17.177324,3.5293534,0.11103965
60,62,16.943491,3.537263,17.146248,3.4947739,0.5642906
60,72,16.943491,3.537263,17.05456,3.5839388,0.49390936
60,74,16.943491,3.537263,17.241394,3.8301194,0.22402817
60,88,16.943491,3.537263,17.17855,3.7728508,0.12721378
60,104,16.943491,3.537263,16.05353,3.621021,0.34501082
60,112,16.943491,3.537263,17.088646,3.7765756,0.43071222
60,114,16.943491,3.537263,17.100594,3.535668,0.12562409
60,118,16.943491,3.537263,17.330046,3.2721527,0.16914131
60,130,16.943491,3.537263,17.016212,3.9744334,0.17710705
60,132,16.943491,3.537263,16.931337,3.4641514,0.14967373
60,136,16.943491,3.537263,17.325098,3.1879952,0.28735206
60,138,16.943491,3.537263,16.883184,3.2108912,0.345245
60,142,16.943491,3.537263,16.585289,4.503644,0.11654532
61,24,14.101177,5.551539,14.873818,4.9400826,0.32607204
61,28,14.101177,5.551539,14.637636,5.089697,0.8295914
61,31,14.101177,5.551539,15.041691,6.561837,0.24765241
61,34,14.101177,5.551539,14.118809,5.8826885,0.24646686
61,36,14.101177,5.551539,13.451883,5.7622633,0.101421565
61,40,14.101177,5.551539,13.916756,6.079166,0.076624304
61,45,14.101177,5.551539,14.047236,5.819297,0.99999994
61,49,14.101177,5.551539,13.812493,5.420563,0.2698378
61,51,14.101177,5.551539,13.597736,5.5705075,0.30918014
61,57,14.101177,5.551539,13.59147,5.6379805,0.23005036
61,59,14.101177,5.551539,13.512716,5.5944304,0.16922095
61,65,14.101177,5.551539,13.851391,5.40377,0.28464985
61,73,14.101177,5.551539,13.28345,6.3125863,0.23764889
61,82,14.101177,5.551539,15.385485,6.0028963,0.21688731
61,87,14.101177,5.551539,13.976116,5.8084116,0.07910743
61,93,14.101177,5.551539,13.264702,6.112224,0.29572612
61,97,14.101177,5.551539,15.111745,6.446305,0.0921619
61,140,14.101177,5.551539,13.917581,5.8644834,0.5021039
62,29,17.146248,3.4947739,16.806524,3.8620708,0.16876547
62,39,17.146248,3.4947739,16.94614,3.210988,0.44321543
62,52,17.146248,3.4947739,17.149202,3.1248376,0.12560196
62,54,17.146248,3.4947739,17.177324,3.5293534,0.56009996
62,58,17.146248,3.4947739,17.097322,3.25067,0.26490226
62,60,17.146248,3.4947739,16.943491,3.537263,0.5642906
62,72,17.146248,3.4947739,17.05456,3.5839388,0.17276765
62,74,17.146248,3.4947739,17.241394,3.8301194,0.44677874
62,88,17.146248,3.4947739,17.17855,3.7728508,0.14610082
62,92,17.146248,3.4947739,17.307775,3.1091948,0.09099667
62,96,17.146248,3.4947739,17.072208,3.1358078,0.043131128
62,110,17.146248,3.4947739,16.660141,3.0754921,0.25187284
62,112,17.146248,3.4947739,17.088646,3.7765756,0.45721406
62,114,17.146248,3.4947739,17.100594,3.535668,0.5755247
62,118,17.146248,3.4947739,17.330046,3.2721527,1.0
62,122,17.146248,3.4947739,16.1225,3.029391,0.08482196
62,130,17.146248,3.4947739,17.016212,3.9744334,0.29068205
62,132,17.146248,3.4947739,16.931337,3.4641514,0.14583433
62,136,17.146248,3.4947739,17.325098,3.1879952,0.34232455
62,138,17.146248,3.4947739,16.883184,3.2108912,1.0
63,6,13.671841,6.6903467,13.874642,6.392067,0.7698658
63,12,13.671841,6.6903467,13.987937,6.9974027,0.41351002
63,38,13.671841,6.6903467,13.787347,7.001216,0.77744097
63,40,13.671841,6.6903467,13.916756,6.079166,0.040423132
63,47,13.671841,6.6903467,13.472524,6.6934667,0.48490542
63,55,13.671841,6.6903467,14.295579,7.052556,0.14428945
63,69,13.671841,6.6903467,13.379936,6.2177835,0.29245996
63,73,13.671841,6.6903467,13.28345,6.3125863,0.20409073
63,75,13.671841,6.6903467,13.451831,6.1410103,0.07922381
63,85,13.671841,6.6903467,13.103548,6.4074283,0.10669135
63,89,13.671841,6.6903467,13.309016,6.504718,0.24776687
63,91,13.671841,6.6903467,13.734269,6.176937,0.40049198
63,95,13.671841,6.6903467,13.822261,6.726739,0.99999994
63,103,13.671841,6.6903467,13.663191,6.7761784,1.0
63,105,13.671841,6.6903467,13.838043,7.055436,0.20354512
63,107,13.671841,6.6903467,13.571477,6.76282,1.0
63,109,13.671841,6.6903467,13.196549,6.173808,0.1130433
63,119,13.671841,6.6903467,13.221636,6.3699565,0.22723174
63,121,13.671841,6.6903467,13.487824,6.081827,0.23839296
63,127,13.671841,6.6903467,13.801784,6.1970916,0.14121112
63,131,13.671841,6.6903467,14.343221,6.7143393,0.15756981
63,145,13.671841,6.6903467,13.14234,6.421152,0.11506979
64,3,15.993426,5.5977764,15.894841,5.697082,0.23278998
64,13,15.993426,5.5977764,16.40803,4.2790794,0.35025454
64,17,15.993426,5.5977764,15.6127,5.874114,0.72812784
64,20,15.993426,5.5977764,15.821183,5.782571,1.0
64,42,15.993426,5.5977764,16.559406,4.417234,0.124542035
64,46,15.993426,5.5977764,16.707176,4.4338675,0.25539052
64,53,15.993426,5.5977764,15.71757,5.712427,0.06857915
64,76,15.993426,5.5977764,15.648533,5.6343913,0.2058143
64,77,15.993426,5.5977764,15.414035,6.1223645,0.114355974
64,80,15.993426,5.5977764,15.580078,5.9216957,0.3986956
64,81,15.993426,5.5977764,15.908594,5.075191,0.21989858
64,94,15.993426,5.5977764,16.484617,4.8244367,0.32714984
64,126,15.993426,5.5977764,16.094965,5.2784967,0.1752147
64,141,15.993426,5.5977764,15.905699,4.6038647,0.090308316
65,1,13.851391,5.40377,15.266301,3.6584642,0.072545394
65,18,13.851391,5.40377,15.294312,4.773344,0.61123425
65,28,13.851391,5.40377,14.637636,5.089697,0.19868028
65,36,13.851391,5.40377,13.451883,5.7622633,0.51655334
65,45,13.851391,5.40377,14.047236,5.819297,0.16633467
65,49,13.851391,5.40377,13.812493,5.420563,0.5777975
65,51,13.851391,5.40377,13.597736,5.5705075,1.0
65,57,13.851391,5.40377,13.59147,5.6379805,0.9742093
65,59,13.851391,5.40377,13.512716,5.5944304,0.42102402
65,61,13.851391,5.40377,14.101177,5.551539,0.28464985
65,82,13.851391,5.40377,15.385485,6.0028963,0.091624424
65,83,13.851391,5.40377,15.560263,5.4497786,0.35027108
65,87,13.851391,5.40377,13.976116,5.8084116,0.066068135
65,90,13.851391,5.40377,15.729098,5.3084464,0.6047421
65,129,13.851391,5.40377,14.923138,3.6184957,0.22210133
65,133,13.851391,5.40377,13.742266,5.8104906,0.12019084
65,139,13.851391,5.40377,15.143096,5.0351653,0.16850737
65,140,13.851391,5.40377,13.917581,5.8644834,0.4111904
65,143,13.851391,5.40377,16.018915,5.126608,0.39476144
66,2,15.794575,3.2184129,15.707052,3.1367562,0.40002933
66,29,15.794575,3.2184129,16.806524,3.8620708,0.12834288
66,70,15.794575,3.2184129,15.20802,3.2311814,0.5063119
66,78,15.794575,3.2184129,16.188915,3.8060684,0.116194345
66,84,15.794575,3.2184129,16.458075,4.69086,0.14207076
66,100,15.794575,3.2184129,15.903963,3.4997058,1.0
66,104,15.794575,3.2184129,16.05353,3.621021,0.6122758
66,106,15.794575,3.2184129,15.7255,3.0879033,0.31504723
66,120,15.794575,3.2184129,15.838945,3.2013676,0.28577375
66,124,15.794575,3.2184129,15.882836,3.3341334,0.13282402
66,129,15.794575,3.2184129,14.923138,3.6184957,0.16114172
66,134,15.794575,3.2184129,15.589219,3.0729659,1.0
66,135,15.794575,3.2184129,15.110462,3.233726,0.11833518
66,137,15.794575,3.2184129,15.26551,3.220892,0.43667403
66,143,15.794575,3.2184129,16.018915,5.126608,0.13487835
67,38,12.605202,7.15942,13.787347,7.001216,0.499229
67,47,12.605202,7.15942,13.472524,6.6934667,0.17156255
67,69,12.605202,7.15942,13.379936,6.2177835,0.3306329
67,73,12.605202,7.15942,13.28345,6.3125863,0.21008727
67,93,12.605202,7.15942,13.264702,6.112224,0.32615638
67,103,12.605202,7.15942,13.663191,6.7761784,0.10003431
67,105,12.605202,7.15942,13.838043,7.055436,0.1927845
67,107,12.605202,7.15942,13.571477,6.76282,0.19980384
67,109,12.605202,7.15942,13.196549,6.173808,0.25334433
67,123,12.605202,7.15942,12.9085865,6.4837227,0.08905683
67,270,12.605202,7.15942,11.867929,7.4553914,0.46267098
67,273,12.605202,7.15942,12.629159,7.1099067,1.0
67,275,12.605202,7.15942,11.511194,7.7427416,0.18161313
67,284,12.605202,7.15942,9.676757,8.759045,0.39074033
67,292,12.605202,7.15942,9.449857,8.383283,0.15576838
67,301,12.605202,7.15942,11.497568,7.50808,0.41117606
67,324,12.605202,7.15942,12.118129,7.3273463,0.24890278
68,10,16.56853,4.4476047,15.922818,4.3705916,0.64925903
68,42,16.56853,4.4476047,16.559406,4.417234,0.58690107
68,46,16.56853,4.4476047,16.707176,4.4338675,0.6287184
68,56,16.56853,4.4476047,15.941432,3.7150114,0.12260033
68,72,16.56853,4.4476047,17.05456,3.5839388,0.12329265
68,78,16.56853,4.4476047,16.188915,3.8060684,0.11189428
68,84,16.56853,4.4476047,16.458075,4.69086,0.151187
68,86,16.56853,4.4476047,17.123978,3.799034,0.16767117
68,88,16.56853,4.4476047,17.17855,3.7728508,0.11644297
68,94,16.56853,4.4476047,16.484617,4.8244367,1.0
68,104,16.56853,4.4476047,16.05353,3.621021,0.16716672
68,112,16.56853,4.4476047,17.088646,3.7765756,0.24869281
68,126,16.56853,4.4476047,16.094965,5.2784967,0.063386366
68,128,16.56853,4.4476047,15.6863575,3.4855988,0.075435504
68,142,16.56853,4.4476047,16.585289,4.503644,0.28733674
68,143,16.56853,4.4476047,16.018915,5.126608,0.2548235
68,144,16.56853,4.4476047,16.444502,3.9390907,1.0
69,36,13.379936,6.2177835,13.451883,5.7622633,0.13726532
69,38,13.379936,6.2177835,13.787347,7.001216,0.17935446
69,40,13.379936,6.2177835,13.916756,6.079166,0.02828489
69,47,13.379936,6.2177835,13.472524,6.6934667,0.065301284
69,57,13.379936,6.2177835,13.59147,5.6379805,0.31805134
69,59,13.379936,6.2177835,13.512716,5.5944304,0.23613353
69,63,13.379936,6.2177835,13.671841,6.6903467,0.29245996
69,67,13.379936,6.2177835,12.605202,7.15942,0.3306329
69,73,13.379936,6.2177835,13.28345,6.3125863,0.39700663
69,75,13.379936,6.2177835,13.451831,6.1410103,0.6330868
69,85,13.379936,6.2177835,13.103548,6.4074283,0.14266442
69,91,13.379936,6.2177835,13.734269,6.176937,0.43572265
69,93,13.379936,6.2177835,13.264702,6.112224,1.0
69,103,13.379936,6.2177835,13.663191,6.7761784,0.31645626
69,105,13.379936,6.2177835,13.838043,7.055436,0.09698587
69,107,13.379936,6.2177835,13.571477,6.76282,0.32046062
69,109,13.379936,6.2177835,13.196549,6.173808,1.0
69,117,13.379936,6.2177835,13.038131,6.4359665,0.1578033
69,119,13.379936,6.2177835,13.221636,6.3699565,0.103323065
69,121,13.379936,6.2177835,13.487824,6.081827,0.9949354
69,123,13.379936,6.2177835,12.9085865,6.4837227,0.053560086
69,133,13.379936,6.2177835,13.742266,5.8104906,0.025327949
69,145,13.379936,6.2177835,13.14234,6.421152,0.25885093
69,270,13.379936,6.2177835,11.867929,7.4553914,0.12054241
69,273,13.379936,6.2177835,12.629159,7.1099067,0.3149551
70,1,15.20802,3.2311814,15.266301,3.6584642,0.3375282
70,44,15.20802,3.2311814,15.175603,3.4882746,0.16516925
70,50,15.20802,3.2311814,15.419285,3.6068664,0.18526475
70,59,15.20802,3.2311814,13.512716,5.5944304,0.15178698
70,66,15.20802,3.2311814,15.794575,3.2184129,0.5063119
70,100,15.20802,3.2311814,15.903963,3.4997058,0.28519014
70,104,15.20802,3.2311814,16.05353,3.621021,0.3843771
70,129,15.20802,3.2311814,14.923138,3.6184957,0.5970222
70,134,15.20802,3.2311814,15.589219,3.0729659,0.5685555
70,135,15.20802,3.2311814,15.110462,3.233726,0.4637221
70,137,15.20802,3.2311814,15.26551,3.220892,1.0
70,295,15.20802,3.2311814,14.982196,3.1064515,0.26074365
70,297,15.20802,3.2311814,14.895696,3.0403945,0.3733706
70,319,15.20802,3.2311814,14.898819,3.1871645,0.28687716
71,0,15.468621,5.8995986,15.115076,4.8807416,0.18496881
71,16,15.468621,5.8995986,15.425052,4.782604,0.22424845
71,17,15.468621,5.8995986,15.6127,5.874114,0.6382608
71,18,15.468621,5.8995986,15.294312,4.773344,0.037310936
71,20,15.468621,5.8995986,15.821183,5.782571,0.5019527
71,24,15.468621,5.8995986,14.873818,4.9400826,0.13678528
71,26,15.468621,5.8995986,15.332634,4.5654902,0.014339817
71,31,15.468621,5.8995986,15.041691,6.561837,0.27947903
71,33,15.468621,5.8995986,15.418711,4.7519274,0.103056654
71,76,15.468621,5.8995986,15.648533,5.6343913,1.0
71,77,15.468621,5.8995986,15.414035,6.1223645,0.074531406
71,80,15.468621,5.8995986,15.580078,5.9216957,0.57016593
71,82,15.468621,5.8995986,15.385485,6.0028963,0.9162197
71,90,15.468621,5.8995986,15.729098,5.3084464,0.05276003
71,97,15.468621,5.8995986,15.111745,6.446305,0.20637347
71,99,15.468621,5.8995986,15.017318,4.9063387,0.042546794
71,101,15.468621,5.8995986,15.106907,6.5211177,0.35718647
71,139,15.468621,5.8995986,15.143096,5.0351653,0.13329624
72,54,17.05456,3.5839388,17.177324,3.5293534,0.21225972
72,56,17.05456,3.5839388,15.941432,3.7150114,0.41427618
72,60,17.05456,3.5839388,16.943491,3.537263,0.49390936
72,62,17.05456,3.5839388,17.146248,3.4947739,0.17276765
72,68,17.05456,3.5839388,16.56853,4.4476047,0.12329265
72,74,17.05456,3.5839388,17.241394,3.8301194,0.121545486
72,86,17.05456,3.5839388,17.123978,3.799034,0.22478634
72,88,17.05456,3.5839388,17.17855,3.7728508,0.19252758
72,96,17.05456,3.5839388,17.072208,3.1358078,0.18586864
72,104,17.05456,3.5839388,16.05353,3.621021,0.14963773
72,112,17.05456,3.5839388,17.088646,3.7765756,0.37305683
72,114,17.05456,3.5839388,17.100594,3.535668,0.14155523
72,118,17.05456,3.5839388,17.330046,3.2721527,0.34113622
72,132,17.05456,3.5839388,16.931337,3.4641514,1.0
72,136,17.05456,3.5839388,17.325098,3.1879952,0.21794748
72,144,17.05456,3.5839388,16.444502,3.9390907,0.48318928
73,36,13.28345,6.3125863,13.451883,5.7622633,0.40624636
73,38,13.28345,6.3125863,13.787347,7.001216,0.17101452
73,47,13.28345,6.3125863,13.472524,6.6934667,0.85388684
73,49,13.28345,6.3125863,13.812493,5.420563,0.19577609
73,51,13.28345,6.3125863,13.597736,5.5705075,0.6321221
73,57,13.28345,6.3125863,13.59147,5.6379805,0.12533742
73,59,13.28345,6.3125863,13.512716,5.5944304,0.10054799
73,61,13.28345,6.3125863,14.101177,5.551539,0.23764889
73,63,13.28345,6.3125863,13.671841,6.6903467,0.20409073
73,67,13.28345,6.3125863,12.605202,7.15942,0.21008727
73,69,13.28345,6.3125863,13.379936,6.2177835,0.39700663
73,79,13.28345,6.3125863,14.657774,6.8561397,0.14532347
73,93,13.28345,6.3125863,13.264702,6.112224,0.5378506
73,105,13.28345,6.3125863,13.838043,7.055436,0.0890215
73,107,13.28345,6.3125863,13.571477,6.76282,0.7191732
73,109,13.28345,6.3125863,13.196549,6.173808,0.51339114
73,117,13.28345,6.3125863,13.038131,6.4359665,0.2276328
73,119,13.28345,6.3125863,13.221636,6.3699565,1.0
73,121,13.28345,6.3125863,13.487824,6.081827,0.099231176
73,125,13.28345,6.3125863,12.722302,6.6488137,0.35794747
73,131,13.28345,6.3125863,14.343221,6.7143393,0.21343532
73,145,13.28345,6.3125863,13.14234,6.421152,0.24091296
73,273,13.28345,6.3125863,12.629159,7.1099067,0.20046946
73,324,13.28345,6.3125863,12.118129,7.3273463,0.08778621
74,13,17.241394,3.8301194,16.40803,4.2790794,0.05926991
74,29,17.241394,3.8301194,16.806524,3.8620708,0.06179411
74,39,17.241394,3.8301194,16.94614,3.210988,0.0773092
74,42,17.241394,3.8301194,16.559406,4.417234,0.053608544
74,46,17.241394,3.8301194,16.707176,4.4338675,0.2825264
74,48,17.241394,3.8301194,16.956327,3.9141984,0.35137224
74,54,17.241394,3.8301194,17.177324,3.5293534,0.5063431
74,58,17.241394,3.8301194,17.097322,3.25067,0.1143205
74,60,17.241394,3.8301194,16.943491,3.537263,0.22402817
74,62,17.241394,3.8301194,17.146248,3.4947739,0.44677874
74,72,17.241394,3.8301194,17.05456,3.5839388,0.121545486
74,78,17.241394,3.8301194,16.188915,3.8060684,0.020968985
74,86,17.241394,3.8301194,17.123978,3.799034,1.0
74,88,17.241394,3.8301194,17.17855,3.7728508,0.6105226
74,92,17.241394,3.8301194,17.307775,3.1091948,0.07757468
74,112,17.241394,3.8301194,17.088646,3.7765756,0.94707763
74,114,17.241394,3.8301194,17.100594,3.535668,0.7047574
74,118,17.241394,3.8301194,17.330046,3.2721527,0.08088756
74,130,17.241394,3.8301194,17.016212,3.9744334,1.0
74,136,17.241394,3.8301194,17.325098,3.1879952,0.23999256
74,138,17.241394,3.8301194,16.883184,3.2108912,0.11294273
75,40,13.451831,6.1410103,13.916756,6.079166,0.09962201
75,57,13.451831,6.1410103,13.59147,5.6379805,0.099583894
75,59,13.451831,6.1410103,13.512716,5.5944304,0.06450601
75,63,13.451831,6.1410103,13.671841,6.6903467,0.07922381
75,69,13.451831,6.1410103,13.379936,6.2177835,0.6330868
75,85,13.451831,6.1410103,13.103548,6.4074283,0.15130289
75,87,13.451831,6.1410103,13.976116,5.8084116,0.06766911
75,91,13.451831,6.1410103,13.734269,6.176937,0.3868335
75,93,13.451831,6.1410103,13.264702,6.112224,0.1411066
75,103,13.451831,6.1410103,13.663191,6.7761784,0.7563164
75,109,13.451831,6.1410103,13.196549,6.173808,0.23545945
75,121,13.451831,6.1410103,13.487824,6.081827,1.0
75,133,13.451831,6.1410103,13.742266,5.8104906,0.24236403
75,270,13.451831,6.1410103,11.867929,7.4553914,0.05803854
76,0,15.648533,5.6343913,15.115076,4.8807416,0.027138995
76,3,15.648533,5.6343913,15.894841,5.697082,0.01477537
76,10,15.648533,5.6343913,15.922818,4.3705916,0.15588045
76,16,15.648533,5.6343913,15.425052,4.782604,0.133853
76,17,15.648533,5.6343913,15.6127,5.874114,0.90709454
76,18,15.648533,5.6343913,15.294312,4.773344,0.40250582
76,20,15.648533,5.6343913,15.821183,5.782571,0.99999994
76,26,15.648533,5.6343913,15.332634,4.5654902,0.02523487
76,53,15.648533,5.6343913,15.71757,5.712427,0.11487984
76,64,15.648533,5.6343913,15.993426,5.5977764,0.2058143
76,71,15.648533,5.6343913,15.468621,5.8995986,1.0
76,77,15.648533,5.6343913,15.414035,6.1223645,0.13306527
76,80,15.648533,5.6343913,15.580078,5.9216957,0.49219623
76,81,15.648533,5.6343913,15.908594,5.075191,0.4757401
76,82,15.648533,5.6343913,15.385485,6.0028963,0.72577566
76,83,15.648533,5.6343913,15.560263,5.4497786,0.23900256
76,90,15.648533,5.6343913,15.729098,5.3084464,0.5877093
76,94,15.648533,5.6343913,16.484617,4.8244367,0.10837804
76,101,15.648533,5.6343913,15.106907,6.5211177,0.12823415
76,126,15.648533,5.6343913,16.094965,5.2784967,0.11692033
76,139,15.648533,5.6343913,15.143096,5.0351653,0.28185943
76,141,15.648533,5.6343913,15.905699,4.6038647,0.28754917
76,143,15.648533,5.6343913,16.018915,5.126608,0.12232154
77,9,15.414035,6.1223645,14.9646225,6.6895537,0.66039664
77,17,15.414035,6.1223645,15.6127,5.874114,0.8781075
77,20,15.414035,6.1223645,15.821183,5.782571,0.29275241
77,31,15.414035,6.1223645,15.041691,6.561837,0.07727257
77,53,15.414035,6.1223645,15.71757,5.712427,0.1989074
77,64,15.414035,6.1223645,15.993426,5.5977764,0.114355974
77,71,15.414035,6.1223645,15.468621,5.8995986,0.074531406
77,76,15.414035,6.1223645,15.648533,5.6343913,0.13306527
77,80,15.414035,6.1223645,15.580078,5.9216957,1.0
77,82,15.414035,6.1223645,15.385485,6.0028963,0.22757311
77,90,15.414035,6.1223645,15.729098,5.3084464,0.023405481
77,97,15.414035,6.1223645,15.111745,6.446305,0.7748728
77,101,15.414035,6.1223645,15.106907,6.5211177,0.14195587
77,127,15.414035,6.1223645,13.801784,6.1970916,0.27606162
77,140,15.414035,6.1223645,13.917581,5.8644834,0.046436712
78,2,16.188915,3.8060684,15.707052,3.1367562,0.17249168
78,27,16.188915,3.8060684,15.510872,3.2449698,0.16926336
78,29,16.188915,3.8060684,16.806524,3.8620708,0.15409246
78,37,16.188915,3.8060684,16.36117,4.2806263,0.1026062
78,42,16.188915,3.8060684,16.559406,4.417234,0.83867985
78,46,16.188915,3.8060684,16.707176,4.4338675,0.34971163
78,50,16.188915,3.8060684,15.419285,3.6068664,0.09380223
78,66,16.188915,3.8060684,15.794575,3.2184129,0.116194345
78,68,16.188915,3.8060684,16.56853,4.4476047,0.11189428
78,74,16.188915,3.8060684,17.241394,3.8301194,0.020968985
78,81,16.188915,3.8060684,15.908594,5.075191,0.24754013
78,84,16.188915,3.8060684,16.458075,4.69086,0.17812502
78,88,16.188915,3.8060684,17.17855,3.7728508,0.29088518
78,94,16.188915,3.8060684,16.484617,4.8244367,0.12872577
78,98,16.188915,3.8060684,15.879808,3.3732815,0.32805815
78,100,16.188915,3.8060684,15.903963,3.4997058,0.10442667
78,106,16.188915,3.8060684,15.7255,3.0879033,0.20462675
78,112,16.188915,3.8060684,17.088646,3.7765756,0.14836787
78,114,16.188915,3.8060684,17.100594,3.535668,0.0697065
78,120,16.188915,3.8060684,15.838945,3.2013676,0.71700025
78,122,16.188915,3.8060684,16.1225,3.029391,0.10139765
78,124,16.188915,3.8060684,15.882836,3.3341334,0.99999994
78,126,16.188915,3.8060684,16.094965,5.2784967,0.3774876
78,128,16.188915,3.8060684,15.6863575,3.4855988,0.5697435
78,130,16.188915,3.8060684,17.016212,3.9744334,0.42115164
78,142,16.188915,3.8060684,16.585289,4.503644,0.72995394
78,143,16.188915,3.8060684,16.018915,5.126608,0.18291894
78,144,16.188915,3.8060684,16.444502,3.9390907,0.059152864
79,4,14.657774,6.8561397,14.83223,6.815573,1.0
79,8,14.657774,6.8561397,14.886539,6.7756934,0.35609898
79,11,14.657774,6.8561397,15.778077,5.624839,0.15977171
79,14,14.657774,6.8561397,14.088436,7.109835,0.08636379
79,30,14.657774,6.8561397,14.584833,6.9311748,0.032310806
79,31,14.657774,6.8561397,15.041691,6.561837,0.34029546
79,43,14.657774,6.8561397,14.303883,7.1082454,0.14387625
79,47,14.657774,6.8561397,13.472524,6.6934667,0.12714773
79,49,14.657774,6.8561397,13.812493,5.420563,0.099701636
79,51,14.657774,6.8561397,13.597736,5.5705075,0.15139288
79,73,14.657774,6.8561397,13.28345,6.3125863,0.14532347
79,101,14.657774,6.8561397,15.106907,6.5211177,0.20277181
79,108,14.657774,6.8561397,14.792871,6.8462114,0.6106588
79,111,14.657774,6.8561397,15.167303,6.4741163,0.23628435
79,115,14.657774,6.8561397,15.668841,6.0939245,0.29703093
79,125,14.657774,6.8561397,12.722302,6.6488137,0.55529636
79,131,14.657774,6.8561397,14.343221,6.7143393,0.44491646
79,324,14.657774,6.8561397,12.118129,7.3273463,0.075242214
80,3,15.580078,5.9216957,15.894841,5.697082,0.3977208
80,4,15.580078,5.9216957,14.83223,6.815573,0.09757138
80,8,15.580078,5.9216957,14.886539,6.7756934,0.0820435
80,9,15.580078,5.9216957,14.9646225,6.6895537,0.08620376
80,17,15.580078,5.9216957,15.6127,5.874114,1.0
80,20,15.580078,5.9216957,15.821183,5.782571,0.58576703
80,31,15.580078,5.9216957,15.041691,6.561837,0.36871082
80,53,15.580078,5.9216957,15.71757,5.712427,0.6781251
80,64,15.580078,5.9216957,15.993426,5.5977764,0.3986956
80,71,15.580078,5.9216957,15.468621,5.8995986,0.57016593
80,76,15.580078,5.9216957,15.648533,5.6343913,0.49219623
80,77,15.580078,5.9216957,15.414035,6.1223645,1.0
80,81,15.580078,5.9216957,15.908594,5.075191,0.13880502
80,82,15.580078,5.9216957,15.385485,6.0028963,0.4905309
80,83,15.580078,5.9216957,15.560263,5.4497786,0.115307875
80,90,15.580078,5.9216957,15.729098,5.3084464,0.15775138
80,97,15.580078,5.9216957,15.111745,6.446305,0.19689022
80,101,15.580078,5.9216957,15.106907,6.5211177,0.51931787
80,108,15.580078,5.9216957,14.792871,6.8462114,0.024541164
80,111,15.580078,5.9216957,15.167303,6.4741163,0.1461255
80,115,15.580078,5.9216957,15.668841,6.0939245,0.10579492
81,3,15.908594,5.075191,15.894841,5.697082,0.52983034
81,10,15.908594,5.075191,15.922818,4.3705916,0.058686726
81,11,15.908594,5.075191,15.778077,5.624839,0.07027012
81,13,15.908594,5.075191,16.40803,4.2790794,0.15065062
81,16,15.908594,5.075191,15.425052,4.782604,0.07128034
81,17,15.908594,5.075191,15.6127,5.874114,0.24745151
81,20,15.908594,5.075191,15.821183,5.782571,0.29233417
81,33,15.908594,5.075191,15.418711,4.7519274,0.15439208
81,37,15.908594,5.075191,16.36117,4.2806263,0.19922484
81,42,15.908594,5.075191,16.559406,4.417234,0.4800057
81,46,15.908594,5.075191,16.707176,4.4338675,0.2697374
81,53,15.908594,5.075191,15.71757,5.712427,0.038611837
81,64,15.908594,5.075191,15.993426,5.5977764,0.21989858
81,76,15.908594,5.075191,15.648533,5.6343913,0.4757401
81,78,15.908594,5.075191,16.188915,3.8060684,0.24754013
81,80,15.908594,5.075191,15.580078,5.9216957,0.13880502
81,83,15.908594,5.075191,15.560263,5.4497786,0.5226275
81,90,15.908594,5.075191,15.729098,5.3084464,0.7728597
81,94,15.908594,5.075191,16.484617,4.8244367,0.14761592
81,98,15.908594,5.075191,15.879808,3.3732815,0.022633389
81,124,15.908594,5.075191,15.882836,3.3341334,0.17570777
81,126,15.908594,5.075191,16.094965,5.2784967,1.0
81,139,15.908594,5.075191,15.143096,5.0351653,0.22087504
81,141,15.908594,5.075191,15.905699,4.6038647,1.0
81,142,15.908594,5.075191,16.585289,4.503644,0.028038718
81,143,15.908594,5.075191,16.018915,5.126608,0.30620342
82,3,15.385485,6.0028963,15.894841,5.697082,0.00355436
82,4,15.385485,6.0028963,14.83223,6.815573,0.087857716
82,8,15.385485,6.0028963,14.886539,6.7756934,0.05939837
82,17,15.385485,6.0028963,15.6127,5.874114,0.24176987
82,18,15.385485,6.0028963,15.294312,4.773344,0.025515962
82,20,15.385485,6.0028963,15.821183,5.782571,0.12457663
82,28,15.385485,6.0028963,14.637636,5.089697,0.12240247
82,31,15.385485,6.0028963,15.041691,6.561837,0.86303604
82,34,15.385485,6.0028963,14.118809,5.8826885,0.100773446
82,45,15.385485,6.0028963,14.047236,5.819297,0.17620924
82,51,15.385485,6.0028963,13.597736,5.5705075,0.08414281
82,53,15.385485,6.0028963,15.71757,5.712427,0.3986485
82,61,15.385485,6.0028963,14.101177,5.551539,0.21688731
82,65,15.385485,6.0028963,13.851391,5.40377,0.091624424
82,71,15.385485,6.0028963,15.468621,5.8995986,0.9162197
82,76,15.385485,6.0028963,15.648533,5.6343913,0.72577566
82,77,15.385485,6.0028963,15.414035,6.1223645,0.22757311
82,80,15.385485,6.0028963,15.580078,5.9216957,0.4905309
82,83,15.385485,6.0028963,15.560263,5.4497786,0.18876772
82,90,15.385485,6.0028963,15.729098,5.3084464,0.433674
82,97,15.385485,6.0028963,15.111745,6.446305,0.39248675
82,101,15.385485,6.0028963,15.106907,6.5211177,1.0
82,108,15.385485,6.0028963,14.792871,6.8462114,0.03611085
82,139,15.385485,6.0028963,15.143096,5.0351653,0.0015708355
82,140,15.385485,6.0028963,13.917581,5.8644834,0.23143181
83,2,15.560263,5.4497786,15.707052,3.1367562,0.11025395
83,3,15.560263,5.4497786,15.894841,5.697082,0.08993738
83,11,15.560263,5.4497786,15.778077,5.624839,1.0
83,17,15.560263,5.4497786,15.6127,5.874114,0.080816686
83,21,15.560263,5.4497786,14.901718,4.8026524,0.0806714
83,31,15.560263,5.4497786,15.041691,6.561837,0.12236976
83,41,15.560263,5.4497786,14.864813,4.7308,0.08950302
83,49,15.560263,5.4497786,13.812493,5.420563,0.3926011
83,51,15.560263,5.4497786,13.597736,5.5705075,0.40258363
83,53,15.560263,5.4497786,15.71757,5.712427,0.5364055
83,65,15.560263,5.4497786,13.851391,5.40377,0.35027108
83,76,15.560263,5.4497786,15.648533,5.6343913,0.23900256
83,80,15.560263,5.4497786,15.580078,5.9216957,0.115307875
83,81,15.560263,5.4497786,15.908594,5.075191,0.5226275
83,82,15.560263,5.4497786,15.385485,6.0028963,0.18876772
83,90,15.560263,5.4497786,15.729098,5.3084464,1.0
83,99,15.560263,5.4497786,15.017318,4.9063387,0.3768387
83,101,15.560263,5.4497786,15.106907,6.5211177,0.122520514
83,113,15.560263,5.4497786,14.840921,4.168203,0.36829174
83,115,15.560263,5.4497786,15.668841,6.0939245,0.06331448
83,126,15.560263,5.4497786,16.094965,5.2784967,0.32824594
83,139,15.560263,5.4497786,15.143096,5.0351653,0.6142776
83,143,15.560263,5.4497786,16.018915,5.126608,0.40035853
84,3,16.458075,4.69086,15.894841,5.697082,0.12791523
84,11,16.458075,4.69086,15.778077,5.624839,0.15525997
84,29,16.458075,4.69086,16.806524,3.8620708,0.29620048
84,42,16.458075,4.69086,16.559406,4.417234,0.18814096
84,46,16.458075,4.69086,16.707176,4.4338675,0.18120344
84,53,16.458075,4.69086,15.71757,5.712427,0.15671341
84,66,16.458075,4.69086,15.794575,3.2184129,0.14207076
84,68,16.458075,4.69086,16.56853,4.4476047,0.151187
84,78,16.458075,4.69086,16.188915,3.8060684,0.17812502
84,94,16.458075,4.69086,16.484617,4.8244367,0.32238328
84,100,16.458075,4.69086,15.903963,3.4997058,0.45872578
84,104,16.458075,4.69086,16.05353,3.621021,0.13087632
84,126,16.458075,4.69086,16.094965,5.2784967,0.3856495
84,142,16.458075,4.69086,16.585289,4.503644,0.99999994
84,143,16.458075,4.69086,16.018915,5.126608,0.27623942
85,36,13.103548,6.4074283,13.451883,5.7622633,0.09197666
85,47,13.103548,6.4074283,13.472524,6.6934667,0.099980116
85,63,13.103548,6.4074283,13.671841,6.6903467,0.10669135
85,69,13.103548,6.4074283,13.379936,6.2177835,0.14266442
85,75,13.103548,6.4074283,13.451831,6.1410103,0.15130289
85,89,13.103548,6.4074283,13.309016,6.504718,1.0
85,91,13.103548,6.4074283,13.734269,6.176937,0.2729953
85,109,13.103548,6.4074283,13.196549,6.173808,0.17990267
85,117,13.103548,6.4074283,13.038131,6.4359665,0.5732244
85,119,13.103548,6.4074283,13.221636,6.3699565,0.21480463
85,121,13.103548,6.4074283,13.487824,6.081827,0.22730106
85,123,13.103548,6.4074283,12.9085865,6.4837227,0.99999994
85,127,13.103548,6.4074283,13.801784,6.1970916,0.3088335
85,133,13.103548,6.4074283,13.742266,5.8104906,0.0834535
85,145,13.103548,6.4074283,13.14234,6.421152,0.80028194
86,10,17.123978,3.799034,15.922818,4.3705916,0.040170696
86,13,17.123978,3.799034,16.40803,4.2790794,0.14366901
86,42,17.123978,3.799034,16.559406,4.417234,0.06481047
86,46,17.123978,3.799034,16.707176,4.4338675,0.25743586
86,48,17.123978,3.799034,16.956327,3.9141984,0.09059848
86,54,17.123978,3.799034,17.177324,3.5293534,0.6419583
86,68,17.123978,3.799034,16.56853,4.4476047,0.16767117
86,72,17.123978,3.799034,17.05456,3.5839388,0.22478634
86,74,17.123978,3.799034,17.241394,3.8301194,1.0
86,88,17.123978,3.799034,17.17855,3.7728508,0.59974825
86,92,17.123978,3.799034,17.307775,3.1091948,0.16843817
86,112,17.123978,3.799034,17.088646,3.7765756,0.7632226
86,114,17.123978,3.799034,17.100594,3.535668,0.29527634
86,130,17.123978,3.799034,17.016212,3.9744334,0.091537096
86,132,17.123978,3.799034,16.931337,3.4641514,0.14377436
86,136,17.123978,3.799034,17.325098,3.1879952,0.23043743
86,144,17.123978,3.799034,16.444502,3.9390907,0.34661183
87,18,13.976116,5.8084116,15.294312,4.773344,0.13893168
87,28,13.976116,5.8084116,14.637636,5.089697,0.029967865
87,34,13.976116,5.8084116,14.118809,5.8826885,0.71429104
87,40,13.976116,5.8084116,13.916756,6.079166,0.87608325
87,45,13.976116,5.8084116,14.047236,5.819297,0.90150166
87,57,13.976116,5.8084116,13.59147,5.6379805,0.09857372
87,59,13.976116,5.8084116,13.512716,5.5944304,0.030514052
87,61,13.976116,5.8084116,14.101177,5.551539,0.07910743
87,65,13.976116,5.8084116,13.851391,5.40377,0.066068135
87,75,13.976116,5.8084116,13.451831,6.1410103,0.06766911
87,91,13.976116,5.8084116,13.734269,6.176937,0.06195665
87,121,13.976116,5.8084116,13.487824,6.081827,0.06349919
87,129,13.976116,5.8084116,14.923138,3.6184957,0.028747367
87,133,13.976116,5.8084116,13.742266,5.8104906,0.43341988
87,140,13.976116,5.8084116,13.917581,5.8644834,1.0
88,10,17.17855,3.7728508,15.922818,4.3705916,0.039236933
88,13,17.17855,3.7728508,16.40803,4.2790794,0.08765587
88,29,17.17855,3.7728508,16.806524,3.8620708,0.013003237
88,35,17.17855,3.7728508,16.55506,4.039317,0.31544697
88,37,17.17855,3.7728508,16.36117,4.2806263,0.08068996
88,39,17.17855,3.7728508,16.94614,3.210988,0.25412002
88,42,17.17855,3.7728508,16.559406,4.417234,0.35601634
88,46,17.17855,3.7728508,16.707176,4.4338675,0.3095421
88,48,17.17855,3.7728508,16.956327,3.9141984,0.17436378
88,52,17.17855,3.7728508,17.149202,3.1248376,0.073841475
88,54,17.17855,3.7728508,17.177324,3.5293534,0.66929835
88,56,17.17855,3.7728508,15.941432,3.7150114,0.21398537
88,58,17.17855,3.7728508,17.097322,3.25067,0.14587928
88,60,17.17855,3.7728508,16.943491,3.537263,0.12721378
88,62,17.17855,3.7728508,17.146248,3.4947739,0.14610082
88,68,17.17855,3.7728508,16.56853,4.4476047,0.11644297
88,72,17.17855,3.7728508,17.05456,3.5839388,0.19252758
88,74,17.17855,3.7728508,17.241394,3.8301194,0.6105226
88,78,17.17855,3.7728508,16.188915,3.8060684,0.29088518
88,86,17.17855,3.7728508,17.123978,3.799034,0.59974825
88,92,17.17855,3.7728508,17.307775,3.1091948,0.03987141
88,102,17.17855,3.7728508,16.767818,3.171738,0.14516537
88,112,17.17855,3.7728508,17.088646,3.7765756,0.99999994
88,114,17.17855,3.7728508,17.100594,3.535668,1.0
88,120,17.17855,3.7728508,15.838945,3.2013676,0.05188952
88,128,17.17855,3.7728508,15.6863575,3.4855988,0.33656156
88,130,17.17855,3.7728508,17.016212,3.9744334,0.61250323
88,132,17.17855,3.7728508,16.931337,3.4641514,0.37173197
88,138,17.17855,3.7728508,16.883184,3.2108912,0.10745147
88,144,17.17855,3.7728508,16.444502,3.9390907,0.2849081
89,47,13.309016,6.504718,13.472524,6.6934667,0.33146477
89,63,13.309016,6.504718,13.671841,6.6903467,0.24776687
89,85,13.309016,6.504718,13.103548,6.4074283,1.0
89,91,13.309016,6.504718,13.734269,6.176937,0.17396353
89,95,13.309016,6.504718,13.822261,6.726739,0.37972933
89,107,13.309016,6.504718,13.571477,6.76282,0.1785754
89,109,13.309016,6.504718,13.196549,6.173808,0.10376098
89,117,13.309016,6.504718,13.038131,6.4359665,0.4559476
89,119,13.309016,6.504718,13.221636,6.3699565,0.31209883
89,121,13.309016,6.504718,13.487824,6.081827,0.116266064
89,123,13.309016,6.504718,12.9085865,6.4837227,0.58979064
89,127,13.309016,6.504718,13.801784,6.1970916,0.2547455
89,131,13.309016,6.504718,14.343221,6.7143393,0.14333619
89,145,13.309016,6.504718,13.14234,6.421152,0.503667
90,3,15.729098,5.3084464,15.894841,5.697082,0.05985058
90,11,15.729098,5.3084464,15.778077,5.624839,0.25806674
90,17,15.729098,5.3084464,15.6127,5.874114,0.24445724
90,18,15.729098,5.3084464,15.294312,4.773344,0.25311896
90,20,15.729098,5.3084464,15.821183,5.782571,0.1445078
90,49,15.729098,5.3084464,13.812493,5.420563,0.12912431
90,51,15.729098,5.3084464,13.597736,5.5705075,0.21460977
90,53,15.729098,5.3084464,15.71757,5.712427,1.0
90,65,15.729098,5.3084464,13.851391,5.40377,0.6047421
90,71,15.729098,5.3084464,15.468621,5.8995986,0.05276003
90,76,15.729098,5.3084464,15.648533,5.6343913,0.5877093
90,77,15.729098,5.3084464,15.414035,6.1223645,0.023405481
90,80,15.729098,5.3084464,15.580078,5.9216957,0.15775138
90,81,15.729098,5.3084464,15.908594,5.075191,0.7728597
90,82,15.729098,5.3084464,15.385485,6.0028963,0.433674
90,83,15.729098,5.3084464,15.560263,5.4497786,1.0
90,94,15.729098,5.3084464,16.484617,4.8244367,0.096695185
90,99,15.729098,5.3084464,15.017318,4.9063387,0.16647659
90,115,15.729098,5.3084464,15.668841,6.0939245,0.035105452
90,126,15.729098,5.3084464,16.094965,5.2784967,0.5033041
90,139,15.729098,5.3084464,15.143096,5.0351653,0.4768612
90,141,15.729098,5.3084464,15.905699,4.6038647,0.056920834
90,143,15.729098,5.3084464,16.018915,5.126608,1.0
91,6,13.734269,6.176937,13.874642,6.392067,0.28357795
91,34,13.734269,6.176937,14.118809,5.8826885,0.098046534
91,36,13.734269,6.176937,13.451883,5.7622633,0.18551634
91,40,13.734269,6.176937,13.916756,6.079166,0.40985805
91,45,13.734269,6.176937,14.047236,5.819297,0.27062586
91,47,13.734269,6.176937,13.472524,6.6934667,0.035480827
91,57,13.734269,6.176937,13.59147,5.6379805,0.34790713
91,63,13.734269,6.176937,13.671841,6.6903467,0.40049198
91,69,13.734269,6.176937,13.379936,6.2177835,0.43572265
91,75,13.734269,6.176937,13.451831,6.1410103,0.3868335
91,85,13.734269,6.176937,13.103548,6.4074283,0.2729953
91,87,13.734269,6.176937,13.976116,5.8084116,0.06195665
91,89,13.734269,6.176937,13.309016,6.504718,0.17396353
91,93,13.734269,6.176937,13.264702,6.112224,0.05453255
91,95,13.734269,6.176937,13.822261,6.726739,0.07290476
91,103,13.734269,6.176937,13.663191,6.7761784,0.20207292
91,107,13.734269,6.176937,13.571477,6.76282,0.26706722
91,109,13.734269,6.176937,13.196549,6.173808,0.26991087
91,117,13.734269,6.176937,13.038131,6.4359665,0.1443889
91,119,13.734269,6.176937,13.221636,6.3699565,0.30031806
91,121,13.734269,6.176937,13.487824,6.081827,1.0
91,127,13.734269,6.176937,13.801784,6.1970916,1.0
91,133,13.734269,6.176937,13.742266,5.8104906,0.90821284
91,140,13.734269,6.176937,13.917581,5.8644834,0.47075152
91,145,13.734269,6.176937,13.14234,6.421152,0.30054265
92,39,17.307775,3.1091948,16.94614,3.210988,0.15736738
92,52,17.307775,3.1091948,17.149202,3.1248376,1.0
92,54,17.307775,3.1091948,17.177324,3.5293534,0.3436744
92,58,17.307775,3.1091948,17.097322,3.25067,0.25693905
92,62,17.307775,3.1091948,17.146248,3.4947739,0.09099667
92,74,17.307775,3.1091948,17.241394,3.8301194,0.07757468
92,86,17.307775,3.1091948,17.123978,3.799034,0.16843817
92,88,17.307775,3.1091948,17.17855,3.7728508,0.03987141
92,96,17.307775,3.1091948,17.072208,3.1358078,0.19216353
92,102,17.307775,3.1091948,16.767818,3.171738,0.062683865
92,114,17.307775,3.1091948,17.100594,3.535668,0.07755801
92,118,17.307775,3.1091948,17.330046,3.2721527,0.9236732
92,132,17.307775,3.1091948,16.931337,3.4641514,0.06739946
92,136,17.307775,3.1091948,17.325098,3.1879952,0.7119168
93,36,13.264702,6.112224,13.451883,5.7622633,0.19309704
93,38,13.264702,6.112224,13.787347,7.001216,0.09624544
93,45,13.264702,6.112224,14.047236,5.819297,0.077613324
93,49,13.264702,6.112224,13.812493,5.420563,0.21674408
93,51,13.264702,6.112224,13.597736,5.5705075,0.079919435
93,57,13.264702,6.112224,13.59147,5.6379805,0.5306034
93,59,13.264702,6.112224,13.512716,5.5944304,0.52305365
93,61,13.264702,6.112224,14.101177,5.551539,0.29572612
93,67,13.264702,6.112224,12.605202,7.15942,0.32615638
93,69,13.264702,6.112224,13.379936,6.2177835,1.0
93,73,13.264702,6.112224,13.28345,6.3125863,0.5378506
93,75,13.264702,6.112224,13.451831,6.1410103,0.1411066
93,91,13.264702,6.112224,13.734269,6.176937,0.05453255
93,105,13.264702,6.112224,13.838043,7.055436,0.08884712
93,107,13.264702,6.112224,13.571477,6.76282,0.15874738
93,109,13.264702,6.112224,13.196549,6.173808,0.93220943
93,121,13.264702,6.112224,13.487824,6.081827,0.41843703
93,270,13.264702,6.112224,11.867929,7.4553914,0.1422503
93,273,13.264702,6.112224,12.629159,7.1099067,0.37181598
94,10,16.484617,4.8244367,15.922818,4.3705916,0.20350689
94,20,16.484617,4.8244367,15.821183,5.782571,0.23152386
94,42,16.484617,4.8244367,16.559406,4.417234,0.56435573
94,46,16.484617,4.8244367,16.707176,4.4338675,0.72127765
94,64,16.484617,4.8244367,15.993426,5.5977764,0.32714984
94,68,16.484617,4.8244367,16.56853,4.4476047,1.0
94,76,16.484617,4.8244367,15.648533,5.6343913,0.10837804
94,78,16.484617,4.8244367,16.188915,3.8060684,0.12872577
94,81,16.484617,4.8244367,15.908594,5.075191,0.14761592
94,84,16.484617,4.8244367,16.458075,4.69086,0.32238328
94,90,16.484617,4.8244367,15.729098,5.3084464,0.096695185
94,126,16.484617,4.8244367,16.094965,5.2784967,0.30715623
94,142,16.484617,4.8244367,16.585289,4.503644,0.559905
94,143,16.484617,4.8244367,16.018915,5.126608,0.39656594
94,144,16.484617,4.8244367,16.444502,3.9390907,0.28849167
95,6,13.822261,6.726739,13.874642,6.392067,0.71957666
95,9,13.822261,6.726739,14.9646225,6.6895537,0.037959617
95,12,13.822261,6.726739,13.987937,6.9974027,0.72674054
95,30,13.822261,6.726739,14.584833,6.9311748,0.05220279
95,38,13.822261,6.726739,13.787347,7.001216,0.24004494
95,47,13.822261,6.726739,13.472524,6.6934667,0.1427232
95,55,13.822261,6.726739,14.295579,7.052556,0.28498822
95,63,13.822261,6.726739,13.671841,6.6903467,0.99999994
95,89,13.822261,6.726739,13.309016,6.504718,0.37972933
95,91,13.822261,6.726739,13.734269,6.176937,0.07290476
95,103,13.822261,6.726739,13.663191,6.7761784,0.4814733
95,107,13.822261,6.726739,13.571477,6.76282,0.33341625
95,119,13.822261,6.726739,13.221636,6.3699565,0.055892345
95,127,13.822261,6.726739,13.801784,6.1970916,0.0539923
95,131,13.822261,6.726739,14.343221,6.7143393,0.10663683
96,25,17.072208,3.1358078,15.395929,3.7028267,0.31169277
96,39,17.072208,3.1358078,16.94614,3.210988,0.7986929
96,52,17.072208,3.1358078,17.149202,3.1248376,1.0
96,54,17.072208,3.1358078,17.177324,3.5293534,0.17028432
96,58,17.072208,3.1358078,17.097322,3.25067,0.14209364
96,62,17.072208,3.1358078,17.146248,3.4947739,0.043131128
96,72,17.072208,3.1358078,17.05456,3.5839388,0.18586864
96,92,17.072208,3.1358078,17.307775,3.1091948,0.19216353
96,102,17.072208,3.1358078,16.767818,3.171738,0.50962704
96,110,17.072208,3.1358078,16.660141,3.0754921,0.1409704
96,114,17.072208,3.1358078,17.100594,3.535668,0.0152017735
96,118,17.072208,3.1358078,17.330046,3.2721527,0.9187204
96,132,17.072208,3.1358078,16.931337,3.4641514,0.7196002
96,136,17.072208,3.1358078,17.325098,3.1879952,0.15425286
96,138,17.072208,3.1358078,16.883184,3.2108912,0.008121619
96,295,17.072208,3.1358078,14.982196,3.1064515,0.014490369
97,4,15.111745,6.446305,14.83223,6.815573,0.07809333
97,6,15.111745,6.446305,13.874642,6.392067,0.40071088
97,8,15.111745,6.446305,14.886539,6.7756934,0.13258947
97,9,15.111745,6.446305,14.9646225,6.6895537,0.51892364
97,17,15.111745,6.446305,15.6127,5.874114,0.101885244
97,30,15.111745,6.446305,14.584833,6.9311748,0.23210733
97,31,15.111745,6.446305,15.041691,6.561837,1.0
97,34,15.111745,6.446305,14.118809,5.8826885,0.15749247
97,40,15.111745,6.446305,13.916756,6.079166,0.106546514
97,45,15.111745,6.446305,14.047236,5.819297,0.21319067
97,55,15.111745,6.446305,14.295579,7.052556,0.12343365
97,61,15.111745,6.446305,14.101177,5.551539,0.0921619
97,71,15.111745,6.446305,15.468621,5.8995986,0.20637347
97,77,15.111745,6.446305,15.414035,6.1223645,0.7748728
97,80,15.111745,6.446305,15.580078,5.9216957,0.19689022
97,82,15.111745,6.446305,15.385485,6.0028963,0.39248675
97,101,15.111745,6.446305,15.106907,6.5211177,0.89975935
97,108,15.111745,6.446305,14.792871,6.8462114,0.30306852
97,111,15.111745,6.446305,15.167303,6.4741163,0.09601739
97,140,15.111745,6.446305,13.917581,5.8644834,0.11634293
98,2,15.879808,3.3732815,15.707052,3.1367562,0.4654746
98,3,15.879808,3.3732815,15.894841,5.697082,0.034741748
98,11,15.879808,3.3732815,15.778077,5.624839,0.1851752
98,22,15.879808,3.3732815,15.136165,3.3466234,0.014325499
98,27,15.879808,3.3732815,15.510872,3.2449698,0.037745688
98,37,15.879808,3.3732815,16.36117,4.2806263,1.0
98,48,15.879808,3.3732815,16.956327,3.9141984,0.121245906
98,78,15.879808,3.3732815,16.188915,3.8060684,0.32805815
98,81,15.879808,3.3732815,15.908594,5.075191,0.022633389
98,106,15.879808,3.3732815,15.7255,3.0879033,0.75365937
98,120,15.879808,3.3732815,15.838945,3.2013676,0.23159392
98,124,15.879808,3.3732815,15.882836,3.3341334,0.7987212
98,126,15.879808,3.3732815,16.094965,5.2784967,0.07867377
98,130,15.879808,3.3732815,17.016212,3.9744334,0.03131659
99,0,15.017318,4.9063387,15.115076,4.8807416,0.7340334
99,5,15.017318,4.9063387,15.305141,4.107536,0.06890041
99,15,15.017318,4.9063387,15.440327,4.5107145,0.13542235
99,16,15.017318,4.9063387,15.425052,4.782604,0.43234083
99,21,15.017318,4.9063387,14.901718,4.8026524,0.99999994
99,23,15.017318,4.9063387,15.50172,4.533846,0.17438361
99,24,15.017318,4.9063387,14.873818,4.9400826,0.3131312
99,28,15.017318,4.9063387,14.637636,5.089697,0.41022953
99,32,15.017318,4.9063387,14.766539,4.6674213,0.36024228
99,33,15.017318,4.9063387,15.418711,4.7519274,0.55118436
99,41,15.017318,4.9063387,14.864813,4.7308,0.86407554
99,71,15.017318,4.9063387,15.468621,5.8995986,0.042546794
99,83,15.017318,4.9063387,15.560263,5.4497786,0.3768387
99,90,15.017318,4.9063387,15.729098,5.3084464,0.16647659
99,113,15.017318,4.9063387,14.840921,4.168203,0.35831723
99,139,15.017318,4.9063387,15.143096,5.0351653,1.0
99,141,15.017318,4.9063387,15.905699,4.6038647,0.066556305
100,2,15.903963,3.4997058,15.707052,3.1367562,0.1024618
100,29,15.903963,3.4997058,16.806524,3.8620708,0.18509436
100,36,15.903963,3.4997058,13.451883,5.7622633,0.12868582
100,66,15.903963,3.4997058,15.794575,3.2184129,1.0
100,70,15.903963,3.4997058,15.20802,3.2311814,0.28519014
100,78,15.903963,3.4997058,16.188915,3.8060684,0.10442667
100,84,15.903963,3.4997058,16.458075,4.69086,0.45872578
100,104,15.903963,3.4997058,16.05353,3.621021,1.0
100,120,15.903963,3.4997058,15.838945,3.2013676,0.106061995
100,129,15.903963,3.4997058,14.923138,3.6184957,0.11791473
100,134,15.903963,3.4997058,15.589219,3.0729659,0.23600194
100,137,15.903963,3.4997058,15.26551,3.220892,0.163386
100,142,15.903963,3.4997058,16.585289,4.503644,0.18095647
100,143,15.903963,3.4997058,16.018915,5.126608,0.27941063
101,3,15.106907,6.5211177,15.894841,5.697082,0.11322748
101,4,15.106907,6.5211177,14.83223,6.815573,0.6286167
101,8,15.106907,6.5211177,14.886539,6.7756934,0.4278008
101,9,15.106907,6.5211177,14.9646225,6.6895537,0.139301
101,17,15.106907,6.5211177,15.6127,5.874114,0.2694841
101,30,15.106907,6.5211177,14.584833,6.9311748,0.10457848
101,31,15.106907,6.5211177,15.041691,6.561837,1.0
101,43,15.106907,6.5211177,14.303883,7.1082454,0.09445502
101,53,15.106907,6.5211177,15.71757,5.712427,0.22037128
101,71,15.106907,6.5211177,15.468621,5.8995986,0.35718647
101,76,15.106907,6.5211177,15.648533,5.6343913,0.12823415
101,77,15.106907,6.5211177,15.414035,6.1223645,0.14195587
101,79,15.106907,6.5211177,14.657774,6.8561397,0.20277181
101,80,15.106907,6.5211177,15.580078,5.9216957,0.51931787
101,82,15.106907,6.5211177,15.385485,6.0028963,1.0
101,83,15.106907,6.5211177,15.560263,5.4497786,0.122520514
101,97,15.106907,6.5211177,15.111745,6.446305,0.89975935
101,108,15.106907,6.5211177,14.792871,6.8462114,0.63114214
101,111,15.106907,6.5211177,15.167303,6.4741163,0.36674818
101,115,15.106907,6.5211177,15.668841,6.0939245,0.08557939
101,131,15.106907,6.5211177,14.343221,6.7143393,0.11840497
102,7,16.767818,3.171738,15.070056,3.4102123,0.16368803
102,15,16.767818,3.171738,15.440327,4.5107145,0.13262647
102,23,16.767818,3.171738,15.50172,4.533846,0.18239984
102,25,16.767818,3.171738,15.395929,3.7028267,1.0
102,35,16.767818,3.171738,16.55506,4.039317,0.32427332
102,39,16.767818,3.171738,16.94614,3.210988,0.7910644
102,52,16.767818,3.171738,17.149202,3.1248376,0.47364372
102,54,16.767818,3.171738,17.177324,3.5293534,0.33384264
102,56,16.767818,3.171738,15.941432,3.7150114,0.12765917
102,58,16.767818,3.171738,17.097322,3.25067,0.35845786
102,88,16.767818,3.171738,17.17855,3.7728508,0.14516537
102,92,16.767818,3.171738,17.307775,3.1091948,0.062683865
102,96,16.767818,3.171738,17.072208,3.1358078,0.50962704
102,110,16.767818,3.171738,16.660141,3.0754921,0.25948268
102,114,16.767818,3.171738,17.100594,3.535668,0.19230758
102,116,16.767818,3.171738,15.289759,3.8223827,0.40300435
102,128,16.767818,3.171738,15.6863575,3.4855988,0.12384457
102,132,16.767818,3.171738,16.931337,3.4641514,0.4264956
102,295,16.767818,3.171738,14.982196,3.1064515,0.11843227
103,6,13.663191,6.7761784,13.874642,6.392067,0.29388398
103,12,13.663191,6.7761784,13.987937,6.9974027,0.19319439
103,38,13.663191,6.7761784,13.787347,7.001216,0.7038803
103,40,13.663191,6.7761784,13.916756,6.079166,0.13561532
103,63,13.663191,6.7761784,13.671841,6.6903467,1.0
103,67,13.663191,6.7761784,12.605202,7.15942,0.10003431
103,69,13.663191,6.7761784,13.379936,6.2177835,0.31645626
103,75,13.663191,6.7761784,13.451831,6.1410103,0.7563164
103,91,13.663191,6.7761784,13.734269,6.176937,0.20207292
103,95,13.663191,6.7761784,13.822261,6.726739,0.4814733
103,105,13.663191,6.7761784,13.838043,7.055436,0.32868558
103,107,13.663191,6.7761784,13.571477,6.76282,0.42883325
103,121,13.663191,6.7761784,13.487824,6.081827,0.23350528
103,273,13.663191,6.7761784,12.629159,7.1099067,0.08346916
104,29,16.05353,3.621021,16.806524,3.8620708,0.2717711
104,60,16.05353,3.621021,16.943491,3.537263,0.34501082
104,66,16.05353,3.621021,15.794575,3.2184129,0.6122758
104,68,16.05353,3.621021,16.56853,4.4476047,0.16716672
104,70,16.05353,3.621021,15.20802,3.2311814,0.3843771
104,72,16.05353,3.621021,17.05456,3.5839388,0.14963773
104,84,16.05353,3.621021,16.458075,4.69086,0.13087632
104,100,16.05353,3.621021,15.903963,3.4997058,1.0
104,129,16.05353,3.621021,14.923138,3.6184957,0.14998218
104,134,16.05353,3.621021,15.589219,3.0729659,0.24211855
104,137,16.05353,3.621021,15.26551,3.220892,0.24963135
104,142,16.05353,3.621021,16.585289,4.503644,0.16344929
104,143,16.05353,3.621021,16.018915,5.126608,0.17840917
104,144,16.05353,3.621021,16.444502,3.9390907,0.15351324
105,12,13.838043,7.055436,13.987937,6.9974027,0.6466823
105,14,13.838043,7.055436,14.088436,7.109835,0.8179107
105,38,13.838043,7.055436,13.787347,7.001216,1.0
105,43,13.838043,7.055436,14.303883,7.1082454,0.34497234
105,47,13.838043,7.055436,13.472524,6.6934667,0.08046166
105,55,13.838043,7.055436,14.295579,7.052556,0.31389508
105,63,13.838043,7.055436,13.671841,6.6903467,0.20354512
105,67,13.838043,7.055436,12.605202,7.15942,0.1927845
105,69,13.838043,7.055436,13.379936,6.2177835,0.09698587
105,73,13.838043,7.055436,13.28345,6.3125863,0.0890215
105,93,13.838043,7.055436,13.264702,6.112224,0.08884712
105,103,13.838043,7.055436,13.663191,6.7761784,0.32868558
105,107,13.838043,7.055436,13.571477,6.76282,0.23996252
105,273,13.838043,7.055436,12.629159,7.1099067,0.23648171
106,2,15.7255,3.0879033,15.707052,3.1367562,1.0
106,22,15.7255,3.0879033,15.136165,3.3466234,0.3884118
106,27,15.7255,3.0879033,15.510872,3.2449698,0.42234483
106,44,15.7255,3.0879033,15.175603,3.4882746,0.048757758
106,66,15.7255,3.0879033,15.794575,3.2184129,0.31504723
106,78,15.7255,3.0879033,16.188915,3.8060684,0.20462675
106,98,15.7255,3.0879033,15.879808,3.3732815,0.75365937
106,110,15.7255,3.0879033,16.660141,3.0754921,0.15194725
106,113,15.7255,3.0879033,14.840921,4.168203,0.1635106
106,120,15.7255,3.0879033,15.838945,3.2013676,0.99999994
106,122,15.7255,3.0879033,16.1225,3.029391,0.5965895
106,124,15.7255,3.0879033,15.882836,3.3341334,0.5590306
106,128,15.7255,3.0879033,15.6863575,3.4855988,0.0629166
106,134,15.7255,3.0879033,15.589219,3.0729659,0.6154032
106,135,15.7255,3.0879033,15.110462,3.233726,0.047877714
106,287,15.7255,3.0879033,14.858063,3.0740209,0.040943474
107,6,13.571477,6.76282,13.874642,6.392067,0.21977913
107,12,13.571477,6.76282,13.987937,6.9974027,0.39130852
107,14,13.571477,6.76282,14.088436,7.109835,0.11723999
107,30,13.571477,6.76282,14.584833,6.9311748,0.021481307
107,38,13.571477,6.76282,13.787347,7.001216,0.99999994
107,43,13.571477,6.76282,14.303883,7.1082454,0.11250306
107,47,13.571477,6.76282,13.472524,6.6934667,1.0
107,55,13.571477,6.76282,14.295579,7.052556,0.16694619
107,63,13.571477,6.76282,13.671841,6.6903467,1.0
107,67,13.571477,6.76282,12.605202,7.15942,0.19980384
107,69,13.571477,6.76282,13.379936,6.2177835,0.32046062
107,73,13.571477,6.76282,13.28345,6.3125863,0.7191732
107,89,13.571477,6.76282,13.309016,6.504718,0.1785754
107,91,13.571477,6.76282,13.734269,6.176937,0.26706722
107,93,13.571477,6.76282,13.264702,6.112224,0.15874738
107,95,13.571477,6.76282,13.822261,6.726739,0.33341625
107,103,13.571477,6.76282,13.663191,6.7761784,0.42883325
107,105,13.571477,6.76282,13.838043,7.055436,0.23996252
107,109,13.571477,6.76282,13.196549,6.173808,0.12044152
107,119,13.571477,6.76282,13.221636,6.3699565,0.3343442
107,121,13.571477,6.76282,13.487824,6.081827,0.13900094
107,131,13.571477,6.76282,14.343221,6.7143393,0.42068377
107,145,13.571477,6.76282,13.14234,6.421152,0.21679005
107,273,13.571477,6.76282,12.629159,7.1099067,0.17833622
108,4,14.792871,6.8462114,14.83223,6.815573,1.0
108,8,14.792871,6.8462114,14.886539,6.7756934,1.0
108,9,14.792871,6.8462114,14.9646225,6.6895537,0.11989327
108,12,14.792871,6.8462114,13.987937,6.9974027,0.0898435
108,14,14.792871,6.8462114,14.088436,7.109835,0.092221774
108,30,14.792871,6.8462114,14.584833,6.9311748,0.89051014
108,31,14.792871,6.8462114,15.041691,6.561837,0.77618986
108,43,14.792871,6.8462114,14.303883,7.1082454,0.54102945
108,55,14.792871,6.8462114,14.295579,7.052556,0.25606197
108,79,14.792871,6.8462114,14.657774,6.8561397,0.6106588
108,80,14.792871,6.8462114,15.580078,5.9216957,0.024541164
108,82,14.792871,6.8462114,15.385485,6.0028963,0.03611085
108,97,14.792871,6.8462114,15.111745,6.446305,0.30306852
108,101,14.792871,6.8462114,15.106907,6.5211177,0.63114214
108,111,14.792871,6.8462114,15.167303,6.4741163,0.31455794
108,115,14.792871,6.8462114,15.668841,6.0939245,0.018764015
108,131,14.792871,6.8462114,14.343221,6.7143393,0.24973778
109,36,13.196549,6.173808,13.451883,5.7622633,0.44992983
109,38,13.196549,6.173808,13.787347,7.001216,0.06293403
109,47,13.196549,6.173808,13.472524,6.6934667,0.06455599
109,49,13.196549,6.173808,13.812493,5.420563,0.049898297
109,51,13.196549,6.173808,13.597736,5.5705075,0.127349
109,57,13.196549,6.173808,13.59147,5.6379805,0.46456593
109,59,13.196549,6.173808,13.512716,5.5944304,0.5021428
109,63,13.196549,6.173808,13.671841,6.6903467,0.1130433
109,67,13.196549,6.173808,12.605202,7.15942,0.25334433
109,69,13.196549,6.173808,13.379936,6.2177835,1.0
109,73,13.196549,6.173808,13.28345,6.3125863,0.51339114
109,75,13.196549,6.173808,13.451831,6.1410103,0.23545945
109,85,13.196549,6.173808,13.103548,6.4074283,0.17990267
109,89,13.196549,6.173808,13.309016,6.504718,0.10376098
109,91,13.196549,6.173808,13.734269,6.176937,0.26991087
109,93,13.196549,6.173808,13.264702,6.112224,0.93220943
109,107,13.196549,6.173808,13.571477,6.76282,0.12044152
109,117,13.196549,6.173808,13.038131,6.4359665,0.3501045
109,119,13.196549,6.173808,13.221636,6.3699565,0.17171821
109,121,13.196549,6.173808,13.487824,6.081827,0.6828221
109,123,13.196549,6.173808,12.9085865,6.4837227,0.12622744
109,129,13.196549,6.173808,14.923138,3.6184957,0.053821493
109,133,13.196549,6.173808,13.742266,5.8104906,0.025138048
109,145,13.196549,6.173808,13.14234,6.421152,0.4924214
109,270,13.196549,6.173808,11.867929,7.4553914,0.506258
109,273,13.196549,6.173808,12.629159,7.1099067,0.23432565
109,329,13.196549,6.173808,12.60709,6.7113414,0.08194515
110,27,16.660141,3.0754921,15.510872,3.2449698,0.11614574
110,39,16.660141,3.0754921,16.94614,3.210988,0.717852
110,52,16.660141,3.0754921,17.149202,3.1248376,0.24823509
110,54,16.660141,3.0754921,17.177324,3.5293534,0.123058505
110,58,16.660141,3.0754921,17.097322,3.25067,0.48507428
110,62,16.660141,3.0754921,17.146248,3.4947739,0.25187284
110,96,16.660141,3.0754921,17.072208,3.1358078,0.1409704
110,102,16.660141,3.0754921,16.767818,3.171738,0.25948268
110,106,16.660141,3.0754921,15.7255,3.0879033,0.15194725
110,114,16.660141,3.0754921,17.100594,3.535668,0.223188
110,120,16.660141,3.0754921,15.838945,3.2013676,0.17049998
110,122,16.660141,3.0754921,16.1225,3.029391,1.0
110,138,16.660141,3.0754921,16.883184,3.2108912,0.77062553
110,287,16.660141,3.0754921,14.858063,3.0740209,0.11887457
110,295,16.660141,3.0754921,14.982196,3.1064515,0.34483132
111,3,15.167303,6.4741163,15.894841,5.697082,0.13431577
111,4,15.167303,6.4741163,14.83223,6.815573,0.32882324
111,8,15.167303,6.4741163,14.886539,6.7756934,0.45505527
111,9,15.167303,6.4741163,14.9646225,6.6895537,0.6568473
111,11,15.167303,6.4741163,15.778077,5.624839,0.0805503
111,30,15.167303,6.4741163,14.584833,6.9311748,0.49298096
111,31,15.167303,6.4741163,15.041691,6.561837,0.21233578
111,53,15.167303,6.4741163,15.71757,5.712427,0.18530498
111,79,15.167303,6.4741163,14.657774,6.8561397,0.23628435
111,80,15.167303,6.4741163,15.580078,5.9216957,0.1461255
111,97,15.167303,6.4741163,15.111745,6.446305,0.09601739
111,101,15.167303,6.4741163,15.106907,6.5211177,0.36674818
111,108,15.167303,6.4741163,14.792871,6.8462114,0.31455794
111,115,15.167303,6.4741163,15.668841,6.0939245,1.0
111,131,15.167303,6.4741163,14.343221,6.7143393,0.68341565
112,29,17.088646,3.7765756,16.806524,3.8620708,0.81993276
112,39,17.088646,3.7765756,16.94614,3.210988,0.062573284
112,42,17.088646,3.7765756,16.559406,4.417234,0.2393785
112,46,17.088646,3.7765756,16.707176,4.4338675,0.27035937
112,54,17.088646,3.7765756,17.177324,3.5293534,0.49587318
112,56,17.088646,3.7765756,15.941432,3.7150114,0.06418769
112,60,17.088646,3.7765756,16.943491,3.537263,0.43071222
112,62,17.088646,3.7765756,17.146248,3.4947739,0.45721406
112,68,17.088646,3.7765756,16.56853,4.4476047,0.24869281
112,72,17.088646,3.7765756,17.05456,3.5839388,0.37305683
112,74,17.088646,3.7765756,17.241394,3.8301194,0.94707763
112,78,17.088646,3.7765756,16.188915,3.8060684,0.14836787
112,86,17.088646,3.7765756,17.123978,3.799034,0.7632226
112,88,17.088646,3.7765756,17.17855,3.7728508,0.99999994
112,114,17.088646,3.7765756,17.100594,3.535668,0.6792233
112,118,17.088646,3.7765756,17.330046,3.2721527,0.09503626
112,130,17.088646,3.7765756,17.016212,3.9744334,0.6153667
112,132,17.088646,3.7765756,16.931337,3.4641514,0.43546173
112,136,17.088646,3.7765756,17.325098,3.1879952,0.17822783
112,138,17.088646,3.7765756,16.883184,3.2108912,0.13929476
112,142,17.088646,3.7765756,16.585289,4.503644,0.032357533
112,144,17.088646,3.7765756,16.444502,3.9390907,0.3965242
113,2,14.840921,4.168203,15.707052,3.1367562,0.43261042
113,11,14.840921,4.168203,15.778077,5.624839,0.08546367
113,21,14.840921,4.168203,14.901718,4.8026524,0.445248
113,22,14.840921,4.168203,15.136165,3.3466234,1.0
113,27,14.840921,4.168203,15.510872,3.2449698,0.42441678
113,32,14.840921,4.168203,14.766539,4.6674213,0.11939641
113,41,14.840921,4.168203,14.864813,4.7308,0.42146316
113,44,14.840921,4.168203,15.175603,3.4882746,0.12115569
113,49,14.840921,4.168203,13.812493,5.420563,0.6234927
113,51,14.840921,4.168203,13.597736,5.5705075,0.064815976
113,83,14.840921,4.168203,15.560263,5.4497786,0.36829174
113,99,14.840921,4.168203,15.017318,4.9063387,0.35831723
113,106,14.840921,4.168203,15.7255,3.0879033,0.1635106
113,124,14.840921,4.168203,15.882836,3.3341334,0.14558448
113,125,14.840921,4.168203,12.722302,6.6488137,0.16815695
113,139,14.840921,4.168203,15.143096,5.0351653,0.103549756
113,268,14.840921,4.168203,11.779941,7.5773644,0.14899586
114,29,17.100594,3.535668,16.806524,3.8620708,0.005963746
114,35,17.100594,3.535668,16.55506,4.039317,0.34816724
114,37,17.100594,3.535668,16.36117,4.2806263,0.07696355
114,39,17.100594,3.535668,16.94614,3.210988,0.72939867
114,48,17.100594,3.535668,16.956327,3.9141984,0.2831433
114,52,17.100594,3.535668,17.149202,3.1248376,0.16762778
114,54,17.100594,3.535668,17.177324,3.5293534,1.0
114,58,17.100594,3.535668,17.097322,3.25067,0.46208867
114,60,17.100594,3.535668,16.943491,3.537263,0.12562409
114,62,17.100594,3.535668,17.146248,3.4947739,0.5755247
114,72,17.100594,3.535668,17.05456,3.5839388,0.14155523
114,74,17.100594,3.535668,17.241394,3.8301194,0.7047574
114,78,17.100594,3.535668,16.188915,3.8060684,0.0697065
114,86,17.100594,3.535668,17.123978,3.799034,0.29527634
114,88,17.100594,3.535668,17.17855,3.7728508,1.0
114,92,17.100594,3.535668,17.307775,3.1091948,0.07755801
114,96,17.100594,3.535668,17.072208,3.1358078,0.0152017735
114,102,17.100594,3.535668,16.767818,3.171738,0.19230758
114,110,17.100594,3.535668,16.660141,3.0754921,0.223188
114,112,17.100594,3.535668,17.088646,3.7765756,0.6792233
114,118,17.100594,3.535668,17.330046,3.2721527,0.105803296
114,122,17.100594,3.535668,16.1225,3.029391,0.10152376
114,128,17.100594,3.535668,15.6863575,3.4855988,0.11743512
114,130,17.100594,3.535668,17.016212,3.9744334,0.6701946
114,132,17.100594,3.535668,16.931337,3.4641514,0.249363
114,136,17.100594,3.535668,17.325098,3.1879952,0.13355097
114,138,17.100594,3.535668,16.883184,3.2108912,0.3257842
115,3,15.668841,6.0939245,15.894841,5.697082,1.0
115,4,15.668841,6.0939245,14.83223,6.815573,0.17754729
115,8,15.668841,6.0939245,14.886539,6.7756934,0.08315261
115,11,15.668841,6.0939245,15.778077,5.624839,0.88796514
115,17,15.668841,6.0939245,15.6127,5.874114,0.037188705
115,31,15.668841,6.0939245,15.041691,6.561837,0.05102815
115,53,15.668841,6.0939245,15.71757,5.712427,0.55554974
115,79,15.668841,6.0939245,14.657774,6.8561397,0.29703093
115,80,15.668841,6.0939245,15.580078,5.9216957,0.10579492
115,83,15.668841,6.0939245,15.560263,5.4497786,0.06331448
115,90,15.668841,6.0939245,15.729098,5.3084464,0.035105452
115,101,15.668841,6.0939245,15.106907,6.5211177,0.08557939
115,108,15.668841,6.0939245,14.792871,6.8462114,0.018764015
115,111,15.668841,6.0939245,15.167303,6.4741163,1.0
115,126,15.668841,6.0939245,16.094965,5.2784967,0.08609449
115,131,15.668841,6.0939245,14.343221,6.7143393,0.21493293
116,1,15.289759,3.8223827,15.266301,3.6584642,0.12490163
116,5,15.289759,3.8223827,15.305141,4.107536,0.3258801
116,7,15.289759,3.8223827,15.070056,3.4102123,0.43337172
116,15,15.289759,3.8223827,15.440327,4.5107145,0.3060155
116,19,15.289759,3.8223827,15.391574,3.9879377,0.53432924
116,23,15.289759,3.8223827,15.50172,4.533846,0.18641418
116,25,15.289759,3.8223827,15.395929,3.7028267,1.0
116,32,15.289759,3.8223827,14.766539,4.6674213,0.11026271
116,44,15.289759,3.8223827,15.175603,3.4882746,0.16017468
116,50,15.289759,3.8223827,15.419285,3.6068664,0.16594276
116,56,15.289759,3.8223827,15.941432,3.7150114,0.1518364
116,102,15.289759,3.8223827,16.767818,3.171738,0.40300435
116,135,15.289759,3.8223827,15.110462,3.233726,0.16783072
116,285,15.289759,3.8223827,14.941929,3.3801575,0.65695477
116,295,15.289759,3.8223827,14.982196,3.1064515,0.12086377
117,36,13.038131,6.4359665,13.451883,5.7622633,0.37872294
117,47,13.038131,6.4359665,13.472524,6.6934667,0.37167937
117,51,13.038131,6.4359665,13.597736,5.5705075,0.1843393
117,69,13.038131,6.4359665,13.379936,6.2177835,0.1578033
117,73,13.038131,6.4359665,13.28345,6.3125863,0.2276328
117,85,13.038131,6.4359665,13.103548,6.4074283,0.5732244
117,89,13.038131,6.4359665,13.309016,6.504718,0.4559476
117,91,13.038131,6.4359665,13.734269,6.176937,0.1443889
117,109,13.038131,6.4359665,13.196549,6.173808,0.3501045
117,119,13.038131,6.4359665,13.221636,6.3699565,0.7625282
117,121,13.038131,6.4359665,13.487824,6.081827,0.15539144
117,123,13.038131,6.4359665,12.9085865,6.4837227,0.66964674
117,125,13.038131,6.4359665,12.722302,6.6488137,0.31215215
117,145,13.038131,6.4359665,13.14234,6.421152,1.0
117,329,13.038131,6.4359665,12.60709,6.7113414,0.67520946
118,39,17.330046,3.2721527,16.94614,3.210988,0.25168929
118,52,17.330046,3.2721527,17.149202,3.1248376,0.41172534
118,54,17.330046,3.2721527,17.177324,3.5293534,0.5819745
118,58,17.330046,3.2721527,17.097322,3.25067,0.09736929
118,60,17.330046,3.2721527,16.943491,3.537263,0.16914131
118,62,17.330046,3.2721527,17.146248,3.4947739,1.0
118,72,17.330046,3.2721527,17.05456,3.5839388,0.34113622
118,74,17.330046,3.2721527,17.241394,3.8301194,0.08088756
118,92,17.330046,3.2721527,17.307775,3.1091948,0.9236732
118,96,17.330046,3.2721527,17.072208,3.1358078,0.9187204
118,112,17.330046,3.2721527,17.088646,3.7765756,0.09503626
118,114,17.330046,3.2721527,17.100594,3.535668,0.105803296
118,132,17.330046,3.2721527,16.931337,3.4641514,0.26248077
118,136,17.330046,3.2721527,17.325098,3.1879952,1.0
118,138,17.330046,3.2721527,16.883184,3.2108912,0.07302102
119,36,13.221636,6.3699565,13.451883,5.7622633,0.47916627
119,47,13.221636,6.3699565,13.472524,6.6934667,0.9538009
119,51,13.221636,6.3699565,13.597736,5.5705075,0.30055726
119,57,13.221636,6.3699565,13.59147,5.6379805,0.040168926
119,63,13.221636,6.3699565,13.671841,6.6903467,0.22723174
119,69,13.221636,6.3699565,13.379936,6.2177835,0.103323065
119,73,13.221636,6.3699565,13.28345,6.3125863,1.0
119,85,13.221636,6.3699565,13.103548,6.4074283,0.21480463
119,89,13.221636,6.3699565,13.309016,6.504718,0.31209883
119,91,13.221636,6.3699565,13.734269,6.176937,0.30031806
119,95,13.221636,6.3699565,13.822261,6.726739,0.055892345
119,107,13.221636,6.3699565,13.571477,6.76282,0.3343442
119,109,13.221636,6.3699565,13.196549,6.173808,0.17171821
119,117,13.221636,6.3699565,13.038131,6.4359665,0.7625282
119,121,13.221636,6.3699565,13.487824,6.081827,0.117687054
119,123,13.221636,6.3699565,12.9085865,6.4837227,0.068398625
119,125,13.221636,6.3699565,12.722302,6.6488137,0.15019962
119,127,13.221636,6.3699565,13.801784,6.1970916,0.19578536
119,131,13.221636,6.3699565,14.343221,6.7143393,0.556282
119,145,13.221636,6.3699565,13.14234,6.421152,1.0
120,2,15.838945,3.2013676,15.707052,3.1367562,0.48963875
120,22,15.838945,3.2013676,15.136165,3.3466234,0.36205062
120,27,15.838945,3.2013676,15.510872,3.2449698,0.829175
120,29,15.838945,3.2013676,16.806524,3.8620708,0.008223822
120,44,15.838945,3.2013676,15.175603,3.4882746,0.24989533
120,50,15.838945,3.2013676,15.419285,3.6068664,0.21439569
120,66,15.838945,3.2013676,15.794575,3.2184129,0.28577375
120,78,15.838945,3.2013676,16.188915,3.8060684,0.71700025
120,88,15.838945,3.2013676,17.17855,3.7728508,0.05188952
120,98,15.838945,3.2013676,15.879808,3.3732815,0.23159392
120,100,15.838945,3.2013676,15.903963,3.4997058,0.106061995
120,106,15.838945,3.2013676,15.7255,3.0879033,0.99999994
120,110,15.838945,3.2013676,16.660141,3.0754921,0.17049998
120,122,15.838945,3.2013676,16.1225,3.029391,0.6465491
120,124,15.838945,3.2013676,15.882836,3.3341334,1.0
120,128,15.838945,3.2013676,15.6863575,3.4855988,0.47134978
120,130,15.838945,3.2013676,17.016212,3.9744334,0.040183406
120,134,15.838945,3.2013676,15.589219,3.0729659,0.51812816
120,135,15.838945,3.2013676,15.110462,3.233726,0.118341975
120,138,15.838945,3.2013676,16.883184,3.2108912,0.11371246
120,142,15.838945,3.2013676,16.585289,4.503644,0.021937827
120,295,15.838945,3.2013676,14.982196,3.1064515,0.11444811
121,6,13.487824,6.081827,13.874642,6.392067,0.06849316
121,34,13.487824,6.081827,14.118809,5.8826885,0.0799252
121,36,13.487824,6.081827,13.451883,5.7622633,0.2026025
121,38,13.487824,6.081827,13.787347,7.001216,0.05905301
121,40,13.487824,6.081827,13.916756,6.079166,0.10676441
121,45,13.487824,6.081827,14.047236,5.819297,0.16107227
121,57,13.487824,6.081827,13.59147,5.6379805,0.538999
121,59,13.487824,6.081827,13.512716,5.5944304,0.2831005
121,63,13.487824,6.081827,13.671841,6.6903467,0.23839296
121,69,13.487824,6.081827,13.379936,6.2177835,0.9949354
121,73,13.487824,6.081827,13.28345,6.3125863,0.099231176
121,75,13.487824,6.081827,13.451831,6.1410103,1.0
121,85,13.487824,6.081827,13.103548,6.4074283,0.22730106
121,87,13.487824,6.081827,13.976116,5.8084116,0.06349919
121,89,13.487824,6.081827,13.309016,6.504718,0.116266064
121,91,13.487824,6.081827,13.734269,6.176937,1.0
121,93,13.487824,6.081827,13.264702,6.112224,0.41843703
121,103,13.487824,6.081827,13.663191,6.7761784,0.23350528
121,107,13.487824,6.081827,13.571477,6.76282,0.13900094
121,109,13.487824,6.081827,13.196549,6.173808,0.6828221
121,117,13.487824,6.081827,13.038131,6.4359665,0.15539144
121,119,13.487824,6.081827,13.221636,6.3699565,0.117687054
121,127,13.487824,6.081827,13.801784,6.1970916,0.24088518
121,133,13.487824,6.081827,13.742266,5.8104906,0.80772865
121,140,13.487824,6.081827,13.917581,5.8644834,0.22071016
121,145,13.487824,6.081827,13.14234,6.421152,0.25414822
122,2,16.1225,3.029391,15.707052,3.1367562,0.17225073
122,22,16.1225,3.029391,15.136165,3.3466234,0.21029297
122,27,16.1225,3.029391,15.510872,3.2449698,0.19522765
122,29,16.1225,3.029391,16.806524,3.8620708,0.002341757
122,39,16.1225,3.029391,16.94614,3.210988,0.1774917
122,62,16.1225,3.029391,17.146248,3.4947739,0.08482196
122,78,16.1225,3.029391,16.188915,3.8060684,0.10139765
122,106,16.1225,3.029391,15.7255,3.0879033,0.5965895
122,110,16.1225,3.029391,16.660141,3.0754921,1.0
122,114,16.1225,3.029391,17.100594,3.535668,0.10152376
122,120,16.1225,3.029391,15.838945,3.2013676,0.6465491
122,124,16.1225,3.029391,15.882836,3.3341334,0.21090579
122,128,16.1225,3.029391,15.6863575,3.4855988,0.085336536
122,134,16.1225,3.029391,15.589219,3.0729659,0.36751467
122,138,16.1225,3.029391,16.883184,3.2108912,0.8974694
122,287,16.1225,3.029391,14.858063,3.0740209,0.111287065
122,295,16.1225,3.029391,14.982196,3.1064515,0.4021112
123,47,12.9085865,6.4837227,13.472524,6.6934667,0.078308426
123,67,12.9085865,6.4837227,12.605202,7.15942,0.08905683
123,69,12.9085865,6.4837227,13.379936,6.2177835,0.053560086
123,85,12.9085865,6.4837227,13.103548,6.4074283,0.99999994
123,89,12.9085865,6.4837227,13.309016,6.504718,0.58979064
123,109,12.9085865,6.4837227,13.196549,6.173808,0.12622744
123,117,12.9085865,6.4837227,13.038131,6.4359665,0.66964674
123,119,12.9085865,6.4837227,13.221636,6.3699565,0.068398625
123,145,12.9085865,6.4837227,13.14234,6.421152,0.55250823
123,270,12.9085865,6.4837227,11.867929,7.4553914,0.38987994
123,273,12.9085865,6.4837227,12.629159,7.1099067,0.03467065
123,300,12.9085865,6.4837227,11.239039,7.98846,0.04943517
123,305,12.9085865,6.4837227,8.936306,8.874548,0.049786117
123,329,12.9085865,6.4837227,12.60709,6.7113414,0.32432783
124,2,15.882836,3.3341334,15.707052,3.1367562,0.38612065
124,11,15.882836,3.3341334,15.778077,5.624839,0.013542766
124,22,15.882836,3.3341334,15.136165,3.3466234,0.373884
124,27,15.882836,3.3341334,15.510872,3.2449698,0.9924631
124,37,15.882836,3.3341334,16.36117,4.2806263,0.06911899
124,42,15.882836,3.3341334,16.559406,4.417234,0.22651686
124,44,15.882836,3.3341334,15.175603,3.4882746,0.3441883
124,50,15.882836,3.3341334,15.419285,3.6068664,0.27235997
124,66,15.882836,3.3341334,15.794575,3.2184129,0.13282402
124,78,15.882836,3.3341334,16.188915,3.8060684,0.99999994
124,81,15.882836,3.3341334,15.908594,5.075191,0.17570777
124,98,15.882836,3.3341334,15.879808,3.3732815,0.7987212
124,106,15.882836,3.3341334,15.7255,3.0879033,0.5590306
124,113,15.882836,3.3341334,14.840921,4.168203,0.14558448
124,120,15.882836,3.3341334,15.838945,3.2013676,1.0
124,122,15.882836,3.3341334,16.1225,3.029391,0.21090579
124,126,15.882836,3.3341334,16.094965,5.2784967,0.16954096
124,128,15.882836,3.3341334,15.6863575,3.4855988,0.7415487
124,134,15.882836,3.3341334,15.589219,3.0729659,0.17898507
124,142,15.882836,3.3341334,16.585289,4.503644,0.033814747
124,143,15.882836,3.3341334,16.018915,5.126608,0.12477597
125,11,12.722302,6.6488137,15.778077,5.624839,0.117955364
125,36,12.722302,6.6488137,13.451883,5.7622633,0.16125913
125,47,12.722302,6.6488137,13.472524,6.6934667,0.1869702
125,49,12.722302,6.6488137,13.812493,5.420563,0.37228042
125,51,12.722302,6.6488137,13.597736,5.5705075,0.30940422
125,73,12.722302,6.6488137,13.28345,6.3125863,0.35794747
125,79,12.722302,6.6488137,14.657774,6.8561397,0.55529636
125,113,12.722302,6.6488137,14.840921,4.168203,0.16815695
125,117,12.722302,6.6488137,13.038131,6.4359665,0.31215215
125,119,12.722302,6.6488137,13.221636,6.3699565,0.15019962
125,145,12.722302,6.6488137,13.14234,6.421152,0.119393766
125,268,12.722302,6.6488137,11.779941,7.5773644,0.2705181
125,324,12.722302,6.6488137,12.118129,7.3273463,1.0
125,329,12.722302,6.6488137,12.60709,6.7113414,1.0
126,3,16.094965,5.2784967,15.894841,5.697082,0.99999994
126,11,16.094965,5.2784967,15.778077,5.624839,0.61786985
126,17,16.094965,5.2784967,15.6127,5.874114,0.09442107
126,20,16.094965,5.2784967,15.821183,5.782571,0.09658015
126,42,16.094965,5.2784967,16.559406,4.417234,0.49816066
126,46,16.094965,5.2784967,16.707176,4.4338675,0.29819763
126,53,16.094965,5.2784967,15.71757,5.712427,0.39498395
126,64,16.094965,5.2784967,15.993426,5.5977764,0.1752147
126,68,16.094965,5.2784967,16.56853,4.4476047,0.063386366
126,76,16.094965,5.2784967,15.648533,5.6343913,0.11692033
126,78,16.094965,5.2784967,16.188915,3.8060684,0.3774876
126,81,16.094965,5.2784967,15.908594,5.075191,1.0
126,83,16.094965,5.2784967,15.560263,5.4497786,0.32824594
126,84,16.094965,5.2784967,16.458075,4.69086,0.3856495
126,90,16.094965,5.2784967,15.729098,5.3084464,0.5033041
126,94,16.094965,5.2784967,16.484617,4.8244367,0.30715623
126,98,16.094965,5.2784967,15.879808,3.3732815,0.07867377
126,115,16.094965,5.2784967,15.668841,6.0939245,0.08609449
126,124,16.094965,5.2784967,15.882836,3.3341334,0.16954096
126,142,16.094965,5.2784967,16.585289,4.503644,0.63592666
126,143,16.094965,5.2784967,16.018915,5.126608,0.69542396
127,6,13.801784,6.1970916,13.874642,6.392067,0.52936554
127,36,13.801784,6.1970916,13.451883,5.7622633,0.096178204
127,40,13.801784,6.1970916,13.916756,6.079166,0.33647773
127,45,13.801784,6.1970916,14.047236,5.819297,0.10446153
127,63,13.801784,6.1970916,13.671841,6.6903467,0.14121112
127,77,13.801784,6.1970916,15.414035,6.1223645,0.27606162
127,85,13.801784,6.1970916,13.103548,6.4074283,0.3088335
127,89,13.801784,6.1970916,13.309016,6.504718,0.2547455
127,91,13.801784,6.1970916,13.734269,6.176937,1.0
127,95,13.801784,6.1970916,13.822261,6.726739,0.0539923
127,119,13.801784,6.1970916,13.221636,6.3699565,0.19578536
127,121,13.801784,6.1970916,13.487824,6.081827,0.24088518
127,133,13.801784,6.1970916,13.742266,5.8104906,0.44386342
127,140,13.801784,6.1970916,13.917581,5.8644834,0.32805723
127,145,13.801784,6.1970916,13.14234,6.421152,0.11343664
128,1,15.6863575,3.4855988,15.266301,3.6584642,0.11925615
128,5,15.6863575,3.4855988,15.305141,4.107536,0.17382216
128,10,15.6863575,3.4855988,15.922818,4.3705916,0.33966434
128,19,15.6863575,3.4855988,15.391574,3.9879377,0.0971699
128,22,15.6863575,3.4855988,15.136165,3.3466234,0.16329423
128,27,15.6863575,3.4855988,15.510872,3.2449698,0.6077205
128,35,15.6863575,3.4855988,16.55506,4.039317,0.1799204
128,42,15.6863575,3.4855988,16.559406,4.417234,0.23852336
128,44,15.6863575,3.4855988,15.175603,3.4882746,0.7417848
128,50,15.6863575,3.4855988,15.419285,3.6068664,1.0
128,56,15.6863575,3.4855988,15.941432,3.7150114,0.53507775
128,68,15.6863575,3.4855988,16.56853,4.4476047,0.075435504
128,78,15.6863575,3.4855988,16.188915,3.8060684,0.5697435
128,88,15.6863575,3.4855988,17.17855,3.7728508,0.33656156
128,102,15.6863575,3.4855988,16.767818,3.171738,0.12384457
128,106,15.6863575,3.4855988,15.7255,3.0879033,0.0629166
128,114,15.6863575,3.4855988,17.100594,3.535668,0.11743512
128,120,15.6863575,3.4855988,15.838945,3.2013676,0.47134978
128,122,15.6863575,3.4855988,16.1225,3.029391,0.085336536
128,124,15.6863575,3.4855988,15.882836,3.3341334,0.7415487
128,132,15.6863575,3.4855988,16.931337,3.4641514,0.07241974
128,135,15.6863575,3.4855988,15.110462,3.233726,0.15003963
128,137,15.6863575,3.4855988,15.26551,3.220892,0.114210986
128,141,15.6863575,3.4855988,15.905699,4.6038647,0.15413295
128,144,15.6863575,3.4855988,16.444502,3.9390907,0.12857614
129,1,14.923138,3.6184957,15.266301,3.6584642,0.62302774
129,36,14.923138,3.6184957,13.451883,5.7622633,0.12603731
129,44,14.923138,3.6184957,15.175603,3.4882746,0.07912203
129,49,14.923138,3.6184957,13.812493,5.420563,0.20591266
129,50,14.923138,3.6184957,15.419285,3.6068664,0.07723376
129,57,14.923138,3.6184957,13.59147,5.6379805,0.5451208
129,59,14.923138,3.6184957,13.512716,5.5944304,1.0
129,65,14.923138,3.6184957,13.851391,5.40377,0.22210133
129,66,14.923138,3.6184957,15.794575,3.2184129,0.16114172
129,70,14.923138,3.6184957,15.20802,3.2311814,0.5970222
129,87,14.923138,3.6184957,13.976116,5.8084116,0.028747367
129,100,14.923138,3.6184957,15.903963,3.4997058,0.11791473
129,104,14.923138,3.6184957,16.05353,3.621021,0.14998218
129,109,14.923138,3.6184957,13.196549,6.173808,0.053821493
129,133,14.923138,3.6184957,13.742266,5.8104906,0.18670623
129,135,14.923138,3.6184957,15.110462,3.233726,0.11301425
129,137,14.923138,3.6184957,15.26551,3.220892,0.88633054
130,13,17.016212,3.9744334,16.40803,4.2790794,0.052904524
130,29,17.016212,3.9744334,16.806524,3.8620708,0.7973284
130,35,17.016212,3.9744334,16.55506,4.039317,0.078833126
130,37,17.016212,3.9744334,16.36117,4.2806263,0.108413465
130,42,17.016212,3.9744334,16.559406,4.417234,0.4328388
130,46,17.016212,3.9744334,16.707176,4.4338675,0.4608722
130,48,17.016212,3.9744334,16.956327,3.9141984,0.43539897
130,54,17.016212,3.9744334,17.177324,3.5293534,0.1725756
130,58,17.016212,3.9744334,17.097322,3.25067,0.09441177
130,60,17.016212,3.9744334,16.943491,3.537263,0.17710705
130,62,17.016212,3.9744334,17.146248,3.4947739,0.29068205
130,74,17.016212,3.9744334,17.241394,3.8301194,1.0
130,78,17.016212,3.9744334,16.188915,3.8060684,0.42115164
130,86,17.016212,3.9744334,17.123978,3.799034,0.091537096
130,88,17.016212,3.9744334,17.17855,3.7728508,0.61250323
130,98,17.016212,3.9744334,15.879808,3.3732815,0.03131659
130,112,17.016212,3.9744334,17.088646,3.7765756,0.6153667
130,114,17.016212,3.9744334,17.100594,3.535668,0.6701946
130,120,17.016212,3.9744334,15.838945,3.2013676,0.040183406
130,138,17.016212,3.9744334,16.883184,3.2108912,0.272561
130,142,17.016212,3.9744334,16.585289,4.503644,0.30986524
131,4,14.343221,6.7143393,14.83223,6.815573,0.06970404
131,8,14.343221,6.7143393,14.886539,6.7756934,0.09513397
131,9,14.343221,6.7143393,14.9646225,6.6895537,0.09374307
131,12,14.343221,6.7143393,13.987937,6.9974027,0.15542395
131,30,14.343221,6.7143393,14.584833,6.9311748,0.53080547
131,31,14.343221,6.7143393,15.041691,6.561837,0.15894224
131,43,14.343221,6.7143393,14.303883,7.1082454,0.12120289
131,47,14.343221,6.7143393,13.472524,6.6934667,1.0
131,55,14.343221,6.7143393,14.295579,7.052556,0.2579023
131,63,14.343221,6.7143393,13.671841,6.6903467,0.15756981
131,73,14.343221,6.7143393,13.28345,6.3125863,0.21343532
131,79,14.343221,6.7143393,14.657774,6.8561397,0.44491646
131,89,14.343221,6.7143393,13.309016,6.504718,0.14333619
131,95,14.343221,6.7143393,13.822261,6.726739,0.10663683
131,101,14.343221,6.7143393,15.106907,6.5211177,0.11840497
131,107,14.343221,6.7143393,13.571477,6.76282,0.42068377
131,108,14.343221,6.7143393,14.792871,6.8462114,0.24973778
131,111,14.343221,6.7143393,15.167303,6.4741163,0.68341565
131,115,14.343221,6.7143393,15.668841,6.0939245,0.21493293
131,119,14.343221,6.7143393,13.221636,6.3699565,0.556282
131,145,14.343221,6.7143393,13.14234,6.421152,0.092045166
132,25,16.931337,3.4641514,15.395929,3.7028267,0.18431033
132,39,16.931337,3.4641514,16.94614,3.210988,0.22353779
132,52,16.931337,3.4641514,17.149202,3.1248376,0.09426507
132,54,16.931337,3.4641514,17.177324,3.5293534,0.5015829
132,56,16.931337,3.4641514,15.941432,3.7150114,0.94070256
132,60,16.931337,3.4641514,16.943491,3.537263,0.14967373
132,62,16.931337,3.4641514,17.146248,3.4947739,0.14583433
132,72,16.931337,3.4641514,17.05456,3.5839388,1.0
132,86,16.931337,3.4641514,17.123978,3.799034,0.14377436
132,88,16.931337,3.4641514,17.17855,3.7728508,0.37173197
132,92,16.931337,3.4641514,17.307775,3.1091948,0.06739946
132,96,16.931337,3.4641514,17.072208,3.1358078,0.7196002
132,102,16.931337,3.4641514,16.767818,3.171738,0.4264956
132,112,16.931337,3.4641514,17.088646,3.7765756,0.43546173
132,114,16.931337,3.4641514,17.100594,3.535668,0.249363
132,118,16.931337,3.4641514,17.330046,3.2721527,0.26248077
132,128,16.931337,3.4641514,15.6863575,3.4855988,0.07241974
132,136,16.931337,3.4641514,17.325098,3.1879952,0.14087172
132,144,16.931337,3.4641514,16.444502,3.9390907,0.3011935
133,34,13.742266,5.8104906,14.118809,5.8826885,0.08633108
133,36,13.742266,5.8104906,13.451883,5.7622633,0.14683852
133,40,13.742266,5.8104906,13.916756,6.079166,0.13228223
133,45,13.742266,5.8104906,14.047236,5.819297,0.16023028
133,57,13.742266,5.8104906,13.59147,5.6379805,1.0
133,59,13.742266,5.8104906,13.512716,5.5944304,0.3145084
133,65,13.742266,5.8104906,13.851391,5.40377,0.12019084
133,69,13.742266,5.8104906,13.379936,6.2177835,0.025327949
133,75,13.742266,5.8104906,13.451831,6.1410103,0.24236403
133,85,13.742266,5.8104906,13.103548,6.4074283,0.0834535
133,87,13.742266,5.8104906,13.976116,5.8084116,0.43341988
133,91,13.742266,5.8104906,13.734269,6.176937,0.90821284
133,109,13.742266,5.8104906,13.196549,6.173808,0.025138048
133,121,13.742266,5.8104906,13.487824,6.081827,0.80772865
133,127,13.742266,5.8104906,13.801784,6.1970916,0.44386342
133,129,13.742266,5.8104906,14.923138,3.6184957,0.18670623
133,140,13.742266,5.8104906,13.917581,5.8644834,0.7891952
134,2,15.589219,3.0729659,15.707052,3.1367562,0.43546495
134,27,15.589219,3.0729659,15.510872,3.2449698,0.17929727
134,44,15.589219,3.0729659,15.175603,3.4882746,0.09095704
134,50,15.589219,3.0729659,15.419285,3.6068664,0.088706724
134,66,15.589219,3.0729659,15.794575,3.2184129,1.0
134,70,15.589219,3.0729659,15.20802,3.2311814,0.5685555
134,100,15.589219,3.0729659,15.903963,3.4997058,0.23600194
134,104,15.589219,3.0729659,16.05353,3.621021,0.24211855
134,106,15.589219,3.0729659,15.7255,3.0879033,0.6154032
134,120,15.589219,3.0729659,15.838945,3.2013676,0.51812816
134,122,15.589219,3.0729659,16.1225,3.029391,0.36751467
134,124,15.589219,3.0729659,15.882836,3.3341334,0.17898507
134,135,15.589219,3.0729659,15.110462,3.233726,0.4572274
134,137,15.589219,3.0729659,15.26551,3.220892,0.4817618
134,287,15.589219,3.0729659,14.858063,3.0740209,0.060030576
134,295,15.589219,3.0729659,14.982196,3.1064515,0.34975994
134,297,15.589219,3.0729659,14.895696,3.0403945,0.16685557
134,319,15.589219,3.0729659,14.898819,3.1871645,0.23602885
135,1,15.110462,3.233726,15.266301,3.6584642,0.36265332
135,7,15.110462,3.233726,15.070056,3.4102123,0.37041792
135,19,15.110462,3.233726,15.391574,3.9879377,0.098686054
135,22,15.110462,3.233726,15.136165,3.3466234,0.2986694
135,25,15.110462,3.233726,15.395929,3.7028267,0.1377921
135,27,15.110462,3.233726,15.510872,3.2449698,0.29202196
135,44,15.110462,3.233726,15.175603,3.4882746,1.0
135,50,15.110462,3.233726,15.419285,3.6068664,0.7911402
135,56,15.110462,3.233726,15.941432,3.7150114,0.03165816
135,66,15.110462,3.233726,15.794575,3.2184129,0.11833518
135,70,15.110462,3.233726,15.20802,3.2311814,0.4637221
135,106,15.110462,3.233726,15.7255,3.0879033,0.047877714
135,116,15.110462,3.233726,15.289759,3.8223827,0.16783072
135,120,15.110462,3.233726,15.838945,3.2013676,0.118341975
135,128,15.110462,3.233726,15.6863575,3.4855988,0.15003963
135,129,15.110462,3.233726,14.923138,3.6184957,0.11301425
135,134,15.110462,3.233726,15.589219,3.0729659,0.4572274
135,137,15.110462,3.233726,15.26551,3.220892,0.6281136
135,285,15.110462,3.233726,14.941929,3.3801575,0.62247145
135,287,15.110462,3.233726,14.858063,3.0740209,0.08870641
135,295,15.110462,3.233726,14.982196,3.1064515,0.5856973
135,297,15.110462,3.233726,14.895696,3.0403945,0.53148675
135,319,15.110462,3.233726,14.898819,3.1871645,0.7905407
136,39,17.325098,3.1879952,16.94614,3.210988,0.12716581
136,52,17.325098,3.1879952,17.149202,3.1248376,0.14685056
136,54,17.325098,3.1879952,17.177324,3.5293534,0.23729065
136,60,17.325098,3.1879952,16.943491,3.537263,0.28735206
136,62,17.325098,3.1879952,17.146248,3.4947739,0.34232455
136,72,17.325098,3.1879952,17.05456,3.5839388,0.21794748
136,74,17.325098,3.1879952,17.241394,3.8301194,0.23999256
136,86,17.325098,3.1879952,17.123978,3.799034,0.23043743
136,92,17.325098,3.1879952,17.307775,3.1091948,0.7119168
136,96,17.325098,3.1879952,17.072208,3.1358078,0.15425286
136,112,17.325098,3.1879952,17.088646,3.7765756,0.17822783
136,114,17.325098,3.1879952,17.100594,3.535668,0.13355097
136,118,17.325098,3.1879952,17.330046,3.2721527,1.0
136,132,17.325098,3.1879952,16.931337,3.4641514,0.14087172
137,1,15.26551,3.220892,15.266301,3.6584642,0.59553677
137,27,15.26551,3.220892,15.510872,3.2449698,0.11163596
137,44,15.26551,3.220892,15.175603,3.4882746,0.2670239
137,50,15.26551,3.220892,15.419285,3.6068664,0.29905614
137,56,15.26551,3.220892,15.941432,3.7150114,0.12409042
137,59,15.26551,3.220892,13.512716,5.5944304,0.23779047
137,66,15.26551,3.220892,15.794575,3.2184129,0.43667403
137,70,15.26551,3.220892,15.20802,3.2311814,1.0
137,100,15.26551,3.220892,15.903963,3.4997058,0.163386
137,104,15.26551,3.220892,16.05353,3.621021,0.24963135
137,128,15.26551,3.220892,15.6863575,3.4855988,0.114210986
137,129,15.26551,3.220892,14.923138,3.6184957,0.88633054
137,134,15.26551,3.220892,15.589219,3.0729659,0.4817618
137,135,15.26551,3.220892,15.110462,3.233726,0.6281136
137,285,15.26551,3.220892,14.941929,3.3801575,0.053210117
137,297,15.26551,3.220892,14.895696,3.0403945,0.30303425
137,319,15.26551,3.220892,14.898819,3.1871645,0.2797733
138,29,16.883184,3.2108912,16.806524,3.8620708,0.40385494
138,39,16.883184,3.2108912,16.94614,3.210988,0.32348844
138,54,16.883184,3.2108912,17.177324,3.5293534,0.10656976
138,58,16.883184,3.2108912,17.097322,3.25067,0.19631872
138,60,16.883184,3.2108912,16.943491,3.537263,0.345245
138,62,16.883184,3.2108912,17.146248,3.4947739,1.0
138,74,16.883184,3.2108912,17.241394,3.8301194,0.11294273
138,88,16.883184,3.2108912,17.17855,3.7728508,0.10745147
138,96,16.883184,3.2108912,17.072208,3.1358078,0.008121619
138,110,16.883184,3.2108912,16.660141,3.0754921,0.77062553
138,112,16.883184,3.2108912,17.088646,3.7765756,0.13929476
138,114,16.883184,3.2108912,17.100594,3.535668,0.3257842
138,118,16.883184,3.2108912,17.330046,3.2721527,0.07302102
138,120,16.883184,3.2108912,15.838945,3.2013676,0.11371246
138,122,16.883184,3.2108912,16.1225,3.029391,0.8974694
138,130,16.883184,3.2108912,17.016212,3.9744334,0.272561
139,0,15.143096,5.0351653,15.115076,4.8807416,0.99999994
139,5,15.143096,5.0351653,15.305141,4.107536,0.20467107
139,15,15.143096,5.0351653,15.440327,4.5107145,0.12234271
139,16,15.143096,5.0351653,15.425052,4.782604,0.5682186
139,18,15.143096,5.0351653,15.294312,4.773344,0.4432109
139,21,15.143096,5.0351653,14.901718,4.8026524,0.6687611
139,24,15.143096,5.0351653,14.873818,4.9400826,0.24744856
139,26,15.143096,5.0351653,15.332634,4.5654902,0.029596105
139,28,15.143096,5.0351653,14.637636,5.089697,0.4160034
139,32,15.143096,5.0351653,14.766539,4.6674213,0.13938104
139,33,15.143096,5.0351653,15.418711,4.7519274,0.2725074
139,41,15.143096,5.0351653,14.864813,4.7308,0.3336765
139,44,15.143096,5.0351653,15.175603,3.4882746,0.10091326
139,65,15.143096,5.0351653,13.851391,5.40377,0.16850737
139,71,15.143096,5.0351653,15.468621,5.8995986,0.13329624
139,76,15.143096,5.0351653,15.648533,5.6343913,0.28185943
139,81,15.143096,5.0351653,15.908594,5.075191,0.22087504
139,82,15.143096,5.0351653,15.385485,6.0028963,0.0015708355
139,83,15.143096,5.0351653,15.560263,5.4497786,0.6142776
139,90,15.143096,5.0351653,15.729098,5.3084464,0.4768612
139,99,15.143096,5.0351653,15.017318,4.9063387,1.0
139,113,15.143096,5.0351653,14.840921,4.168203,0.103549756
139,141,15.143096,5.0351653,15.905699,4.6038647,0.25958988
140,6,13.917581,5.8644834,13.874642,6.392067,0.14088035
140,18,13.917581,5.8644834,15.294312,4.773344,0.16572978
140,34,13.917581,5.8644834,14.118809,5.8826885,0.3294708
140,36,13.917581,5.8644834,13.451883,5.7622633,0.101276465
140,40,13.917581,5.8644834,13.916756,6.079166,0.80451965
140,45,13.917581,5.8644834,14.047236,5.819297,1.0
140,51,13.917581,5.8644834,13.597736,5.5705075,0.09123996
140,57,13.917581,5.8644834,13.59147,5.6379805,0.36076424
140,59,13.917581,5.8644834,13.512716,5.5944304,0.086815245
140,61,13.917581,5.8644834,14.101177,5.551539,0.5021039
140,65,13.917581,5.8644834,13.851391,5.40377,0.4111904
140,77,13.917581,5.8644834,15.414035,6.1223645,0.046436712
140,82,13.917581,5.8644834,15.385485,6.0028963,0.23143181
140,87,13.917581,5.8644834,13.976116,5.8084116,1.0
140,91,13.917581,5.8644834,13.734269,6.176937,0.47075152
140,97,13.917581,5.8644834,15.111745,6.446305,0.11634293
140,121,13.917581,5.8644834,13.487824,6.081827,0.22071016
140,127,13.917581,5.8644834,13.801784,6.1970916,0.32805723
140,133,13.917581,5.8644834,13.742266,5.8104906,0.7891952
141,0,15.905699,4.6038647,15.115076,4.8807416,0.024152262
141,5,15.905699,4.6038647,15.305141,4.107536,0.04971719
141,10,15.905699,4.6038647,15.922818,4.3705916,0.86177623
141,13,15.905699,4.6038647,16.40803,4.2790794,0.938183
141,15,15.905699,4.6038647,15.440327,4.5107145,0.21645585
141,16,15.905699,4.6038647,15.425052,4.782604,0.81791794
141,20,15.905699,4.6038647,15.821183,5.782571,0.21507894
141,23,15.905699,4.6038647,15.50172,4.533846,0.21036574
141,26,15.905699,4.6038647,15.332634,4.5654902,0.05029952
141,33,15.905699,4.6038647,15.418711,4.7519274,0.5228575
141,35,15.905699,4.6038647,16.55506,4.039317,0.66081756
141,37,15.905699,4.6038647,16.36117,4.2806263,0.4875885
141,42,15.905699,4.6038647,16.559406,4.417234,0.2602947
141,46,15.905699,4.6038647,16.707176,4.4338675,0.065829664
141,64,15.905699,4.6038647,15.993426,5.5977764,0.090308316
141,76,15.905699,4.6038647,15.648533,5.6343913,0.28754917
141,81,15.905699,4.6038647,15.908594,5.075191,1.0
141,90,15.905699,4.6038647,15.729098,5.3084464,0.056920834
141,99,15.905699,4.6038647,15.017318,4.9063387,0.066556305
141,128,15.905699,4.6038647,15.6863575,3.4855988,0.15413295
141,139,15.905699,4.6038647,15.143096,5.0351653,0.25958988
142,29,16.585289,4.503644,16.806524,3.8620708,0.9701966
142,42,16.585289,4.503644,16.559406,4.417234,1.0
142,46,16.585289,4.503644,16.707176,4.4338675,0.6819836
142,60,16.585289,4.503644,16.943491,3.537263,0.11654532
142,68,16.585289,4.503644,16.56853,4.4476047,0.28733674
142,78,16.585289,4.503644,16.188915,3.8060684,0.72995394
142,81,16.585289,4.503644,15.908594,5.075191,0.028038718
142,84,16.585289,4.503644,16.458075,4.69086,0.99999994
142,94,16.585289,4.503644,16.484617,4.8244367,0.559905
142,100,16.585289,4.503644,15.903963,3.4997058,0.18095647
142,104,16.585289,4.503644,16.05353,3.621021,0.16344929
142,112,16.585289,4.503644,17.088646,3.7765756,0.032357533
142,120,16.585289,4.503644,15.838945,3.2013676,0.021937827
142,124,16.585289,4.503644,15.882836,3.3341334,0.033814747
142,126,16.585289,4.503644,16.094965,5.2784967,0.63592666
142,130,16.585289,4.503644,17.016212,3.9744334,0.30986524
142,143,16.585289,4.503644,16.018915,5.126608,0.260446
143,3,16.018915,5.126608,15.894841,5.697082,0.0037452588
143,11,16.018915,5.126608,15.778077,5.624839,0.03207107
143,18,16.018915,5.126608,15.294312,4.773344,0.0259339
143,36,16.018915,5.126608,13.451883,5.7622633,0.102823764
143,42,16.018915,5.126608,16.559406,4.417234,0.17668453
143,53,16.018915,5.126608,15.71757,5.712427,0.30465877
143,65,16.018915,5.126608,13.851391,5.40377,0.39476144
143,66,16.018915,5.126608,15.794575,3.2184129,0.13487835
143,68,16.018915,5.126608,16.56853,4.4476047,0.2548235
143,76,16.018915,5.126608,15.648533,5.6343913,0.12232154
143,78,16.018915,5.126608,16.188915,3.8060684,0.18291894
143,81,16.018915,5.126608,15.908594,5.075191,0.30620342
143,83,16.018915,5.126608,15.560263,5.4497786,0.40035853
143,84,16.018915,5.126608,16.458075,4.69086,0.27623942
143,90,16.018915,5.126608,15.729098,5.3084464,1.0
143,94,16.018915,5.126608,16.484617,4.8244367,0.39656594
143,100,16.018915,5.126608,15.903963,3.4997058,0.27941063
143,104,16.018915,5.126608,16.05353,3.621021,0.17840917
143,124,16.018915,5.126608,15.882836,3.3341334,0.12477597
143,126,16.018915,5.126608,16.094965,5.2784967,0.69542396
143,142,16.018915,5.126608,16.585289,4.503644,0.260446
144,10,16.444502,3.9390907,15.922818,4.3705916,1.0
144,19,16.444502,3.9390907,15.391574,3.9879377,0.09464178
144,42,16.444502,3.9390907,16.559406,4.417234,0.14889935
144,46,16.444502,3.9390907,16.707176,4.4338675,0.11853544
144,50,16.444502,3.9390907,15.419285,3.6068664,0.09077976
144,56,16.444502,3.9390907,15.941432,3.7150114,1.0
144,68,16.444502,3.9390907,16.56853,4.4476047,1.0
144,72,16.444502,3.9390907,17.05456,3.5839388,0.48318928
144,78,16.444502,3.9390907,16.188915,3.8060684,0.059152864
144,86,16.444502,3.9390907,17.123978,3.799034,0.34661183
144,88,16.444502,3.9390907,17.17855,3.7728508,0.2849081
144,94,16.444502,3.9390907,16.484617,4.8244367,0.28849167
144,104,16.444502,3.9390907,16.05353,3.621021,0.15351324
144,112,16.444502,3.9390907,17.088646,3.7765756,0.3965242
144,128,16.444502,3.9390907,15.6863575,3.4855988,0.12857614
144,132,16.444502,3.9390907,16.931337,3.4641514,0.3011935
145,36,13.14234,6.421152,13.451883,5.7622633,0.39714575
145,47,13.14234,6.421152,13.472524,6.6934667,0.42182934
145,51,13.14234,6.421152,13.597736,5.5705075,0.13388231
145,57,13.14234,6.421152,13.59147,5.6379805,0.13103054
145,63,13.14234,6.421152,13.671841,6.6903467,0.11506979
145,69,13.14234,6.421152,13.379936,6.2177835,0.25885093
145,73,13.14234,6.421152,13.28345,6.3125863,0.24091296
145,85,13.14234,6.421152,13.103548,6.4074283,0.80028194
145,89,13.14234,6.421152,13.309016,6.504718,0.503667
145,91,13.14234,6.421152,13.734269,6.176937,0.30054265
145,107,13.14234,6.421152,13.571477,6.76282,0.21679005
145,109,13.14234,6.421152,13.196549,6.173808,0.4924214
145,117,13.14234,6.421152,13.038131,6.4359665,1.0
145,119,13.14234,6.421152,13.221636,6.3699565,1.0
145,121,13.14234,6.421152,13.487824,6.081827,0.25414822
145,123,13.14234,6.421152,12.9085865,6.4837227,0.55250823
145,125,13.14234,6.421152,12.722302,6.6488137,0.119393766
145,127,13.14234,6.421152,13.801784,6.1970916,0.11343664
145,131,13.14234,6.421152,14.343221,6.7143393,0.092045166
145,329,13.14234,6.421152,12.60709,6.7113414,0.20124367
146,148,-2.1911726,-0.23753275,-2.9565227,0.2818554,0.10029303
146,151,-2.1911726,-0.23753275,-2.3469698,-0.08410073,1.0
146,154,-2.1911726,-0.23753275,-1.5480418,-0.30549943,0.31526583
146,158,-2.1911726,-0.23753275,-2.2477624,0.33348188,0.5407441
146,162,-2.1911726,-0.23753275,-1.6188534,-0.5244038,0.0490361
146,183,-2.1911726,-0.23753275,-1.7137109,-0.48150733,0.2954467
146,185,-2.1911726,-0.23753275,-1.7003077,-0.5243828,0.06294753
146,187,-2.1911726,-0.23753275,-1.9954306,-0.46412537,0.51758933
146,191,-2.1911726,-0.23753275,-1.9472992,-0.5304848,0.28872976
146,197,-2.1911726,-0.23753275,-2.139243,-0.3859124,0.12034519
146,201,-2.1911726,-0.23753275,-1.6588452,-0.46502566,0.12675852
146,205,-2.1911726,-0.23753275,-1.8222362,-0.6042134,0.28419536
146,207,-2.1911726,-0.23753275,-2.197802,-0.2021033,0.4397069
146,220,-2.1911726,-0.23753275,-2.8782637,0.27514458,0.15358628
146,222,-2.1911726,-0.23753275,-2.1940608,0.4782365,0.19677241
146,228,-2.1911726,-0.23753275,-2.1859515,0.44296357,0.34187707
146,257,-2.1911726,-0.23753275,-2.238047,-0.13998601,0.12413768
147,178,-3.2803864,4.7207294,-3.6784446,4.9375067,0.11794226
147,186,-3.2803864,4.7207294,-3.002497,4.4003367,0.473692
147,189,-3.2803864,4.7207294,-3.1334293,4.192225,0.076152585
147,192,-3.2803864,4.7207294,-3.412911,4.27756,0.20902868
147,204,-3.2803864,4.7207294,-3.1951938,3.911171,0.056628115
147,208,-3.2803864,4.7207294,-3.5174038,4.971948,0.22127916
147,210,-3.2803864,4.7207294,-3.3373265,4.7784023,0.99999994
147,211,-3.2803864,4.7207294,-3.0988684,4.6563773,1.0
147,219,-3.2803864,4.7207294,-3.0195208,4.549643,0.76410747
147,227,-3.2803864,4.7207294,-3.3968978,4.1560464,0.07505944
147,229,-3.2803864,4.7207294,-3.532561,4.8545403,0.34938517
147,233,-3.2803864,4.7207294,-3.5823464,4.8705993,0.3480677
147,235,-3.2803864,4.7207294,-3.5226483,4.7654614,0.17962348
147,237,-3.2803864,4.7207294,-2.9243484,4.3254666,0.37058592
147,243,-3.2803864,4.7207294,-3.6018226,4.3871746,0.03893546
147,245,-3.2803864,4.7207294,-3.725524,5.0086837,0.057012904
147,254,-3.2803864,4.7207294,-3.061753,4.611702,0.6576984
147,256,-3.2803864,4.7207294,-3.5174954,4.765926,1.0
147,258,-3.2803864,4.7207294,-3.6444798,4.9068184,0.2030495
147,259,-3.2803864,4.7207294,-2.7058036,4.4101176,0.013976091
147,262,-3.2803864,4.7207294,-2.9409359,4.062905,0.07057127
148,146,-2.9565227,0.2818554,-2.1911726,-0.23753275,0.10029303
148,151,-2.9565227,0.2818554,-2.3469698,-0.08410073,0.3503741
148,160,-2.9565227,0.2818554,-2.0162652,-0.5331736,0.16591564
148,164,-2.9565227,0.2818554,-2.8519833,0.87756276,0.100130714
148,168,-2.9565227,0.2818554,-2.3256023,-0.3000047,0.27083746
148,173,-2.9565227,0.2818554,-2.9656923,0.39677954,1.0
148,191,-2.9565227,0.2818554,-1.9472992,-0.5304848,0.098232366
148,195,-2.9565227,0.2818554,-2.7491944,0.68883324,0.12150009
148,207,-2.9565227,0.2818554,-2.197802,-0.2021033,0.12162831
148,220,-2.9565227,0.2818554,-2.8782637,0.27514458,0.82408947
148,224,-2.9565227,0.2818554,-3.0224452,0.4672552,0.80280465
148,226,-2.9565227,0.2818554,-2.9284673,0.73739946,0.23369837
148,232,-2.9565227,0.2818554,-2.7760918,0.7647312,0.14898866
148,242,-2.9565227,0.2818554,-3.0334263,0.34739116,0.5802297
149,157,-2.691614,3.7652392,-2.3995516,3.7320602,0.31406608
149,159,-2.691614,3.7652392,-2.5006318,3.3382099,0.48057246
149,161,-2.691614,3.7652392,-2.603429,3.99445,1.0
149,163,-2.691614,3.7652392,-2.5957668,4.226711,0.31123665
149,165,-2.691614,3.7652392,-2.8984485,3.0543184,0.18894272
149,166,-2.691614,3.7652392,-2.815415,3.368522,0.99999994
149,172,-2.691614,3.7652392,-2.4026453,3.3124347,0.5724368
149,174,-2.691614,3.7652392,-2.9206898,3.820432,1.0
149,186,-2.691614,3.7652392,-3.002497,4.4003367,0.08647569
149,189,-2.691614,3.7652392,-3.1334293,4.192225,0.21693033
149,204,-2.691614,3.7652392,-3.1951938,3.911171,0.35412347
149,213,-2.691614,3.7652392,-3.1841474,3.6991189,0.5018323
149,221,-2.691614,3.7652392,-2.7847347,4.317929,0.12485123
149,225,-2.691614,3.7652392,-3.2209542,4.103638,0.23786536
149,231,-2.691614,3.7652392,-2.9083962,3.1336663,0.08210226
149,237,-2.691614,3.7652392,-2.9243484,4.3254666,0.09296328
149,250,-2.691614,3.7652392,-3.3714726,4.1105213,0.21192387
149,252,-2.691614,3.7652392,-2.2144618,3.2720413,0.12466675
149,259,-2.691614,3.7652392,-2.7058036,4.4101176,0.012400949
149,262,-2.691614,3.7652392,-2.9409359,4.062905,0.54592025
149,264,-2.691614,3.7652392,-2.2625792,3.472551,0.18895909
150,153,-2.4442887,3.034656,-2.4278605,2.4069288,0.15054849
150,155,-2.4442887,3.034656,-2.3040988,2.4011796,0.16173588
150,159,-2.4442887,3.034656,-2.5006318,3.3382099,0.46016508
150,165,-2.4442887,3.034656,-2.8984485,3.0543184,0.09989
150,166,-2.4442887,3.034656,-2.815415,3.368522,0.2396075
150,171,-2.4442887,3.034656,-2.4067094,2.227349,0.19147448
150,172,-2.4442887,3.034656,-2.4026453,3.3124347,0.9546717
150,179,-2.4442887,3.034656,-2.8854132,2.74445,0.23543984
150,184,-2.4442887,3.034656,-2.1831021,3.2556677,0.1412698
150,196,-2.4442887,3.034656,-2.779299,2.9905863,0.84062624
150,206,-2.4442887,3.034656,-2.5055654,2.5743656,0.24888788
150,217,-2.4442887,3.034656,-2.4177387,2.4415233,1.0
150,231,-2.4442887,3.034656,-2.9083962,3.1336663,0.09521475
150,234,-2.4442887,3.034656,-2.6137102,1.9876428,0.07592993
150,252,-2.4442887,3.034656,-2.2144618,3.2720413,0.53149843
150,263,-2.4442887,3.034656,-2.2051635,1.6770768,0.25725335
151,146,-2.3469698,-0.08410073,-2.1911726,-0.23753275,1.0
151,148,-2.3469698,-0.08410073,-2.9565227,0.2818554,0.3503741
151,158,-2.3469698,-0.08410073,-2.2477624,0.33348188,0.54697484
151,173,-2.3469698,-0.08410073,-2.9656923,0.39677954,0.26724568
151,183,-2.3469698,-0.08410073,-1.7137109,-0.48150733,0.21856245
151,187,-2.3469698,-0.08410073,-1.9954306,-0.46412537,0.46227843
151,191,-2.3469698,-0.08410073,-1.9472992,-0.5304848,0.26706097
151,195,-2.3469698,-0.08410073,-2.7491944,0.68883324,0.1739221
151,201,-2.3469698,-0.08410073,-1.6588452,-0.46502566,0.051873725
151,205,-2.3469698,-0.08410073,-1.8222362,-0.6042134,0.26216674
151,207,-2.3469698,-0.08410073,-2.197802,-0.2021033,0.43245074
151,220,-2.3469698,-0.08410073,-2.8782637,0.27514458,0.46468145
151,222,-2.3469698,-0.08410073,-2.1940608,0.4782365,0.1710411
151,228,-2.3469698,-0.08410073,-2.1859515,0.44296357,0.40273663
151,232,-2.3469698,-0.08410073,-2.7760918,0.7647312,0.1603031
151,242,-2.3469698,-0.08410073,-3.0334263,0.34739116,0.11849667
151,257,-2.3469698,-0.08410073,-2.238047,-0.13998601,0.13604714
151,260,-2.3469698,-0.08410073,-2.656196,0.7466385,0.13456444
152,164,-2.5411484,0.74578726,-2.8519833,0.87756276,0.94443417
152,167,-2.5411484,0.74578726,-2.3069718,1.148743,0.43834907
152,173,-2.5411484,0.74578726,-2.9656923,0.39677954,0.070421584
152,176,-2.5411484,0.74578726,-1.6349579,-0.018498538,0.17197777
152,177,-2.5411484,0.74578726,-2.6394188,0.94583184,0.7641827
152,195,-2.5411484,0.74578726,-2.7491944,0.68883324,0.56847423
152,197,-2.5411484,0.74578726,-2.139243,-0.3859124,0.058495626
152,199,-2.5411484,0.74578726,-2.4485087,1.2687867,0.12070323
152,203,-2.5411484,0.74578726,-1.6847432,-0.16522591,0.070937656
152,218,-2.5411484,0.74578726,-2.6825361,1.4657509,0.306432
152,220,-2.5411484,0.74578726,-2.8782637,0.27514458,0.12063295
152,222,-2.5411484,0.74578726,-2.1940608,0.4782365,0.23297143
152,226,-2.5411484,0.74578726,-2.9284673,0.73739946,0.2958541
152,228,-2.5411484,0.74578726,-2.1859515,0.44296357,0.34351748
152,232,-2.5411484,0.74578726,-2.7760918,0.7647312,0.19182742
152,236,-2.5411484,0.74578726,-2.534911,0.75457335,1.0
152,238,-2.5411484,0.74578726,-2.3204598,1.0162339,0.8423092
152,242,-2.5411484,0.74578726,-3.0334263,0.34739116,0.07655469
152,249,-2.5411484,0.74578726,-1.6835619,0.17395782,0.1475537
152,251,-2.5411484,0.74578726,-1.6494913,-0.17204246,0.088211484
152,255,-2.5411484,0.74578726,-2.1438177,0.7883047,0.3890061
152,261,-2.5411484,0.74578726,-2.6576474,1.0782357,0.32305077
152,263,-2.5411484,0.74578726,-2.2051635,1.6770768,0.27514836
153,150,-2.4278605,2.4069288,-2.4442887,3.034656,0.15054849
153,155,-2.4278605,2.4069288,-2.3040988,2.4011796,0.71191204
153,165,-2.4278605,2.4069288,-2.8984485,3.0543184,0.2030451
153,169,-2.4278605,2.4069288,-2.2088568,2.4435668,0.2891802
153,171,-2.4278605,2.4069288,-2.4067094,2.227349,0.45625904
153,172,-2.4278605,2.4069288,-2.4026453,3.3124347,0.079930715
153,175,-2.4278605,2.4069288,-2.5474179,2.6782572,1.0
153,179,-2.4278605,2.4069288,-2.8854132,2.74445,0.14088386
153,180,-2.4278605,2.4069288,-2.4741359,3.6703637,0.08925087
153,182,-2.4278605,2.4069288,-2.1933057,2.910613,0.10127933
153,194,-2.4278605,2.4069288,-2.1382248,2.6742835,0.32502362
153,196,-2.4278605,2.4069288,-2.779299,2.9905863,0.088111036
153,200,-2.4278605,2.4069288,-2.2819211,2.336657,0.49531278
153,202,-2.4278605,2.4069288,-2.3200164,2.1485496,0.4366842
153,206,-2.4278605,2.4069288,-2.5055654,2.5743656,1.0
153,215,-2.4278605,2.4069288,-2.322725,2.3334734,0.75440085
153,216,-2.4278605,2.4069288,-2.7205794,2.4953396,0.60101426
153,217,-2.4278605,2.4069288,-2.4177387,2.4415233,0.82489824
153,234,-2.4278605,2.4069288,-2.6137102,1.9876428,0.32038003
153,240,-2.4278605,2.4069288,-2.8298855,2.3116477,0.06753419
153,241,-2.4278605,2.4069288,-2.5468378,1.7144554,0.013155411
153,246,-2.4278605,2.4069288,-2.6040645,2.1879141,0.2345884
153,248,-2.4278605,2.4069288,-2.1934319,3.4007277,0.15155324
154,146,-1.5480418,-0.30549943,-2.1911726,-0.23753275,0.31526583
154,156,-1.5480418,-0.30549943,-1.644658,0.23302247,0.22862637
154,162,-1.5480418,-0.30549943,-1.6188534,-0.5244038,0.7889367
154,170,-1.5480418,-0.30549943,-1.7771993,0.3956613,0.08201647
154,176,-1.5480418,-0.30549943,-1.6349579,-0.018498538,0.29297283
154,183,-1.5480418,-0.30549943,-1.7137109,-0.48150733,1.0
154,185,-1.5480418,-0.30549943,-1.7003077,-0.5243828,0.41279125
154,187,-1.5480418,-0.30549943,-1.9954306,-0.46412537,0.41481772
154,191,-1.5480418,-0.30549943,-1.9472992,-0.5304848,0.24548522
154,197,-1.5480418,-0.30549943,-2.139243,-0.3859124,0.11891437
154,201,-1.5480418,-0.30549943,-1.6588452,-0.46502566,0.7405244
154,203,-1.5480418,-0.30549943,-1.6847432,-0.16522591,0.24870226
154,205,-1.5480418,-0.30549943,-1.8222362,-0.6042134,0.33323666
154,207,-1.5480418,-0.30549943,-2.197802,-0.2021033,0.11269941
154,228,-1.5480418,-0.30549943,-2.1859515,0.44296357,0.12383309
154,251,-1.5480418,-0.30549943,-1.6494913,-0.17204246,0.6013635
155,150,-2.3040988,2.4011796,-2.4442887,3.034656,0.16173588
155,153,-2.3040988,2.4011796,-2.4278605,2.4069288,0.71191204
155,169,-2.3040988,2.4011796,-2.2088568,2.4435668,0.96876204
155,171,-2.3040988,2.4011796,-2.4067094,2.227349,1.0
155,172,-2.3040988,2.4011796,-2.4026453,3.3124347,0.07856972
155,175,-2.3040988,2.4011796,-2.5474179,2.6782572,0.12678349
155,182,-2.3040988,2.4011796,-2.1933057,2.910613,0.09817521
155,184,-2.3040988,2.4011796,-2.1831021,3.2556677,0.26628727
155,194,-2.3040988,2.4011796,-2.1382248,2.6742835,0.7671098
155,200,-2.3040988,2.4011796,-2.2819211,2.336657,0.2286047
155,202,-2.3040988,2.4011796,-2.3200164,2.1485496,0.1636185
155,206,-2.3040988,2.4011796,-2.5055654,2.5743656,0.11683742
155,214,-2.3040988,2.4011796,-2.8145275,1.7525104,0.04025763
155,215,-2.3040988,2.4011796,-2.322725,2.3334734,0.17871414
155,216,-2.3040988,2.4011796,-2.7205794,2.4953396,0.17154692
155,217,-2.3040988,2.4011796,-2.4177387,2.4415233,0.53282934
155,234,-2.3040988,2.4011796,-2.6137102,1.9876428,0.29669216
155,240,-2.3040988,2.4011796,-2.8298855,2.3116477,0.15328366
155,246,-2.3040988,2.4011796,-2.6040645,2.1879141,1.0
155,248,-2.3040988,2.4011796,-2.1934319,3.4007277,0.2599094
155,252,-2.3040988,2.4011796,-2.2144618,3.2720413,0.2125926
155,253,-2.3040988,2.4011796,-2.9528546,2.3172755,0.06711285
155,263,-2.3040988,2.4011796,-2.2051635,1.6770768,0.31798983
155,264,-2.3040988,2.4011796,-2.2625792,3.472551,0.14204843
156,154,-1.644658,0.23302247,-1.5480418,-0.30549943,0.22862637
156,162,-1.644658,0.23302247,-1.6188534,-0.5244038,0.24337871
156,170,-1.644658,0.23302247,-1.7771993,0.3956613,0.43651485
156,176,-1.644658,0.23302247,-1.6349579,-0.018498538,0.61451733
156,181,-1.644658,0.23302247,-1.6735703,0.30772635,1.0
156,183,-1.644658,0.23302247,-1.7137109,-0.48150733,0.068539746
156,190,-1.644658,0.23302247,-1.8985456,0.4869323,0.31420684
156,203,-1.644658,0.23302247,-1.6847432,-0.16522591,0.09458994
156,212,-1.644658,0.23302247,-2.0620434,0.60969996,0.29273587
156,222,-1.644658,0.23302247,-2.1940608,0.4782365,0.07025236
156,228,-1.644658,0.23302247,-2.1859515,0.44296357,0.10204628
156,230,-1.644658,0.23302247,-2.1391823,0.5878663,0.37499583
156,249,-1.644658,0.23302247,-1.6835619,0.17395782,0.5263264
156,251,-1.644658,0.23302247,-1.6494913,-0.17204246,0.2816398
157,149,-2.3995516,3.7320602,-2.691614,3.7652392,0.31406608
157,159,-2.3995516,3.7320602,-2.5006318,3.3382099,0.115927234
157,161,-2.3995516,3.7320602,-2.603429,3.99445,0.7219856
157,172,-2.3995516,3.7320602,-2.4026453,3.3124347,0.22110613
157,174,-2.3995516,3.7320602,-2.9206898,3.820432,0.2673375
157,180,-2.3995516,3.7320602,-2.4741359,3.6703637,0.99999994
157,182,-2.3995516,3.7320602,-2.1933057,2.910613,0.08343279
157,184,-2.3995516,3.7320602,-2.1831021,3.2556677,0.34261733
157,186,-2.3995516,3.7320602,-3.002497,4.4003367,0.06433246
157,189,-2.3995516,3.7320602,-3.1334293,4.192225,0.23151794
157,221,-2.3995516,3.7320602,-2.7847347,4.317929,0.10098214
157,223,-2.3995516,3.7320602,-2.8076396,4.3870697,0.16101246
157,227,-2.3995516,3.7320602,-3.3968978,4.1560464,0.076843545
157,237,-2.3995516,3.7320602,-2.9243484,4.3254666,0.1280818
157,248,-2.3995516,3.7320602,-2.1934319,3.4007277,0.9984929
157,252,-2.3995516,3.7320602,-2.2144618,3.2720413,0.15348813
157,259,-2.3995516,3.7320602,-2.7058036,4.4101176,0.067771584
157,262,-2.3995516,3.7320602,-2.9409359,4.062905,0.12626106
157,264,-2.3995516,3.7320602,-2.2625792,3.472551,1.0
158,146,-2.2477624,0.33348188,-2.1911726,-0.23753275,0.5407441
158,151,-2.2477624,0.33348188,-2.3469698,-0.08410073,0.54697484
158,168,-2.2477624,0.33348188,-2.3256023,-0.3000047,0.018388152
158,170,-2.2477624,0.33348188,-1.7771993,0.3956613,0.17437325
158,181,-2.2477624,0.33348188,-1.6735703,0.30772635,0.08474448
158,187,-2.2477624,0.33348188,-1.9954306,-0.46412537,0.18111585
158,190,-2.2477624,0.33348188,-1.8985456,0.4869323,0.18203892
158,193,-2.2477624,0.33348188,-1.9468514,0.49669468,0.18674739
158,195,-2.2477624,0.33348188,-2.7491944,0.68883324,0.1955336
158,207,-2.2477624,0.33348188,-2.197802,-0.2021033,0.68273985
158,209,-2.2477624,0.33348188,-2.2606375,0.89555573,0.3699567
158,212,-2.2477624,0.33348188,-2.0620434,0.60969996,0.18479966
158,222,-2.2477624,0.33348188,-2.1940608,0.4782365,1.0
158,228,-2.2477624,0.33348188,-2.1859515,0.44296357,0.9914321
158,230,-2.2477624,0.33348188,-2.1391823,0.5878663,0.19396755
158,232,-2.2477624,0.33348188,-2.7760918,0.7647312,0.19929099
158,236,-2.2477624,0.33348188,-2.534911,0.75457335,0.29670855
158,251,-2.2477624,0.33348188,-1.6494913,-0.17204246,0.08255088
158,257,-2.2477624,0.33348188,-2.238047,-0.13998601,0.4249332
158,260,-2.2477624,0.33348188,-2.656196,0.7466385,0.375504
158,261,-2.2477624,0.33348188,-2.6576474,1.0782357,0.16173235
159,149,-2.5006318,3.3382099,-2.691614,3.7652392,0.48057246
159,150,-2.5006318,3.3382099,-2.4442887,3.034656,0.46016508
159,157,-2.5006318,3.3382099,-2.3995516,3.7320602,0.115927234
159,161,-2.5006318,3.3382099,-2.603429,3.99445,0.37224114
159,163,-2.5006318,3.3382099,-2.5957668,4.226711,0.27177104
159,165,-2.5006318,3.3382099,-2.8984485,3.0543184,0.09443658
159,166,-2.5006318,3.3382099,-2.815415,3.368522,0.7243677
159,172,-2.5006318,3.3382099,-2.4026453,3.3124347,1.0
159,174,-2.5006318,3.3382099,-2.9206898,3.820432,0.18138158
159,184,-2.5006318,3.3382099,-2.1831021,3.2556677,0.10287107
159,196,-2.5006318,3.3382099,-2.779299,2.9905863,0.11485217
159,213,-2.5006318,3.3382099,-3.1841474,3.6991189,0.09430536
159,217,-2.5006318,3.3382099,-2.4177387,2.4415233,0.09471155
159,252,-2.5006318,3.3382099,-2.2144618,3.2720413,0.6122474
160,148,-2.0162652,-0.5331736,-2.9565227,0.2818554,0.16591564
160,168,-2.0162652,-0.5331736,-2.3256023,-0.3000047,0.90075326
160,173,-2.0162652,-0.5331736,-2.9656923,0.39677954,0.06474397
160,183,-2.0162652,-0.5331736,-1.7137109,-0.48150733,0.080854096
160,185,-2.0162652,-0.5331736,-1.7003077,-0.5243828,0.13349707
160,187,-2.0162652,-0.5331736,-1.9954306,-0.46412537,0.3388023
160,191,-2.0162652,-0.5331736,-1.9472992,-0.5304848,0.74292606
160,197,-2.0162652,-0.5331736,-2.139243,-0.3859124,1.0
160,201,-2.0162652,-0.5331736,-1.6588452,-0.46502566,0.24754746
160,203,-2.0162652,-0.5331736,-1.6847432,-0.16522591,0.21342178
160,205,-2.0162652,-0.5331736,-1.8222362,-0.6042134,0.48834655
160,207,-2.0162652,-0.5331736,-2.197802,-0.2021033,0.2687089
160,220,-2.0162652,-0.5331736,-2.8782637,0.27514458,0.0965084
160,236,-2.0162652,-0.5331736,-2.534911,0.75457335,0.05545769
160,257,-2.0162652,-0.5331736,-2.238047,-0.13998601,0.246076
161,149,-2.603429,3.99445,-2.691614,3.7652392,1.0
161,157,-2.603429,3.99445,-2.3995516,3.7320602,0.7219856
161,159,-2.603429,3.99445,-2.5006318,3.3382099,0.37224114
161,163,-2.603429,3.99445,-2.5957668,4.226711,0.7582176
161,166,-2.603429,3.99445,-2.815415,3.368522,0.06594888
161,172,-2.603429,3.99445,-2.4026453,3.3124347,0.43103793
161,174,-2.603429,3.99445,-2.9206898,3.820432,0.3895753
161,186,-2.603429,3.99445,-3.002497,4.4003367,0.11447862
161,189,-2.603429,3.99445,-3.1334293,4.192225,0.17284033
161,221,-2.603429,3.99445,-2.7847347,4.317929,0.63466
161,223,-2.603429,3.99445,-2.8076396,4.3870697,0.22386308
161,237,-2.603429,3.99445,-2.9243484,4.3254666,0.1418062
161,248,-2.603429,3.99445,-2.1934319,3.4007277,0.15736306
161,252,-2.603429,3.99445,-2.2144618,3.2720413,0.102505
161,259,-2.603429,3.99445,-2.7058036,4.4101176,0.70450974
161,262,-2.603429,3.99445,-2.9409359,4.062905,0.6083465
161,264,-2.603429,3.99445,-2.2625792,3.472551,0.2706371
162,146,-1.6188534,-0.5244038,-2.1911726,-0.23753275,0.0490361
162,154,-1.6188534,-0.5244038,-1.5480418,-0.30549943,0.7889367
162,156,-1.6188534,-0.5244038,-1.644658,0.23302247,0.24337871
162,176,-1.6188534,-0.5244038,-1.6349579,-0.018498538,0.08265995
162,183,-1.6188534,-0.5244038,-1.7137109,-0.48150733,0.54239345
162,185,-1.6188534,-0.5244038,-1.7003077,-0.5243828,1.0
162,187,-1.6188534,-0.5244038,-1.9954306,-0.46412537,0.1846083
162,191,-1.6188534,-0.5244038,-1.9472992,-0.5304848,0.15280022
162,197,-1.6188534,-0.5244038,-2.139243,-0.3859124,0.08062761
162,201,-1.6188534,-0.5244038,-1.6588452,-0.46502566,0.59263825
162,203,-1.6188534,-0.5244038,-1.6847432,-0.16522591,0.14650485
162,205,-1.6188534,-0.5244038,-1.8222362,-0.6042134,0.18272498
162,207,-1.6188534,-0.5244038,-2.197802,-0.2021033,0.06803995
162,251,-1.6188534,-0.5244038,-1.6494913,-0.17204246,0.17637995
163,149,-2.5957668,4.226711,-2.691614,3.7652392,0.31123665
163,159,-2.5957668,4.226711,-2.5006318,3.3382099,0.27177104
163,161,-2.5957668,4.226711,-2.603429,3.99445,0.7582176
163,166,-2.5957668,4.226711,-2.815415,3.368522,0.114396356
163,172,-2.5957668,4.226711,-2.4026453,3.3124347,0.08660487
163,174,-2.5957668,4.226711,-2.9206898,3.820432,0.09172528
163,186,-2.5957668,4.226711,-3.002497,4.4003367,0.13351217
163,204,-2.5957668,4.226711,-3.1951938,3.911171,0.069979206
163,211,-2.5957668,4.226711,-3.0988684,4.6563773,0.06777086
163,221,-2.5957668,4.226711,-2.7847347,4.317929,0.44528836
163,237,-2.5957668,4.226711,-2.9243484,4.3254666,0.08710214
163,254,-2.5957668,4.226711,-3.061753,4.611702,0.26826918
163,259,-2.5957668,4.226711,-2.7058036,4.4101176,1.0
163,262,-2.5957668,4.226711,-2.9409359,4.062905,0.37642905
164,148,-2.8519833,0.87756276,-2.9565227,0.2818554,0.100130714
164,152,-2.8519833,0.87756276,-2.5411484,0.74578726,0.94443417
164,167,-2.8519833,0.87756276,-2.3069718,1.148743,0.058780856
164,173,-2.8519833,0.87756276,-2.9656923,0.39677954,0.25105095
164,177,-2.8519833,0.87756276,-2.6394188,0.94583184,1.0
164,195,-2.8519833,0.87756276,-2.7491944,0.68883324,1.0
164,197,-2.8519833,0.87756276,-2.139243,-0.3859124,0.09296653
164,218,-2.8519833,0.87756276,-2.6825361,1.4657509,0.04186115
164,220,-2.8519833,0.87756276,-2.8782637,0.27514458,0.43644947
164,224,-2.8519833,0.87756276,-3.0224452,0.4672552,0.09453545
164,226,-2.8519833,0.87756276,-2.9284673,0.73739946,0.65777785
164,228,-2.8519833,0.87756276,-2.1859515,0.44296357,0.20932436
164,232,-2.8519833,0.87756276,-2.7760918,0.7647312,0.3047036
164,236,-2.8519833,0.87756276,-2.534911,0.75457335,0.7658309
164,238,-2.8519833,0.87756276,-2.3204598,1.0162339,0.1861282
164,242,-2.8519833,0.87756276,-3.0334263,0.34739116,0.32092083
164,255,-2.8519833,0.87756276,-2.1438177,0.7883047,0.08651075
164,260,-2.8519833,0.87756276,-2.656196,0.7466385,0.11887933
164,261,-2.8519833,0.87756276,-2.6576474,1.0782357,0.22066656
164,263,-2.8519833,0.87756276,-2.2051635,1.6770768,0.08827755
165,149,-2.8984485,3.0543184,-2.691614,3.7652392,0.18894272
165,150,-2.8984485,3.0543184,-2.4442887,3.034656,0.09989
165,153,-2.8984485,3.0543184,-2.4278605,2.4069288,0.2030451
165,159,-2.8984485,3.0543184,-2.5006318,3.3382099,0.09443658
165,166,-2.8984485,3.0543184,-2.815415,3.368522,0.09666068
165,172,-2.8984485,3.0543184,-2.4026453,3.3124347,0.102098435
165,174,-2.8984485,3.0543184,-2.9206898,3.820432,0.58117956
165,175,-2.8984485,3.0543184,-2.5474179,2.6782572,0.99999994
165,179,-2.8984485,3.0543184,-2.8854132,2.74445,1.0
165,180,-2.8984485,3.0543184,-2.4741359,3.6703637,0.10420293
165,192,-2.8984485,3.0543184,-3.412911,4.27756,0.06628959
165,196,-2.8984485,3.0543184,-2.779299,2.9905863,0.4383332
165,198,-2.8984485,3.0543184,-3.119618,2.8509216,0.41196603
165,204,-2.8984485,3.0543184,-3.1951938,3.911171,0.3992846
165,206,-2.8984485,3.0543184,-2.5055654,2.5743656,0.29014122
165,213,-2.8984485,3.0543184,-3.1841474,3.6991189,0.4186407
165,216,-2.8984485,3.0543184,-2.7205794,2.4953396,0.5229937
165,225,-2.8984485,3.0543184,-3.2209542,4.103638,0.08264621
165,227,-2.8984485,3.0543184,-3.3968978,4.1560464,0.28393066
165,231,-2.8984485,3.0543184,-2.9083962,3.1336663,0.11345457
165,239,-2.8984485,3.0543184,-3.57,3.957115,0.11820747
165,247,-2.8984485,3.0543184,-3.2504041,3.8316145,0.64203554
165,253,-2.8984485,3.0543184,-2.9528546,2.3172755,0.07696454
166,149,-2.815415,3.368522,-2.691614,3.7652392,0.99999994
166,150,-2.815415,3.368522,-2.4442887,3.034656,0.2396075
166,159,-2.815415,3.368522,-2.5006318,3.3382099,0.7243677
166,161,-2.815415,3.368522,-2.603429,3.99445,0.06594888
166,163,-2.815415,3.368522,-2.5957668,4.226711,0.114396356
166,165,-2.815415,3.368522,-2.8984485,3.0543184,0.09666068
166,172,-2.815415,3.368522,-2.4026453,3.3124347,0.36222038
166,174,-2.815415,3.368522,-2.9206898,3.820432,0.42809477
166,179,-2.815415,3.368522,-2.8854132,2.74445,0.05867847
166,196,-2.815415,3.368522,-2.779299,2.9905863,0.3945721
166,204,-2.815415,3.368522,-3.1951938,3.911171,0.12012993
166,213,-2.815415,3.368522,-3.1841474,3.6991189,0.5421902
166,231,-2.815415,3.368522,-2.9083962,3.1336663,0.9742216
166,247,-2.815415,3.368522,-3.2504041,3.8316145,0.025932936
166,262,-2.815415,3.368522,-2.9409359,4.062905,0.05859874
167,152,-2.3069718,1.148743,-2.5411484,0.74578726,0.43834907
167,164,-2.3069718,1.148743,-2.8519833,0.87756276,0.058780856
167,170,-2.3069718,1.148743,-1.7771993,0.3956613,0.10835871
167,171,-2.3069718,1.148743,-2.4067094,2.227349,0.4519345
167,177,-2.3069718,1.148743,-2.6394188,0.94583184,0.15133964
167,181,-2.3069718,1.148743,-1.6735703,0.30772635,0.10036547
167,190,-2.3069718,1.148743,-1.8985456,0.4869323,0.34832
167,193,-2.3069718,1.148743,-1.9468514,0.49669468,0.141888
167,195,-2.3069718,1.148743,-2.7491944,0.68883324,0.14527434
167,199,-2.3069718,1.148743,-2.4485087,1.2687867,0.6899303
167,200,-2.3069718,1.148743,-2.2819211,2.336657,0.10245511
167,202,-2.3069718,1.148743,-2.3200164,2.1485496,0.31518978
167,209,-2.3069718,1.148743,-2.2606375,0.89555573,0.17927445
167,212,-2.3069718,1.148743,-2.0620434,0.60969996,0.19144335
167,217,-2.3069718,1.148743,-2.4177387,2.4415233,0.34552798
167,218,-2.3069718,1.148743,-2.6825361,1.4657509,0.08204919
167,222,-2.3069718,1.148743,-2.1940608,0.4782365,0.25749767
167,230,-2.3069718,1.148743,-2.1391823,0.5878663,0.17307292
167,236,-2.3069718,1.148743,-2.534911,0.75457335,0.42956853
167,238,-2.3069718,1.148743,-2.3204598,1.0162339,1.0
167,255,-2.3069718,1.148743,-2.1438177,0.7883047,0.12976123
167,260,-2.3069718,1.148743,-2.656196,0.7466385,0.13372721
167,261,-2.3069718,1.148743,-2.6576474,1.0782357,0.45827296
167,263,-2.3069718,1.148743,-2.2051635,1.6770768,0.8477454
168,148,-2.3256023,-0.3000047,-2.9565227,0.2818554,0.27083746
168,158,-2.3256023,-0.3000047,-2.2477624,0.33348188,0.018388152
168,160,-2.3256023,-0.3000047,-2.0162652,-0.5331736,0.90075326
168,173,-2.3256023,-0.3000047,-2.9656923,0.39677954,0.23260969
168,187,-2.3256023,-0.3000047,-1.9954306,-0.46412537,0.099840716
168,191,-2.3256023,-0.3000047,-1.9472992,-0.5304848,0.18731077
168,197,-2.3256023,-0.3000047,-2.139243,-0.3859124,1.0
168,205,-2.3256023,-0.3000047,-1.8222362,-0.6042134,0.0799589
168,207,-2.3256023,-0.3000047,-2.197802,-0.2021033,0.91992176
168,218,-2.3256023,-0.3000047,-2.6825361,1.4657509,0.18662028
168,220,-2.3256023,-0.3000047,-2.8782637,0.27514458,0.28628054
168,224,-2.3256023,-0.3000047,-3.0224452,0.4672552,0.14847638
168,226,-2.3256023,-0.3000047,-2.9284673,0.73739946,0.14511967
168,236,-2.3256023,-0.3000047,-2.534911,0.75457335,0.07060971
168,242,-2.3256023,-0.3000047,-3.0334263,0.34739116,0.06838532
168,255,-2.3256023,-0.3000047,-2.1438177,0.7883047,0.069349624
168,257,-2.3256023,-0.3000047,-2.238047,-0.13998601,0.87713253
169,153,-2.2088568,2.4435668,-2.4278605,2.4069288,0.2891802
169,155,-2.2088568,2.4435668,-2.3040988,2.4011796,0.96876204
169,171,-2.2088568,2.4435668,-2.4067094,2.227349,0.54735035
169,182,-2.2088568,2.4435668,-2.1933057,2.910613,0.4693214
169,184,-2.2088568,2.4435668,-2.1831021,3.2556677,0.17825282
169,194,-2.2088568,2.4435668,-2.1382248,2.6742835,1.0
169,200,-2.2088568,2.4435668,-2.2819211,2.336657,0.3433498
169,202,-2.2088568,2.4435668,-2.3200164,2.1485496,0.086998284
169,215,-2.2088568,2.4435668,-2.322725,2.3334734,0.34960333
169,216,-2.2088568,2.4435668,-2.7205794,2.4953396,0.152359
169,217,-2.2088568,2.4435668,-2.4177387,2.4415233,0.08895533
169,218,-2.2088568,2.4435668,-2.6825361,1.4657509,0.06615239
169,234,-2.2088568,2.4435668,-2.6137102,1.9876428,0.117674135
169,240,-2.2088568,2.4435668,-2.8298855,2.3116477,0.21250385
169,246,-2.2088568,2.4435668,-2.6040645,2.1879141,1.0
169,248,-2.2088568,2.4435668,-2.1934319,3.4007277,0.26528174
169,263,-2.2088568,2.4435668,-2.2051635,1.6770768,0.07000988
170,154,-1.7771993,0.3956613,-1.5480418,-0.30549943,0.08201647
170,156,-1.7771993,0.3956613,-1.644658,0.23302247,0.43651485
170,158,-1.7771993,0.3956613,-2.2477624,0.33348188,0.17437325
170,167,-1.7771993,0.3956613,-2.3069718,1.148743,0.10835871
170,176,-1.7771993,0.3956613,-1.6349579,-0.018498538,0.119296625
170,181,-1.7771993,0.3956613,-1.6735703,0.30772635,1.0
170,190,-1.7771993,0.3956613,-1.8985456,0.4869323,0.6489113
170,193,-1.7771993,0.3956613,-1.9468514,0.49669468,0.99999994
170,212,-1.7771993,0.3956613,-2.0620434,0.60969996,0.13636774
170,222,-1.7771993,0.3956613,-2.1940608,0.4782365,0.25932083
170,228,-1.7771993,0.3956613,-2.1859515,0.44296357,0.25674066
170,230,-1.7771993,0.3956613,-2.1391823,0.5878663,0.08907551
170,251,-1.7771993,0.3956613,-1.6494913,-0.17204246,0.08774072
170,260,-1.7771993,0.3956613,-2.656196,0.7466385,0.09204999
171,150,-2.4067094,2.227349,-2.4442887,3.034656,0.19147448
171,153,-2.4067094,2.227349,-2.4278605,2.4069288,0.45625904
171,155,-2.4067094,2.227349,-2.3040988,2.4011796,1.0
171,167,-2.4067094,2.227349,-2.3069718,1.148743,0.4519345
171,169,-2.4067094,2.227349,-2.2088568,2.4435668,0.54735035
171,175,-2.4067094,2.227349,-2.5474179,2.6782572,0.045223746
171,177,-2.4067094,2.227349,-2.6394188,0.94583184,0.051690117
171,182,-2.4067094,2.227349,-2.1933057,2.910613,0.04094527
171,184,-2.4067094,2.227349,-2.1831021,3.2556677,0.14141919
171,194,-2.4067094,2.227349,-2.1382248,2.6742835,0.4429198
171,199,-2.4067094,2.227349,-2.4485087,1.2687867,0.09794651
171,200,-2.4067094,2.227349,-2.2819211,2.336657,0.34503147
171,202,-2.4067094,2.227349,-2.3200164,2.1485496,0.39987382
171,206,-2.4067094,2.227349,-2.5055654,2.5743656,0.16965753
171,214,-2.4067094,2.227349,-2.8145275,1.7525104,0.056988254
171,215,-2.4067094,2.227349,-2.322725,2.3334734,0.0756861
171,217,-2.4067094,2.227349,-2.4177387,2.4415233,1.0
171,218,-2.4067094,2.227349,-2.6825361,1.4657509,0.13876747
171,234,-2.4067094,2.227349,-2.6137102,1.9876428,0.36169875
171,238,-2.4067094,2.227349,-2.3204598,1.0162339,0.19463503
171,246,-2.4067094,2.227349,-2.6040645,2.1879141,0.62328273
171,248,-2.4067094,2.227349,-2.1934319,3.4007277,0.060739413
171,252,-2.4067094,2.227349,-2.2144618,3.2720413,0.14010455
171,263,-2.4067094,2.227349,-2.2051635,1.6770768,1.0
172,149,-2.4026453,3.3124347,-2.691614,3.7652392,0.5724368
172,150,-2.4026453,3.3124347,-2.4442887,3.034656,0.9546717
172,153,-2.4026453,3.3124347,-2.4278605,2.4069288,0.079930715
172,155,-2.4026453,3.3124347,-2.3040988,2.4011796,0.07856972
172,157,-2.4026453,3.3124347,-2.3995516,3.7320602,0.22110613
172,159,-2.4026453,3.3124347,-2.5006318,3.3382099,1.0
172,161,-2.4026453,3.3124347,-2.603429,3.99445,0.43103793
172,163,-2.4026453,3.3124347,-2.5957668,4.226711,0.08660487
172,165,-2.4026453,3.3124347,-2.8984485,3.0543184,0.102098435
172,166,-2.4026453,3.3124347,-2.815415,3.368522,0.36222038
172,174,-2.4026453,3.3124347,-2.9206898,3.820432,0.18715538
172,184,-2.4026453,3.3124347,-2.1831021,3.2556677,0.2020172
172,206,-2.4026453,3.3124347,-2.5055654,2.5743656,0.07852407
172,217,-2.4026453,3.3124347,-2.4177387,2.4415233,0.11487509
172,248,-2.4026453,3.3124347,-2.1934319,3.4007277,0.2675897
172,252,-2.4026453,3.3124347,-2.2144618,3.2720413,0.7764834
172,264,-2.4026453,3.3124347,-2.2625792,3.472551,0.1370262
173,148,-2.9656923,0.39677954,-2.9565227,0.2818554,1.0
173,151,-2.9656923,0.39677954,-2.3469698,-0.08410073,0.26724568
173,152,-2.9656923,0.39677954,-2.5411484,0.74578726,0.070421584
173,160,-2.9656923,0.39677954,-2.0162652,-0.5331736,0.06474397
173,164,-2.9656923,0.39677954,-2.8519833,0.87756276,0.25105095
173,168,-2.9656923,0.39677954,-2.3256023,-0.3000047,0.23260969
173,188,-2.9656923,0.39677954,-3.0002365,1.9665728,0.053932283
173,195,-2.9656923,0.39677954,-2.7491944,0.68883324,0.29593265
173,214,-2.9656923,0.39677954,-2.8145275,1.7525104,0.070229486
173,220,-2.9656923,0.39677954,-2.8782637,0.27514458,1.0
173,224,-2.9656923,0.39677954,-3.0224452,0.4672552,1.0
173,226,-2.9656923,0.39677954,-2.9284673,0.73739946,0.99999994
173,232,-2.9656923,0.39677954,-2.7760918,0.7647312,0.341961
173,236,-2.9656923,0.39677954,-2.534911,0.75457335,0.08832008
173,242,-2.9656923,0.39677954,-3.0334263,0.34739116,0.8112018
173,261,-2.9656923,0.39677954,-2.6576474,1.0782357,0.09862622
174,149,-2.9206898,3.820432,-2.691614,3.7652392,1.0
174,157,-2.9206898,3.820432,-2.3995516,3.7320602,0.2673375
174,159,-2.9206898,3.820432,-2.5006318,3.3382099,0.18138158
174,161,-2.9206898,3.820432,-2.603429,3.99445,0.3895753
174,163,-2.9206898,3.820432,-2.5957668,4.226711,0.09172528
174,165,-2.9206898,3.820432,-2.8984485,3.0543184,0.58117956
174,166,-2.9206898,3.820432,-2.815415,3.368522,0.42809477
174,172,-2.9206898,3.820432,-2.4026453,3.3124347,0.18715538
174,180,-2.9206898,3.820432,-2.4741359,3.6703637,0.1201923
174,186,-2.9206898,3.820432,-3.002497,4.4003367,0.18074673
174,189,-2.9206898,3.820432,-3.1334293,4.192225,0.50527364
174,192,-2.9206898,3.820432,-3.412911,4.27756,0.20859101
174,204,-2.9206898,3.820432,-3.1951938,3.911171,0.7941922
174,213,-2.9206898,3.820432,-3.1841474,3.6991189,0.8363273
174,221,-2.9206898,3.820432,-2.7847347,4.317929,0.07475193
174,225,-2.9206898,3.820432,-3.2209542,4.103638,0.35268176
174,227,-2.9206898,3.820432,-3.3968978,4.1560464,0.25971508
174,231,-2.9206898,3.820432,-2.9083962,3.1336663,0.15104854
174,237,-2.9206898,3.820432,-2.9243484,4.3254666,0.21454498
174,239,-2.9206898,3.820432,-3.57,3.957115,0.077328674
174,247,-2.9206898,3.820432,-3.2504041,3.8316145,0.1788653
174,250,-2.9206898,3.820432,-3.3714726,4.1105213,0.2568548
174,262,-2.9206898,3.820432,-2.9409359,4.062905,0.5844742
174,264,-2.9206898,3.820432,-2.2625792,3.472551,0.20621318
175,153,-2.5474179,2.6782572,-2.4278605,2.4069288,1.0
175,155,-2.5474179,2.6782572,-2.3040988,2.4011796,0.12678349
175,165,-2.5474179,2.6782572,-2.8984485,3.0543184,0.99999994
175,171,-2.5474179,2.6782572,-2.4067094,2.227349,0.045223746
175,179,-2.5474179,2.6782572,-2.8854132,2.74445,0.37336487
175,180,-2.5474179,2.6782572,-2.4741359,3.6703637,0.1793228
175,182,-2.5474179,2.6782572,-2.1933057,2.910613,0.05884791
175,194,-2.5474179,2.6782572,-2.1382248,2.6742835,0.041264873
175,196,-2.5474179,2.6782572,-2.779299,2.9905863,0.12417565
175,198,-2.5474179,2.6782572,-3.119618,2.8509216,0.12137779
175,200,-2.5474179,2.6782572,-2.2819211,2.336657,0.23788977
175,202,-2.5474179,2.6782572,-2.3200164,2.1485496,0.208701
175,206,-2.5474179,2.6782572,-2.5055654,2.5743656,0.9664885
175,215,-2.5474179,2.6782572,-2.322725,2.3334734,0.5079825
175,216,-2.5474179,2.6782572,-2.7205794,2.4953396,0.99999994
175,217,-2.5474179,2.6782572,-2.4177387,2.4415233,0.21641633
175,234,-2.5474179,2.6782572,-2.6137102,1.9876428,0.10393159
175,241,-2.5474179,2.6782572,-2.5468378,1.7144554,0.053217765
175,247,-2.5474179,2.6782572,-3.2504041,3.8316145,0.14592579
175,248,-2.5474179,2.6782572,-2.1934319,3.4007277,0.06142983
176,152,-1.6349579,-0.018498538,-2.5411484,0.74578726,0.17197777
176,154,-1.6349579,-0.018498538,-1.5480418,-0.30549943,0.29297283
176,156,-1.6349579,-0.018498538,-1.644658,0.23302247,0.61451733
176,162,-1.6349579,-0.018498538,-1.6188534,-0.5244038,0.08265995
176,170,-1.6349579,-0.018498538,-1.7771993,0.3956613,0.119296625
176,177,-1.6349579,-0.018498538,-2.6394188,0.94583184,0.07529195
176,181,-1.6349579,-0.018498538,-1.6735703,0.30772635,0.46643162
176,183,-1.6349579,-0.018498538,-1.7137109,-0.48150733,0.20120125
176,185,-1.6349579,-0.018498538,-1.7003077,-0.5243828,0.066601336
176,197,-1.6349579,-0.018498538,-2.139243,-0.3859124,0.15070611
176,201,-1.6349579,-0.018498538,-1.6588452,-0.46502566,0.2386607
176,203,-1.6349579,-0.018498538,-1.6847432,-0.16522591,0.79341274
176,228,-1.6349579,-0.018498538,-2.1859515,0.44296357,0.33406234
176,236,-1.6349579,-0.018498538,-2.534911,0.75457335,0.16121642
176,238,-1.6349579,-0.018498538,-2.3204598,1.0162339,0.15642656
176,249,-1.6349579,-0.018498538,-1.6835619,0.17395782,1.0
176,251,-1.6349579,-0.018498538,-1.6494913,-0.17204246,1.0
176,255,-1.6349579,-0.018498538,-2.1438177,0.7883047,0.3029612
177,152,-2.6394188,0.94583184,-2.5411484,0.74578726,0.7641827
177,164,-2.6394188,0.94583184,-2.8519833,0.87756276,1.0
177,167,-2.6394188,0.94583184,-2.3069718,1.148743,0.15133964
177,171,-2.6394188,0.94583184,-2.4067094,2.227349,0.051690117
177,176,-2.6394188,0.94583184,-1.6349579,-0.018498538,0.07529195
177,193,-2.6394188,0.94583184,-1.9468514,0.49669468,0.052688155
177,195,-2.6394188,0.94583184,-2.7491944,0.68883324,0.59231186
177,226,-2.6394188,0.94583184,-2.9284673,0.73739946,0.04643887
177,228,-2.6394188,0.94583184,-2.1859515,0.44296357,0.085832626
177,232,-2.6394188,0.94583184,-2.7760918,0.7647312,0.062777944
177,236,-2.6394188,0.94583184,-2.534911,0.75457335,0.2663148
177,238,-2.6394188,0.94583184,-2.3204598,1.0162339,0.14608188
177,242,-2.6394188,0.94583184,-3.0334263,0.34739116,0.06380014
177,251,-2.6394188,0.94583184,-1.6494913,-0.17204246,0.03039474
177,261,-2.6394188,0.94583184,-2.6576474,1.0782357,0.03840795
177,263,-2.6394188,0.94583184,-2.2051635,1.6770768,0.8174414
178,147,-3.6784446,4.9375067,-3.2803864,4.7207294,0.11794226
178,208,-3.6784446,4.9375067,-3.5174038,4.971948,0.42068413
178,210,-3.6784446,4.9375067,-3.3373265,4.7784023,0.11696546
178,221,-3.6784446,4.9375067,-2.7847347,4.317929,0.14597628
178,225,-3.6784446,4.9375067,-3.2209542,4.103638,0.13668637
178,229,-3.6784446,4.9375067,-3.532561,4.8545403,0.15672438
178,233,-3.6784446,4.9375067,-3.5823464,4.8705993,0.25129417
178,235,-3.6784446,4.9375067,-3.5226483,4.7654614,0.2112636
178,243,-3.6784446,4.9375067,-3.6018226,4.3871746,0.1047602
178,245,-3.6784446,4.9375067,-3.725524,5.0086837,0.99999994
178,250,-3.6784446,4.9375067,-3.3714726,4.1105213,0.1797341
178,254,-3.6784446,4.9375067,-3.061753,4.611702,0.1079638
178,256,-3.6784446,4.9375067,-3.5174954,4.765926,0.17406346
178,258,-3.6784446,4.9375067,-3.6444798,4.9068184,0.8231708
179,150,-2.8854132,2.74445,-2.4442887,3.034656,0.23543984
179,153,-2.8854132,2.74445,-2.4278605,2.4069288,0.14088386
179,165,-2.8854132,2.74445,-2.8984485,3.0543184,1.0
179,166,-2.8854132,2.74445,-2.815415,3.368522,0.05867847
179,175,-2.8854132,2.74445,-2.5474179,2.6782572,0.37336487
179,188,-2.8854132,2.74445,-3.0002365,1.9665728,0.08590627
179,196,-2.8854132,2.74445,-2.779299,2.9905863,1.0
179,198,-2.8854132,2.74445,-3.119618,2.8509216,1.0
179,204,-2.8854132,2.74445,-3.1951938,3.911171,0.04149991
179,206,-2.8854132,2.74445,-2.5055654,2.5743656,0.13307951
179,216,-2.8854132,2.74445,-2.7205794,2.4953396,0.45154604
179,217,-2.8854132,2.74445,-2.4177387,2.4415233,0.16958942
179,231,-2.8854132,2.74445,-2.9083962,3.1336663,0.7901072
179,234,-2.8854132,2.74445,-2.6137102,1.9876428,0.47100025
179,240,-2.8854132,2.74445,-2.8298855,2.3116477,0.09377705
179,241,-2.8854132,2.74445,-2.5468378,1.7144554,0.11161721
179,244,-2.8854132,2.74445,-2.8552752,1.9690942,0.5952207
179,253,-2.8854132,2.74445,-2.9528546,2.3172755,0.5631903
180,153,-2.4741359,3.6703637,-2.4278605,2.4069288,0.08925087
180,157,-2.4741359,3.6703637,-2.3995516,3.7320602,0.99999994
180,165,-2.4741359,3.6703637,-2.8984485,3.0543184,0.10420293
180,174,-2.4741359,3.6703637,-2.9206898,3.820432,0.1201923
180,175,-2.4741359,3.6703637,-2.5474179,2.6782572,0.1793228
180,182,-2.4741359,3.6703637,-2.1933057,2.910613,0.49454498
180,186,-2.4741359,3.6703637,-3.002497,4.4003367,0.16180491
180,189,-2.4741359,3.6703637,-3.1334293,4.192225,0.3536312
180,192,-2.4741359,3.6703637,-3.412911,4.27756,0.27412948
180,194,-2.4741359,3.6703637,-2.1382248,2.6742835,0.02253135
180,216,-2.4741359,3.6703637,-2.7205794,2.4953396,0.35278726
180,223,-2.4741359,3.6703637,-2.8076396,4.3870697,0.24462125
180,227,-2.4741359,3.6703637,-3.3968978,4.1560464,0.56468517
180,237,-2.4741359,3.6703637,-2.9243484,4.3254666,0.5031288
180,240,-2.4741359,3.6703637,-2.8298855,2.3116477,0.04760877
180,243,-2.4741359,3.6703637,-3.6018226,4.3871746,0.15364492
180,248,-2.4741359,3.6703637,-2.1934319,3.4007277,0.68379176
180,264,-2.4741359,3.6703637,-2.2625792,3.472551,0.42763886
181,156,-1.6735703,0.30772635,-1.644658,0.23302247,1.0
181,158,-1.6735703,0.30772635,-2.2477624,0.33348188,0.08474448
181,167,-1.6735703,0.30772635,-2.3069718,1.148743,0.10036547
181,170,-1.6735703,0.30772635,-1.7771993,0.3956613,1.0
181,176,-1.6735703,0.30772635,-1.6349579,-0.018498538,0.46643162
181,190,-1.6735703,0.30772635,-1.8985456,0.4869323,1.0
181,193,-1.6735703,0.30772635,-1.9468514,0.49669468,0.633582
181,212,-1.6735703,0.30772635,-2.0620434,0.60969996,0.22236189
181,222,-1.6735703,0.30772635,-2.1940608,0.4782365,0.18201564
181,228,-1.6735703,0.30772635,-2.1859515,0.44296357,0.3804164
181,230,-1.6735703,0.30772635,-2.1391823,0.5878663,0.06696973
181,238,-1.6735703,0.30772635,-2.3204598,1.0162339,0.09981849
181,249,-1.6735703,0.30772635,-1.6835619,0.17395782,0.25061458
181,251,-1.6735703,0.30772635,-1.6494913,-0.17204246,0.18117219
182,153,-2.1933057,2.910613,-2.4278605,2.4069288,0.10127933
182,155,-2.1933057,2.910613,-2.3040988,2.4011796,0.09817521
182,157,-2.1933057,2.910613,-2.3995516,3.7320602,0.08343279
182,169,-2.1933057,2.910613,-2.2088568,2.4435668,0.4693214
182,171,-2.1933057,2.910613,-2.4067094,2.227349,0.04094527
182,175,-2.1933057,2.910613,-2.5474179,2.6782572,0.05884791
182,180,-2.1933057,2.910613,-2.4741359,3.6703637,0.49454498
182,194,-2.1933057,2.910613,-2.1382248,2.6742835,1.0
182,200,-2.1933057,2.910613,-2.2819211,2.336657,0.22741126
182,215,-2.1933057,2.910613,-2.322725,2.3334734,0.24116556
182,216,-2.1933057,2.910613,-2.7205794,2.4953396,0.07753915
182,223,-2.1933057,2.910613,-2.8076396,4.3870697,0.28977886
182,246,-2.1933057,2.910613,-2.6040645,2.1879141,0.074006446
182,248,-2.1933057,2.910613,-2.1934319,3.4007277,0.7610307
183,146,-1.7137109,-0.48150733,-2.1911726,-0.23753275,0.2954467
183,151,-1.7137109,-0.48150733,-2.3469698,-0.08410073,0.21856245
183,154,-1.7137109,-0.48150733,-1.5480418,-0.30549943,1.0
183,156,-1.7137109,-0.48150733,-1.644658,0.23302247,0.068539746
183,160,-1.7137109,-0.48150733,-2.0162652,-0.5331736,0.080854096
183,162,-1.7137109,-0.48150733,-1.6188534,-0.5244038,0.54239345
183,176,-1.7137109,-0.48150733,-1.6349579,-0.018498538,0.20120125
183,185,-1.7137109,-0.48150733,-1.7003077,-0.5243828,0.43324518
183,187,-1.7137109,-0.48150733,-1.9954306,-0.46412537,0.66919166
183,191,-1.7137109,-0.48150733,-1.9472992,-0.5304848,0.4035238
183,197,-1.7137109,-0.48150733,-2.139243,-0.3859124,0.20408492
183,201,-1.7137109,-0.48150733,-1.6588452,-0.46502566,1.0
183,203,-1.7137109,-0.48150733,-1.6847432,-0.16522591,0.29541388
183,205,-1.7137109,-0.48150733,-1.8222362,-0.6042134,0.61651623
183,207,-1.7137109,-0.48150733,-2.197802,-0.2021033,0.073793955
183,251,-1.7137109,-0.48150733,-1.6494913,-0.17204246,0.5471165
184,150,-2.1831021,3.2556677,-2.4442887,3.034656,0.1412698
184,155,-2.1831021,3.2556677,-2.3040988,2.4011796,0.26628727
184,157,-2.1831021,3.2556677,-2.3995516,3.7320602,0.34261733
184,159,-2.1831021,3.2556677,-2.5006318,3.3382099,0.10287107
184,169,-2.1831021,3.2556677,-2.2088568,2.4435668,0.17825282
184,171,-2.1831021,3.2556677,-2.4067094,2.227349,0.14141919
184,172,-2.1831021,3.2556677,-2.4026453,3.3124347,0.2020172
184,194,-2.1831021,3.2556677,-2.1382248,2.6742835,0.141116
184,240,-2.1831021,3.2556677,-2.8298855,2.3116477,0.15879971
184,246,-2.1831021,3.2556677,-2.6040645,2.1879141,0.19585459
184,248,-2.1831021,3.2556677,-2.1934319,3.4007277,0.34624127
184,252,-2.1831021,3.2556677,-2.2144618,3.2720413,1.0
184,253,-2.1831021,3.2556677,-2.9528546,2.3172755,0.13285947
184,263,-2.1831021,3.2556677,-2.2051635,1.6770768,0.1171756
184,264,-2.1831021,3.2556677,-2.2625792,3.472551,0.84149814
185,146,-1.7003077,-0.5243828,-2.1911726,-0.23753275,0.06294753
185,154,-1.7003077,-0.5243828,-1.5480418,-0.30549943,0.41279125
185,160,-1.7003077,-0.5243828,-2.0162652,-0.5331736,0.13349707
185,162,-1.7003077,-0.5243828,-1.6188534,-0.5244038,1.0
185,176,-1.7003077,-0.5243828,-1.6349579,-0.018498538,0.066601336
185,183,-1.7003077,-0.5243828,-1.7137109,-0.48150733,0.43324518
185,187,-1.7003077,-0.5243828,-1.9954306,-0.46412537,0.2465125
185,191,-1.7003077,-0.5243828,-1.9472992,-0.5304848,0.32718867
185,197,-1.7003077,-0.5243828,-2.139243,-0.3859124,0.13186534
185,201,-1.7003077,-0.5243828,-1.6588452,-0.46502566,0.5714807
185,203,-1.7003077,-0.5243828,-1.6847432,-0.16522591,0.16980536
185,205,-1.7003077,-0.5243828,-1.8222362,-0.6042134,0.42221558
185,207,-1.7003077,-0.5243828,-2.197802,-0.2021033,0.08962758
185,251,-1.7003077,-0.5243828,-1.6494913,-0.17204246,0.13680792
186,147,-3.002497,4.4003367,-3.2803864,4.7207294,0.473692
186,149,-3.002497,4.4003367,-2.691614,3.7652392,0.08647569
186,157,-3.002497,4.4003367,-2.3995516,3.7320602,0.06433246
186,161,-3.002497,4.4003367,-2.603429,3.99445,0.11447862
186,163,-3.002497,4.4003367,-2.5957668,4.226711,0.13351217
186,174,-3.002497,4.4003367,-2.9206898,3.820432,0.18074673
186,180,-3.002497,4.4003367,-2.4741359,3.6703637,0.16180491
186,189,-3.002497,4.4003367,-3.1334293,4.192225,0.5278938
186,192,-3.002497,4.4003367,-3.412911,4.27756,0.4079275
186,204,-3.002497,4.4003367,-3.1951938,3.911171,0.35922068
186,210,-3.002497,4.4003367,-3.3373265,4.7784023,0.29004455
186,211,-3.002497,4.4003367,-3.0988684,4.6563773,0.5930857
186,213,-3.002497,4.4003367,-3.1841474,3.6991189,0.12415606
186,219,-3.002497,4.4003367,-3.0195208,4.549643,0.5035995
186,221,-3.002497,4.4003367,-2.7847347,4.317929,0.2965552
186,223,-3.002497,4.4003367,-2.8076396,4.3870697,0.2866487
186,225,-3.002497,4.4003367,-3.2209542,4.103638,0.10381079
186,227,-3.002497,4.4003367,-3.3968978,4.1560464,0.35460806
186,229,-3.002497,4.4003367,-3.532561,4.8545403,0.09718412
186,233,-3.002497,4.4003367,-3.5823464,4.8705993,0.09237522
186,235,-3.002497,4.4003367,-3.5226483,4.7654614,0.10103994
186,237,-3.002497,4.4003367,-2.9243484,4.3254666,1.0
186,243,-3.002497,4.4003367,-3.6018226,4.3871746,0.05138922
186,247,-3.002497,4.4003367,-3.2504041,3.8316145,0.18642434
186,254,-3.002497,4.4003367,-3.061753,4.611702,0.51624966
186,256,-3.002497,4.4003367,-3.5174954,4.765926,0.18836455
186,259,-3.002497,4.4003367,-2.7058036,4.4101176,0.79575676
186,262,-3.002497,4.4003367,-2.9409359,4.062905,0.7852856
187,146,-1.9954306,-0.46412537,-2.1911726,-0.23753275,0.51758933
187,151,-1.9954306,-0.46412537,-2.3469698,-0.08410073,0.46227843
187,154,-1.9954306,-0.46412537,-1.5480418,-0.30549943,0.41481772
187,158,-1.9954306,-0.46412537,-2.2477624,0.33348188,0.18111585
187,160,-1.9954306,-0.46412537,-2.0162652,-0.5331736,0.3388023
187,162,-1.9954306,-0.46412537,-1.6188534,-0.5244038,0.1846083
187,168,-1.9954306,-0.46412537,-2.3256023,-0.3000047,0.099840716
187,183,-1.9954306,-0.46412537,-1.7137109,-0.48150733,0.66919166
187,185,-1.9954306,-0.46412537,-1.7003077,-0.5243828,0.2465125
187,191,-1.9954306,-0.46412537,-1.9472992,-0.5304848,1.0
187,197,-1.9954306,-0.46412537,-2.139243,-0.3859124,0.48518115
187,201,-1.9954306,-0.46412537,-1.6588452,-0.46502566,0.56427354
187,203,-1.9954306,-0.46412537,-1.6847432,-0.16522591,0.08685553
187,205,-1.9954306,-0.46412537,-1.8222362,-0.6042134,0.95868754
187,207,-1.9954306,-0.46412537,-2.197802,-0.2021033,0.62125635
187,251,-1.9954306,-0.46412537,-1.6494913,-0.17204246,0.18548419
187,257,-1.9954306,-0.46412537,-2.238047,-0.13998601,0.22525895
188,173,-3.0002365,1.9665728,-2.9656923,0.39677954,0.053932283
188,179,-3.0002365,1.9665728,-2.8854132,2.74445,0.08590627
188,199,-3.0002365,1.9665728,-2.4485087,1.2687867,0.03975244
188,214,-3.0002365,1.9665728,-2.8145275,1.7525104,0.8538846
188,216,-3.0002365,1.9665728,-2.7205794,2.4953396,0.034647763
188,218,-3.0002365,1.9665728,-2.6825361,1.4657509,0.086329676
188,224,-3.0002365,1.9665728,-3.0224452,0.4672552,0.58367383
188,226,-3.0002365,1.9665728,-2.9284673,0.73739946,0.14115855
188,231,-3.0002365,1.9665728,-2.9083962,3.1336663,0.021306142
188,234,-3.0002365,1.9665728,-2.6137102,1.9876428,0.23323491
188,240,-3.0002365,1.9665728,-2.8298855,2.3116477,0.6178843
188,244,-3.0002365,1.9665728,-2.8552752,1.9690942,0.99999994
188,246,-3.0002365,1.9665728,-2.6040645,2.1879141,0.0904548
188,253,-3.0002365,1.9665728,-2.9528546,2.3172755,1.0
188,261,-3.0002365,1.9665728,-2.6576474,1.0782357,0.05425306
189,147,-3.1334293,4.192225,-3.2803864,4.7207294,0.076152585
189,149,-3.1334293,4.192225,-2.691614,3.7652392,0.21693033
189,157,-3.1334293,4.192225,-2.3995516,3.7320602,0.23151794
189,161,-3.1334293,4.192225,-2.603429,3.99445,0.17284033
189,174,-3.1334293,4.192225,-2.9206898,3.820432,0.50527364
189,180,-3.1334293,4.192225,-2.4741359,3.6703637,0.3536312
189,186,-3.1334293,4.192225,-3.002497,4.4003367,0.5278938
189,192,-3.1334293,4.192225,-3.412911,4.27756,0.85942394
189,204,-3.1334293,4.192225,-3.1951938,3.911171,0.52295
189,210,-3.1334293,4.192225,-3.3373265,4.7784023,0.05231736
189,211,-3.1334293,4.192225,-3.0988684,4.6563773,0.052311048
189,213,-3.1334293,4.192225,-3.1841474,3.6991189,0.25405404
189,219,-3.1334293,4.192225,-3.0195208,4.549643,0.07968484
189,221,-3.1334293,4.192225,-2.7847347,4.317929,0.25887734
189,225,-3.1334293,4.192225,-3.2209542,4.103638,0.45361108
189,227,-3.1334293,4.192225,-3.3968978,4.1560464,0.73181266
189,229,-3.1334293,4.192225,-3.532561,4.8545403,0.056866698
189,235,-3.1334293,4.192225,-3.5226483,4.7654614,0.109716624
189,237,-3.1334293,4.192225,-2.9243484,4.3254666,0.8727642
189,239,-3.1334293,4.192225,-3.57,3.957115,0.18747707
189,243,-3.1334293,4.192225,-3.6018226,4.3871746,0.19896203
189,247,-3.1334293,4.192225,-3.2504041,3.8316145,0.106804915
189,250,-3.1334293,4.192225,-3.3714726,4.1105213,0.3531776
189,254,-3.1334293,4.192225,-3.061753,4.611702,0.082184695
189,256,-3.1334293,4.192225,-3.5174954,4.765926,0.0486205
189,259,-3.1334293,4.192225,-2.7058036,4.4101176,0.036265485
189,262,-3.1334293,4.192225,-2.9409359,4.062905,1.0
189,264,-3.1334293,4.192225,-2.2625792,3.472551,0.19273181
190,156,-1.8985456,0.4869323,-1.644658,0.23302247,0.31420684
190,158,-1.8985456,0.4869323,-2.2477624,0.33348188,0.18203892
190,167,-1.8985456,0.4869323,-2.3069718,1.148743,0.34832
190,170,-1.8985456,0.4869323,-1.7771993,0.3956613,0.6489113
190,181,-1.8985456,0.4869323,-1.6735703,0.30772635,1.0
190,193,-1.8985456,0.4869323,-1.9468514,0.49669468,0.38403586
190,199,-1.8985456,0.4869323,-2.4485087,1.2687867,0.027431818
190,209,-1.8985456,0.4869323,-2.2606375,0.89555573,0.16947201
190,212,-1.8985456,0.4869323,-2.0620434,0.60969996,0.980569
190,222,-1.8985456,0.4869323,-2.1940608,0.4782365,0.80978197
190,228,-1.8985456,0.4869323,-2.1859515,0.44296357,0.29313427
190,230,-1.8985456,0.4869323,-2.1391823,0.5878663,0.49152815
190,236,-1.8985456,0.4869323,-2.534911,0.75457335,0.018560858
190,238,-1.8985456,0.4869323,-2.3204598,1.0162339,0.21677914
190,249,-1.8985456,0.4869323,-1.6835619,0.17395782,0.097080976
191,146,-1.9472992,-0.5304848,-2.1911726,-0.23753275,0.28872976
191,148,-1.9472992,-0.5304848,-2.9565227,0.2818554,0.098232366
191,151,-1.9472992,-0.5304848,-2.3469698,-0.08410073,0.26706097
191,154,-1.9472992,-0.5304848,-1.5480418,-0.30549943,0.24548522
191,160,-1.9472992,-0.5304848,-2.0162652,-0.5331736,0.74292606
191,162,-1.9472992,-0.5304848,-1.6188534,-0.5244038,0.15280022
191,168,-1.9472992,-0.5304848,-2.3256023,-0.3000047,0.18731077
191,183,-1.9472992,-0.5304848,-1.7137109,-0.48150733,0.4035238
191,185,-1.9472992,-0.5304848,-1.7003077,-0.5243828,0.32718867
191,187,-1.9472992,-0.5304848,-1.9954306,-0.46412537,1.0
191,197,-1.9472992,-0.5304848,-2.139243,-0.3859124,0.5872522
191,201,-1.9472992,-0.5304848,-1.6588452,-0.46502566,0.4865685
191,203,-1.9472992,-0.5304848,-1.6847432,-0.16522591,0.12948602
191,205,-1.9472992,-0.5304848,-1.8222362,-0.6042134,1.0
191,207,-1.9472992,-0.5304848,-2.197802,-0.2021033,0.48060575
191,257,-1.9472992,-0.5304848,-2.238047,-0.13998601,0.25003892
192,147,-3.412911,4.27756,-3.2803864,4.7207294,0.20902868
192,165,-3.412911,4.27756,-2.8984485,3.0543184,0.06628959
192,174,-3.412911,4.27756,-2.9206898,3.820432,0.20859101
192,180,-3.412911,4.27756,-2.4741359,3.6703637,0.27412948
192,186,-3.412911,4.27756,-3.002497,4.4003367,0.4079275
192,189,-3.412911,4.27756,-3.1334293,4.192225,0.85942394
192,198,-3.412911,4.27756,-3.119618,2.8509216,0.09321351
192,204,-3.412911,4.27756,-3.1951938,3.911171,0.5032873
192,208,-3.412911,4.27756,-3.5174038,4.971948,0.20233738
192,210,-3.412911,4.27756,-3.3373265,4.7784023,0.07600017
192,211,-3.412911,4.27756,-3.0988684,4.6563773,0.057272248
192,213,-3.412911,4.27756,-3.1841474,3.6991189,0.29250124
192,219,-3.412911,4.27756,-3.0195208,4.549643,0.093367964
192,225,-3.412911,4.27756,-3.2209542,4.103638,0.40452078
192,227,-3.412911,4.27756,-3.3968978,4.1560464,1.0
192,229,-3.412911,4.27756,-3.532561,4.8545403,0.07491059
192,233,-3.412911,4.27756,-3.5823464,4.8705993,0.11212827
192,235,-3.412911,4.27756,-3.5226483,4.7654614,0.16684487
192,237,-3.412911,4.27756,-2.9243484,4.3254666,0.47193316
192,239,-3.412911,4.27756,-3.57,3.957115,1.0
192,243,-3.412911,4.27756,-3.6018226,4.3871746,1.0
192,245,-3.412911,4.27756,-3.725524,5.0086837,0.04853468
192,247,-3.412911,4.27756,-3.2504041,3.8316145,0.24225181
192,250,-3.412911,4.27756,-3.3714726,4.1105213,0.2438747
192,254,-3.412911,4.27756,-3.061753,4.611702,0.06809811
192,256,-3.412911,4.27756,-3.5174954,4.765926,0.44863054
192,262,-3.412911,4.27756,-2.9409359,4.062905,0.21414237
193,158,-1.9468514,0.49669468,-2.2477624,0.33348188,0.18674739
193,167,-1.9468514,0.49669468,-2.3069718,1.148743,0.141888
193,170,-1.9468514,0.49669468,-1.7771993,0.3956613,0.99999994
193,177,-1.9468514,0.49669468,-2.6394188,0.94583184,0.052688155
193,181,-1.9468514,0.49669468,-1.6735703,0.30772635,0.633582
193,190,-1.9468514,0.49669468,-1.8985456,0.4869323,0.38403586
193,195,-1.9468514,0.49669468,-2.7491944,0.68883324,0.10803762
193,199,-1.9468514,0.49669468,-2.4485087,1.2687867,0.059194766
193,222,-1.9468514,0.49669468,-2.1940608,0.4782365,0.3959909
193,228,-1.9468514,0.49669468,-2.1859515,0.44296357,0.4649238
193,232,-1.9468514,0.49669468,-2.7760918,0.7647312,0.117393546
193,236,-1.9468514,0.49669468,-2.534911,0.75457335,0.04738707
193,260,-1.9468514,0.49669468,-2.656196,0.7466385,0.52294105
193,261,-1.9468514,0.49669468,-2.6576474,1.0782357,0.07884602
194,153,-2.1382248,2.6742835,-2.4278605,2.4069288,0.32502362
194,155,-2.1382248,2.6742835,-2.3040988,2.4011796,0.7671098
194,169,-2.1382248,2.6742835,-2.2088568,2.4435668,1.0
194,171,-2.1382248,2.6742835,-2.4067094,2.227349,0.4429198
194,175,-2.1382248,2.6742835,-2.5474179,2.6782572,0.041264873
194,180,-2.1382248,2.6742835,-2.4741359,3.6703637,0.02253135
194,182,-2.1382248,2.6742835,-2.1933057,2.910613,1.0
194,184,-2.1382248,2.6742835,-2.1831021,3.2556677,0.141116
194,200,-2.1382248,2.6742835,-2.2819211,2.336657,0.34778288
194,202,-2.1382248,2.6742835,-2.3200164,2.1485496,0.052293926
194,206,-2.1382248,2.6742835,-2.5055654,2.5743656,0.05589326
194,215,-2.1382248,2.6742835,-2.322725,2.3334734,0.080306694
194,217,-2.1382248,2.6742835,-2.4177387,2.4415233,0.10379869
194,223,-2.1382248,2.6742835,-2.8076396,4.3870697,0.1337118
194,246,-2.1382248,2.6742835,-2.6040645,2.1879141,0.13561752
194,248,-2.1382248,2.6742835,-2.1934319,3.4007277,1.0
194,252,-2.1382248,2.6742835,-2.2144618,3.2720413,0.10358405
194,263,-2.1382248,2.6742835,-2.2051635,1.6770768,0.23404324
195,148,-2.7491944,0.68883324,-2.9565227,0.2818554,0.12150009
195,151,-2.7491944,0.68883324,-2.3469698,-0.08410073,0.1739221
195,152,-2.7491944,0.68883324,-2.5411484,0.74578726,0.56847423
195,158,-2.7491944,0.68883324,-2.2477624,0.33348188,0.1955336
195,164,-2.7491944,0.68883324,-2.8519833,0.87756276,1.0
195,167,-2.7491944,0.68883324,-2.3069718,1.148743,0.14527434
195,173,-2.7491944,0.68883324,-2.9656923,0.39677954,0.29593265
195,177,-2.7491944,0.68883324,-2.6394188,0.94583184,0.59231186
195,193,-2.7491944,0.68883324,-1.9468514,0.49669468,0.10803762
195,220,-2.7491944,0.68883324,-2.8782637,0.27514458,0.47505605
195,222,-2.7491944,0.68883324,-2.1940608,0.4782365,0.19319515
195,224,-2.7491944,0.68883324,-3.0224452,0.4672552,0.11954202
195,226,-2.7491944,0.68883324,-2.9284673,0.73739946,0.6211351
195,228,-2.7491944,0.68883324,-2.1859515,0.44296357,0.33196542
195,232,-2.7491944,0.68883324,-2.7760918,0.7647312,0.9501286
195,236,-2.7491944,0.68883324,-2.534911,0.75457335,0.54978585
195,242,-2.7491944,0.68883324,-3.0334263,0.34739116,0.24132177
195,260,-2.7491944,0.68883324,-2.656196,0.7466385,0.44770655
195,261,-2.7491944,0.68883324,-2.6576474,1.0782357,0.42445922
195,263,-2.7491944,0.68883324,-2.2051635,1.6770768,0.07632951
196,150,-2.779299,2.9905863,-2.4442887,3.034656,0.84062624
196,153,-2.779299,2.9905863,-2.4278605,2.4069288,0.088111036
196,159,-2.779299,2.9905863,-2.5006318,3.3382099,0.11485217
196,165,-2.779299,2.9905863,-2.8984485,3.0543184,0.4383332
196,166,-2.779299,2.9905863,-2.815415,3.368522,0.3945721
196,175,-2.779299,2.9905863,-2.5474179,2.6782572,0.12417565
196,179,-2.779299,2.9905863,-2.8854132,2.74445,1.0
196,199,-2.779299,2.9905863,-2.4485087,1.2687867,0.119729646
196,206,-2.779299,2.9905863,-2.5055654,2.5743656,0.23611343
196,213,-2.779299,2.9905863,-3.1841474,3.6991189,0.08177313
196,217,-2.779299,2.9905863,-2.4177387,2.4415233,0.28416327
196,231,-2.779299,2.9905863,-2.9083962,3.1336663,0.99999994
196,234,-2.779299,2.9905863,-2.6137102,1.9876428,0.118203185
196,241,-2.779299,2.9905863,-2.5468378,1.7144554,0.12012758
196,260,-2.779299,2.9905863,-2.656196,0.7466385,0.089299396
197,146,-2.139243,-0.3859124,-2.1911726,-0.23753275,0.12034519
197,152,-2.139243,-0.3859124,-2.5411484,0.74578726,0.058495626
197,154,-2.139243,-0.3859124,-1.5480418,-0.30549943,0.11891437
197,160,-2.139243,-0.3859124,-2.0162652,-0.5331736,1.0
197,162,-2.139243,-0.3859124,-1.6188534,-0.5244038,0.08062761
197,164,-2.139243,-0.3859124,-2.8519833,0.87756276,0.09296653
197,168,-2.139243,-0.3859124,-2.3256023,-0.3000047,1.0
197,176,-2.139243,-0.3859124,-1.6349579,-0.018498538,0.15070611
197,183,-2.139243,-0.3859124,-1.7137109,-0.48150733,0.20408492
197,185,-2.139243,-0.3859124,-1.7003077,-0.5243828,0.13186534
197,187,-2.139243,-0.3859124,-1.9954306,-0.46412537,0.48518115
197,191,-2.139243,-0.3859124,-1.9472992,-0.5304848,0.5872522
197,201,-2.139243,-0.3859124,-1.6588452,-0.46502566,0.4467204
197,203,-2.139243,-0.3859124,-1.6847432,-0.16522591,0.66531026
197,205,-2.139243,-0.3859124,-1.8222362,-0.6042134,0.38185245
197,207,-2.139243,-0.3859124,-2.197802,-0.2021033,0.45993993
197,220,-2.139243,-0.3859124,-2.8782637,0.27514458,0.16991091
197,236,-2.139243,-0.3859124,-2.534911,0.75457335,0.22585306
197,242,-2.139243,-0.3859124,-3.0334263,0.34739116,0.074141406
197,249,-2.139243,-0.3859124,-1.6835619,0.17395782,0.11494602
197,251,-2.139243,-0.3859124,-1.6494913,-0.17204246,0.29748476
197,255,-2.139243,-0.3859124,-2.1438177,0.7883047,0.1564329
197,257,-2.139243,-0.3859124,-2.238047,-0.13998601,0.19415677
198,165,-3.119618,2.8509216,-2.8984485,3.0543184,0.41196603
198,175,-3.119618,2.8509216,-2.5474179,2.6782572,0.12137779
198,179,-3.119618,2.8509216,-2.8854132,2.74445,1.0
198,192,-3.119618,2.8509216,-3.412911,4.27756,0.09321351
198,204,-3.119618,2.8509216,-3.1951938,3.911171,0.07042978
198,213,-3.119618,2.8509216,-3.1841474,3.6991189,0.069859
198,216,-3.119618,2.8509216,-2.7205794,2.4953396,0.38721588
198,227,-3.119618,2.8509216,-3.3968978,4.1560464,0.14806636
198,231,-3.119618,2.8509216,-2.9083962,3.1336663,0.060400758
198,234,-3.119618,2.8509216,-2.6137102,1.9876428,0.080975376
198,239,-3.119618,2.8509216,-3.57,3.957115,0.97009504
198,241,-3.119618,2.8509216,-2.5468378,1.7144554,0.098757416
198,244,-3.119618,2.8509216,-2.8552752,1.9690942,0.4170795
198,247,-3.119618,2.8509216,-3.2504041,3.8316145,0.18571743
198,253,-3.119618,2.8509216,-2.9528546,2.3172755,0.21395025
199,152,-2.4485087,1.2687867,-2.5411484,0.74578726,0.12070323
199,167,-2.4485087,1.2687867,-2.3069718,1.148743,0.6899303
199,171,-2.4485087,1.2687867,-2.4067094,2.227349,0.09794651
199,188,-2.4485087,1.2687867,-3.0002365,1.9665728,0.03975244
199,190,-2.4485087,1.2687867,-1.8985456,0.4869323,0.027431818
199,193,-2.4485087,1.2687867,-1.9468514,0.49669468,0.059194766
199,196,-2.4485087,1.2687867,-2.779299,2.9905863,0.119729646
199,202,-2.4485087,1.2687867,-2.3200164,2.1485496,0.34789607
199,209,-2.4485087,1.2687867,-2.2606375,0.89555573,1.0
199,212,-2.4485087,1.2687867,-2.0620434,0.60969996,0.16557547
199,214,-2.4485087,1.2687867,-2.8145275,1.7525104,0.32605755
199,217,-2.4485087,1.2687867,-2.4177387,2.4415233,0.31355834
199,218,-2.4485087,1.2687867,-2.6825361,1.4657509,0.46849066
199,222,-2.4485087,1.2687867,-2.1940608,0.4782365,0.30754107
199,226,-2.4485087,1.2687867,-2.9284673,0.73739946,0.010754458
199,232,-2.4485087,1.2687867,-2.7760918,0.7647312,0.27637696
199,234,-2.4485087,1.2687867,-2.6137102,1.9876428,0.45715082
199,236,-2.4485087,1.2687867,-2.534911,0.75457335,0.29081172
199,238,-2.4485087,1.2687867,-2.3204598,1.0162339,0.28420857
199,241,-2.4485087,1.2687867,-2.5468378,1.7144554,0.990166
199,244,-2.4485087,1.2687867,-2.8552752,1.9690942,0.13281056
199,260,-2.4485087,1.2687867,-2.656196,0.7466385,0.42154026
199,261,-2.4485087,1.2687867,-2.6576474,1.0782357,1.0
199,263,-2.4485087,1.2687867,-2.2051635,1.6770768,0.0786444
200,153,-2.2819211,2.336657,-2.4278605,2.4069288,0.49531278
200,155,-2.2819211,2.336657,-2.3040988,2.4011796,0.2286047
200,167,-2.2819211,2.336657,-2.3069718,1.148743,0.10245511
200,169,-2.2819211,2.336657,-2.2088568,2.4435668,0.3433498
200,171,-2.2819211,2.336657,-2.4067094,2.227349,0.34503147
200,175,-2.2819211,2.336657,-2.5474179,2.6782572,0.23788977
200,182,-2.2819211,2.336657,-2.1933057,2.910613,0.22741126
200,194,-2.2819211,2.336657,-2.1382248,2.6742835,0.34778288
200,202,-2.2819211,2.336657,-2.3200164,2.1485496,1.0
200,206,-2.2819211,2.336657,-2.5055654,2.5743656,0.35771182
200,215,-2.2819211,2.336657,-2.322725,2.3334734,1.0
200,217,-2.2819211,2.336657,-2.4177387,2.4415233,0.23066615
200,234,-2.2819211,2.336657,-2.6137102,1.9876428,0.14027634
200,241,-2.2819211,2.336657,-2.5468378,1.7144554,0.09538652
200,246,-2.2819211,2.336657,-2.6040645,2.1879141,0.17427157
201,146,-1.6588452,-0.46502566,-2.1911726,-0.23753275,0.12675852
201,151,-1.6588452,-0.46502566,-2.3469698,-0.08410073,0.051873725
201,154,-1.6588452,-0.46502566,-1.5480418,-0.30549943,0.7405244
201,160,-1.6588452,-0.46502566,-2.0162652,-0.5331736,0.24754746
201,162,-1.6588452,-0.46502566,-1.6188534,-0.5244038,0.59263825
201,176,-1.6588452,-0.46502566,-1.6349579,-0.018498538,0.2386607
201,183,-1.6588452,-0.46502566,-1.7137109,-0.48150733,1.0
201,185,-1.6588452,-0.46502566,-1.7003077,-0.5243828,0.5714807
201,187,-1.6588452,-0.46502566,-1.9954306,-0.46412537,0.56427354
201,191,-1.6588452,-0.46502566,-1.9472992,-0.5304848,0.4865685
201,197,-1.6588452,-0.46502566,-2.139243,-0.3859124,0.4467204
201,203,-1.6588452,-0.46502566,-1.6847432,-0.16522591,0.67199236
201,205,-1.6588452,-0.46502566,-1.8222362,-0.6042134,0.66855454
201,207,-1.6588452,-0.46502566,-2.197802,-0.2021033,0.08029651
201,249,-1.6588452,-0.46502566,-1.6835619,0.17395782,0.103030115
201,251,-1.6588452,-0.46502566,-1.6494913,-0.17204246,0.5930096
202,153,-2.3200164,2.1485496,-2.4278605,2.4069288,0.4366842
202,155,-2.3200164,2.1485496,-2.3040988,2.4011796,0.1636185
202,167,-2.3200164,2.1485496,-2.3069718,1.148743,0.31518978
202,169,-2.3200164,2.1485496,-2.2088568,2.4435668,0.086998284
202,171,-2.3200164,2.1485496,-2.4067094,2.227349,0.39987382
202,175,-2.3200164,2.1485496,-2.5474179,2.6782572,0.208701
202,194,-2.3200164,2.1485496,-2.1382248,2.6742835,0.052293926
202,199,-2.3200164,2.1485496,-2.4485087,1.2687867,0.34789607
202,200,-2.3200164,2.1485496,-2.2819211,2.336657,1.0
202,206,-2.3200164,2.1485496,-2.5055654,2.5743656,0.49149895
202,212,-2.3200164,2.1485496,-2.0620434,0.60969996,0.15593807
202,215,-2.3200164,2.1485496,-2.322725,2.3334734,0.6823231
202,217,-2.3200164,2.1485496,-2.4177387,2.4415233,0.44373775
202,218,-2.3200164,2.1485496,-2.6825361,1.4657509,0.2526805
202,234,-2.3200164,2.1485496,-2.6137102,1.9876428,0.3997464
202,238,-2.3200164,2.1485496,-2.3204598,1.0162339,0.09798295
202,241,-2.3200164,2.1485496,-2.5468378,1.7144554,0.8592484
202,246,-2.3200164,2.1485496,-2.6040645,2.1879141,0.057474162
203,152,-1.6847432,-0.16522591,-2.5411484,0.74578726,0.070937656
203,154,-1.6847432,-0.16522591,-1.5480418,-0.30549943,0.24870226
203,156,-1.6847432,-0.16522591,-1.644658,0.23302247,0.09458994
203,160,-1.6847432,-0.16522591,-2.0162652,-0.5331736,0.21342178
203,162,-1.6847432,-0.16522591,-1.6188534,-0.5244038,0.14650485
203,176,-1.6847432,-0.16522591,-1.6349579,-0.018498538,0.79341274
203,183,-1.6847432,-0.16522591,-1.7137109,-0.48150733,0.29541388
203,185,-1.6847432,-0.16522591,-1.7003077,-0.5243828,0.16980536
203,187,-1.6847432,-0.16522591,-1.9954306,-0.46412537,0.08685553
203,191,-1.6847432,-0.16522591,-1.9472992,-0.5304848,0.12948602
203,197,-1.6847432,-0.16522591,-2.139243,-0.3859124,0.66531026
203,201,-1.6847432,-0.16522591,-1.6588452,-0.46502566,0.67199236
203,205,-1.6847432,-0.16522591,-1.8222362,-0.6042134,0.15623266
203,236,-1.6847432,-0.16522591,-2.534911,0.75457335,0.07184536
203,249,-1.6847432,-0.16522591,-1.6835619,0.17395782,0.67500377
203,251,-1.6847432,-0.16522591,-1.6494913,-0.17204246,0.99999994
203,255,-1.6847432,-0.16522591,-2.1438177,0.7883047,0.35371715
204,147,-3.1951938,3.911171,-3.2803864,4.7207294,0.056628115
204,149,-3.1951938,3.911171,-2.691614,3.7652392,0.35412347
204,163,-3.1951938,3.911171,-2.5957668,4.226711,0.069979206
204,165,-3.1951938,3.911171,-2.8984485,3.0543184,0.3992846
204,166,-3.1951938,3.911171,-2.815415,3.368522,0.12012993
204,174,-3.1951938,3.911171,-2.9206898,3.820432,0.7941922
204,179,-3.1951938,3.911171,-2.8854132,2.74445,0.04149991
204,186,-3.1951938,3.911171,-3.002497,4.4003367,0.35922068
204,189,-3.1951938,3.911171,-3.1334293,4.192225,0.52295
204,192,-3.1951938,3.911171,-3.412911,4.27756,0.5032873
204,198,-3.1951938,3.911171,-3.119618,2.8509216,0.07042978
204,208,-3.1951938,3.911171,-3.5174038,4.971948,0.18886618
204,211,-3.1951938,3.911171,-3.0988684,4.6563773,0.039493445
204,213,-3.1951938,3.911171,-3.1841474,3.6991189,1.0
204,219,-3.1951938,3.911171,-3.0195208,4.549643,0.08820608
204,225,-3.1951938,3.911171,-3.2209542,4.103638,0.41205686
204,227,-3.1951938,3.911171,-3.3968978,4.1560464,0.434839
204,231,-3.1951938,3.911171,-2.9083962,3.1336663,0.053096533
204,237,-3.1951938,3.911171,-2.9243484,4.3254666,0.32946712
204,239,-3.1951938,3.911171,-3.57,3.957115,0.31320447
204,247,-3.1951938,3.911171,-3.2504041,3.8316145,1.0
204,250,-3.1951938,3.911171,-3.3714726,4.1105213,0.23625305
204,254,-3.1951938,3.911171,-3.061753,4.611702,0.09335443
204,262,-3.1951938,3.911171,-2.9409359,4.062905,0.59357274
205,146,-1.8222362,-0.6042134,-2.1911726,-0.23753275,0.28419536
205,151,-1.8222362,-0.6042134,-2.3469698,-0.08410073,0.26216674
205,154,-1.8222362,-0.6042134,-1.5480418,-0.30549943,0.33323666
205,160,-1.8222362,-0.6042134,-2.0162652,-0.5331736,0.48834655
205,162,-1.8222362,-0.6042134,-1.6188534,-0.5244038,0.18272498
205,168,-1.8222362,-0.6042134,-2.3256023,-0.3000047,0.0799589
205,183,-1.8222362,-0.6042134,-1.7137109,-0.48150733,0.61651623
205,185,-1.8222362,-0.6042134,-1.7003077,-0.5243828,0.42221558
205,187,-1.8222362,-0.6042134,-1.9954306,-0.46412537,0.95868754
205,191,-1.8222362,-0.6042134,-1.9472992,-0.5304848,1.0
205,197,-1.8222362,-0.6042134,-2.139243,-0.3859124,0.38185245
205,201,-1.8222362,-0.6042134,-1.6588452,-0.46502566,0.66855454
205,203,-1.8222362,-0.6042134,-1.6847432,-0.16522591,0.15623266
205,207,-1.8222362,-0.6042134,-2.197802,-0.2021033,0.2222284
205,251,-1.8222362,-0.6042134,-1.6494913,-0.17204246,0.16336732
206,150,-2.5055654,2.5743656,-2.4442887,3.034656,0.24888788
206,153,-2.5055654,2.5743656,-2.4278605,2.4069288,1.0
206,155,-2.5055654,2.5743656,-2.3040988,2.4011796,0.11683742
206,165,-2.5055654,2.5743656,-2.8984485,3.0543184,0.29014122
206,171,-2.5055654,2.5743656,-2.4067094,2.227349,0.16965753
206,172,-2.5055654,2.5743656,-2.4026453,3.3124347,0.07852407
206,175,-2.5055654,2.5743656,-2.5474179,2.6782572,0.9664885
206,179,-2.5055654,2.5743656,-2.8854132,2.74445,0.13307951
206,194,-2.5055654,2.5743656,-2.1382248,2.6742835,0.05589326
206,196,-2.5055654,2.5743656,-2.779299,2.9905863,0.23611343
206,200,-2.5055654,2.5743656,-2.2819211,2.336657,0.35771182
206,202,-2.5055654,2.5743656,-2.3200164,2.1485496,0.49149895
206,215,-2.5055654,2.5743656,-2.322725,2.3334734,0.1673717
206,216,-2.5055654,2.5743656,-2.7205794,2.4953396,0.058796667
206,217,-2.5055654,2.5743656,-2.4177387,2.4415233,0.86930084
206,234,-2.5055654,2.5743656,-2.6137102,1.9876428,0.07623262
206,241,-2.5055654,2.5743656,-2.5468378,1.7144554,0.0738747
207,146,-2.197802,-0.2021033,-2.1911726,-0.23753275,0.4397069
207,148,-2.197802,-0.2021033,-2.9565227,0.2818554,0.12162831
207,151,-2.197802,-0.2021033,-2.3469698,-0.08410073,0.43245074
207,154,-2.197802,-0.2021033,-1.5480418,-0.30549943,0.11269941
207,158,-2.197802,-0.2021033,-2.2477624,0.33348188,0.68273985
207,160,-2.197802,-0.2021033,-2.0162652,-0.5331736,0.2687089
207,162,-2.197802,-0.2021033,-1.6188534,-0.5244038,0.06803995
207,168,-2.197802,-0.2021033,-2.3256023,-0.3000047,0.91992176
207,183,-2.197802,-0.2021033,-1.7137109,-0.48150733,0.073793955
207,185,-2.197802,-0.2021033,-1.7003077,-0.5243828,0.08962758
207,187,-2.197802,-0.2021033,-1.9954306,-0.46412537,0.62125635
207,191,-2.197802,-0.2021033,-1.9472992,-0.5304848,0.48060575
207,197,-2.197802,-0.2021033,-2.139243,-0.3859124,0.45993993
207,201,-2.197802,-0.2021033,-1.6588452,-0.46502566,0.08029651
207,205,-2.197802,-0.2021033,-1.8222362,-0.6042134,0.2222284
207,209,-2.197802,-0.2021033,-2.2606375,0.89555573,0.13418595
207,222,-2.197802,-0.2021033,-2.1940608,0.4782365,0.29984924
207,228,-2.197802,-0.2021033,-2.1859515,0.44296357,0.22956422
207,230,-2.197802,-0.2021033,-2.1391823,0.5878663,0.1774638
207,236,-2.197802,-0.2021033,-2.534911,0.75457335,0.060034968
207,257,-2.197802,-0.2021033,-2.238047,-0.13998601,1.0
208,147,-3.5174038,4.971948,-3.2803864,4.7207294,0.22127916
208,178,-3.5174038,4.971948,-3.6784446,4.9375067,0.42068413
208,192,-3.5174038,4.971948,-3.412911,4.27756,0.20233738
208,204,-3.5174038,4.971948,-3.1951938,3.911171,0.18886618
208,211,-3.5174038,4.971948,-3.0988684,4.6563773,0.16760911
208,213,-3.5174038,4.971948,-3.1841474,3.6991189,0.16478097
208,225,-3.5174038,4.971948,-3.2209542,4.103638,0.23665138
208,233,-3.5174038,4.971948,-3.5823464,4.8705993,0.33545625
208,235,-3.5174038,4.971948,-3.5226483,4.7654614,0.19501124
208,239,-3.5174038,4.971948,-3.57,3.957115,0.17868833
208,245,-3.5174038,4.971948,-3.725524,5.0086837,0.6452151
208,250,-3.5174038,4.971948,-3.3714726,4.1105213,0.19427404
208,254,-3.5174038,4.971948,-3.061753,4.611702,0.17942801
208,256,-3.5174038,4.971948,-3.5174954,4.765926,0.4525136
208,258,-3.5174038,4.971948,-3.6444798,4.9068184,1.0
209,158,-2.2606375,0.89555573,-2.2477624,0.33348188,0.3699567
209,167,-2.2606375,0.89555573,-2.3069718,1.148743,0.17927445
209,190,-2.2606375,0.89555573,-1.8985456,0.4869323,0.16947201
209,199,-2.2606375,0.89555573,-2.4485087,1.2687867,1.0
209,207,-2.2606375,0.89555573,-2.197802,-0.2021033,0.13418595
209,212,-2.2606375,0.89555573,-2.0620434,0.60969996,0.5864499
209,218,-2.2606375,0.89555573,-2.6825361,1.4657509,0.31586888
209,222,-2.2606375,0.89555573,-2.1940608,0.4782365,0.7005547
209,230,-2.2606375,0.89555573,-2.1391823,0.5878663,0.44211704
209,236,-2.2606375,0.89555573,-2.534911,0.75457335,0.08032789
209,238,-2.2606375,0.89555573,-2.3204598,1.0162339,0.07709867
209,241,-2.2606375,0.89555573,-2.5468378,1.7144554,0.6154466
209,257,-2.2606375,0.89555573,-2.238047,-0.13998601,0.5362544
209,260,-2.2606375,0.89555573,-2.656196,0.7466385,0.12773465
209,261,-2.2606375,0.89555573,-2.6576474,1.0782357,0.5737404
210,147,-3.3373265,4.7784023,-3.2803864,4.7207294,0.99999994
210,178,-3.3373265,4.7784023,-3.6784446,4.9375067,0.11696546
210,186,-3.3373265,4.7784023,-3.002497,4.4003367,0.29004455
210,189,-3.3373265,4.7784023,-3.1334293,4.192225,0.05231736
210,192,-3.3373265,4.7784023,-3.412911,4.27756,0.07600017
210,211,-3.3373265,4.7784023,-3.0988684,4.6563773,0.7470255
210,219,-3.3373265,4.7784023,-3.0195208,4.549643,0.47530597
210,223,-3.3373265,4.7784023,-2.8076396,4.3870697,0.12527846
210,227,-3.3373265,4.7784023,-3.3968978,4.1560464,0.052986573
210,229,-3.3373265,4.7784023,-3.532561,4.8545403,0.8990959
210,233,-3.3373265,4.7784023,-3.5823464,4.8705993,0.551831
210,235,-3.3373265,4.7784023,-3.5226483,4.7654614,0.34277368
210,237,-3.3373265,4.7784023,-2.9243484,4.3254666,0.26815602
210,243,-3.3373265,4.7784023,-3.6018226,4.3871746,0.09745092
210,245,-3.3373265,4.7784023,-3.725524,5.0086837,0.062121823
210,254,-3.3373265,4.7784023,-3.061753,4.611702,0.3330291
210,256,-3.3373265,4.7784023,-3.5174954,4.765926,0.5103063
210,258,-3.3373265,4.7784023,-3.6444798,4.9068184,0.15597996
211,147,-3.0988684,4.6563773,-3.2803864,4.7207294,1.0
211,163,-3.0988684,4.6563773,-2.5957668,4.226711,0.06777086
211,186,-3.0988684,4.6563773,-3.002497,4.4003367,0.5930857
211,189,-3.0988684,4.6563773,-3.1334293,4.192225,0.052311048
211,192,-3.0988684,4.6563773,-3.412911,4.27756,0.057272248
211,204,-3.0988684,4.6563773,-3.1951938,3.911171,0.039493445
211,208,-3.0988684,4.6563773,-3.5174038,4.971948,0.16760911
211,210,-3.0988684,4.6563773,-3.3373265,4.7784023,0.7470255
211,219,-3.0988684,4.6563773,-3.0195208,4.549643,1.0
211,221,-3.0988684,4.6563773,-2.7847347,4.317929,0.09553872
211,223,-3.0988684,4.6563773,-2.8076396,4.3870697,0.25271785
211,227,-3.0988684,4.6563773,-3.3968978,4.1560464,0.03739626
211,229,-3.0988684,4.6563773,-3.532561,4.8545403,0.18866086
211,233,-3.0988684,4.6563773,-3.5823464,4.8705993,0.13687375
211,235,-3.0988684,4.6563773,-3.5226483,4.7654614,0.10521617
211,237,-3.0988684,4.6563773,-2.9243484,4.3254666,0.4203643
211,254,-3.0988684,4.6563773,-3.061753,4.611702,1.0
211,256,-3.0988684,4.6563773,-3.5174954,4.765926,0.24952772
211,258,-3.0988684,4.6563773,-3.6444798,4.9068184,0.16995144
211,259,-3.0988684,4.6563773,-2.7058036,4.4101176,0.20602784
211,262,-3.0988684,4.6563773,-2.9409359,4.062905,0.07093409
212,156,-2.0620434,0.60969996,-1.644658,0.23302247,0.29273587
212,158,-2.0620434,0.60969996,-2.2477624,0.33348188,0.18479966
212,167,-2.0620434,0.60969996,-2.3069718,1.148743,0.19144335
212,170,-2.0620434,0.60969996,-1.7771993,0.3956613,0.13636774
212,181,-2.0620434,0.60969996,-1.6735703,0.30772635,0.22236189
212,190,-2.0620434,0.60969996,-1.8985456,0.4869323,0.980569
212,199,-2.0620434,0.60969996,-2.4485087,1.2687867,0.16557547
212,202,-2.0620434,0.60969996,-2.3200164,2.1485496,0.15593807
212,209,-2.0620434,0.60969996,-2.2606375,0.89555573,0.5864499
212,222,-2.0620434,0.60969996,-2.1940608,0.4782365,0.28276187
212,228,-2.0620434,0.60969996,-2.1859515,0.44296357,0.15650345
212,230,-2.0620434,0.60969996,-2.1391823,0.5878663,1.0
212,236,-2.0620434,0.60969996,-2.534911,0.75457335,0.1341832
212,238,-2.0620434,0.60969996,-2.3204598,1.0162339,0.23603275
212,255,-2.0620434,0.60969996,-2.1438177,0.7883047,0.07460927
212,257,-2.0620434,0.60969996,-2.238047,-0.13998601,0.14767286
213,149,-3.1841474,3.6991189,-2.691614,3.7652392,0.5018323
213,159,-3.1841474,3.6991189,-2.5006318,3.3382099,0.09430536
213,165,-3.1841474,3.6991189,-2.8984485,3.0543184,0.4186407
213,166,-3.1841474,3.6991189,-2.815415,3.368522,0.5421902
213,174,-3.1841474,3.6991189,-2.9206898,3.820432,0.8363273
213,186,-3.1841474,3.6991189,-3.002497,4.4003367,0.12415606
213,189,-3.1841474,3.6991189,-3.1334293,4.192225,0.25405404
213,192,-3.1841474,3.6991189,-3.412911,4.27756,0.29250124
213,196,-3.1841474,3.6991189,-2.779299,2.9905863,0.08177313
213,198,-3.1841474,3.6991189,-3.119618,2.8509216,0.069859
213,204,-3.1841474,3.6991189,-3.1951938,3.911171,1.0
213,208,-3.1841474,3.6991189,-3.5174038,4.971948,0.16478097
213,225,-3.1841474,3.6991189,-3.2209542,4.103638,0.45530334
213,227,-3.1841474,3.6991189,-3.3968978,4.1560464,0.26944447
213,231,-3.1841474,3.6991189,-2.9083962,3.1336663,0.31622025
213,237,-3.1841474,3.6991189,-2.9243484,4.3254666,0.11093807
213,239,-3.1841474,3.6991189,-3.57,3.957115,0.22116017
213,247,-3.1841474,3.6991189,-3.2504041,3.8316145,0.7062676
213,250,-3.1841474,3.6991189,-3.3714726,4.1105213,0.23754242
213,262,-3.1841474,3.6991189,-2.9409359,4.062905,0.36937675
214,155,-2.8145275,1.7525104,-2.3040988,2.4011796,0.04025763
214,171,-2.8145275,1.7525104,-2.4067094,2.227349,0.056988254
214,173,-2.8145275,1.7525104,-2.9656923,0.39677954,0.070229486
214,188,-2.8145275,1.7525104,-3.0002365,1.9665728,0.8538846
214,199,-2.8145275,1.7525104,-2.4485087,1.2687867,0.32605755
214,218,-2.8145275,1.7525104,-2.6825361,1.4657509,1.0
214,224,-2.8145275,1.7525104,-3.0224452,0.4672552,0.28309327
214,226,-2.8145275,1.7525104,-2.9284673,0.73739946,0.4647176
214,234,-2.8145275,1.7525104,-2.6137102,1.9876428,0.84445226
214,236,-2.8145275,1.7525104,-2.534911,0.75457335,0.045005083
214,240,-2.8145275,1.7525104,-2.8298855,2.3116477,0.24533316
214,241,-2.8145275,1.7525104,-2.5468378,1.7144554,0.10915853
214,244,-2.8145275,1.7525104,-2.8552752,1.9690942,0.8837117
214,246,-2.8145275,1.7525104,-2.6040645,2.1879141,0.39529425
214,253,-2.8145275,1.7525104,-2.9528546,2.3172755,0.15240115
214,261,-2.8145275,1.7525104,-2.6576474,1.0782357,0.3154196
215,153,-2.322725,2.3334734,-2.4278605,2.4069288,0.75440085
215,155,-2.322725,2.3334734,-2.3040988,2.4011796,0.17871414
215,169,-2.322725,2.3334734,-2.2088568,2.4435668,0.34960333
215,171,-2.322725,2.3334734,-2.4067094,2.227349,0.0756861
215,175,-2.322725,2.3334734,-2.5474179,2.6782572,0.5079825
215,182,-2.322725,2.3334734,-2.1933057,2.910613,0.24116556
215,194,-2.322725,2.3334734,-2.1382248,2.6742835,0.080306694
215,200,-2.322725,2.3334734,-2.2819211,2.336657,1.0
215,202,-2.322725,2.3334734,-2.3200164,2.1485496,0.6823231
215,206,-2.322725,2.3334734,-2.5055654,2.5743656,0.1673717
215,216,-2.322725,2.3334734,-2.7205794,2.4953396,0.7981167
215,217,-2.322725,2.3334734,-2.4177387,2.4415233,0.04806166
215,234,-2.322725,2.3334734,-2.6137102,1.9876428,0.31279993
215,240,-2.322725,2.3334734,-2.8298855,2.3116477,0.07854845
215,241,-2.322725,2.3334734,-2.5468378,1.7144554,0.082364134
215,244,-2.322725,2.3334734,-2.8552752,1.9690942,0.14619802
215,246,-2.322725,2.3334734,-2.6040645,2.1879141,0.2555257
216,153,-2.7205794,2.4953396,-2.4278605,2.4069288,0.60101426
216,155,-2.7205794,2.4953396,-2.3040988,2.4011796,0.17154692
216,165,-2.7205794,2.4953396,-2.8984485,3.0543184,0.5229937
216,169,-2.7205794,2.4953396,-2.2088568,2.4435668,0.152359
216,175,-2.7205794,2.4953396,-2.5474179,2.6782572,0.99999994
216,179,-2.7205794,2.4953396,-2.8854132,2.74445,0.45154604
216,180,-2.7205794,2.4953396,-2.4741359,3.6703637,0.35278726
216,182,-2.7205794,2.4953396,-2.1933057,2.910613,0.07753915
216,188,-2.7205794,2.4953396,-3.0002365,1.9665728,0.034647763
216,198,-2.7205794,2.4953396,-3.119618,2.8509216,0.38721588
216,206,-2.7205794,2.4953396,-2.5055654,2.5743656,0.058796667
216,215,-2.7205794,2.4953396,-2.322725,2.3334734,0.7981167
216,227,-2.7205794,2.4953396,-3.3968978,4.1560464,0.23212045
216,234,-2.7205794,2.4953396,-2.6137102,1.9876428,0.34913665
216,239,-2.7205794,2.4953396,-3.57,3.957115,0.108709335
216,240,-2.7205794,2.4953396,-2.8298855,2.3116477,0.49506462
216,244,-2.7205794,2.4953396,-2.8552752,1.9690942,0.34392083
216,246,-2.7205794,2.4953396,-2.6040645,2.1879141,0.22036028
216,253,-2.7205794,2.4953396,-2.9528546,2.3172755,0.16049758
217,150,-2.4177387,2.4415233,-2.4442887,3.034656,1.0
217,153,-2.4177387,2.4415233,-2.4278605,2.4069288,0.82489824
217,155,-2.4177387,2.4415233,-2.3040988,2.4011796,0.53282934
217,159,-2.4177387,2.4415233,-2.5006318,3.3382099,0.09471155
217,167,-2.4177387,2.4415233,-2.3069718,1.148743,0.34552798
217,169,-2.4177387,2.4415233,-2.2088568,2.4435668,0.08895533
217,171,-2.4177387,2.4415233,-2.4067094,2.227349,1.0
217,172,-2.4177387,2.4415233,-2.4026453,3.3124347,0.11487509
217,175,-2.4177387,2.4415233,-2.5474179,2.6782572,0.21641633
217,179,-2.4177387,2.4415233,-2.8854132,2.74445,0.16958942
217,194,-2.4177387,2.4415233,-2.1382248,2.6742835,0.10379869
217,196,-2.4177387,2.4415233,-2.779299,2.9905863,0.28416327
217,199,-2.4177387,2.4415233,-2.4485087,1.2687867,0.31355834
217,200,-2.4177387,2.4415233,-2.2819211,2.336657,0.23066615
217,202,-2.4177387,2.4415233,-2.3200164,2.1485496,0.44373775
217,206,-2.4177387,2.4415233,-2.5055654,2.5743656,0.86930084
217,215,-2.4177387,2.4415233,-2.322725,2.3334734,0.04806166
217,234,-2.4177387,2.4415233,-2.6137102,1.9876428,0.4032163
217,241,-2.4177387,2.4415233,-2.5468378,1.7144554,0.023511859
217,246,-2.4177387,2.4415233,-2.6040645,2.1879141,0.15351252
217,252,-2.4177387,2.4415233,-2.2144618,3.2720413,0.13543767
217,263,-2.4177387,2.4415233,-2.2051635,1.6770768,0.49242586
218,152,-2.6825361,1.4657509,-2.5411484,0.74578726,0.306432
218,164,-2.6825361,1.4657509,-2.8519833,0.87756276,0.04186115
218,167,-2.6825361,1.4657509,-2.3069718,1.148743,0.08204919
218,168,-2.6825361,1.4657509,-2.3256023,-0.3000047,0.18662028
218,169,-2.6825361,1.4657509,-2.2088568,2.4435668,0.06615239
218,171,-2.6825361,1.4657509,-2.4067094,2.227349,0.13876747
218,188,-2.6825361,1.4657509,-3.0002365,1.9665728,0.086329676
218,199,-2.6825361,1.4657509,-2.4485087,1.2687867,0.46849066
218,202,-2.6825361,1.4657509,-2.3200164,2.1485496,0.2526805
218,209,-2.6825361,1.4657509,-2.2606375,0.89555573,0.31586888
218,214,-2.6825361,1.4657509,-2.8145275,1.7525104,1.0
218,224,-2.6825361,1.4657509,-3.0224452,0.4672552,0.08353004
218,226,-2.6825361,1.4657509,-2.9284673,0.73739946,0.36452627
218,230,-2.6825361,1.4657509,-2.1391823,0.5878663,0.15259457
218,234,-2.6825361,1.4657509,-2.6137102,1.9876428,0.4443342
218,236,-2.6825361,1.4657509,-2.534911,0.75457335,0.3904084
218,238,-2.6825361,1.4657509,-2.3204598,1.0162339,0.3458982
218,241,-2.6825361,1.4657509,-2.5468378,1.7144554,0.03920718
218,244,-2.6825361,1.4657509,-2.8552752,1.9690942,0.30467412
218,246,-2.6825361,1.4657509,-2.6040645,2.1879141,0.3043074
218,255,-2.6825361,1.4657509,-2.1438177,0.7883047,0.22380182
218,257,-2.6825361,1.4657509,-2.238047,-0.13998601,0.1447485
218,261,-2.6825361,1.4657509,-2.6576474,1.0782357,0.40259573
219,147,-3.0195208,4.549643,-3.2803864,4.7207294,0.76410747
219,186,-3.0195208,4.549643,-3.002497,4.4003367,0.5035995
219,189,-3.0195208,4.549643,-3.1334293,4.192225,0.07968484
219,192,-3.0195208,4.549643,-3.412911,4.27756,0.093367964
219,204,-3.0195208,4.549643,-3.1951938,3.911171,0.08820608
219,210,-3.0195208,4.549643,-3.3373265,4.7784023,0.47530597
219,211,-3.0195208,4.549643,-3.0988684,4.6563773,1.0
219,223,-3.0195208,4.549643,-2.8076396,4.3870697,0.3863327
219,227,-3.0195208,4.549643,-3.3968978,4.1560464,0.075186074
219,229,-3.0195208,4.549643,-3.532561,4.8545403,0.05999689
219,237,-3.0195208,4.549643,-2.9243484,4.3254666,0.37110823
219,247,-3.0195208,4.549643,-3.2504041,3.8316145,0.23745497
219,254,-3.0195208,4.549643,-3.061753,4.611702,0.9093352
219,256,-3.0195208,4.549643,-3.5174954,4.765926,0.11262012
219,259,-3.0195208,4.549643,-2.7058036,4.4101176,0.17947358
219,262,-3.0195208,4.549643,-2.9409359,4.062905,0.10569266
220,146,-2.8782637,0.27514458,-2.1911726,-0.23753275,0.15358628
220,148,-2.8782637,0.27514458,-2.9565227,0.2818554,0.82408947
220,151,-2.8782637,0.27514458,-2.3469698,-0.08410073,0.46468145
220,152,-2.8782637,0.27514458,-2.5411484,0.74578726,0.12063295
220,160,-2.8782637,0.27514458,-2.0162652,-0.5331736,0.0965084
220,164,-2.8782637,0.27514458,-2.8519833,0.87756276,0.43644947
220,168,-2.8782637,0.27514458,-2.3256023,-0.3000047,0.28628054
220,173,-2.8782637,0.27514458,-2.9656923,0.39677954,1.0
220,195,-2.8782637,0.27514458,-2.7491944,0.68883324,0.47505605
220,197,-2.8782637,0.27514458,-2.139243,-0.3859124,0.16991091
220,224,-2.8782637,0.27514458,-3.0224452,0.4672552,0.53402376
220,226,-2.8782637,0.27514458,-2.9284673,0.73739946,0.59386444
220,232,-2.8782637,0.27514458,-2.7760918,0.7647312,0.36435905
220,236,-2.8782637,0.27514458,-2.534911,0.75457335,0.14607064
220,242,-2.8782637,0.27514458,-3.0334263,0.34739116,1.0
220,261,-2.8782637,0.27514458,-2.6576474,1.0782357,0.10371305
221,149,-2.7847347,4.317929,-2.691614,3.7652392,0.12485123
221,157,-2.7847347,4.317929,-2.3995516,3.7320602,0.10098214
221,161,-2.7847347,4.317929,-2.603429,3.99445,0.63466
221,163,-2.7847347,4.317929,-2.5957668,4.226711,0.44528836
221,174,-2.7847347,4.317929,-2.9206898,3.820432,0.07475193
221,178,-2.7847347,4.317929,-3.6784446,4.9375067,0.14597628
221,186,-2.7847347,4.317929,-3.002497,4.4003367,0.2965552
221,189,-2.7847347,4.317929,-3.1334293,4.192225,0.25887734
221,211,-2.7847347,4.317929,-3.0988684,4.6563773,0.09553872
221,225,-2.7847347,4.317929,-3.2209542,4.103638,0.057811595
221,237,-2.7847347,4.317929,-2.9243484,4.3254666,0.29318345
221,245,-2.7847347,4.317929,-3.725524,5.0086837,0.04089262
221,250,-2.7847347,4.317929,-3.3714726,4.1105213,0.23289768
221,254,-2.7847347,4.317929,-3.061753,4.611702,0.1949886
221,258,-2.7847347,4.317929,-3.6444798,4.9068184,0.16304766
221,259,-2.7847347,4.317929,-2.7058036,4.4101176,1.0
221,262,-2.7847347,4.317929,-2.9409359,4.062905,0.8221362
222,146,-2.1940608,0.4782365,-2.1911726,-0.23753275,0.19677241
222,151,-2.1940608,0.4782365,-2.3469698,-0.08410073,0.1710411
222,152,-2.1940608,0.4782365,-2.5411484,0.74578726,0.23297143
222,156,-2.1940608,0.4782365,-1.644658,0.23302247,0.07025236
222,158,-2.1940608,0.4782365,-2.2477624,0.33348188,1.0
222,167,-2.1940608,0.4782365,-2.3069718,1.148743,0.25749767
222,170,-2.1940608,0.4782365,-1.7771993,0.3956613,0.25932083
222,181,-2.1940608,0.4782365,-1.6735703,0.30772635,0.18201564
222,190,-2.1940608,0.4782365,-1.8985456,0.4869323,0.80978197
222,193,-2.1940608,0.4782365,-1.9468514,0.49669468,0.3959909
222,195,-2.1940608,0.4782365,-2.7491944,0.68883324,0.19319515
222,199,-2.1940608,0.4782365,-2.4485087,1.2687867,0.30754107
222,207,-2.1940608,0.4782365,-2.197802,-0.2021033,0.29984924
222,209,-2.1940608,0.4782365,-2.2606375,0.89555573,0.7005547
222,212,-2.1940608,0.4782365,-2.0620434,0.60969996,0.28276187
222,228,-2.1940608,0.4782365,-2.1859515,0.44296357,1.0
222,230,-2.1940608,0.4782365,-2.1391823,0.5878663,0.25995895
222,232,-2.1940608,0.4782365,-2.7760918,0.7647312,0.19652386
222,236,-2.1940608,0.4782365,-2.534911,0.75457335,0.34673306
222,238,-2.1940608,0.4782365,-2.3204598,1.0162339,0.22170058
222,257,-2.1940608,0.4782365,-2.238047,-0.13998601,0.21424606
222,260,-2.1940608,0.4782365,-2.656196,0.7466385,0.4322676
222,261,-2.1940608,0.4782365,-2.6576474,1.0782357,0.36664963
223,157,-2.8076396,4.3870697,-2.3995516,3.7320602,0.16101246
223,161,-2.8076396,4.3870697,-2.603429,3.99445,0.22386308
223,180,-2.8076396,4.3870697,-2.4741359,3.6703637,0.24462125
223,182,-2.8076396,4.3870697,-2.1933057,2.910613,0.28977886
223,186,-2.8076396,4.3870697,-3.002497,4.4003367,0.2866487
223,194,-2.8076396,4.3870697,-2.1382248,2.6742835,0.1337118
223,210,-2.8076396,4.3870697,-3.3373265,4.7784023,0.12527846
223,211,-2.8076396,4.3870697,-3.0988684,4.6563773,0.25271785
223,219,-2.8076396,4.3870697,-3.0195208,4.549643,0.3863327
223,237,-2.8076396,4.3870697,-2.9243484,4.3254666,0.3050942
223,248,-2.8076396,4.3870697,-2.1934319,3.4007277,0.34473467
223,254,-2.8076396,4.3870697,-3.061753,4.611702,0.18374868
223,259,-2.8076396,4.3870697,-2.7058036,4.4101176,1.0
223,262,-2.8076396,4.3870697,-2.9409359,4.062905,0.124395736
224,148,-3.0224452,0.4672552,-2.9565227,0.2818554,0.80280465
224,164,-3.0224452,0.4672552,-2.8519833,0.87756276,0.09453545
224,168,-3.0224452,0.4672552,-2.3256023,-0.3000047,0.14847638
224,173,-3.0224452,0.4672552,-2.9656923,0.39677954,1.0
224,188,-3.0224452,0.4672552,-3.0002365,1.9665728,0.58367383
224,195,-3.0224452,0.4672552,-2.7491944,0.68883324,0.11954202
224,214,-3.0224452,0.4672552,-2.8145275,1.7525104,0.28309327
224,218,-3.0224452,0.4672552,-2.6825361,1.4657509,0.08353004
224,220,-3.0224452,0.4672552,-2.8782637,0.27514458,0.53402376
224,226,-3.0224452,0.4672552,-2.9284673,0.73739946,0.69013274
224,232,-3.0224452,0.4672552,-2.7760918,0.7647312,0.26949173
224,242,-3.0224452,0.4672552,-3.0334263,0.34739116,0.31404528
224,244,-3.0224452,0.4672552,-2.8552752,1.9690942,0.08117678
224,253,-3.0224452,0.4672552,-2.9528546,2.3172755,0.07396511
224,261,-3.0224452,0.4672552,-2.6576474,1.0782357,0.13346115
225,149,-3.2209542,4.103638,-2.691614,3.7652392,0.23786536
225,165,-3.2209542,4.103638,-2.8984485,3.0543184,0.08264621
225,174,-3.2209542,4.103638,-2.9206898,3.820432,0.35268176
225,178,-3.2209542,4.103638,-3.6784446,4.9375067,0.13668637
225,186,-3.2209542,4.103638,-3.002497,4.4003367,0.10381079
225,189,-3.2209542,4.103638,-3.1334293,4.192225,0.45361108
225,192,-3.2209542,4.103638,-3.412911,4.27756,0.40452078
225,204,-3.2209542,4.103638,-3.1951938,3.911171,0.41205686
225,208,-3.2209542,4.103638,-3.5174038,4.971948,0.23665138
225,213,-3.2209542,4.103638,-3.1841474,3.6991189,0.45530334
225,221,-3.2209542,4.103638,-2.7847347,4.317929,0.057811595
225,227,-3.2209542,4.103638,-3.3968978,4.1560464,0.3319773
225,231,-3.2209542,4.103638,-2.9083962,3.1336663,0.047445484
225,237,-3.2209542,4.103638,-2.9243484,4.3254666,0.11437443
225,239,-3.2209542,4.103638,-3.57,3.957115,0.32035804
225,243,-3.2209542,4.103638,-3.6018226,4.3871746,0.19764394
225,245,-3.2209542,4.103638,-3.725524,5.0086837,0.08236916
225,250,-3.2209542,4.103638,-3.3714726,4.1105213,1.0
225,258,-3.2209542,4.103638,-3.6444798,4.9068184,0.20337558
225,262,-3.2209542,4.103638,-2.9409359,4.062905,0.2702875
225,264,-3.2209542,4.103638,-2.2625792,3.472551,0.120211236
226,148,-2.9284673,0.73739946,-2.9565227,0.2818554,0.23369837
226,152,-2.9284673,0.73739946,-2.5411484,0.74578726,0.2958541
226,164,-2.9284673,0.73739946,-2.8519833,0.87756276,0.65777785
226,168,-2.9284673,0.73739946,-2.3256023,-0.3000047,0.14511967
226,173,-2.9284673,0.73739946,-2.9656923,0.39677954,0.99999994
226,177,-2.9284673,0.73739946,-2.6394188,0.94583184,0.04643887
226,188,-2.9284673,0.73739946,-3.0002365,1.9665728,0.14115855
226,195,-2.9284673,0.73739946,-2.7491944,0.68883324,0.6211351
226,199,-2.9284673,0.73739946,-2.4485087,1.2687867,0.010754458
226,214,-2.9284673,0.73739946,-2.8145275,1.7525104,0.4647176
226,218,-2.9284673,0.73739946,-2.6825361,1.4657509,0.36452627
226,220,-2.9284673,0.73739946,-2.8782637,0.27514458,0.59386444
226,224,-2.9284673,0.73739946,-3.0224452,0.4672552,0.69013274
226,232,-2.9284673,0.73739946,-2.7760918,0.7647312,0.43975532
226,236,-2.9284673,0.73739946,-2.534911,0.75457335,0.41363272
226,242,-2.9284673,0.73739946,-3.0334263,0.34739116,0.21087521
226,260,-2.9284673,0.73739946,-2.656196,0.7466385,0.15969819
226,261,-2.9284673,0.73739946,-2.6576474,1.0782357,0.65410495
227,147,-3.3968978,4.1560464,-3.2803864,4.7207294,0.07505944
227,157,-3.3968978,4.1560464,-2.3995516,3.7320602,0.076843545
227,165,-3.3968978,4.1560464,-2.8984485,3.0543184,0.28393066
227,174,-3.3968978,4.1560464,-2.9206898,3.820432,0.25971508
227,180,-3.3968978,4.1560464,-2.4741359,3.6703637,0.56468517
227,186,-3.3968978,4.1560464,-3.002497,4.4003367,0.35460806
227,189,-3.3968978,4.1560464,-3.1334293,4.192225,0.73181266
227,192,-3.3968978,4.1560464,-3.412911,4.27756,1.0
227,198,-3.3968978,4.1560464,-3.119618,2.8509216,0.14806636
227,204,-3.3968978,4.1560464,-3.1951938,3.911171,0.434839
227,210,-3.3968978,4.1560464,-3.3373265,4.7784023,0.052986573
227,211,-3.3968978,4.1560464,-3.0988684,4.6563773,0.03739626
227,213,-3.3968978,4.1560464,-3.1841474,3.6991189,0.26944447
227,216,-3.3968978,4.1560464,-2.7205794,2.4953396,0.23212045
227,219,-3.3968978,4.1560464,-3.0195208,4.549643,0.075186074
227,225,-3.3968978,4.1560464,-3.2209542,4.103638,0.3319773
227,229,-3.3968978,4.1560464,-3.532561,4.8545403,0.055156425
227,233,-3.3968978,4.1560464,-3.5823464,4.8705993,0.07564416
227,235,-3.3968978,4.1560464,-3.5226483,4.7654614,0.12838858
227,237,-3.3968978,4.1560464,-2.9243484,4.3254666,0.4534666
227,239,-3.3968978,4.1560464,-3.57,3.957115,0.95768917
227,243,-3.3968978,4.1560464,-3.6018226,4.3871746,0.8767373
227,247,-3.3968978,4.1560464,-3.2504041,3.8316145,0.21594837
227,250,-3.3968978,4.1560464,-3.3714726,4.1105213,0.209707
227,256,-3.3968978,4.1560464,-3.5174954,4.765926,0.09357361
227,262,-3.3968978,4.1560464,-2.9409359,4.062905,0.17869861
228,146,-2.1859515,0.44296357,-2.1911726,-0.23753275,0.34187707
228,151,-2.1859515,0.44296357,-2.3469698,-0.08410073,0.40273663
228,152,-2.1859515,0.44296357,-2.5411484,0.74578726,0.34351748
228,154,-2.1859515,0.44296357,-1.5480418,-0.30549943,0.12383309
228,156,-2.1859515,0.44296357,-1.644658,0.23302247,0.10204628
228,158,-2.1859515,0.44296357,-2.2477624,0.33348188,0.9914321
228,164,-2.1859515,0.44296357,-2.8519833,0.87756276,0.20932436
228,170,-2.1859515,0.44296357,-1.7771993,0.3956613,0.25674066
228,176,-2.1859515,0.44296357,-1.6349579,-0.018498538,0.33406234
228,177,-2.1859515,0.44296357,-2.6394188,0.94583184,0.085832626
228,181,-2.1859515,0.44296357,-1.6735703,0.30772635,0.3804164
228,190,-2.1859515,0.44296357,-1.8985456,0.4869323,0.29313427
228,193,-2.1859515,0.44296357,-1.9468514,0.49669468,0.4649238
228,195,-2.1859515,0.44296357,-2.7491944,0.68883324,0.33196542
228,207,-2.1859515,0.44296357,-2.197802,-0.2021033,0.22956422
228,212,-2.1859515,0.44296357,-2.0620434,0.60969996,0.15650345
228,222,-2.1859515,0.44296357,-2.1940608,0.4782365,1.0
228,230,-2.1859515,0.44296357,-2.1391823,0.5878663,0.17652789
228,232,-2.1859515,0.44296357,-2.7760918,0.7647312,0.07940938
228,236,-2.1859515,0.44296357,-2.534911,0.75457335,0.4616325
228,238,-2.1859515,0.44296357,-2.3204598,1.0162339,0.09755631
228,249,-2.1859515,0.44296357,-1.6835619,0.17395782,0.10452371
228,251,-2.1859515,0.44296357,-1.6494913,-0.17204246,0.3112625
228,260,-2.1859515,0.44296357,-2.656196,0.7466385,0.20565037
228,261,-2.1859515,0.44296357,-2.6576474,1.0782357,0.11687611
229,147,-3.532561,4.8545403,-3.2803864,4.7207294,0.34938517
229,178,-3.532561,4.8545403,-3.6784446,4.9375067,0.15672438
229,186,-3.532561,4.8545403,-3.002497,4.4003367,0.09718412
229,189,-3.532561,4.8545403,-3.1334293,4.192225,0.056866698
229,192,-3.532561,4.8545403,-3.412911,4.27756,0.07491059
229,210,-3.532561,4.8545403,-3.3373265,4.7784023,0.8990959
229,211,-3.532561,4.8545403,-3.0988684,4.6563773,0.18866086
229,219,-3.532561,4.8545403,-3.0195208,4.549643,0.05999689
229,227,-3.532561,4.8545403,-3.3968978,4.1560464,0.055156425
229,233,-3.532561,4.8545403,-3.5823464,4.8705993,1.0
229,235,-3.532561,4.8545403,-3.5226483,4.7654614,0.907934
229,237,-3.532561,4.8545403,-2.9243484,4.3254666,0.10995186
229,243,-3.532561,4.8545403,-3.6018226,4.3871746,0.23551033
229,245,-3.532561,4.8545403,-3.725524,5.0086837,0.17707168
229,254,-3.532561,4.8545403,-3.061753,4.611702,0.050244782
229,256,-3.532561,4.8545403,-3.5174954,4.765926,0.3562043
230,156,-2.1391823,0.5878663,-1.644658,0.23302247,0.37499583
230,158,-2.1391823,0.5878663,-2.2477624,0.33348188,0.19396755
230,167,-2.1391823,0.5878663,-2.3069718,1.148743,0.17307292
230,170,-2.1391823,0.5878663,-1.7771993,0.3956613,0.08907551
230,181,-2.1391823,0.5878663,-1.6735703,0.30772635,0.06696973
230,190,-2.1391823,0.5878663,-1.8985456,0.4869323,0.49152815
230,207,-2.1391823,0.5878663,-2.197802,-0.2021033,0.1774638
230,209,-2.1391823,0.5878663,-2.2606375,0.89555573,0.44211704
230,212,-2.1391823,0.5878663,-2.0620434,0.60969996,1.0
230,218,-2.1391823,0.5878663,-2.6825361,1.4657509,0.15259457
230,222,-2.1391823,0.5878663,-2.1940608,0.4782365,0.25995895
230,228,-2.1391823,0.5878663,-2.1859515,0.44296357,0.17652789
230,236,-2.1391823,0.5878663,-2.534911,0.75457335,0.18795931
230,238,-2.1391823,0.5878663,-2.3204598,1.0162339,0.3806585
230,249,-2.1391823,0.5878663,-1.6835619,0.17395782,0.15924996
230,255,-2.1391823,0.5878663,-2.1438177,0.7883047,0.48070684
230,257,-2.1391823,0.5878663,-2.238047,-0.13998601,0.31032348
231,149,-2.9083962,3.1336663,-2.691614,3.7652392,0.08210226
231,150,-2.9083962,3.1336663,-2.4442887,3.034656,0.09521475
231,165,-2.9083962,3.1336663,-2.8984485,3.0543184,0.11345457
231,166,-2.9083962,3.1336663,-2.815415,3.368522,0.9742216
231,174,-2.9083962,3.1336663,-2.9206898,3.820432,0.15104854
231,179,-2.9083962,3.1336663,-2.8854132,2.74445,0.7901072
231,188,-2.9083962,3.1336663,-3.0002365,1.9665728,0.021306142
231,196,-2.9083962,3.1336663,-2.779299,2.9905863,0.99999994
231,198,-2.9083962,3.1336663,-3.119618,2.8509216,0.060400758
231,204,-2.9083962,3.1336663,-3.1951938,3.911171,0.053096533
231,213,-2.9083962,3.1336663,-3.1841474,3.6991189,0.31622025
231,225,-2.9083962,3.1336663,-3.2209542,4.103638,0.047445484
231,244,-2.9083962,3.1336663,-2.8552752,1.9690942,0.021885011
231,253,-2.9083962,3.1336663,-2.9528546,2.3172755,0.30249602
232,148,-2.7760918,0.7647312,-2.9565227,0.2818554,0.14898866
232,151,-2.7760918,0.7647312,-2.3469698,-0.08410073,0.1603031
232,152,-2.7760918,0.7647312,-2.5411484,0.74578726,0.19182742
232,158,-2.7760918,0.7647312,-2.2477624,0.33348188,0.19929099
232,164,-2.7760918,0.7647312,-2.8519833,0.87756276,0.3047036
232,173,-2.7760918,0.7647312,-2.9656923,0.39677954,0.341961
232,177,-2.7760918,0.7647312,-2.6394188,0.94583184,0.062777944
232,193,-2.7760918,0.7647312,-1.9468514,0.49669468,0.117393546
232,195,-2.7760918,0.7647312,-2.7491944,0.68883324,0.9501286
232,199,-2.7760918,0.7647312,-2.4485087,1.2687867,0.27637696
232,220,-2.7760918,0.7647312,-2.8782637,0.27514458,0.36435905
232,222,-2.7760918,0.7647312,-2.1940608,0.4782365,0.19652386
232,224,-2.7760918,0.7647312,-3.0224452,0.4672552,0.26949173
232,226,-2.7760918,0.7647312,-2.9284673,0.73739946,0.43975532
232,228,-2.7760918,0.7647312,-2.1859515,0.44296357,0.07940938
232,236,-2.7760918,0.7647312,-2.534911,0.75457335,0.22352831
232,242,-2.7760918,0.7647312,-3.0334263,0.34739116,0.124595374
232,260,-2.7760918,0.7647312,-2.656196,0.7466385,1.0
232,261,-2.7760918,0.7647312,-2.6576474,1.0782357,0.7293408
233,147,-3.5823464,4.8705993,-3.2803864,4.7207294,0.3480677
233,178,-3.5823464,4.8705993,-3.6784446,4.9375067,0.25129417
233,186,-3.5823464,4.8705993,-3.002497,4.4003367,0.09237522
233,192,-3.5823464,4.8705993,-3.412911,4.27756,0.11212827
233,208,-3.5823464,4.8705993,-3.5174038,4.971948,0.33545625
233,210,-3.5823464,4.8705993,-3.3373265,4.7784023,0.551831
233,211,-3.5823464,4.8705993,-3.0988684,4.6563773,0.13687375
233,227,-3.5823464,4.8705993,-3.3968978,4.1560464,0.07564416
233,229,-3.5823464,4.8705993,-3.532561,4.8545403,1.0
233,235,-3.5823464,4.8705993,-3.5226483,4.7654614,1.0
233,237,-3.5823464,4.8705993,-2.9243484,4.3254666,0.091185614
233,243,-3.5823464,4.8705993,-3.6018226,4.3871746,0.29002205
233,245,-3.5823464,4.8705993,-3.725524,5.0086837,0.6828787
233,256,-3.5823464,4.8705993,-3.5174954,4.765926,0.9653885
233,258,-3.5823464,4.8705993,-3.6444798,4.9068184,0.33611214
234,150,-2.6137102,1.9876428,-2.4442887,3.034656,0.07592993
234,153,-2.6137102,1.9876428,-2.4278605,2.4069288,0.32038003
234,155,-2.6137102,1.9876428,-2.3040988,2.4011796,0.29669216
234,169,-2.6137102,1.9876428,-2.2088568,2.4435668,0.117674135
234,171,-2.6137102,1.9876428,-2.4067094,2.227349,0.36169875
234,175,-2.6137102,1.9876428,-2.5474179,2.6782572,0.10393159
234,179,-2.6137102,1.9876428,-2.8854132,2.74445,0.47100025
234,188,-2.6137102,1.9876428,-3.0002365,1.9665728,0.23323491
234,196,-2.6137102,1.9876428,-2.779299,2.9905863,0.118203185
234,198,-2.6137102,1.9876428,-3.119618,2.8509216,0.080975376
234,199,-2.6137102,1.9876428,-2.4485087,1.2687867,0.45715082
234,200,-2.6137102,1.9876428,-2.2819211,2.336657,0.14027634
234,202,-2.6137102,1.9876428,-2.3200164,2.1485496,0.3997464
234,206,-2.6137102,1.9876428,-2.5055654,2.5743656,0.07623262
234,214,-2.6137102,1.9876428,-2.8145275,1.7525104,0.84445226
234,215,-2.6137102,1.9876428,-2.322725,2.3334734,0.31279993
234,216,-2.6137102,1.9876428,-2.7205794,2.4953396,0.34913665
234,217,-2.6137102,1.9876428,-2.4177387,2.4415233,0.4032163
234,218,-2.6137102,1.9876428,-2.6825361,1.4657509,0.4443342
234,240,-2.6137102,1.9876428,-2.8298855,2.3116477,0.21319889
234,241,-2.6137102,1.9876428,-2.5468378,1.7144554,1.0
234,244,-2.6137102,1.9876428,-2.8552752,1.9690942,1.0
234,246,-2.6137102,1.9876428,-2.6040645,2.1879141,0.58604985
234,253,-2.6137102,1.9876428,-2.9528546,2.3172755,0.1897424
234,261,-2.6137102,1.9876428,-2.6576474,1.0782357,0.1287961
235,147,-3.5226483,4.7654614,-3.2803864,4.7207294,0.17962348
235,178,-3.5226483,4.7654614,-3.6784446,4.9375067,0.2112636
235,186,-3.5226483,4.7654614,-3.002497,4.4003367,0.10103994
235,189,-3.5226483,4.7654614,-3.1334293,4.192225,0.109716624
235,192,-3.5226483,4.7654614,-3.412911,4.27756,0.16684487
235,208,-3.5226483,4.7654614,-3.5174038,4.971948,0.19501124
235,210,-3.5226483,4.7654614,-3.3373265,4.7784023,0.34277368
235,211,-3.5226483,4.7654614,-3.0988684,4.6563773,0.10521617
235,227,-3.5226483,4.7654614,-3.3968978,4.1560464,0.12838858
235,229,-3.5226483,4.7654614,-3.532561,4.8545403,0.907934
235,233,-3.5226483,4.7654614,-3.5823464,4.8705993,1.0
235,237,-3.5226483,4.7654614,-2.9243484,4.3254666,0.111341156
235,239,-3.5226483,4.7654614,-3.57,3.957115,0.118340366
235,243,-3.5226483,4.7654614,-3.6018226,4.3871746,0.6684722
235,245,-3.5226483,4.7654614,-3.725524,5.0086837,0.66510797
235,256,-3.5226483,4.7654614,-3.5174954,4.765926,0.6202482
235,258,-3.5226483,4.7654614,-3.6444798,4.9068184,0.20350593
236,152,-2.534911,0.75457335,-2.5411484,0.74578726,1.0
236,158,-2.534911,0.75457335,-2.2477624,0.33348188,0.29670855
236,160,-2.534911,0.75457335,-2.0162652,-0.5331736,0.05545769
236,164,-2.534911,0.75457335,-2.8519833,0.87756276,0.7658309
236,167,-2.534911,0.75457335,-2.3069718,1.148743,0.42956853
236,168,-2.534911,0.75457335,-2.3256023,-0.3000047,0.07060971
236,173,-2.534911,0.75457335,-2.9656923,0.39677954,0.08832008
236,176,-2.534911,0.75457335,-1.6349579,-0.018498538,0.16121642
236,177,-2.534911,0.75457335,-2.6394188,0.94583184,0.2663148
236,190,-2.534911,0.75457335,-1.8985456,0.4869323,0.018560858
236,193,-2.534911,0.75457335,-1.9468514,0.49669468,0.04738707
236,195,-2.534911,0.75457335,-2.7491944,0.68883324,0.54978585
236,197,-2.534911,0.75457335,-2.139243,-0.3859124,0.22585306
236,199,-2.534911,0.75457335,-2.4485087,1.2687867,0.29081172
236,203,-2.534911,0.75457335,-1.6847432,-0.16522591,0.07184536
236,207,-2.534911,0.75457335,-2.197802,-0.2021033,0.060034968
236,209,-2.534911,0.75457335,-2.2606375,0.89555573,0.08032789
236,212,-2.534911,0.75457335,-2.0620434,0.60969996,0.1341832
236,214,-2.534911,0.75457335,-2.8145275,1.7525104,0.045005083
236,218,-2.534911,0.75457335,-2.6825361,1.4657509,0.3904084
236,220,-2.534911,0.75457335,-2.8782637,0.27514458,0.14607064
236,222,-2.534911,0.75457335,-2.1940608,0.4782365,0.34673306
236,226,-2.534911,0.75457335,-2.9284673,0.73739946,0.41363272
236,228,-2.534911,0.75457335,-2.1859515,0.44296357,0.4616325
236,230,-2.534911,0.75457335,-2.1391823,0.5878663,0.18795931
236,232,-2.534911,0.75457335,-2.7760918,0.7647312,0.22352831
236,238,-2.534911,0.75457335,-2.3204598,1.0162339,0.83525753
236,242,-2.534911,0.75457335,-3.0334263,0.34739116,0.06558812
236,249,-2.534911,0.75457335,-1.6835619,0.17395782,0.12869585
236,251,-2.534911,0.75457335,-1.6494913,-0.17204246,0.09258747
236,255,-2.534911,0.75457335,-2.1438177,0.7883047,0.35331255
236,257,-2.534911,0.75457335,-2.238047,-0.13998601,0.13076057
236,260,-2.534911,0.75457335,-2.656196,0.7466385,0.13170588
236,261,-2.534911,0.75457335,-2.6576474,1.0782357,0.43537986
236,263,-2.534911,0.75457335,-2.2051635,1.6770768,0.09621761
237,147,-2.9243484,4.3254666,-3.2803864,4.7207294,0.37058592
237,149,-2.9243484,4.3254666,-2.691614,3.7652392,0.09296328
237,157,-2.9243484,4.3254666,-2.3995516,3.7320602,0.1280818
237,161,-2.9243484,4.3254666,-2.603429,3.99445,0.1418062
237,163,-2.9243484,4.3254666,-2.5957668,4.226711,0.08710214
237,174,-2.9243484,4.3254666,-2.9206898,3.820432,0.21454498
237,180,-2.9243484,4.3254666,-2.4741359,3.6703637,0.5031288
237,186,-2.9243484,4.3254666,-3.002497,4.4003367,1.0
237,189,-2.9243484,4.3254666,-3.1334293,4.192225,0.8727642
237,192,-2.9243484,4.3254666,-3.412911,4.27756,0.47193316
237,204,-2.9243484,4.3254666,-3.1951938,3.911171,0.32946712
237,210,-2.9243484,4.3254666,-3.3373265,4.7784023,0.26815602
237,211,-2.9243484,4.3254666,-3.0988684,4.6563773,0.4203643
237,213,-2.9243484,4.3254666,-3.1841474,3.6991189,0.11093807
237,219,-2.9243484,4.3254666,-3.0195208,4.549643,0.37110823
237,221,-2.9243484,4.3254666,-2.7847347,4.317929,0.29318345
237,223,-2.9243484,4.3254666,-2.8076396,4.3870697,0.3050942
237,225,-2.9243484,4.3254666,-3.2209542,4.103638,0.11437443
237,227,-2.9243484,4.3254666,-3.3968978,4.1560464,0.4534666
237,229,-2.9243484,4.3254666,-3.532561,4.8545403,0.10995186
237,233,-2.9243484,4.3254666,-3.5823464,4.8705993,0.091185614
237,235,-2.9243484,4.3254666,-3.5226483,4.7654614,0.111341156
237,239,-2.9243484,4.3254666,-3.57,3.957115,0.07910885
237,243,-2.9243484,4.3254666,-3.6018226,4.3871746,0.09047171
237,247,-2.9243484,4.3254666,-3.2504041,3.8316145,0.1267772
237,250,-2.9243484,4.3254666,-3.3714726,4.1105213,0.15749402
237,254,-2.9243484,4.3254666,-3.061753,4.611702,0.3311932
237,256,-2.9243484,4.3254666,-3.5174954,4.765926,0.07173612
237,259,-2.9243484,4.3254666,-2.7058036,4.4101176,0.6837741
237,262,-2.9243484,4.3254666,-2.9409359,4.062905,0.7132679
238,152,-2.3204598,1.0162339,-2.5411484,0.74578726,0.8423092
238,164,-2.3204598,1.0162339,-2.8519833,0.87756276,0.1861282
238,167,-2.3204598,1.0162339,-2.3069718,1.148743,1.0
238,171,-2.3204598,1.0162339,-2.4067094,2.227349,0.19463503
238,176,-2.3204598,1.0162339,-1.6349579,-0.018498538,0.15642656
238,177,-2.3204598,1.0162339,-2.6394188,0.94583184,0.14608188
238,181,-2.3204598,1.0162339,-1.6735703,0.30772635,0.09981849
238,190,-2.3204598,1.0162339,-1.8985456,0.4869323,0.21677914
238,199,-2.3204598,1.0162339,-2.4485087,1.2687867,0.28420857
238,202,-2.3204598,1.0162339,-2.3200164,2.1485496,0.09798295
238,209,-2.3204598,1.0162339,-2.2606375,0.89555573,0.07709867
238,212,-2.3204598,1.0162339,-2.0620434,0.60969996,0.23603275
238,218,-2.3204598,1.0162339,-2.6825361,1.4657509,0.3458982
238,222,-2.3204598,1.0162339,-2.1940608,0.4782365,0.22170058
238,228,-2.3204598,1.0162339,-2.1859515,0.44296357,0.09755631
238,230,-2.3204598,1.0162339,-2.1391823,0.5878663,0.3806585
238,236,-2.3204598,1.0162339,-2.534911,0.75457335,0.83525753
238,249,-2.3204598,1.0162339,-1.6835619,0.17395782,0.2233569
238,255,-2.3204598,1.0162339,-2.1438177,0.7883047,0.99999994
238,261,-2.3204598,1.0162339,-2.6576474,1.0782357,0.12596609
238,263,-2.3204598,1.0162339,-2.2051635,1.6770768,0.34622282
239,165,-3.57,3.957115,-2.8984485,3.0543184,0.11820747
239,174,-3.57,3.957115,-2.9206898,3.820432,0.077328674
239,189,-3.57,3.957115,-3.1334293,4.192225,0.18747707
239,192,-3.57,3.957115,-3.412911,4.27756,1.0
239,198,-3.57,3.957115,-3.119618,2.8509216,0.97009504
239,204,-3.57,3.957115,-3.1951938,3.911171,0.31320447
239,208,-3.57,3.957115,-3.5174038,4.971948,0.17868833
239,213,-3.57,3.957115,-3.1841474,3.6991189,0.22116017
239,216,-3.57,3.957115,-2.7205794,2.4953396,0.108709335
239,225,-3.57,3.957115,-3.2209542,4.103638,0.32035804
239,227,-3.57,3.957115,-3.3968978,4.1560464,0.95768917
239,235,-3.57,3.957115,-3.5226483,4.7654614,0.118340366
239,237,-3.57,3.957115,-2.9243484,4.3254666,0.07910885
239,243,-3.57,3.957115,-3.6018226,4.3871746,0.7727565
239,247,-3.57,3.957115,-3.2504041,3.8316145,0.26057342
239,250,-3.57,3.957115,-3.3714726,4.1105213,0.18302092
239,256,-3.57,3.957115,-3.5174954,4.765926,0.22294927
240,153,-2.8298855,2.3116477,-2.4278605,2.4069288,0.06753419
240,155,-2.8298855,2.3116477,-2.3040988,2.4011796,0.15328366
240,169,-2.8298855,2.3116477,-2.2088568,2.4435668,0.21250385
240,179,-2.8298855,2.3116477,-2.8854132,2.74445,0.09377705
240,180,-2.8298855,2.3116477,-2.4741359,3.6703637,0.04760877
240,184,-2.8298855,2.3116477,-2.1831021,3.2556677,0.15879971
240,188,-2.8298855,2.3116477,-3.0002365,1.9665728,0.6178843
240,214,-2.8298855,2.3116477,-2.8145275,1.7525104,0.24533316
240,215,-2.8298855,2.3116477,-2.322725,2.3334734,0.07854845
240,216,-2.8298855,2.3116477,-2.7205794,2.4953396,0.49506462
240,234,-2.8298855,2.3116477,-2.6137102,1.9876428,0.21319889
240,244,-2.8298855,2.3116477,-2.8552752,1.9690942,0.44083065
240,246,-2.8298855,2.3116477,-2.6040645,2.1879141,0.6355375
240,253,-2.8298855,2.3116477,-2.9528546,2.3172755,0.99999994
240,264,-2.8298855,2.3116477,-2.2625792,3.472551,0.29468346
241,153,-2.5468378,1.7144554,-2.4278605,2.4069288,0.013155411
241,175,-2.5468378,1.7144554,-2.5474179,2.6782572,0.053217765
241,179,-2.5468378,1.7144554,-2.8854132,2.74445,0.11161721
241,196,-2.5468378,1.7144554,-2.779299,2.9905863,0.12012758
241,198,-2.5468378,1.7144554,-3.119618,2.8509216,0.098757416
241,199,-2.5468378,1.7144554,-2.4485087,1.2687867,0.990166
241,200,-2.5468378,1.7144554,-2.2819211,2.336657,0.09538652
241,202,-2.5468378,1.7144554,-2.3200164,2.1485496,0.8592484
241,206,-2.5468378,1.7144554,-2.5055654,2.5743656,0.0738747
241,209,-2.5468378,1.7144554,-2.2606375,0.89555573,0.6154466
241,214,-2.5468378,1.7144554,-2.8145275,1.7525104,0.10915853
241,215,-2.5468378,1.7144554,-2.322725,2.3334734,0.082364134
241,217,-2.5468378,1.7144554,-2.4177387,2.4415233,0.023511859
241,218,-2.5468378,1.7144554,-2.6825361,1.4657509,0.03920718
241,234,-2.5468378,1.7144554,-2.6137102,1.9876428,1.0
241,244,-2.5468378,1.7144554,-2.8552752,1.9690942,0.58117604
241,261,-2.5468378,1.7144554,-2.6576474,1.0782357,0.04447519
242,148,-3.0334263,0.34739116,-2.9565227,0.2818554,0.5802297
242,151,-3.0334263,0.34739116,-2.3469698,-0.08410073,0.11849667
242,152,-3.0334263,0.34739116,-2.5411484,0.74578726,0.07655469
242,164,-3.0334263,0.34739116,-2.8519833,0.87756276,0.32092083
242,168,-3.0334263,0.34739116,-2.3256023,-0.3000047,0.06838532
242,173,-3.0334263,0.34739116,-2.9656923,0.39677954,0.8112018
242,177,-3.0334263,0.34739116,-2.6394188,0.94583184,0.06380014
242,195,-3.0334263,0.34739116,-2.7491944,0.68883324,0.24132177
242,197,-3.0334263,0.34739116,-2.139243,-0.3859124,0.074141406
242,220,-3.0334263,0.34739116,-2.8782637,0.27514458,1.0
242,224,-3.0334263,0.34739116,-3.0224452,0.4672552,0.31404528
242,226,-3.0334263,0.34739116,-2.9284673,0.73739946,0.21087521
242,232,-3.0334263,0.34739116,-2.7760918,0.7647312,0.124595374
242,236,-3.0334263,0.34739116,-2.534911,0.75457335,0.06558812
243,147,-3.6018226,4.3871746,-3.2803864,4.7207294,0.03893546
243,178,-3.6018226,4.3871746,-3.6784446,4.9375067,0.1047602
243,180,-3.6018226,4.3871746,-2.4741359,3.6703637,0.15364492
243,186,-3.6018226,4.3871746,-3.002497,4.4003367,0.05138922
243,189,-3.6018226,4.3871746,-3.1334293,4.192225,0.19896203
243,192,-3.6018226,4.3871746,-3.412911,4.27756,1.0
243,210,-3.6018226,4.3871746,-3.3373265,4.7784023,0.09745092
243,225,-3.6018226,4.3871746,-3.2209542,4.103638,0.19764394
243,227,-3.6018226,4.3871746,-3.3968978,4.1560464,0.8767373
243,229,-3.6018226,4.3871746,-3.532561,4.8545403,0.23551033
243,233,-3.6018226,4.3871746,-3.5823464,4.8705993,0.29002205
243,235,-3.6018226,4.3871746,-3.5226483,4.7654614,0.6684722
243,237,-3.6018226,4.3871746,-2.9243484,4.3254666,0.09047171
243,239,-3.6018226,4.3871746,-3.57,3.957115,0.7727565
243,245,-3.6018226,4.3871746,-3.725524,5.0086837,0.10851375
243,250,-3.6018226,4.3871746,-3.3714726,4.1105213,0.19615877
243,256,-3.6018226,4.3871746,-3.5174954,4.765926,0.4931214
244,179,-2.8552752,1.9690942,-2.8854132,2.74445,0.5952207
244,188,-2.8552752,1.9690942,-3.0002365,1.9665728,0.99999994
244,198,-2.8552752,1.9690942,-3.119618,2.8509216,0.4170795
244,199,-2.8552752,1.9690942,-2.4485087,1.2687867,0.13281056
244,214,-2.8552752,1.9690942,-2.8145275,1.7525104,0.8837117
244,215,-2.8552752,1.9690942,-2.322725,2.3334734,0.14619802
244,216,-2.8552752,1.9690942,-2.7205794,2.4953396,0.34392083
244,218,-2.8552752,1.9690942,-2.6825361,1.4657509,0.30467412
244,224,-2.8552752,1.9690942,-3.0224452,0.4672552,0.08117678
244,231,-2.8552752,1.9690942,-2.9083962,3.1336663,0.021885011
244,234,-2.8552752,1.9690942,-2.6137102,1.9876428,1.0
244,240,-2.8552752,1.9690942,-2.8298855,2.3116477,0.44083065
244,241,-2.8552752,1.9690942,-2.5468378,1.7144554,0.58117604
244,246,-2.8552752,1.9690942,-2.6040645,2.1879141,0.24665534
244,253,-2.8552752,1.9690942,-2.9528546,2.3172755,0.5233645
244,261,-2.8552752,1.9690942,-2.6576474,1.0782357,0.09054074
245,147,-3.725524,5.0086837,-3.2803864,4.7207294,0.057012904
245,178,-3.725524,5.0086837,-3.6784446,4.9375067,0.99999994
245,192,-3.725524,5.0086837,-3.412911,4.27756,0.04853468
245,208,-3.725524,5.0086837,-3.5174038,4.971948,0.6452151
245,210,-3.725524,5.0086837,-3.3373265,4.7784023,0.062121823
245,221,-3.725524,5.0086837,-2.7847347,4.317929,0.04089262
245,225,-3.725524,5.0086837,-3.2209542,4.103638,0.08236916
245,229,-3.725524,5.0086837,-3.532561,4.8545403,0.17707168
245,233,-3.725524,5.0086837,-3.5823464,4.8705993,0.6828787
245,235,-3.725524,5.0086837,-3.5226483,4.7654614,0.66510797
245,243,-3.725524,5.0086837,-3.6018226,4.3871746,0.10851375
245,250,-3.725524,5.0086837,-3.3714726,4.1105213,0.12805772
245,256,-3.725524,5.0086837,-3.5174954,4.765926,0.22692232
245,258,-3.725524,5.0086837,-3.6444798,4.9068184,1.0
246,153,-2.6040645,2.1879141,-2.4278605,2.4069288,0.2345884
246,155,-2.6040645,2.1879141,-2.3040988,2.4011796,1.0
246,169,-2.6040645,2.1879141,-2.2088568,2.4435668,1.0
246,171,-2.6040645,2.1879141,-2.4067094,2.227349,0.62328273
246,182,-2.6040645,2.1879141,-2.1933057,2.910613,0.074006446
246,184,-2.6040645,2.1879141,-2.1831021,3.2556677,0.19585459
246,188,-2.6040645,2.1879141,-3.0002365,1.9665728,0.0904548
246,194,-2.6040645,2.1879141,-2.1382248,2.6742835,0.13561752
246,200,-2.6040645,2.1879141,-2.2819211,2.336657,0.17427157
246,202,-2.6040645,2.1879141,-2.3200164,2.1485496,0.057474162
246,214,-2.6040645,2.1879141,-2.8145275,1.7525104,0.39529425
246,215,-2.6040645,2.1879141,-2.322725,2.3334734,0.2555257
246,216,-2.6040645,2.1879141,-2.7205794,2.4953396,0.22036028
246,217,-2.6040645,2.1879141,-2.4177387,2.4415233,0.15351252
246,218,-2.6040645,2.1879141,-2.6825361,1.4657509,0.3043074
246,234,-2.6040645,2.1879141,-2.6137102,1.9876428,0.58604985
246,240,-2.6040645,2.1879141,-2.8298855,2.3116477,0.6355375
246,244,-2.6040645,2.1879141,-2.8552752,1.9690942,0.24665534
246,248,-2.6040645,2.1879141,-2.1934319,3.4007277,0.059884794
246,253,-2.6040645,2.1879141,-2.9528546,2.3172755,0.13054591
247,165,-3.2504041,3.8316145,-2.8984485,3.0543184,0.64203554
247,166,-3.2504041,3.8316145,-2.815415,3.368522,0.025932936
247,174,-3.2504041,3.8316145,-2.9206898,3.820432,0.1788653
247,175,-3.2504041,3.8316145,-2.5474179,2.6782572,0.14592579
247,186,-3.2504041,3.8316145,-3.002497,4.4003367,0.18642434
247,189,-3.2504041,3.8316145,-3.1334293,4.192225,0.106804915
247,192,-3.2504041,3.8316145,-3.412911,4.27756,0.24225181
247,198,-3.2504041,3.8316145,-3.119618,2.8509216,0.18571743
247,204,-3.2504041,3.8316145,-3.1951938,3.911171,1.0
247,213,-3.2504041,3.8316145,-3.1841474,3.6991189,0.7062676
247,219,-3.2504041,3.8316145,-3.0195208,4.549643,0.23745497
247,227,-3.2504041,3.8316145,-3.3968978,4.1560464,0.21594837
247,237,-3.2504041,3.8316145,-2.9243484,4.3254666,0.1267772
247,239,-3.2504041,3.8316145,-3.57,3.957115,0.26057342
247,254,-3.2504041,3.8316145,-3.061753,4.611702,0.07360264
247,262,-3.2504041,3.8316145,-2.9409359,4.062905,0.10616851
248,153,-2.1934319,3.4007277,-2.4278605,2.4069288,0.15155324
248,155,-2.1934319,3.4007277,-2.3040988,2.4011796,0.2599094
248,157,-2.1934319,3.4007277,-2.3995516,3.7320602,0.9984929
248,161,-2.1934319,3.4007277,-2.603429,3.99445,0.15736306
248,169,-2.1934319,3.4007277,-2.2088568,2.4435668,0.26528174
248,171,-2.1934319,3.4007277,-2.4067094,2.227349,0.060739413
248,172,-2.1934319,3.4007277,-2.4026453,3.3124347,0.2675897
248,175,-2.1934319,3.4007277,-2.5474179,2.6782572,0.06142983
248,180,-2.1934319,3.4007277,-2.4741359,3.6703637,0.68379176
248,182,-2.1934319,3.4007277,-2.1933057,2.910613,0.7610307
248,184,-2.1934319,3.4007277,-2.1831021,3.2556677,0.34624127
248,194,-2.1934319,3.4007277,-2.1382248,2.6742835,1.0
248,223,-2.1934319,3.4007277,-2.8076396,4.3870697,0.34473467
248,246,-2.1934319,3.4007277,-2.6040645,2.1879141,0.059884794
248,252,-2.1934319,3.4007277,-2.2144618,3.2720413,0.23617764
248,264,-2.1934319,3.4007277,-2.2625792,3.472551,0.42184943
249,152,-1.6835619,0.17395782,-2.5411484,0.74578726,0.1475537
249,156,-1.6835619,0.17395782,-1.644658,0.23302247,0.5263264
249,176,-1.6835619,0.17395782,-1.6349579,-0.018498538,1.0
249,181,-1.6835619,0.17395782,-1.6735703,0.30772635,0.25061458
249,190,-1.6835619,0.17395782,-1.8985456,0.4869323,0.097080976
249,197,-1.6835619,0.17395782,-2.139243,-0.3859124,0.11494602
249,201,-1.6835619,0.17395782,-1.6588452,-0.46502566,0.103030115
249,203,-1.6835619,0.17395782,-1.6847432,-0.16522591,0.67500377
249,228,-1.6835619,0.17395782,-2.1859515,0.44296357,0.10452371
249,230,-1.6835619,0.17395782,-2.1391823,0.5878663,0.15924996
249,236,-1.6835619,0.17395782,-2.534911,0.75457335,0.12869585
249,238,-1.6835619,0.17395782,-2.3204598,1.0162339,0.2233569
249,251,-1.6835619,0.17395782,-1.6494913,-0.17204246,0.495094
249,255,-1.6835619,0.17395782,-2.1438177,0.7883047,0.7778158
250,149,-3.3714726,4.1105213,-2.691614,3.7652392,0.21192387
250,174,-3.3714726,4.1105213,-2.9206898,3.820432,0.2568548
250,178,-3.3714726,4.1105213,-3.6784446,4.9375067,0.1797341
250,189,-3.3714726,4.1105213,-3.1334293,4.192225,0.3531776
250,192,-3.3714726,4.1105213,-3.412911,4.27756,0.2438747
250,204,-3.3714726,4.1105213,-3.1951938,3.911171,0.23625305
250,208,-3.3714726,4.1105213,-3.5174038,4.971948,0.19427404
250,213,-3.3714726,4.1105213,-3.1841474,3.6991189,0.23754242
250,221,-3.3714726,4.1105213,-2.7847347,4.317929,0.23289768
250,225,-3.3714726,4.1105213,-3.2209542,4.103638,1.0
250,227,-3.3714726,4.1105213,-3.3968978,4.1560464,0.209707
250,237,-3.3714726,4.1105213,-2.9243484,4.3254666,0.15749402
250,239,-3.3714726,4.1105213,-3.57,3.957115,0.18302092
250,243,-3.3714726,4.1105213,-3.6018226,4.3871746,0.19615877
250,245,-3.3714726,4.1105213,-3.725524,5.0086837,0.12805772
250,258,-3.3714726,4.1105213,-3.6444798,4.9068184,0.20732635
250,262,-3.3714726,4.1105213,-2.9409359,4.062905,0.2655829
250,264,-3.3714726,4.1105213,-2.2625792,3.472551,0.17773806
251,152,-1.6494913,-0.17204246,-2.5411484,0.74578726,0.088211484
251,154,-1.6494913,-0.17204246,-1.5480418,-0.30549943,0.6013635
251,156,-1.6494913,-0.17204246,-1.644658,0.23302247,0.2816398
251,158,-1.6494913,-0.17204246,-2.2477624,0.33348188,0.08255088
251,162,-1.6494913,-0.17204246,-1.6188534,-0.5244038,0.17637995
251,170,-1.6494913,-0.17204246,-1.7771993,0.3956613,0.08774072
251,176,-1.6494913,-0.17204246,-1.6349579,-0.018498538,1.0
251,177,-1.6494913,-0.17204246,-2.6394188,0.94583184,0.03039474
251,181,-1.6494913,-0.17204246,-1.6735703,0.30772635,0.18117219
251,183,-1.6494913,-0.17204246,-1.7137109,-0.48150733,0.5471165
251,185,-1.6494913,-0.17204246,-1.7003077,-0.5243828,0.13680792
251,187,-1.6494913,-0.17204246,-1.9954306,-0.46412537,0.18548419
251,197,-1.6494913,-0.17204246,-2.139243,-0.3859124,0.29748476
251,201,-1.6494913,-0.17204246,-1.6588452,-0.46502566,0.5930096
251,203,-1.6494913,-0.17204246,-1.6847432,-0.16522591,0.99999994
251,205,-1.6494913,-0.17204246,-1.8222362,-0.6042134,0.16336732
251,228,-1.6494913,-0.17204246,-2.1859515,0.44296357,0.3112625
251,236,-1.6494913,-0.17204246,-2.534911,0.75457335,0.09258747
251,249,-1.6494913,-0.17204246,-1.6835619,0.17395782,0.495094
251,255,-1.6494913,-0.17204246,-2.1438177,0.7883047,0.07573731
252,149,-2.2144618,3.2720413,-2.691614,3.7652392,0.12466675
252,150,-2.2144618,3.2720413,-2.4442887,3.034656,0.53149843
252,155,-2.2144618,3.2720413,-2.3040988,2.4011796,0.2125926
252,157,-2.2144618,3.2720413,-2.3995516,3.7320602,0.15348813
252,159,-2.2144618,3.2720413,-2.5006318,3.3382099,0.6122474
252,161,-2.2144618,3.2720413,-2.603429,3.99445,0.102505
252,171,-2.2144618,3.2720413,-2.4067094,2.227349,0.14010455
252,172,-2.2144618,3.2720413,-2.4026453,3.3124347,0.7764834
252,184,-2.2144618,3.2720413,-2.1831021,3.2556677,1.0
252,194,-2.2144618,3.2720413,-2.1382248,2.6742835,0.10358405
252,217,-2.2144618,3.2720413,-2.4177387,2.4415233,0.13543767
252,248,-2.2144618,3.2720413,-2.1934319,3.4007277,0.23617764
252,263,-2.2144618,3.2720413,-2.2051635,1.6770768,0.18415438
252,264,-2.2144618,3.2720413,-2.2625792,3.472551,0.36030096
253,155,-2.9528546,2.3172755,-2.3040988,2.4011796,0.06711285
253,165,-2.9528546,2.3172755,-2.8984485,3.0543184,0.07696454
253,179,-2.9528546,2.3172755,-2.8854132,2.74445,0.5631903
253,184,-2.9528546,2.3172755,-2.1831021,3.2556677,0.13285947
253,188,-2.9528546,2.3172755,-3.0002365,1.9665728,1.0
253,198,-2.9528546,2.3172755,-3.119618,2.8509216,0.21395025
253,214,-2.9528546,2.3172755,-2.8145275,1.7525104,0.15240115
253,216,-2.9528546,2.3172755,-2.7205794,2.4953396,0.16049758
253,224,-2.9528546,2.3172755,-3.0224452,0.4672552,0.07396511
253,231,-2.9528546,2.3172755,-2.9083962,3.1336663,0.30249602
253,234,-2.9528546,2.3172755,-2.6137102,1.9876428,0.1897424
253,240,-2.9528546,2.3172755,-2.8298855,2.3116477,0.99999994
253,244,-2.9528546,2.3172755,-2.8552752,1.9690942,0.5233645
253,246,-2.9528546,2.3172755,-2.6040645,2.1879141,0.13054591
253,264,-2.9528546,2.3172755,-2.2625792,3.472551,0.22093695
254,147,-3.061753,4.611702,-3.2803864,4.7207294,0.6576984
254,163,-3.061753,4.611702,-2.5957668,4.226711,0.26826918
254,178,-3.061753,4.611702,-3.6784446,4.9375067,0.1079638
254,186,-3.061753,4.611702,-3.002497,4.4003367,0.51624966
254,189,-3.061753,4.611702,-3.1334293,4.192225,0.082184695
254,192,-3.061753,4.611702,-3.412911,4.27756,0.06809811
254,204,-3.061753,4.611702,-3.1951938,3.911171,0.09335443
254,208,-3.061753,4.611702,-3.5174038,4.971948,0.17942801
254,210,-3.061753,4.611702,-3.3373265,4.7784023,0.3330291
254,211,-3.061753,4.611702,-3.0988684,4.6563773,1.0
254,219,-3.061753,4.611702,-3.0195208,4.549643,0.9093352
254,221,-3.061753,4.611702,-2.7847347,4.317929,0.1949886
254,223,-3.061753,4.611702,-2.8076396,4.3870697,0.18374868
254,229,-3.061753,4.611702,-3.532561,4.8545403,0.050244782
254,237,-3.061753,4.611702,-2.9243484,4.3254666,0.3311932
254,247,-3.061753,4.611702,-3.2504041,3.8316145,0.07360264
254,256,-3.061753,4.611702,-3.5174954,4.765926,0.10234802
254,258,-3.061753,4.611702,-3.6444798,4.9068184,0.19406532
254,259,-3.061753,4.611702,-2.7058036,4.4101176,0.33523324
254,262,-3.061753,4.611702,-2.9409359,4.062905,0.19788504
255,152,-2.1438177,0.7883047,-2.5411484,0.74578726,0.3890061
255,164,-2.1438177,0.7883047,-2.8519833,0.87756276,0.08651075
255,167,-2.1438177,0.7883047,-2.3069718,1.148743,0.12976123
255,168,-2.1438177,0.7883047,-2.3256023,-0.3000047,0.069349624
255,176,-2.1438177,0.7883047,-1.6349579,-0.018498538,0.3029612
255,197,-2.1438177,0.7883047,-2.139243,-0.3859124,0.1564329
255,203,-2.1438177,0.7883047,-1.6847432,-0.16522591,0.35371715
255,212,-2.1438177,0.7883047,-2.0620434,0.60969996,0.07460927
255,218,-2.1438177,0.7883047,-2.6825361,1.4657509,0.22380182
255,230,-2.1438177,0.7883047,-2.1391823,0.5878663,0.48070684
255,236,-2.1438177,0.7883047,-2.534911,0.75457335,0.35331255
255,238,-2.1438177,0.7883047,-2.3204598,1.0162339,0.99999994
255,249,-2.1438177,0.7883047,-1.6835619,0.17395782,0.7778158
255,251,-2.1438177,0.7883047,-1.6494913,-0.17204246,0.07573731
256,147,-3.5174954,4.765926,-3.2803864,4.7207294,1.0
256,178,-3.5174954,4.765926,-3.6784446,4.9375067,0.17406346
256,186,-3.5174954,4.765926,-3.002497,4.4003367,0.18836455
256,189,-3.5174954,4.765926,-3.1334293,4.192225,0.0486205
256,192,-3.5174954,4.765926,-3.412911,4.27756,0.44863054
256,208,-3.5174954,4.765926,-3.5174038,4.971948,0.4525136
256,210,-3.5174954,4.765926,-3.3373265,4.7784023,0.5103063
256,211,-3.5174954,4.765926,-3.0988684,4.6563773,0.24952772
256,219,-3.5174954,4.765926,-3.0195208,4.549643,0.11262012
256,227,-3.5174954,4.765926,-3.3968978,4.1560464,0.09357361
256,229,-3.5174954,4.765926,-3.532561,4.8545403,0.3562043
256,233,-3.5174954,4.765926,-3.5823464,4.8705993,0.9653885
256,235,-3.5174954,4.765926,-3.5226483,4.7654614,0.6202482
256,237,-3.5174954,4.765926,-2.9243484,4.3254666,0.07173612
256,239,-3.5174954,4.765926,-3.57,3.957115,0.22294927
256,243,-3.5174954,4.765926,-3.6018226,4.3871746,0.4931214
256,245,-3.5174954,4.765926,-3.725524,5.0086837,0.22692232
256,254,-3.5174954,4.765926,-3.061753,4.611702,0.10234802
256,258,-3.5174954,4.765926,-3.6444798,4.9068184,0.30429792
257,146,-2.238047,-0.13998601,-2.1911726,-0.23753275,0.12413768
257,151,-2.238047,-0.13998601,-2.3469698,-0.08410073,0.13604714
257,158,-2.238047,-0.13998601,-2.2477624,0.33348188,0.4249332
257,160,-2.238047,-0.13998601,-2.0162652,-0.5331736,0.246076
257,168,-2.238047,-0.13998601,-2.3256023,-0.3000047,0.87713253
257,187,-2.238047,-0.13998601,-1.9954306,-0.46412537,0.22525895
257,191,-2.238047,-0.13998601,-1.9472992,-0.5304848,0.25003892
257,197,-2.238047,-0.13998601,-2.139243,-0.3859124,0.19415677
257,207,-2.238047,-0.13998601,-2.197802,-0.2021033,1.0
257,209,-2.238047,-0.13998601,-2.2606375,0.89555573,0.5362544
257,212,-2.238047,-0.13998601,-2.0620434,0.60969996,0.14767286
257,218,-2.238047,-0.13998601,-2.6825361,1.4657509,0.1447485
257,222,-2.238047,-0.13998601,-2.1940608,0.4782365,0.21424606
257,230,-2.238047,-0.13998601,-2.1391823,0.5878663,0.31032348
257,236,-2.238047,-0.13998601,-2.534911,0.75457335,0.13076057
257,261,-2.238047,-0.13998601,-2.6576474,1.0782357,0.13711216
258,147,-3.6444798,4.9068184,-3.2803864,4.7207294,0.2030495
258,178,-3.6444798,4.9068184,-3.6784446,4.9375067,0.8231708
258,208,-3.6444798,4.9068184,-3.5174038,4.971948,1.0
258,210,-3.6444798,4.9068184,-3.3373265,4.7784023,0.15597996
258,211,-3.6444798,4.9068184,-3.0988684,4.6563773,0.16995144
258,221,-3.6444798,4.9068184,-2.7847347,4.317929,0.16304766
258,225,-3.6444798,4.9068184,-3.2209542,4.103638,0.20337558
258,233,-3.6444798,4.9068184,-3.5823464,4.8705993,0.33611214
258,235,-3.6444798,4.9068184,-3.5226483,4.7654614,0.20350593
258,245,-3.6444798,4.9068184,-3.725524,5.0086837,1.0
258,250,-3.6444798,4.9068184,-3.3714726,4.1105213,0.20732635
258,254,-3.6444798,4.9068184,-3.061753,4.611702,0.19406532
258,256,-3.6444798,4.9068184,-3.5174954,4.765926,0.30429792
258,262,-3.6444798,4.9068184,-2.9409359,4.062905,0.16283223
259,147,-2.7058036,4.4101176,-3.2803864,4.7207294,0.013976091
259,149,-2.7058036,4.4101176,-2.691614,3.7652392,0.012400949
259,157,-2.7058036,4.4101176,-2.3995516,3.7320602,0.067771584
259,161,-2.7058036,4.4101176,-2.603429,3.99445,0.70450974
259,163,-2.7058036,4.4101176,-2.5957668,4.226711,1.0
259,186,-2.7058036,4.4101176,-3.002497,4.4003367,0.79575676
259,189,-2.7058036,4.4101176,-3.1334293,4.192225,0.036265485
259,211,-2.7058036,4.4101176,-3.0988684,4.6563773,0.20602784
259,219,-2.7058036,4.4101176,-3.0195208,4.549643,0.17947358
259,221,-2.7058036,4.4101176,-2.7847347,4.317929,1.0
259,223,-2.7058036,4.4101176,-2.8076396,4.3870697,1.0
259,237,-2.7058036,4.4101176,-2.9243484,4.3254666,0.6837741
259,254,-2.7058036,4.4101176,-3.061753,4.611702,0.33523324
259,262,-2.7058036,4.4101176,-2.9409359,4.062905,0.5009281
260,151,-2.656196,0.7466385,-2.3469698,-0.08410073,0.13456444
260,158,-2.656196,0.7466385,-2.2477624,0.33348188,0.375504
260,164,-2.656196,0.7466385,-2.8519833,0.87756276,0.11887933
260,167,-2.656196,0.7466385,-2.3069718,1.148743,0.13372721
260,170,-2.656196,0.7466385,-1.7771993,0.3956613,0.09204999
260,193,-2.656196,0.7466385,-1.9468514,0.49669468,0.52294105
260,195,-2.656196,0.7466385,-2.7491944,0.68883324,0.44770655
260,196,-2.656196,0.7466385,-2.779299,2.9905863,0.089299396
260,199,-2.656196,0.7466385,-2.4485087,1.2687867,0.42154026
260,209,-2.656196,0.7466385,-2.2606375,0.89555573,0.12773465
260,222,-2.656196,0.7466385,-2.1940608,0.4782365,0.4322676
260,226,-2.656196,0.7466385,-2.9284673,0.73739946,0.15969819
260,228,-2.656196,0.7466385,-2.1859515,0.44296357,0.20565037
260,232,-2.656196,0.7466385,-2.7760918,0.7647312,1.0
260,236,-2.656196,0.7466385,-2.534911,0.75457335,0.13170588
260,261,-2.656196,0.7466385,-2.6576474,1.0782357,0.6716788
261,152,-2.6576474,1.0782357,-2.5411484,0.74578726,0.32305077
261,158,-2.6576474,1.0782357,-2.2477624,0.33348188,0.16173235
261,164,-2.6576474,1.0782357,-2.8519833,0.87756276,0.22066656
261,167,-2.6576474,1.0782357,-2.3069718,1.148743,0.45827296
261,173,-2.6576474,1.0782357,-2.9656923,0.39677954,0.09862622
261,177,-2.6576474,1.0782357,-2.6394188,0.94583184,0.03840795
261,188,-2.6576474,1.0782357,-3.0002365,1.9665728,0.05425306
261,193,-2.6576474,1.0782357,-1.9468514,0.49669468,0.07884602
261,195,-2.6576474,1.0782357,-2.7491944,0.68883324,0.42445922
261,199,-2.6576474,1.0782357,-2.4485087,1.2687867,1.0
261,209,-2.6576474,1.0782357,-2.2606375,0.89555573,0.5737404
261,214,-2.6576474,1.0782357,-2.8145275,1.7525104,0.3154196
261,218,-2.6576474,1.0782357,-2.6825361,1.4657509,0.40259573
261,220,-2.6576474,1.0782357,-2.8782637,0.27514458,0.10371305
261,222,-2.6576474,1.0782357,-2.1940608,0.4782365,0.36664963
261,224,-2.6576474,1.0782357,-3.0224452,0.4672552,0.13346115
261,226,-2.6576474,1.0782357,-2.9284673,0.73739946,0.65410495
261,228,-2.6576474,1.0782357,-2.1859515,0.44296357,0.11687611
261,232,-2.6576474,1.0782357,-2.7760918,0.7647312,0.7293408
261,234,-2.6576474,1.0782357,-2.6137102,1.9876428,0.1287961
261,236,-2.6576474,1.0782357,-2.534911,0.75457335,0.43537986
261,238,-2.6576474,1.0782357,-2.3204598,1.0162339,0.12596609
261,241,-2.6576474,1.0782357,-2.5468378,1.7144554,0.04447519
261,244,-2.6576474,1.0782357,-2.8552752,1.9690942,0.09054074
261,257,-2.6576474,1.0782357,-2.238047,-0.13998601,0.13711216
261,260,-2.6576474,1.0782357,-2.656196,0.7466385,0.6716788
262,147,-2.9409359,4.062905,-3.2803864,4.7207294,0.07057127
262,149,-2.9409359,4.062905,-2.691614,3.7652392,0.54592025
262,157,-2.9409359,4.062905,-2.3995516,3.7320602,0.12626106
262,161,-2.9409359,4.062905,-2.603429,3.99445,0.6083465
262,163,-2.9409359,4.062905,-2.5957668,4.226711,0.37642905
262,166,-2.9409359,4.062905,-2.815415,3.368522,0.05859874
262,174,-2.9409359,4.062905,-2.9206898,3.820432,0.5844742
262,186,-2.9409359,4.062905,-3.002497,4.4003367,0.7852856
262,189,-2.9409359,4.062905,-3.1334293,4.192225,1.0
262,192,-2.9409359,4.062905,-3.412911,4.27756,0.21414237
262,204,-2.9409359,4.062905,-3.1951938,3.911171,0.59357274
262,211,-2.9409359,4.062905,-3.0988684,4.6563773,0.07093409
262,213,-2.9409359,4.062905,-3.1841474,3.6991189,0.36937675
262,219,-2.9409359,4.062905,-3.0195208,4.549643,0.10569266
262,221,-2.9409359,4.062905,-2.7847347,4.317929,0.8221362
262,223,-2.9409359,4.062905,-2.8076396,4.3870697,0.124395736
262,225,-2.9409359,4.062905,-3.2209542,4.103638,0.2702875
262,227,-2.9409359,4.062905,-3.3968978,4.1560464,0.17869861
262,237,-2.9409359,4.062905,-2.9243484,4.3254666,0.7132679
262,247,-2.9409359,4.062905,-3.2504041,3.8316145,0.10616851
262,250,-2.9409359,4.062905,-3.3714726,4.1105213,0.2655829
262,254,-2.9409359,4.062905,-3.061753,4.611702,0.19788504
262,258,-2.9409359,4.062905,-3.6444798,4.9068184,0.16283223
262,259,-2.9409359,4.062905,-2.7058036,4.4101176,0.5009281
263,150,-2.2051635,1.6770768,-2.4442887,3.034656,0.25725335
263,152,-2.2051635,1.6770768,-2.5411484,0.74578726,0.27514836
263,155,-2.2051635,1.6770768,-2.3040988,2.4011796,0.31798983
263,164,-2.2051635,1.6770768,-2.8519833,0.87756276,0.08827755
263,167,-2.2051635,1.6770768,-2.3069718,1.148743,0.8477454
263,169,-2.2051635,1.6770768,-2.2088568,2.4435668,0.07000988
263,171,-2.2051635,1.6770768,-2.4067094,2.227349,1.0
263,177,-2.2051635,1.6770768,-2.6394188,0.94583184,0.8174414
263,184,-2.2051635,1.6770768,-2.1831021,3.2556677,0.1171756
263,194,-2.2051635,1.6770768,-2.1382248,2.6742835,0.23404324
263,195,-2.2051635,1.6770768,-2.7491944,0.68883324,0.07632951
263,199,-2.2051635,1.6770768,-2.4485087,1.2687867,0.0786444
263,217,-2.2051635,1.6770768,-2.4177387,2.4415233,0.49242586
263,236,-2.2051635,1.6770768,-2.534911,0.75457335,0.09621761
263,238,-2.2051635,1.6770768,-2.3204598,1.0162339,0.34622282
263,252,-2.2051635,1.6770768,-2.2144618,3.2720413,0.18415438
264,149,-2.2625792,3.472551,-2.691614,3.7652392,0.18895909
264,155,-2.2625792,3.472551,-2.3040988,2.4011796,0.14204843
264,157,-2.2625792,3.472551,-2.3995516,3.7320602,1.0
264,161,-2.2625792,3.472551,-2.603429,3.99445,0.2706371
264,172,-2.2625792,3.472551,-2.4026453,3.3124347,0.1370262
264,174,-2.2625792,3.472551,-2.9206898,3.820432,0.20621318
264,180,-2.2625792,3.472551,-2.4741359,3.6703637,0.42763886
264,184,-2.2625792,3.472551,-2.1831021,3.2556677,0.84149814
264,189,-2.2625792,3.472551,-3.1334293,4.192225,0.19273181
264,225,-2.2625792,3.472551,-3.2209542,4.103638,0.120211236
264,240,-2.2625792,3.472551,-2.8298855,2.3116477,0.29468346
264,248,-2.2625792,3.472551,-2.1934319,3.4007277,0.42184943
264,250,-2.2625792,3.472551,-3.3714726,4.1105213,0.17773806
264,252,-2.2625792,3.472551,-2.2144618,3.2720413,0.36030096
264,253,-2.2625792,3.472551,-2.9528546,2.3172755,0.22093695
265,268,11.538459,7.7943535,11.779941,7.5773644,0.46069822
265,270,11.538459,7.7943535,11.867929,7.4553914,0.08758247
265,271,11.538459,7.7943535,11.857723,7.508994,0.060977098
265,275,11.538459,7.7943535,11.511194,7.7427416,0.62856364
265,277,11.538459,7.7943535,11.515655,7.9160857,0.2706717
265,279,11.538459,7.7943535,11.605769,8.02982,0.3891219
265,283,11.538459,7.7943535,11.674435,7.660011,0.72971696
265,286,11.538459,7.7943535,11.214267,7.904054,0.6869037
265,289,11.538459,7.7943535,11.586519,7.8906875,1.0
265,293,11.538459,7.7943535,11.510714,7.776014,1.0
265,300,11.538459,7.7943535,11.239039,7.98846,0.04816201
265,301,11.538459,7.7943535,11.497568,7.50808,0.2890674
265,303,11.538459,7.7943535,11.607323,8.290763,0.12480888
265,306,11.538459,7.7943535,11.660351,7.890597,0.4516473
265,308,11.538459,7.7943535,11.606525,8.184234,0.28265637
265,311,11.538459,7.7943535,10.359967,7.9682417,0.2051307
265,315,11.538459,7.7943535,11.477087,8.24306,0.060644113
265,317,11.538459,7.7943535,11.578868,7.989643,0.6140525
265,321,11.538459,7.7943535,11.707586,8.384487,0.052590214
265,324,11.538459,7.7943535,12.118129,7.3273463,0.16231789
265,326,11.538459,7.7943535,11.666332,8.091333,0.10782654
265,327,11.538459,7.7943535,11.614138,8.100076,0.24294196
265,329,11.538459,7.7943535,12.60709,6.7113414,0.12122471
265,330,11.538459,7.7943535,10.26166,8.093516,0.034234658
266,14,9.265871,8.297158,14.088436,7.109835,0.09130777
266,267,9.265871,8.297158,9.497206,8.008196,0.44698265
266,269,9.265871,8.297158,9.216134,8.201224,0.34732106
266,274,9.265871,8.297158,9.223565,8.1427,0.6142041
266,276,9.265871,8.297158,9.239842,8.155273,0.45531875
266,280,9.265871,8.297158,9.122103,8.660111,0.5687424
266,281,9.265871,8.297158,9.384042,7.9573402,0.15642802
266,284,9.265871,8.297158,9.676757,8.759045,0.13280588
266,288,9.265871,8.297158,9.395933,8.209567,1.0
266,290,9.265871,8.297158,9.40597,8.626352,0.41235778
266,292,9.265871,8.297158,9.449857,8.383283,0.57988226
266,296,9.265871,8.297158,8.907946,9.040949,0.06694064
266,298,9.265871,8.297158,9.437217,8.799737,0.06855963
266,299,9.265871,8.297158,10.047613,8.119365,0.028433545
266,305,9.265871,8.297158,8.936306,8.874548,0.020863827
266,307,9.265871,8.297158,9.597365,7.9613886,0.31588945
266,316,9.265871,8.297158,9.472414,8.721595,0.28948426
266,318,9.265871,8.297158,9.13994,8.695845,0.29546395
266,322,9.265871,8.297158,8.996443,8.638713,0.32247946
266,323,9.265871,8.297158,9.616397,8.586557,0.2435452
266,332,9.265871,8.297158,9.797487,8.354705,0.3839826
267,266,9.497206,8.008196,9.265871,8.297158,0.44698265
267,269,9.497206,8.008196,9.216134,8.201224,0.47794974
267,272,9.497206,8.008196,10.011251,8.272404,0.23434633
267,274,9.497206,8.008196,9.223565,8.1427,0.3928095
267,276,9.497206,8.008196,9.239842,8.155273,0.38236392
267,281,9.497206,8.008196,9.384042,7.9573402,0.3859088
267,282,9.497206,8.008196,9.891368,7.988965,0.3540918
267,288,9.497206,8.008196,9.395933,8.209567,1.0
267,290,9.497206,8.008196,9.40597,8.626352,0.092082635
267,291,9.497206,8.008196,9.7789345,8.023751,0.035479136
267,292,9.497206,8.008196,9.449857,8.383283,0.09205217
267,299,9.497206,8.008196,10.047613,8.119365,0.42277756
267,307,9.497206,8.008196,9.597365,7.9613886,1.0
267,313,9.497206,8.008196,9.97343,7.957586,0.49471748
267,316,9.497206,8.008196,9.472414,8.721595,0.065687604
267,320,9.497206,8.008196,9.708002,8.027084,0.58846164
267,330,9.497206,8.008196,10.26166,8.093516,0.1859102
267,332,9.497206,8.008196,9.797487,8.354705,0.27619073
268,32,11.779941,7.5773644,14.766539,4.6674213,0.15145035
268,49,11.779941,7.5773644,13.812493,5.420563,0.16739106
268,113,11.779941,7.5773644,14.840921,4.168203,0.14899586
268,125,11.779941,7.5773644,12.722302,6.6488137,0.2705181
268,265,11.779941,7.5773644,11.538459,7.7943535,0.46069822
268,271,11.779941,7.5773644,11.857723,7.508994,0.8921077
268,275,11.779941,7.5773644,11.511194,7.7427416,0.22289066
268,277,11.779941,7.5773644,11.515655,7.9160857,0.2527929
268,283,11.779941,7.5773644,11.674435,7.660011,1.0
268,289,11.779941,7.5773644,11.586519,7.8906875,0.29823574
268,293,11.779941,7.5773644,11.510714,7.776014,0.40847293
268,301,11.779941,7.5773644,11.497568,7.50808,0.17281684
268,306,11.779941,7.5773644,11.660351,7.890597,0.34480208
268,317,11.779941,7.5773644,11.578868,7.989643,0.16268021
268,324,11.779941,7.5773644,12.118129,7.3273463,0.84803325
269,266,9.216134,8.201224,9.265871,8.297158,0.34732106
269,267,9.216134,8.201224,9.497206,8.008196,0.47794974
269,274,9.216134,8.201224,9.223565,8.1427,1.0
269,276,9.216134,8.201224,9.239842,8.155273,0.9680325
269,280,9.216134,8.201224,9.122103,8.660111,0.2543121
269,281,9.216134,8.201224,9.384042,7.9573402,0.4088081
269,282,9.216134,8.201224,9.891368,7.988965,0.16051148
269,288,9.216134,8.201224,9.395933,8.209567,0.42513588
269,290,9.216134,8.201224,9.40597,8.626352,0.23707628
269,296,9.216134,8.201224,8.907946,9.040949,0.18938118
269,307,9.216134,8.201224,9.597365,7.9613886,0.36229458
269,316,9.216134,8.201224,9.472414,8.721595,0.22603206
269,318,9.216134,8.201224,9.13994,8.695845,0.21625899
269,320,9.216134,8.201224,9.708002,8.027084,0.32943314
269,325,9.216134,8.201224,9.162663,8.771569,0.17761037
269,328,9.216134,8.201224,8.979617,8.975307,0.2001241
269,332,9.216134,8.201224,9.797487,8.354705,0.11145392
270,59,11.867929,7.4553914,13.512716,5.5944304,0.057107385
270,67,11.867929,7.4553914,12.605202,7.15942,0.46267098
270,69,11.867929,7.4553914,13.379936,6.2177835,0.12054241
270,75,11.867929,7.4553914,13.451831,6.1410103,0.05803854
270,93,11.867929,7.4553914,13.264702,6.112224,0.1422503
270,109,11.867929,7.4553914,13.196549,6.173808,0.506258
270,123,11.867929,7.4553914,12.9085865,6.4837227,0.38987994
270,265,11.867929,7.4553914,11.538459,7.7943535,0.08758247
270,273,11.867929,7.4553914,12.629159,7.1099067,0.3857937
270,275,11.867929,7.4553914,11.511194,7.7427416,1.0
270,293,11.867929,7.4553914,11.510714,7.776014,0.31092963
270,300,11.867929,7.4553914,11.239039,7.98846,0.4844061
270,301,11.867929,7.4553914,11.497568,7.50808,0.5707307
270,308,11.867929,7.4553914,11.606525,8.184234,0.22847526
270,317,11.867929,7.4553914,11.578868,7.989643,0.29540676
270,327,11.867929,7.4553914,11.614138,8.100076,0.42087528
270,329,11.867929,7.4553914,12.60709,6.7113414,0.28858474
271,7,11.857723,7.508994,15.070056,3.4102123,0.11609588
271,21,11.857723,7.508994,14.901718,4.8026524,0.020539522
271,32,11.857723,7.508994,14.766539,4.6674213,1.0
271,41,11.857723,7.508994,14.864813,4.7308,0.058576405
271,265,11.857723,7.508994,11.538459,7.7943535,0.060977098
271,268,11.857723,7.508994,11.779941,7.5773644,0.8921077
271,277,11.857723,7.508994,11.515655,7.9160857,0.46841288
271,279,11.857723,7.508994,11.605769,8.02982,0.03730486
271,283,11.857723,7.508994,11.674435,7.660011,0.35417306
271,285,11.857723,7.508994,14.941929,3.3801575,0.23511593
271,286,11.857723,7.508994,11.214267,7.904054,0.036351047
271,293,11.857723,7.508994,11.510714,7.776014,0.03576437
271,306,11.857723,7.508994,11.660351,7.890597,0.50846946
271,319,11.857723,7.508994,14.898819,3.1871645,0.083006114
272,267,10.011251,8.272404,9.497206,8.008196,0.23434633
272,278,10.011251,8.272404,9.640834,8.722981,0.6971377
272,282,10.011251,8.272404,9.891368,7.988965,0.30069068
272,284,10.011251,8.272404,9.676757,8.759045,0.14435561
272,290,10.011251,8.272404,9.40597,8.626352,0.21856895
272,291,10.011251,8.272404,9.7789345,8.023751,0.51395214
272,292,10.011251,8.272404,9.449857,8.383283,0.25562513
272,298,10.011251,8.272404,9.437217,8.799737,0.06948706
272,299,10.011251,8.272404,10.047613,8.119365,0.49498034
272,301,10.011251,8.272404,11.497568,7.50808,0.079445265
272,307,10.011251,8.272404,9.597365,7.9613886,0.28234547
272,309,10.011251,8.272404,10.233272,8.142908,1.0
272,311,10.011251,8.272404,10.359967,7.9682417,0.17781651
272,313,10.011251,8.272404,9.97343,7.957586,0.13134934
272,314,10.011251,8.272404,10.572024,8.07487,0.53610474
272,316,10.011251,8.272404,9.472414,8.721595,0.22798724
272,320,10.011251,8.272404,9.708002,8.027084,0.46843484
272,323,10.011251,8.272404,9.616397,8.586557,0.34628493
272,330,10.011251,8.272404,10.26166,8.093516,0.63485605
272,332,10.011251,8.272404,9.797487,8.354705,0.7350263
273,14,12.629159,7.1099067,14.088436,7.109835,0.08763145
273,38,12.629159,7.1099067,13.787347,7.001216,0.46624264
273,67,12.629159,7.1099067,12.605202,7.15942,1.0
273,69,12.629159,7.1099067,13.379936,6.2177835,0.3149551
273,73,12.629159,7.1099067,13.28345,6.3125863,0.20046946
273,93,12.629159,7.1099067,13.264702,6.112224,0.37181598
273,103,12.629159,7.1099067,13.663191,6.7761784,0.08346916
273,105,12.629159,7.1099067,13.838043,7.055436,0.23648171
273,107,12.629159,7.1099067,13.571477,6.76282,0.17833622
273,109,12.629159,7.1099067,13.196549,6.173808,0.23432565
273,123,12.629159,7.1099067,12.9085865,6.4837227,0.03467065
273,270,12.629159,7.1099067,11.867929,7.4553914,0.3857937
273,275,12.629159,7.1099067,11.511194,7.7427416,0.20802173
273,284,12.629159,7.1099067,9.676757,8.759045,0.46034348
273,292,12.629159,7.1099067,9.449857,8.383283,0.14930686
273,293,12.629159,7.1099067,11.510714,7.776014,0.15345003
273,301,12.629159,7.1099067,11.497568,7.50808,0.47276217
273,324,12.629159,7.1099067,12.118129,7.3273463,0.27363497
274,266,9.223565,8.1427,9.265871,8.297158,0.6142041
274,267,9.223565,8.1427,9.497206,8.008196,0.3928095
274,269,9.223565,8.1427,9.216134,8.201224,1.0
274,276,9.223565,8.1427,9.239842,8.155273,1.0
274,280,9.223565,8.1427,9.122103,8.660111,0.35348505
274,281,9.223565,8.1427,9.384042,7.9573402,0.99999994
274,288,9.223565,8.1427,9.395933,8.209567,0.47976327
274,292,9.223565,8.1427,9.449857,8.383283,0.2304834
274,296,9.223565,8.1427,8.907946,9.040949,0.12823504
274,305,9.223565,8.1427,8.936306,8.874548,0.01999948
274,307,9.223565,8.1427,9.597365,7.9613886,0.4218513
274,316,9.223565,8.1427,9.472414,8.721595,0.18991826
274,318,9.223565,8.1427,9.13994,8.695845,0.28757843
274,320,9.223565,8.1427,9.708002,8.027084,0.2138521
274,322,9.223565,8.1427,8.996443,8.638713,0.15336911
274,323,9.223565,8.1427,9.616397,8.586557,0.08886905
274,325,9.223565,8.1427,9.162663,8.771569,0.1010105
274,328,9.223565,8.1427,8.979617,8.975307,0.07959793
274,332,9.223565,8.1427,9.797487,8.354705,0.10153266
275,67,11.511194,7.7427416,12.605202,7.15942,0.18161313
275,265,11.511194,7.7427416,11.538459,7.7943535,0.62856364
275,268,11.511194,7.7427416,11.779941,7.5773644,0.22289066
275,270,11.511194,7.7427416,11.867929,7.4553914,1.0
275,273,11.511194,7.7427416,12.629159,7.1099067,0.20802173
275,277,11.511194,7.7427416,11.515655,7.9160857,0.32260767
275,279,11.511194,7.7427416,11.605769,8.02982,0.3208881
275,283,11.511194,7.7427416,11.674435,7.660011,0.30057055
275,284,11.511194,7.7427416,9.676757,8.759045,0.13474625
275,286,11.511194,7.7427416,11.214267,7.904054,0.25185287
275,289,11.511194,7.7427416,11.586519,7.8906875,0.29816437
275,293,11.511194,7.7427416,11.510714,7.776014,1.0
275,300,11.511194,7.7427416,11.239039,7.98846,0.29299238
275,301,11.511194,7.7427416,11.497568,7.50808,1.0
275,306,11.511194,7.7427416,11.660351,7.890597,0.41316238
275,308,11.511194,7.7427416,11.606525,8.184234,0.27341002
275,314,11.511194,7.7427416,10.572024,8.07487,0.15004382
275,315,11.511194,7.7427416,11.477087,8.24306,0.033067543
275,317,11.511194,7.7427416,11.578868,7.989643,0.544063
275,324,11.511194,7.7427416,12.118129,7.3273463,0.078806445
275,326,11.511194,7.7427416,11.666332,8.091333,0.12289499
275,327,11.511194,7.7427416,11.614138,8.100076,0.40161592
275,330,11.511194,7.7427416,10.26166,8.093516,0.24935591
276,14,9.239842,8.155273,14.088436,7.109835,0.089809224
276,266,9.239842,8.155273,9.265871,8.297158,0.45531875
276,267,9.239842,8.155273,9.497206,8.008196,0.38236392
276,269,9.239842,8.155273,9.216134,8.201224,0.9680325
276,274,9.239842,8.155273,9.223565,8.1427,1.0
276,280,9.239842,8.155273,9.122103,8.660111,0.13130596
276,281,9.239842,8.155273,9.384042,7.9573402,0.42993146
276,288,9.239842,8.155273,9.395933,8.209567,0.5848531
276,290,9.239842,8.155273,9.40597,8.626352,0.074374594
276,292,9.239842,8.155273,9.449857,8.383283,0.057390526
276,296,9.239842,8.155273,8.907946,9.040949,0.17888583
276,307,9.239842,8.155273,9.597365,7.9613886,0.1589583
276,316,9.239842,8.155273,9.472414,8.721595,0.06653996
276,318,9.239842,8.155273,9.13994,8.695845,0.08693673
276,320,9.239842,8.155273,9.708002,8.027084,0.05468852
276,322,9.239842,8.155273,8.996443,8.638713,0.06094861
277,265,11.515655,7.9160857,11.538459,7.7943535,0.2706717
277,268,11.515655,7.9160857,11.779941,7.5773644,0.2527929
277,271,11.515655,7.9160857,11.857723,7.508994,0.46841288
277,275,11.515655,7.9160857,11.511194,7.7427416,0.32260767
277,279,11.515655,7.9160857,11.605769,8.02982,0.58788496
277,283,11.515655,7.9160857,11.674435,7.660011,0.12422241
277,286,11.515655,7.9160857,11.214267,7.904054,0.3579131
277,293,11.515655,7.9160857,11.510714,7.776014,0.4719764
277,306,11.515655,7.9160857,11.660351,7.890597,1.0
277,311,11.515655,7.9160857,10.359967,7.9682417,0.1218815
277,317,11.515655,7.9160857,11.578868,7.989643,0.27531672
277,321,11.515655,7.9160857,11.707586,8.384487,0.10955811
277,326,11.515655,7.9160857,11.666332,8.091333,0.675488
277,327,11.515655,7.9160857,11.614138,8.100076,0.14835785
277,330,11.515655,7.9160857,10.26166,8.093516,0.101053454
278,272,9.640834,8.722981,10.011251,8.272404,0.6971377
278,280,9.640834,8.722981,9.122103,8.660111,0.04217318
278,282,9.640834,8.722981,9.891368,7.988965,0.12509629
278,284,9.640834,8.722981,9.676757,8.759045,0.29083654
278,290,9.640834,8.722981,9.40597,8.626352,0.5449298
278,292,9.640834,8.722981,9.449857,8.383283,0.088371955
278,298,9.640834,8.722981,9.437217,8.799737,1.0
278,309,9.640834,8.722981,10.233272,8.142908,0.30818692
278,310,9.640834,8.722981,9.376074,8.940027,0.66764057
278,314,9.640834,8.722981,10.572024,8.07487,0.18601319
278,316,9.640834,8.722981,9.472414,8.721595,0.67541564
278,323,9.640834,8.722981,9.616397,8.586557,0.3735426
278,325,9.640834,8.722981,9.162663,8.771569,0.043720584
278,328,9.640834,8.722981,8.979617,8.975307,0.046268012
278,330,9.640834,8.722981,10.26166,8.093516,0.04624824
278,331,9.640834,8.722981,9.07977,9.021015,0.04333812
278,332,9.640834,8.722981,9.797487,8.354705,0.23511815
279,265,11.605769,8.02982,11.538459,7.7943535,0.3891219
279,271,11.605769,8.02982,11.857723,7.508994,0.03730486
279,275,11.605769,8.02982,11.511194,7.7427416,0.3208881
279,277,11.605769,8.02982,11.515655,7.9160857,0.58788496
279,283,11.605769,8.02982,11.674435,7.660011,0.110616356
279,286,11.605769,8.02982,11.214267,7.904054,0.33199593
279,287,11.605769,8.02982,14.858063,3.0740209,0.039169975
279,289,11.605769,8.02982,11.586519,7.8906875,0.23228443
279,293,11.605769,8.02982,11.510714,7.776014,0.5087739
279,297,11.605769,8.02982,14.895696,3.0403945,0.11963529
279,300,11.605769,8.02982,11.239039,7.98846,0.100431584
279,303,11.605769,8.02982,11.607323,8.290763,0.16200237
279,306,11.605769,8.02982,11.660351,7.890597,0.85907114
279,308,11.605769,8.02982,11.606525,8.184234,0.50761676
279,315,11.605769,8.02982,11.477087,8.24306,0.12583488
279,317,11.605769,8.02982,11.578868,7.989643,1.0
279,319,11.605769,8.02982,14.898819,3.1871645,0.032760542
279,321,11.605769,8.02982,11.707586,8.384487,1.0
279,326,11.605769,8.02982,11.666332,8.091333,0.99999994
279,327,11.605769,8.02982,11.614138,8.100076,0.64513373
280,266,9.122103,8.660111,9.265871,8.297158,0.5687424
280,269,9.122103,8.660111,9.216134,8.201224,0.2543121
280,274,9.122103,8.660111,9.223565,8.1427,0.35348505
280,276,9.122103,8.660111,9.239842,8.155273,0.13130596
280,278,9.122103,8.660111,9.640834,8.722981,0.04217318
280,288,9.122103,8.660111,9.395933,8.209567,0.1781811
280,290,9.122103,8.660111,9.40597,8.626352,0.510348
280,292,9.122103,8.660111,9.449857,8.383283,0.39067954
280,294,9.122103,8.660111,9.037182,9.013737,0.22526395
280,296,9.122103,8.660111,8.907946,9.040949,0.18891643
280,298,9.122103,8.660111,9.437217,8.799737,0.5011379
280,302,9.122103,8.660111,9.017341,8.929738,0.15209545
280,304,9.122103,8.660111,9.04913,8.983318,0.21662979
280,305,9.122103,8.660111,8.936306,8.874548,0.23701994
280,310,9.122103,8.660111,9.376074,8.940027,0.17758211
280,312,9.122103,8.660111,8.882751,9.040511,0.19699135
280,316,9.122103,8.660111,9.472414,8.721595,0.6304388
280,318,9.122103,8.660111,9.13994,8.695845,1.0
280,322,9.122103,8.660111,8.996443,8.638713,0.94016415
280,323,9.122103,8.660111,9.616397,8.586557,0.33122927
280,325,9.122103,8.660111,9.162663,8.771569,0.6019392
280,328,9.122103,8.660111,8.979617,8.975307,0.106669255
280,331,9.122103,8.660111,9.07977,9.021015,0.106852874
280,332,9.122103,8.660111,9.797487,8.354705,0.12361371
281,266,9.384042,7.9573402,9.265871,8.297158,0.15642802
281,267,9.384042,7.9573402,9.497206,8.008196,0.3859088
281,269,9.384042,7.9573402,9.216134,8.201224,0.4088081
281,274,9.384042,7.9573402,9.223565,8.1427,0.99999994
281,276,9.384042,7.9573402,9.239842,8.155273,0.42993146
281,288,9.384042,7.9573402,9.395933,8.209567,0.2122719
281,291,9.384042,7.9573402,9.7789345,8.023751,0.10286847
281,292,9.384042,7.9573402,9.449857,8.383283,0.10832237
281,299,9.384042,7.9573402,10.047613,8.119365,0.1256231
281,307,9.384042,7.9573402,9.597365,7.9613886,0.81484467
281,313,9.384042,7.9573402,9.97343,7.957586,0.12022428
281,320,9.384042,7.9573402,9.708002,8.027084,0.3231984
281,323,9.384042,7.9573402,9.616397,8.586557,0.05341956
281,324,9.384042,7.9573402,12.118129,7.3273463,0.040864043
281,332,9.384042,7.9573402,9.797487,8.354705,0.07795189
282,267,9.891368,7.988965,9.497206,8.008196,0.3540918
282,269,9.891368,7.988965,9.216134,8.201224,0.16051148
282,272,9.891368,7.988965,10.011251,8.272404,0.30069068
282,278,9.891368,7.988965,9.640834,8.722981,0.12509629
282,286,9.891368,7.988965,11.214267,7.904054,0.09055168
282,288,9.891368,7.988965,9.395933,8.209567,0.16880193
282,290,9.891368,7.988965,9.40597,8.626352,0.18114792
282,299,9.891368,7.988965,10.047613,8.119365,0.12006891
282,307,9.891368,7.988965,9.597365,7.9613886,0.15455683
282,309,9.891368,7.988965,10.233272,8.142908,0.30757952
282,311,9.891368,7.988965,10.359967,7.9682417,0.41618907
282,313,9.891368,7.988965,9.97343,7.957586,1.0
282,320,9.891368,7.988965,9.708002,8.027084,0.33332223
282,330,9.891368,7.988965,10.26166,8.093516,0.19427334
283,265,11.674435,7.660011,11.538459,7.7943535,0.72971696
283,268,11.674435,7.660011,11.779941,7.5773644,1.0
283,271,11.674435,7.660011,11.857723,7.508994,0.35417306
283,275,11.674435,7.660011,11.511194,7.7427416,0.30057055
283,277,11.674435,7.660011,11.515655,7.9160857,0.12422241
283,279,11.674435,7.660011,11.605769,8.02982,0.110616356
283,286,11.674435,7.660011,11.214267,7.904054,0.2634862
283,289,11.674435,7.660011,11.586519,7.8906875,0.5435645
283,293,11.674435,7.660011,11.510714,7.776014,0.43418977
283,299,11.674435,7.660011,10.047613,8.119365,0.14055207
283,301,11.674435,7.660011,11.497568,7.50808,0.26392266
283,306,11.674435,7.660011,11.660351,7.890597,0.27614707
283,311,11.674435,7.660011,10.359967,7.9682417,0.23909351
283,313,11.674435,7.660011,9.97343,7.957586,0.1252884
283,317,11.674435,7.660011,11.578868,7.989643,0.13791622
283,324,11.674435,7.660011,12.118129,7.3273463,0.956731
283,330,11.674435,7.660011,10.26166,8.093516,0.11681493
284,67,9.676757,8.759045,12.605202,7.15942,0.39074033
284,266,9.676757,8.759045,9.265871,8.297158,0.13280588
284,272,9.676757,8.759045,10.011251,8.272404,0.14435561
284,273,9.676757,8.759045,12.629159,7.1099067,0.46034348
284,275,9.676757,8.759045,11.511194,7.7427416,0.13474625
284,278,9.676757,8.759045,9.640834,8.722981,0.29083654
284,290,9.676757,8.759045,9.40597,8.626352,0.35454154
284,292,9.676757,8.759045,9.449857,8.383283,0.13177809
284,298,9.676757,8.759045,9.437217,8.799737,0.23290898
284,301,9.676757,8.759045,11.497568,7.50808,0.34098744
284,310,9.676757,8.759045,9.376074,8.940027,0.99999994
284,316,9.676757,8.759045,9.472414,8.721595,0.14307934
284,330,9.676757,8.759045,10.26166,8.093516,0.2639798
284,332,9.676757,8.759045,9.797487,8.354705,0.18021752
285,1,14.941929,3.3801575,15.266301,3.6584642,0.11711117
285,5,14.941929,3.3801575,15.305141,4.107536,0.114495814
285,7,14.941929,3.3801575,15.070056,3.4102123,0.65130126
285,19,14.941929,3.3801575,15.391574,3.9879377,0.18566895
285,21,14.941929,3.3801575,14.901718,4.8026524,0.047712423
285,25,14.941929,3.3801575,15.395929,3.7028267,0.16128196
285,32,14.941929,3.3801575,14.766539,4.6674213,0.4622397
285,44,14.941929,3.3801575,15.175603,3.4882746,0.15282029
285,50,14.941929,3.3801575,15.419285,3.6068664,0.06902432
285,116,14.941929,3.3801575,15.289759,3.8223827,0.65695477
285,135,14.941929,3.3801575,15.110462,3.233726,0.62247145
285,137,14.941929,3.3801575,15.26551,3.220892,0.053210117
285,271,14.941929,3.3801575,11.857723,7.508994,0.23511593
285,297,14.941929,3.3801575,14.895696,3.0403945,0.46024466
285,319,14.941929,3.3801575,14.898819,3.1871645,1.0
286,265,11.214267,7.904054,11.538459,7.7943535,0.6869037
286,271,11.214267,7.904054,11.857723,7.508994,0.036351047
286,275,11.214267,7.904054,11.511194,7.7427416,0.25185287
286,277,11.214267,7.904054,11.515655,7.9160857,0.3579131
286,279,11.214267,7.904054,11.605769,8.02982,0.33199593
286,282,11.214267,7.904054,9.891368,7.988965,0.09055168
286,283,11.214267,7.904054,11.674435,7.660011,0.2634862
286,289,11.214267,7.904054,11.586519,7.8906875,0.66226685
286,293,11.214267,7.904054,11.510714,7.776014,0.3586298
286,303,11.214267,7.904054,11.607323,8.290763,0.27539074
286,306,11.214267,7.904054,11.660351,7.890597,0.31919494
286,308,11.214267,7.904054,11.606525,8.184234,0.11790919
286,309,11.214267,7.904054,10.233272,8.142908,0.20819037
286,311,11.214267,7.904054,10.359967,7.9682417,1.0
286,313,11.214267,7.904054,9.97343,7.957586,0.20449476
286,314,11.214267,7.904054,10.572024,8.07487,0.3467842
286,315,11.214267,7.904054,11.477087,8.24306,0.25467405
286,317,11.214267,7.904054,11.578868,7.989643,0.2536893
286,321,11.214267,7.904054,11.707586,8.384487,0.0477142
286,326,11.214267,7.904054,11.666332,8.091333,0.2640797
286,327,11.214267,7.904054,11.614138,8.100076,0.075543374
286,330,11.214267,7.904054,10.26166,8.093516,0.22589542
287,7,14.858063,3.0740209,15.070056,3.4102123,0.16696565
287,22,14.858063,3.0740209,15.136165,3.3466234,0.09232097
287,25,14.858063,3.0740209,15.395929,3.7028267,0.03853409
287,106,14.858063,3.0740209,15.7255,3.0879033,0.040943474
287,110,14.858063,3.0740209,16.660141,3.0754921,0.11887457
287,122,14.858063,3.0740209,16.1225,3.029391,0.111287065
287,134,14.858063,3.0740209,15.589219,3.0729659,0.060030576
287,135,14.858063,3.0740209,15.110462,3.233726,0.08870641
287,279,14.858063,3.0740209,11.605769,8.02982,0.039169975
287,295,14.858063,3.0740209,14.982196,3.1064515,1.0
287,297,14.858063,3.0740209,14.895696,3.0403945,0.9302088
287,303,14.858063,3.0740209,11.607323,8.290763,0.8278676
287,319,14.858063,3.0740209,14.898819,3.1871645,0.51752084
287,321,14.858063,3.0740209,11.707586,8.384487,0.6895989
288,266,9.395933,8.209567,9.265871,8.297158,1.0
288,267,9.395933,8.209567,9.497206,8.008196,1.0
288,269,9.395933,8.209567,9.216134,8.201224,0.42513588
288,274,9.395933,8.209567,9.223565,8.1427,0.47976327
288,276,9.395933,8.209567,9.239842,8.155273,0.5848531
288,280,9.395933,8.209567,9.122103,8.660111,0.1781811
288,281,9.395933,8.209567,9.384042,7.9573402,0.2122719
288,282,9.395933,8.209567,9.891368,7.988965,0.16880193
288,290,9.395933,8.209567,9.40597,8.626352,0.27454105
288,292,9.395933,8.209567,9.449857,8.383283,0.24159749
288,299,9.395933,8.209567,10.047613,8.119365,0.25233722
288,307,9.395933,8.209567,9.597365,7.9613886,0.5701632
288,313,9.395933,8.209567,9.97343,7.957586,0.19648583
288,316,9.395933,8.209567,9.472414,8.721595,0.09070352
288,320,9.395933,8.209567,9.708002,8.027084,0.19939657
288,330,9.395933,8.209567,10.26166,8.093516,0.16727002
288,332,9.395933,8.209567,9.797487,8.354705,0.2798114
289,265,11.586519,7.8906875,11.538459,7.7943535,1.0
289,268,11.586519,7.8906875,11.779941,7.5773644,0.29823574
289,275,11.586519,7.8906875,11.511194,7.7427416,0.29816437
289,279,11.586519,7.8906875,11.605769,8.02982,0.23228443
289,283,11.586519,7.8906875,11.674435,7.660011,0.5435645
289,286,11.586519,7.8906875,11.214267,7.904054,0.66226685
289,291,11.586519,7.8906875,9.7789345,8.023751,0.01136473
289,293,11.586519,7.8906875,11.510714,7.776014,0.35646898
289,299,11.586519,7.8906875,10.047613,8.119365,0.11623413
289,301,11.586519,7.8906875,11.497568,7.50808,0.12937999
289,303,11.586519,7.8906875,11.607323,8.290763,0.28646967
289,306,11.586519,7.8906875,11.660351,7.890597,0.16831237
289,308,11.586519,7.8906875,11.606525,8.184234,0.44748187
289,311,11.586519,7.8906875,10.359967,7.9682417,0.27637175
289,315,11.586519,7.8906875,11.477087,8.24306,0.17422225
289,317,11.586519,7.8906875,11.578868,7.989643,0.40933946
289,321,11.586519,7.8906875,11.707586,8.384487,0.05165853
289,324,11.586519,7.8906875,12.118129,7.3273463,0.11994345
289,327,11.586519,7.8906875,11.614138,8.100076,0.26970387
289,329,11.586519,7.8906875,12.60709,6.7113414,0.38201678
290,266,9.40597,8.626352,9.265871,8.297158,0.41235778
290,267,9.40597,8.626352,9.497206,8.008196,0.092082635
290,269,9.40597,8.626352,9.216134,8.201224,0.23707628
290,272,9.40597,8.626352,10.011251,8.272404,0.21856895
290,276,9.40597,8.626352,9.239842,8.155273,0.074374594
290,278,9.40597,8.626352,9.640834,8.722981,0.5449298
290,280,9.40597,8.626352,9.122103,8.660111,0.510348
290,282,9.40597,8.626352,9.891368,7.988965,0.18114792
290,284,9.40597,8.626352,9.676757,8.759045,0.35454154
290,288,9.40597,8.626352,9.395933,8.209567,0.27454105
290,292,9.40597,8.626352,9.449857,8.383283,0.12210097
290,294,9.40597,8.626352,9.037182,9.013737,0.1826529
290,296,9.40597,8.626352,8.907946,9.040949,0.12198447
290,298,9.40597,8.626352,9.437217,8.799737,0.636523
290,302,9.40597,8.626352,9.017341,8.929738,0.08486467
290,304,9.40597,8.626352,9.04913,8.983318,0.1956014
290,310,9.40597,8.626352,9.376074,8.940027,0.65570736
290,316,9.40597,8.626352,9.472414,8.721595,1.0
290,318,9.40597,8.626352,9.13994,8.695845,0.29004526
290,322,9.40597,8.626352,8.996443,8.638713,0.08037233
290,323,9.40597,8.626352,9.616397,8.586557,0.12858911
290,325,9.40597,8.626352,9.162663,8.771569,0.07506327
290,328,9.40597,8.626352,8.979617,8.975307,0.08979015
290,332,9.40597,8.626352,9.797487,8.354705,0.21222177
291,267,9.7789345,8.023751,9.497206,8.008196,0.035479136
291,272,9.7789345,8.023751,10.011251,8.272404,0.51395214
291,281,9.7789345,8.023751,9.384042,7.9573402,0.10286847
291,289,9.7789345,8.023751,11.586519,7.8906875,0.01136473
291,292,9.7789345,8.023751,9.449857,8.383283,0.2165129
291,299,9.7789345,8.023751,10.047613,8.119365,0.71160674
291,307,9.7789345,8.023751,9.597365,7.9613886,0.56125736
291,309,9.7789345,8.023751,10.233272,8.142908,0.534226
291,311,9.7789345,8.023751,10.359967,7.9682417,0.16258465
291,313,9.7789345,8.023751,9.97343,7.957586,0.13421792
291,314,9.7789345,8.023751,10.572024,8.07487,0.25989023
291,316,9.7789345,8.023751,9.472414,8.721595,0.022724118
291,320,9.7789345,8.023751,9.708002,8.027084,1.0
291,323,9.7789345,8.023751,9.616397,8.586557,0.35069397
291,330,9.7789345,8.023751,10.26166,8.093516,0.044357743
291,332,9.7789345,8.023751,9.797487,8.354705,0.45633194
292,67,9.449857,8.383283,12.605202,7.15942,0.15576838
292,266,9.449857,8.383283,9.265871,8.297158,0.57988226
292,267,9.449857,8.383283,9.497206,8.008196,0.09205217
292,272,9.449857,8.383283,10.011251,8.272404,0.25562513
292,273,9.449857,8.383283,12.629159,7.1099067,0.14930686
292,274,9.449857,8.383283,9.223565,8.1427,0.2304834
292,276,9.449857,8.383283,9.239842,8.155273,0.057390526
292,278,9.449857,8.383283,9.640834,8.722981,0.088371955
292,280,9.449857,8.383283,9.122103,8.660111,0.39067954
292,281,9.449857,8.383283,9.384042,7.9573402,0.10832237
292,284,9.449857,8.383283,9.676757,8.759045,0.13177809
292,288,9.449857,8.383283,9.395933,8.209567,0.24159749
292,290,9.449857,8.383283,9.40597,8.626352,0.12210097
292,291,9.449857,8.383283,9.7789345,8.023751,0.2165129
292,298,9.449857,8.383283,9.437217,8.799737,0.3283519
292,299,9.449857,8.383283,10.047613,8.119365,0.30579048
292,301,9.449857,8.383283,11.497568,7.50808,0.15035617
292,305,9.449857,8.383283,8.936306,8.874548,0.10322547
292,307,9.449857,8.383283,9.597365,7.9613886,0.31329256
292,309,9.449857,8.383283,10.233272,8.142908,0.10744627
292,310,9.449857,8.383283,9.376074,8.940027,0.07514921
292,312,9.449857,8.383283,8.882751,9.040511,0.08630566
292,316,9.449857,8.383283,9.472414,8.721595,0.53476775
292,318,9.449857,8.383283,9.13994,8.695845,0.2770079
292,320,9.449857,8.383283,9.708002,8.027084,0.10893553
292,322,9.449857,8.383283,8.996443,8.638713,0.30225998
292,323,9.449857,8.383283,9.616397,8.586557,1.0
292,325,9.449857,8.383283,9.162663,8.771569,0.10123392
292,330,9.449857,8.383283,10.26166,8.093516,0.0716068
292,331,9.449857,8.383283,9.07977,9.021015,0.036877234
292,332,9.449857,8.383283,9.797487,8.354705,1.0
293,265,11.510714,7.776014,11.538459,7.7943535,1.0
293,268,11.510714,7.776014,11.779941,7.5773644,0.40847293
293,270,11.510714,7.776014,11.867929,7.4553914,0.31092963
293,271,11.510714,7.776014,11.857723,7.508994,0.03576437
293,273,11.510714,7.776014,12.629159,7.1099067,0.15345003
293,275,11.510714,7.776014,11.511194,7.7427416,1.0
293,277,11.510714,7.776014,11.515655,7.9160857,0.4719764
293,279,11.510714,7.776014,11.605769,8.02982,0.5087739
293,283,11.510714,7.776014,11.674435,7.660011,0.43418977
293,286,11.510714,7.776014,11.214267,7.904054,0.3586298
293,289,11.510714,7.776014,11.586519,7.8906875,0.35646898
293,300,11.510714,7.776014,11.239039,7.98846,0.09956272
293,301,11.510714,7.776014,11.497568,7.50808,0.50978047
293,306,11.510714,7.776014,11.660351,7.890597,0.77147627
293,308,11.510714,7.776014,11.606525,8.184234,0.24282718
293,311,11.510714,7.776014,10.359967,7.9682417,0.1301479
293,317,11.510714,7.776014,11.578868,7.989643,0.6398818
293,324,11.510714,7.776014,12.118129,7.3273463,0.09154864
293,326,11.510714,7.776014,11.666332,8.091333,0.17296436
293,327,11.510714,7.776014,11.614138,8.100076,0.32009837
293,330,11.510714,7.776014,10.26166,8.093516,0.07305574
294,280,9.037182,9.013737,9.122103,8.660111,0.22526395
294,290,9.037182,9.013737,9.40597,8.626352,0.1826529
294,296,9.037182,9.013737,8.907946,9.040949,0.907838
294,298,9.037182,9.013737,9.437217,8.799737,0.19157125
294,302,9.037182,9.013737,9.017341,8.929738,1.0
294,304,9.037182,9.013737,9.04913,8.983318,1.0
294,310,9.037182,9.013737,9.376074,8.940027,0.24574323
294,312,9.037182,9.013737,8.882751,9.040511,0.3149752
294,316,9.037182,9.013737,9.472414,8.721595,0.1611404
294,318,9.037182,9.013737,9.13994,8.695845,0.26189345
294,322,9.037182,9.013737,8.996443,8.638713,0.19022614
294,325,9.037182,9.013737,9.162663,8.771569,0.23559706
294,328,9.037182,9.013737,8.979617,8.975307,0.4712821
294,331,9.037182,9.013737,9.07977,9.021015,0.20331006
295,7,14.982196,3.1064515,15.070056,3.4102123,0.33382407
295,22,14.982196,3.1064515,15.136165,3.3466234,0.1460025
295,25,14.982196,3.1064515,15.395929,3.7028267,0.2930242
295,27,14.982196,3.1064515,15.510872,3.2449698,0.13554883
295,70,14.982196,3.1064515,15.20802,3.2311814,0.26074365
295,96,14.982196,3.1064515,17.072208,3.1358078,0.014490369
295,102,14.982196,3.1064515,16.767818,3.171738,0.11843227
295,110,14.982196,3.1064515,16.660141,3.0754921,0.34483132
295,116,14.982196,3.1064515,15.289759,3.8223827,0.12086377
295,120,14.982196,3.1064515,15.838945,3.2013676,0.11444811
295,122,14.982196,3.1064515,16.1225,3.029391,0.4021112
295,134,14.982196,3.1064515,15.589219,3.0729659,0.34975994
295,135,14.982196,3.1064515,15.110462,3.233726,0.5856973
295,287,14.982196,3.1064515,14.858063,3.0740209,1.0
295,297,14.982196,3.1064515,14.895696,3.0403945,1.0
295,319,14.982196,3.1064515,14.898819,3.1871645,0.5978836
296,266,8.907946,9.040949,9.265871,8.297158,0.06694064
296,269,8.907946,9.040949,9.216134,8.201224,0.18938118
296,274,8.907946,9.040949,9.223565,8.1427,0.12823504
296,276,8.907946,9.040949,9.239842,8.155273,0.17888583
296,280,8.907946,9.040949,9.122103,8.660111,0.18891643
296,290,8.907946,9.040949,9.40597,8.626352,0.12198447
296,294,8.907946,9.040949,9.037182,9.013737,0.907838
296,302,8.907946,9.040949,9.017341,8.929738,0.46921316
296,304,8.907946,9.040949,9.04913,8.983318,1.0
296,316,8.907946,9.040949,9.472414,8.721595,0.08417072
296,318,8.907946,9.040949,9.13994,8.695845,0.23486605
296,322,8.907946,9.040949,8.996443,8.638713,0.11800135
296,325,8.907946,9.040949,9.162663,8.771569,0.18735996
296,328,8.907946,9.040949,8.979617,8.975307,0.73775184
297,7,14.895696,3.0403945,15.070056,3.4102123,0.2583418
297,22,14.895696,3.0403945,15.136165,3.3466234,0.09828622
297,27,14.895696,3.0403945,15.510872,3.2449698,0.07348252
297,44,14.895696,3.0403945,15.175603,3.4882746,0.085360676
297,70,14.895696,3.0403945,15.20802,3.2311814,0.3733706
297,134,14.895696,3.0403945,15.589219,3.0729659,0.16685557
297,135,14.895696,3.0403945,15.110462,3.233726,0.53148675
297,137,14.895696,3.0403945,15.26551,3.220892,0.30303425
297,279,14.895696,3.0403945,11.605769,8.02982,0.11963529
297,285,14.895696,3.0403945,14.941929,3.3801575,0.46024466
297,287,14.895696,3.0403945,14.858063,3.0740209,0.9302088
297,295,14.895696,3.0403945,14.982196,3.1064515,1.0
297,303,14.895696,3.0403945,11.607323,8.290763,0.124664195
297,319,14.895696,3.0403945,14.898819,3.1871645,1.0
297,321,14.895696,3.0403945,11.707586,8.384487,0.5234535
297,326,14.895696,3.0403945,11.666332,8.091333,0.0554069
298,266,9.437217,8.799737,9.265871,8.297158,0.06855963
298,272,9.437217,8.799737,10.011251,8.272404,0.06948706
298,278,9.437217,8.799737,9.640834,8.722981,1.0
298,280,9.437217,8.799737,9.122103,8.660111,0.5011379
298,284,9.437217,8.799737,9.676757,8.759045,0.23290898
298,290,9.437217,8.799737,9.40597,8.626352,0.636523
298,292,9.437217,8.799737,9.449857,8.383283,0.3283519
298,294,9.437217,8.799737,9.037182,9.013737,0.19157125
298,302,9.437217,8.799737,9.017341,8.929738,0.11155508
298,304,9.437217,8.799737,9.04913,8.983318,0.19819872
298,305,9.437217,8.799737,8.936306,8.874548,0.14317471
298,310,9.437217,8.799737,9.376074,8.940027,0.99999994
298,312,9.437217,8.799737,8.882751,9.040511,0.20335631
298,316,9.437217,8.799737,9.472414,8.721595,1.0
298,318,9.437217,8.799737,9.13994,8.695845,0.47201228
298,322,9.437217,8.799737,8.996443,8.638713,0.25038385
298,323,9.437217,8.799737,9.616397,8.586557,0.6064982
298,325,9.437217,8.799737,9.162663,8.771569,0.5488936
298,328,9.437217,8.799737,8.979617,8.975307,0.11066009
298,331,9.437217,8.799737,9.07977,9.021015,0.70027864
298,332,9.437217,8.799737,9.797487,8.354705,0.19995709
299,266,10.047613,8.119365,9.265871,8.297158,0.028433545
299,267,10.047613,8.119365,9.497206,8.008196,0.42277756
299,272,10.047613,8.119365,10.011251,8.272404,0.49498034
299,281,10.047613,8.119365,9.384042,7.9573402,0.1256231
299,282,10.047613,8.119365,9.891368,7.988965,0.12006891
299,283,10.047613,8.119365,11.674435,7.660011,0.14055207
299,288,10.047613,8.119365,9.395933,8.209567,0.25233722
299,289,10.047613,8.119365,11.586519,7.8906875,0.11623413
299,291,10.047613,8.119365,9.7789345,8.023751,0.71160674
299,292,10.047613,8.119365,9.449857,8.383283,0.30579048
299,301,10.047613,8.119365,11.497568,7.50808,0.3588088
299,307,10.047613,8.119365,9.597365,7.9613886,0.8568704
299,309,10.047613,8.119365,10.233272,8.142908,0.5053811
299,311,10.047613,8.119365,10.359967,7.9682417,0.39457572
299,313,10.047613,8.119365,9.97343,7.957586,0.3259099
299,314,10.047613,8.119365,10.572024,8.07487,0.1925481
299,320,10.047613,8.119365,9.708002,8.027084,0.3520666
299,323,10.047613,8.119365,9.616397,8.586557,0.1607227
299,324,10.047613,8.119365,12.118129,7.3273463,0.10395491
299,330,10.047613,8.119365,10.26166,8.093516,1.0
299,332,10.047613,8.119365,9.797487,8.354705,1.0
300,123,11.239039,7.98846,12.9085865,6.4837227,0.04943517
300,265,11.239039,7.98846,11.538459,7.7943535,0.04816201
300,270,11.239039,7.98846,11.867929,7.4553914,0.4844061
300,275,11.239039,7.98846,11.511194,7.7427416,0.29299238
300,279,11.239039,7.98846,11.605769,8.02982,0.100431584
300,293,11.239039,7.98846,11.510714,7.776014,0.09956272
300,301,11.239039,7.98846,11.497568,7.50808,0.109900855
300,308,11.239039,7.98846,11.606525,8.184234,0.4780519
300,309,11.239039,7.98846,10.233272,8.142908,0.05246923
300,314,11.239039,7.98846,10.572024,8.07487,0.88660455
300,315,11.239039,7.98846,11.477087,8.24306,0.51841474
300,317,11.239039,7.98846,11.578868,7.989643,0.29154953
300,326,11.239039,7.98846,11.666332,8.091333,0.19967842
300,327,11.239039,7.98846,11.614138,8.100076,1.0
300,330,11.239039,7.98846,10.26166,8.093516,0.04437476
301,67,11.497568,7.50808,12.605202,7.15942,0.41117606
301,265,11.497568,7.50808,11.538459,7.7943535,0.2890674
301,268,11.497568,7.50808,11.779941,7.5773644,0.17281684
301,270,11.497568,7.50808,11.867929,7.4553914,0.5707307
301,272,11.497568,7.50808,10.011251,8.272404,0.079445265
301,273,11.497568,7.50808,12.629159,7.1099067,0.47276217
301,275,11.497568,7.50808,11.511194,7.7427416,1.0
301,283,11.497568,7.50808,11.674435,7.660011,0.26392266
301,284,11.497568,7.50808,9.676757,8.759045,0.34098744
301,289,11.497568,7.50808,11.586519,7.8906875,0.12937999
301,292,11.497568,7.50808,9.449857,8.383283,0.15035617
301,293,11.497568,7.50808,11.510714,7.776014,0.50978047
301,299,11.497568,7.50808,10.047613,8.119365,0.3588088
301,300,11.497568,7.50808,11.239039,7.98846,0.109900855
301,309,11.497568,7.50808,10.233272,8.142908,0.20246734
301,314,11.497568,7.50808,10.572024,8.07487,0.17713402
301,317,11.497568,7.50808,11.578868,7.989643,0.07976265
301,324,11.497568,7.50808,12.118129,7.3273463,0.17266998
301,330,11.497568,7.50808,10.26166,8.093516,0.84172904
301,332,11.497568,7.50808,9.797487,8.354705,0.21133499
302,280,9.017341,8.929738,9.122103,8.660111,0.15209545
302,290,9.017341,8.929738,9.40597,8.626352,0.08486467
302,294,9.017341,8.929738,9.037182,9.013737,1.0
302,296,9.017341,8.929738,8.907946,9.040949,0.46921316
302,298,9.017341,8.929738,9.437217,8.799737,0.11155508
302,304,9.017341,8.929738,9.04913,8.983318,0.82591546
302,305,9.017341,8.929738,8.936306,8.874548,0.13414751
302,310,9.017341,8.929738,9.376074,8.940027,0.119827054
302,312,9.017341,8.929738,8.882751,9.040511,0.41410044
302,318,9.017341,8.929738,9.13994,8.695845,0.19761729
302,322,9.017341,8.929738,8.996443,8.638713,0.1775179
302,325,9.017341,8.929738,9.162663,8.771569,0.16949257
302,328,9.017341,8.929738,8.979617,8.975307,0.14310189
302,331,9.017341,8.929738,9.07977,9.021015,0.17296103
303,265,11.607323,8.290763,11.538459,7.7943535,0.12480888
303,279,11.607323,8.290763,11.605769,8.02982,0.16200237
303,286,11.607323,8.290763,11.214267,7.904054,0.27539074
303,287,11.607323,8.290763,14.858063,3.0740209,0.8278676
303,289,11.607323,8.290763,11.586519,7.8906875,0.28646967
303,297,11.607323,8.290763,14.895696,3.0403945,0.124664195
303,308,11.607323,8.290763,11.606525,8.184234,0.21062806
303,311,11.607323,8.290763,10.359967,7.9682417,0.0978367
303,315,11.607323,8.290763,11.477087,8.24306,0.43513334
303,317,11.607323,8.290763,11.578868,7.989643,0.12465159
303,319,11.607323,8.290763,14.898819,3.1871645,0.09815178
303,321,11.607323,8.290763,11.707586,8.384487,1.0
303,326,11.607323,8.290763,11.666332,8.091333,0.1217906
303,327,11.607323,8.290763,11.614138,8.100076,0.10301246
304,280,9.04913,8.983318,9.122103,8.660111,0.21662979
304,290,9.04913,8.983318,9.40597,8.626352,0.1956014
304,294,9.04913,8.983318,9.037182,9.013737,1.0
304,296,9.04913,8.983318,8.907946,9.040949,1.0
304,298,9.04913,8.983318,9.437217,8.799737,0.19819872
304,302,9.04913,8.983318,9.017341,8.929738,0.82591546
304,310,9.04913,8.983318,9.376074,8.940027,0.23703025
304,312,9.04913,8.983318,8.882751,9.040511,0.25938407
304,316,9.04913,8.983318,9.472414,8.721595,0.17250814
304,318,9.04913,8.983318,9.13994,8.695845,0.2523015
304,322,9.04913,8.983318,8.996443,8.638713,0.16893993
304,325,9.04913,8.983318,9.162663,8.771569,0.29764777
304,328,9.04913,8.983318,8.979617,8.975307,0.86493045
304,331,9.04913,8.983318,9.07977,9.021015,0.20546645
305,123,8.936306,8.874548,12.9085865,6.4837227,0.049786117
305,266,8.936306,8.874548,9.265871,8.297158,0.020863827
305,274,8.936306,8.874548,9.223565,8.1427,0.01999948
305,280,8.936306,8.874548,9.122103,8.660111,0.23701994
305,292,8.936306,8.874548,9.449857,8.383283,0.10322547
305,298,8.936306,8.874548,9.437217,8.799737,0.14317471
305,302,8.936306,8.874548,9.017341,8.929738,0.13414751
305,310,8.936306,8.874548,9.376074,8.940027,0.013652276
305,312,8.936306,8.874548,8.882751,9.040511,1.0
305,316,8.936306,8.874548,9.472414,8.721595,0.08227158
305,318,8.936306,8.874548,9.13994,8.695845,0.43830174
305,322,8.936306,8.874548,8.996443,8.638713,0.6326035
305,323,8.936306,8.874548,9.616397,8.586557,0.14951444
305,325,8.936306,8.874548,9.162663,8.771569,0.4791564
305,331,8.936306,8.874548,9.07977,9.021015,1.0
305,332,8.936306,8.874548,9.797487,8.354705,0.024051826
306,265,11.660351,7.890597,11.538459,7.7943535,0.4516473
306,268,11.660351,7.890597,11.779941,7.5773644,0.34480208
306,271,11.660351,7.890597,11.857723,7.508994,0.50846946
306,275,11.660351,7.890597,11.511194,7.7427416,0.41316238
306,277,11.660351,7.890597,11.515655,7.9160857,1.0
306,279,11.660351,7.890597,11.605769,8.02982,0.85907114
306,283,11.660351,7.890597,11.674435,7.660011,0.27614707
306,286,11.660351,7.890597,11.214267,7.904054,0.31919494
306,289,11.660351,7.890597,11.586519,7.8906875,0.16831237
306,293,11.660351,7.890597,11.510714,7.776014,0.77147627
306,308,11.660351,7.890597,11.606525,8.184234,0.17056806
306,317,11.660351,7.890597,11.578868,7.989643,0.41442612
306,321,11.660351,7.890597,11.707586,8.384487,0.115394294
306,326,11.660351,7.890597,11.666332,8.091333,0.49913177
306,327,11.660351,7.890597,11.614138,8.100076,0.21297927
307,266,9.597365,7.9613886,9.265871,8.297158,0.31588945
307,267,9.597365,7.9613886,9.497206,8.008196,1.0
307,269,9.597365,7.9613886,9.216134,8.201224,0.36229458
307,272,9.597365,7.9613886,10.011251,8.272404,0.28234547
307,274,9.597365,7.9613886,9.223565,8.1427,0.4218513
307,276,9.597365,7.9613886,9.239842,8.155273,0.1589583
307,281,9.597365,7.9613886,9.384042,7.9573402,0.81484467
307,282,9.597365,7.9613886,9.891368,7.988965,0.15455683
307,288,9.597365,7.9613886,9.395933,8.209567,0.5701632
307,291,9.597365,7.9613886,9.7789345,8.023751,0.56125736
307,292,9.597365,7.9613886,9.449857,8.383283,0.31329256
307,299,9.597365,7.9613886,10.047613,8.119365,0.8568704
307,309,9.597365,7.9613886,10.233272,8.142908,0.14531463
307,311,9.597365,7.9613886,10.359967,7.9682417,0.12751961
307,313,9.597365,7.9613886,9.97343,7.957586,0.3477957
307,316,9.597365,7.9613886,9.472414,8.721595,0.09810558
307,320,9.597365,7.9613886,9.708002,8.027084,0.99999994
307,323,9.597365,7.9613886,9.616397,8.586557,0.21179554
307,330,9.597365,7.9613886,10.26166,8.093516,0.085312456
307,332,9.597365,7.9613886,9.797487,8.354705,0.51397014
308,265,11.606525,8.184234,11.538459,7.7943535,0.28265637
308,270,11.606525,8.184234,11.867929,7.4553914,0.22847526
308,275,11.606525,8.184234,11.511194,7.7427416,0.27341002
308,279,11.606525,8.184234,11.605769,8.02982,0.50761676
308,286,11.606525,8.184234,11.214267,7.904054,0.11790919
308,289,11.606525,8.184234,11.586519,7.8906875,0.44748187
308,293,11.606525,8.184234,11.510714,7.776014,0.24282718
308,300,11.606525,8.184234,11.239039,7.98846,0.4780519
308,303,11.606525,8.184234,11.607323,8.290763,0.21062806
308,306,11.606525,8.184234,11.660351,7.890597,0.17056806
308,315,11.606525,8.184234,11.477087,8.24306,1.0
308,317,11.606525,8.184234,11.578868,7.989643,0.86163247
308,321,11.606525,8.184234,11.707586,8.384487,0.8651218
308,326,11.606525,8.184234,11.666332,8.091333,0.3490052
308,327,11.606525,8.184234,11.614138,8.100076,1.0
308,329,11.606525,8.184234,12.60709,6.7113414,0.32835972
309,272,10.233272,8.142908,10.011251,8.272404,1.0
309,278,10.233272,8.142908,9.640834,8.722981,0.30818692
309,282,10.233272,8.142908,9.891368,7.988965,0.30757952
309,286,10.233272,8.142908,11.214267,7.904054,0.20819037
309,291,10.233272,8.142908,9.7789345,8.023751,0.534226
309,292,10.233272,8.142908,9.449857,8.383283,0.10744627
309,299,10.233272,8.142908,10.047613,8.119365,0.5053811
309,300,10.233272,8.142908,11.239039,7.98846,0.05246923
309,301,10.233272,8.142908,11.497568,7.50808,0.20246734
309,307,10.233272,8.142908,9.597365,7.9613886,0.14531463
309,311,10.233272,8.142908,10.359967,7.9682417,0.4889952
309,313,10.233272,8.142908,9.97343,7.957586,0.16572595
309,314,10.233272,8.142908,10.572024,8.07487,1.0
309,315,10.233272,8.142908,11.477087,8.24306,0.037937894
309,320,10.233272,8.142908,9.708002,8.027084,0.3423353
309,323,10.233272,8.142908,9.616397,8.586557,0.19623855
309,330,10.233272,8.142908,10.26166,8.093516,0.83064526
309,332,10.233272,8.142908,9.797487,8.354705,0.39739394
310,278,9.376074,8.940027,9.640834,8.722981,0.66764057
310,280,9.376074,8.940027,9.122103,8.660111,0.17758211
310,284,9.376074,8.940027,9.676757,8.759045,0.99999994
310,290,9.376074,8.940027,9.40597,8.626352,0.65570736
310,292,9.376074,8.940027,9.449857,8.383283,0.07514921
310,294,9.376074,8.940027,9.037182,9.013737,0.24574323
310,298,9.376074,8.940027,9.437217,8.799737,0.99999994
310,302,9.376074,8.940027,9.017341,8.929738,0.119827054
310,304,9.376074,8.940027,9.04913,8.983318,0.23703025
310,305,9.376074,8.940027,8.936306,8.874548,0.013652276
310,312,9.376074,8.940027,8.882751,9.040511,0.11243867
310,316,9.376074,8.940027,9.472414,8.721595,0.279446
310,318,9.376074,8.940027,9.13994,8.695845,0.12855671
310,323,9.376074,8.940027,9.616397,8.586557,0.10401811
310,325,9.376074,8.940027,9.162663,8.771569,0.06651538
310,331,9.376074,8.940027,9.07977,9.021015,0.15523009
310,332,9.376074,8.940027,9.797487,8.354705,0.07706329
311,265,10.359967,7.9682417,11.538459,7.7943535,0.2051307
311,272,10.359967,7.9682417,10.011251,8.272404,0.17781651
311,277,10.359967,7.9682417,11.515655,7.9160857,0.1218815
311,282,10.359967,7.9682417,9.891368,7.988965,0.41618907
311,283,10.359967,7.9682417,11.674435,7.660011,0.23909351
311,286,10.359967,7.9682417,11.214267,7.904054,1.0
311,289,10.359967,7.9682417,11.586519,7.8906875,0.27637175
311,291,10.359967,7.9682417,9.7789345,8.023751,0.16258465
311,293,10.359967,7.9682417,11.510714,7.776014,0.1301479
311,299,10.359967,7.9682417,10.047613,8.119365,0.39457572
311,303,10.359967,7.9682417,11.607323,8.290763,0.0978367
311,307,10.359967,7.9682417,9.597365,7.9613886,0.12751961
311,309,10.359967,7.9682417,10.233272,8.142908,0.4889952
311,313,10.359967,7.9682417,9.97343,7.957586,1.0
311,314,10.359967,7.9682417,10.572024,8.07487,0.296584
311,320,10.359967,7.9682417,9.708002,8.027084,0.12794973
311,330,10.359967,7.9682417,10.26166,8.093516,0.51276857
312,280,8.882751,9.040511,9.122103,8.660111,0.19699135
312,292,8.882751,9.040511,9.449857,8.383283,0.08630566
312,294,8.882751,9.040511,9.037182,9.013737,0.3149752
312,298,8.882751,9.040511,9.437217,8.799737,0.20335631
312,302,8.882751,9.040511,9.017341,8.929738,0.41410044
312,304,8.882751,9.040511,9.04913,8.983318,0.25938407
312,305,8.882751,9.040511,8.936306,8.874548,1.0
312,310,8.882751,9.040511,9.376074,8.940027,0.11243867
312,316,8.882751,9.040511,9.472414,8.721595,0.10853748
312,318,8.882751,9.040511,9.13994,8.695845,0.29677424
312,322,8.882751,9.040511,8.996443,8.638713,0.43064812
312,323,8.882751,9.040511,9.616397,8.586557,0.10514673
312,325,8.882751,9.040511,9.162663,8.771569,0.26455128
312,331,8.882751,9.040511,9.07977,9.021015,0.8845073
313,267,9.97343,7.957586,9.497206,8.008196,0.49471748
313,272,9.97343,7.957586,10.011251,8.272404,0.13134934
313,281,9.97343,7.957586,9.384042,7.9573402,0.12022428
313,282,9.97343,7.957586,9.891368,7.988965,1.0
313,283,9.97343,7.957586,11.674435,7.660011,0.1252884
313,286,9.97343,7.957586,11.214267,7.904054,0.20449476
313,288,9.97343,7.957586,9.395933,8.209567,0.19648583
313,291,9.97343,7.957586,9.7789345,8.023751,0.13421792
313,299,9.97343,7.957586,10.047613,8.119365,0.3259099
313,307,9.97343,7.957586,9.597365,7.9613886,0.3477957
313,309,9.97343,7.957586,10.233272,8.142908,0.16572595
313,311,9.97343,7.957586,10.359967,7.9682417,1.0
313,320,9.97343,7.957586,9.708002,8.027084,0.36410156
313,330,9.97343,7.957586,10.26166,8.093516,0.20168757
313,332,9.97343,7.957586,9.797487,8.354705,0.09489391
314,272,10.572024,8.07487,10.011251,8.272404,0.53610474
314,275,10.572024,8.07487,11.511194,7.7427416,0.15004382
314,278,10.572024,8.07487,9.640834,8.722981,0.18601319
314,286,10.572024,8.07487,11.214267,7.904054,0.3467842
314,291,10.572024,8.07487,9.7789345,8.023751,0.25989023
314,299,10.572024,8.07487,10.047613,8.119365,0.1925481
314,300,10.572024,8.07487,11.239039,7.98846,0.88660455
314,301,10.572024,8.07487,11.497568,7.50808,0.17713402
314,309,10.572024,8.07487,10.233272,8.142908,1.0
314,311,10.572024,8.07487,10.359967,7.9682417,0.296584
314,315,10.572024,8.07487,11.477087,8.24306,0.6619712
314,327,10.572024,8.07487,11.614138,8.100076,0.11618717
314,330,10.572024,8.07487,10.26166,8.093516,0.41222233
314,332,10.572024,8.07487,9.797487,8.354705,0.16852744
315,265,11.477087,8.24306,11.538459,7.7943535,0.060644113
315,275,11.477087,8.24306,11.511194,7.7427416,0.033067543
315,279,11.477087,8.24306,11.605769,8.02982,0.12583488
315,286,11.477087,8.24306,11.214267,7.904054,0.25467405
315,289,11.477087,8.24306,11.586519,7.8906875,0.17422225
315,300,11.477087,8.24306,11.239039,7.98846,0.51841474
315,303,11.477087,8.24306,11.607323,8.290763,0.43513334
315,308,11.477087,8.24306,11.606525,8.184234,1.0
315,309,11.477087,8.24306,10.233272,8.142908,0.037937894
315,314,11.477087,8.24306,10.572024,8.07487,0.6619712
315,317,11.477087,8.24306,11.578868,7.989643,0.1985851
315,321,11.477087,8.24306,11.707586,8.384487,0.32089013
315,326,11.477087,8.24306,11.666332,8.091333,0.22676148
315,327,11.477087,8.24306,11.614138,8.100076,0.5263146
316,266,9.472414,8.721595,9.265871,8.297158,0.28948426
316,267,9.472414,8.721595,9.497206,8.008196,0.065687604
316,269,9.472414,8.721595,9.216134,8.201224,0.22603206
316,272,9.472414,8.721595,10.011251,8.272404,0.22798724
316,274,9.472414,8.721595,9.223565,8.1427,0.18991826
316,276,9.472414,8.721595,9.239842,8.155273,0.06653996
316,278,9.472414,8.721595,9.640834,8.722981,0.67541564
316,280,9.472414,8.721595,9.122103,8.660111,0.6304388
316,284,9.472414,8.721595,9.676757,8.759045,0.14307934
316,288,9.472414,8.721595,9.395933,8.209567,0.09070352
316,290,9.472414,8.721595,9.40597,8.626352,1.0
316,291,9.472414,8.721595,9.7789345,8.023751,0.022724118
316,292,9.472414,8.721595,9.449857,8.383283,0.53476775
316,294,9.472414,8.721595,9.037182,9.013737,0.1611404
316,296,9.472414,8.721595,8.907946,9.040949,0.08417072
316,298,9.472414,8.721595,9.437217,8.799737,1.0
316,304,9.472414,8.721595,9.04913,8.983318,0.17250814
316,305,9.472414,8.721595,8.936306,8.874548,0.08227158
316,307,9.472414,8.721595,9.597365,7.9613886,0.09810558
316,310,9.472414,8.721595,9.376074,8.940027,0.279446
316,312,9.472414,8.721595,8.882751,9.040511,0.10853748
316,318,9.472414,8.721595,9.13994,8.695845,0.48787355
316,320,9.472414,8.721595,9.708002,8.027084,0.10456975
316,322,9.472414,8.721595,8.996443,8.638713,0.1894798
316,323,9.472414,8.721595,9.616397,8.586557,0.8535624
316,325,9.472414,8.721595,9.162663,8.771569,0.6072512
316,328,9.472414,8.721595,8.979617,8.975307,0.16716604
316,331,9.472414,8.721595,9.07977,9.021015,0.1481732
316,332,9.472414,8.721595,9.797487,8.354705,0.45526004
317,265,11.578868,7.989643,11.538459,7.7943535,0.6140525
317,268,11.578868,7.989643,11.779941,7.5773644,0.16268021
317,270,11.578868,7.989643,11.867929,7.4553914,0.29540676
317,275,11.578868,7.989643,11.511194,7.7427416,0.544063
317,277,11.578868,7.989643,11.515655,7.9160857,0.27531672
317,279,11.578868,7.989643,11.605769,8.02982,1.0
317,283,11.578868,7.989643,11.674435,7.660011,0.13791622
317,286,11.578868,7.989643,11.214267,7.904054,0.2536893
317,289,11.578868,7.989643,11.586519,7.8906875,0.40933946
317,293,11.578868,7.989643,11.510714,7.776014,0.6398818
317,300,11.578868,7.989643,11.239039,7.98846,0.29154953
317,301,11.578868,7.989643,11.497568,7.50808,0.07976265
317,303,11.578868,7.989643,11.607323,8.290763,0.12465159
317,306,11.578868,7.989643,11.660351,7.890597,0.41442612
317,308,11.578868,7.989643,11.606525,8.184234,0.86163247
317,315,11.578868,7.989643,11.477087,8.24306,0.1985851
317,321,11.578868,7.989643,11.707586,8.384487,0.42224526
317,326,11.578868,7.989643,11.666332,8.091333,0.4336465
317,327,11.578868,7.989643,11.614138,8.100076,1.0
317,329,11.578868,7.989643,12.60709,6.7113414,0.14400493
318,266,9.13994,8.695845,9.265871,8.297158,0.29546395
318,269,9.13994,8.695845,9.216134,8.201224,0.21625899
318,274,9.13994,8.695845,9.223565,8.1427,0.28757843
318,276,9.13994,8.695845,9.239842,8.155273,0.08693673
318,280,9.13994,8.695845,9.122103,8.660111,1.0
318,290,9.13994,8.695845,9.40597,8.626352,0.29004526
318,292,9.13994,8.695845,9.449857,8.383283,0.2770079
318,294,9.13994,8.695845,9.037182,9.013737,0.26189345
318,296,9.13994,8.695845,8.907946,9.040949,0.23486605
318,298,9.13994,8.695845,9.437217,8.799737,0.47201228
318,302,9.13994,8.695845,9.017341,8.929738,0.19761729
318,304,9.13994,8.695845,9.04913,8.983318,0.2523015
318,305,9.13994,8.695845,8.936306,8.874548,0.43830174
318,310,9.13994,8.695845,9.376074,8.940027,0.12855671
318,312,9.13994,8.695845,8.882751,9.040511,0.29677424
318,316,9.13994,8.695845,9.472414,8.721595,0.48787355
318,322,9.13994,8.695845,8.996443,8.638713,1.0
318,323,9.13994,8.695845,9.616397,8.586557,0.2837751
318,325,9.13994,8.695845,9.162663,8.771569,0.99999994
318,328,9.13994,8.695845,8.979617,8.975307,0.19292635
318,331,9.13994,8.695845,9.07977,9.021015,0.35373133
318,332,9.13994,8.695845,9.797487,8.354705,0.09028054
319,7,14.898819,3.1871645,15.070056,3.4102123,0.630924
319,22,14.898819,3.1871645,15.136165,3.3466234,0.43280947
319,27,14.898819,3.1871645,15.510872,3.2449698,0.16204144
319,44,14.898819,3.1871645,15.175603,3.4882746,0.17189305
319,50,14.898819,3.1871645,15.419285,3.6068664,0.09746364
319,70,14.898819,3.1871645,15.20802,3.2311814,0.28687716
319,134,14.898819,3.1871645,15.589219,3.0729659,0.23602885
319,135,14.898819,3.1871645,15.110462,3.233726,0.7905407
319,137,14.898819,3.1871645,15.26551,3.220892,0.2797733
319,271,14.898819,3.1871645,11.857723,7.508994,0.083006114
319,279,14.898819,3.1871645,11.605769,8.02982,0.032760542
319,285,14.898819,3.1871645,14.941929,3.3801575,1.0
319,287,14.898819,3.1871645,14.858063,3.0740209,0.51752084
319,295,14.898819,3.1871645,14.982196,3.1064515,0.5978836
319,297,14.898819,3.1871645,14.895696,3.0403945,1.0
319,303,14.898819,3.1871645,11.607323,8.290763,0.09815178
319,321,14.898819,3.1871645,11.707586,8.384487,0.22705898
320,267,9.708002,8.027084,9.497206,8.008196,0.58846164
320,269,9.708002,8.027084,9.216134,8.201224,0.32943314
320,272,9.708002,8.027084,10.011251,8.272404,0.46843484
320,274,9.708002,8.027084,9.223565,8.1427,0.2138521
320,276,9.708002,8.027084,9.239842,8.155273,0.05468852
320,281,9.708002,8.027084,9.384042,7.9573402,0.3231984
320,282,9.708002,8.027084,9.891368,7.988965,0.33332223
320,288,9.708002,8.027084,9.395933,8.209567,0.19939657
320,291,9.708002,8.027084,9.7789345,8.023751,1.0
320,292,9.708002,8.027084,9.449857,8.383283,0.10893553
320,299,9.708002,8.027084,10.047613,8.119365,0.3520666
320,307,9.708002,8.027084,9.597365,7.9613886,0.99999994
320,309,9.708002,8.027084,10.233272,8.142908,0.3423353
320,311,9.708002,8.027084,10.359967,7.9682417,0.12794973
320,313,9.708002,8.027084,9.97343,7.957586,0.36410156
320,316,9.708002,8.027084,9.472414,8.721595,0.10456975
320,323,9.708002,8.027084,9.616397,8.586557,0.12840731
320,332,9.708002,8.027084,9.797487,8.354705,0.30095047
321,265,11.707586,8.384487,11.538459,7.7943535,0.052590214
321,277,11.707586,8.384487,11.515655,7.9160857,0.10955811
321,279,11.707586,8.384487,11.605769,8.02982,1.0
321,286,11.707586,8.384487,11.214267,7.904054,0.0477142
321,287,11.707586,8.384487,14.858063,3.0740209,0.6895989
321,289,11.707586,8.384487,11.586519,7.8906875,0.05165853
321,297,11.707586,8.384487,14.895696,3.0403945,0.5234535
321,303,11.707586,8.384487,11.607323,8.290763,1.0
321,306,11.707586,8.384487,11.660351,7.890597,0.115394294
321,308,11.707586,8.384487,11.606525,8.184234,0.8651218
321,315,11.707586,8.384487,11.477087,8.24306,0.32089013
321,317,11.707586,8.384487,11.578868,7.989643,0.42224526
321,319,11.707586,8.384487,14.898819,3.1871645,0.22705898
321,326,11.707586,8.384487,11.666332,8.091333,0.5301756
321,327,11.707586,8.384487,11.614138,8.100076,0.37279466
322,14,8.996443,8.638713,14.088436,7.109835,0.13782123
322,266,8.996443,8.638713,9.265871,8.297158,0.32247946
322,274,8.996443,8.638713,9.223565,8.1427,0.15336911
322,276,8.996443,8.638713,9.239842,8.155273,0.06094861
322,280,8.996443,8.638713,9.122103,8.660111,0.94016415
322,290,8.996443,8.638713,9.40597,8.626352,0.08037233
322,292,8.996443,8.638713,9.449857,8.383283,0.30225998
322,294,8.996443,8.638713,9.037182,9.013737,0.19022614
322,296,8.996443,8.638713,8.907946,9.040949,0.11800135
322,298,8.996443,8.638713,9.437217,8.799737,0.25038385
322,302,8.996443,8.638713,9.017341,8.929738,0.1775179
322,304,8.996443,8.638713,9.04913,8.983318,0.16893993
322,305,8.996443,8.638713,8.936306,8.874548,0.6326035
322,312,8.996443,8.638713,8.882751,9.040511,0.43064812
322,316,8.996443,8.638713,9.472414,8.721595,0.1894798
322,318,8.996443,8.638713,9.13994,8.695845,1.0
322,323,8.996443,8.638713,9.616397,8.586557,0.15855244
322,325,8.996443,8.638713,9.162663,8.771569,0.4097267
322,331,8.996443,8.638713,9.07977,9.021015,0.19556229
322,332,8.996443,8.638713,9.797487,8.354705,0.082533054
323,266,9.616397,8.586557,9.265871,8.297158,0.2435452
323,272,9.616397,8.586557,10.011251,8.272404,0.34628493
323,274,9.616397,8.586557,9.223565,8.1427,0.08886905
323,278,9.616397,8.586557,9.640834,8.722981,0.3735426
323,280,9.616397,8.586557,9.122103,8.660111,0.33122927
323,281,9.616397,8.586557,9.384042,7.9573402,0.05341956
323,290,9.616397,8.586557,9.40597,8.626352,0.12858911
323,291,9.616397,8.586557,9.7789345,8.023751,0.35069397
323,292,9.616397,8.586557,9.449857,8.383283,1.0
323,298,9.616397,8.586557,9.437217,8.799737,0.6064982
323,299,9.616397,8.586557,10.047613,8.119365,0.1607227
323,305,9.616397,8.586557,8.936306,8.874548,0.14951444
323,307,9.616397,8.586557,9.597365,7.9613886,0.21179554
323,309,9.616397,8.586557,10.233272,8.142908,0.19623855
323,310,9.616397,8.586557,9.376074,8.940027,0.10401811
323,312,9.616397,8.586557,8.882751,9.040511,0.10514673
323,316,9.616397,8.586557,9.472414,8.721595,0.8535624
323,318,9.616397,8.586557,9.13994,8.695845,0.2837751
323,320,9.616397,8.586557,9.708002,8.027084,0.12840731
323,322,9.616397,8.586557,8.996443,8.638713,0.15855244
323,325,9.616397,8.586557,9.162663,8.771569,0.3032069
323,328,9.616397,8.586557,8.979617,8.975307,0.036946405
323,331,9.616397,8.586557,9.07977,9.021015,0.1244669
323,332,9.616397,8.586557,9.797487,8.354705,0.882055
324,49,12.118129,7.3273463,13.812493,5.420563,0.07008052
324,67,12.118129,7.3273463,12.605202,7.15942,0.24890278
324,73,12.118129,7.3273463,13.28345,6.3125863,0.08778621
324,79,12.118129,7.3273463,14.657774,6.8561397,0.075242214
324,125,12.118129,7.3273463,12.722302,6.6488137,1.0
324,265,12.118129,7.3273463,11.538459,7.7943535,0.16231789
324,268,12.118129,7.3273463,11.779941,7.5773644,0.84803325
324,273,12.118129,7.3273463,12.629159,7.1099067,0.27363497
324,275,12.118129,7.3273463,11.511194,7.7427416,0.078806445
324,281,12.118129,7.3273463,9.384042,7.9573402,0.040864043
324,283,12.118129,7.3273463,11.674435,7.660011,0.956731
324,289,12.118129,7.3273463,11.586519,7.8906875,0.11994345
324,293,12.118129,7.3273463,11.510714,7.776014,0.09154864
324,299,12.118129,7.3273463,10.047613,8.119365,0.10395491
324,301,12.118129,7.3273463,11.497568,7.50808,0.17266998
324,329,12.118129,7.3273463,12.60709,6.7113414,0.07626089
325,269,9.162663,8.771569,9.216134,8.201224,0.17761037
325,274,9.162663,8.771569,9.223565,8.1427,0.1010105
325,278,9.162663,8.771569,9.640834,8.722981,0.043720584
325,280,9.162663,8.771569,9.122103,8.660111,0.6019392
325,290,9.162663,8.771569,9.40597,8.626352,0.07506327
325,292,9.162663,8.771569,9.449857,8.383283,0.10123392
325,294,9.162663,8.771569,9.037182,9.013737,0.23559706
325,296,9.162663,8.771569,8.907946,9.040949,0.18735996
325,298,9.162663,8.771569,9.437217,8.799737,0.5488936
325,302,9.162663,8.771569,9.017341,8.929738,0.16949257
325,304,9.162663,8.771569,9.04913,8.983318,0.29764777
325,305,9.162663,8.771569,8.936306,8.874548,0.4791564
325,310,9.162663,8.771569,9.376074,8.940027,0.06651538
325,312,9.162663,8.771569,8.882751,9.040511,0.26455128
325,316,9.162663,8.771569,9.472414,8.721595,0.6072512
325,318,9.162663,8.771569,9.13994,8.695845,0.99999994
325,322,9.162663,8.771569,8.996443,8.638713,0.4097267
325,323,9.162663,8.771569,9.616397,8.586557,0.3032069
325,328,9.162663,8.771569,8.979617,8.975307,1.0
325,331,9.162663,8.771569,9.07977,9.021015,0.933264
326,265,11.666332,8.091333,11.538459,7.7943535,0.10782654
326,275,11.666332,8.091333,11.511194,7.7427416,0.12289499
326,277,11.666332,8.091333,11.515655,7.9160857,0.675488
326,279,11.666332,8.091333,11.605769,8.02982,0.99999994
326,286,11.666332,8.091333,11.214267,7.904054,0.2640797
326,293,11.666332,8.091333,11.510714,7.776014,0.17296436
326,297,11.666332,8.091333,14.895696,3.0403945,0.0554069
326,300,11.666332,8.091333,11.239039,7.98846,0.19967842
326,303,11.666332,8.091333,11.607323,8.290763,0.1217906
326,306,11.666332,8.091333,11.660351,7.890597,0.49913177
326,308,11.666332,8.091333,11.606525,8.184234,0.3490052
326,315,11.666332,8.091333,11.477087,8.24306,0.22676148
326,317,11.666332,8.091333,11.578868,7.989643,0.4336465
326,321,11.666332,8.091333,11.707586,8.384487,0.5301756
326,327,11.666332,8.091333,11.614138,8.100076,0.49906403
327,265,11.614138,8.100076,11.538459,7.7943535,0.24294196
327,270,11.614138,8.100076,11.867929,7.4553914,0.42087528
327,275,11.614138,8.100076,11.511194,7.7427416,0.40161592
327,277,11.614138,8.100076,11.515655,7.9160857,0.14835785
327,279,11.614138,8.100076,11.605769,8.02982,0.64513373
327,286,11.614138,8.100076,11.214267,7.904054,0.075543374
327,289,11.614138,8.100076,11.586519,7.8906875,0.26970387
327,293,11.614138,8.100076,11.510714,7.776014,0.32009837
327,300,11.614138,8.100076,11.239039,7.98846,1.0
327,303,11.614138,8.100076,11.607323,8.290763,0.10301246
327,306,11.614138,8.100076,11.660351,7.890597,0.21297927
327,308,11.614138,8.100076,11.606525,8.184234,1.0
327,314,11.614138,8.100076,10.572024,8.07487,0.11618717
327,315,11.614138,8.100076,11.477087,8.24306,0.5263146
327,317,11.614138,8.100076,11.578868,7.989643,1.0
327,321,11.614138,8.100076,11.707586,8.384487,0.37279466
327,326,11.614138,8.100076,11.666332,8.091333,0.49906403
327,329,11.614138,8.100076,12.60709,6.7113414,0.13116871
328,269,8.979617,8.975307,9.216134,8.201224,0.2001241
328,274,8.979617,8.975307,9.223565,8.1427,0.07959793
328,278,8.979617,8.975307,9.640834,8.722981,0.046268012
328,280,8.979617,8.975307,9.122103,8.660111,0.106669255
328,290,8.979617,8.975307,9.40597,8.626352,0.08979015
328,294,8.979617,8.975307,9.037182,9.013737,0.4712821
328,296,8.979617,8.975307,8.907946,9.040949,0.73775184
328,298,8.979617,8.975307,9.437217,8.799737,0.11066009
328,302,8.979617,8.975307,9.017341,8.929738,0.14310189
328,304,8.979617,8.975307,9.04913,8.983318,0.86493045
328,316,8.979617,8.975307,9.472414,8.721595,0.16716604
328,318,8.979617,8.975307,9.13994,8.695845,0.19292635
328,323,8.979617,8.975307,9.616397,8.586557,0.036946405
328,325,8.979617,8.975307,9.162663,8.771569,1.0
328,331,8.979617,8.975307,9.07977,9.021015,0.13564405
329,2,12.60709,6.7113414,15.707052,3.1367562,0.3578372
329,36,12.60709,6.7113414,13.451883,5.7622633,0.08820846
329,109,12.60709,6.7113414,13.196549,6.173808,0.08194515
329,117,12.60709,6.7113414,13.038131,6.4359665,0.67520946
329,123,12.60709,6.7113414,12.9085865,6.4837227,0.32432783
329,125,12.60709,6.7113414,12.722302,6.6488137,1.0
329,145,12.60709,6.7113414,13.14234,6.421152,0.20124367
329,265,12.60709,6.7113414,11.538459,7.7943535,0.12122471
329,270,12.60709,6.7113414,11.867929,7.4553914,0.28858474
329,289,12.60709,6.7113414,11.586519,7.8906875,0.38201678
329,308,12.60709,6.7113414,11.606525,8.184234,0.32835972
329,317,12.60709,6.7113414,11.578868,7.989643,0.14400493
329,324,12.60709,6.7113414,12.118129,7.3273463,0.07626089
329,327,12.60709,6.7113414,11.614138,8.100076,0.13116871
330,265,10.26166,8.093516,11.538459,7.7943535,0.034234658
330,267,10.26166,8.093516,9.497206,8.008196,0.1859102
330,272,10.26166,8.093516,10.011251,8.272404,0.63485605
330,275,10.26166,8.093516,11.511194,7.7427416,0.24935591
330,277,10.26166,8.093516,11.515655,7.9160857,0.101053454
330,278,10.26166,8.093516,9.640834,8.722981,0.04624824
330,282,10.26166,8.093516,9.891368,7.988965,0.19427334
330,283,10.26166,8.093516,11.674435,7.660011,0.11681493
330,284,10.26166,8.093516,9.676757,8.759045,0.2639798
330,286,10.26166,8.093516,11.214267,7.904054,0.22589542
330,288,10.26166,8.093516,9.395933,8.209567,0.16727002
330,291,10.26166,8.093516,9.7789345,8.023751,0.044357743
330,292,10.26166,8.093516,9.449857,8.383283,0.0716068
330,293,10.26166,8.093516,11.510714,7.776014,0.07305574
330,299,10.26166,8.093516,10.047613,8.119365,1.0
330,300,10.26166,8.093516,11.239039,7.98846,0.04437476
330,301,10.26166,8.093516,11.497568,7.50808,0.84172904
330,307,10.26166,8.093516,9.597365,7.9613886,0.085312456
330,309,10.26166,8.093516,10.233272,8.142908,0.83064526
330,311,10.26166,8.093516,10.359967,7.9682417,0.51276857
330,313,10.26166,8.093516,9.97343,7.957586,0.20168757
330,314,10.26166,8.093516,10.572024,8.07487,0.41222233
330,332,10.26166,8.093516,9.797487,8.354705,0.45935917
331,278,9.07977,9.021015,9.640834,8.722981,0.04333812
331,280,9.07977,9.021015,9.122103,8.660111,0.106852874
331,292,9.07977,9.021015,9.449857,8.383283,0.036877234
331,294,9.07977,9.021015,9.037182,9.013737,0.20331006
331,298,9.07977,9.021015,9.437217,8.799737,0.70027864
331,302,9.07977,9.021015,9.017341,8.929738,0.17296103
331,304,9.07977,9.021015,9.04913,8.983318,0.20546645
331,305,9.07977,9.021015,8.936306,8.874548,1.0
331,310,9.07977,9.021015,9.376074,8.940027,0.15523009
331,312,9.07977,9.021015,8.882751,9.040511,0.8845073
331,316,9.07977,9.021015,9.472414,8.721595,0.1481732
331,318,9.07977,9.021015,9.13994,8.695845,0.35373133
331,322,9.07977,9.021015,8.996443,8.638713,0.19556229
331,323,9.07977,9.021015,9.616397,8.586557,0.1244669
331,325,9.07977,9.021015,9.162663,8.771569,0.933264
331,328,9.07977,9.021015,8.979617,8.975307,0.13564405
332,266,9.797487,8.354705,9.265871,8.297158,0.3839826
332,267,9.797487,8.354705,9.497206,8.008196,0.27619073
332,269,9.797487,8.354705,9.216134,8.201224,0.11145392
332,272,9.797487,8.354705,10.011251,8.272404,0.7350263
332,274,9.797487,8.354705,9.223565,8.1427,0.10153266
332,278,9.797487,8.354705,9.640834,8.722981,0.23511815
332,280,9.797487,8.354705,9.122103,8.660111,0.12361371
332,281,9.797487,8.354705,9.384042,7.9573402,0.07795189
332,284,9.797487,8.354705,9.676757,8.759045,0.18021752
332,288,9.797487,8.354705,9.395933,8.209567,0.2798114
332,290,9.797487,8.354705,9.40597,8.626352,0.21222177
332,291,9.797487,8.354705,9.7789345,8.023751,0.45633194
332,292,9.797487,8.354705,9.449857,8.383283,1.0
332,298,9.797487,8.354705,9.437217,8.799737,0.19995709
332,299,9.797487,8.354705,10.047613,8.119365,1.0
332,301,9.797487,8.354705,11.497568,7.50808,0.21133499
332,305,9.797487,8.354705,8.936306,8.874548,0.024051826
332,307,9.797487,8.354705,9.597365,7.9613886,0.51397014
332,309,9.797487,8.354705,10.233272,8.142908,0.39739394
332,310,9.797487,8.354705,9.376074,8.940027,0.07706329
332,313,9.797487,8.354705,9.97343,7.957586,0.09489391
332,314,9.797487,8.354705,10.572024,8.07487,0.16852744
332,316,9.797487,8.354705,9.472414,8.721595,0.45526004
332,318,9.797487,8.354705,9.13994,8.695845,0.09028054
332,320,9.797487,8.354705,9.708002,8.027084,0.30095047
332,322,9.797487,8.354705,8.996443,8.638713,0.082533054
332,323,9.797487,8.354705,9.616397,8.586557,0.882055
332,330,9.797487,8.354705,10.26166,8.093516,0.45935917
