t,rms,centroid_hz,bandwidth_hz,rolloff_hz,flux,f0_hz,voiced_prob,mfcc_01,dmfcc_01,d2mfcc_01,mfcc_02,dmfcc_02,d2mfcc_02,mfcc_03,dmfcc_03,d2mfcc_03,mfcc_04,dmfcc_04,d2mfcc_04,mfcc_05,dmfcc_05,d2mfcc_05,mfcc_06,dmfcc_06,d2mfcc_06,mfcc_07,dmfcc_07,d2mfcc_07,mfcc_08,dmfcc_08,d2mfcc_08,mfcc_09,dmfcc_09,d2mfcc_09,mfcc_10,dmfcc_10,d2mfcc_10,mfcc_11,dmfcc_11,d2mfcc_11,mfcc_12,dmfcc_12,d2mfcc_12,mfcc_13,dmfcc_13,d2mfcc_13,chroma_00,chroma_01,chroma_02,chroma_03,chroma_04,chroma_05,chroma_06,chroma_07,chroma_08,chroma_09,chroma_10,chroma_11,x,y,z,cluster_id
0.0,1.3407743e-05,7750.270487571112,2129.8889996611083,9948.33984375,0.0,0.0,1.2538222010138514e-11,-905.0967,-4.3735716e-14,3.704921e-14,0.0,0.0,0.0,0.0,0.0,0.0,0.0,0.0,0.0,0.0,0.0,0.0,0.0,0.0,0.0,0.0,0.0,0.0,0.0,0.0,0.0,0.0,0.0,0.0,0.0,0.0,0.0,0.0,0.0,0.0,0.0,0.0,0.0,0.0,0.0,0.0,0.786376,0.88489556,1.0,0.9991321,0.8670652,0.51339865,0.47554117,0.42036694,0.4239351,0.5687957,0.64636415,0.7216664,6.765072,-6.5714245,-9.451217,8
0.011609977324263039,1.7009079e-05,7779.31104571712,2128.3646109491783,9991.40625,0.0067238109186291695,0.0,6.093983766199639e-12,-905.0967,-4.3735716e-14,3.704921e-14,0.0,0.0,0.0,0.0,0.0,0.0,0.0,0.0,0.0,0.0,0.0,0.0,0.0,0.0,0.0,0.0,0.0,0.0,0.0,0.0,0.0,0.0,0.0,0.0,0.0,0.0,0.0,0.0,0.0,0.0,0.0,0.0,0.0,0.0,0.0,0.0,0.7811669,0.854789,0.9655681,1.0,0.90631276,0.4984839,0.442444,0.42074198,0.44787148,0.55742145,0.6052803,0.7154495,6.7648034,-6.5493364,-9.485341,8
0.023219954648526078,1.861935e-05,7806.618388562372,2123.257588868928,10002.1728515625,0.005632505286484957,0.0,6.060998965855151e-12,-905.0967,-4.3735716e-14,3.704921e-14,0.0,0.0,0.0,0.0,0.0,0.0,0.0,0.0,0.0,0.0,0.0,0.0,0.0,0.0,0.0,0.0,0.0,0.0,0.0,0.0,0.0,0.0,0.0,0.0,0.0,0.0,0.0,0.0,0.0,0.0,0.0,0.0,0.0,0.0,0.0,0.0,0.772238,0.8055151,0.9033351,1.0,0.9286763,0.47349843,0.4096396,0.43029365,0.46706763,0.5672951,0.57816595,0.70468116,6.766775,-6.5490804,-9.489656,8
0.034829931972789115,1.906771e-05,7838.308017673076,2100.528363539461,10002.1728515625,0.005589484702795744,0.0,2.6773927281346414e-12,-905.0967,-4.3735716e-14,3.704921e-14,0.0,0.0,0.0,0.0,0.0,0.0,0.0,0.0,0.0,0.0,0.0,0.0,0.0,0.0,0.0,0.0,0.0,0.0,0.0,0.0,0.0,0.0,0.0,0.0,0.0,0.0,0.0,0.0,0.0,0.0,0.0,0.0,0.0,0.0,0.0,0.0,0.7940311,0.7585559,0.82954246,1.0,0.9244091,0.45756873,0.38697708,0.4461042,0.47392705,0.57734174,0.60427743,0.720401,6.7977195,-6.5063252,-9.543488,8
0.046439909297052155,1.925223e-05,7877.963346057422,2078.8087921107594,10012.939453125,0.005950216203927994,0.0,5.806172221895239e-12,-905.0967,3.140185e-15,-1.4210855e-14,0.0,-0.0,0.0,0.0,-0.0,0.0,0.0,-0.0,0.0,0.0,-0.0,0.0,0.0,-0.0,0.0,0.0,-0.0,0.0,0.0,-0.0,0.0,0.0,-0.0,0.0,0.0,-0.0,0.0,0.0,-0.0,0.0,0.0,-0.0,0.0,0.0,-0.0,0.0,0.8271735,0.75722396,0.8083642,1.0,0.94341445,0.4557462,0.3840203,0.46430802,0.47945923,0.5909135,0.641983,0.7449689,6.767824,-6.5286784,-9.50108,8
0.058049886621315196,1.9085475e-05,7878.362921650798,2068.0420579082547,10012.939453125,0.005727976560592651,0.0,1.2354601979611762e-11,-905.0967,3.140185e-15,-1.4210855e-14,0.0,-0.0,0.0,0.0,-0.0,0.0,0.0,-0.0,0.0,0.0,-0.0,0.0,0.0,-0.0,0.0,0.0,-0.0,0.0,0.0,-0.0,0.0,0.0,-0.0,0.0,0.0,-0.0,0.0,0.0,-0.0,0.0,0.0,-0.0,0.0,0.0,-0.0,0.0,0.85484076,0.8421793,0.9046833,1.0,0.9840459,0.5083074,0.4154405,0.48209187,0.5207559,0.6270397,0.67590153,0.7587587,6.7099066,-6.651563,-9.375748,8
0.06965986394557823,1.8531584e-05,7858.705735265206,2070.48594099756,9980.6396484375,0.005316215101629496,0.0,1.2040582331440217e-12,-905.0967,3.140185e-15,-1.4210855e-14,0.0,-0.0,0.0,0.0,-0.0,0.0,0.0,-0.0,0.0,0.0,-0.0,0.0,0.0,-0.0,0.0,0.0,-0.0,0.0,0.0,-0.0,0.0,0.0,-0.0,0.0,0.0,-0.0,0.0,0.0,-0.0,0.0,0.0,-0.0,0.0,0.0,-0.0,0.0,0.7822209,0.8784537,1.0,0.9961789,0.9595845,0.5286402,0.41361284,0.45635912,0.5218684,0.6074482,0.6600898,0.7127003,6.7354193,-6.591031,-9.439807,8
0.08126984126984127,1.8163502e-05,7789.138910305301,2092.5617724658123,9905.2734375,0.005476194433867931,0.0,5.769648831945943e-12,-905.0967,3.140185e-15,-1.4210855e-14,0.0,-0.0,0.0,0.0,-0.0,0.0,0.0,-0.0,0.0,0.0,-0.0,0.0,0.0,-0.0,0.0,0.0,-0.0,0.0,0.0,-0.0,0.0,0.0,-0.0,0.0,0.0,-0.0,0.0,0.0,-0.0,0.0,0.0,-0.0,0.0,0.0,-0.0,0.0,0.69255453,0.8634867,1.0,0.9670186,0.88107324,0.5077945,0.40293124,0.41595337,0.51221097,0.55302113,0.6235072,0.6532541,6.7976117,-6.522296,-9.511557,8
0.09287981859410431,1.836519e-05,7728.469405025042,2125.19662731198,9883.740234375,0.005622800439596176,0.0,5.803415873491519e-12,-905.0967,3.140185e-15,-1.4210855e-14,0.0,-0.0,0.0,0.0,-0.0,0.0,0.0,-0.0,0.0,0.0,-0.0,0.0,0.0,-0.0,0.0,0.0,-0.0,0.0,0.0,-0.0,0.0,0.0,-0.0,0.0,0.0,-0.0,0.0,0.0,-0.0,0.0,0.0,-0.0,0.0,0.0,-0.0,0.0,0.7161424,0.86832184,1.0,0.96124244,0.8961232,0.53092664,0.42312217,0.43023905,0.5364866,0.58937365,0.6427125,0.6712244,6.7806916,-6.555394,-9.470273,8
0.10448979591836735,1.8837864e-05,7696.398283866851,2165.697362797939,9905.2734375,0.00613907165825367,0.0,2.669618888814045e-12,-905.0967,3.140185e-15,-1.4210855e-14,0.0,-0.0,0.0,0.0,-0.0,0.0,0.0,-0.0,0.0,0.0,-0.0,0.0,0.0,-0.0,0.0,0.0,-0.0,0.0,0.0,-0.0,0.0,0.0,-0.0,0.0,0.0,-0.0,0.0,0.0,-0.0,0.0,0.0,-0.0,0.0,0.0,-0.0,0.0,0.7871018,0.87428296,1.0,0.9461883,0.934663,0.5548192,0.41990426,0.46818,0.57680935,0.67415506,0.69970196,0.71102107,6.757174,-6.6467886,-9.330474,8
0.11609977324263039,1.925166e-05,7684.48224615034,2216.114286472658,9948.33984375,0.005977987311780453,0.0,6.0531265622494896e-12,-905.0967,3.140185e-15,-1.4210855e-14,0.0,-0.0,0.0,0.0,-0.0,0.0,0.0,-0.0,0.0,0.0,-0.0,0.0,0.0,-0.0,0.0,0.0,-0.0,0.0,0.0,-0.0,0.0,0.0,-0.0,0.0,0.0,-0.0,0.0,0.0,-0.0,0.0,0.0,-0.0,0.0,0.0,-0.0,0.0,0.8467357,0.9096242,0.9945039,0.96258503,1.0,0.55115384,0.3982896,0.5021477,0.6023894,0.715282,0.77008474,0.7584987,6.7096753,-6.7244267,-9.191727,8
0.12770975056689343,1.9510995e-05,7642.546241977405,2273.805117484625,9959.1064453125,0.006082796026021242,0.0,1.2010823188182984e-12,-905.0967,3.140185e-15,-1.4210855e-14,0.0,-0.0,0.0,0.0,-0.0,0.0,0.0,-0.0,0.0,0.0,-0.0,0.0,0.0,-0.0,0.0,0.0,-0.0,0.0,0.0,-0.0,0.0,0.0,-0.0,0.0,0.0,-0.0,0.0,0.0,-0.0,0.0,0.0,-0.0,0.0,0.0,-0.0,0.0,0.84582156,0.8951792,0.9716888,0.9995586,1.0,0.49616683,0.3793453,0.5150855,0.5848116,0.6724437,0.75656927,0.77423626,6.666487,-6.811335,-9.051023,8
0.13931972789115646,1.9406674e-05,7551.592988483277,2321.666859424853,9926.806640625,0.005759727209806442,0.0,2.635712100630901e-12,-905.0967,3.140185e-15,-1.4210855e-14,0.0,-0.0,0.0,0.0,-0.0,0.0,0.0,-0.0,0.0,0.0,-0.0,0.0,0.0,-0.0,0.0,0.0,-0.0,0.0,0.0,-0.0,0.0,0.0,-0.0,0.0,0.0,-0.0,0.0,0.0,-0.0,0.0,0.0,-0.0,0.0,0.0,-0.0,0.0,0.8263036,0.8548394,0.92959195,1.0,0.9410647,0.46890682,0.39826915,0.5522578,0.57856077,0.6321569,0.70367265,0.7657887,6.691938,-6.755859,-9.1046915,8
0.1509297052154195,1.900616e-05,7452.783384977386,2359.1802820307057,9883.740234375,0.005717832129448652,0.0,5.749694932196604e-12,-905.0967,3.140185e-15,-1.4210855e-14,0.0,-0.0,0.0,0.0,-0.0,0.0,0.0,-0.0,0.0,0.0,-0.0,0.0,0.0,-0.0,0.0,0.0,-0.0,0.0,0.0,-0.0,0.0,0.0,-0.0,0.0,0.0,-0.0,0.0,0.0,-0.0,0.0,0.0,-0.0,0.0,0.0,-0.0,0.0,0.8381658,0.88296,0.927592,1.0,0.9222876,0.49184036,0.43507692,0.6026519,0.6031594,0.6471648,0.69460726,0.7617572,6.6029835,-6.909899,-8.797453,8
0.16253968253968254,1.904901e-05,7370.635536450208,2403.314811031064,9840.673828125,0.006030784919857979,0.0,2.515529447422253e-11,-905.0967,3.140185e-15,-1.4210855e-14,0.0,-0.0,0.0,0.0,-0.0,0.0,0.0,-0.0,0.0,0.0,-0.0,0.0,0.0,-0.0,0.0,0.0,-0.0,0.0,0.0,-0.0,0.0,0.0,-0.0,0.0,0.0,-0.0,0.0,0.0,-0.0,0.0,0.0,-0.0,0.0,0.0,-0.0,0.0,0.8574027,0.9322596,0.96003616,1.0,0.8894047,0.51285607,0.45262042,0.5986146,0.6268133,0.63865733,0.6599168,0.74105495,6.547391,-6.9897833,-8.5882435,8
0.17414965986394557,1.987866e-05,7372.156760041571,2437.2869121623453,9797.607421875,0.006619022693485022,0.0,1.221595595976968e-11,-905.0967,3.140185e-15,-1.4210855e-14,0.0,-0.0,0.0,0.0,-0.0,0.0,0.0,-0.0,0.0,0.0,-0.0,0.0,0.0,-0.0,0.0,0.0,-0.0,0.0,0.0,-0.0,0.0,0.0,-0.0,0.0,0.0,-0.0,0.0,0.0,-0.0,0.0,0.0,-0.0,0.0,0.0,-0.0,0.0,0.8836185,0.9802049,0.9858969,1.0,0.8715807,0.5150062,0.45947143,0.53216153,0.59419745,0.60772693,0.6568902,0.7709163,6.4995704,-7.051551,-8.500061,8
0.18575963718820862,2.081231e-05,7337.95778583281,2460.561552129764,9754.541015625,0.0067833103239536285,0.0,5.747625379196299e-12,-905.0967,3.140185e-15,-1.4210855e-14,0.0,-0.0,0.0,0.0,-0.0,0.0,0.0,-0.0,0.0,0.0,-0.0,0.0,0.0,-0.0,0.0,0.0,-0.0,0.0,0.0,-0.0,0.0,0.0,-0.0,0.0,0.0,-0.0,0.0,0.0,-0.0,0.0,0.0,-0.0,0.0,0.0,-0.0,0.0,0.9143715,1.0,0.9825731,0.9900794,0.87147516,0.50905097,0.5060369,0.51054543,0.55731004,0.60652506,0.6813185,0.792794,6.4420156,-7.116703,-8.394929,1
0.19736961451247165,2.1354368e-05,7232.296387440613,2477.3937800627914,9689.94140625,0.006605110596865416,0.0,2.5153215363332773e-11,-905.0967,3.140185e-15,-1.4210855e-14,0.0,-0.0,0.0,0.0,-0.0,0.0,0.0,-0.0,0.0,0.0,-0.0,0.0,0.0,-0.0,0.0,0.0,-0.0,0.0,0.0,-0.0,0.0,0.0,-0.0,0.0,0.0,-0.0,0.0,0.0,-0.0,0.0,0.0,-0.0,0.0,0.0,-0.0,0.0,0.93798554,1.0,0.9893046,0.95892125,0.84062374,0.5079818,0.54746604,0.53990734,0.5617681,0.60759735,0.7094854,0.81515884,6.4115458,-7.132033,-8.357555,1
0.2089795918367347,2.1778922e-05,7122.389268449984,2494.7700251755327,9646.875,0.0066577717661857605,0.0,5.032978494863943e-11,-905.0967,3.140185e-15,-1.4210855e-14,0.0,-0.0,0.0,0.0,-0.0,0.0,0.0,-0.0,0.0,0.0,-0.0,0.0,0.0,-0.0,0.0,0.0,-0.0,0.0,0.0,-0.0,0.0,0.0,-0.0,0.0,0.0,-0.0,0.0,0.0,-0.0,0.0,0.0,-0.0,0.0,0.0,-0.0,0.0,0.9052699,0.94967127,1.0,0.9474373,0.82626164,0.5209266,0.5576872,0.5861699,0.6028958,0.6365548,0.7279572,0.82200915,6.300699,-7.240622,-8.1961155,1
0.22058956916099773,2.2435985e-05,7100.102272306497,2529.4342132608626,9679.1748046875,0.007713341619819403,0.0,2.517497373110821e-11,-905.0967,3.140185e-15,-1.4210855e-14,0.0,-0.0,0.0,0.0,-0.0,0.0,0.0,-0.0,0.0,0.0,-0.0,0.0,0.0,-0.0,0.0,0.0,-0.0,0.0,0.0,-0.0,0.0,0.0,-0.0,0.0,0.0,-0.0,0.0,0.0,-0.0,0.0,0.0,-0.0,0.0,0.0,-0.0,0.0,0.86030376,0.8809323,1.0,0.9410664,0.84435934,0.5717174,0.5374808,0.58797807,0.6315027,0.63140637,0.7133638,0.79833335,6.3067474,-7.2370343,-8.111733,1
0.23219954648526078,2.3419496e-05,7109.074347242949,2571.48136306086,9722.2412109375,0.008058834820985794,0.0,1.2235635144393908e-11,-905.0967,3.140185e-15,-1.4210855e-14,0.0,-0.0,0.0,0.0,-0.0,0.0,0.0,-0.0,0.0,0.0,-0.0,0.0,0.0,-0.0,0.0,0.0,-0.0,0.0,0.0,-0.0,0.0,0.0,-0.0,0.0,0.0,-0.0,0.0,0.0,-0.0,0.0,0.0,-0.0,0.0,0.0,-0.0,0.0,0.8501627,0.8640482,1.0,0.9660465,0.8904556,0.6194782,0.52566105,0.5655756,0.6615333,0.6314213,0.710248,0.77217364,6.326297,-7.1972775,-8.045986,1
0.2438095238095238,2.4351475e-05,7127.022075103186,2603.1770620183242,9743.7744140625,0.007360988762229681,0.0,1.204051950506783e-12,-905.0967,3.140185e-15,-1.4210855e-14,0.0,-0.0,0.0,0.0,-0.0,0.0,0.0,-0.0,0.0,0.0,-0.0,0.0,0.0,-0.0,0.0,0.0,-0.0,0.0,0.0,-0.0,0.0,0.0,-0.0,0.0,0.0,-0.0,0.0,0.0,-0.0,0.0,0.0,-0.0,0.0,0.0,-0.0,0.0,0.8185041,0.84953666,0.9939523,1.0,0.8973217,0.60625356,0.50066394,0.53384376,0.65273136,0.6161781,0.6927819,0.74054146,6.3443336,-7.1094627,-7.764351,1
0.25541950113378686,2.4664703e-05,7115.688804894319,2609.9393195950806,9743.7744140625,0.007145247422158718,0.0,1.252684588877701e-11,-905.0967,3.140185e-15,-1.4210855e-14,0.0,-0.0,0.0,0.0,-0.0,0.0,0.0,-0.0,0.0,0.0,-0.0,0.0,0.0,-0.0,0.0,0.0,-0.0,0.0,0.0,-0.0,0.0,0.0,-0.0,0.0,0.0,-0.0,0.0,0.0,-0.0,0.0,0.0,-0.0,0.0,0.0,-0.0,0.0,0.726619,0.8225199,0.9816942,1.0,0.85946506,0.5706531,0.47555295,0.49665725,0.60734195,0.6248725,0.6601425,0.6899096,6.413355,-6.95149,-7.4887047,1
0.26702947845804986,2.4685674e-05,7114.248820099309,2590.5943768017937,9743.7744140625,0.007828179746866226,0.0,1.2522364144616179e-11,-905.0967,3.140185e-15,-1.4210855e-14,0.0,-0.0,0.0,0.0,-0.0,0.0,0.0,-0.0,0.0,0.0,-0.0,0.0,0.0,-0.0,0.0,0.0,-0.0,0.0,0.0,-0.0,0.0,0.0,-0.0,0.0,0.0,-0.0,0.0,0.0,-0.0,0.0,0.0,-0.0,0.0,0.0,-0.0,0.0,0.6505197,0.788634,0.9519808,1.0,0.86359346,0.55331326,0.4533153,0.48820093,0.5675701,0.63953286,0.6491996,0.6625508,6.3961816,-6.891549,-7.333095,1
0.2786394557823129,2.5484966e-05,7166.9056243082005,2547.099088726313,9840.673828125,0.009012574329972267,0.0,2.6218546421024338e-12,-905.0967,0.016739909,0.015218099,0.0,-0.02165118,-0.019682892,0.0,0.022431511,0.020392282,0.0,-0.020432977,-0.018575434,0.0,0.019021485,0.01729226,0.0,-0.017761817,-0.016147107,0.0,0.014220438,0.012927671,0.0,-0.013432433,-0.012211303,0.0,0.008879262,0.008072057,0.0,-0.007602753,-0.006911594,0.0,0.003556903,0.0032335483,0.0,-0.0009441182,-0.00085828925,0.0,-0.0015784611,-0.0014349647,0.63706845,0.7554331,0.9216197,1.0,0.9070452,0.54968464,0.43144372,0.4830028,0.549749,0.63433737,0.66372824,0.6670984,6.437885,-6.86221,-7.3409204,1
0.29024943310657597,2.7781372e-05,7074.492019433985,2646.6881483337684,9851.4404296875,0.011055699549615383,0.0,0.010000000046300292,-905.0967,0.17121786,0.14804354,0.0,-0.015725685,-0.004454632,0.0,0.10105264,0.0816699,0.0,-0.038111735,-0.025359316,0.0,0.075504884,0.05999468,0.0,-0.15692857,-0.13458878,0.0,0.0120964665,0.004532952,0.0,-0.08726169,-0.07322316,0.0,-0.07935134,-0.07617361,0.0,-0.13647117,-0.1206089,0.0,0.014486371,0.011552653,0.0,-0.011975402,-0.010457585,0.0,0.0029168231,0.0033691397,0.6879532,0.7375385,0.9095518,1.0,0.9323737,0.5559226,0.44715565,0.497443,0.5941555,0.5987936,0.68542975,0.70205843,6.406014,-6.880587,-7.2987037,1
0.301859410430839,3.5296234e-05,6623.390931861565,2871.068460773009,9700.7080078125,0.01975940354168415,0.0,0.010000000003930618,-905.0967,0.42934063,0.30623308,0.0,0.025595494,0.038500715,0.0,0.15362765,0.085353084,0.0,-0.100535266,-0.06644298,0.0,0.093834266,0.043881297,0.0,-0.30370227,-0.19812995,0.0,0.041103113,0.026558492,0.0,-0.09582719,-0.042435873,0.0,-0.2555643,-0.19957769,0.0,-0.34535173,-0.24908508,0.0,-0.01691606,-0.023291014,0.0,-0.0029715651,0.0030944534,0.0,0.06408518,0.057522785,0.88892883,0.862493,0.94154084,1.0,0.9566345,0.6807572,0.6193865,0.6352301,0.7383522,0.6768808,0.75401103,0.8074418,5.7951274,-7.965159,-8.181353,3
0.313469387755102,5.0583327e-05,6332.676593897388,2908.601737948562,9549.9755859375,0.029746131971478462,0.0,0.010000000000221911,-905.0967,0.81964415,0.48149565,0.0,-0.11970137,-0.10869485,0.0,0.27810863,0.1391651,0.0,-0.23502032,-0.14817092,0.0,0.17141084,0.0798121,0.0,-0.4422262,-0.20055418,0.0,0.05795214,0.025617233,0.0,-0.05946939,0.025728697,0.0,-0.37670597,-0.19908087,0.0,-0.48218352,-0.22834814,0.0,-0.14149754,-0.12732106,0.0,0.1121534,0.10803641,0.0,0.09335281,0.0550767,1.0,0.96705997,0.9412225,0.9783996,0.9693957,0.8029594,0.8097039,0.77095133,0.8045148,0.7453907,0.79613525,0.8506526,5.4719253,-8.234693,-8.3324,3
0.3250793650793651,6.766586e-05,6172.50599748951,2910.5243566237277,9388.4765625,0.032910194247961044,0.0,0.010000000000006925,-904.8456,3.486263,2.5874732,-0.3247677,-2.5951674,-2.3069727,0.33647266,0.710651,0.43154,-0.30649465,0.20610201,0.34505817,0.28532228,-0.050621327,-0.1822597,-0.26642725,-0.57528585,-0.16333154,0.21330658,0.18985227,0.1255517,-0.2014865,-0.18425652,-0.07901805,0.13318893,-0.2748477,0.037078783,-0.1140413,-0.31765097,0.09755869,0.053353544,-0.46063578,-0.35258183,-0.014161773,0.286728,0.2141858,-0.023676917,0.068694815,-0.0044752806,0.981194,0.97727036,0.9333739,0.97454464,1.0,0.88739955,0.95098674,0.82813054,0.81833446,0.7808252,0.787022,0.82771075,5.4715047,-8.315274,-8.30092,3
0.33668934240362813,8.0760685e-05,6010.86247075129,2957.0888806970524,9323.876953125,0.03259872645139694,0.0,0.010000000000001869,-902.71674,7.587917,4.866044,0.007690504,-6.2261615,-4.440801,1.2634351,0.8473939,0.2873618,-0.34180504,1.0899775,1.017549,0.9185816,-0.12234621,-0.18842916,-2.154108,-0.67047846,-0.07780415,0.021467064,0.13709456,0.00395648,-1.1578104,-0.24568246,-0.07885319,-1.2901618,0.106806904,0.44380546,-1.9615365,0.039976284,0.47436973,0.1772804,-0.7063282,-0.37735903,-0.1690097,0.33997756,0.13939695,0.061510034,0.08982159,-0.0022948578,0.84737194,0.88846856,0.886912,0.9309672,0.9690291,0.86888784,1.0,0.7883159,0.7552595,0.76239276,0.7249445,0.7569837,5.5370526,-8.3055935,-8.152959,3
0.34829931972789113,8.894292e-05,5829.232744017908,3012.8720940313524,9280.810546875,0.031717583537101746,0.0,0.010000000000001869,-900.5671,11.463543,5.3913374,0.5405484,-9.379494,-4.7037225,1.1886021,0.80882394,-0.007031546,-1.0984279,1.8904579,1.2198563,0.57591665,-0.21404502,-0.17525709,-2.8067393,-0.7501509,-0.0039502415,0.4937931,-0.060077887,-0.20636827,-0.46830684,-0.31311905,-0.07812415,-2.9324374,0.5064334,0.6547912,-3.652103,0.4355032,0.67412096,-0.41337797,-0.79366946,-0.18659164,0.08926468,0.40870985,0.07953573,0.9269836,0.18735704,0.06887058,0.781096,0.8581625,0.88639027,0.9367151,0.9598844,0.8308728,1.0,0.7474099,0.7220747,0.7760038,0.7154397,0.73221105,5.527226,-8.224889,-8.192451,3
0.3599092970521542,0.00010555176,5829.456145559072,2977.3413386889324,9237.744140625,0.05334508791565895,0.0,0.010000000417925077,-897.45197,13.905129,3.5799756,-2.1235852,-10.83715,-2.5537388,2.564342,0.8815252,-0.0824932,-2.4539578,2.338781,0.8191484,1.6086038,-0.6018353,-0.38927782,-3.384678,-1.0354708,-0.17487572,0.43487707,-0.59691894,-0.61692137,0.08846614,-0.6165115,-0.29359892,-2.839478,0.7375416,0.5136587,-3.484397,0.8366862,0.66706204,-1.9144082,-0.61080474,0.21946388,1.7033979,0.6600411,0.1900747,0.6802187,0.47258663,0.2794547,0.8479267,0.9436689,1.0,0.9874246,0.96923256,0.773437,0.9242838,0.75375193,0.7435535,0.84500647,0.78071827,0.78192925,5.5403576,-8.1999235,-8.225723,3
0.37151927437641724,0.0002437714,6249.442100764783,2681.8458020991607,9205.4443359375,0.2273949235677719,0.0,0.010000000208892744,-861.39606,13.725809,-0.49842933,-37.607018,-9.855734,1.5177592,7.8263483,1.1599795,0.11822198,5.5666637,2.2967615,-0.06490631,-2.4833765,-1.2900467,-0.7072084,-4.148883,-1.403991,-0.41576615,2.269363,-1.3514649,-0.9737018,-2.3065915,-1.143068,-0.6199574,-0.20434745,0.74599475,0.07591157,0.16496874,1.1444772,0.38464102,-5.311362,-0.27297524,0.5886189,3.0209918,0.99611634,0.31354502,0.041388944,0.8413198,0.46062058,0.81740034,1.0,0.97145987,0.76215786,0.74362385,0.52841276,0.5562255,0.5927465,0.6395078,0.7185269,0.6775596,0.69058883,5.685986,-7.713547,-8.061571,3
0.3831292517006803,0.000448711,6373.221900482414,2553.334557451993,9205.4443359375,0.307806134223938,0.0,0.010000000208892744,-828.9454,10.108804,-5.939464,-64.3417,-5.8517404,6.637917,5.3459435,1.3632034,0.21704859,13.599627,1.57309,-1.2456951,-0.8496113,-1.9182092,-0.75361973,-4.6180983,-1.51566,-0.38192806,0.06683591,-1.985055,-0.95309055,-1.9328214,-1.7580454,-0.83012164,3.9415097,0.60983187,-0.49077392,3.1026316,1.2252496,-0.19941668,-5.5375147,0.06979187,0.6948316,1.9563639,1.2931868,0.33462,0.73850775,1.1935884,0.5173758,0.7965693,1.0,0.95426536,0.7216949,0.696143,0.47603315,0.48629183,0.5754338,0.6151169,0.67993015,0.6578484,0.6728432,5.739954,-7.485725,-7.8008637,1
0.3947392290249433,0.00057491375,6379.834625162612,2519.876390352638,9183.9111328125,0.19220159947872162,0.0,0.010000000208892744,-813.298,4.6345105,-9.703912,-73.26219,-0.15746632,9.860024,4.052737,1.1950527,-0.09020015,15.748608,0.6170161,-1.9852438,-1.361623,-1.9065365,-0.17634271,-5.5398197,-1.7304668,-0.26302886,-2.082676,-2.1966898,-0.33763835,-2.5061865,-2.330185,-0.6709592,5.1964664,0.25398624,-0.8834043,4.4467845,0.888557,-0.7812228,-4.546626,0.30229032,0.41632986,2.6776962,1.2338053,0.05858229,2.0692647,1.3011291,0.2729556,0.7926943,1.0,0.9548613,0.7286284,0.6965029,0.47171962,0.48387733,0.5851423,0.62057513,0.6834201,0.6663462,0.6749,5.3656454,-7.680041,-7.776733,3
0.40634920634920635,0.0005443101,6317.245538436734,2544.378415986004,9162.3779296875,0.033577241003513336,0.0,0.010000000208892744,-811.8589,-0.7613617,-9.055224,-66.142586,4.949232,8.227286,6.734989,0.9116382,-0.1842614,14.4034,-0.13863325,-1.6217669,-6.1434007,-1.8194957,0.29888698,-10.009487,-1.4512882,0.31300962,-7.698374,-1.8700043,0.5866447,-6.6720715,-2.532857,-0.2228267,3.9678078,-0.22174144,-0.80183166,5.643322,0.0777918,-1.1418762,-1.6301925,0.3193966,-0.15747094,6.0861044,0.80023056,-0.38454682,5.4019933,1.090096,-0.33158705,0.80430436,1.0,0.9571935,0.7486282,0.7125492,0.48570395,0.50961334,0.61165005,0.6548191,0.71499366,0.70147824,0.69789726,5.5562677,-7.6129203,-7.751648,3
0.4179591836734694,0.00037875056,6144.476002311194,2640.168986710548,9119.3115234375,0.03485289588570595,0.0,0.010000000208892744,-827.86304,-5.905077,-4.0401416,-46.09217,9.096818,2.3209147,11.505032,0.4842157,-0.27471578,10.649109,-0.9141443,-0.28599924,-12.185567,-1.6170778,0.36589032,-13.759863,-0.5464554,1.1869665,-12.88854,-1.0332175,1.5665375,-11.687548,-2.1795506,0.41856486,1.6199341,-0.6409588,-0.29276425,5.653272,-0.98789597,-1.1312208,0.28673047,0.0014820338,-0.8396535,8.878791,0.2710851,-0.8038114,8.005045,0.74719554,-0.7617207,0.84306747,1.0,0.96264625,0.7912672,0.74611086,0.53335476,0.58170635,0.67087716,0.73897904,0.7720262,0.7658361,0.7484374,5.163044,-7.8178062,-7.744302,3
0.4295691609977324,0.0001954341,5665.2636978995415,2882.0775723527763,9054.7119140625,0.03196970745921135,0.0,0.010000000208892744,-860.4338,-8.259249,1.0995442,-11.870581,9.942677,-3.0150254,12.832243,0.25086674,-0.7674032,3.469726,-1.2665051,0.70768464,-14.6878805,-1.6679468,0.52406335,-13.014027,0.63387704,1.7790881,-14.562973,0.273974,1.9268538,-15.683893,-1.4685584,1.2777386,-0.31080857,-0.76943153,0.33717987,3.803863,-1.7525756,-0.81341374,0.36578536,-0.54590267,-0.96026665,10.531118,-0.09348567,-0.91828287,9.788933,0.3518898,-0.77642953,0.98152184,1.0,0.9649823,0.86410666,0.823162,0.7043416,0.7686971,0.80626905,0.920361,0.84052324,0.8720312,0.8863703,5.0204945,-8.48136,-8.257068,3
0.44117913832199546,0.0001376169,5290.41760083683,3122.000083823218,9119.3115234375,0.048484835773706436,0.0,0.010000016226422836,-879.8512,-7.735627,4.2735424,10.181599,8.222211,-5.614533,9.226865,-0.1788728,-0.82517433,0.9718844,-1.1775262,0.84831053,-9.625224,-1.3992155,0.4137279,-15.388393,1.6333201,1.5349764,-11.687912,1.3067287,1.4642818,-17.71652,-0.48330656,1.6188651,-1.9378612,-0.5449656,0.6005617,0.83073264,-2.013316,-0.20137489,-1.3650451,-0.8848852,-0.5040152,8.014219,-0.34849712,-0.45299792,8.4646845,0.14797503,-0.34154198,1.0,0.86840194,0.80588484,0.7485712,0.7932937,0.7538717,0.77576125,0.74800664,0.8772211,0.68395853,0.7535469,0.9148591,4.948625,-8.606419,-8.148226,3
0.4527891156462585,0.00014597896,5389.5774875113875,3035.3788752022574,9108.544921875,0.060550302267074585,0.0,0.010000000003996623,-875.64557,-5.5320687,4.7541018,3.245369,5.2229395,-5.178779,9.582304,-0.69460386,-0.38176465,5.252453,-1.0132748,0.3665006,-10.702325,-0.6809125,0.27610174,-10.471393,2.1501372,0.4126859,-7.1308613,1.9323351,0.28388852,-17.176065,0.581824,1.2717394,-1.8451719,-0.22146808,0.47241154,-3.4690804,-1.8023438,0.5670217,-4.243186,-0.8616019,0.32738107,4.124285,-0.4519098,0.28156593,4.7050285,0.13851677,0.32719055,1.0,0.8963499,0.84939367,0.8610411,0.86913973,0.7359685,0.70954585,0.6915995,0.7824533,0.6493909,0.7123478,0.8837491,5.3195353,-8.4440155,-8.262539,3
0.46439909297052157,0.00016530073,5440.739889415551,2875.1304480536382,8979.345703125,0.0696275532245636,0.0,0.01000000000061386,-869.52673,-2.7196279,2.618622,-7.13495,2.1532023,-2.4383965,7.800936,-0.92382896,0.22723022,8.23666,-0.8742788,-0.33804575,-13.082088,0.2514327,0.4678416,-2.2803214,1.9234446,-0.8295764,-1.3118591,2.0108204,-0.7670111,-13.709295,1.4290295,0.6308785,-0.84190035,-0.008748168,0.12413731,-7.456796,-1.1525338,1.1573204,-8.349663,-0.46768284,0.9471765,1.6818126,-0.39855555,0.68093014,3.9799867,0.3497835,0.74980754,0.9785047,0.95030266,1.0,0.9915631,0.9588288,0.7566656,0.7084242,0.6388564,0.6888504,0.68501735,0.7511869,0.8749242,5.297391,-8.379271,-7.9861126,3
0.47600907029478456,0.00018284292,5406.597431591204,2776.808615612199,8796.3134765625,0.06350097805261612,0.0,0.010000000001606035,-865.77216,-0.36975506,-0.34880137,-13.559401,-0.08076731,0.95140445,5.44368,-0.76301765,0.43480077,7.23079,-0.75515264,-0.797598,-15.439089,0.98769826,0.9379724,3.083519,1.2674555,-1.4686605,3.01442,1.539018,-1.2469091,-8.799625,1.7871569,-0.10207096,0.72475076,0.009881687,-0.21845242,-8.496481,-0.23825374,1.3395245,-9.154337,0.13701023,1.1036812,2.498044,-0.19497728,0.6482606,4.8173857,0.7010975,0.7812448,0.819024,0.8614062,1.0,0.9329733,0.9224013,0.71441066,0.6559888,0.5468729,0.570144,0.6652984,0.74840087,0.7766741,5.477424,-7.908843,-8.03466,3
0.4876190476190476,0.00018377986,5377.203192620834,2791.0800185461208,8764.013671875,0.04798929765820503,0.0,0.01000000000061386,-864.26263,0.26924947,-1.40045,-12.624016,-0.12790108,2.4527605,5.00266,-0.40139762,0.3286589,4.2257147,-0.79987574,-0.3739474,-15.926216,1.4200677,1.2838116,2.7647974,0.61310345,-1.5893576,1.8372917,0.72519594,-1.1181191,-6.7762027,1.5957054,-0.70516163,1.0687826,-0.10197983,-0.4036058,-6.774832,0.71566606,1.1156979,-6.706356,0.77230144,0.80833054,5.341482,0.19681606,0.24020223,8.010851,1.1479446,0.3884863,0.75491065,0.83149576,1.0,0.92929584,0.9494335,0.7366079,0.6588232,0.60401005,0.59831417,0.7036966,0.792227,0.7783033,5.4844017,-7.9195113,-7.994031,3
0.4992290249433107,0.00016948792,5414.865410431549,2911.289185829912,8925.5126953125,0.04714564234018326,0.0,0.010000000000075398,-867.45215,-0.11050415,-0.3662553,-7.7260637,1.4710963,1.5464619,5.243474,-0.14204787,0.41015607,0.3250977,-0.81246305,0.55480796,-12.311781,1.948883,0.7151683,-1.476717,-0.39063755,-0.90226036,-1.1404307,0.024823729,-0.55938476,-6.0721607,1.1172953,-0.8452473,0.26738036,-0.24902844,-0.27188322,-3.8487036,1.571836,0.62941927,-2.8031905,1.2566108,0.23259792,7.5600777,0.4385586,-0.22108994,11.082338,1.2870879,-0.29231295,0.73946977,0.82223916,0.97865695,0.96003056,1.0,0.7539444,0.65700245,0.737256,0.76083624,0.7782372,0.81641793,0.82151526,5.3177943,-8.012302,-7.9828625,3
0.5108390022675737,0.00015644977,5466.553139389245,3066.5519402367795,9162.3779296875,0.04928664118051529,0.0,0.0100000000000754,-873.6563,0.10454509,0.95931387,-1.2985259,2.550329,0.1771479,6.4859324,0.26219767,0.31948584,-2.2281008,-0.5208416,1.011191,-5.8614645,2.035329,-0.27188426,-6.026499,-1.212051,-0.03168926,-2.0920649,-0.57608527,-0.039484404,-5.025173,0.48806491,-0.625707,-1.0907327,-0.18902522,0.1433368,-0.8356775,2.1761699,0.18591847,-0.4533369,1.5338213,-0.29442522,6.871667,0.3856568,-0.43426797,12.480571,0.84977305,-0.8062094,0.77304816,0.87860966,0.927452,0.95829195,1.0,0.73882556,0.64747953,0.88609695,0.996175,0.84462905,0.8250337,0.897384,5.012097,-8.255867,-8.228028,3
0.5224489795918368,0.00015462557,5428.141152520715,3130.5381414865365,9205.4443359375,0.04817136377096176,0.0,0.010000000000221911,-876.039,1.2325236,2.086079,2.3859859,2.6967914,-0.80959105,6.3116617,0.3821907,-0.008537234,-1.9911611,-0.1873285,0.6813092,-1.1794666,1.6891816,-1.1146646,-6.782233,-1.3532411,0.5632028,-2.4570904,-0.89285225,0.14967668,-5.680275,0.010578211,-0.24200182,-2.3318765,0.015103866,0.5085195,1.4991851,2.2843847,-0.14849102,0.6063332,1.4222653,-0.45087838,5.8305597,0.14928466,-0.27022246,13.09711,0.113432676,-1.0302787,0.70420283,0.7971712,0.77995515,0.8019026,0.8072329,0.6322514,0.54906106,0.8175712,1.0,0.77598476,0.74846447,0.8184932,5.205955,-8.225753,-8.220619,3
0.5340589569160997,0.00015760385,5312.96206256416,3125.2239474245825,9162.3779296875,0.04769458249211311,0.0,0.010000000001606035,-873.0326,3.1257324,2.7100775,4.5310736,1.9968718,-1.1639798,6.3664355,0.20138703,-0.26354778,1.3652627,0.0126509,0.014653444,0.14150816,0.9145328,-1.4660282,-5.9455633,-0.99359965,0.57736725,-2.886485,-0.79380804,0.025109537,-7.42671,-0.08612929,0.047999993,-2.8637714,0.27960834,0.5386908,3.367021,1.9651114,-0.40244648,1.0463873,0.98489463,-0.4110277,5.8263187,0.012147546,0.10233274,13.573261,-0.5073026,-0.70080906,0.7057968,0.7734046,0.76158684,0.78711414,0.76392245,0.6442676,0.5478243,0.7938276,1.0,0.8251124,0.82855934,0.81715345,5.1653786,-8.378209,-8.340295,3
0.5456689342403628,0.00016082027,5251.092992904662,3090.2973166096886,9022.412109375,0.054938651621341705,0.0,0.010000000000075396,-867.1919,5.353475,2.4494123,5.75823,0.92559546,-1.1242137,7.7226524,0.05246931,-0.2696828,4.4434843,0.106950656,-0.5021765,-1.0327754,-0.25111356,-1.3085592,-6.451324,-0.63805294,0.14461052,-1.8594415,-0.59535706,-0.05238121,-7.126007,-0.008412179,0.24289446,-1.9960029,0.3926255,0.19426833,5.5079746,1.3924695,-0.6229154,1.1153483,0.47454235,-0.32916886,5.5454807,0.21481544,0.44560787,11.559099,-0.68153703,-0.059839908,0.8188731,0.8180905,0.8374082,0.85409516,0.81968874,0.7227741,0.6450328,0.81092596,1.0,0.95945674,0.96222234,0.914072,4.971586,-8.2591095,-8.464994,3
0.5572789115646258,0.0001678442,5241.208758773338,3058.080195619028,8947.0458984375,0.06234973669052124,0.0,0.010000000000006925,-860.36206,7.0976715,1.3953214,5.526205,-0.13260712,-0.89735067,9.075737,0.033893704,-0.06500454,4.523806,0.037350763,-0.59918404,-4.173827,-1.4901011,-0.9095929,-7.628395,-0.62749153,-0.31966588,-3.606689,-0.43970633,0.101976395,-7.416253,0.24270862,0.43723384,0.97937775,0.29033613,-0.29846364,8.274511,0.7268911,-0.7797628,2.2266417,0.26313052,-0.1756081,5.3710485,0.8188037,0.67152834,8.385399,-0.34760547,0.62496996,0.90522754,0.811926,0.8638905,0.8600477,0.7620559,0.6738113,0.706294,0.7491556,0.86217797,1.0,0.9812487,0.9531031,5.0636516,-8.123256,-8.480222,3
0.5688888888888889,0.00018341646,5200.216317966379,3037.667044316821,8893.212890625,0.06937556713819504,0.0,0.010000000000006925,-850.4958,8.4260235,0.76192987,5.080257,-0.58343357,-0.41191706,6.9120173,-0.03526013,-0.07428779,1.2397599,-0.26735926,-0.36851457,-6.0559025,-2.4655735,-0.632035,-6.9531326,-1.0469141,-0.5360818,-5.7372675,-0.23149867,0.30598155,-7.033607,0.45916024,0.27182454,2.5933137,-0.17058669,-0.8296133,8.75327,0.0361451,-0.86059105,3.145693,0.34584725,0.06255651,5.9837747,1.4731882,0.7638865,5.726412,0.35881603,1.186779,0.9391475,0.79900503,0.8909033,0.8922175,0.7631361,0.62091017,0.7345105,0.7069468,0.7796942,1.0,0.94112796,0.9100929,5.258398,-8.163497,-8.415577,3
0.5804988662131519,0.00020585647,5195.196599203289,3023.2987136605234,8860.9130859375,0.0771310105919838,0.0,0.010000000000221913,-838.9528,10.430644,1.5261093,3.468894,-0.38944167,0.34486058,5.124408,-0.7627876,-0.59671146,-1.2551333,-0.41911933,0.22774355,-7.7806244,-3.1110213,-0.52232724,-7.3136644,-1.4919773,-0.5189589,-6.014302,0.22055079,0.62615436,-5.7900844,0.17886156,-0.35921073,2.399434,-0.91435784,-1.1380794,7.6930666,-0.62240154,-0.7746322,2.1381578,0.30063742,0.03239759,7.5275016,1.716131,0.42144555,6.8503456,0.99268407,1.1536112,0.9323709,0.80423886,0.89783,0.95644355,0.84023166,0.6279669,0.73623335,0.7487536,0.78029007,1.0,0.94954,0.8603906,5.1606903,-8.129746,-8.470871,3
0.592108843537415,0.00023156183,5234.320248604338,2997.5383729852847,8817.8466796875,0.09223069995641708,0.0,0.010000000009505967,-829.1169,12.981166,2.6665902,0.9863846,-0.18496056,0.63657093,6.074154,-2.0764265,-1.3040673,-1.2054645,0.0443342,0.9298923,-11.122063,-3.3660622,-0.32783836,-9.575979,-1.5730307,-0.23011723,-5.3089695,0.8268433,0.896927,-4.9506083,-0.5305316,-0.9173165,0.11575559,-1.5169541,-0.81781983,5.7878666,-1.2805774,-0.57466054,0.80658007,-0.09431059,-0.31077197,10.327643,1.6557168,-0.16021667,10.064266,1.3812145,0.43407702,0.9401848,0.8685407,0.9154957,0.99025565,0.8994727,0.67701757,0.73756844,0.89926475,0.8783244,1.0,0.9818279,0.85069704,5.085395,-8.162187,-8.470576,3
0.603718820861678,0.00026361906,5225.84817567894,2994.403358265553,8774.7802734375,0.1126176044344902,0.0,0.010000000000221913,-823.59674,15.370202,3.100539,-1.5373486,-0.3579884,0.20367827,7.9961414,-3.456709,-1.7659774,-0.1459827,0.99000823,1.2486693,-15.5391865,-3.061879,0.22026318,-12.53406,-1.2020371,0.40503037,-4.0153856,1.6108788,0.82648706,-2.7732067,-1.2067583,-1.1248558,-2.3503466,-1.7694042,-0.035487026,3.876831,-1.923076,-0.4000033,2.2899642,-0.8228341,-0.72856987,14.820745,1.349527,-0.6805154,14.360751,1.3088572,-0.56348747,0.8610371,0.8499691,0.8486536,0.9015979,0.86511546,0.69987243,0.6854731,1.0,0.99823093,0.93505305,0.9487921,0.807221,5.013623,-8.190604,-8.475605,3
0.615328798185941,0.00031074727,5080.133162471478,3027.656417630214,8699.4140625,0.13807235658168793,0.0,0.010000000047726025,-811.11536,16.817644,2.3564043,1.0860496,-1.051216,-0.68320453,6.372562,-4.605755,-1.8601348,-0.5989065,1.7454944,0.82245404,-20.456207,-2.2974293,1.0725831,-16.060928,-0.43754038,1.2266096,-2.756228,2.3708684,0.68345386,-3.7772408,-1.6295652,-0.7396433,-6.686639,-1.4683965,0.74256736,1.6644193,-2.296148,-0.28708032,5.037864,-1.6261132,-1.0569142,18.252367,0.8453185,-0.9456177,19.019913,0.6608717,-1.3970858,0.70978296,0.7055427,0.69403106,0.6967896,0.7204516,0.71002597,0.65454775,0.92140883,1.0,0.818497,0.8324963,0.69038445,4.7829533,-8.573,-8.038906,3
0.626938775510204,0.0004005239,4711.821171516513,2947.5374136620526,8397.94921875,0.2240394949913025,0.0,0.01000123296498612,-782.3577,17.206343,0.5490423,6.748829,-2.06643,-1.5947329,-3.3135467,-5.601216,-1.3066497,1.8064666,1.7269025,-0.09651834,-25.007019,-1.1861764,1.7022111,-18.009476,0.8376158,1.8308642,1.1916405,3.0634995,0.6541079,-10.097634,-1.4948364,0.22737606,-10.776911,-0.6292194,1.3400555,-0.14614415,-2.347239,-0.066739246,3.1671786,-2.2668626,-1.1112285,16.227303,0.31753233,-0.8111185,18.795773,-0.41582197,-1.6140535,0.8026702,0.67566,0.6650605,0.6272843,0.76743126,0.88490784,0.7617879,0.85414106,1.0,0.85509026,0.85809064,0.81590956,4.689831,-8.886921,-7.5918255,7
0.6385487528344671,0.00055536214,4474.275046027268,2751.727028787059,8021.1181640625,0.33485591411590576,0.0,0.01000123296498612,-754.5069,16.632032,-1.82311,5.3155184,-2.8656495,-1.7364733,-14.579988,-5.990962,0.06559092,7.7885475,1.0157313,-1.0361255,-26.759022,-0.24723104,1.4633642,-16.401978,2.0648887,1.6582259,4.954212,3.2189496,0.17265576,-15.455347,-1.0013529,1.110738,-10.105677,0.4037586,1.4426495,-2.8867111,-2.0966742,0.2769862,-1.9887503,-2.461284,-0.45699602,14.281435,0.22861077,-0.020226024,15.945185,-1.1567316,-0.9361025,0.926502,0.72065437,0.6673012,0.60088325,0.8022274,0.94398296,0.7613968,0.70283896,0.85620147,0.79118484,0.84347963,1.0,4.615103,-8.84571,-7.233814,7
0.6501587301587302,0.00075258454,4494.703552034192,2607.0207760462217,7816.552734375,0.40158766508102417,0.0,0.0100028158258111,-734.59863,14.85803,-4.051561,-1.6849506,-2.9954174,-0.67907995,-22.511518,-5.0828185,1.9503661,12.7799,0.20425181,-1.4902008,-23.627937,0.13895646,0.44196463,-11.603174,2.812988,0.7739213,8.296726,2.5301144,-0.8432967,-17.340889,-0.45342857,1.4732299,-7.7486715,1.2825893,1.0487522,-6.8911753,-1.6442354,0.6332138,-7.8373685,-2.0765939,0.837621,13.059628,0.6855247,1.0416068,12.142552,-1.3486221,0.20851764,0.9629232,0.8163583,0.64439386,0.57827026,0.7152264,0.80052155,0.63739246,0.5375163,0.6194641,0.61192185,0.72526777,1.0,4.427239,-8.528237,-6.6813793,7
0.6617687074829932,0.00092340424,4617.000490642335,2574.1811147404082,7945.751953125,0.3978283703327179,0.0,0.010001873046012551,-724.1115,11.052477,-5.3097878,-11.058711,-2.6406093,1.1050562,-28.29287,-2.6583664,3.5241244,11.910782,-0.27412832,-1.2102185,-18.446419,-0.052847702,-0.8112247,-5.517253,3.1185994,-0.2652885,12.65914,1.2200406,-1.8332683,-15.730505,0.24946572,1.0744039,-4.6041975,1.9025548,0.2809096,-9.407736,-1.1284368,0.79145336,-12.585999,-1.0959041,1.9669797,12.185923,1.4177015,1.4768593,7.6211176,-1.168453,1.0460482,1.0,0.9156311,0.6507693,0.58051085,0.6459447,0.6903252,0.59673965,0.47503576,0.4733847,0.496492,0.6497837,0.95200676,4.606622,-7.835695,-6.7839003,7
0.6733786848072563,0.0010370181,4746.419276236591,2592.628845359614,8139.55078125,0.34892868995666504,0.0,0.01000419105279527,-718.2629,5.669623,-5.2588034,-19.477303,-1.7152736,2.517399,-32.6266,0.9041463,4.19901,6.2514143,-0.6714764,-0.33238578,-14.459925,-0.6795789,-1.6573933,1.826347,2.821555,-1.0855044,18.378443,-0.5208252,-2.3215406,-9.924341,0.93529916,0.18837611,0.05502954,2.1934533,-0.3061619,-9.597033,-0.42419505,0.9195678,-15.000027,0.48754194,2.3181498,12.770069,2.128542,0.96736294,4.3231587,-0.6502002,1.10712,0.9799112,1.0,0.6770873,0.5858074,0.6219719,0.6312706,0.58373624,0.47721878,0.4126963,0.46290484,0.5938284,0.8536082,4.4680023,-7.5373063,-6.9341025,7
0.6849886621315193,0.001065987,4788.404239758518,2605.1158548839326,8150.3173828125,0.29409247636795044,0.0,0.0100028158258111,-714.0785,0.92711896,-4.3918643,-20.362568,-0.3011184,2.4787548,-31.191015,4.025334,3.581467,0.23425527,-1.092646,0.49218774,-16.98964,-1.1382835,-1.2588093,3.7536325,1.8213158,-1.5604049,16.695946,-2.2176485,-2.2362838,-6.8201056,1.353511,-0.35022196,2.5698218,2.0851047,-0.43385908,-8.334515,0.4716626,0.9066241,-11.582117,2.0917647,1.8473096,19.119953,2.1286201,-0.12965007,7.604189,-0.2388078,0.54900306,0.8627877,1.0,0.68642795,0.5596103,0.6086224,0.60009754,0.5542852,0.47330523,0.39930242,0.46706286,0.49435598,0.6840435,4.49919,-7.5964494,-6.872858,7
0.6965986394557823,0.0010036821,4762.175847936825,2612.5032196446205,8021.1181640625,0.2704366147518158,0.0,0.0100028158258111,-713.1502,-2.3497517,-3.0632856,-13.175522,1.093615,1.393669,-21.988705,5.8602195,1.8829834,-0.96010923,-1.1379038,0.8556561,-23.406464,-0.9848446,0.31758177,2.160748,0.40074465,-1.6176648,8.827567,-3.408556,-1.347292,-7.3103437,1.6448545,-0.19803725,3.1548076,1.5730534,-0.59007317,-6.931798,1.2814171,0.65259814,-4.661044,3.0877476,0.71140325,26.705421,1.2508093,-1.5053346,12.010537,-0.16411124,-0.30657828,0.8026496,1.0,0.72596145,0.56225437,0.6224692,0.6127182,0.56082875,0.5206846,0.49841934,0.5311975,0.4742784,0.60784644,4.7159085,-7.665551,-7.2187705,7
0.7082086167800453,0.0008850873,4758.201916324779,2631.0388092483336,7891.9189453125,0.2366725653409958,0.0,0.01000123296498612,-721.532,-4.1528363,-1.5261519,-6.2926965,2.011633,-0.041952543,-8.662284,6.4397554,-0.30314624,2.773368,-0.48420352,0.7910712,-29.626034,-0.21468821,1.9124104,2.1552112,-0.9455681,-1.2331909,1.4261397,-3.7313375,0.28198695,-8.297481,1.7612901,0.26552725,3.1142194,0.799852,-0.72659147,-6.7725263,1.7651911,0.35858712,1.0578167,3.1465664,-0.69269884,29.312431,-0.20711845,-2.501131,12.707392,-0.4129104,-1.0268198,0.75632906,1.0,0.8173246,0.6322764,0.68363243,0.6269147,0.5905007,0.6119743,0.67321545,0.6126409,0.5395157,0.6118277,4.5091243,-8.379689,-7.6596484,7
0.7198185941043084,0.00076802657,4845.279884895517,2680.4825014472026,7999.5849609375,0.20083938539028168,0.0,0.0100000470079773,-735.27704,-4.8650756,0.11562833,-2.2028637,1.9760374,-1.2902229,6.2734995,5.803863,-2.2680438,5.2848406,0.47851324,0.49319836,-33.525375,0.97500193,2.5609944,1.1962723,-1.7014614,-0.4054151,-5.2493052,-3.1917934,1.808771,-8.6794195,1.7213136,0.6301173,4.964721,0.104700714,-0.6052229,-3.8427024,1.7885224,-0.017491069,6.35625,2.3354695,-1.7521951,28.325779,-1.9550838,-2.6016395,11.541354,-1.003886,-1.2197263,0.75523573,1.0,0.8863409,0.7600449,0.77437,0.6270956,0.64589167,0.7226331,0.85687727,0.6734977,0.6394225,0.68302864,4.457999,-8.655709,-7.787366,7
0.7314285714285714,0.0006756533,5021.997576733942,2770.97201280723,8311.81640625,0.1783067137002945,0.0,0.0100000470079773,-742.65924,-4.7131166,1.4907687,-2.7712753,1.0891417,-1.5683385,11.736494,4.1171546,-3.1471584,3.3917398,1.0998774,0.16228788,-28.583754,2.4228408,1.9768403,-2.6016588,-1.5358984,0.3676011,-10.146773,-1.8353807,2.2509542,-6.018797,1.8726029,0.4990272,7.001698,-0.2273344,-0.401266,-0.08204013,1.5580473,-0.35348514,9.335852,1.1304682,-1.7984073,22.714031,-3.4760277,-1.4832393,8.348985,-1.7360917,-0.62428993,0.81792575,0.96166503,0.892728,0.91471374,0.89464486,0.686425,0.71177894,0.84651375,1.0,0.7206031,0.72786385,0.7913852,4.382977,-8.562905,-7.8520026,7
0.7430385487528345,0.0005924465,5195.539380476426,2858.0988351761134,8505.615234375,0.15977461636066437,0.0,0.010000000009505967,-745.56366,-3.7700675,2.0623758,-3.6509886,0.34025505,-0.62842196,10.2875185,2.1553764,-2.4951231,1.9491324,1.212529,0.12791708,-18.105782,3.5741782,0.6726753,-7.0640574,-0.9760083,0.87256795,-10.095854,-0.44241887,1.6180638,-0.20496905,1.8607166,-0.18572931,4.5517626,-0.4249835,-0.2672616,2.0681477,1.1939646,-0.6353287,8.199337,0.10704172,-1.0803779,13.59971,-3.9234955,0.30980414,4.250085,-1.9042431,0.29728928,0.8676961,0.8014767,0.80214745,0.9456878,0.8897215,0.670296,0.7313158,0.89710665,1.0,0.6992432,0.7155065,0.8310267,4.3077292,-8.307023,-7.9712224,7
0.7546485260770975,0.0005534075,5272.05206688469,2904.60714991561,8645.5810546875,0.1826111525297165,0.0,0.010000000021701592,-746.1064,-2.2809927,1.5313094,-4.2927628,0.41637912,0.6191846,7.5885715,0.68228537,-0.88885695,4.734461,1.0106835,0.16916966,-10.605564,3.9499571,-0.72557443,-9.614206,-0.57792604,0.9860363,-5.0146227,0.42150125,0.5715166,3.340932,1.3524097,-1.0245682,1.3526167,-0.59402376,-0.097231485,3.4227347,0.77053326,-0.763089,3.9996657,-0.3847958,-0.12982729,6.2547865,-3.1958432,1.7696544,1.2271649,-1.3690717,1.0067172,0.9770614,0.8389257,0.85757154,1.0,0.88880813,0.6862172,0.75317895,0.9347403,0.9871663,0.774525,0.79696536,0.90382195,4.410398,-8.13792,-7.8759584,7
0.7662585034013606,0.0005610335,5315.864177947527,2898.684351017411,8699.4140625,0.1869182586669922,0.0,0.010000000000001869,-745.72955,-0.66868186,0.8626155,-7.5317173,1.1621481,1.4610314,4.108848,0.048355747,0.71005255,8.444745,0.6295774,-0.29570082,-7.5338635,3.2357988,-1.8125786,-7.8680754,-0.54532933,0.33513957,-0.8605937,0.7952492,-0.41566396,4.1522264,0.5072007,-1.478042,0.86809695,-0.5559338,0.3439789,2.240272,0.39565986,-0.38837916,-0.15402001,-0.31299293,0.81289357,1.2951413,-1.8319257,2.404587,-0.9825356,-0.4627768,1.3592902,1.0,0.8775182,0.89086246,0.98637104,0.86104125,0.6998931,0.74397904,0.87349725,0.87382066,0.7667642,0.81871897,0.8939601,4.436216,-7.708445,-7.296292,7
0.7778684807256235,0.00057182496,5323.415143811078,2879.152956565233,8731.7138671875,0.1684056967496872,0.0,0.010000000000000439,-745.4819,0.94766843,1.164377,-8.896231,1.7825671,1.1752987,1.864205,0.22436173,1.1005638,9.532156,0.29707292,-0.8651221,-5.916611,1.368118,-2.20398,-3.8134356,-0.6240811,-0.5277089,0.86337376,0.7943174,-0.8625637,4.734193,-0.6649505,-1.4279653,1.8588798,-0.09231433,0.7801601,1.5817995,0.35163313,0.2157324,0.06294316,0.0848516,1.1316172,1.2475886,-0.036520466,2.230209,-1.1294516,0.36418366,1.0704038,1.0,0.86852306,0.8910842,0.94664186,0.8460238,0.7704998,0.8297551,0.8444986,0.79901004,0.7333003,0.7975296,0.8710379,4.4001427,-7.680183,-7.120576,7
0.7894784580498866,0.0005544368,5235.092664451213,2911.232411326506,8699.4140625,0.14759822189807892,0.0,0.01000000000061386,-745.65076,3.2664123,2.3858898,-3.074247,1.7379333,0.12764831,4.5663815,0.48213315,0.48823124,10.243101,-0.15789081,-0.9700868,-5.0661592,-0.9977409,-2.2050056,-1.717581,-0.7015063,-0.9177456,-0.8640349,0.57026386,-0.5144203,2.0708952,-1.7486149,-0.90523076,1.182142,0.5710566,0.6857623,0.79424596,0.5088524,0.5283211,2.2799182,0.4004231,0.5425557,6.5317516,1.5913659,1.3721358,1.866922,0.76258516,0.28759876,1.0,0.8175232,0.8562638,0.85503536,0.7874823,0.8082412,0.8820897,0.8530812,0.7509228,0.66935176,0.7225774,0.83337575,4.6291127,-7.4747715,-7.086752,7
0.8010884353741496,0.00054183014,5092.11844327093,2993.630129900075,8710.1806640625,0.20546415448188782,0.0,0.010000000208892744,-746.5138,7.969687,5.249981,4.639188,1.7642329,-0.5683713,9.333147,-0.18265712,-0.9656553,9.520814,-0.9601244,-0.7678913,-5.6976385,-2.506045,-1.5882534,-3.5213966,-0.8470341,-0.6666887,-3.354183,-0.62198967,-0.6618411,-2.5398645,-2.7865853,-0.73351014,0.5331227,-0.073764466,-0.614522,0.43281087,0.39161026,0.21198371,5.0679216,0.9236466,0.017769564,11.529669,3.305457,1.0363922,5.474513,1.2651588,0.0015888578,1.0,0.7789279,0.84621453,0.8015639,0.7557524,0.8088721,0.8588811,0.92607814,0.8281338,0.6358653,0.6724151,0.8213939,4.9177732,-7.812328,-8.521548,3
0.8126984126984127,0.0005914215,5035.988140118069,3094.9808839413836,8839.3798828125,0.27080392837524414,0.0,0.0100028158258111,-742.52893,17.008184,10.306469,10.534007,0.7024923,-1.9818757,13.093006,-1.4161357,-2.2270458,4.785288,-2.2969701,-1.0275351,-9.84503,-2.5274649,-0.09265755,-10.417295,-1.3967632,-0.26097456,-4.5004187,-2.8650832,-1.8672861,-5.166856,-3.7492676,-0.77410764,3.0353904,-1.9062282,-2.1454468,2.803242,0.47089854,-0.08958962,8.806193,1.5243007,-0.028442627,14.020944,4.4471188,0.6684595,8.536291,2.303135,0.5255784,0.96002984,0.8066809,0.86530024,0.81890607,0.7452188,0.7511624,0.7912875,1.0,0.99385446,0.71364355,0.74139184,0.8848578,4.83549,-8.029214,-8.3840475,3
0.8243083900226758,0.0007186624,5001.035355147871,3032.5722587914333,8817.8466796875,0.3529790937900543,0.0,0.010000802780927255,-730.53625,27.431246,13.202287,7.7481422,-1.7294784,-3.2958586,12.011133,-2.7250698,-2.3890862,2.8779514,-3.678015,-1.3906046,-17.328436,-2.0454786,1.1625099,-14.031975,-1.9607323,0.102875754,-3.257948,-4.7307367,-2.4319758,-8.810908,-4.382971,-0.57029444,7.085498,-3.569334,-2.5757165,6.4976044,0.31603572,-0.42684352,9.010871,1.7528923,0.15510716,17.903706,4.60609,0.14686799,7.7610464,3.1808078,1.0040447,0.921384,0.9699439,0.8748339,0.7173024,0.62419796,0.59016174,0.642866,0.916643,1.0,0.72297233,0.7363733,0.83691293,4.8653417,-8.039368,-8.529551,3
0.8359183673469388,0.0009585814,4940.370339790341,2809.5265121113266,8516.3818359375,0.5590117573738098,0.0,0.010000005216229449,-709.5874,36.755333,11.981396,0.97061414,-4.916363,-3.5637977,7.84328,-4.1396914,-1.6338636,2.8057165,-4.66513,-1.2039975,-26.928902,-1.5324188,1.6236783,-13.071726,-2.0356512,0.32484275,0.01489979,-5.9159994,-2.1412363,-10.842257,-4.573296,-0.32413304,8.065743,-4.5589623,-1.9317186,7.400544,-0.2650501,-0.9102907,4.7159286,1.4556714,0.0053515825,19.800089,4.0878744,-0.35355031,4.3780465,3.8684115,1.3082067,0.822174,1.0,0.8326477,0.5726456,0.45271572,0.41658613,0.44896027,0.67736816,0.7447909,0.5735723,0.5618719,0.6301609,4.9829226,-7.8836102,-8.564041,3
0.8475283446712019,0.001610203,4509.221794754283,2714.359989427769,7827.3193359375,1.282599925994873,0.0,0.018187375734912182,-661.92096,43.075577,6.7438297,4.069732,-7.4657445,-2.6173613,-5.1572294,-5.277387,-0.53082573,-0.7465775,-5.100737,-0.6513263,-26.74933,-0.6167198,1.6522188,-11.132782,-1.4925516,0.42497304,-12.031331,-6.84189,-1.3189484,-18.629997,-4.929369,-0.3723451,-8.228706,-5.133677,-0.6382732,2.4665332,-1.2621504,-1.2816149,8.096371,0.4767478,-0.689328,31.757576,2.999904,-1.2757956,10.071518,4.409237,1.1220821,0.5840522,0.741078,0.73354566,0.5521083,0.33985603,0.33221695,0.46408936,0.8756574,1.0,0.61465335,0.43138188,0.42854372,4.8742776,-7.8924265,-8.581684,3
0.8591383219954648,0.005955265,4420.9594342254995,2765.733824857785,7558.154296875,6.759557247161865,0.0,0.015085587297504338,-575.3035,44.855885,-0.9113464,-9.518475,-8.758447,-1.0140158,-14.175056,-5.936989,0.32327992,-12.9213505,-5.086697,-0.02279895,-15.982227,0.97180057,1.4997021,-15.025296,-0.3471632,0.68221337,-34.62934,-7.4904904,-0.075091876,-26.539307,-5.7611427,-0.61499023,-25.23953,-5.4193106,0.8715084,3.8208525,-2.517394,-1.2818284,14.481678,-0.94984144,-1.5567435,36.891754,1.1511623,-2.5556948,23.336565,4.4987683,0.16122392,0.26695722,0.25156397,0.35248935,0.3589749,0.15057194,0.18582946,0.32792842,0.74746007,1.0,0.4126189,0.23979846,0.21608618,5.8072953,-4.917936,-6.153199,6
0.8707482993197279,0.013217221,4759.657584438151,2867.880389662409,8085.7177734375,10.846924781799316,0.0,0.01010197459374499,-512.3054,41.383564,-8.854205,-27.329659,-8.744332,0.45686123,-16.398142,-5.8448567,0.7635329,-22.63614,-4.7576284,0.9685319,-13.614925,2.9739413,1.289786,-18.774334,0.6918343,1.1786983,-41.56395,-7.314266,1.5622547,-30.088804,-6.269551,-0.50572497,-28.74155,-5.0508466,2.0605984,1.8861938,-3.9326537,-1.2793623,16.713348,-2.3280346,-2.2597036,36.0102,-1.3250059,-3.3663676,29.221493,3.9028296,-1.4615554,0.26119703,0.20872606,0.33473498,0.36603248,0.14627841,0.17940253,0.30078933,0.69582444,1.0,0.38035816,0.22049688,0.21434961,5.649031,-4.6521816,-6.0713325,6
0.8823582766439909,0.020194663,5080.330360449971,2924.2092652687393,8580.9814453125,10.909897804260254,0.0,0.010000127845232541,-470.74356,33.29187,-14.212791,-41.897213,-7.9277244,1.8518848,-20.304398,-5.168917,0.83596385,-25.856686,-3.9235668,1.823059,-16.690655,4.882697,1.2245175,-19.233442,1.4186866,1.4436579,-43.688896,-5.852794,2.9559655,-32.725845,-5.6392765,0.6002441,-27.280277,-3.602445,2.4328046,-3.7725804,-5.1488976,-1.3404887,12.771803,-3.1633928,-1.9301467,34.5906,-4.020687,-3.4230993,34.105106,1.8702074,-3.3623786,0.28588837,0.25307107,0.4083327,0.42297864,0.1977351,0.2085959,0.30305538,0.6800511,1.0,0.3901608,0.22277386,0.23210435,5.5684714,-4.4993906,-6.0161033,6
0.893968253968254,0.024289355,5296.538939768152,3004.7774114042427,8957.8125,9.30748176574707,0.0,0.010000078102280324,-446.90555,21.847311,-14.461231,-47.86239,-6.9870067,2.768569,-25.070383,-4.448248,0.17960896,-27.31995,-2.5882065,1.8655266,-14.40764,6.0470796,1.6143643,-16.437988,2.6477597,1.6835519,-48.77711,-2.7902393,3.0947504,-41.247948,-3.3441706,2.2408323,-27.495441,-1.2841098,1.526476,-10.366951,-6.289477,-1.4608526,2.9522555,-3.4812074,-0.094980165,27.774822,-6.757031,-2.3205583,36.966602,-2.0107954,-4.6135573,0.37881255,0.3480631,0.52402127,0.5131259,0.3026126,0.28617814,0.364039,0.71234393,1.0,0.40720767,0.24226962,0.32054177,5.433611,-4.3529716,-5.8657203,6
0.905578231292517,0.025520584,5419.395443274493,3112.0654156540973,9410.009765625,10.878190040588379,0.0,0.0100000470079773,-439.2395,9.826189,-10.293066,-49.85103,-5.37132,1.7385483,-31.266624,-4.584829,-0.38588378,-29.063148,-0.78886056,1.3576177,-5.8613424,6.48973,1.5678489,-8.828987,4.380886,1.5022964,-53.483353,0.3854051,2.489449,-53.44972,-0.15331437,3.9595733,-29.517345,0.6502266,0.93626136,-16.577606,-7.2584944,-0.719535,-7.0796485,-2.8165,2.0340989,15.426629,-7.948506,-0.7848986,34.462624,-6.0777225,-4.4452066,0.5859717,0.4814188,0.685219,0.6619067,0.48755664,0.41311422,0.47614643,0.7903986,1.0,0.43317193,0.3732744,0.6342749,5.2041254,-4.209217,-5.7165,6
0.9171882086167801,0.026100488,5508.505781114455,3200.891305707125,9646.875,11.203927040100098,0.0,0.010000027850262286,-446.19144,0.8050913,-6.7769,-51.23987,-4.093773,0.32796532,-34.840378,-4.9619436,-0.32811522,-28.064304,0.824606,1.1944363,5.486278,6.845143,0.20910543,-3.1318755,5.6241336,0.9227854,-52.210472,2.1356237,2.1304247,-58.04296,3.3062944,5.066049,-30.346329,1.8282809,1.2557437,-26.19349,-7.189948,0.3219937,-14.063438,-0.83934885,3.51332,3.875378,-7.5029984,1.118742,27.60038,-8.80096,-3.2161405,0.7168735,0.5397434,0.7483182,0.72312313,0.62974524,0.48252088,0.50184983,0.7062858,0.7799233,0.37415677,0.5878057,1.0,4.960911,-4.261395,-5.444147,6
0.9287981859410431,0.026509957,5531.08395088267,3219.5218340128295,9636.1083984375,8.986166000366211,0.0,0.010000016226422838,-456.3885,-6.1357317,-4.6979504,-51.16359,-3.366801,-0.38349012,-36.71427,-4.6033335,0.20997995,-26.317638,2.2438464,1.4526172,17.272587,6.477602,-1.5858107,-1.4743472,5.6730947,-0.15123639,-46.412357,3.0372863,1.1428759,-49.626686,6.505608,4.5152817,-27.555332,2.8522892,1.5207152,-35.075386,-6.2498674,1.3323619,-11.89417,1.9502946,3.7695086,-6.807164,-5.7949634,2.9656107,11.785204,-10.167033,-0.9196561,0.5799043,0.42716017,0.58366185,0.6135279,0.58299434,0.44714984,0.37940317,0.43961242,0.44002405,0.2554604,0.66690266,1.0,4.7990127,-4.371398,-5.33808,6
0.9404081632653061,0.02541811,5385.3704784952715,3101.792412434572,9442.3095703125,7.758459568023682,0.0,0.010000016226422836,-464.33057,-10.209857,-2.7004251,-55.557972,-3.0206952,-0.07436679,-43.014862,-2.9391801,1.619296,-26.006763,4.172098,2.058433,26.757824,3.9511483,-3.60887,7.9980583,3.1589243,-2.6722178,-37.275784,2.8307385,-0.88381284,-32.318974,8.546371,1.7500378,-24.391846,2.695877,0.15212761,-45.462345,-3.8422043,2.990243,-3.9885986,4.2459426,2.342952,-15.965293,-2.4118564,4.447343,-10.705715,-9.140535,2.391602,0.49005857,0.3891331,0.5591703,0.7242956,0.69666964,0.61177593,0.3952029,0.3849038,0.40623382,0.2655319,0.7866131,1.0,4.6087046,-4.6346436,-5.2229977,6
0.9520181405895691,0.023477612,5196.087242373749,2905.506331951632,9054.7119140625,8.479630470275879,0.0,0.010000516719604526,-471.2479,-9.748722,0.8582156,-63.439476,-2.788744,0.4784556,-52.337517,-0.707074,2.794297,-21.809727,5.4804277,1.6595846,29.12906,-0.36314955,-5.223298,18.402622,-1.317051,-5.332118,-29.844318,2.2875493,-1.9994938,-14.517221,9.482507,-1.1746786,-17.89816,2.106109,-1.2483664,-49.93712,0.13003439,4.910459,4.3475504,4.315297,-0.7365353,-16.68047,0.98693204,4.20596,-24.382359,-5.6389847,5.542812,0.42390573,0.42822972,0.64638513,1.0,0.9780429,0.9960228,0.5743373,0.4786668,0.5174483,0.34229815,0.83642495,0.8844947,4.429681,-5.2127666,-5.227324,6
0.9636281179138322,0.021806676,5182.879244848811,2798.3123794818594,8936.279296875,6.416970729827881,0.0,0.01000123296498612,-486.85104,-5.4198303,5.0259314,-68.403625,-2.456181,0.90175074,-56.468307,1.3903712,3.253231,-14.645241,5.7175856,0.4475197,28.331213,-4.3407764,-4.888861,23.30394,-5.038329,-5.786001,-27.43144,1.3010601,-1.9584955,0.4288981,8.159591,-3.4806845,-10.396225,1.2974576,-1.8768058,-49.16748,4.2537394,5.201467,15.115362,2.929323,-3.174809,-10.652965,3.3082004,2.5429614,-29.421791,-1.2950338,6.5673866,0.2677258,0.3163054,0.47303486,0.9076339,0.95325184,1.0,0.5781822,0.38343835,0.41167346,0.2683466,0.46403086,0.40882227,4.4212384,-5.4743333,-5.320292,4
0.9752380952380952,0.019097373,5238.032632165592,2762.804171441201,9022.412109375,2.9689431190490723,0.0,0.01000000928748663,-512.28143,0.22030029,7.9312654,-69.11955,-2.1747434,0.884936,-53.22689,3.1781523,2.6737537,-5.8461165,5.304959,-0.9469381,25.606144,-7.2637925,-3.0813785,19.658241,-7.5280895,-4.062954,-29.692043,0.048956014,-1.2784469,7.703396,5.291238,-4.124118,-4.6185637,0.42116624,-1.6007215,-46.92322,7.197223,3.5792372,24.671583,0.8109996,-3.7423196,-2.4992936,4.68187,0.46258074,-29.61008,2.951724,5.0362606,0.2105207,0.23828015,0.36878487,0.86533636,1.0,0.9609272,0.56507415,0.30222324,0.31861535,0.2075761,0.221736,0.21694855,4.4989896,-5.722385,-5.390127,4
0.9868480725623583,0.014881577,5254.825161525536,2683.90602113261,8570.21484375,4.650789260864258,0.0,0.010000127845232541,-521.2273,5.083953,7.9421277,-67.07057,-1.833908,0.23268998,-37.96811,4.7801023,1.1974238,10.012238,4.3448358,-2.1328416,6.872384,-8.699188,-0.6183165,-8.606694,-9.070874,-0.6550818,-40.69104,-1.1604083,-0.41187406,3.0694947,2.0677848,-3.345536,-18.120716,-0.32846588,-0.8339491,-30.038376,8.680177,0.775665,24.178143,-1.4240644,-2.9654617,14.773917,5.114392,-1.2046082,-14.533918,6.1844583,2.1335955,0.2327024,0.21082135,0.28256896,0.7878673,1.0,0.8351243,0.5543417,0.36524633,0.4143619,0.32369855,0.18101054,0.18722072,5.096159,-6.2335157,-5.918655,4
0.9984580498866213,0.017039776,5236.986613267516,2532.12791878927,8021.1181640625,13.767091751098633,0.0,0.010000127845232541,-495.61685,8.122582,4.570541,-67.61977,-1.7012116,-0.5718255,-27.907265,5.981763,-0.2576183,11.509717,2.5823998,-2.717094,-16.90829,-8.446813,1.7107285,-38.871403,-9.038075,2.7772212,-38.63093,-2.2181494,-0.13656728,6.1015306,-0.88016516,-2.264914,-22.06221,-1.1029519,0.07881654,-4.893224,8.226775,-2.0747387,5.9097576,-3.553967,-1.7569404,18.574688,4.608231,-1.7407393,6.855239,7.790415,-0.22140282,0.48391655,0.38465017,0.33834195,0.55546325,0.70122623,0.52764714,0.5105835,0.81828773,1.0,0.7339409,0.3483498,0.31109816,5.713313,-5.697585,-6.1058373,4
1.0100680272108844,0.02653863,5245.0741611247295,2503.713724235049,7945.751953125,16.71010398864746,0.0,0.010000016226422836,-459.36087,9.226839,-1.136345,-68.56413,-1.912091,-0.8021833,-22.891098,6.426383,-0.8366635,7.3285613,-0.20560265,-3.1492894,-23.16626,-6.721593,3.6323333,-42.670547,-6.707027,5.340638,-36.86108,-3.563935,-1.006847,-0.6946484,-3.7389312,-1.888153,-21.45977,-1.7976615,0.4913658,6.510521,6.0424743,-4.339497,-2.6409187,-5.8326993,-0.83072263,15.547094,3.4812815,-1.4945167,15.093378,8.46169,-1.2407855,0.49660423,0.40751797,0.3430304,0.33984092,0.34311107,0.3124487,0.3527509,0.80742925,1.0,0.6775826,0.3396919,0.3170225,5.8153234,-5.5227823,-6.114292,6
1.0216780045351475,0.03412607,5281.296603750021,2519.8566040222877,7978.0517578125,14.518187522888184,0.0,0.010000078102280324,-436.0327,8.88325,-5.717182,-72.27324,-2.3370197,-0.5053018,-20.974987,5.3693047,-1.2588226,5.431158,-3.3530943,-3.0080457,-25.857857,-3.6791701,4.5654526,-39.779564,-2.2066622,6.212198,-38.280838,-4.6663857,-1.85805,-4.9458876,-5.632718,-1.6738316,-19.423748,-1.8541485,0.38464358,6.5990868,2.7173772,-5.265548,-3.786735,-7.1141825,-0.0026354769,15.802299,2.057377,-0.9648049,17.370977,7.7807693,-1.7026488,0.5008608,0.42435744,0.3675807,0.3733807,0.31170297,0.2965323,0.32467565,0.81250674,1.0,0.6284242,0.3360551,0.329742,5.816631,-5.3377314,-6.130388,6
1.0332879818594105,0.036842164,5399.885970500419,2527.7380556476314,7999.5849609375,12.725820541381836,0.0,0.0100000470079773,-432.3939,6.724448,-6.1077485,-76.73596,-2.7756202,-0.08992404,-17.953735,2.9181273,-1.7127007,3.4092522,-5.727498,-1.7368342,-26.112461,0.29780385,3.7285213,-36.80876,3.3111706,4.561825,-41.404976,-4.7413116,-1.4901654,-7.518461,-6.016352,-0.88731843,-18.28196,-1.1130239,-0.46085605,3.991655,-1.5084207,-4.2349067,-5.680254,-6.508096,0.62434185,18.019981,0.44917062,-0.40957448,19.372242,5.256908,-1.8060545,0.48319858,0.42767987,0.39557692,0.43557832,0.31501818,0.28722343,0.29720998,0.8324917,1.0,0.59289473,0.35366765,0.34495428,5.8266754,-5.2008815,-6.1526766,6
1.0448979591836736,0.036672246,5600.515206614608,2537.726547183206,8053.41796875,11.271045684814453,0.0,0.010000027850262286,-443.843,3.1052802,-2.978448,-80.75816,-3.018326,0.05201475,-11.392204,0.5311489,-2.4769502,-1.5823178,-6.364009,-0.6914954,-23.498707,3.666937,2.3509138,-33.849113,7.4760504,2.5830302,-49.2995,-4.4122806,0.62163526,-14.493502,-5.756171,0.7481034,-20.290783,-0.85240644,-0.19077599,-2.3032231,-5.2164087,-2.3545394,-12.431316,-4.498029,0.981415,21.594194,-0.2990295,-0.8013313,24.980984,2.1792266,-2.1391501,0.46044484,0.438384,0.49193758,0.513858,0.30779496,0.2868597,0.29275668,0.88862795,1.0,0.5712841,0.40133503,0.3927339,5.6621966,-4.761301,-6.0813155,6
1.0565079365079366,0.036816355,5807.71583767722,2549.270475203823,8204.150390625,12.963066101074219,0.0,0.010000027850262286,-459.09003,-0.094182335,0.10325299,-82.35997,-3.1522574,0.060085543,-3.1888309,-1.3974642,-2.779519,-16.105997,-6.072473,0.48537835,-16.934229,5.4813833,1.6090287,-22.842875,9.267127,1.6525983,-65.91543,-3.0548587,2.6469953,-30.951565,-4.4061112,1.8431101,-26.185978,-0.23255834,0.8467044,-11.883455,-7.0164557,-0.93366957,-27.194633,-2.6125762,2.2349353,22.566208,-0.4968118,-0.9334202,36.97824,-0.37841183,-3.12698,0.5570195,0.4868949,0.6110613,0.57077825,0.30304325,0.32781222,0.3747839,0.98713,1.0,0.5787868,0.46271312,0.51401544,5.425359,-4.3843374,-5.892275,6
1.0681179138321995,0.037360042,5835.727190944847,2527.423783897389,8171.8505859375,12.993502616882324,0.0,0.010000016226422836,-458.2643,-2.3669524,0.5213494,-84.09564,-2.9191663,0.091129966,-8.263649,-2.645709,-2.0979548,-29.028011,-5.26883,1.798017,-7.6946917,6.5077853,0.66157,-6.7411475,9.865008,0.38011423,-74.29928,-1.1531559,3.5436707,-39.268112,-2.831082,2.6984901,-28.062012,1.1544529,2.1349406,-20.444038,-7.1695743,0.3292386,-33.5812,-0.36050275,3.6390676,20.389172,-0.22994182,-0.009730062,38.334755,-2.9269614,-3.789968,0.7446141,0.57706225,0.6894217,0.5645604,0.36137453,0.4212293,0.50009006,1.0,0.9333403,0.5644028,0.49124733,0.6816206,5.2364187,-4.230272,-5.704517,6
1.0797278911564625,0.03701155,5765.010131206294,2497.3023022142193,8150.3173828125,12.47674560546875,0.0,0.010000047007977299,-446.55783,-4.7198024,-2.042007,-87.32882,-2.3530338,0.38225192,-21.17574,-3.2804394,-0.48268473,-32.02629,-3.7119107,2.762348,0.7234397,6.633231,-0.44948554,5.566724,9.144262,-1.5747839,-67.77761,0.672548,2.9802828,-35.633194,-0.6652551,3.2007506,-27.73636,3.4562693,3.1892562,-29.57901,-6.2657723,1.5890139,-29.387083,2.6258864,4.2405562,15.193083,0.811445,1.5205353,27.865133,-5.5696487,-3.4840403,0.94877243,0.6991598,0.7623204,0.61296993,0.49609852,0.62789655,0.67369574,1.0,0.86441743,0.5023432,0.5060488,0.8454036,4.9974265,-4.184972,-5.4695597,6
1.0913378684807256,0.036507443,5723.210225975068,2486.3275043095914,8171.8505859375,12.878596305847168,0.0,0.01000123296498612,-440.8501,-7.42157,-5.129141,-91.50394,-1.8885133,0.5684727,-31.273445,-3.2585497,1.4621475,-32.325882,-0.6756646,3.6185508,8.802349,5.2590456,-1.9697891,17.08072,6.288696,-4.124708,-57.490906,2.2986908,1.2337883,-31.017738,3.0195696,3.6824238,-23.845728,5.5265346,2.7296963,-38.581863,-4.191153,2.723155,-21.225227,5.944915,3.5572805,10.924761,1.7484435,2.1516223,15.081432,-7.607456,-1.709951,1.0,0.71057945,0.8479347,0.7565165,0.62865204,0.8064462,0.7460933,0.8643596,0.69086117,0.39516413,0.4717548,0.89635485,4.745083,-4.3729234,-5.2355914,6
1.1029478458049886,0.03688779,5741.871452431606,2464.6676077885213,8236.4501953125,14.799631118774414,0.0,0.01000020633903134,-446.47327,-8.643375,-4.489623,-95.294174,-1.5469309,0.697931,-35.300354,-2.332052,2.7833672,-30.86156,3.8172426,4.1921577,15.690378,1.7628548,-4.079304,25.726406,1.3430936,-6.0603733,-48.84015,4.264845,-0.080052204,-26.981413,7.7406363,3.9433525,-14.961653,6.725936,1.0166365,-43.530067,-1.168943,3.5934348,-11.609807,7.3106256,0.4911481,13.467775,0.9777226,0.21094428,3.549471,-7.6426597,1.5400147,0.8577696,0.621175,1.0,0.90740585,0.65961045,0.80064315,0.65880054,0.621117,0.4499654,0.3205037,0.41628414,0.8017082,4.5239286,-4.798034,-5.135991,6
1.1145578231292517,0.03713264,5781.920808905221,2422.449180845875,8257.9833984375,12.526015281677246,0.0,0.010000047007977303,-465.60696,-7.545431,0.77613014,-95.52698,-0.40674946,1.297004,-33.21331,-0.08514302,2.77072,-28.546326,7.096637,3.4402926,19.84185,-1.8928314,-4.7317324,28.726871,-3.7092972,-6.1240354,-45.440548,4.725401,-0.7469721,-23.382381,10.153984,2.747021,-2.4321165,6.09686,-1.3797023,-42.740025,1.7861301,3.6094735,0.19795632,6.7520413,-1.9879724,22.945324,-0.45710313,-2.1418905,-7.438314,-4.986655,4.253927,0.56141925,0.4433261,1.0,0.9001264,0.52783227,0.5861708,0.452599,0.36161238,0.24189818,0.24578674,0.32158753,0.5574012,4.4474316,-5.2579737,-5.121977,6
1.1261678004535147,0.035006654,5695.994909008645,2372.7032365544433,8150.3173828125,8.000761985778809,0.0,0.010000802780927256,-497.52988,-3.9641032,7.022716,-92.63568,1.5186666,2.019066,-28.986286,2.3912508,1.9658556,-23.844154,8.159557,1.5104288,20.444027,-4.866168,-3.890933,23.183083,-7.748056,-4.712376,-46.950703,3.7689922,-0.7187555,-14.878298,10.032717,0.4299701,13.501844,3.652899,-3.9203978,-39.309566,4.6240115,2.948091,13.354682,5.507215,-2.6615927,36.093628,-1.631923,-3.2537115,-17.330303,-1.0104872,5.2824683,0.34863785,0.2866294,0.99323946,1.0,0.45674682,0.38774312,0.28578153,0.19956186,0.14006925,0.18495832,0.24263829,0.358008,4.4868236,-5.6282015,-5.22334,4
1.1377777777777778,0.03012846,5393.223079595258,2285.3266002485575,8021.1181640625,7.321560859680176,0.0,0.010000206339031339,-522.68646,1.5671779,10.411447,-93.67207,3.298401,2.027025,-24.916374,3.9041574,0.8941832,-6.4456944,7.945106,-0.82132447,9.843277,-6.608286,-1.7019985,3.187925,-10.49838,-2.1430259,-48.206413,2.3908255,-0.7647262,8.63928,8.701542,-2.2136288,16.83274,0.47410566,-4.9736977,-29.965181,6.5089097,1.4475831,24.99652,3.8384,-2.54202,36.828533,-2.4279819,-2.574967,-19.434002,2.607753,4.5998425,0.174684,0.1426101,0.81800586,1.0,0.44528732,0.23651327,0.17760858,0.1895579,0.14449006,0.12572579,0.17103569,0.1987216,4.678049,-5.9587317,-5.308353,4
1.1493877551020408,0.02621946,5255.312516435828,2153.2940993385523,7482.7880859375,13.668511390686035,0.0,0.010000802780927253,-508.7488,7.453994,9.315121,-94.72242,4.4411855,1.3536516,-21.289825,4.3299885,-0.032271225,19.179947,6.7658477,-2.819011,-16.265053,-6.9836164,0.9427435,-21.862991,-11.555217,0.73106754,-34.938446,1.1223184,-1.0525246,36.94115,6.489985,-4.355545,15.059492,-2.6007218,-4.074761,-16.371925,6.883909,-0.43126073,11.804785,2.0023794,-1.9238682,11.447112,-2.9128082,-0.38724568,-6.1074343,5.195439,2.636194,0.13213322,0.13759613,0.6838255,1.0,0.53347033,0.25097725,0.24193667,0.44997144,0.4491865,0.19060548,0.17898607,0.16503483,5.041114,-6.223988,-5.4913564,4
1.1609977324263039,0.031213457,5468.206423460902,2210.444946879084,7482.7880859375,21.560134887695312,0.0,0.010000078102280324,-471.1202,11.893494,4.01595,-84.23224,4.9505415,0.5378237,-14.212282,3.885382,-0.72697294,24.322414,4.767498,-3.9942174,-25.05467,-6.1019015,3.0181935,-34.22609,-10.77483,2.9850965,-33.162247,0.15479304,-1.4932284,35.7566,3.5146668,-5.3105817,3.838892,-4.7769275,-1.675993,-8.920868,5.9657493,-1.9791917,7.4535275,0.28152677,-0.9200417,-2.2662466,-2.8899233,2.1711488,11.492014,6.472647,-0.01955158,0.20629448,0.22174485,0.47825935,0.7953417,0.5324724,0.30877852,0.4480927,0.8731711,1.0,0.4223613,0.21718892,0.2079616,5.4501333,-6.176679,-5.7939105,4
1.172607709750567,0.04296981,5599.902167468,2332.9755676140244,7741.1865234375,23.803451538085938,0.0,0.010001232964986121,-437.90915,13.141532,-3.356853,-70.7522,5.2093687,-0.14648607,-7.1823473,3.0001068,-1.2558794,17.334934,2.0873344,-3.853542,-28.398956,-4.3127303,3.667125,-41.99457,-8.331286,3.946987,-35.748608,-0.4977607,-1.5417206,24.8101,0.07845636,-4.331571,-13.533127,-5.2732553,1.3859515,0.7626325,4.3366485,-2.7472801,13.805139,-0.83639634,0.1460279,-1.8529766,-1.9790944,3.7470546,23.227264,6.2550383,-2.416406,0.19459859,0.19447163,0.23776978,0.35304606,0.2861503,0.22646664,0.43905315,0.8612251,1.0,0.452527,0.18243875,0.16541648,5.7310295,-5.885567,-5.9485474,4
1.18421768707483,0.051860962,5531.656645883159,2445.435804580615,7816.552734375,20.876869201660156,0.0,0.010018764509769138,-418.20416,9.742307,-9.112913,-65.56009,5.4456673,-0.7976754,-5.2242184,2.2118022,-1.2918147,13.512945,-0.98238796,-2.1917322,-25.62941,-1.8589257,2.556622,-46.866238,-4.769965,3.4804273,-40.589394,-1.0461621,-0.7383884,18.137402,-2.851599,-1.2767602,-21.330454,-3.590681,3.4980197,3.1882672,2.4589927,-2.3287108,14.04925,-0.74144655,0.8352913,4.7630105,0.20641598,3.1303885,27.168503,4.5483923,-3.4298577,0.2098996,0.19710208,0.22726917,0.30135706,0.24751954,0.22200276,0.44972235,0.8492186,1.0,0.46683607,0.18416406,0.15452705,5.740428,-5.7955422,-5.9805927,4
1.195827664399093,0.053281236,5427.034021467876,2544.455979455529,8010.3515625,17.469762802124023,0.0,0.010052967545965857,-412.9174,2.3386185,-10.170084,-64.45326,5.12142,-1.0656549,-4.9203367,2.01607,-0.46895465,10.800133,-3.4298704,-0.43849143,-21.814442,0.44897166,0.587741,-48.964684,-1.5280472,2.4508693,-45.00583,-1.8908094,0.5180251,12.604998,-3.8257086,1.7515881,-23.03278,-1.3422385,3.8291872,-0.01482439,1.053432,-1.0716358,12.197932,0.6137479,0.3469843,12.159385,3.0054324,0.89846677,27.515656,1.8816336,-2.7775548,0.24659993,0.22567682,0.23360962,0.32799968,0.27464232,0.23925333,0.45405322,0.8086469,1.0,0.46212435,0.18908328,0.15845019,5.8331857,-5.591544,-6.0676413,6
1.207437641723356,0.04854666,5306.898572143312,2656.081656220698,8225.68359375,12.631566047668457,0.0,0.01019107549696831,-420.615,-4.896377,-7.1074963,-62.454216,4.299366,-0.36664623,-6.3549914,2.578169,1.1064118,7.464862,-4.427499,-0.44353592,-19.223005,0.989941,-0.32931504,-48.72477,0.4432427,1.7492416,-48.183277,-2.52398,0.06822252,7.008851,-2.8559165,1.8995148,-20.455307,0.49533027,1.9825504,-3.5852065,0.022392677,-0.37049335,10.261967,0.66507685,0.052652817,16.90494,4.752828,0.22876866,25.381996,-0.103372,-1.2341901,0.29174834,0.26429474,0.24510579,0.39353547,0.31890157,0.27209952,0.44374233,0.73286456,1.0,0.44183424,0.19649309,0.17520282,5.8234243,-5.7583084,-6.2083325,4
1.2190476190476192,0.042306416,5156.197553294673,2785.360360270897,8279.5166015625,11.916619300842285,0.0,0.011085791888943373,-438.10522,-8.430211,-1.8562895,-57.71116,3.597763,0.13124463,-8.337481,3.0692244,1.6417836,3.92522,-5.3035455,-1.3290467,-19.528835,0.6169724,-0.87560534,-46.140816,2.1305883,1.3807385,-47.543987,-3.0882626,-0.7140504,4.0942454,-2.4544034,0.3920727,-12.29248,1.3716662,-0.5281252,-5.2506566,-1.5543061,-0.5334286,10.014147,-0.9264617,-0.87656564,19.236456,5.584975,0.6251033,22.152603,-0.44151205,0.48366714,0.30157906,0.27622148,0.24519919,0.47011355,0.3386802,0.2828357,0.39088643,0.5999011,1.0,0.40723145,0.18501163,0.17822596,5.762869,-5.838812,-6.2221622,4
1.230657596371882,0.03855502,5076.4335876924615,2870.7003000083378,8376.416015625,13.105856895446777,0.0,0.0229442191246386,-461.0351,-7.79111,3.4872015,-52.209255,3.0168772,-0.4467266,-5.9477487,2.5019257,0.1468212,0.3220076,-6.178914,-1.3393173,-20.154734,0.35596016,-0.35806304,-41.161316,3.542392,1.118841,-44.61987,-3.439991,-1.1017702,7.9256234,-3.1568537,-1.1935045,-1.9914814,0.4735071,-2.3964963,-3.8947072,-2.8937926,-1.3284622,14.215382,-2.5089805,-2.0525155,20.994081,5.3964224,0.47060823,19.579765,0.122265816,1.3752389,0.24168138,0.22308525,0.21857573,0.49524808,0.30745506,0.23834075,0.31819737,0.4655088,1.0,0.38003483,0.15547185,0.15146244,5.835751,-5.669558,-6.2537026,6
1.242267573696145,0.038349226,5252.8724607290715,2940.0868328419774,8742.48046875,11.970002174377441,0.0,0.034897428019625254,-480.53262,-3.9263,7.182395,-49.215343,2.2053645,-1.2933797,3.613084,1.1293429,-1.8507167,-6.0509253,-5.9388137,-0.02986549,-19.242092,0.84057105,0.72533435,-37.044525,4.5732145,0.84660447,-46.91121,-3.4261072,-0.67282945,13.568819,-3.6877778,-1.7188537,-1.540415,-1.2643791,-3.0967996,0.35994714,-4.2220225,-2.1740477,18.781929,-3.447359,-2.0859141,25.503155,4.4692163,-0.46630108,17.035213,0.79401845,1.3496859,0.17097634,0.15474525,0.192352,0.48085055,0.27333862,0.17575695,0.25937754,0.38643622,1.0,0.4115374,0.20584652,0.14513578,5.7999763,-5.4167433,-6.2030516,6
1.253877551020408,0.040104028,5496.52154312187,2968.761774054717,8720.947265625,12.495307922363281,0.0,0.018187375734912182,-484.88583,1.6504923,8.174997,-44.255333,1.1387072,-1.6582538,17.579733,-0.7509817,-3.4451804,-16.236479,-4.7119837,1.6650575,-20.381943,1.8904656,1.5892261,-34.84841,5.5305595,0.8355423,-60.000217,-3.0578895,0.36621797,8.582392,-3.8694034,-1.2332329,-10.080249,-2.5967116,-1.9947078,-3.4325185,-5.6007576,-2.3110793,14.159967,-3.4878528,-0.7997163,38.62427,3.1355686,-1.7643459,19.720604,1.0754939,0.46112502,0.13011958,0.12247594,0.19100854,0.45655057,0.24672483,0.13865703,0.23882344,0.42630073,1.0,0.46150154,0.30011415,0.16987419,5.748198,-5.2525,-6.248405,6
1.2654875283446712,0.041411784,5577.474172629596,2948.133595604535,8354.8828125,16.31101417541504,0.0,0.011085791888943373,-470.43842,6.783177,5.944326,-42.94452,-0.28970203,-1.6757536,17.384533,-2.9225726,-3.9215279,-29.694935,-2.9008152,2.971269,-24.133213,3.297526,1.9368721,-26.90006,6.470012,0.9968628,-67.45259,-2.259207,1.7568614,-5.5507956,-3.7291586,0.16199839,-16.757927,-3.004211,0.3836604,-17.69638,-6.7585554,-1.468413,-4.4551773,-2.9808376,1.0389484,48.83153,1.650843,-2.6687722,28.881287,0.5799797,-0.9775186,0.1595125,0.17829798,0.23968966,0.44443494,0.24785209,0.17978677,0.29361665,0.54224956,1.0,0.49440846,0.36117154,0.22025356,5.5776234,-4.629032,-6.0413504,6
1.2770975056689342,0.040710054,5554.242762881993,2924.5396500276565,8279.5166015625,13.784927368164062,0.0,0.010026724673810772,-449.18777,9.355393,1.0574442,-47.661884,-2.0573041,-1.7342162,0.6210126,-5.090415,-2.7930202,-34.454758,-0.8740876,3.33673,-18.043146,4.71806,1.8521689,-19.491076,7.407313,1.1300355,-69.60391,-0.84482116,2.7901103,-18.753971,-2.999199,2.160521,-26.809532,-2.0625675,2.7649407,-28.436451,-7.2681336,0.19699962,-15.236572,-2.2107918,2.5995305,45.778893,0.1304402,-2.6627924,32.08831,-0.8228792,-2.424217,0.25678778,0.28747588,0.31716928,0.44597566,0.2948246,0.33933297,0.43782702,0.7136821,1.0,0.5197005,0.39425343,0.28535834,5.3757086,-4.3020897,-5.8531938,6
1.2887074829931973,0.03854628,5494.9519739200505,2874.1563745787607,8559.4482421875,14.16299819946289,0.0,0.010000516719604524,-428.25302,7.990298,-4.5960608,-51.838844,-3.821047,-1.7268378,-11.955072,-6.577272,-0.3200979,-25.892662,1.4392356,2.8090687,-7.7317796,5.734431,1.1746262,-13.490341,8.075503,0.70314664,-66.53257,0.7079159,2.2333524,-18.731224,-1.5647581,3.3285801,-32.977882,0.5075489,3.988017,-38.59941,-6.9973927,1.7548388,-13.140034,-0.65589947,3.339619,38.337082,-0.8419754,-1.1413109,30.996645,-2.5935965,-2.996327,0.40538132,0.422657,0.42701533,0.5030127,0.48213542,0.7070283,0.694685,0.94487214,1.0,0.52246517,0.39729452,0.3527452,5.2017436,-4.246984,-5.652859,6
1.3003174603174603,0.0381635,5387.532093450063,2798.1656975194637,8688.6474609375,17.002758026123047,0.0,0.010073751764282884,-411.69397,2.8404953,-8.552138,-53.619236,-5.7639804,-1.6619663,-21.633766,-6.6253557,2.2386572,-17.552095,4.315262,2.1549785,0.45317274,6.2044263,-0.12067146,-3.6254687,7.785388,-0.51622576,-62.182816,1.5184917,0.085818134,-15.793396,1.1935925,3.330597,-27.678528,3.9861374,4.100725,-45.80005,-5.839155,2.0796578,-4.1549354,2.0780177,2.9561553,31.3885,-1.1076028,1.2131057,25.665583,-4.5545163,-2.3416774,0.4386281,0.43924698,0.5500223,0.5869752,0.6729123,1.0,0.7707346,0.8559462,0.72573805,0.37295964,0.29036328,0.32256553,4.9256415,-4.277085,-5.4042025,6
1.3119274376417234,0.043174244,5358.886445467344,2693.2016274586663,8688.6474609375,23.720834732055664,0.0,0.010259050559778863,-408.42773,-3.2003112,-8.391431,-58.835815,-7.4747405,-1.7556789,-28.387798,-4.411542,3.5240936,-11.705992,7.2658873,1.7088252,8.138268,5.695379,-1.6111387,7.141055,6.0189023,-2.039454,-56.04828,0.68759364,-1.9558016,-11.069757,4.645032,2.7490644,-18.189306,6.730019,2.964408,-49.46932,-4.0629497,1.6334269,2.3894386,5.0185847,1.5732646,27.99767,-1.2550092,1.7246271,16.215294,-6.064657,-0.80495024,0.3692474,0.38335773,0.73066336,0.6368584,0.722748,1.0,0.6380027,0.59427446,0.44365627,0.24087198,0.2170489,0.28114024,4.7004013,-4.462793,-5.1674733,6
1.3235374149659864,0.053124733,5364.159761710107,2556.557047272452,8484.08203125,28.281715393066406,0.0,0.010824463728234167,-421.92514,-7.7926626,-5.0161266,-68.94793,-8.378486,-1.3509488,-31.361664,-1.5103226,2.993757,-8.840766,8.617235,1.1478671,15.562979,4.12,-2.1571157,17.845291,3.8142269,-3.1691675,-49.57809,-0.3831511,-2.4117763,-3.1004262,7.311465,1.9409881,-7.5891953,7.757318,0.19001918,-49.135242,-2.5417652,1.273928,4.6765366,6.653422,0.68382746,27.321297,-1.2927812,0.36000663,4.3501883,-6.2259464,0.70003754,0.28071746,0.34330204,1.0,0.67322546,0.68253917,0.84254414,0.45751604,0.3845976,0.28575003,0.19618955,0.18472162,0.25109512,4.53172,-4.9218698,-5.1326685,6
1.3351473922902495,0.06354881,5260.1510668452265,2347.7876356681577,7881.15234375,26.523221969604492,0.0,0.010191075496968311,-448.27747,-10.907674,-1.0859834,-78.576614,-8.387286,0.047589332,-29.890087,0.75854546,2.1840968,-3.2293134,8.437441,0.47601998,19.055855,2.2338295,-2.1248899,23.580791,1.4221891,-3.5192466,-51.666496,-0.92365474,-1.2166184,0.8788995,8.824201,1.5409787,5.137467,6.6637564,-2.6373055,-50.096535,-1.128615,0.98990804,9.863293,7.0074973,0.37095892,35.365284,-2.0431406,-1.6176345,-2.4022424,-5.202013,1.9625453,0.13907559,0.22170745,1.0,0.66510063,0.46605274,0.4610701,0.2212801,0.1751357,0.13352662,0.12805645,0.11797723,0.15054482,4.4839563,-5.503199,-5.0865316,4
1.3467573696145125,0.07006483,5054.037941322413,2090.162363181852,7256.689453125,26.201034545898438,0.0,0.010001873046012551,-477.48676,-12.776836,1.4869078,-91.5987,-6.740423,2.4884307,-26.245117,2.6804168,1.4652828,12.28957,7.5876184,-0.83957696,19.522076,0.5499622,-1.820781,20.245735,-1.3925236,-3.1361034,-61.696396,-0.77134156,0.60273427,11.921869,9.483038,0.6531652,19.982954,3.6165693,-4.489081,-53.65286,0.2673561,1.1404028,20.752457,6.7599726,0.079252966,43.923565,-3.905869,-3.3914587,-7.570092,-2.8668694,3.0343683,0.07267084,0.16124281,1.0,0.82704717,0.46818846,0.38958988,0.21079966,0.1237556,0.06540382,0.09181891,0.089774676,0.09334872,4.544737,-5.696901,-5.1445155,4
1.3583673469387756,0.071015365,5038.303518358685,1947.9468889895231,6869.091796875,28.440509796142578,0.0,0.010001873046012553,-484.64883,-13.564783,1.6097122,-104.91196,-2.985842,5.0456724,-17.239517,4.2436986,0.96363604,30.725624,6.1118374,-2.4548306,15.952284,-0.81128997,-1.1585767,9.6776085,-4.269707,-2.4395223,-73.65354,-0.010488573,2.2990057,28.1395,8.920594,-0.8693691,25.01799,-0.38119775,-5.324544,-53.145958,2.1121924,1.9676434,30.122288,6.131192,-0.84845555,33.90059,-6.6630287,-4.196211,-10.316477,0.37808433,3.6342435,0.060279932,0.14654687,0.95815235,1.0,0.59959275,0.494178,0.36675525,0.32950777,0.09782022,0.07916694,0.09274175,0.0762778,4.74073,-5.984667,-5.2074337,4
1.3699773242630386,0.06741786,5138.6631628142495,1902.9881337742197,6416.89453125,24.681062698364258,0.0,0.010000802780927255,-480.92203,-13.611981,-0.15141104,-109.609406,1.8462313,6.364968,-15.389244,5.362182,0.70422167,35.30005,4.001999,-3.7048435,13.729956,-1.5804453,-0.254386,4.3008304,-6.4610333,-1.352219,-71.349106,1.4713674,3.210738,38.92016,7.147431,-2.5625505,16.390902,-4.1980004,-4.622633,-51.56981,4.378055,2.893478,37.795853,4.451046,-2.4931648,21.605108,-8.865872,-2.918678,-9.04382,3.389908,3.242167,0.06330196,0.1234933,0.7429246,1.0,0.6957644,0.5840994,0.53144294,0.6517578,0.2180445,0.07279991,0.093618594,0.07474527,4.850112,-6.161047,-5.3512177,4
1.3815873015873017,0.060053017,5267.879340029198,1879.096747716664,6470.7275390625,17.378559112548828,0.0,0.010001873046012551,-487.94614,-13.646696,-2.3224118,-106.95474,6.6189694,6.053786,-12.11356,5.772086,0.37920693,34.53145,1.4163433,-3.6289372,10.921295,-1.7196201,0.36857024,0.029382765,-7.0376005,0.051957153,-61.680466,3.4399207,2.5200293,49.236412,4.5123477,-4.068305,5.4297028,-6.815851,-2.1921382,-48.233593,6.4402895,2.6671338,42.62393,1.9960897,-3.3590202,7.925489,-9.66468,0.29034185,-4.7555404,5.241775,2.0290859,0.06284197,0.09465326,0.45610574,0.8268812,0.7070088,0.6099257,0.643379,1.0,0.44520167,0.08363765,0.082847364,0.07127746,5.202604,-6.320294,-5.547065,4
1.3931972789115645,0.049426317,5396.411778497079,1891.7397270354588,6513.7939453125,11.548644065856934,0.0,0.010001873046012551,-505.11642,-14.542471,-3.3133905,-91.72182,10.973878,4.2661963,-4.7820444,5.3972,-0.26207745,31.02496,-1.1121947,-2.0327122,8.30774,-1.6997604,0.39842516,-8.931542,-6.013633,1.2793752,-53.14653,5.223005,0.8393026,53.397102,1.0063614,-4.328418,-8.104424,-7.7262297,0.8861137,-40.736862,7.81572,1.3939009,45.444378,-0.49896234,-2.9472766,-8.921132,-8.403251,3.4250715,7.0662313,5.871303,0.11466141,0.04999621,0.0576725,0.15899251,0.3955269,0.452797,0.42665115,0.532429,1.0,0.59320813,0.095396,0.049736902,0.04937521,5.5070577,-6.353713,-5.7794027,4
1.4048072562358276,0.037423838,5465.654128196606,1972.9095733634272,6546.09375,6.549676895141602,0.0,0.010001873046012551,-528.81287,-11.795024,2.4023368,-67.85129,13.26108,1.0089006,3.730732,4.8220153,-0.5757946,25.439278,-3.3119192,-0.7617544,6.9256577,-2.7965713,-1.0187653,-21.059998,-5.7119412,0.7375977,-46.109116,5.53105,-1.1942989,49.437675,-2.7640283,-3.7756789,-22.768955,-6.359672,3.2048423,-25.53745,7.9970274,-0.2736086,43.140274,-1.993859,-1.5546099,-25.466427,-4.114759,5.685366,21.394608,5.470942,-1.6160072,0.06366081,0.059143856,0.08531819,0.15207255,0.24497753,0.3247012,0.5071662,1.0,0.8026104,0.14062701,0.04139575,0.0438325,5.645243,-6.32311,-5.916669,4
1.4164172335600906,0.026423266,5470.5765320050405,2134.2648434403845,6718.359375,4.230299949645996,0.0,0.02031762855636058,-551.06415,-4.2353034,10.610791,-48.7262,12.413364,-2.7408397,11.842428,4.79028,-0.7846598,19.368624,-4.6005583,-0.65308607,7.818863,-4.7779984,-2.4823325,-28.588924,-5.57104,0.59574366,-38.943817,3.9213035,-2.3429964,41.680107,-5.618875,-2.6449578,-30.688622,-3.9888737,3.5984938,-9.569816,6.976768,-2.1501515,31.01312,-2.9986277,-0.27145016,-27.12688,0.6038205,6.2932825,28.642776,4.3768735,-2.458242,0.107958846,0.08621126,0.099658854,0.13375388,0.11800814,0.32739565,0.6078475,0.9205676,1.0,0.20336813,0.06094738,0.06910481,5.70684,-6.260132,-5.94573,4
1.4280272108843537,0.016892388,5383.333610059821,2292.9444037181584,7084.423828125,1.146109700202942,0.0,0.4260623290432809,-569.66425,6.372913,15.46463,-34.448677,9.232027,-5.473087,14.988625,4.170823,-0.97948515,16.418491,-5.131139,-0.4857897,7.907829,-6.7370343,-3.052328,-26.680328,-4.773767,0.85376704,-35.45498,1.6510388,-2.6532233,31.977116,-7.6522665,-1.1768677,-29.079315,-1.4390948,3.0785193,-3.0669665,4.9206743,-3.491046,23.688015,-3.3771064,0.70365906,-19.002005,4.755571,4.9143133,29.181675,2.7518938,-2.4298785,0.1685495,0.12983975,0.13056895,0.16100134,0.121752,0.4370194,0.7879255,0.77868706,1.0,0.24509178,0.09648758,0.11071582,5.7371535,-6.0111275,-6.060682,4
1.4396371882086167,0.008364933,5217.405789406621,2441.673342725816,7439.7216796875,0.608805239200592,0.0,0.010018764509769141,-586.5745,17.50183,15.315692,-20.055462,4.7886815,-5.965538,12.964867,2.486801,-1.4733953,16.575754,-5.4944286,-0.5093122,4.013467,-8.061989,-2.2363164,-20.97308,-2.8922296,1.365228,-32.095726,-0.46674088,-2.4740872,22.708788,-9.050125,-0.48184094,-24.748087,0.9434132,1.8962463,-0.6503315,2.2061188,-3.6546845,21.356007,-3.5431473,0.8490413,-9.734275,7.7804365,2.1179101,25.495007,1.3739461,-1.0446504,0.25450924,0.20553148,0.20352767,0.22381009,0.18811671,0.60150284,1.0,0.9244101,0.9336787,0.28658527,0.18529631,0.19118151,5.7615376,-5.911441,-6.1929135,4
1.4512471655328798,0.011199161,5394.2759282132865,2834.7769445801628,8925.5126953125,11.343055725097656,0.0,0.010259050559778861,-529.98883,26.560223,10.245668,-20.163158,0.4388439,-4.635546,16.117918,0.15690568,-2.1454628,7.06062,-5.944679,-0.68656325,-17.079967,-8.406169,-0.22458558,-38.77688,-0.2694821,2.211196,-36.791245,-2.060304,-1.6704901,10.396502,-10.25701,-0.7875849,-16.622288,2.4816945,0.38266385,-1.755228,-0.4858995,-2.4897404,25.62006,-3.3204596,0.29005316,13.698927,8.8933325,-0.96993744,23.48079,0.731717,0.5283704,0.17655511,0.22096415,0.27040705,0.40264353,0.221051,0.25144425,0.44602448,0.9521609,1.0,0.43369192,0.2726529,0.1707425,5.80997,-5.6057115,-6.2594085,6
1.4628571428571429,0.028851142,5526.197887259502,2879.6845649328898,9097.7783203125,26.683074951171875,0.0,0.010467533617069905,-461.97766,31.407478,1.9292884,-32.686462,-2.804088,-2.7182233,23.603418,-2.1597967,-2.55888,-3.6254058,-6.2214384,-0.42564318,-35.03748,-7.314773,2.5285354,-42.734222,2.535667,3.445503,-44.385406,-2.9585261,-0.40919375,3.4762654,-11.124989,-1.0304861,-17.003792,2.9037142,-0.53241676,-7.4379487,-2.6077526,-1.2109221,22.476593,-2.8605866,-0.5862637,25.122803,7.916721,-2.7493122,24.270884,1.017563,1.2526442,0.15743387,0.21125151,0.25353926,0.39796916,0.21827352,0.20808713,0.34134752,0.7926747,1.0,0.4354562,0.27082443,0.14857988,5.7915645,-5.2385287,-6.2339892,6
1.474467120181406,0.048741102,5583.950382274757,2853.372137106805,9000.87890625,30.573780059814453,0.0,0.010002815825811102,-415.24094,31.212408,-6.8463306,-43.762596,-4.775665,-0.5948795,22.685486,-4.1301575,-2.7308605,-6.5603156,-6.1314063,0.4471942,-44.671143,-4.3652067,5.103482,-39.27063,5.551262,4.6812778,-49.856686,-2.8874772,0.86381096,-3.8435378,-11.171058,-0.48202243,-14.040661,2.5877724,-0.60864353,-13.518649,-4.2948546,-0.9756875,20.367561,-3.1837409,-0.99146265,29.795273,5.6367903,-3.436563,23.36323,1.4444233,0.8218475,0.17630805,0.2377576,0.30134428,0.41666302,0.26163173,0.26799715,0.34223273,0.73349404,1.0,0.4294049,0.27887192,0.16648722,5.6596265,-5.0540066,-6.2860374,6
1.486077097505669,0.0625782,5564.4770440053035,2811.3872948731914,8903.9794921875,25.9936580657959,0.0,0.010000516719604524,-382.23004,25.574308,-12.889324,-49.549362,-5.4835052,1.2248213,12.141085,-5.9768896,-2.5236533,-13.55529,-5.4741793,1.35522,-46.249374,-0.11190748,6.054022,-28.560226,8.696456,4.4098816,-54.282104,-2.0211933,1.8735852,-17.89679,-10.158372,0.92045903,-10.456119,2.3016193,-0.20927389,-18.053051,-5.6479154,-1.0024657,13.161956,-3.7853177,-0.6610288,32.039066,2.749334,-3.3339741,29.810123,1.250623,-0.47867987,0.24592106,0.34258935,0.41080087,0.48050553,0.3603343,0.36716354,0.40282768,0.7468848,1.0,0.43159208,0.29431027,0.20363796,5.6183853,-4.7626834,-6.1736236,6
1.497687074829932,0.066719465,5520.298940814236,2780.955444994609,8914.74609375,22.688783645629883,0.0,0.01000012784523254,-365.39597,13.673552,-12.917685,-52.836548,-4.942649,1.3830472,-0.6477437,-7.767033,-1.3644022,-22.498272,-3.9968433,1.5626312,-42.56348,4.7105417,4.767906,-13.388316,11.95222,1.9963181,-55.236687,-0.23343723,2.1659615,-37.01635,-7.9539294,2.6958475,-10.173317,2.4057899,0.5002479,-19.540771,-6.0927672,-0.59518564,8.101834,-4.2735496,0.0992985,30.446186,-0.28134015,-2.0745416,34.710106,0.022983838,-1.9124929,0.41999376,0.5541239,0.58722067,0.61938035,0.5192319,0.55343926,0.5505625,0.8166111,1.0,0.45778158,0.32731584,0.2660415,5.450716,-4.3140497,-5.9447565,6
1.509297052154195,0.063775934,5488.216430314898,2734.848703374171,8914.74609375,19.42453384399414,0.0,0.01000032860450166,-364.0124,1.0324641,-11.553187,-56.349808,-3.576159,0.9154049,-10.057247,-8.403585,0.5753732,-26.29462,-2.3409514,1.7641433,-32.020035,8.010713,2.5756488,3.3940804,12.920301,-0.15780005,-54.125877,1.5148509,1.7975999,-49.58683,-5.253187,4.2828293,-9.103797,3.3891687,0.9808246,-24.688534,-5.380655,0.38400492,5.204106,-3.8258867,0.665347,29.627033,-1.5132982,-0.82801074,37.63173,-1.7051687,-2.6867368,0.7440823,0.9086234,0.8944196,0.8974056,0.7925126,0.90720224,0.83873034,0.9855462,1.0,0.5335245,0.39317247,0.37663323,5.1846375,-4.158174,-5.64086,6
1.5209070294784581,0.05931403,5422.895697750677,2671.2951033290465,8860.9130859375,17.66737174987793,0.0,0.0100000470079773,-370.63306,-10.597032,-10.894264,-58.310467,-2.0426192,1.0277686,-18.448738,-7.371623,1.9796646,-26.137905,-0.2913337,2.5480363,-15.000416,9.029615,-0.07281398,22.075453,11.856965,-2.2579808,-50.547626,2.8341851,1.1890825,-52.31735,-2.0372012,4.6921754,-6.8573513,4.9885697,2.014059,-37.91459,-3.7933605,1.838202,-0.8664013,-3.1205394,1.0817955,25.926174,-1.1361239,0.7527349,34.746014,-3.5830345,-2.7617955,0.7736194,0.881534,1.0,0.8837455,0.7637307,0.96696615,0.8416575,0.810284,0.6142201,0.4150869,0.30845073,0.3539008,4.909829,-4.240522,-5.3940663,6
1.5325170068027212,0.055513803,5324.973624105427,2605.2391612964193,8731.7138671875,17.93642234802246,0.0,0.010000078102280322,-383.9206,-20.763676,-9.714972,-59.597397,-0.09440962,1.9606348,-28.099846,-5.1529784,2.6519754,-25.318947,3.1943412,3.5516484,-1.260447,7.6940527,-2.7813063,34.299778,8.316333,-4.5680757,-45.881104,3.7729006,0.54380697,-47.80666,1.7665106,3.9480238,-2.4643333,6.789777,2.4815562,-48.11872,-2.2784116,2.6443062,-3.8562381,-2.8343406,0.40594104,19.920456,0.371858,2.2944899,26.288292,-5.744041,-1.988017,0.5557306,0.65569437,1.0,0.67360467,0.5567345,0.7689865,0.6114055,0.5149336,0.32453328,0.29462254,0.21507937,0.26404423,4.5814767,-4.567777,-5.141875,6
1.5441269841269842,0.05203132,5214.417852712018,2540.16839118768,8688.6474609375,20.052406311035156,0.0,0.01000123296498612,-410.2867,-26.344172,-5.6348777,-65.145645,0.8149157,1.5833316,-35.493435,-3.1124036,2.4358444,-23.648247,6.749966,3.7990623,9.852685,5.1260514,-4.310246,44.0693,3.3816113,-6.0856247,-38.864616,4.106023,-0.039151162,-38.290833,6.253204,3.386076,4.630231,7.229729,0.87383956,-48.77932,-1.2248431,2.343939,-6.1271157,-2.0818374,0.58569276,15.918142,1.5478806,2.2333074,14.665697,-6.916738,-0.6027993,0.33605647,0.54691124,1.0,0.4529684,0.3698813,0.5084908,0.37615395,0.30283082,0.1892217,0.21565664,0.15220761,0.18437001,4.4622865,-4.8592176,-5.0707607,6
1.555736961451247,0.04911523,5027.722203946604,2428.861699411688,8161.083984375,16.543766021728516,0.0,0.01001876450976914,-448.05182,-26.246452,1.1079011,-63.899063,0.09140574,-0.37071824,-34.24546,-1.3864919,1.9758253,-19.131992,8.749579,2.6338975,14.845102,2.4797924,-3.7608447,48.2694,-1.683983,-6.0724554,-35.27946,3.9324355,-0.5346848,-30.705883,9.39682,2.4722686,15.005687,5.911965,-1.7661054,-42.075977,0.14398836,1.3827097,-4.289543,-0.170096,1.7847588,20.020487,0.9493851,0.12453858,6.968441,-6.38863,1.4009644,0.18406309,0.52997833,1.0,0.31322232,0.23232539,0.28426033,0.21478462,0.17861056,0.11901618,0.1520608,0.10022464,0.11906898,4.4445615,-5.183455,-5.0968227,6
1.5673469387755101,0.04608129,4704.7703832978705,2150.8881513906417,6847.55859375,9.922802925109863,0.0,0.010191075496968311,-497.40765,-18.751966,10.792571,-56.673164,-0.6761111,-1.5168334,-31.165455,-1.1994921,0.051740136,-6.4167256,8.185902,-0.46171948,11.054249,-0.5012849,-2.6295414,44.506386,-5.747934,-4.302138,-31.84312,4.1033053,-0.13912095,-24.602535,9.588677,0.1701688,32.62989,3.458509,-3.9999678,-31.925041,2.6100435,1.0095601,-3.9723442,1.3766147,1.807225,31.458015,-0.9661555,-2.8395605,-0.39296085,-3.8250055,3.479501,0.090537205,0.49169004,1.0,0.3119526,0.13283171,0.11764086,0.093308754,0.07747785,0.06538195,0.08769605,0.060298014,0.070104025,4.488481,-5.6724114,-5.1146,4
1.5789569160997732,0.040706508,4419.799575371197,1759.4742713118976,5081.8359375,9.285233497619629,0.0,0.011853505394683413,-542.7433,-6.7525935,18.060678,-42.60462,-0.803792,-1.4447486,-25.91003,-1.864477,-1.8907876,18.094938,6.0170064,-3.7322686,-0.6977221,-2.797834,-1.3929954,24.827614,-8.42778,-2.0273645,-27.577732,4.121167,0.16873102,-13.656594,8.309509,-1.813095,44.36149,0.78512275,-4.605359,-31.53112,4.5604887,0.997539,-14.2355175,2.0361383,1.1236291,44.163345,-2.8627288,-4.3154993,-9.671466,-0.628079,4.223089,0.05286659,0.42963356,1.0,0.41194844,0.14770864,0.05384367,0.03354701,0.029709416,0.035055414,0.041299347,0.045330886,0.044806078,4.6580215,-6.015597,-5.2158318,4
1.5905668934240362,0.031874876,4488.969204142653,1746.3835198218837,6018.5302734375,7.917907238006592,0.0,0.016467587593113005,-547.0903,6.60592,19.135504,-50.664936,-0.66982234,-0.9107326,-27.54945,-2.886929,-2.5440996,34.05172,3.272371,-5.429944,-6.21816,-4.147458,-0.19491276,6.5528316,-9.488091,0.61448395,-25.560116,3.8079524,0.13067082,11.701427,6.3356757,-3.062311,34.06253,-1.6090461,-3.4675477,-37.286938,5.335025,1.0799241,-6.884713,2.1025426,0.13086715,39.971233,-4.4447427,-3.5996084,-11.164116,1.9836812,3.3433597,0.055963498,0.3564997,1.0,0.564153,0.26204222,0.08265891,0.043689806,0.10942298,0.101625204,0.037403677,0.053666215,0.048834126,4.7494116,-6.152245,-5.3386526,4
1.6021768707482993,0.02556304,5007.37861361158,2068.102517899318,6556.8603515625,16.15589141845703,0.0,0.010052967545965857,-524.1747,17.782892,13.208558,-71.32738,-0.63847053,0.49640024,-26.205994,-3.9515443,-1.624844,33.79203,0.34136164,-5.0034437,-1.9915948,-4.3773947,0.5308573,-5.5968876,-8.840258,2.6476643,-24.787037,3.3968027,-0.35640416,22.854279,4.232645,-3.6304836,18.472942,-3.509579,-1.1932479,-35.506817,5.3541155,0.9851386,11.817347,1.7147787,-0.72921234,17.327602,-5.6946225,-1.1021622,-2.0205793,3.5627105,1.6658949,0.095263965,0.29080564,1.0,0.8070969,0.4841769,0.19800594,0.1846794,0.4982962,0.5251802,0.09811383,0.087902546,0.08714257,4.9401283,-6.2979765,-5.473582,4
1.6137868480725623,0.03244682,5286.597475569747,2296.117361803459,8053.41796875,23.127586364746094,0.0,0.010000206339031342,-454.64734,23.526701,1.8836763,-72.21861,-0.16331355,2.2640738,-43.91736,-4.2929254,0.10208502,14.160668,-2.3635461,-2.5086713,-10.0501995,-3.6753705,0.6615874,-9.602375,-6.776049,3.3685186,-13.396282,2.7668166,-0.8404584,9.258656,2.059949,-3.213512,7.2622256,-4.568514,1.3758903,-16.605268,5.1826196,0.41382414,10.892923,1.3045305,-1.5087494,-4.683779,-6.0432873,2.0261064,15.677467,4.2813134,-0.40385592,0.35004374,0.4477835,0.565167,0.62775457,0.46382517,0.3351537,0.49423307,0.93821836,1.0,0.23666085,0.20612755,0.24453706,5.407537,-6.4712477,-5.713012,4
1.6253968253968254,0.045396958,5117.426295655865,2385.840711761282,8064.1845703125,24.498321533203125,0.0,0.010000027850262286,-401.45694,20.708414,-10.893407,-64.13745,1.3916736,3.599339,-54.672794,-3.3416872,2.2988312,0.00033795834,-3.885876,1.1186194,-15.5643425,-2.498322,0.6639259,-15.441629,-3.9168828,2.5957866,-9.981812,1.9587798,-1.1855572,5.3177958,-0.061013255,-1.5283058,5.246724,-4.092514,2.5877392,-5.7860384,5.107314,-1.0303892,6.5954556,1.121027,-1.725069,-8.350897,-4.8831396,4.208383,23.295578,4.055621,-2.2113776,0.5761927,0.70613617,0.53973573,0.51108515,0.38839617,0.3980549,0.6357101,0.9755616,1.0,0.3062704,0.3053046,0.38107044,5.4826083,-6.5260563,-6.101739,4
1.6370068027210884,0.05214783,4938.587311171941,2388.332364192262,7795.01953125,17.633228302001953,0.0,0.010001873046012551,-372.16638,8.632459,-19.944523,-60.060776,4.970567,3.2756772,-57.026928,-0.12778728,4.59309,-3.1249003,-3.0377147,3.6102464,-18.676407,-1.579141,1.2032547,-15.808292,-1.9098401,1.4192992,-10.639662,0.5691439,-1.8866524,3.668229,-1.9441612,0.5094699,6.969731,-2.7751346,1.3675488,-2.6373625,4.2858167,-2.529804,3.3014264,1.2563926,0.6729772,-4.6946254,-1.8642566,4.182651,22.227627,2.8130612,-2.5998003,0.7594383,0.91868186,0.66061556,0.60098064,0.4579556,0.4800338,0.75952995,1.0,0.96639544,0.36250067,0.39860573,0.50003636,4.8412147,-7.336887,-6.535286,9
1.6486167800453515,0.04780417,4790.015225166724,2379.2152109988674,7601.220703125,5.054563045501709,0.0,0.01000419105279527,-368.9933,-3.529036,-18.221655,-54.78058,6.920799,0.79163986,-55.649162,2.9148672,4.78233,-2.4603739,-0.11761745,4.1646137,-20.126507,-0.9519842,1.5739487,-14.925037,-1.4583274,-0.03687256,-12.068935,-1.1287212,-2.1072123,2.704217,-2.358484,0.7241896,7.864582,-1.6032021,0.020920413,-1.7729607,2.212191,-2.866065,1.1169126,1.8053142,2.7406075,-0.8634989,2.5374389,3.214643,20.249739,0.75211436,-1.9012853,0.8366822,1.0,0.6933108,0.6261752,0.50178725,0.51806,0.8210228,0.9349165,0.82810915,0.37446788,0.4400542,0.5504362,4.7475233,-7.3684034,-6.6211386,9
1.6602267573696146,0.03436046,4664.263711707059,2373.6941053868322,7504.3212890625,2.266491651535034,0.0,0.01000419105279527,-392.96103,-10.965723,-6.26329,-47.09046,5.564804,-1.6553271,-51.399544,6.0994496,2.786762,0.5828001,2.130365,1.7144103,-19.882408,-1.1354858,-0.2582343,-13.678116,-1.6666404,-0.76999694,-13.134001,-2.8742626,-1.3083464,2.4268103,-1.4687811,-0.09080613,8.327815,-0.6395259,-0.15441157,-1.2593513,-0.013397678,-1.5225812,0.29369456,3.0750215,2.2076337,3.331397,5.5279255,1.7684896,18.360928,-1.3577944,-0.90067047,0.84872746,1.0,0.67455125,0.60606575,0.5133076,0.5458656,0.88927424,0.8438436,0.65843594,0.36755365,0.4499362,0.5583034,4.7443023,-7.4131165,-6.4144874,9
1.6718367346938776,0.019861003,4638.709395443436,2396.4741328397504,7536.62109375,4.066098690032959,0.0,0.010000516719604524,-445.92496,-11.048455,6.2087865,-35.723232,2.9037154,-3.4541185,-40.148792,7.740288,0.73568934,7.356083,2.372493,-0.90318435,-16.700357,-2.3771067,-2.0008686,-12.536861,-1.728334,-0.9148804,-14.5638275,-3.877192,-0.88337964,3.8568072,-1.5143752,-0.37738332,7.652119,-0.18024741,0.38242188,-2.3010044,-1.041792,-0.4885945,4.4441733,3.558045,0.4923068,7.494389,6.3695645,0.75056994,16.246368,-2.0475526,-0.22143742,0.67733043,0.7775471,0.5158566,0.46994618,0.42502528,0.58952636,1.0,0.68913144,0.45516875,0.3017153,0.36585394,0.44518504,4.95192,-6.826173,-6.2407775,4
1.6834467120181407,0.015719155,4646.374954624516,2472.3718562991166,7288.9892578125,6.370606422424316,0.0,0.010052967545965857,-515.24976,-5.1562557,14.789101,-17.71283,0.6523784,-4.0059266,-15.023975,7.8848433,-1.0237423,15.717072,1.0033144,-2.6315773,-12.817058,-3.7619455,-2.6098146,-14.981068,-1.527631,-0.0025317988,-24.299725,-4.9364867,-0.94467485,0.856431,-2.5048568,-1.0819327,-0.6361281,-0.13779716,0.6294317,-6.5802736,-1.650448,-0.22360493,24.160305,2.4261298,-2.0131125,13.502857,6.1192384,-0.2971281,16.751322,-1.152844,0.78976494,0.24408945,0.25479048,0.19701007,0.21980675,0.17729615,0.54307586,1.0,0.5265288,0.31440297,0.1553858,0.14378199,0.16815104,5.6804643,-6.046618,-6.198263,4
1.6950566893424037,0.021620806,4453.743332328844,2551.6960508856723,7267.4560546875,15.05846118927002,0.0,0.01010197459374499,-504.22574,4.3272505,16.903658,-25.844421,-1.0149136,-2.8582332,-12.82187,6.4854035,-2.758779,26.255669,-1.3648119,-3.695685,-13.326707,-4.5853395,-1.773211,-25.422707,-0.25472373,1.7105317,-30.62568,-5.7564325,-0.7086017,-5.180464,-4.1644425,-1.8692316,-1.1935418,-0.28458947,0.36644825,-11.929716,-2.2054577,-0.24493091,30.774097,0.13181674,-4.095032,31.82006,5.1130195,-1.5946851,12.947024,0.38172638,1.8346002,0.29340115,0.30306596,0.27518892,0.3469686,0.225251,0.5539248,1.0,0.76089203,0.7714317,0.22184995,0.14498156,0.16087039,5.733125,-5.776596,-6.265475,4
1.7066666666666668,0.037425276,4745.647534757254,2545.4147769956057,7504.3212890625,29.65324592590332,0.0,0.010026724673810772,-451.28198,14.667288,12.236893,-43.404633,-2.0676744,-0.629685,-8.690377,3.6040678,-4.052977,14.549543,-3.6219215,-3.2442665,-32.546925,-4.153453,0.5247529,-28.12683,1.7049298,3.1386316,-33.573563,-5.971329,0.012365065,-3.7816148,-5.833741,-2.030814,6.355582,-0.8271683,-0.4231667,-10.095009,-2.9819486,-0.5844253,27.62301,-2.3056228,-4.3650656,36.91867,3.5331037,-2.6063795,6.810961,1.3680847,1.7566947,0.4244106,0.5786381,0.4191112,0.4590481,0.29492724,0.4466953,0.74844044,0.78448075,1.0,0.26528344,0.18790969,0.19313656,5.809587,-5.5375605,-6.227457,6
1.7182766439909296,0.0600219,4998.056371178731,2468.220086477107,7708.88671875,37.73367691040039,0.0,0.010002815825811102,-409.65866,22.997553,3.0383568,-54.886314,-2.7489421,1.5157275,-5.328431,-0.37685016,-4.270255,4.1903105,-4.930057,-1.1370492,-45.98429,-2.3264081,3.430266,-26.553164,4.083689,3.6761057,-38.86946,-5.2703977,0.97876203,-7.4755144,-7.0310903,-1.4228038,9.773672,-1.5233291,-1.325545,-9.411076,-4.223944,-1.4322417,20.929695,-4.364969,-2.510949,37.097954,1.6369513,-2.9024148,8.198547,1.8109455,0.93501973,0.4829022,0.756896,0.5472132,0.5250019,0.3192331,0.43071294,0.6421382,0.74327403,1.0,0.27328998,0.21776058,0.24316745,5.7754893,-5.1589985,-6.2192793,6
1.7298866213151927,0.07758777,5086.1597864706155,2448.2253786900305,7784.2529296875,31.59482192993164,0.0,0.01000020633903134,-375.2755,25.907179,-5.8924794,-54.508415,-3.0554168,2.385526,-4.6811414,-4.408659,-3.3634686,-4.7714663,-4.9020753,1.5784942,-50.223404,0.5782313,5.367082,-19.555845,6.66485,3.0198758,-50.351326,-3.5628493,1.7392486,-20.906294,-7.3416348,-0.4552441,6.6684875,-1.80235,-1.629152,-14.840488,-5.692225,-2.2288904,4.586647,-5.8137527,0.50817007,35.747803,-0.59426653,-2.4069386,20.573181,1.7606299,-0.16392978,0.5461917,0.9180309,0.7244577,0.60206735,0.37392172,0.50171655,0.67684054,0.83158827,1.0,0.29755265,0.24304828,0.30022597,5.6047487,-4.681549,-6.0866466,6
1.7414965986394557,0.08232328,5013.373292026152,2481.972020231328,7708.88671875,26.047504425048828,0.0,0.010000005216229449,-351.47375,20.336584,-8.764282,-48.436325,-2.2485182,0.6498636,-12.400493,-6.762307,-2.9232821,-17.042084,-3.7626636,3.3750722,-46.576416,3.9830346,5.0526776,-4.043005,8.809177,1.3142511,-56.031155,-1.6097927,2.618711,-35.43692,-6.695914,1.0500684,2.0315318,-1.7736719,-0.22085188,-20.235252,-6.8828897,-1.9604453,-9.233988,-5.473959,2.2047327,30.86375,-2.8003297,-1.0950345,30.825445,1.09084,-1.8120549,0.66035676,1.0,0.84410137,0.64115345,0.47423378,0.6512825,0.7368562,0.8909671,0.92112887,0.31492212,0.2578117,0.39615384,5.364942,-4.303292,-5.8308983,6
1.7531065759637188,0.077469006,4832.314791249341,2525.9726678803077,7601.220703125,25.450069427490234,0.0,0.010000001546554296,-337.419,10.732332,-9.323544,-42.91249,-2.178472,-1.7508737,-25.194529,-8.469639,-1.4685388,-19.68679,-1.284284,3.0532427,-32.909588,7.4491224,2.605853,8.095443,9.7512665,-0.040329956,-56.516697,0.5811329,3.1409216,-44.153885,-5.1719527,3.0356746,-6.2583804,-0.9499034,2.0002594,-29.037449,-7.442543,-0.30620047,-11.784096,-4.0827622,2.628629,26.358984,-3.5700629,-0.32931855,27.22408,-0.42654416,-3.1019998,0.79115725,1.0,0.89372,0.65127504,0.6566757,0.8885488,0.78678477,0.8515948,0.7716623,0.33703336,0.28462932,0.5358519,5.168418,-4.197554,-5.6376414,6
1.7647165532879818,0.07807646,4645.1230943816645,2476.6936838237975,7245.9228515625,33.17829513549805,0.0,0.010000005216229449,-329.71234,0.21237946,-10.65877,-43.98572,-3.1301618,-2.745607,-39.386627,-8.555703,0.8656895,-13.562744,0.95643014,2.29252,-15.4831085,9.232372,0.17434204,18.578499,9.523339,-1.1966918,-52.559887,2.6838028,2.4803061,-48.442413,-2.4125013,4.0248895,-12.671892,1.1326661,3.5432236,-43.47815,-6.400145,1.9013636,-8.308921,-2.0608845,2.3307946,23.177437,-3.231253,0.6216563,23.176218,-2.5649025,-2.8365343,0.73834795,0.76613635,0.75398386,0.5760797,0.7859111,1.0,0.7095841,0.6008857,0.48681837,0.28824186,0.24873629,0.5425222,4.897525,-4.245922,-5.3844876,6
1.7763265306122449,0.09042449,4588.0578196536335,2341.2324291031728,6718.359375,43.38363265991211,0.0,0.0100000470079773,-329.00482,-10.810144,-11.629715,-51.796677,-3.9573321,-1.4146316,-51.210197,-6.9224606,3.1003082,-5.523986,3.0425236,1.4411398,-2.1969247,9.183443,-1.6777196,28.25211,7.688313,-2.3546994,-45.52982,3.9447274,0.6005516,-49.64514,1.2498064,3.9128096,-10.820099,4.270896,4.1607785,-56.12506,-3.9470801,3.6494377,-6.4892473,-0.09161365,1.0406741,17.909222,-1.6640382,1.9657079,19.625591,-4.4350276,-1.1562847,0.63144934,0.65773845,0.80079454,0.60189897,0.84613395,1.0,0.61197865,0.42056093,0.3183713,0.23301794,0.21362153,0.48592618,4.6384387,-4.475725,-5.187917,6
1.787936507936508,0.101069055,4598.883456395914,2234.424897999126,6298.4619140625,37.49332809448242,0.0,0.0100028158258111,-340.32214,-20.450119,-10.72782,-61.627438,-3.6532292,1.1581094,-60.209167,-3.7860649,4.353719,-2.523779,5.242105,0.9898673,4.0772676,7.312536,-2.9914637,34.95209,4.3340197,-3.4401233,-37.418823,3.9085395,-1.0285107,-44.926178,4.9361567,3.4439569,-0.4623603,7.2507715,3.4746172,-60.06775,-1.5277346,3.9422286,-7.0390997,0.10683753,-0.74225795,13.379665,0.81688124,3.041409,10.547091,-4.6653852,0.79951066,0.5291965,0.7331739,1.0,0.6552198,0.8707922,0.9166905,0.49509564,0.31604314,0.2490789,0.200625,0.19128059,0.4119825,4.554859,-4.6580563,-5.139718,6
1.799546485260771,0.10015749,4628.074075013704,2159.134480694034,6158.49609375,33.84019088745117,0.0,0.01010197459374499,-370.8751,-26.096758,-6.140015,-73.49439,-2.782786,2.7277641,-64.56334,-0.99479586,3.623518,-0.17272526,6.4222636,0.9823933,9.857176,4.94887,-2.7274578,42.45388,0.7856462,-4.2105803,-29.223118,2.8380911,-2.105488,-35.65211,8.029687,2.8796525,12.204205,9.024884,1.2243292,-57.287636,0.120563634,2.2397277,-7.3351455,-0.048893236,-0.75372946,11.9973135,3.0762863,3.120398,1.0374926,-4.0209684,1.3354064,0.33050352,0.73409957,1.0,0.547189,0.6762343,0.6114887,0.30054647,0.20839088,0.1766898,0.14764568,0.12891994,0.25435406,4.4234962,-5.0756907,-5.082565,6
1.811156462585034,0.09191593,4621.674710920836,2094.260520473937,6126.1962890625,25.59038734436035,0.0,0.010622609040911533,-417.45264,-27.581589,0.506458,-78.78265,-1.6501396,2.5469751,-58.344078,1.2573701,2.0723345,4.2878532,6.716623,0.8995166,14.435846,2.8119216,-1.8176031,45.252922,-2.3926127,-3.9381816,-26.511461,0.9463307,-2.612516,-26.486227,10.461756,2.1234179,24.999252,8.684893,-1.6926588,-46.88974,0.89258206,-0.39175326,-3.463385,0.5815471,0.5703989,17.296509,4.082711,1.5762428,-3.584424,-3.427175,1.3126025,0.18877715,0.76470876,1.0,0.4275802,0.47938445,0.36089808,0.16266002,0.12583935,0.12525487,0.11036029,0.08285518,0.14653352,4.4079432,-5.396315,-5.1134315,6
1.822766439909297,0.089100584,4376.787080391332,1881.743680064413,5490.966796875,25.314340591430664,0.0,0.012403124793551348,-468.56302,-25.782345,6.2273736,-71.40727,-0.29253617,1.4202062,-49.170322,3.1286004,0.82238525,12.352161,6.710364,0.38002697,15.4955635,1.2702001,-1.1128618,37.524284,-5.2539277,-3.0316634,-30.75224,-0.83994263,-2.078499,-14.002164,11.835741,0.9576545,41.222458,6.279419,-3.977314,-35.783333,0.58893543,-2.3487482,-3.6574402,1.9715066,1.799679,30.59294,3.7154393,-1.069907,-3.8942537,-2.6713905,1.0317427,0.06469347,0.61352617,1.0,0.3471657,0.21577005,0.12465479,0.051636767,0.04433495,0.058840863,0.06544044,0.04044014,0.05350009,4.3594904,-5.68805,-5.1717453,4
1.8343764172335602,0.09230663,4084.6727461366713,1648.5164589987305,4855.7373046875,40.729042053222656,0.0,0.03489742801962527,-505.52982,-21.72561,8.693159,-59.040783,1.0773089,0.29739398,-38.39261,4.600503,0.16932017,27.297167,6.749487,-0.48137,8.834756,0.15491763,-0.8335303,22.008003,-7.5865808,-1.8175803,-33.827293,-1.4747078,-0.3313824,1.5152912,11.902279,-0.35264534,50.590828,2.5036576,-5.10763,-36.09542,-0.14824091,-2.3445141,-15.93771,3.647431,2.4073539,44.359943,1.7986221,-3.71425,2.2107594,-1.481731,0.5838406,0.028992672,0.44351947,1.0,0.44203004,0.11634095,0.03735741,0.023796424,0.019807128,0.025759544,0.04448278,0.024062304,0.019337323,4.5056057,-5.911439,-5.1991644,4
1.8459863945578232,0.08905416,3996.4862383411337,1638.4764746251062,4855.7373046875,24.898849487304688,0.0,0.2065067991177521,-507.94556,-16.49968,7.2544794,-59.268883,2.1483078,-0.45368928,-42.34819,5.551817,0.23866953,35.36125,5.9781084,-1.598853,11.649179,-0.86122626,-0.60862374,10.096712,-8.937855,-0.14605242,-38.110405,-0.6064242,1.9080267,16.391663,10.559133,-1.9310318,49.281155,-1.9330972,-5.341522,-46.231407,-0.20783012,-0.3378293,-9.105735,4.8791294,2.111604,49.29533,-1.2893677,-5.1712923,-2.0735493,-0.34137428,0.41614947,0.023171077,0.3243608,1.0,0.64164925,0.17147268,0.048818994,0.040131792,0.03181943,0.021121195,0.043829974,0.024812065,0.016406115,4.5967956,-5.9990077,-5.273893,4
1.8575963718820863,0.073289365,3997.536434926539,1705.8834282582936,5028.0029296875,12.95740032196045,0.0,0.20650679911775216,-502.2048,-11.5436945,3.3672023,-64.94877,2.3861353,-0.3585883,-41.929115,5.9732375,0.9394294,38.480972,4.001849,-2.7082753,12.522797,-1.8881503,-0.74024266,4.010298,-8.481606,1.5685911,-45.34297,1.3301704,3.2026215,30.323093,7.666118,-3.8852153,39.744404,-6.0296254,-4.2793183,-54.8719,0.79680073,2.60817,5.9065294,5.051497,0.707304,40.73948,-4.6509924,-4.5162363,-6.5559516,0.36512882,0.5984773,0.025073644,0.23591353,1.0,0.9027567,0.31020203,0.12057639,0.110742636,0.095369615,0.03290554,0.047343485,0.031764943,0.020507712,4.8072753,-6.1389394,-5.3178916,4
1.8692063492063493,0.05040893,4116.771963242654,1850.9983934002628,5781.6650390625,10.00992488861084,0.0,0.12793708630129036,-503.77347,-8.554926,-0.8000297,-65.74194,2.330955,0.7804439,-34.086674,6.240344,1.2577398,40.85859,1.237615,-3.1683223,11.026201,-2.6923351,-1.0618209,-5.360647,-6.3585315,2.629704,-45.913246,3.4653323,3.034596,38.431755,3.7456124,-5.0181065,28.279743,-8.628264,-1.665878,-59.41461,2.67333,4.332278,17.378006,4.4577994,-1.6657763,27.706085,-7.172243,-1.9249095,-7.511259,0.6498594,0.79512274,0.032020994,0.14217345,0.7634028,1.0,0.44679758,0.23731053,0.2550227,0.21908447,0.06542727,0.04494002,0.037059084,0.026786808,4.95792,-6.2397532,-5.366481,4
1.8808163265306121,0.031196231,4400.83859496175,2053.9349641518193,6180.029296875,7.614531517028809,0.0,0.07797523762294828,-514.3108,-8.655256,-3.1473424,-61.23368,3.0534275,1.9768835,-23.972134,6.4221034,0.77244437,45.096207,-1.7170398,-2.8231733,7.442384,-2.950093,-0.9929937,-15.507519,-3.782874,2.7733011,-35.76655,5.2282767,2.115642,42.041985,-0.16726618,-4.6927743,15.648599,-8.878111,1.1730207,-54.093033,5.083358,3.6845946,25.814617,3.1100667,-3.8909593,12.180335,-7.788382,1.2689519,-4.236724,0.5855951,0.66101235,0.0627074,0.11294657,0.47719124,1.0,0.63355523,0.4729263,0.5808547,0.48178118,0.15227698,0.056794614,0.05447049,0.0523445,5.291438,-6.462587,-5.5774813,4
1.8924263038548752,0.02118542,4864.154496149167,2227.6963133861022,6858.3251953125,2.9948723316192627,0.0,0.15046460134333878,-528.9527,-11.028974,-2.54501,-55.787174,4.7399807,1.9013008,-13.722742,6.879697,-0.5912475,41.84347,-4.0552125,-2.4870324,3.49655,-3.3230588,-0.06287147,-20.101723,-1.7605691,2.477597,-20.918743,6.6281095,0.7089415,37.919807,-3.3319113,-3.2312417,-0.59629965,-7.224306,3.116748,-38.49286,7.355408,1.6879305,27.914509,0.4810774,-3.6576445,-1.1575288,-6.480357,3.3515394,0.4062836,0.9929041,-0.096798226,0.1361122,0.16593294,0.23794508,0.5589366,0.6186633,0.71686,1.0,0.78762066,0.28619298,0.10009576,0.10118694,0.11414475,5.5710206,-6.577578,-5.8278575,4
1.9040362811791383,0.015351621,5279.6769880664615,2324.3657698524535,8118.017578125,1.2431726455688477,0.0,0.047686993082531035,-541.9683,-11.46494,0.3724506,-51.990982,5.9269013,0.84194684,-4.606818,6.506351,-1.3416299,31.923256,-5.444125,-1.5150977,-4.0352173,-3.3977299,0.5022959,-16.12956,-0.8535071,1.2987233,-11.01369,6.661773,-1.3929694,23.790699,-5.6013603,-1.3633776,-11.359591,-5.103391,3.3690884,-20.610977,8.458898,-0.45454517,21.133007,-1.7818441,-1.965767,-7.16841,-3.948078,3.697241,3.2502742,1.572412,-0.21654524,0.20810059,0.21774802,0.23767532,0.23079723,0.3101807,0.62967044,1.0,0.7178968,0.33332804,0.14941284,0.15871254,0.17687671,5.6745872,-6.440528,-5.9315596,4
1.9156462585034013,0.009430269,5481.595990949418,2452.689826331378,8494.8486328125,0.9021459817886353,0.0,0.030106861794195014,-556.02795,-5.0293875,7.296531,-44.399925,4.902448,-1.2720054,0.2935233,5.2437563,-1.5748996,22.5519,-5.8694754,0.12505837,-9.890567,-3.1103587,0.7712617,-9.271844,-0.968601,-0.87985563,-6.872393,4.059349,-3.739622,11.78167,-6.7001457,0.22005546,-10.776014,-3.567409,2.1571536,-11.360704,8.016159,-2.174597,11.919373,-2.6538167,0.12572935,-5.978224,-0.8072246,3.3603802,3.2542784,2.7352746,0.8355925,0.35268083,0.32316247,0.33699134,0.32056826,0.33469597,0.6406502,1.0,0.58631754,0.40147936,0.2516963,0.26679382,0.29768738,5.6394515,-6.4906464,-6.0199513,4
1.9272562358276644,0.0049669137,5594.017439164041,2664.151851801442,8796.3134765625,0.8832762241363525,0.0,0.01398021038018593,-573.1203,6.278519,14.065322,-33.358673,2.9521716,-2.7485068,2.2055283,3.5099275,-1.694298,14.181221,-5.777398,1.4119371,-9.1004095,-2.6200736,0.7256509,-6.4534917,-1.4537966,-2.2018213,-2.244916,0.15635785,-4.672051,5.8579774,-6.808331,1.1782806,-4.7669487,-2.2536042,0.6322045,-8.358978,6.0369973,-2.8867607,4.697094,-2.9210253,1.3025963,0.15922618,1.4796361,1.7913227,0.11631614,3.829416,1.7878431,0.6523185,0.5497242,0.56606126,0.59445065,0.599864,0.81758964,1.0,0.532832,0.5555658,0.48598215,0.47781512,0.531353,5.6182785,-7.221061,-6.9107547,1
1.9388662131519274,0.0033444576,5740.112043428626,2850.470615129805,9097.7783203125,1.0028281211853027,0.0,0.011085791888943371,-587.1519,19.192898,17.34978,-24.843426,1.0448924,-3.1485214,5.7148523,1.427599,-1.9270625,5.2044573,-5.2477045,1.386675,-8.651516,-2.07638,0.47513705,-6.352874,-1.6813049,-1.5012271,3.2790534,-3.5055528,-4.1431403,2.6496935,-6.3099003,0.99277836,0.5800012,-1.3864285,-0.810122,-3.182445,3.0320554,-2.8351467,2.9172223,-3.076521,0.89695203,4.204502,2.2508621,-0.23982652,0.56129384,4.8872056,2.0940528,0.9935277,0.83644485,0.9510452,1.0,0.915803,0.83487844,0.8073527,0.69507325,0.82596326,0.8349376,0.7639916,0.82146066,4.950112,-7.8786497,-8.385311,3
1.9504761904761905,0.0037883387,5750.599695923597,2874.5858852153083,9108.544921875,1.9617047309875488,0.0,0.010000000814014904,-575.4715,30.852718,15.58499,-23.50345,-0.49734575,-2.5021763,9.222109,-0.61268145,-2.0729055,3.8400774,-4.6186557,0.5924474,-12.066687,-1.5265619,0.05512752,-15.282622,-1.1844555,0.79990953,-2.583004,-5.9126472,-2.7064729,-2.2342296,-5.935383,-0.21486263,-3.2789526,-1.6117024,-1.4718457,0.18737426,-0.0061199707,-2.6149738,4.582001,-3.3445914,-0.58452517,6.3602266,1.4000689,-1.892636,8.087296,5.256293,0.9710098,0.94058174,0.8142989,0.9661487,1.0,0.81429225,0.6727841,0.7369368,0.9316849,0.94741416,0.9176547,0.8254618,0.83295,4.9308605,-7.938414,-8.527515,3
1.9620861678004535,0.012741611,5614.1758644152615,2716.635204118182,8484.08203125,14.486632347106934,0.0,0.010018764509769141,-496.45615,39.29742,8.78068,-40.632843,-2.036892,-1.1762388,8.252103,-2.7034798,-2.40776,6.5135727,-4.2370024,-0.143909,-13.657047,-0.9828674,0.21241038,-29.351776,0.32762438,3.1591814,-24.201763,-7.1152143,-0.7868684,-6.7450323,-6.337025,-1.1621447,-13.272041,-2.5221794,-0.9416546,-0.60074496,-2.549943,-2.7116866,10.1028385,-4.0152736,-1.8978572,15.449874,-0.17006664,-2.4230788,24.98083,4.688911,-1.1377506,0.7286733,0.6198428,0.5543428,0.4746542,0.6813333,0.6542388,0.7633059,1.0,0.7403019,0.59574854,0.5720829,0.5058204,5.681996,-5.2365994,-6.3348327,6
1.9736961451247166,0.034052275,5511.27388201171,2664.648004999659,8376.416015625,32.089969635009766,0.0,0.010000516719604524,-419.97284,43.039154,-1.0087249,-47.449745,-3.481919,0.04113735,3.9258492,-4.7385817,-2.4241161,3.3111072,-3.744647,-0.29808447,-15.287549,-0.15478443,1.1401185,-31.53014,2.801077,4.384626,-37.71212,-7.0205746,1.6532874,-11.288889,-6.9765396,-1.1054697,-15.527981,-2.8915236,0.40615106,-4.4009,-4.9751377,-2.7935026,5.8840313,-5.0325704,-2.2540236,12.609324,-1.7285672,-1.9641215,33.028343,3.2089782,-3.1932688,0.77004915,0.71977216,0.50580436,0.4368642,0.79531646,0.72534406,0.909567,1.0,0.6507598,0.4840028,0.5373781,0.46829286,5.647464,-4.890701,-6.2104278,6
1.9853061224489796,0.06111211,5353.9280887064615,2631.136443388574,8257.9833984375,42.377262115478516,0.0,0.01000012784523254,-361.75394,40.713623,-10.327339,-47.86706,-4.5570536,0.33667898,-4.4416933,-6.532287,-1.7366617,-4.808532,-2.8482487,0.34607336,-16.585093,1.4162356,2.0651546,-21.523613,5.944004,4.353393,-44.729004,-5.0323415,4.0728664,-19.132607,-6.8086348,0.054905083,-17.390419,-1.9780468,1.847004,-12.686155,-7.109493,-2.059325,-5.8595333,-6.0222006,-1.3557268,5.5078034,-2.914759,-1.2180854,38.524796,0.6679434,-4.193544,0.88788104,0.8061533,0.46611595,0.44561714,0.8369985,0.8477619,1.0,0.9090061,0.5653327,0.3794936,0.4856527,0.5384443,5.484538,-4.4946923,-6.018946,6
1.9969160997732427,0.0858062,5199.633047599227,2594.397499863711,8193.3837890625,44.24641036987305,0.0,0.010000016226422836,-324.13074,31.530836,-15.5062065,-45.857925,-5.094841,-0.40946093,-11.740101,-7.6184297,-0.61785734,-11.7284775,-1.9734662,1.5396829,-17.567799,3.1458008,2.1768317,-6.4195166,9.083609,2.6944902,-46.707134,-1.4389625,4.7572083,-31.132221,-5.5136123,1.6814696,-21.730797,0.23503023,2.6018023,-22.333153,-8.1566105,-0.67556155,-18.091558,-6.289097,0.4652799,-3.8182883,-3.4080083,0.028399631,33.08088,-2.450064,-3.6974432,0.99945706,0.8243428,0.4449646,0.4833055,0.90804803,0.98710984,1.0,0.7903037,0.48172128,0.2975495,0.5028788,0.73542506,5.2473383,-4.258613,-5.7004695,6
2.0085260770975055,0.10158931,5090.318907565406,2578.9318658153165,8150.3173828125,40.90951156616211,0.0,0.010000016226422838,-304.88248,16.71633,-15.182723,-48.080475,-5.09331,-1.633945,-23.397112,-7.533364,0.6301788,-16.432121,-0.947214,2.2838862,-13.511032,4.236947,1.4979817,7.2642894,10.9699135,0.23834325,-47.467636,2.1674752,3.3361084,-42.376244,-3.468373,3.1387763,-23.838352,2.899768,2.8133953,-33.230293,-7.7723384,1.0279264,-27.15537,-5.276556,2.5891743,-7.7600126,-2.7496312,1.9819893,23.647507,-5.0448756,-1.811756,0.9922499,0.7497823,0.4470776,0.5430363,0.9098152,1.0,0.84525436,0.597422,0.38322842,0.23956886,0.51461595,0.84792465,4.9488554,-4.2335744,-5.441703,6
2.020136054421769,0.11024024,5053.409650818138,2582.491942035484,8247.216796875,41.15443801879883,0.0,0.010000016226422836,-298.581,1.4542649,-14.33467,-55.17388,-5.2556405,-0.9701657,-33.384666,-6.110518,2.0532408,-15.146248,0.6410909,2.120128,-4.2949715,4.7484345,0.30112216,18.961197,10.7174015,-1.5520577,-42.299644,3.7838151,1.2227486,-47.474777,-1.1199178,3.6462271,-19.570522,5.187552,2.910825,-46.16854,-6.211442,2.5295205,-32.909645,-2.8400548,3.5475464,-9.221121,-0.50195986,2.9852872,15.053544,-6.0854435,-0.04074136,0.9338443,0.67856455,0.5994428,0.68380755,0.9252625,1.0,0.6781816,0.43944973,0.30989176,0.22942801,0.5175647,0.8642583,4.731462,-4.392753,-5.2691326,6
2.0317460317460316,0.11719339,5107.33316360494,2571.5891497206367,8451.7822265625,42.64824295043945,0.0,0.010000047007977303,-303.8628,-13.180325,-13.941136,-66.120544,-4.6428337,1.0106732,-40.57328,-4.319436,2.5719445,-8.046787,2.3145316,1.3492256,7.260287,4.3640704,-1.2150952,32.53863,8.261905,-3.0592535,-28.5369,3.990039,-0.7488019,-42.77298,1.7665532,3.377936,-10.038164,7.8040323,2.7759328,-54.260063,-3.5096161,3.6056714,-34.67405,-0.15609916,3.103164,-12.119024,2.3191226,3.2459006,6.009286,-5.582675,1.735072,0.7735988,0.6794566,0.8746042,0.84167403,0.96096647,1.0,0.52206767,0.32587025,0.26069152,0.2482972,0.48030892,0.73992294,4.615146,-4.47459,-5.172986,6
2.043356009070295,0.11875473,5178.985566694373,2518.0579200050956,8580.9814453125,40.88058853149414,0.0,0.010000127845232541,-321.86777,-25.124733,-12.083518,-76.89487,-2.8673837,3.1833165,-45.041183,-2.6372666,2.3398008,-2.7070694,4.447515,1.3690178,13.167521,2.908736,-2.6441216,42.111053,3.8146837,-4.9412217,-17.937668,3.4222686,-1.953446,-34.0136,4.7468877,2.4696853,1.4543471,10.095544,1.9013032,-55.897446,-0.48664677,3.8046446,-31.450989,1.0429229,1.102227,-9.851048,5.2495847,3.033267,-1.7282858,-3.705124,2.605631,0.522098,0.7180344,1.0,0.8183841,0.8625367,0.85603136,0.36545628,0.22568735,0.20647873,0.23912959,0.35864937,0.46716136,4.4152923,-4.8104343,-5.0574327,6
2.0549659863945577,0.108563215,5203.639737914145,2452.8462860147356,8591.748046875,32.248878479003906,0.0,0.010000802780927253,-354.62302,-31.116125,-6.102538,-83.49292,-0.8761876,3.5888815,-44.546143,-0.9568001,1.4814583,-0.7074349,6.198231,1.3908591,13.31496,1.1630595,-2.6604986,46.58973,-0.40839663,-5.390616,-15.7184,2.3806036,-2.340318,-25.821268,7.000149,1.3230706,13.271539,10.816981,0.18407449,-51.81761,1.6859174,2.414744,-22.932457,1.6249233,-0.4249351,1.2148098,7.0531135,2.0134962,-3.8602467,-2.0623434,2.173223,0.34455442,0.8121421,1.0,0.69474155,0.7057426,0.67809427,0.26277846,0.15672608,0.16468863,0.20993085,0.23483874,0.24321973,4.41365,-5.1260867,-5.118821,6
2.066575963718821,0.08953966,5105.257790472896,2380.4243747793025,8204.150390625,21.679685592651367,0.0,0.010013068846238975,-404.89346,-29.434181,3.7903993,-79.53647,0.47530365,2.031037,-36.709,-0.32593676,0.06566615,3.2446103,7.1414633,1.273107,12.953444,-0.32840094,-1.4832727,47.56201,-3.6627476,-4.114879,-21.830263,1.0460179,-1.5651478,-21.531286,7.7186837,0.073395014,24.246212,8.835941,-2.5339203,-46.184345,3.5150528,0.9118846,-15.352711,2.2388089,-0.73287517,12.405805,7.1697583,-0.23391187,-4.650388,-1.2440276,0.879014,0.23958942,1.0,0.9807003,0.5518826,0.5711352,0.5149054,0.18267733,0.107405975,0.13530481,0.17780164,0.14576422,0.140321,4.386701,-5.5879183,-5.200074,4
2.078185941043084,0.07247239,4690.485758057124,2210.5394700983657,6858.3251953125,5.1003851890563965,0.0,0.010191075496968311,-468.1948,-21.701384,13.221421,-69.11419,1.8283126,0.3747865,-37.017914,0.0042931875,-0.64827335,7.707487,7.0162754,0.46846685,8.206414,-1.6017035,-0.36527655,36.468628,-6.3522987,-2.1460536,-25.501184,-0.30389452,-0.24317126,-11.477793,6.784039,-1.1246139,41.376144,4.4707904,-5.4722686,-35.716118,4.2063794,-0.39933598,-12.731277,2.4440722,-0.47032735,23.796642,5.9437532,-2.6846793,1.0324543,-0.73902065,-0.30912223,0.12849176,1.0,0.83885396,0.34401652,0.28887248,0.21665655,0.0710692,0.05358359,0.08857845,0.10590743,0.07272583,0.06635376,4.4641438,-5.9697356,-5.2883086,4
2.089795918367347,0.061565932,4085.632978606079,1855.0815842916397,5167.96875,21.814624786376953,0.0,0.015085587297504338,-512.6712,-10.854197,17.86409,-56.569008,2.754213,-0.7812548,-38.428116,0.08401947,-0.6567,25.849277,6.105556,-1.1579156,-0.36271924,-2.2858682,0.1209608,11.084303,-8.01166,-0.27317804,-25.28726,-0.7698423,0.65601385,-0.3124156,5.0963387,-2.0817585,53.055702,-0.62394077,-6.9678864,-28.371197,3.9243138,-1.1336011,-24.97965,2.2623737,0.14596847,37.11107,3.4967892,-4.060956,6.7846584,-0.50601447,-0.86636364,0.086566254,0.92353606,1.0,0.43893078,0.15888566,0.052006137,0.0352726,0.03413066,0.060113408,0.060502123,0.038284406,0.038516056,4.4712596,-6.043721,-5.3119345,4
2.10140589569161,0.052454803,4085.7146930874906,1842.157682440305,5028.0029296875,17.581371307373047,0.0,0.10857977072874499,-508.13428,0.33721364,15.864468,-58.019722,2.9073756,-1.1050328,-37.827255,-0.022725424,-0.019904297,36.42965,4.6281476,-2.7585177,0.56612575,-2.465755,0.19088775,3.7182727,-8.434301,1.221371,-25.06258,-0.43426546,0.70236003,8.486044,3.141014,-2.755586,52.541576,-5.23645,-6.2932124,-32.989788,2.907816,-1.3883857,-23.724972,1.8841861,0.7098461,39.7655,0.41576356,-3.973276,2.1329637,-0.59461397,-0.65079796,0.07151473,0.6641045,1.0,0.6871846,0.27108842,0.060904417,0.04052621,0.03797723,0.051738553,0.055408612,0.040712196,0.04215945,4.5610113,-6.3023005,-5.444974,4
2.1130158730158732,0.04445064,4301.055523589973,1967.3876459840503,6018.5302734375,14.389241218566895,0.0,0.013980210380185928,-463.09543,9.031764,7.7309995,-67.877556,2.4921947,-0.30898976,-45.521828,0.14546204,1.0187403,42.23647,2.6246529,-3.4303524,3.841892,-2.288886,0.25124902,3.6789012,-7.588278,2.0978725,-23.094624,0.26959658,0.28400087,9.424747,1.2877176,-2.775057,33.20696,-8.715834,-3.6984596,-27.183952,1.5418845,-1.3617629,-13.325283,1.8659557,0.78104997,30.285347,-2.354451,-2.9549153,-6.1792765,-0.5660448,0.102327734,0.16079463,0.49788493,0.97804,1.0,0.5271597,0.18150716,0.14708644,0.12242181,0.09598434,0.11727431,0.09930435,0.12368628,4.6624823,-6.3533473,-5.497461,4
2.124625850340136,0.03965978,4570.018359756031,2143.4633191778703,6933.69140625,17.181869506835938,0.0,0.010191075496968311,-419.76273,12.200788,-3.5285103,-63.9373,2.2664425,0.9369845,-43.078064,1.256467,1.5283364,39.26998,0.2838306,-3.07908,-0.067586064,-1.6104492,0.25216267,-3.366579,-5.592001,1.8298979,-23.691261,0.689754,0.12925828,3.9504714,-0.34308118,-1.557339,6.371845,-10.852016,-0.019630807,-26.566694,0.030696297,-1.060151,-8.804253,2.4239533,0.29680353,21.48332,-4.5024467,-1.3265991,-7.5931473,-0.22617814,1.3453432,0.3264989,0.40476438,0.66946316,1.0,0.7083216,0.38159633,0.40675634,0.2929093,0.19056368,0.2322159,0.19367687,0.25650966,5.158206,-6.7682137,-5.638197,4
2.136235827664399,0.041135605,4689.420408708347,2266.933273781348,7396.6552734375,19.923091888427734,0.0,0.010037765502929688,-396.74008,8.186773,-12.202766,-58.851456,2.5540202,1.5702158,-40.2732,2.6898108,1.7893784,32.216736,-2.1259067,-1.4647197,-4.6177444,-0.7779423,0.40965658,-10.467469,-3.3112035,1.0752997,-22.983128,0.849407,0.1801702,-0.36629948,-1.0319785,0.22537233,-10.001725,-10.777139,3.0105584,-26.152706,-0.63167745,-0.62002903,-6.3768253,3.3469315,-0.50432754,14.467421,-5.5467157,0.49907288,-6.0295105,0.79928493,2.0733392,0.59719175,0.59235716,0.5660702,1.0,0.9601231,0.7569298,0.9908374,0.62940407,0.34842676,0.4139252,0.3526671,0.46562886,5.3094625,-7.127281,-5.7390146,4
2.147845804988662,0.047106337,4673.008733118419,2327.0295001357845,7493.5546875,20.64179801940918,0.0,0.010191075496968311,-392.28983,-1.0542114,-14.019537,-55.157352,3.624458,0.8750189,-37.41037,4.0873227,1.6253076,27.107641,-3.324896,-0.18190977,-7.4071264,-0.6711402,0.734762,-14.633732,-2.404866,1.1831013,-22.820854,1.2044361,0.40526444,-4.728221,-0.77277255,1.5434686,-17.124928,-8.216363,4.617881,-28.095625,0.17550017,0.2928487,-6.278682,3.2268476,-0.22503754,8.768143,-4.9940042,1.4741449,-4.19133,2.072165,1.3444597,0.438703,0.4572462,0.38304654,0.5441524,0.62293005,0.6308787,1.0,0.55667514,0.25456402,0.29274768,0.27144375,0.33835277,5.367586,-6.8838387,-5.76216,4
2.159455782312925,0.050225127,4598.806243270637,2378.5771111094828,7493.5546875,13.494402885437012,0.0,0.010622609040911533,-406.40417,-10.233265,-9.22252,-50.000557,4.4350653,-0.17988813,-31.997482,5.323575,0.72770876,24.170477,-3.277986,0.89648193,-7.383753,-0.73403734,0.581561,-15.388287,-2.5495524,0.53432095,-21.291458,1.6182204,0.6196809,-6.116866,-0.11517274,1.4615136,-19.544346,-4.545409,3.8910162,-31.486465,1.3317102,1.9775712,-5.234413,2.8956106,0.42157447,4.252784,-3.7723453,1.3266453,-0.38460958,2.6510825,-0.0035089569,0.29610252,0.34536904,0.28540805,0.3875414,0.4519187,0.51760614,1.0,0.4750169,0.17123298,0.18445574,0.19891715,0.22262481,5.4749,-6.6560526,-5.8382783,4
2.1710657596371883,0.045438398,4526.175307069662,2440.2964437605415,7493.5546875,5.583866596221924,0.0,0.011422334250709074,-439.39432,-13.015148,-0.13135955,-43.731598,4.141405,-0.4286675,-24.514484,5.0722313,-0.29437494,20.389984,-2.5257688,1.0747702,-4.583013,-0.57694405,-0.13594238,-14.844349,-2.9985142,-0.9154292,-19.300463,1.288304,-0.21925364,-3.2157784,0.121711105,0.19483283,-21.31864,-1.7514119,1.8481723,-35.624115,2.5597637,2.2636428,-1.6411669,2.4457316,-0.04947992,0.3568166,-2.6783462,1.0671916,6.1414385,3.2530575,-0.039288413,0.18388622,0.26178807,0.20778994,0.29026237,0.34513053,0.43091103,1.0,0.39513493,0.11993276,0.11078802,0.14760989,0.1312292,5.5723147,-6.613616,-5.9581237,4
2.182675736961451,0.033308372,4565.339141036825,2491.050126131133,7633.5205078125,3.921509265899658,0.0,0.01240312479355135,-476.63843,-8.681515,9.163051,-40.108284,3.7110398,-0.56730413,-16.244629,4.036982,-1.5522475,18.064007,-2.2182243,0.3198257,-0.72229254,-0.8099685,-0.8759908,-12.3114,-3.4525561,-1.550295,-17.986927,0.31246457,-1.1987154,2.9247541,-0.035879694,-0.864662,-20.956367,-0.59140915,0.24632028,-33.337124,2.9493582,1.1608671,3.9846394,1.4798381,-1.117307,-0.33807644,-2.2224827,0.3966509,12.019789,3.8193452,0.2649808,0.13477622,0.21917826,0.17198962,0.22290292,0.26873425,0.39669073,1.0,0.32657728,0.10993172,0.101175316,0.13363546,0.09747547,5.5489016,-6.496815,-5.9789834,4
2.1942857142857144,0.01887219,4837.960252156665,2605.311125279475,8139.55078125,1.8968505859375,0.0,0.03489742801962527,-501.55838,0.694872,15.390286,-36.79538,3.2762048,-0.6352147,-9.826035,2.2697482,-2.6424828,16.13712,-2.3547363,-0.3552562,-3.1286228,-1.2169509,-1.0263119,-13.392902,-3.2616165,-0.6487918,-13.4451275,-0.78438604,-1.7546877,6.7902174,-0.9954722,-1.9460354,-13.850477,-0.5000786,-0.66995364,-19.880257,2.690523,-0.6547088,7.828154,-0.08931362,-2.3383775,0.9399106,-2.390515,-0.47454134,11.287623,3.668775,-0.06336916,0.16226633,0.23619917,0.19133615,0.20153645,0.2359149,0.42376164,1.0,0.30923072,0.15161397,0.1518146,0.16706435,0.14020006,5.601477,-6.2201047,-6.071087,4
2.2058956916099772,0.010687406,5179.508572092283,2705.0346732161433,8667.1142578125,6.2161993980407715,0.0,0.011422334250709074,-503.52237,12.373928,16.316538,-33.936043,2.5641193,-0.67237103,-5.845482,-0.042872526,-3.0674198,19.172104,-2.4635048,-0.51765394,-7.5266447,-1.4487574,-0.3918743,-26.070023,-2.1766112,1.2997216,-9.884115,-1.6739433,-1.4840938,3.5437095,-2.6026738,-2.3894846,-13.281687,-0.9993611,-1.1420605,-6.748796,1.6168891,-2.5353851,11.294458,-2.046151,-2.8781197,-1.3866961,-2.993794,-1.1673448,7.818541,2.4136765,-0.9893208,0.36584145,0.39468554,0.35147482,0.3652714,0.37468386,0.53380597,1.0,0.7682193,0.44713023,0.34389803,0.33290645,0.34877127,5.7327814,-6.0949883,-6.161842,4
2.2175056689342405,0.018520033,4916.476855669536,2758.989474710528,8462.548828125,15.776264190673828,0.0,0.010052967545965857,-462.7104,23.246397,11.6630125,-32.15684,1.384062,-1.0250813,-10.545767,-2.2406127,-2.529667,18.178802,-2.2096853,-0.20340584,-10.344688,-1.2911633,0.67160136,-38.032013,-0.1899658,3.326871,-19.704958,-2.0980215,-0.5669091,-5.175993,-4.0551815,-1.6307541,-18.723583,-1.5245864,-1.0414613,-6.3681927,-0.49910906,-3.9171302,5.2700787,-3.9139714,-2.3584938,-1.739455,-3.77728,-1.3719168,19.9761,0.5279693,-1.8911641,0.42416325,0.3766469,0.28057158,0.30744696,0.35066143,0.48542222,0.81366515,1.0,0.52704716,0.2801497,0.3019774,0.3830231,5.730619,-5.182209,-6.210483,6
2.2291156462585033,0.033432066,4743.405489675438,2758.4020468923113,8096.484375,24.047245025634766,0.0,0.010000005216229447,-410.04727,30.299135,3.7977319,-30.202553,-0.24139494,-1.7880155,-16.615032,-3.9012678,-1.3368366,9.202404,-1.879851,0.34200653,-14.856252,-0.5478862,1.5981104,-39.729095,2.564813,4.674603,-27.800587,-1.876028,0.74210477,-7.9004526,-4.619007,0.043737024,-22.672241,-1.7137636,-0.10114499,-14.512707,-3.490592,-3.876467,-3.472591,-5.054361,-0.87273,-8.315155,-4.3623176,-0.73728067,27.746975,-1.4529006,-2.6203816,0.5664438,0.42774582,0.26702216,0.3162535,0.409335,0.66497207,0.9941303,1.0,0.51587325,0.24789421,0.30508086,0.45175445,5.7906456,-4.7867913,-6.05707,6
2.2407256235827666,0.04872469,4632.3684922132015,2749.175668048079,7934.9853515625,27.872539520263672,0.0,0.010000002871100368,-360.7554,31.38572,-4.482464,-28.193222,-2.2453496,-2.4137237,-24.48513,-4.6100225,0.104336515,3.841217,-1.675297,0.70764786,-15.47509,0.76957065,1.7678349,-30.268885,5.8256307,4.4106073,-31.528254,-1.083299,2.0812743,-17.497246,-3.7039618,1.8795273,-25.496384,-1.1110904,1.5555291,-21.743143,-6.3683696,-2.225368,-14.222831,-5.0259175,0.96618956,-16.35334,-4.2522864,0.48631898,23.87459,-3.195682,-3.0071483,0.7095466,0.48625067,0.2953199,0.39995354,0.56750584,0.796112,1.0,0.87253314,0.47833192,0.2660558,0.36676422,0.594214,5.3946414,-4.413593,-5.8007846,6
2.2523356009070294,0.06291446,4572.840765229459,2690.9563296227993,7816.552734375,31.630178451538086,0.0,0.010000516719604524,-322.782,25.769733,-10.9098425,-29.30505,-4.2475166,-2.5202973,-32.29745,-4.1838384,1.4104449,3.5498621,-1.6736597,0.84992415,-12.07506,2.0600824,1.4192632,-16.600426,8.965549,2.4577408,-30.757977,0.2615978,2.4664836,-26.041718,-1.5066273,3.0632694,-29.325241,0.88975763,2.7684119,-30.434082,-7.8475986,-0.2294197,-22.122293,-3.8411167,2.563328,-23.463129,-2.9184356,1.9546001,12.484961,-4.749494,-2.2709594,0.81655926,0.5600945,0.4065284,0.58286834,0.8295864,0.9467894,1.0,0.76749593,0.48180357,0.34701103,0.4942367,0.7609928,5.1012216,-4.2604322,-5.5610237,6
2.2639455782312927,0.07851998,4686.303249453513,2603.6416505531406,7816.552734375,39.861175537109375,0.0,0.01000000928748663,-299.86093,14.232383,-14.001348,-36.307545,-5.853015,-1.9222116,-36.062122,-2.6618376,2.0752082,6.770687,-1.2331876,0.5080065,-7.430252,3.1091754,0.8908568,-2.6243076,10.616295,0.12644169,-27.671816,1.7964906,1.2990081,-27.313877,0.9582206,3.1988437,-29.740189,3.5306308,3.174892,-42.41561,-7.508713,1.1282454,-26.053284,-1.744055,2.9269314,-28.579857,-0.74992794,3.264154,2.4365072,-5.9840255,0.05220912,0.7357782,0.54821295,0.53487283,0.72188485,0.9871133,1.0,0.92463017,0.63723314,0.4432211,0.3699215,0.51527625,0.7370438,4.8156447,-4.3187084,-5.339121,6
2.2755555555555556,0.09782365,4900.882823856952,2517.982077032203,7988.818359375,50.431026458740234,0.0,0.010000005216229449,-289.28342,0.14003041,-15.252391,-47.401485,-7.097265,-0.9255755,-38.375755,-1.0268811,2.0717282,8.286583,-0.061398994,0.31258333,-2.1575558,3.5821214,-0.058427896,11.408768,9.940832,-1.9511309,-22.064575,2.7609427,0.23867503,-22.909256,2.588467,2.3341494,-25.030561,5.915429,2.8830407,-53.10811,-5.1551023,2.8229392,-24.83809,0.15206593,2.1942582,-28.941326,1.8669732,3.330392,-6.4432163,-5.108882,2.4221997,0.5225889,0.50928193,0.6991864,0.7763087,0.98283386,1.0,0.78137314,0.5313622,0.36620703,0.31782296,0.4195593,0.5449182,4.664857,-4.4973984,-5.2497907,6
2.2871655328798184,0.11381539,5114.4470346951275,2467.2805453370624,8322.5830078125,47.611270904541016,0.0,0.010000016226422836,-294.69284,-12.937279,-13.771511,-58.525566,-7.69043,0.23956406,-37.899887,0.08835735,1.1439486,6.2889977,0.7897948,0.48632556,2.2356045,3.09337,-0.9572077,22.396446,6.6352873,-4.0798287,-15.836492,2.9177663,-0.55149347,-13.325228,3.4342246,0.14598338,-14.533625,7.651792,1.7597457,-58.63226,-0.84287536,5.2409897,-20.137093,1.4317694,0.788594,-24.971218,4.218934,2.5229745,-13.365988,-2.5139544,3.6719139,0.3564506,0.5739678,0.9393159,0.8205379,0.94330335,1.0,0.66897947,0.46696883,0.3074706,0.27043262,0.31859577,0.36709833,4.532133,-4.7478676,-5.211809,6
2.2987755102040817,0.11529698,5265.343554665938,2441.4260766137604,8580.9814453125,31.57753562927246,0.0,0.010000078102280322,-318.59506,-20.271343,-7.357967,-67.2442,-7.524504,1.0164902,-34.31286,0.3003988,-0.2641597,2.710106,1.2963314,0.8422455,5.578813,2.194597,-1.3018208,30.611801,2.7469618,-4.9230924,-12.693613,2.633398,-0.7831982,-2.9852147,3.4695666,-1.5288663,-0.8376795,7.696815,-0.6633249,-60.79891,3.5621486,5.812045,-13.626551,1.7976787,-0.54790735,-14.369691,5.3665776,0.74483544,-15.962688,0.026357103,3.1742606,0.21445608,0.6304892,1.0,0.70148605,0.73075336,0.81748027,0.4787817,0.34084266,0.2181956,0.1970342,0.19111231,0.19249554,4.388624,-5.1947455,-5.2223945,6
2.3103854875283445,0.09869958,5321.162347773265,2430.8310791696836,8817.8466796875,21.149288177490234,0.0,0.01000032860450166,-359.21973,-21.365387,1.4145465,-72.480545,-7.164915,0.769028,-28.973007,-0.088422775,-1.1760148,2.1421425,1.6696514,1.0312871,9.631922,1.09309,-1.36383,35.121773,-0.77371347,-4.3619127,-14.10706,2.0962799,-0.69037217,2.6417632,2.7980785,-1.9555858,11.304908,6.1854806,-2.9012413,-60.171165,7.0890293,4.25297,-9.639196,1.8081143,-0.9734034,-2.7689843,5.6666346,-0.82396233,-13.6497,1.5427269,1.6183348,0.1507747,0.7259871,1.0,0.5738192,0.5511496,0.62649,0.32635942,0.24038063,0.16669132,0.15883966,0.12540899,0.11344349,4.3016596,-5.660608,-5.381257,4
2.3219954648526078,0.072560616,5304.794683966844,2430.329270870788,8936.279296875,13.273763656616211,0.0,0.010002815825811102,-412.48407,-18.096533,8.6782875,-78.92195,-6.609606,0.29076305,-27.185196,-0.49685353,-1.2766577,10.096025,2.129949,0.7172219,8.8019085,-0.12584472,-1.2743806,30.479097,-3.6392245,-2.8518713,-11.443356,1.5131907,-0.33811498,0.7968817,1.880653,-1.3310193,20.412802,3.7417843,-3.9355693,-43.781647,9.383386,1.8069476,-10.356247,1.6564809,-0.5437494,4.0522966,5.25048,-1.598442,-2.5685904,2.116516,-0.25472683,0.13883331,0.90601486,1.0,0.47582778,0.4180986,0.4309362,0.1982751,0.15976542,0.15753847,0.16621955,0.13085312,0.09962245,4.352163,-5.9995227,-5.4092064,4
2.3336054421768706,0.05266066,5239.231329428125,2461.4341987838775,8774.7802734375,6.1579437255859375,0.0,0.010013068846238973,-450.53073,-12.577966,11.351751,-83.28982,-5.9798093,0.1474227,-31.554243,-0.7220546,-0.52393085,14.486908,2.5305152,-0.013547806,4.802552,-1.3038075,-1.1084386,10.27698,-5.4905763,-0.97303843,-11.372843,1.2024194,0.06337543,-6.0716577,1.040268,-0.16771957,25.406197,0.9268575,-3.6123013,-13.575123,10.250735,-0.64825875,-12.580754,1.61374,0.31120172,9.745758,4.361855,-1.538013,7.8784094,1.7976989,-1.7683868,0.17122535,1.0,0.82709736,0.34260428,0.24845749,0.20432992,0.12219316,0.11699238,0.1803042,0.18553583,0.15574396,0.1351566,4.3225403,-6.3153563,-5.5226035,4
2.345215419501134,0.045939628,5145.540324866346,2427.1091111135065,8279.5166015625,17.584060668945312,0.0,0.010467533617069905,-436.11777,-7.073229,8.446833,-87.68693,-5.118236,0.62898916,-38.99938,-0.5613009,0.7319006,17.33966,2.555093,-0.7378655,4.340479,-2.2280867,-0.7475592,2.2115405,-6.159768,0.8630819,-9.224203,1.2834146,0.21479385,-5.7746983,0.5606686,0.6867245,15.585883,-1.592024,-2.3357544,-2.9107237,9.798011,-2.6046436,-15.126905,1.7903067,1.015315,6.2439566,3.1613417,-0.8907074,6.9325056,0.67677367,-2.4113753,0.24554443,1.0,0.92261666,0.40605366,0.22720963,0.19921368,0.1804533,0.21538855,0.2818681,0.26406342,0.2527121,0.23687942,4.2837687,-6.5780706,-5.6495433,4
2.3568253968253967,0.046952263,5288.070637506582,2388.6764863337867,8193.3837890625,21.995346069335938,0.0,0.010349055133375844,-408.82477,-3.701976,1.3289492,-98.265625,-3.4181993,1.9392889,-41.875484,0.09242233,1.8008074,19.080215,1.8040662,-1.1749713,2.0033257,-2.5831308,-0.05404567,-1.2391806,-5.5442567,2.1124246,-8.402286,1.4713469,0.06804678,-2.7659256,0.569068,0.7137756,7.297155,-3.055621,-0.55078685,-0.51109076,8.112607,-3.4430957,-10.810704,2.148895,0.98662204,8.066711,2.0513394,-0.3962818,1.5748961,-0.6978648,-1.8254403,0.3630705,0.88577956,1.0,0.61150014,0.3561565,0.29598683,0.27187806,0.37481424,0.44292933,0.41020313,0.42072734,0.39962894,4.654944,-6.996559,-5.8058267,4
2.36843537414966,0.050205633,5435.304798363527,2347.7650460443433,8161.083984375,18.487977981567383,0.0,0.010009025493342986,-393.54337,-3.8678,-6.546518,-103.81685,-0.13380228,3.8813825,-39.85829,1.4438308,2.1759048,20.241436,0.2210582,-1.3572487,-2.044508,-2.3022003,0.40947104,-5.0415506,-3.750604,2.2469537,-7.3606277,1.4590815,0.09984221,0.9541592,0.8402731,-0.006166571,2.9860141,-3.1702337,1.2291051,3.458693,5.3146424,-2.5670252,-5.500102,2.660439,0.41731778,11.601918,1.1129341,-0.5094648,-2.7307613,-1.6900505,-0.12682681,0.5305601,0.826335,1.0,0.8020404,0.5243983,0.40757418,0.37185887,0.5528246,0.65443873,0.5851006,0.62250715,0.5964552,5.12018,-7.2221694,-6.1568065,9
2.380045351473923,0.04900898,5550.652030874356,2308.524146120154,8161.083984375,9.45362663269043,0.0,0.01000032860450166,-396.44016,-7.3234687,-9.613551,-105.709435,3.5188804,4.9933796,-35.166847,3.0672605,1.640383,20.818281,-0.90556186,-1.28889,-6.674361,-2.0070915,0.46869615,-7.974815,-1.4144306,1.5097374,-5.207115,1.5642416,0.022422228,3.6709995,0.6924044,-1.001733,-0.28792706,-2.2597675,2.094489,6.887801,2.6368992,-1.067327,-0.24741149,2.8879845,-0.34297144,15.0121355,0.20037438,-0.91683507,-6.3120217,-1.659986,1.3076432,0.7192932,0.8706294,1.0,0.9504434,0.69651675,0.5277711,0.48315182,0.7308625,0.89050347,0.77597636,0.82619643,0.7980949,4.6865554,-7.926665,-6.81377,7
2.391655328798186,0.039429206,5632.392928686773,2296.320926438635,8204.150390625,3.1083664894104004,0.0,0.010000000417925077,-416.67502,-12.344194,-5.855765,-102.90468,6.3193464,3.9429853,-29.170134,4.210095,0.5595707,20.808365,-1.3490149,-0.62653404,-9.489761,-1.7136755,0.6705929,-8.822912,-0.1732022,1.2048075,-2.9013557,1.4402952,-0.08383117,3.7478151,0.055281896,-1.088431,-2.7827592,-0.6857327,1.568374,8.990855,1.3437977,-0.9572726,3.3136258,2.4912555,-1.0643873,16.359547,-0.6051515,-1.5988553,-9.657378,-0.8315034,1.4417065,0.82351273,0.9333532,0.95067984,0.939537,0.7710066,0.5839967,0.5338388,0.79431164,1.0,0.8605934,0.9171761,0.8911153,4.5545077,-7.8999457,-7.053013,7
2.403265306122449,0.024546383,5704.622771160065,2351.8094431778427,8419.482421875,1.534964680671692,0.0,0.010000000021701592,-449.29504,-14.36132,0.7608671,-90.5242,8.340191,1.5539138,-24.076939,4.5457926,-0.25654092,17.27775,-1.0584649,0.43890157,-8.061585,-1.283527,0.5462322,-7.626401,-0.015473396,0.28800452,-1.9921148,0.83367896,-0.6847735,2.4110403,-0.77464765,-0.8606462,-1.1357044,-0.1779643,0.3410251,10.114752,0.04457551,-1.5074074,3.7684531,1.362215,-1.3028,14.79799,-1.9054004,-1.6307033,-9.290049,0.05878083,0.9614876,0.8706224,1.0,0.94731724,0.8694493,0.77316165,0.60786605,0.55597615,0.75595945,0.97938865,0.8578176,0.9273777,0.9026624,4.4881697,-7.9558992,-7.50694,7
2.414875283446712,0.012846043,5765.486305198059,2528.989247969118,8731.7138671875,2.084216833114624,0.0,0.010000000417925077,-484.24536,-11.451972,7.1640487,-66.03337,9.202507,-0.5716559,-17.727493,3.656032,-1.2391894,9.149899,-0.28702444,1.4079026,-6.9984503,-0.969374,0.11350466,-5.1512895,-1.0333451,-1.3957916,-0.5528956,-0.16205221,-1.255627,0.6684662,-1.5420954,-0.5286078,3.846314,-0.8176775,-1.101429,10.370073,-1.4198499,-1.6651095,5.4273424,0.2838255,-1.140478,10.162983,-2.5942557,-0.70113647,-4.776333,0.9348477,0.62298596,0.95525634,1.0,0.96812934,0.9294221,0.8379869,0.6955749,0.652089,0.70723355,0.88675874,0.8692268,0.9453766,0.9552537,4.4042306,-8.007707,-7.915227,7
2.426485260770975,0.009804265,5680.109506485732,2622.149584798416,8893.212890625,3.3195228576660156,0.0,0.010000078102280322,-498.269,-4.459215,11.122015,-50.845535,9.246532,-1.8543408,-13.070561,1.9061465,-2.1501925,7.805302,0.5735134,1.7417632,-9.905854,-0.64658874,-0.09525135,-1.2784066,-2.680125,-2.6405609,1.2673976,-1.2641965,-1.427541,-3.804862,-2.1097424,-0.28426012,5.972983,-1.9354501,-2.0977635,9.321806,-2.6434767,-1.4095085,5.8303185,-0.9131015,-1.0792376,5.2570577,-2.7386658,0.36558774,-1.0756259,1.8314457,0.47142047,1.0,0.89504683,0.88145036,0.9254132,0.8379658,0.72707075,0.6628796,0.6247927,0.8152485,0.832817,0.8835012,0.98411167,4.4177675,-7.9882317,-7.941528,7
2.4380952380952383,0.010390113,5692.582893756351,2594.633302158676,8936.279296875,4.118220329284668,0.0,0.01000000000061386,-495.63278,4.804693,11.699773,-51.14985,8.488362,-2.0556018,-11.289526,0.09880411,-2.34978,11.991524,1.3702996,1.3461163,-9.608992,-0.1396461,0.304219,-0.38930714,-4.038005,-2.4409678,0.9203462,-2.3111947,-1.2919225,-3.7084312,-2.6913726,-0.4341686,6.0748158,-3.34118,-2.3643508,5.6091413,-3.7478836,-1.0919366,3.293473,-2.2740633,-1.3036838,0.046928667,-2.8396316,0.6672468,-1.7848613,2.1594584,0.033512425,1.0,0.8688131,0.8557671,0.9820516,0.8978481,0.78707755,0.6915864,0.6024477,0.7514859,0.7803574,0.84586054,0.9753353,4.268275,-7.998436,-7.883322,7
2.449705215419501,0.012290496,5592.304775466536,2604.4320946180064,8882.4462890625,5.909093379974365,0.0,0.01002672467381077,-479.87048,14.43525,9.512164,-49.312786,6.7114778,-1.4614558,-9.023975,-1.6631299,-2.122569,18.811783,1.7341676,0.028387446,-10.583299,0.5716854,1.0662179,-9.226574,-4.2826424,-0.61049867,-5.9322033,-3.3285162,-1.0770046,-6.3809295,-3.062454,-0.45953262,-2.476634,-4.6106734,-1.5063103,-3.0171013,-4.9828706,-0.9853252,-0.5399543,-3.5831342,-1.4807246,-5.4213734,-2.7933307,0.4510506,-2.0912757,1.6032469,-0.5328899,0.9587478,0.8381645,0.8212508,1.0,0.96839094,0.8667163,0.90044373,0.8536185,0.81441444,0.7378365,0.7838223,0.9888164,4.2060237,-8.113801,-7.9208026,7
2.461315192743764,0.019771136,5021.120658400712,2617.066435490172,8236.4501953125,16.250808715820312,0.0,0.010006178555334077,-451.02783,21.78102,5.4248137,-43.873817,4.4873314,-0.6720679,-16.316864,-3.1819055,-1.3891165,24.217476,1.3622522,-1.5810357,-13.132732,1.5752755,1.4939878,-25.40671,-3.4507325,1.8033545,-11.973324,-4.189195,-0.5996837,-9.356226,-2.9247506,-0.03957871,-13.843577,-5.101684,0.16778074,-8.521285,-6.243696,-0.98256195,-1.5287027,-4.675197,-1.1437998,-1.4452441,-2.5686336,0.062439565,2.1365309,0.4122614,-1.089609,0.72582227,0.5010211,0.42073753,0.5576334,0.6056597,0.6731125,1.0,0.9625587,0.6195388,0.4099639,0.44360203,0.8174401,5.5483737,-5.1823792,-6.324449,6
2.4729251700680273,0.03418902,4485.157890684238,2552.2260148375526,7934.9853515625,24.276395797729492,0.0,0.01000123296498612,-419.4292,24.799757,0.99404746,-35.611183,3.132548,-0.8420497,-25.350574,-3.9474852,-0.31294015,25.386726,0.14979193,-2.1821952,-11.727472,2.8358784,1.482345,-36.12925,-1.8016784,3.679872,-15.764354,-4.548108,0.1111654,-12.656895,-2.104248,0.7550817,-20.910725,-4.2219462,1.9726044,-11.874084,-7.0504622,-0.72709984,-7.6245165,-5.1516275,-0.43956286,-0.07556397,-2.3493059,-0.22264028,7.966978,-0.985178,-1.728132,0.7034876,0.37645558,0.23690109,0.3368931,0.40566725,0.65854853,1.0,0.86876565,0.46970966,0.25907406,0.29468542,0.72804016,5.582339,-4.871493,-6.166035,6
2.48453514739229,0.04771276,4243.318045517903,2561.6878258297616,7816.552734375,23.324665069580078,0.0,0.010000047007977303,-388.2124,23.974632,-3.122125,-28.226974,2.140695,-1.8853879,-28.449806,-4.094778,0.5892992,24.995718,-0.92026985,-1.4502059,-5.5985355,3.3592436,0.8113226,-35.9011,0.08402167,3.6896186,-19.72998,-3.6410823,1.2246135,-19.66546,-0.8755598,1.861723,-27.111845,-2.1146889,3.3366182,-18.205364,-6.447243,0.41200373,-17.182007,-4.921095,0.4190115,-6.6060405,-2.4506106,-0.56469893,6.589209,-2.1191664,-1.9745917,0.7712333,0.36751202,0.22106598,0.3181148,0.4157953,0.7553476,1.0,0.79260546,0.40007475,0.23292534,0.2685813,0.7268525,5.440262,-4.543264,-5.944908,6
2.4961451247165534,0.0562214,4286.697634363872,2612.8273475241954,7773.486328125,22.572189331054688,0.0,0.010000127845232543,-355.36215,19.703495,-6.5199256,-27.643013,0.47422758,-2.4570649,-33.58531,-3.6718013,1.220007,19.558699,-1.5188104,-0.16329342,1.2555032,2.9547098,-0.73322624,-25.123909,1.8781662,1.8086872,-25.797752,-1.3840252,2.406911,-22.437359,1.1207465,2.6764133,-28.655731,1.0721024,3.7439687,-29.066177,-4.484911,2.0099347,-25.088585,-4.0833564,1.3776802,-11.48585,-2.6017272,-0.4111813,0.73284924,-2.7573206,-1.112489,0.8136791,0.4159901,0.36835688,0.48460186,0.5615729,0.8649248,1.0,0.77544254,0.36884123,0.2775459,0.29891193,0.735829,5.0876064,-4.3695374,-5.59741,6
2.507755102040816,0.06197287,4428.94964783899,2649.5143815402325,7848.8525390625,27.272579193115234,0.0,0.010000516719604524,-333.53073,12.8850765,-8.57094,-31.012127,-1.6269369,-2.371463,-37.408222,-2.2875614,1.3548489,12.622802,-1.7476676,0.6816237,6.54048,1.1912072,-2.7793217,-14.546585,2.7891688,-0.8307004,-30.308762,1.3979951,3.4487295,-19.680912,3.3574245,2.9022307,-25.505562,4.250261,3.3264112,-40.372883,-1.9130638,3.6479797,-29.502556,-2.8492486,2.1532834,-13.819307,-2.3600814,0.8286685,-6.650367,-2.3461533,1.0010399,0.79063886,0.49849278,0.69692504,0.8057396,0.7325428,0.9441303,1.0,0.80922335,0.35417768,0.3253383,0.33679876,0.69220877,4.741095,-4.41081,-5.3894334,6
2.5193650793650795,0.06675772,4565.356757256993,2657.9217568880977,7967.28515625,27.201549530029297,0.0,0.010000328604501662,-325.80722,5.3683558,-8.900964,-33.707203,-3.7460265,-1.8153014,-37.379913,-0.60677063,1.5545998,9.010704,-1.8611445,0.64977074,12.717268,-1.9199852,-4.28749,-7.1133595,2.2867486,-2.5181515,-31.660454,4.138499,3.723655,-12.783699,5.017726,1.9334474,-17.264309,6.3446946,2.0755253,-46.50305,1.1286695,4.5677323,-30.659431,-1.1245857,2.1244636,-15.260417,-1.1704834,1.7940962,-14.729399,-0.94916177,2.8980742,0.6246856,0.5813581,1.0,0.9816193,0.74557674,0.8575037,0.8737434,0.7378758,0.30815464,0.31060353,0.32975128,0.54463327,4.526074,-4.9229956,-5.3482814,6
2.5309750566893423,0.06773232,4681.3812609764,2633.8633933268775,8042.6513671875,21.819772720336914,0.0,0.010000127845232543,-326.32605,-1.4551371,-7.203747,-39.166496,-5.1892595,-0.98739034,-38.83988,1.148168,2.0398865,12.792629,-1.8901793,0.19586019,10.221887,-5.547068,-4.5621223,-8.89529,0.907652,-2.4497342,-22.723633,6.585845,2.9431286,-4.432292,5.5477123,-0.1400845,-6.7875156,7.1166034,0.086288676,-38.261223,4.3936386,4.1269236,-29.580399,0.5474105,1.4971012,-20.293344,0.49143204,1.892594,-17.891785,0.5677973,2.83309,0.4130188,0.58807224,1.0,0.84323174,0.5790912,0.6084028,0.5933627,0.4985043,0.23424305,0.2900397,0.3338919,0.42080155,4.418378,-5.40798,-5.60714,4
2.5425850340136056,0.06307967,4791.537826199459,2602.3069210913795,8118.017578125,19.57944107055664,0.0,0.010000016226422834,-338.3258,-6.4653497,-3.816818,-45.985565,-5.617476,-0.21396399,-38.95446,2.944948,1.9735276,15.879501,-1.5233698,-0.27826336,0.9642591,-8.54129,-3.4250457,-13.284219,-0.63895744,-1.1751778,-8.037104,8.207261,1.1267056,6.804583,4.8946705,-1.8260492,6.088077,6.6213307,-1.634552,-25.129452,7.08812,2.284409,-26.153934,1.6887168,0.73322904,-20.915462,1.9185855,1.7133267,-13.771768,1.4709378,1.2430475,0.35861483,0.6863988,1.0,0.7308457,0.5024444,0.5034199,0.4446168,0.35710776,0.24976943,0.343002,0.4252913,0.45568594,4.295598,-5.9241176,-5.7806997,4
2.5541950113378684,0.05629267,4948.986833874546,2578.852543157349,8311.81640625,16.65982437133789,0.0,0.010000000417925077,-356.91113,-8.739779,-0.36289522,-53.511276,-5.57091,0.351751,-34.283684,4.0651255,1.2745011,13.871425,-0.88219494,-0.18064936,-15.559076,-10.599328,-1.5269088,-18.708494,-1.6528453,0.034179106,6.1636667,8.63859,-0.8662417,16.379032,3.543289,-2.5024006,16.65121,5.0577974,-2.7319539,-12.888569,8.54655,-0.007916835,-22.778461,2.447473,0.29933366,-13.429247,2.854711,1.11614,-0.6456506,1.7655665,-0.66201675,0.44545153,0.87446266,1.0,0.6887481,0.5319215,0.5024736,0.37548214,0.31907654,0.33692685,0.46528977,0.60798156,0.6424107,1.7744145,-9.372031,-10.821889,2
2.5658049886621317,0.05146921,5184.475048029639,2519.8330231895175,8387.1826171875,13.958240509033203,0.0,0.010000002871100366,-372.69916,-8.762836,2.039601,-61.628487,-5.1862917,0.8964734,-27.034237,4.1659904,0.028726578,7.6099195,-0.27431878,0.52832043,-33.831573,-11.442862,0.65963656,-22.055141,-2.013475,0.6460434,16.116287,7.8045034,-2.3243048,17.142502,1.8991315,-2.2760656,19.38599,2.8543894,-2.943165,-1.427916,8.513406,-1.6402773,-19.743826,2.8441312,0.09928584,-6.182094,3.3561893,0.16457558,9.218359,1.6073447,-1.9310771,0.62622994,1.0,0.8963895,0.727846,0.5724172,0.47132325,0.37859172,0.3842753,0.45637587,0.6116742,0.80939883,0.8789012,1.8337938,-9.573977,-10.95912,2
2.5774149659863945,0.050524637,5363.647718901451,2430.2505492608743,8344.1162109375,16.1732177734375,0.0,0.010000078102280324,-382.21686,-7.536017,2.9875581,-66.2576,-4.1998,1.3020664,-17.309225,3.3221734,-1.6696719,3.2631023,0.13790849,1.3540082,-48.501217,-10.468412,2.3525918,-20.964226,-1.44462,0.73173004,23.480114,5.8688765,-2.6334307,10.938286,0.21748388,-1.5595747,16.689434,0.6598207,-2.3169734,7.884961,7.2466397,-1.9205037,-17.46784,3.0916998,0.1453872,-1.9936459,3.380195,-0.9640152,5.500271,0.77743113,-2.1023743,0.8033131,0.94495976,0.82986987,0.85385984,0.5227049,0.3689598,0.37773532,0.4098423,0.49376905,0.6769591,0.9125276,1.0,1.9057977,-9.711205,-11.112452,2
2.589024943310658,0.053570833,5375.754658997462,2301.6328328165914,8171.8505859375,18.64766502380371,0.0,0.010006178555334078,-384.73557,-5.881965,2.1184542,-67.92421,-2.8609514,1.509957,-10.797229,1.685483,-2.8421683,4.1586204,0.76597273,1.511092,-55.86291,-8.040983,3.3822646,-19.970848,-0.40769336,0.83139646,25.859314,3.7330537,-2.1026702,7.8523703,-1.2753363,-0.6026584,14.833149,-1.0247271,-1.0591655,12.181506,5.6706977,-1.635246,-15.942157,3.2904525,0.333689,2.1685002,2.5131726,-1.5669026,-2.6014738,-0.520341,-1.246803,0.89616585,0.86098635,0.8670139,0.93552655,0.46431437,0.29487252,0.35658327,0.3811494,0.45555264,0.6439763,0.87549216,1.0,2.0365517,-9.776281,-11.254169,2
2.6006349206349206,0.060267195,5253.09316752815,2199.4430453052482,7934.9853515625,21.585622787475586,0.0,0.010191075496968311,-383.89243,-5.073755,0.0049248235,-71.45674,-1.4376729,1.4439701,-10.113737,-0.39215672,-2.9232292,9.861099,1.4878851,0.79006416,-62.953796,-4.805885,3.512667,-21.468948,0.73099643,0.9150625,26.990034,2.0386133,-1.2994443,7.7216005,-2.158773,0.018669177,11.225351,-1.7530428,0.15125571,14.813473,4.118089,-1.3294107,-11.487223,3.4808962,0.36078605,3.0964777,1.0827203,-1.4618981,-6.7063727,-1.6059207,0.24925469,0.85209453,0.75087494,0.79810727,0.8486136,0.4210841,0.25963345,0.3183355,0.37924734,0.46840695,0.6042586,0.8570104,1.0,2.143155,-9.771281,-11.453311,2
2.6122448979591835,0.066593386,5064.790017284728,2126.1299551241914,7698.1201171875,22.682861328125,0.0,0.010467533617069905,-384.54367,-5.64317,-1.965745,-73.12799,-0.0879144,1.2329522,-14.756897,-2.3187685,-2.0522356,15.607091,1.9957099,-0.25765967,-67.394775,-1.8120812,2.9029686,-23.977993,1.7228857,1.0870669,26.844528,0.9627763,-0.61691076,7.4241476,-2.2447507,0.009040042,7.6597905,-1.3194757,0.9597429,17.543156,2.6702769,-1.0731562,-8.000889,3.6422555,0.2218066,3.139175,-0.0031524857,-1.0108547,-6.1299133,-1.4918232,1.2917095,0.7115916,0.57589495,0.6235095,0.6549281,0.36724684,0.22948709,0.26718298,0.3703648,0.4863865,0.5692916,0.8775117,1.0,2.167682,-9.773044,-11.602638,2
2.6238548752834467,0.067851745,4908.765875960616,2071.872711961239,7472.021484375,17.8911190032959,0.0,0.010622609040911533,-388.20316,-6.5407925,-2.2520201,-71.26002,0.7002495,0.8395583,-23.299679,-3.6467195,-0.59428185,17.933552,1.8221618,-1.0233668,-66.329834,0.25760242,1.8828729,-21.685106,2.6023946,1.3179665,26.29935,0.38489956,-0.119216956,5.0165415,-1.78469,-0.017244639,5.7821493,-0.15599301,1.4640462,21.180538,1.6729351,-0.7865442,-3.4157205,3.6729038,-0.09383006,2.0180886,-0.39365718,-0.27539334,-5.976389,-0.31675372,1.2471024,0.6375428,0.4806254,0.506743,0.5479802,0.3590042,0.22562517,0.24429919,0.35635513,0.4830803,0.54755133,0.8704818,1.0,2.2050927,-9.7794075,-11.897122,2
2.6354648526077096,0.06350476,4842.637439269543,2048.6204815668884,7385.888671875,10.978826522827148,0.0,0.011085791888943373,-396.74512,-6.6997285,-0.5715368,-68.53874,1.0558525,0.30184314,-29.847761,-3.9073353,0.75769556,18.674412,0.93375605,-1.2764859,-61.177673,1.4135048,0.87061507,-16.079554,3.401628,1.057059,26.615337,0.31710386,0.11365927,1.859755,-1.3355273,0.3976389,6.0980873,0.9977165,1.5605197,23.161522,1.2342656,-0.53440285,1.3141726,3.4227083,-0.49842831,-0.73654115,-0.47519812,0.3745171,-6.853031,0.74234277,0.7184177,0.5828257,0.3960886,0.4184784,0.51914716,0.36522582,0.21748297,0.22479387,0.32266268,0.43580553,0.49138296,0.81180996,1.0,2.1254835,-9.857156,-12.099232,2
2.647074829931973,0.05566215,4780.993290027107,2024.9877046968354,7299.755859375,12.584366798400879,0.0,0.011422334250709076,-412.0378,-5.723093,1.8862474,-66.09152,1.174331,-0.36724862,-34.070747,-3.2629185,1.4691463,17.69399,-0.049634155,-0.89298815,-55.3405,2.0715897,-0.1511054,-10.863012,3.7423306,0.082591556,27.212658,0.4351863,0.23145892,-1.4725752,-0.8114543,0.9315816,7.568477,1.7609161,0.8707079,22.452488,0.8732312,-0.36064872,4.630105,2.8827035,-0.67876154,-3.5211432,-0.43468162,0.46596846,-6.060478,1.052178,0.17086065,0.52265775,0.2880249,0.3120681,0.48209608,0.3731849,0.2055561,0.19484289,0.2722498,0.3599134,0.42935234,0.7359904,1.0,1.9464486,-9.850561,-12.196612,2
2.6586848072562357,0.0477594,4744.805319489502,1995.626879878414,7073.6572265625,12.766959190368652,0.0,0.011422334250709074,-427.89853,-3.2927241,4.1447763,-62.813675,0.8601069,-0.7839188,-36.42287,-2.3801513,1.2414496,17.446392,-0.19886948,0.086228095,-52.38194,2.441625,-0.48211372,-5.6793737,2.8503728,-1.5338979,27.553183,0.27533537,-0.11296563,-3.5480413,0.2810855,1.5237826,12.162905,1.2327721,-0.78869075,20.618816,-0.18622236,-0.8045021,7.6705084,2.5659626,-0.5341089,-3.3616405,-0.6840529,0.015777586,-2.5451438,0.44458988,-0.6145903,0.56824607,0.25676477,0.26267365,0.44863376,0.42413452,0.2371162,0.17711757,0.23917103,0.31486413,0.37747097,0.65701216,1.0,1.7646376,-9.888653,-12.212055,2
2.670294784580499,0.047632348,4783.559374139351,1959.9855905036525,6826.025390625,20.937885284423828,0.0,0.013980210380185928,-430.83347,0.64738107,5.695333,-63.41668,0.11803093,-0.9251353,-37.039566,-1.3833032,0.72753006,15.9464245,0.20842889,0.7889214,-52.608833,2.9155889,0.21499105,0.0755097,1.1189218,-2.491732,27.929192,-0.6742465,-1.0393224,-1.2935697,1.6489635,1.6692976,18.571085,-0.41894555,-2.486646,21.426907,-1.8259503,-1.5261328,9.528788,1.8565894,-0.611862,0.5268415,-1.512875,-0.9967046,0.5645496,-0.3195163,-1.231756,0.7803715,0.29819775,0.24750991,0.40981033,0.55743176,0.38396847,0.19044887,0.21888027,0.30515218,0.33036774,0.55364066,1.0,1.329534,-9.81502,-12.134287,2
2.681904761904762,0.056384504,4829.296179599516,1958.838000481807,6901.3916015625,27.031681060791016,0.0,0.013980210380185928,-422.38962,6.065539,6.362224,-64.56575,-0.9394159,-1.0787336,-35.687134,-1.0150242,0.034547567,12.741207,0.7081249,0.98163503,-52.672813,3.7405503,1.350489,3.0403957,-0.5767072,-2.3673227,29.32885,-2.2439668,-1.9537482,1.6892129,2.9567504,1.3876902,21.591457,-2.1994429,-2.9940667,23.879597,-3.6123064,-2.1883314,9.789304,0.73986864,-0.98905784,1.6029711,-2.4281535,-1.6906617,1.3091135,-0.97277474,-1.32476,0.9432403,0.3202989,0.22766143,0.3543256,0.60577923,0.46386868,0.19767343,0.2061941,0.29821295,0.29675564,0.5115716,1.0,1.0868697,-9.864153,-12.065971,2
2.693514739229025,0.064388186,4857.423635847656,1982.6251225891115,6998.291015625,23.135351181030273,0.0,0.010467533617069905,-412.25085,11.929698,5.697227,-65.616394,-2.1531465,-1.1989466,-34.846115,-1.3174329,-0.68637013,12.566568,1.2499182,0.8163752,-51.980858,4.561358,1.767916,0.9218661,-1.5693517,-1.2906431,30.605206,-3.740807,-2.1531649,4.3579917,3.5505214,0.43108767,19.27967,-3.4902692,-2.112371,23.672102,-5.2447553,-2.3998046,10.349347,-0.6682109,-1.5237582,-0.86969554,-3.1622448,-1.5274385,-0.8504143,-1.4030881,-0.68440306,0.9820519,0.32471752,0.22015701,0.32662565,0.5898411,0.4889882,0.21703538,0.21843031,0.29721093,0.29483435,0.5031674,1.0,0.92782414,-9.939157,-12.279588,2
2.705124716553288,0.068700515,4739.211336883613,1994.6619995249127,6890.625,25.851192474365234,0.0,0.010073751764282884,-398.3776,16.070187,3.4614117,-67.11431,-3.233732,-1.0603623,-38.137447,-2.0494773,-1.1469798,20.05278,1.6024617,0.397288,-46.467476,5.179217,1.1371261,-10.472236,-1.8490105,0.25162357,26.209278,-4.759229,-1.5004345,12.174862,3.3055234,-0.7068812,5.5308933,-4.058013,-0.18769722,12.778505,-6.4648547,-1.7418214,14.702513,-2.2315087,-1.8750173,-7.137532,-3.6268814,-0.508496,-9.042875,-1.4540397,0.4104179,0.96961,0.3262455,0.20299909,0.27639514,0.52129114,0.68440884,0.5081219,0.39605686,0.32310072,0.288704,0.5028054,1.0,0.9793757,-9.835851,-12.251501,2
2.716734693877551,0.080318384,4681.47711538974,2046.9568530577994,6826.025390625,47.33806228637695,0.0,0.010009025493342986,-378.5388,16.78077,0.13920349,-70.35742,-3.749116,-0.6945356,-37.628212,-2.900607,-1.130317,23.766216,1.715856,-0.29262584,-35.235752,5.2758865,-0.23420398,-17.17915,-1.427869,1.6917069,14.350007,-5.0658255,-0.13809289,17.790066,2.4578774,-1.4141883,-8.289373,-3.5407367,2.0166843,0.15354526,-7.0008025,-0.12999797,11.002546,-3.5757015,-1.7714775,-18.44117,-3.4820712,0.98892874,-12.695347,-0.87023056,1.4326048,0.8670147,0.33153558,0.2014694,0.25816587,0.46441692,1.0,0.9209115,0.67827034,0.4150151,0.27732173,0.45302716,0.8619847,1.0939698,-9.651872,-12.186571,2
2.728344671201814,0.10275751,4732.907958803597,2105.6146720023908,6933.69140625,48.84260559082031,0.0,0.010001873046012551,-350.29242,13.877366,-4.0811896,-76.73031,-3.73434,0.08363027,-42.0961,-3.599458,-0.66985065,24.283886,1.4662669,-0.9579478,-23.262207,4.546494,-1.7121047,-17.808216,-0.3076105,2.3589518,2.6057737,-4.5423822,1.5280871,22.489689,1.3730661,-1.7312362,-11.861309,-1.8598596,3.4384227,-10.940008,-6.5143013,1.7628922,3.9117296,-4.543059,-1.179692,-23.731743,-2.3357182,2.2084372,-12.865894,0.41004187,2.0563962,0.55713254,0.2657783,0.23389496,0.30240676,0.40809608,1.0,0.9454079,0.71186113,0.43471634,0.24707621,0.3415566,0.57709765,1.3001186,-9.655264,-12.322475,2
2.7399546485260773,0.12653932,4752.377515778131,2095.597013630737,6836.7919921875,52.68553161621094,0.0,0.010004191052795272,-323.44727,8.021978,-8.436634,-83.843735,-3.0645866,1.1351948,-48.670418,-3.8419025,-0.031377975,25.576855,0.63635284,-1.1883435,-18.997807,2.8540094,-2.8974721,-13.301168,1.1678618,1.8963859,-2.6194057,-3.0259817,2.8970978,20.09372,0.1656569,-1.6016088,-9.322029,0.5424385,3.4472423,-19.137772,-4.7289834,3.1364524,-4.5391564,-5.0647497,-0.12256167,-24.008106,-0.4081365,2.773465,-10.148292,2.268921,2.174658,0.5103152,0.28635445,0.40309232,0.4564123,0.51004577,1.0,0.89613277,0.7136981,0.46104175,0.28059253,0.37817866,0.6275871,1.1646456,-9.697109,-12.25366,2
2.75156462585034,0.13890375,4745.593069642129,2074.827254794667,6761.42578125,51.51750564575195,0.0,0.01000419105279527,-311.862,0.4276128,-10.74122,-88.73183,-1.7530938,2.0536017,-54.541885,-3.4981081,0.5999327,25.689243,-0.5169509,-0.88482136,-18.793537,0.24662635,-3.3060567,-8.432462,2.3865168,0.43148044,-3.4984713,-0.45135552,3.4029546,16.236086,-0.9292498,-0.76647764,-4.168812,2.658968,1.6485842,-22.641052,-1.79295,3.4536474,-12.475676,-4.836582,1.2421284,-22.303425,1.6200057,2.2835863,-6.2723713,4.117482,1.5462538,0.63885826,0.39791682,0.65703434,0.6407285,0.65131724,1.0,0.83369416,0.69866115,0.47785053,0.3372122,0.4695394,0.8253253,1.2258638,-9.6922865,-12.396829,2
2.7631746031746034,0.13308251,4730.792625511118,2062.2929881564,6707.5927734375,29.516204833984375,0.0,0.010006178555334078,-318.44073,-6.539437,-9.013551,-90.01119,-0.034254838,2.3725305,-58.505795,-2.7103293,1.4510342,24.410316,-1.0473971,-0.48722917,-21.172836,-2.1630874,-2.377386,-3.7923691,2.3255024,-0.9467523,-0.9245182,2.4148388,2.811783,14.217867,-1.5557247,-0.040685453,3.4291387,2.9521902,-0.9163755,-21.36008,0.7963136,2.733953,-17.266052,-3.656808,1.8228595,-18.056671,2.8891559,0.73992115,-1.1981015,4.447564,0.15786138,0.77089,0.5352635,0.90473896,0.78878397,0.7513532,0.9222523,0.7116785,0.6149981,0.45510724,0.38283598,0.5395942,1.0,1.3223622,-9.415268,-11.7065735,2
2.7747845804988662,0.11255584,4673.299168837206,2035.1463971387554,6664.5263671875,9.897770881652832,0.0,0.010006178555334078,-341.6174,-11.628801,-4.1781163,-88.104416,1.6307517,1.8405799,-60.971474,-1.4921985,1.5883664,22.581509,-1.1672256,-0.07938363,-25.477875,-3.570556,-0.80238324,-0.027467579,1.3304685,-1.7056035,3.9366364,4.435739,1.5724673,12.283772,-1.9269371,0.25086018,10.689479,1.8444549,-2.3858564,-17.52818,2.4892912,1.3642544,-20.170513,-2.2252378,1.7518692,-11.567888,3.1105564,-0.48989686,5.698491,3.8376498,-1.1435999,0.76398605,0.5596423,0.8781519,0.69837373,0.63934237,0.68686897,0.4814396,0.38774627,0.34345183,0.34901303,0.5068006,1.0,1.3886812,-9.427554,-11.397597,2
2.786394557823129,0.09008708,4579.019651750714,1955.930189427914,6470.7275390625,21.772829055786133,0.0,0.01010197459374499,-374.14795,-14.058203,0.9778906,-83.01535,2.790798,0.81615365,-61.798897,-0.08810234,1.440929,19.541925,-1.1410633,0.3399604,-33.061543,-4.002489,0.25896865,1.5688891,0.014177185,-1.6922224,11.083285,5.160379,0.22527835,10.110662,-1.8881177,0.022573471,15.764929,0.20136839,-2.683183,-10.850565,3.2162397,-0.06417241,-21.235981,-0.86235106,1.2935838,-4.2183046,2.6103914,-1.2406392,14.73037,2.7359452,-1.9020255,0.76345694,0.51857793,0.65761614,0.49284226,0.4692464,0.47664002,0.28773367,0.23005164,0.27555156,0.30869305,0.48508212,1.0,1.525273,-9.622127,-11.410042,2
2.7980045351473923,0.07928855,4501.523902568303,1840.8051047692297,6061.5966796875,11.809992790222168,0.0,0.012403124793551348,-400.84567,-12.935139,4.8138976,-76.688354,2.9417572,-0.46926036,-60.584526,1.638389,1.5824039,16.609558,-1.1143095,0.36758146,-42.747147,-4.316578,0.46099952,-0.0030880142,-1.0654174,-1.1816598,20.799833,4.836419,-1.0240557,10.567589,-1.501704,0.11811195,12.911501,-1.274757,-1.9181277,-2.013,3.5421276,-0.6280591,-18.444477,0.30335113,0.82501596,-1.0743817,1.7854325,-1.4735229,20.630331,1.3444859,-2.1441178,0.727017,0.39664903,0.3399972,0.28852934,0.35488614,0.33740005,0.19857287,0.19700558,0.2592167,0.26394615,0.4700366,1.0,1.2266672,-9.962275,-11.631132,2
2.809614512471655,0.0791208,4514.646031802566,1839.2475162301307,6136.962890625,29.779403686523438,0.0,0.011853505394683411,-405.9262,-8.99062,6.412658,-71.473755,2.143439,-1.5460465,-56.245193,3.1622078,1.5244762,17.605404,-1.1729116,0.062091384,-44.365406,-4.564478,0.16836263,-5.186738,-1.8105154,-0.4489691,28.21692,3.8611596,-1.7804171,9.375376,-0.91303635,0.54161036,1.1558189,-2.193608,-0.41339216,-0.018828511,3.7146587,-0.38553175,-16.810297,1.0838085,0.47237146,-4.6756372,0.7506822,-1.2164382,13.4639015,-0.042863034,-1.716347,0.7048353,0.28820178,0.19017707,0.233991,0.33468857,0.29595435,0.17565432,0.19984666,0.26237467,0.28293833,0.48352656,1.0,1.2696226,-9.980169,-11.727873,2
2.8212244897959184,0.07839166,4484.26529440735,1877.2792458581343,6233.8623046875,16.16768455505371,0.0,0.016467587593113005,-404.4466,-3.927708,5.5001245,-69.317215,0.7912988,-2.0288992,-54.9534,4.2241263,1.0845464,18.51103,-1.2085913,-0.22690831,-42.845863,-4.4097347,-0.039763156,-9.492012,-2.169509,0.21445648,30.86351,2.7265997,-1.7649977,5.4854393,-0.18586099,0.89615494,-3.6769753,-2.1052098,1.2812481,-0.881251,3.6436002,0.01903245,-16.286598,1.6021516,0.25343484,-5.6468625,-0.2529733,-0.6407809,9.556239,-1.0939484,-0.656601,0.6867319,0.2691177,0.18691468,0.23435533,0.3225573,0.25892544,0.16440806,0.21312767,0.28384995,0.31391466,0.50614506,1.0,1.3614117,-9.886416,-11.755734,2
2.8328344671201813,0.070519336,4522.907955813943,1916.4054568316026,6438.427734375,16.683956146240234,0.0,0.016467587593113005,-406.33206,0.030889893,2.6670659,-68.66546,-0.47302043,-1.5846109,-50.910355,4.9908524,0.6385836,18.74001,-1.0867354,-0.2928445,-45.082294,-3.8545547,-0.091933474,-11.602758,-2.01044,0.6733528,30.228271,1.6763449,-1.0903231,2.6852305,0.46584195,0.97383046,-6.0892262,-1.088303,2.3416975,-1.763448,3.1506217,0.1667837,-15.275617,1.8092917,0.12037188,-6.658552,-1.067077,-0.18239082,7.9554677,-1.5299449,0.5920601,0.66647583,0.27022594,0.20916076,0.26238024,0.34270477,0.25884345,0.17217737,0.23010837,0.3074427,0.35876897,0.5315028,1.0,1.3897767,-9.9631405,-11.685107,2
2.8444444444444446,0.06408893,4735.3425352585755,1994.4103562039695,7030.5908203125,17.638296127319336,0.0,0.013980210380185928,-400.61142,1.3703353,-0.38236707,-72.89377,-1.0818574,-0.40854922,-40.060093,5.431935,0.24639148,15.7467,-1.0795885,-0.20594288,-54.10015,-3.3453538,0.040820546,-12.134752,-1.3116604,0.8955529,27.936377,0.72433597,-0.30263108,5.9429913,0.87265116,0.7910776,-5.3158884,0.5439381,2.1344786,4.7619905,2.2988825,-0.2295933,-12.466614,1.7378848,0.07925302,-6.916707,-1.4639547,-0.15605365,5.4174824,-1.0258256,1.332244,0.60819685,0.30188006,0.2841878,0.3434824,0.42141616,0.3316984,0.21170956,0.30279112,0.38821962,0.49471378,0.68309355,1.0,1.620911,-9.984688,-11.482569,2
2.8560544217687074,0.06792154,4875.284384845872,2025.8407437156409,7310.5224609375,24.79507064819336,0.0,0.012403124793551348,-392.06223,0.53808594,-1.8748119,-78.285324,-1.0767659,0.7100825,-33.608265,5.3478394,-0.2863436,11.868338,-1.677286,-0.29250848,-62.138245,-3.1796513,0.6832286,-12.911581,-0.20235157,0.98465586,26.90466,-0.081251174,-0.102081776,10.261161,1.1178014,0.14004081,-2.396759,2.1552725,1.0874128,12.815678,1.6035632,-1.1099796,-10.306501,1.5762889,-0.19678903,-7.9215803,-1.3983053,-0.25237927,4.5256834,0.119103916,1.0489266,0.5288962,0.34121302,0.3470692,0.41940725,0.4900298,0.38665697,0.23410502,0.35953674,0.4494472,0.5920481,0.871136,1.0,1.7986592,-9.803602,-11.503439,2
2.8676643990929707,0.0725754,4940.229159928225,2065.4330036225947,7439.7216796875,18.922353744506836,0.0,0.010622609040911533,-387.11298,-0.64434713,-2.2346106,-82.38182,-0.85112137,1.0788208,-30.348478,4.8886447,-1.0230793,10.355606,-2.7697814,-0.84731597,-63.960648,-2.66819,1.3511386,-14.039913,0.7009658,0.9067064,28.89849,-0.6626503,-0.4021066,13.367819,1.0272936,-0.74380046,3.6575532,2.9751158,0.35643595,16.4248,0.8678875,-1.7137094,-7.7079496,1.2321106,-0.5774445,-9.168139,-1.0963906,0.21359669,5.926314,0.66947573,0.5698606,0.5341349,0.34818384,0.3668149,0.444004,0.5091083,0.3984317,0.23913567,0.36706117,0.44611505,0.5960309,0.8995402,1.0,1.8689737,-10.026637,-11.399643,2
2.8792743764172335,0.06845307,5043.9404568182235,2154.095600137513,7655.0537109375,17.047691345214844,0.0,0.01010197459374499,-391.8749,-1.8664764,-2.0976567,-81.540634,-0.36119995,0.99628216,-24.654942,4.0220413,-1.2111441,11.490975,-4.001912,-1.4260484,-63.269745,-1.5468218,1.4763361,-13.536986,1.3070124,0.7223957,31.54238,-1.0822537,-0.76503974,14.440839,0.6030778,-1.1147298,8.566862,3.43553,-0.08171105,14.752346,-0.13212372,-1.7266927,-6.355895,0.7685986,-0.7220319,-12.213709,-0.3965774,0.8687443,8.313007,0.630348,-0.15569913,0.6332088,0.3280645,0.36566514,0.46485043,0.51988643,0.39284277,0.25689417,0.3489403,0.40326902,0.53568405,0.8193429,1.0,1.745901,-10.1535225,-11.368491,2
2.8908843537414968,0.0602375,5181.627690306032,2246.831185012598,7934.9853515625,15.440539360046387,0.0,0.010073751764282884,-403.0634,-3.156013,-0.9126969,-76.42879,0.5798294,0.6764012,-19.426174,2.9146433,-0.9095367,10.797182,-4.8962603,-1.5864733,-63.927822,-0.12666689,1.055779,-10.814152,1.660191,0.39665002,30.984192,-1.3740051,-0.8217236,14.023087,0.12750913,-0.59022045,10.921909,3.4124732,-0.3333457,9.094049,-1.3482411,-0.9166307,-5.7486095,0.39162344,-0.4649883,-15.303753,0.5403831,1.4096216,11.778526,0.108084,-1.0329297,0.77706903,0.30750716,0.3692103,0.5248761,0.5995697,0.4582831,0.3045932,0.3238943,0.35107753,0.46600965,0.6905013,1.0,1.5803754,-10.259633,-11.372545,2
2.9024943310657596,0.05476988,5336.144126052206,2298.3663927423954,8214.9169921875,14.152929306030273,0.0,0.010073751764282884,-409.4955,-3.6168945,0.72304493,-73.481964,1.659968,0.5147351,-18.228632,2.1252859,-0.818528,3.20379,-5.2943373,-0.9225476,-64.68986,0.7907235,0.56013286,-5.7870026,1.7836022,-0.10196737,26.01006,-1.6675565,-0.45964918,12.00515,0.04164998,0.22680293,12.964338,2.9075532,-0.5516172,5.379544,-2.0347297,0.10967068,-6.718981,0.22394793,-0.09386417,-15.067113,1.6199962,1.5496004,13.277767,-0.6778977,-1.3959142,0.89853054,0.35863942,0.40175036,0.5863175,0.6979078,0.60801655,0.34572312,0.3009024,0.328424,0.4363063,0.59918714,1.0,1.4841961,-10.168048,-11.214649,2
2.914104308390023,0.050567772,5516.584954424377,2337.221169540843,8548.681640625,14.520090103149414,0.0,0.010052967545965857,-410.56006,-2.8687968,1.9007964,-75.89032,2.45316,0.47859052,-18.690311,1.3623613,-0.83160084,-8.814425,-5.0928535,0.5255391,-62.96633,0.92838514,0.14742452,-3.8432906,1.6219983,-0.5937435,21.404078,-1.8275359,0.24784236,8.819937,0.29041466,0.7944635,15.799783,2.110853,-0.64934176,4.1296215,-1.8750932,0.79826826,-8.569069,0.12588994,0.20314303,-10.519747,2.6068473,1.2051687,11.479298,-1.3729961,-1.0363448,1.0,0.48042998,0.45495158,0.62515205,0.77859926,0.7479004,0.3753165,0.29436517,0.3288908,0.3923801,0.5151313,0.95680434,1.0654508,-9.978015,-10.886736,2
2.9257142857142857,0.04551084,5614.765502946881,2381.8923013003123,8656.34765625,13.578353881835938,0.0,0.010073751764282884,-414.16348,-1.405457,1.84441,-75.72598,2.7585967,0.5705725,-17.02746,0.5613288,-0.5834164,-18.64595,-4.2996716,1.9995037,-60.367386,0.8435251,-0.15556298,-2.5848978,1.1097434,-0.84979284,18.819565,-1.6104326,0.87082857,8.537877,0.6127349,0.80421627,20.110332,1.4067086,-0.757156,2.2797277,-1.2187142,0.90230423,-8.953391,0.05887518,0.2068957,-4.7982635,3.2852073,0.37974972,7.0252314,-1.8093175,-0.28260842,1.0,0.6060133,0.49187374,0.57388526,0.7112021,0.7228954,0.36267713,0.26188686,0.289692,0.32017854,0.41463464,0.8150839,0.98972213,-10.045651,-10.814833,2
2.9373242630385485,0.041263312,5616.784723857684,2421.0048090881314,8634.814453125,9.866331100463867,0.0,0.010259050559778863,-415.24698,-0.59422,0.55216724,-71.37625,2.8902218,0.63330805,-16.211708,0.06904205,-0.29008496,-23.154675,-2.8690896,2.6673179,-57.47043,0.88596356,-0.31444955,-2.0127053,0.4043984,-0.7781253,18.520409,-0.9811577,1.0051812,12.030954,0.7597866,0.28485265,21.820408,0.8664948,-0.8079514,0.9311265,-0.4901318,0.6109824,-7.085764,-0.030529944,-0.0019397034,0.23570673,3.3438275,-0.57682186,1.1463996,-1.9526657,0.49098605,1.0,0.6988065,0.5391381,0.5197379,0.59796435,0.68297076,0.4009532,0.26752782,0.27801046,0.2879264,0.36243242,0.6932801,0.96422523,-9.950172,-10.904118,2
2.948934240362812,0.039006878,5501.12796402335,2402.934722033937,8462.548828125,12.83752155303955,0.0,0.01010197459374499,-412.1967,-1.8799189,-1.6167748,-64.68192,3.323158,0.43747663,-16.329262,0.0058944384,-0.106885254,-22.442646,-0.95844746,2.260663,-56.83661,1.1063457,-0.087706126,-2.3967133,-0.11893239,-0.35639498,18.431309,-0.22947118,0.65037143,16.140827,0.63766086,-0.5085768,20.603195,0.31069025,-0.70203257,1.392402,-0.025120424,0.37531313,-5.410059,-0.10195296,-0.29251173,4.4217544,2.674446,-1.2323924,-1.3391514,-1.7250321,0.8654071,1.0,0.7554009,0.58785665,0.5353804,0.59330904,0.7326436,0.50191265,0.33642542,0.3008227,0.29823944,0.40144682,0.70065767,0.93050045,-9.769862,-10.861726,2
2.9605442176870747,0.039254993,5337.601760824912,2375.03335324238,8236.4501953125,13.240856170654297,0.0,0.010349055133375844,-407.6448,-5.571203,-4.5009804,-60.193718,3.9599998,0.07184619,-18.064844,0.2521501,0.22660756,-18.14862,0.91856563,1.3393807,-59.169037,2.0201159,0.9968542,-3.2663932,-0.015446092,0.19688225,19.34827,0.19026305,0.17042299,18.311932,0.14210162,-1.2154661,19.05735,-0.32566223,-0.49298,3.1747763,0.29727012,0.2621428,-5.301798,-0.16680622,-0.41797078,7.12103,1.4018234,-1.5385641,-0.5503117,-1.2556424,0.7255576,1.0,0.7683429,0.5981313,0.5759844,0.63009834,0.7604651,0.55576843,0.38498297,0.29652214,0.31968635,0.4780772,0.77398723,0.8234346,-9.891541,-10.979407,2
2.972154195011338,0.039537292,5299.65493370678,2382.215304168107,8225.68359375,9.80848217010498,0.0,0.010140046044704068,-406.99838,-8.081046,-4.674254,-57.866524,3.9987016,-0.24663709,-18.825342,0.4798197,0.5497614,-14.886467,2.0782444,0.41037437,-59.486557,3.2626865,1.908209,-4.704446,-0.2377541,0.11992946,20.623123,0.22920157,-0.2093059,17.544636,-0.5742814,-1.2172298,18.241325,-0.81606257,-0.15693907,3.7042828,0.46903443,0.0025330181,-6.8331633,-0.2488356,-0.2056453,7.812516,0.25810185,-1.3012531,0.31155747,-0.69975156,0.3236508,1.0,0.7335339,0.55099964,0.559416,0.58229804,0.64642256,0.5043578,0.36120182,0.25482887,0.32139364,0.52366745,0.8404065,0.8331429,-9.887005,-10.907024,2
2.9837641723356008,0.035907045,5300.723382332259,2410.6581595504185,8290.283203125,6.139370441436768,0.0,0.010073751764282884,-415.79886,-7.025211,-0.3213976,-55.396355,3.3799112,-0.5294339,-18.430294,0.5715124,0.40004718,-13.055198,2.086622,-0.49403757,-57.322186,3.3277485,1.0169736,-5.895588,-0.8466434,-0.42427582,21.431995,0.20008564,-0.23184292,14.618536,-1.05313,-0.4324222,18.20959,-0.8351287,0.12280342,3.6977723,0.21524058,-0.40768364,-8.64039,-0.40418664,0.091407865,6.5685463,-0.28021905,-0.51593196,0.3190993,-0.09140126,0.11301086,1.0,0.7129666,0.5269065,0.5469932,0.5491446,0.5623528,0.46885997,0.33445784,0.21595748,0.31514737,0.53959984,0.8629659,0.8133846,-9.918326,-10.892596,2
2.995374149659864,0.026802478,5314.105662748778,2453.004781890306,8365.6494140625,2.380322217941284,0.0,0.010037765502929688,-439.2483,-3.7913423,5.016657,-50.73043,2.4014547,-0.8563795,-16.973003,0.5442482,-0.023197364,-11.123598,1.454998,-0.9289085,-52.343544,2.9337373,-0.48752415,-4.6585693,-1.5140375,-0.9003487,21.438309,0.1424937,-0.16312289,11.14749,-1.2418602,0.34647658,17.442604,-0.5366108,0.28208923,4.0534344,-0.338519,-0.66602445,-9.70089,-0.41658762,0.28630212,4.2066393,-0.42929628,0.25625026,-0.44655016,0.1829448,0.1401981,1.0,0.6978938,0.52136153,0.5550268,0.54966,0.5397549,0.45721316,0.3299096,0.20699665,0.31923258,0.54683036,0.8704236,0.8629724,-9.856985,-10.779207,2
3.006984126984127,0.0155474,5485.764792163305,2597.5433555432096,8720.947265625,1.3276606798171997,4227.196193261513,0.010052967545965857,-476.33813,0.7239832,8.686515,-44.930786,1.4143186,-1.2514881,-13.21559,0.39135036,-0.5136426,-7.6164885,0.70825803,-0.8787173,-38.09411,2.322135,-1.772521,-0.0013538152,-2.124895,-1.0791253,20.290218,0.11657213,0.047170475,7.349509,-1.1143746,0.7304685,15.311522,-0.13198361,0.44855636,5.2971,-0.8883574,-0.6557513,-9.377449,-0.21082014,0.33153644,-0.26018247,-0.33819187,0.6714166,-1.7505294,0.21794538,0.23593402,1.0,0.69236577,0.5480315,0.62065876,0.6123771,0.5328037,0.4567622,0.37052053,0.27596495,0.37447524,0.568456,0.87158513,0.88701963,-9.972283,-10.751096,2
3.01859410430839,0.014938791,5667.7398687688965,2720.416938195986,9194.677734375,6.858499050140381,4227.196193261513,0.010052967545965857,-473.9965,5.7596784,9.042966,-43.754646,0.40961838,-1.4948035,-11.664021,0.03966271,-0.7590458,-6.0588036,0.25589326,-0.5922809,-28.667572,1.373696,-2.2421045,-5.871496,-2.6808789,-0.9617411,18.9058,0.2700688,0.3399481,6.8547583,-0.74830097,0.67557174,14.543294,0.21604799,0.5259117,4.579499,-1.2158463,-0.47904515,-7.9870977,0.09654738,0.23790376,-0.30914062,-0.18436578,0.57581556,-1.9619989,0.18656223,0.15335956,0.97135186,0.6776234,0.5980228,0.70013845,0.66211766,0.48882037,0.45530784,0.38073578,0.36049193,0.4433201,0.63665617,1.0,0.9763019,-9.776738,-10.644205,2
3.030204081632653,0.02601962,5474.253681589864,2639.0974843005847,9000.87890625,17.849651336669922,4227.196193261513,0.010191075496968311,-431.86615,10.457837,5.7633595,-45.78853,-0.72628105,-1.4110299,-14.025665,-0.3797557,-0.6632001,-10.350009,-0.0019909223,-0.24651645,-41.004196,0.22957954,-1.846091,-13.7502575,-3.2136238,-0.5486052,20.491055,0.6011634,0.53707683,10.279054,-0.28965223,0.37390152,15.910997,0.44219136,0.4077589,0.620963,-1.3368406,-0.12335949,-8.461027,0.28357598,0.059144184,4.1726675,-0.08227586,0.103813276,1.0321522,0.12928316,-0.07744234,0.92689943,0.6257787,0.5509497,0.6327589,0.5888699,0.4639077,0.43404517,0.30743736,0.28916603,0.3701529,0.576301,1.0,0.92482543,-9.768721,-10.8159,2
3.0418140589569163,0.038043015,5457.352978146843,2625.6373047282614,9000.87890625,20.716211318969727,4227.196193261513,0.010191075496968311,-402.26694,13.684516,-0.040753122,-49.136326,-1.9250357,-0.99038327,-16.07926,-0.7251243,-0.25933874,-12.240144,-0.18122292,0.12612979,-46.670692,-1.0021645,-0.8046838,-18.13441,-3.7270195,0.058431413,20.855732,1.0237789,0.53598064,10.6997795,0.16662711,0.10619113,17.487331,0.55999154,0.05565471,-2.6074631,-1.2467604,0.36004475,-8.528219,0.25004625,-0.121467166,5.9615927,-0.05888553,-0.42092502,1.8723581,0.053144425,-0.30916187,0.89906996,0.5995828,0.54002744,0.65539706,0.5919735,0.4514623,0.42013964,0.2900638,0.25983298,0.34101662,0.55467457,1.0,1.0239433,-9.745846,-10.883716,2
3.053424036281179,0.04855246,5519.826169700455,2638.244127704386,9087.01171875,17.885217666625977,4251.684091691332,0.010140046044704068,-383.61295,13.964392,-5.5695033,-52.074448,-2.9714644,-0.5591935,-17.78371,-0.8949731,0.28266376,-12.128285,-0.11525011,0.5603812,-48.026897,-2.2037647,0.43916216,-20.83678,-3.9941583,0.52413166,22.025993,1.4637805,0.3781488,9.9728775,0.5859495,0.04660846,19.517216,0.51604235,-0.37628454,-4.0098867,-0.95809495,0.7537054,-7.7109375,-0.013321098,-0.27148068,5.763229,-0.10718275,-0.7138823,1.5706043,-0.04200134,-0.38984007,0.86402714,0.5559553,0.5257028,0.69724727,0.6080036,0.41582632,0.38348034,0.2728206,0.23089056,0.30615136,0.535069,1.0,1.0261586,-9.769101,-10.874259,2
3.0650340136054424,0.054739118,5540.513048941501,2657.7917481618874,9151.611328125,19.66221046447754,4251.684091691332,0.010140046044704068,-374.35132,10.03844,-6.603636,-54.796295,-3.896178,-0.70089,-18.959692,-0.7005648,0.533894,-10.501599,0.3934346,0.7421731,-47.961487,-2.7973826,0.39486295,-23.536589,-3.4585655,0.38486034,24.469736,1.7566853,0.170225,9.295834,0.8945847,0.3579301,20.329094,0.11616306,-0.6855808,-4.2531843,-0.37279356,0.833485,-6.897483,-0.48834205,-0.48613882,3.6653285,-0.56761193,-0.56312567,0.31623763,-0.07397185,-0.10400894,0.8197155,0.51127225,0.5158166,0.6976587,0.59064424,0.36948636,0.3394423,0.26077756,0.21209824,0.26756763,0.517656,1.0,1.1117549,-9.658998,-10.930356,2
3.076643990929705,0.056402557,5634.1494255531325,2674.325584199976,9226.9775390625,15.415020942687988,4227.196193261513,0.010191075496968311,-371.89902,4.712702,-4.227876,-58.32392,-4.7267604,-0.96992505,-19.248743,-0.35662296,0.37472117,-9.750327,1.005924,0.39105374,-47.69786,-2.712215,-0.9043371,-26.457989,-2.5746274,0.52772295,26.820505,1.8727491,0.10469182,9.389555,1.1671168,0.71435386,19.838737,-0.47796437,-0.72596294,-3.6746387,0.54193515,0.78677034,-7.187281,-1.0264488,-0.7613771,1.1610025,-1.236063,-0.26120397,-0.9329002,0.04296733,0.4434638,0.78409976,0.49467698,0.5507551,0.73256105,0.58892804,0.35093257,0.32393965,0.28073224,0.2367436,0.27728155,0.53961706,1.0,1.0645485,-9.674191,-10.891075,2
3.0882539682539685,0.05586654,5757.320108870067,2692.7560590131434,9270.0439453125,15.14552116394043,4154.575492829486,0.010191075496968311,-374.19577,1.4302994,-2.0210838,-62.46881,-5.1779933,-0.7578349,-18.737656,-0.6535568,-0.31777796,-9.575596,1.0612382,-0.0593824,-48.770565,-2.9637308,-1.034188,-30.11721,-1.3185096,1.3030388,28.731575,1.9467238,-0.0612262,10.972868,1.3324498,0.38381186,18.65261,-1.0676272,-0.6111015,-2.345113,1.6361431,0.9663825,-8.325151,-1.4681532,-0.6537029,-0.12740731,-1.7835575,-0.30173266,-1.536337,0.26057926,0.54190785,0.7374442,0.5101892,0.62827015,0.8029088,0.60579896,0.33987316,0.31710723,0.31691185,0.2853508,0.31841284,0.59417415,1.0,1.1705071,-9.620658,-10.826026,2
3.0998639455782313,0.05663385,5686.5697880289845,2649.7605002758555,9205.4443359375,20.012903213500977,4130.646898772784,0.010259050559778863,-378.68527,-0.45062664,-0.5985435,-67.78444,-5.0142465,0.10538063,-18.003313,-1.6353499,-1.2729673,-7.442123,1.0228552,-0.18115368,-52.403805,-2.7868593,-0.060061187,-34.025032,0.23396127,2.0376563,30.809368,1.9275292,-0.10998026,13.845904,1.3003438,-0.17618193,17.295858,-1.6200027,-0.4317725,-1.3216344,2.3539095,0.83711314,-10.368282,-1.7239649,-0.23582311,0.07567483,-2.1666224,-0.41890377,-1.3282397,0.310083,0.20845926,0.66430175,0.4917886,0.6202707,0.7525283,0.5647366,0.3087129,0.2751129,0.31598577,0.3204465,0.35638958,0.60928386,1.0,1.4098616,-9.610541,-10.909176,2
3.111473922902494,0.06308955,5502.731345127974,2525.050112144854,8774.7802734375,29.16155242919922,4083.2023725641075,0.010467533617069905,-380.26962,-1.6580185,-0.28087962,-77.47177,-4.182819,1.2433981,-17.493801,-3.1453736,-2.0730398,-4.264962,1.1127725,-0.00561691,-61.110928,-1.8480704,1.416501,-35.147194,2.1235082,2.4734416,32.380795,2.0658748,0.13664171,17.607677,0.95864475,-0.7345594,14.584074,-1.8501432,-0.14146176,0.22955644,2.4562829,0.21862078,-14.114235,-1.7780762,0.19909322,-1.5555186,-2.3687384,-0.44849172,1.0289408,0.20673166,-0.27151778,0.64681363,0.47590864,0.53712624,0.6149359,0.48560193,0.27845755,0.2318707,0.30359125,0.33985755,0.3782446,0.616264,1.0,1.7889117,-9.619917,-11.142667,2
3.1230839002267574,0.07280732,5360.706508389956,2369.0079370456806,8344.1162109375,27.981515884399414,4059.684857430953,0.010467533617069905,-380.17633,-2.5361772,-0.65327257,-85.66522,-3.0060456,1.9664168,-18.259811,-4.791039,-2.256367,-3.8171182,1.169483,0.00467937,-68.46652,-0.492703,2.445191,-31.3708,4.2277384,2.4965255,34.481346,2.3544571,0.3866103,20.24911,0.34895888,-1.0579737,12.448774,-1.6447595,0.30052853,4.8010817,2.1229033,-0.5144843,-17.982658,-1.7007425,0.4048255,-4.9384823,-2.3492253,-0.15957713,4.221791,-0.046215255,-0.6322553,0.6628535,0.46476597,0.45280775,0.50382966,0.43026754,0.26613718,0.21482289,0.2946024,0.35578853,0.4040436,0.623513,1.0,2.1265056,-9.822496,-11.531727,2
3.1346938775510202,0.07876141,5205.729071460315,2263.848229683957,7988.818359375,24.122901916503906,4083.2023725641075,0.011085791888943373,-378.7342,-2.7884772,-0.7517685,-87.91028,-1.8107574,1.9570415,-26.56984,-5.8603745,-1.3959711,-6.250317,0.82880443,-0.3119571,-68.04573,0.8817762,2.4129443,-22.314476,6.086638,1.8504251,35.76233,2.4429188,0.26488367,17.709343,-0.41141158,-1.0150411,10.282485,-1.2271302,0.64103913,12.496836,1.6643825,-0.9515333,-18.4431,-1.579592,0.35917255,-9.883731,-1.9911398,0.5224683,3.5351405,-0.34938756,-0.6727619,0.70923465,0.44314536,0.3826202,0.42150617,0.38695806,0.2547416,0.20592146,0.2804515,0.36200494,0.41130918,0.6162026,1.0,2.2460117,-9.950252,-11.789697,2
3.1463038548752835,0.07741793,5023.18387993474,2210.623268117277,7795.01953125,19.62688446044922,4059.684857430953,0.011853505394683413,-381.42807,-2.5829005,-0.33325532,-85.031265,-0.57882386,1.3855202,-37.411777,-6.029339,0.19425325,-4.2681823,0.21825875,-0.5270229,-61.297184,2.237842,1.5317388,-14.530045,7.20207,0.635909,37.72676,2.3034508,-0.06842423,16.079422,-1.1901037,-0.70005554,7.4642467,-0.96696925,0.5494331,13.854712,1.0955554,-1.130941,-18.066238,-1.5319061,0.043067444,-13.167543,-1.3715048,1.1619956,0.58900726,-0.56369406,-0.32735002,0.8386489,0.43735933,0.33810753,0.37958926,0.37171012,0.2828867,0.22939274,0.27173898,0.37320203,0.4206614,0.5816262,1.0,2.2592747,-9.959913,-12.072724,2
3.1579138321995464,0.07337343,4825.124983943002,2164.5824431747715,7611.9873046875,24.895479202270508,4106.8561232764905,0.02031762855636058,-389.43283,-2.1125274,0.6218128,-80.31714,0.61427635,0.47862783,-48.537804,-5.2340565,1.8891395,-0.49051115,-0.38163185,-0.6240437,-51.82979,3.4056964,0.21408854,-5.194848,7.2238035,-0.69005704,42.844795,1.9888104,-0.47808617,13.689066,-1.8210175,-0.280881,7.254648,-0.9872814,0.02781858,10.492392,0.38895345,-0.9677627,-18.446838,-1.5624022,-0.36535183,-14.987636,-0.44962215,1.3862512,-1.6474644,-0.5940379,0.3091708,1.0,0.48251605,0.32151604,0.36225945,0.35385332,0.31906152,0.2554875,0.24967724,0.35853526,0.4212621,0.52193886,0.96950597,2.0775702,-10.293339,-12.446477,2
3.1695238095238096,0.07332462,4738.6834510463,2100.946974403728,7493.5546875,24.846923828125,4106.8561232764905,0.0229442191246386,-397.52634,-1.4241043,1.4986439,-78.79532,1.2697223,-0.18285699,-56.790977,-3.5863936,2.9665987,-0.11252771,-0.8695352,-0.8109063,-46.613598,3.7224236,-0.8708541,5.3106403,6.2132435,-1.6791778,47.248367,1.4735835,-0.8153857,11.444614,-2.0602438,0.06468424,9.70702,-1.1788574,-0.42614588,7.88579,-0.3102305,-0.36403206,-20.175959,-1.5862255,-0.41770917,-14.228544,0.64931875,1.249565,-3.1279569,-0.34294176,0.8123637,1.0,0.5264039,0.29882684,0.3169613,0.31272602,0.31956694,0.23670372,0.20120636,0.28912023,0.35355023,0.41360635,0.7914351,1.6625783,-10.886625,-12.757556,5
3.1811337868480725,0.08216152,4775.941092194696,2064.8615303912147,7428.955078125,26.952041625976562,4154.575492829486,0.03489742801962526,-396.9976,-0.5513936,1.8631321,-80.10782,1.3526028,-0.261331,-57.24253,-1.2294387,2.9644284,-4.415185,-1.3069423,-0.8275037,-46.31948,2.9611557,-1.3266232,12.494245,4.5314026,-2.1652427,47.002754,0.8541889,-1.0021843,9.604389,-1.6727666,0.36017156,10.848131,-1.3728914,-0.6415758,8.320231,-0.7354647,0.30160603,-22.476078,-1.5440747,0.0422886,-10.493015,1.5083706,0.6827787,-3.180964,0.15528007,0.75710726,1.0,0.5445513,0.26217848,0.27994555,0.2844534,0.309062,0.2108082,0.15493678,0.22928078,0.30644435,0.34706753,0.6447654,1.5591215,-11.123859,-12.740517,5
3.1927437641723357,0.09420652,4814.071203933303,2057.731144304922,7375.1220703125,28.21379280090332,4178.642703821395,0.04069733156888106,-393.53314,0.61076355,1.4284866,-79.823,1.2116647,0.065292574,-53.874275,0.90188587,2.069771,-7.347821,-1.6026726,-0.1166114,-44.910206,1.6891954,-1.1983788,15.654315,2.639457,-2.3709645,46.240532,0.22316723,-0.78641874,7.404133,-0.9433414,0.86961704,7.721113,-1.4607377,-0.48967636,8.002448,-0.6232905,0.35253185,-25.977907,-1.2406015,0.6068039,-7.8727665,1.7165031,-0.11331542,-1.6556973,0.5644638,0.33435243,1.0,0.5222799,0.2199662,0.24141124,0.25504598,0.29922873,0.19247304,0.11596375,0.18082057,0.25215322,0.30625162,0.59726,1.5004802,-11.201375,-12.528987,5
3.2043537414965986,0.10053415,4878.328477071049,2083.262009448713,7472.021484375,23.453962326049805,4202.849334748248,0.04768699308253104,-388.78366,1.8684291,0.59699273,-78.09951,1.0958178,0.2951239,-49.112656,1.903379,0.34371865,-9.297893,-1.3053194,0.87207574,-42.22674,0.56389636,-0.7753029,15.576492,0.59860295,-2.1072328,45.39295,-0.3266772,-0.2289533,5.1373253,0.08151028,1.2693115,2.477083,-1.3897434,0.18605481,7.243366,-0.26509482,0.15556884,-29.009912,-0.6742001,0.9703518,-5.5292454,1.2738956,-0.9083814,0.813782,0.81520396,-0.012948132,1.0,0.5231558,0.21085568,0.2301816,0.24181373,0.30348748,0.20378882,0.10859922,0.17430909,0.24395286,0.31290033,0.5963914,1.25669,-11.375739,-12.08197,5
3.215963718820862,0.09793083,4962.495351675992,2104.8805187680264,7601.220703125,17.71847915649414,4202.849334748248,0.047686993082531035,-386.05707,2.5987365,-0.100941315,-76.63393,1.234694,0.21066828,-44.741173,1.6406318,-1.3028927,-12.053476,-0.47427917,1.3422451,-41.565475,-0.04810543,-0.52780855,13.895174,-1.1289568,-1.4056283,44.065758,-0.5710601,0.16691914,4.1332803,1.0515796,1.302251,-0.40684038,-1.0468857,0.98573375,7.5568986,0.07385401,0.1812209,-28.887787,0.121431194,1.0794619,-2.235609,0.36295792,-1.3372436,2.6244104,0.93492466,-0.1915049,1.0,0.535737,0.22280446,0.22204654,0.2223292,0.31693748,0.228081,0.11328528,0.19021077,0.25172755,0.3160439,0.5898912,1.0186743,-11.534064,-11.639426,5
3.2275736961451247,0.090595,5007.888251740087,2132.6199279545513,7655.0537109375,34.912696838378906,4154.575492829486,0.047686993082531035,-384.85623,2.421519,-0.355682,-74.77113,1.515886,0.056800842,-39.956123,0.7163789,-1.8048306,-13.802967,0.4302781,1.1022558,-43.65455,-0.37682074,-0.44992453,11.366056,-2.1858306,-0.67093945,42.798798,-0.5622377,0.13709398,6.8634415,1.616843,0.7671186,-1.5223114,-0.46200845,1.2231196,7.783573,0.33009058,0.36312923,-26.756035,0.9007687,0.8640652,-1.7752618,-0.6116138,-1.2097899,2.7391012,0.9008969,-0.18888633,1.0,0.52558833,0.2276444,0.22347513,0.22762015,0.32731563,0.23619616,0.12777472,0.20091762,0.24666631,0.31630868,0.5967087,0.802656,-11.457703,-11.562665,5
3.239183673469388,0.08566807,5014.807212630407,2173.5534564425952,7698.1201171875,19.007850646972656,4154.575492829486,0.047686993082531035,-383.48718,1.7064164,-0.63901937,-72.59857,1.6152337,0.0036385276,-38.37712,-0.040361784,-1.2422282,-11.132778,0.90184224,0.5376835,-45.637928,-0.7362107,-0.22299814,7.5783033,-2.5336528,-0.0067203525,43.102524,-0.5706331,0.014745828,11.820952,1.7132385,-0.1501089,-0.7144072,0.24818043,0.80875844,6.9706306,0.6744792,0.42570174,-24.45399,1.5216563,0.3911379,-4.566686,-1.0746468,-0.5779512,1.8911698,0.84829676,0.013157858,1.0,0.49079153,0.24029475,0.23824222,0.25918832,0.3407969,0.2298582,0.15974107,0.23442626,0.25137204,0.32930094,0.6556774,0.70586777,-11.082531,-11.615508,5
3.250793650793651,0.08877136,4865.883333171772,2138.3980504336287,7547.3876953125,36.38923645019531,4106.8561232764905,0.034897428019625254,-379.87546,0.8046076,-0.87852174,-71.99304,1.6896609,0.08661159,-44.72399,-0.5683232,-0.33163378,-5.93481,1.1246624,-0.06057064,-46.271744,-0.9821712,0.06087536,3.087328,-2.422841,0.43623585,43.69969,-0.7320698,-0.23263551,16.817654,1.478183,-0.9200957,2.4417765,0.86110485,0.23732272,7.582055,0.84191674,0.2344516,-22.483868,1.8544066,-0.027647588,-8.893761,-0.9897386,0.39609614,2.7861905,0.8789127,0.25559738,1.0,0.41641417,0.24771003,0.24596173,0.2726073,0.32104588,0.20352428,0.18616721,0.27636167,0.26841906,0.37410432,0.7669369,0.6079759,-10.736789,-11.786501,5
3.2624036281179136,0.09544607,4698.281034824593,2094.9939670436233,7192.08984375,25.423839569091797,4106.8561232764905,0.034897428019625254,-377.39172,0.33734995,-0.7607886,-70.8053,1.8241881,0.17312992,-51.608116,-0.99548554,0.3227674,-3.0682492,1.3559633,-0.39703363,-46.65017,-0.8348617,0.27476534,0.52209103,-2.0893214,0.63843095,43.377304,-0.91432995,-0.3967708,19.16842,1.0712095,-1.1032696,5.5261083,1.2032754,-0.07110365,9.928089,0.7160521,-0.10614609,-19.674076,1.7997184,-0.24314469,-12.575152,-0.631982,1.1379305,4.165784,0.8571183,0.1743117,1.0,0.37388614,0.27348322,0.26483807,0.28351104,0.30887708,0.1930921,0.20979762,0.3215192,0.30929142,0.42927775,0.87566924,0.74041826,-10.680033,-11.837087,5
3.274013605442177,0.096693985,4669.111461949886,2102.8086983055377,7105.95703125,25.03229522705078,4059.684857430953,0.03489742801962526,-377.87744,0.36401013,-0.22043395,-68.19488,1.7072117,0.004566275,-51.98181,-1.2528002,0.62412316,-3.0824082,1.349412,-0.43565497,-47.626205,-0.44968432,0.33778286,-1.1202463,-1.6431912,0.6216956,41.804047,-0.8998082,-0.18284638,17.271736,0.45840234,-0.7583256,5.658803,1.2644931,-0.2157955,11.804582,0.572805,-0.35894683,-18.063892,1.5346127,-0.3290599,-13.875406,-0.063047715,1.1788546,5.1634846,0.7853021,-0.139413,1.0,0.34742114,0.27585977,0.27801442,0.29438093,0.29574743,0.17950602,0.21394086,0.33383828,0.32117137,0.45527893,0.9230367,0.8633239,-10.523455,-11.937459,5
3.2856235827664397,0.091117606,4745.571559441847,2149.4846737075945,7375.1220703125,15.752519607543945,4059.684857430953,0.03489742801962526,-381.69443,0.5281362,0.39358944,-66.631805,1.2976699,-0.39987043,-47.702396,-0.9765727,0.5352196,-4.941454,1.0685265,-0.12390085,-48.707123,-0.062315814,0.40025273,-1.0717008,-1.1304735,0.44280538,40.491714,-0.61657375,0.38763648,13.995779,-0.16205263,-0.23944743,5.1000333,1.075252,-0.21438551,13.563508,0.48627076,-0.43038878,-17.037476,1.1765131,-0.40492168,-10.783451,0.5226791,0.6445744,7.024018,0.58256805,-0.45699075,1.0,0.34536082,0.25349107,0.29123038,0.31399465,0.28772306,0.1667494,0.20241208,0.3116091,0.30885428,0.48076534,0.9822863,1.2567878,-10.3654175,-11.829597,2
3.297233560090703,0.084332675,4763.2887229983335,2162.387763843234,7418.1884765625,29.80858039855957,4013.0553997848456,0.03489742801962526,-384.9998,0.35050353,0.54273796,-63.992634,0.6452347,-0.9376481,-46.095993,-0.23100668,0.11077481,-5.138386,0.8269675,0.23576185,-49.364185,0.18921319,0.38950643,-1.533764,-0.7048966,0.20816538,37.521114,-0.0959938,0.88893956,12.872183,-0.5941999,0.12692684,6.1128144,0.748379,-0.11976917,12.6172905,0.31381458,-0.26885065,-15.622597,0.7179136,-0.49645334,-5.912254,0.870897,-0.10705025,8.916922,0.23066641,-0.5331797,1.0,0.35270944,0.2506797,0.31229153,0.34372514,0.3149682,0.16963005,0.19299664,0.29967836,0.2985161,0.47542566,0.9846511,1.1298553,-10.281554,-11.687347,2
3.308843537414966,0.084032424,4742.553112479059,2156.0515775514477,7428.955078125,24.23438835144043,4013.0553997848456,0.04069733156888106,-382.28503,0.005182902,0.09714406,-61.287903,-0.5345026,-1.5095611,-48.59146,0.59251815,0.18891193,-2.0212245,0.7658908,0.20967759,-47.93296,0.1491396,0.050814435,-2.3928854,-0.4736286,0.10269803,36.088387,0.35961324,0.86511797,14.493933,-0.5587796,0.29964986,8.20447,0.28594136,-0.30724758,10.320322,0.33442488,0.20179012,-15.055342,0.17543618,-0.52903855,-4.2588015,0.94222254,-0.59096545,7.687072,0.080126986,-0.26629385,1.0,0.40272918,0.2804717,0.34255072,0.4000969,0.37405285,0.2031729,0.20567065,0.3204434,0.3244258,0.49844268,0.99758327,1.1155329,-10.010531,-11.532341,2
3.320453514739229,0.09151398,4674.459140072624,2097.5893178815368,7342.822265625,28.530929565429688,4036.3027932178297,0.03489742801962526,-376.65985,-0.327506,-0.6284834,-62.689537,-2.131523,-1.9051179,-51.3778,1.3525771,0.9634548,-0.32536373,0.72296745,-0.16210476,-46.61808,-0.20928396,-0.52405775,-3.0944262,-0.35951668,0.06907951,38.372963,0.72269374,0.4846875,15.000637,-0.16134027,0.24681678,9.026927,-0.21081041,-0.7125476,10.436907,0.6719328,0.6682405,-14.875618,-0.37448603,-0.61417574,-4.8905697,0.7866437,-0.56395775,6.391782,0.22184838,0.2118287,1.0,0.3875431,0.2585213,0.30579016,0.36345035,0.34915563,0.20492901,0.18855095,0.30953455,0.33094245,0.46741512,0.9736218,1.1117376,-9.912616,-11.726405,2
3.332063492063492,0.09773333,4642.237764530995,2044.4991904910578,7245.9228515625,36.06021499633789,4036.3027932178297,0.03489742801962526,-373.7496,-0.40684155,-0.9827332,-65.92041,-3.5864284,-1.7941382,-51.015137,2.0484192,1.5432559,0.6785159,0.4961184,-0.6128143,-45.237022,-0.87992674,-1.0629139,-3.1816165,-0.2299469,0.19097593,42.564156,0.83563876,-0.089268155,14.190058,0.11748241,0.06259162,9.022827,-0.56543785,-0.7214211,11.724259,0.7769056,0.50938606,-15.432173,-0.93158674,-0.63167244,-5.8778567,0.5388849,-0.0710756,5.226494,0.51500213,0.6717713,1.0,0.37490082,0.23466468,0.26814276,0.3183955,0.31372267,0.19421808,0.17293209,0.2935258,0.33339185,0.45447025,0.9587365,1.0585368,-10.370665,-11.889505,2
3.3436734693877552,0.09505307,4674.31552410321,2043.335571346494,7299.755859375,24.144399642944336,4013.0553997848456,0.03010686179419501,-377.81064,-0.68879855,-0.8758855,-70.06683,-4.448691,-0.8443926,-48.713566,2.8174796,1.2899683,1.5510489,0.09812954,-0.67412347,-45.19101,-1.5844798,-1.1402564,-3.3909545,0.1568532,0.40935653,45.68602,0.73254764,-0.6836835,12.649439,0.014386526,-0.09825135,8.584751,-0.74587,-0.26457784,12.43678,0.35896719,-0.4478802,-16.986261,-1.4511588,-0.51248807,-6.976858,0.4836957,0.43993023,4.670742,0.8912966,0.8031802,1.0,0.392292,0.23717786,0.25824863,0.2857157,0.29356462,0.19332801,0.16644618,0.28713968,0.35769948,0.45657519,0.9131176,1.1340631,-10.291048,-12.010392,2
3.355283446712018,0.089514114,4818.800366256073,2077.8024525026763,7482.7880859375,22.367572784423828,4013.0553997848456,0.026168028608935752,-383.42148,-1.690949,-0.6401575,-78.10034,-4.1244555,0.7965509,-42.194706,3.3475873,0.3178764,0.9317788,-0.29585302,-0.340752,-48.66105,-2.0267751,-0.5615564,-3.4341834,0.76244843,0.66272706,44.61084,0.26733774,-0.9441371,13.624197,-0.46663246,-0.3308103,4.9308424,-0.76283866,0.27065605,15.935034,-0.76720506,-1.6676806,-18.840153,-1.7784716,-0.2915765,-6.3239436,0.719099,0.53653455,7.2672925,1.1492193,0.33484372,1.0,0.43115556,0.2419563,0.26355734,0.2595188,0.2726399,0.2211212,0.19793908,0.31393754,0.4333109,0.53014845,0.83394605,1.433789,-10.412227,-11.691798,2
3.3668934240362813,0.0906147,5040.0366684744295,2130.562156069351,7719.6533203125,23.857227325439453,4059.684857430953,0.02616802860893576,-387.22318,-3.3785095,-0.9483426,-87.37109,-2.3721082,2.5314205,-33.909218,3.3101478,-0.7396375,-0.66247344,-0.4492074,-0.024783406,-53.560593,-1.907935,0.38603157,-3.6153567,1.4567802,0.8451211,43.853714,-0.47587547,-0.78343886,15.317659,-1.0725893,-0.7202441,1.1829823,-0.5196368,0.6350219,19.8442,-2.4152155,-2.3815947,-21.553135,-1.7274624,0.15846229,-4.4833155,1.0536488,0.35904625,11.0469885,1.001926,-0.38160104,1.0,0.4358102,0.23922409,0.2753804,0.22679895,0.22835125,0.2408793,0.22748953,0.31828085,0.45430097,0.5718517,0.79557234,1.3872526,-10.858453,-11.69674,5
3.378503401360544,0.09404822,5164.489139622174,2160.284347259543,7827.3193359375,22.098112106323242,4059.684857430953,0.02616802860893576,-385.2736,-4.1418824,-0.7680144,-92.643845,-0.15301946,3.3991158,-29.980625,2.8691964,-1.2079109,-2.802217,-0.39766768,0.27300832,-58.751442,-1.1890055,1.3840533,-2.3649287,1.6227456,0.40456533,42.187355,-1.0222253,-0.28983173,14.946575,-1.540898,-0.85836035,2.063197,0.03897296,0.90257037,16.489586,-3.8100324,-2.0923347,-24.143307,-1.079712,0.84725714,-2.2177386,1.2213302,0.020541003,13.791649,0.52329266,-1.0017447,1.0,0.46549535,0.25490305,0.3111322,0.25548622,0.22008994,0.24335355,0.22813977,0.2923174,0.43403,0.57206076,0.7733697,1.3575596,-10.982742,-11.603482,5
3.3901133786848074,0.09169042,5170.0225880644675,2171.597525601388,7827.3193359375,20.876802444458008,4083.2023725641075,0.022944219124638603,-385.39072,-2.9256933,0.5523965,-91.82028,1.7845314,2.8820682,-28.731323,2.2728906,-1.0596504,-2.975459,-0.06476249,0.5828252,-60.690258,-0.24772885,1.7028223,1.1216733,1.2420623,-0.45546764,40.683056,-1.0959371,0.22019036,12.731453,-1.7993188,-0.5719381,4.4756875,0.9081832,1.0380704,7.6185102,-4.630543,-0.97893137,-26.383251,-0.27197698,1.1839446,-0.27972102,1.1059933,-0.37662312,14.870135,-0.102948785,-1.1625882,1.0,0.5331033,0.26535794,0.3483948,0.3211302,0.24867065,0.23175612,0.20708488,0.251032,0.37445587,0.49353972,0.67779505,1.3658475,-11.030267,-11.594361,5
3.4017233560090703,0.08111372,5105.65520035547,2185.1667646425412,7805.7861328125,14.137091636657715,4130.646898772784,0.020317628556360583,-392.986,-0.8309316,2.1566432,-83.6189,3.368091,1.370827,-29.580853,1.6376867,-0.39253813,-2.177701,0.34149498,0.5623576,-58.930847,0.6106378,1.1435432,5.5295234,0.49366796,-1.2483355,39.01236,-0.88905007,0.35577562,8.15102,-1.9287428,0.079501264,5.5055766,1.7502084,0.6830201,-3.308475,-4.82361,0.6616491,-27.604404,0.41815698,1.0395763,0.6161021,0.8474173,-0.47264412,12.689957,-0.7117504,-0.710602,1.0,0.5966092,0.27909294,0.38104394,0.3822359,0.29026186,0.21842434,0.17759971,0.20148799,0.28924653,0.37651685,0.5605765,1.0554736,-11.1749525,-11.502778,5
3.4133333333333336,0.06369372,5012.30381851301,2205.860955478893,7665.8203125,9.370619773864746,4202.849334748248,0.047686993082531035,-408.65714,1.018158,3.033447,-70.484695,4.376908,-0.20781311,-30.84594,1.2406737,0.26384607,-1.7245591,0.4735367,0.11851338,-54.694515,1.1825281,0.22648413,9.7002945,-0.47214067,-1.6764191,37.00603,-0.7423715,0.32541928,3.0694742,-1.7156299,0.7530367,6.641756,2.0837362,0.09154797,-12.246277,-4.020566,2.166034,-25.634096,0.9706838,0.5716378,1.6685736,0.6210471,-0.2988286,9.092288,-1.1214962,-0.075443774,1.0,0.6484871,0.2963909,0.39804715,0.4201919,0.33420727,0.22285946,0.16240984,0.17206377,0.22386068,0.29779997,0.5015295,0.9431211,-11.408872,-11.591537,5
3.4249433106575964,0.058727976,5144.87609553467,2343.75704377513,8354.8828125,14.980148315429688,4202.849334748248,0.04069733156888106,-408.41882,2.619224,3.2219539,-64.03073,4.406974,-1.2966032,-28.97931,1.0941659,0.287723,-0.69680715,0.37625173,-0.35770556,-49.02716,1.3209888,-0.63038003,5.675021,-1.6499674,-1.6142989,37.332672,-0.70772356,0.059920218,1.6447021,-0.9604322,1.2368317,9.954124,1.821173,-0.34604606,-14.235755,-2.26693,2.6619697,-19.552322,1.2286544,-0.04782439,1.4370999,0.36105716,-0.15126185,6.0926056,-1.4362175,0.2093049,1.0,0.8116558,0.34702477,0.39548331,0.422765,0.36407015,0.2347939,0.1790238,0.19013013,0.21231943,0.28850567,0.4513821,0.9031821,-11.507584,-11.654899,5
3.436553287981859,0.077991344,5193.284705518659,2358.9570716184494,8570.21484375,38.17489242553711,4276.313847073629,0.09203757081218114,-390.30295,4.545096,2.4797823,-64.55051,3.3917727,-1.7485303,-26.163336,0.8922693,-0.15651327,2.1759648,0.23933655,-0.4135955,-48.020546,0.94438154,-1.0225416,-0.22336102,-2.7438407,-0.9928291,38.92318,-0.8104482,-0.24046382,2.467259,0.11924772,1.3597273,14.850056,1.4451166,-0.5827415,-13.398521,-0.39850482,2.0608518,-17.626034,1.1109244,-0.6459139,0.007852733,-0.00877433,-0.2097565,5.2602987,-1.737711,0.038701575,1.0,0.8364055,0.32718286,0.3590883,0.3683495,0.30229366,0.19620864,0.1538271,0.16919811,0.16852453,0.25457954,0.45160168,0.7244861,-11.277889,-11.558982,5
3.4481632653061225,0.09286129,5206.730857751792,2357.7245326263314,8580.9814453125,28.71126937866211,4227.196193261513,0.07797523762294828,-376.1864,6.2240205,0.5475313,-64.33487,1.7959282,-1.451047,-23.41082,0.60208386,-0.6846357,2.5599446,0.05739088,-0.32399923,-50.017593,0.3704003,-0.80037,-4.737791,-3.3724115,-0.0477975,38.319588,-0.8827334,-0.36305505,3.3972864,1.0632175,0.89824855,16.446682,1.1667928,-0.648553,-11.158203,1.0424296,0.9334219,-17.995905,0.68557936,-0.91720426,0.70444655,-0.49105105,-0.44013998,6.225037,-1.8201637,-0.2597386,1.0,0.8287134,0.31591937,0.35043615,0.35341498,0.2763883,0.18269975,0.14497928,0.16285616,0.16690934,0.2537848,0.45272124,0.69727874,-11.183576,-11.348681,5
3.4597732426303853,0.08857418,5227.46423098133,2399.686928047418,8591.748046875,11.95461654663086,4227.196193261513,0.066081512709207,-372.45187,6.5021286,-1.9209657,-61.48114,0.4296346,-0.71937174,-21.660847,0.266787,-0.8486341,-0.52697957,-0.29042292,-0.34752262,-51.183834,0.00047130586,-0.10457445,-8.281677,-3.3332808,0.7758783,36.918827,-0.90448594,-0.2534891,5.003854,1.5133097,0.14432709,15.352089,0.812253,-0.52944964,-6.4881124,1.817546,-0.012607223,-17.995058,0.2033798,-0.5636944,2.2917154,-1.0757152,-0.66859406,6.3537602,-1.494732,-0.11957179,1.0,0.80740315,0.327585,0.35871735,0.35025468,0.27469155,0.19196491,0.15854247,0.17793433,0.1876485,0.27719,0.47228092,0.6947856,-10.952044,-11.125563,5
3.4713832199546486,0.08151517,5216.107696804691,2419.5475438295766,8397.94921875,25.60493278503418,4227.196193261513,0.056071395445892624,-368.6777,4.872405,-2.665307,-60.41915,-0.12860209,-0.3473712,-23.126661,-0.14326973,-0.5292494,-2.3387544,-0.70599765,-0.27847627,-52.191547,-0.024198659,0.57816255,-12.447355,-2.5528533,0.98324764,34.261772,-1.0180361,0.033729296,8.863213,1.4817417,-0.34579697,13.700862,0.35635695,-0.22501738,-2.7214742,1.9365686,-0.37588012,-18.810902,-0.124704264,0.09679847,1.6405494,-1.6279197,-0.8267045,2.8261237,-0.7512599,0.56005526,1.0,0.6430855,0.32492283,0.36302596,0.33249062,0.27849853,0.21144377,0.18439078,0.19566293,0.19682512,0.30439672,0.56540394,0.7590527,-10.22938,-11.116634,2
3.4829931972789114,0.088225424,5158.11775996966,2374.4357557876715,8139.55078125,35.411895751953125,4227.196193261513,0.05607139544589262,-361.60623,3.0002074,-1.4847655,-62.76924,-0.46622097,-0.47476363,-26.172596,-0.47948727,-0.09496581,-0.6775985,-0.8618261,0.070523664,-53.086742,0.21771227,0.5868122,-14.959087,-1.7376353,0.87678146,31.886147,-1.0804793,0.27680397,12.580688,1.3149325,-0.48752132,14.027668,0.09598198,0.1570722,-2.447783,1.6657526,-0.52389354,-20.523136,-0.13559566,0.28932354,-1.308079,-2.111319,-0.74975187,-2.4614978,-0.115951814,1.0975176,1.0,0.50555384,0.3249964,0.3880001,0.33889267,0.29521576,0.22335017,0.18959709,0.20018668,0.19492297,0.3126733,0.6552233,0.7504172,-10.196474,-11.176561,2
3.4946031746031747,0.092683986,5136.327303112398,2363.344034449468,8128.7841796875,23.371538162231445,4178.642703821395,0.04069733156888106,-359.2472,2.172259,-0.36316982,-65.039696,-0.9934209,-0.4999533,-28.106548,-0.5500238,0.34218022,-0.6053485,-0.6710509,0.23095164,-52.207657,0.39970848,0.17740923,-15.486346,-1.2491447,0.5425697,31.64781,-0.93665135,0.30258343,12.722467,1.1190333,-0.44897595,15.469156,0.11466176,0.18156604,-2.5056438,1.277611,-0.41676673,-21.432388,-0.14293858,0.14108767,-5.1898646,-2.4577255,-0.23813434,-4.5872846,0.29605806,1.1489708,1.0,0.4816789,0.32382482,0.39042428,0.33208892,0.2909836,0.2183939,0.1836401,0.19653681,0.18899864,0.31216824,0.6656238,0.8599221,-9.978674,-11.178554,2
3.5062131519274375,0.084531136,5259.984909469127,2456.5717217515175,8548.681640625,11.126912117004395,4154.575492829486,0.026168028608935755,-364.22946,1.8317174,-0.11908824,-65.153015,-1.47253,-0.26109642,-27.565115,-0.1999932,0.6894287,-3.4980402,-0.38762736,0.14294887,-49.225487,0.35759646,-0.23072086,-15.132636,-1.1086305,0.016335113,32.23536,-0.7313721,0.19970798,11.0376,0.7779193,-0.32425863,15.786926,0.12318859,-0.10211612,-1.3652211,1.0374224,0.0043582274,-19.52105,-0.24338172,-0.07819914,-9.07299,-2.3991,0.45878896,-0.60814756,0.64993453,0.668999,1.0,0.49364412,0.34931302,0.41104198,0.33914322,0.28501308,0.22887145,0.19601475,0.20826958,0.20410746,0.33274704,0.68255794,0.80530715,-9.82412,-11.047568,2
3.517823129251701,0.08171502,5332.466910645402,2516.442042532852,8882.4462890625,19.12396240234375,4154.575492829486,0.03010686179419501,-366.06888,1.2383544,-0.115974456,-64.83344,-1.5702924,-0.038626138,-26.60122,0.59605175,0.8422482,-5.4109664,-0.29881516,0.1334074,-46.915676,0.15149675,-0.5561954,-14.392193,-1.2172798,-0.5167481,31.672054,-0.5295959,0.018376883,10.886272,0.25503662,-0.19600268,15.416694,-0.1541933,-0.48688048,0.451437,1.168229,0.3709252,-17.651363,-0.4468279,-0.40547296,-12.323959,-1.7832941,1.0085129,6.835017,0.97768825,-0.16339546,1.0,0.512935,0.38275737,0.43958583,0.35433468,0.28628182,0.25643703,0.22807784,0.24779056,0.24541183,0.36824295,0.7170383,0.91742384,-9.9164,-10.884697,2
3.5294331065759637,0.093477696,5276.994755211403,2441.8155305119103,8753.2470703125,40.772117614746094,4130.646898772784,0.026168028608935752,-359.3568,0.5510549,-0.17131339,-68.17882,-1.3555257,0.09649787,-26.76574,1.3791571,0.7253399,-3.7210646,-0.38126746,0.18266308,-48.056446,-0.24434605,-0.7290403,-14.861862,-1.4189578,-0.59806573,30.696865,-0.3860193,-0.023637429,12.592819,-0.26436096,-0.27628398,16.402784,-0.83842885,-0.8029135,0.26513577,1.4627345,0.3570992,-18.500008,-0.8375884,-0.7346192,-14.500671,-0.8464629,1.2271346,8.397842,1.0916882,-0.8078661,1.0,0.48698887,0.3654611,0.39523587,0.31096902,0.25941828,0.23776856,0.22477846,0.2471851,0.23413953,0.32923785,0.672578,0.7529514,-10.308661,-11.312685,2
3.541043083900227,0.10271497,5233.117922491412,2387.4587646052187,8570.21484375,33.780269622802734,4106.8561232764905,0.020317628556360583,-354.07242,0.048384093,-0.74035096,-71.409836,-1.1750785,0.23968019,-25.747099,1.6658398,0.30345374,-2.8690386,-0.41709846,-0.038979355,-49.970757,-0.87686026,-0.68645847,-17.524017,-1.4212248,-0.12875631,30.143845,-0.17973919,0.24257092,13.865304,-0.69446784,-0.6158287,16.080856,-1.8145612,-1.0904925,1.0839301,1.5598257,0.13381071,-20.591562,-1.4133319,-0.8012829,-14.643665,0.1038033,1.1008899,6.665062,0.9045712,-0.7444094,1.0,0.47056404,0.3545623,0.37323305,0.28384265,0.24884272,0.22820032,0.22001058,0.24609494,0.23103294,0.3405517,0.69115293,0.77658314,-10.203082,-11.294871,2
3.5526530612244898,0.10055859,5289.831677396866,2391.98136559957,8505.615234375,21.257360458374023,4106.8561232764905,0.020317628556360587,-355.34937,-0.55821025,-1.5555985,-72.67285,-1.0188468,0.45184457,-22.775177,1.399305,-0.27688348,-3.2205396,-0.2422039,-0.18838103,-51.323624,-1.3556513,-0.28107348,-21.425789,-1.1347171,0.548241,29.62527,0.26756948,0.6250334,13.374058,-1.0499114,-0.75824726,14.240479,-2.7953806,-1.2328221,4.1234407,1.3154427,-0.22570975,-22.267109,-2.062201,-0.54457736,-13.101805,0.7187492,0.5816353,4.938329,0.5102281,-0.09911519,1.0,0.46924606,0.36304152,0.36784434,0.27254647,0.25380522,0.23078635,0.22413859,0.26382256,0.26751268,0.42807493,0.775303,1.0044062,-10.006534,-11.274036,2
3.564263038548753,0.0933088,5334.9234820340025,2401.6054466992623,8451.7822265625,20.58958625793457,4059.684857430953,0.026168028608935752,-358.6006,-1.667986,-1.6385112,-72.60431,-0.7636546,0.49365634,-18.113518,0.73283637,-0.96511275,-3.7261748,0.095938586,0.13628618,-52.652145,-1.3394041,0.25038177,-24.905384,-0.69586825,0.9918669,29.150097,0.908877,0.82501906,11.133512,-1.4206909,-0.5149295,10.768539,-3.645693,-1.0387399,7.6711674,0.6379939,-0.82047975,-24.881014,-2.4342759,-0.17731687,-10.179748,0.9957179,-0.017291779,4.0639067,0.1211313,0.38220078,1.0,0.4807828,0.40879363,0.39150396,0.28175762,0.25592634,0.23318633,0.23453662,0.30259746,0.32707277,0.5290346,0.8939668,1.2922436,-9.998247,-11.09671,2
3.575873015873016,0.08884969,5301.936077355795,2352.9192962827688,8257.9833984375,27.19744300842285,4059.684857430953,0.026168028608935752,-361.26453,-2.9761505,-0.91625446,-72.02465,-0.565979,0.058907546,-15.588512,-0.23799355,-1.5628611,-4.830223,0.50614196,0.7025438,-54.60573,-0.8469335,0.6225026,-25.249643,-0.13327509,0.994388,29.656239,1.52338,0.775237,7.894004,-1.85716,-0.19274458,5.583881,-4.1187406,-0.34584236,8.958172,-0.28924748,-1.4267689,-28.392414,-2.3280962,0.20427096,-7.668277,1.2303077,-0.21999742,4.694682,-0.101171635,0.0501977,1.0,0.46946853,0.4032426,0.37141815,0.2717267,0.2258369,0.20247684,0.20969255,0.2987822,0.3675019,0.5734267,0.946013,1.5121381,-10.289057,-11.42766,2
3.5874829931972787,0.09049907,5220.153148260556,2309.519508573604,8118.017578125,37.09482192993164,4036.3027932178297,0.0229442191246386,-365.48114,-3.670577,-0.1960374,-72.503204,-0.6581091,-0.37983444,-17.342896,-1.5276525,-1.7631519,-6.8302155,1.1831437,1.0627134,-57.64035,-0.023914972,1.0136814,-22.319386,0.6704815,0.7891279,32.41494,1.9354937,0.47706553,4.3442173,-2.1345608,0.04298454,-1.232325,-4.0196004,0.4606873,8.574756,-1.2787434,-1.4484384,-31.422243,-1.9158442,0.5782189,-6.108173,1.5611308,0.072163574,7.2545943,-0.31387448,-0.48535806,1.0,0.46677563,0.36996076,0.3334609,0.24914081,0.19682358,0.1864148,0.19569205,0.2892544,0.36929768,0.5606337,0.90890485,1.2567656,-10.485907,-11.81498,2
3.599092970521542,0.09495714,5104.004560791948,2261.840139709387,7956.5185546875,28.50094985961914,4036.3027932178297,0.0229442191246386,-370.95752,-3.6668334,0.20320968,-72.46186,-0.9409874,-0.5196898,-21.016293,-2.8598514,-1.4176738,-5.2977986,1.9126804,1.0317122,-57.571762,0.91648644,1.2561481,-19.168766,1.650124,0.637072,36.460487,2.0155408,-0.07402046,3.2278266,-2.0164661,0.2766528,-6.9194884,-3.4697938,1.0713118,6.2806025,-2.019307,-0.7904192,-34.107338,-1.3797618,0.83106637,-7.485769,1.8683193,0.45784387,9.23246,-0.5168013,-0.6830449,1.0,0.45884755,0.29684716,0.28002253,0.21934281,0.18403217,0.18671009,0.1840145,0.25281027,0.33305648,0.504405,0.8355701,0.80074626,-10.585874,-12.137086,5
3.610702947845805,0.09596083,4995.962916733168,2220.6928843245587,7848.8525390625,30.247892379760742,4083.2023725641075,0.030106861794195014,-375.205,-3.481572,0.398441,-72.691345,-0.9884179,-0.1697552,-25.919527,-3.9435556,-0.7281452,-0.40632778,2.3052466,0.4881694,-55.214928,1.815989,1.1397549,-18.246391,2.5054998,0.55679333,39.839203,1.792475,-0.61494756,2.7302103,-1.6156604,0.4251033,-10.956257,-2.4909198,1.4252615,0.5556496,-2.3441994,0.073699035,-35.513336,-0.65006644,0.9108156,-8.2754965,2.0936315,0.65981853,7.792169,-0.69925123,-0.49794686,1.0,0.47112432,0.25843418,0.25951776,0.21015817,0.18761696,0.19617207,0.18248455,0.23524925,0.3217846,0.46757698,0.7774429,0.7114821,-10.703546,-12.3678665,5
3.622312925170068,0.09270469,4990.700803454889,2209.3586738887416,7934.9853515625,22.040122985839844,4083.2023725641075,0.03010686179419501,-378.62543,-3.35354,0.38317502,-75.83814,-0.41147485,0.6709528,-31.27842,-4.4385715,-0.05740333,3.8386712,2.1462421,-0.48924556,-52.4562,2.4406395,0.5684396,-18.09422,3.0018566,0.5461489,42.04223,1.2956296,-0.90270233,-0.14282106,-1.1667497,0.42477357,-11.52029,-1.1496383,1.5301638,-4.981844,-2.2633069,0.6597729,-34.674698,0.22250478,0.8832873,-4.6480947,2.2514424,0.49202642,3.0902002,-0.83466893,-0.029753476,1.0,0.57015187,0.2828655,0.27510995,0.22874784,0.21043965,0.21000983,0.18825366,0.23552221,0.3462892,0.46007958,0.7107434,0.7128923,-11.180772,-12.888821,5
3.633922902494331,0.09098772,4959.578314412234,2157.882498481655,7891.9189453125,22.679981231689453,4130.646898772784,0.056071395445892624,-380.94858,-3.23292,0.11078125,-78.754684,0.8198931,1.6179298,-37.024506,-4.384858,0.35727048,8.04068,1.4196876,-1.454408,-47.45715,2.5019152,-0.34942898,-14.815187,3.2856767,0.55635107,42.817917,0.5834171,-0.8688416,-2.6472526,-0.8514098,0.31319156,-10.904333,0.2656472,1.3388124,-7.0411053,-1.8759488,0.90843886,-33.27864,0.9176865,0.6500815,1.4352611,2.1798031,-0.115300246,0.3444659,-0.86145735,0.4874762,1.0,0.6769048,0.30466488,0.26614717,0.23588695,0.22538769,0.21172425,0.18766072,0.23515335,0.35871187,0.44713336,0.6680566,0.79060215,-11.618134,-13.062977,0
3.645532879818594,0.09029813,4866.623781384382,2060.415309518512,7611.9873046875,28.455324172973633,4130.646898772784,0.056071395445892624,-382.47946,-3.0819223,-0.116205126,-80.2211,2.1281016,2.0450041,-41.500595,-3.996585,0.6202413,10.704106,0.17016453,-1.833201,-43.153694,1.7346069,-1.2251925,-8.837538,3.4255252,0.2586548,41.558456,-0.081608266,-0.58303285,-2.1154487,-0.7317063,0.24508625,-10.568705,1.2807406,0.8747214,-6.157175,-1.0869224,0.9541039,-32.5014,1.2509385,0.18913125,5.2434673,1.7943907,-0.9761859,0.6437379,-0.5694552,0.78080577,1.0,0.77339566,0.3273384,0.24828564,0.22218797,0.23988368,0.21454622,0.1886524,0.24878208,0.3562257,0.4335888,0.6210665,0.8542916,-11.871573,-13.094554,0
3.657142857142857,0.08488885,4816.936695202594,2035.7077454657453,7407.421875,22.662752151489258,4178.642703821395,0.09203757081218113,-385.26227,-3.0005808,-0.12917681,-77.31343,3.2360654,1.6565119,-45.426453,-3.3161397,0.8112377,9.482213,-1.3326391,-1.7069601,-40.371826,0.43117663,-1.8100911,-3.6527004,3.3526256,-0.37591448,40.513634,-0.41351593,-0.14395222,-1.2559094,-0.60910755,0.13259044,-8.494614,1.9321655,0.43152922,-5.531772,-0.06464766,0.76672524,-30.480232,1.2858893,-0.18361647,7.059781,0.9415929,-1.5214076,1.6039753,-0.017837632,0.63127446,1.0,0.8181336,0.35044187,0.25121036,0.22379059,0.26291022,0.22922967,0.19359872,0.24996658,0.34823263,0.42145607,0.6039071,0.9590115,-11.914832,-13.096068,0
3.6687528344671203,0.07630538,4763.926242511856,2070.923911626206,7353.5888671875,6.929139137268066,4178.642703821395,0.09203757081218113,-389.5349,-2.7404826,0.18870868,-69.19365,4.041276,0.5995068,-48.08602,-2.3346372,1.0363518,5.0163817,-2.5161207,-1.1539623,-40.09601,-0.7740792,-1.6844755,-0.24522325,2.9844408,-0.90023625,39.723,-0.290843,0.3703653,-1.3911426,-0.2768453,0.053381775,-4.4023504,2.3725398,0.2773999,-6.293458,0.7641766,0.5631447,-27.122993,1.2550935,-0.2155655,7.4350853,-0.085727535,-1.2767389,2.5688996,0.5928971,0.29164368,1.0,0.8337284,0.37192553,0.2719994,0.24487935,0.29608816,0.2568595,0.20019193,0.22397198,0.30582598,0.3652324,0.56946504,1.092991,-11.935556,-12.818453,0
3.680362811791383,0.07259534,4658.739258656812,2053.808665279233,7041.357421875,29.22705078125,4202.849334748248,0.10857977072874497,-394.04974,-2.0897536,0.8456354,-59.249184,4.3227196,-0.50349456,-50.504463,-1.1278555,1.2512763,0.06883386,-3.1068914,-0.20352063,-42.965614,-1.520819,-0.74227697,3.1620913,2.3023665,-0.9664924,38.50304,0.0688125,0.6353443,-2.4764857,0.072535016,0.1844145,-0.6041883,2.6117465,0.08787602,-6.7963867,1.2503434,0.49819347,-25.95508,1.3099841,-0.06948109,5.257705,-0.79504466,-0.504573,3.0361166,0.96219385,0.14369911,1.0,0.81055814,0.36103073,0.27386844,0.25056946,0.31075346,0.2561396,0.17752823,0.1809159,0.24283779,0.29728654,0.5391761,1.1173494,-11.704923,-12.385648,5
3.6919727891156464,0.075694464,4573.077073596136,2015.2590072628304,6686.0595703125,20.839683532714844,4202.849334748248,0.09203757081218113,-396.51962,-0.8132523,1.7107009,-54.30452,3.8913496,-1.3667326,-52.022076,0.06609713,1.3500314,-4.0509405,-3.0064917,0.70693994,-48.69107,-1.5896941,0.43621695,4.4426312,1.6127158,-0.6485374,37.97417,0.3434042,0.43625197,-3.5664215,0.2703635,0.40616253,0.3661699,2.5153437,-0.27503273,-4.2307334,1.3889611,0.31959376,-26.987406,1.2794567,-0.029414115,1.83247,-0.9509207,0.24561855,4.203444,1.1419802,0.18507574,1.0,0.71287733,0.31001556,0.25719237,0.24240403,0.3020552,0.22858939,0.1531793,0.16846493,0.22579077,0.31077075,0.58562857,1.0925418,-11.516547,-12.28645,5
3.7035827664399092,0.07907436,4580.371933394189,2054.6762317402463,6675.29296875,26.58465003967285,4227.196193261513,0.09203757081218113,-398.4786,1.2172775,2.4983003,-52.810196,2.6131518,-1.793754,-51.717545,1.1206053,1.1849025,-9.070851,-2.3503146,1.1577255,-54.581314,-1.154327,1.2800977,4.0036383,1.1794729,-0.2637434,39.30381,0.37832698,0.041038506,-4.1051626,0.3952027,0.39264268,2.4197197,1.9789171,-0.619561,-1.0656868,1.2046484,-0.22036177,-26.99685,0.9234864,-0.15059252,-1.4711535,-0.7382176,0.72797185,4.862556,1.443833,0.35432515,1.0,0.6315819,0.26733443,0.2559673,0.2381737,0.28616804,0.19974595,0.12881286,0.16566248,0.21816812,0.3066964,0.5895438,1.0005335,-11.435299,-12.210568,5
3.7151927437641725,0.079728894,4637.902626394251,2138.3683345301934,6890.625,16.547170639038086,4227.196193261513,0.09203757081218114,-397.3682,3.3078587,2.536619,-52.15172,0.87777317,-1.680025,-48.747955,1.8816414,0.77036893,-11.338621,-1.5051692,1.0979545,-55.30713,-0.43619245,1.443566,4.214492,0.929111,-0.016970595,42.609955,0.3544878,-0.2597755,-2.1714377,0.44688925,0.10934827,6.6347237,1.1771892,-0.8397009,1.3521745,0.77287513,-0.84585744,-24.447926,0.34021562,-0.4104844,-1.5981791,-0.3906233,0.7694453,6.457201,1.8633837,0.5024805,1.0,0.5924575,0.27791703,0.28338268,0.23639953,0.27219605,0.1843719,0.11750296,0.17382623,0.21674444,0.29290742,0.5787284,1.0100487,-11.29782,-12.241987,5
3.7268027210884354,0.078038335,4693.14470697781,2189.423080836876,7127.490234375,31.702354431152344,4202.849334748248,0.06608151270920701,-392.774,4.665225,1.5620273,-50.939827,-0.57240045,-1.168094,-44.37726,2.3906796,0.24062249,-10.487282,-0.82613456,0.7081089,-51.90085,0.28722897,0.8844705,4.9311547,0.62123245,-0.024117865,44.1036,0.32573643,-0.39628488,0.4512107,0.36974984,-0.2937934,8.719997,0.45259643,-0.90981114,3.3333097,0.37763494,-0.9170723,-21.444574,-0.09041545,-0.67300886,0.30694738,-0.10584936,0.31026182,8.37935,2.15124,0.37518936,1.0,0.5882792,0.28147516,0.29522067,0.23994587,0.26743445,0.18399194,0.11921783,0.17659871,0.21727781,0.28506458,0.5744068,0.86365414,-11.314853,-12.093935,5
3.7384126984126986,0.07871222,4809.782077470966,2232.4649075700945,7536.62109375,22.783092498779297,4202.849334748248,0.06608151270920702,-384.0206,4.752251,-0.21264358,-51.761772,-1.2202532,-0.5762818,-40.661797,2.5368783,-0.2608074,-8.953724,-0.28860024,0.29978046,-47.842854,0.8950706,0.061328467,6.4750633,0.33356628,-0.28752673,42.373375,0.27650267,-0.25922832,1.4569805,0.13181072,-0.59282017,7.9759765,-0.16068925,-0.9127992,2.772938,0.1465529,-0.33884093,-21.163383,-0.36972415,-0.7312263,2.2431293,-0.1787653,-0.4349847,10.291149,2.0937045,-0.02220239,1.0,0.63675374,0.31538987,0.30788448,0.25561216,0.30222243,0.22179167,0.145174,0.20130228,0.2533851,0.31903952,0.6003052,0.8371876,-11.347053,-11.845631,5
3.7500226757369615,0.0870878,4872.232923275477,2242.460587732368,7579.6875,36.29331970214844,4178.642703821395,0.05607139544589262,-371.56458,3.7837596,-2.0599241,-55.882942,-1.2187673,0.120756455,-38.067673,2.058378,-0.79382867,-8.194949,0.31450313,0.124095626,-45.754967,1.2590551,-0.43242252,8.171682,-0.124217175,-0.7037404,40.24153,0.15522042,0.04664394,0.72344464,-0.13140611,-0.54299784,5.6761665,-0.9368972,-0.74735886,-0.7224189,0.0362785,0.22509195,-23.987766,-0.6811805,-0.45929652,3.2135253,-0.7528961,-1.1258438,14.234728,1.5985321,-0.6858939,1.0,0.6326643,0.33056733,0.33646858,0.2695362,0.3123905,0.2264445,0.15535301,0.2240475,0.2774267,0.32478663,0.59127915,0.7445468,-11.481109,-11.679818,5
3.7616326530612243,0.09675671,4901.577109601074,2228.6993315525738,7590.4541015625,27.28852081298828,4178.642703821395,0.05607139544589262,-364.45657,2.2268825,-2.936202,-60.2907,-0.8772975,0.7713036,-36.704205,0.9279572,-1.2916372,-8.557818,0.88550925,0.38578728,-45.641106,1.182221,-0.3767123,8.686153,-0.73347884,-0.89909136,40.3369,-0.022006989,0.25566095,-0.73854595,-0.30669183,-0.090689465,3.1652498,-1.5984534,-0.33844197,-3.8573914,-0.062749594,0.42740083,-27.795324,-0.9144385,0.09387711,2.4590158,-1.641398,-1.275018,18.197645,0.84122974,-1.1367244,1.0,0.5951467,0.31718484,0.33653548,0.25807387,0.28641513,0.20316005,0.1546573,0.22794484,0.27168414,0.31911564,0.57648,0.8103242,-11.38512,-11.600497,5
3.7732426303854876,0.09805024,4908.326280308545,2223.9962167228523,7644.287109375,28.79680061340332,4154.575492829486,0.056071395445892624,-364.91257,0.517158,-2.5882123,-61.90667,-0.29079908,1.2087234,-34.97915,-0.48017615,-1.5731308,-9.977201,1.3125873,0.695776,-47.223896,0.78326255,-0.16086513,6.6487713,-1.4793154,-0.91730696,41.207325,-0.18024921,0.041211933,-2.372553,-0.34398395,0.31735945,2.1219115,-1.7558832,0.07844467,-1.938694,-0.022110263,0.41083175,-29.03105,-0.7465514,0.67982006,-0.102611005,-2.3821592,-0.8433022,19.164494,0.23430878,-1.0464524,1.0,0.56645507,0.30060822,0.326107,0.24620254,0.26591614,0.1856256,0.15503314,0.23093455,0.2728916,0.3221498,0.587279,0.76492035,-11.261151,-11.601355,5
3.7848526077097504,0.091282226,4913.094476821232,2247.7067863458005,7805.7861328125,16.23915672302246,4154.575492829486,0.05607139544589261,-372.16855,-1.1018468,-1.366199,-60.480694,0.47131538,1.1082791,-34.121967,-1.688043,-1.45351,-9.663666,1.527822,0.606144,-47.152557,0.37964803,-0.056530073,4.416313,-2.214251,-0.7041366,42.79612,-0.21702017,-0.30378532,-3.673222,-0.18040004,0.46481085,0.67488194,-1.4062079,0.45028695,2.2410307,0.34660378,0.26250216,-28.69812,-0.12680101,0.9453593,-4.630658,-2.633857,-0.04487132,17.548492,-0.14719242,-0.52544427,1.0,0.55198485,0.28362423,0.31252974,0.25289875,0.25862473,0.17444834,0.17032577,0.26054445,0.31267333,0.3724244,0.6468384,0.6775667,-11.145882,-11.582902,5
3.7964625850340137,0.08589729,4881.5846407463705,2289.7939675714106,7859.619140625,15.055333137512207,4106.8561232764905,0.047686993082531035,-379.44366,-2.2556138,0.083667904,-57.22932,1.0944154,0.44019344,-37.499817,-2.4108393,-0.8567975,-5.963537,1.5025494,0.08566381,-44.70033,0.013095792,-0.25516135,0.5774338,-2.5285,-0.14307864,43.44975,-0.2769082,-0.42903304,-2.9891527,0.16886176,0.4434497,-2.662133,-0.80849063,0.7050515,3.1054327,0.7780497,-0.012420705,-28.575687,0.63664454,0.7851486,-10.339428,-2.2414486,0.8690954,13.152872,-0.35170603,0.22004418,1.0,0.5104527,0.26163015,0.29339904,0.27661058,0.2647053,0.16828437,0.18767366,0.2790028,0.32986897,0.40324312,0.6947033,0.5717767,-10.890538,-11.802429,5
3.8080725623582765,0.08599309,4727.715866107654,2221.527365100067,7536.62109375,33.6612663269043,4106.8561232764905,0.04768699308253103,-381.55173,-2.5744884,0.80051005,-54.72867,1.2208061,-0.37666845,-44.028725,-2.600997,0.03193765,-0.6482569,1.1847979,-0.6637807,-42.952118,-0.44552034,-0.6699967,-2.112297,-2.1741364,0.6184766,42.317417,-0.46907312,-0.29199412,-0.852442,0.5561729,0.3209593,-4.2663684,-0.2878191,0.72000945,1.1518607,0.82602036,-0.25042194,-27.78798,1.1197673,0.3350184,-13.968439,-1.32161,1.5213573,10.634392,-0.33562386,0.694984,1.0,0.45632046,0.22297548,0.25051925,0.26170117,0.23822634,0.1559188,0.18014766,0.25308403,0.3098165,0.40328157,0.7071568,0.5819001,-10.83513,-11.931274,5
3.81968253968254,0.086585246,4643.854380799811,2189.6516948914323,6944.4580078125,36.013282775878906,4083.2023725641075,0.056071395445892624,-381.00073,-2.3891256,0.5482939,-52.355953,0.797416,-0.91187036,-49.98419,-2.4347517,0.8612574,2.133182,0.5700727,-1.2905203,-43.969418,-0.9899791,-0.97351646,-5.953472,-1.2411791,1.2620165,39.222916,-0.58368844,0.008304455,-0.38651383,0.8603188,0.14586417,-3.6447504,0.057550862,0.5559799,0.77893233,0.38945776,-0.25883842,-25.15474,1.0517703,-0.19231065,-14.717869,-0.18707211,1.6150396,12.339766,-0.13247614,0.6072422,1.0,0.43925703,0.21790998,0.24792393,0.26749903,0.23192655,0.15843488,0.19045456,0.25995573,0.31812388,0.41221216,0.70518434,0.7745936,-10.611248,-11.988574,5
3.8312925170068026,0.08509771,4669.192674614667,2219.6395378817792,7181.3232421875,20.746047973632812,4083.2023725641075,0.06608151270920701,-381.29083,-2.0354865,-0.15307519,-51.287636,0.060110856,-1.0249561,-52.752625,-2.101105,1.0940036,1.259311,-0.19691156,-1.2859235,-45.46268,-1.4929918,-0.72246987,-9.2277775,-0.08771974,1.6041502,38.33117,-0.5219742,0.36118266,-0.20545338,1.0187447,0.013808857,-1.2146342,0.39694285,0.257208,3.0803237,-0.051134557,-0.1882253,-22.307682,0.6522605,-0.6476233,-13.043249,0.7823662,1.0500653,14.789017,0.13260143,0.16162673,1.0,0.43945104,0.2298901,0.25595775,0.28002307,0.23750259,0.16598657,0.20616193,0.28128573,0.3457952,0.43526882,0.7178315,0.7638776,-10.666031,-11.973469,5
3.842902494331066,0.08353301,4674.588035621424,2216.0344914940238,7149.0234375,20.566265106201172,4106.8561232764905,0.06608151270920701,-382.3832,-2.0847957,-0.68913215,-52.432373,-0.6830152,-0.79134375,-52.214737,-1.7093389,0.56899995,-1.3285991,-0.8806684,-0.63159746,-48.369698,-1.8169441,-0.109666586,-8.387097,1.0958291,1.4658281,38.704086,-0.27468473,0.5056963,1.1583369,0.9886434,-0.009694727,0.9523633,0.7017761,-0.085977525,4.6585197,-0.17552307,-0.2504607,-20.71952,0.14354782,-0.9036125,-9.139431,1.4414119,0.24633598,16.656498,0.26589578,-0.4069319,1.0,0.4556497,0.24496259,0.26174724,0.27961072,0.25053158,0.1725165,0.20608203,0.28206483,0.34622332,0.4340337,0.71896696,0.7356956,-10.711212,-12.127947,5
3.8545124716553287,0.084182516,4671.6790155051385,2142.4157803624803,6847.55859375,14.519323348999023,4106.8561232764905,0.06608151270920701,-385.0205,-2.481908,-0.62106115,-54.8992,-1.076406,-0.2963847,-50.356045,-1.389314,-0.1708704,-4.757971,-1.1573596,0.26340386,-52.492226,-1.8998821,0.32776874,-4.1942186,1.7629879,0.74726003,38.467415,-0.040175185,0.27710012,2.5713363,0.8319295,-0.06845646,0.915537,0.75778395,-0.22161067,3.746982,-0.1563814,-0.29131392,-21.282917,-0.23267187,-0.65308815,-5.286613,1.8988036,-0.12648973,16.627298,-0.028367298,-0.7150802,1.0,0.48527232,0.24030872,0.24567159,0.25779918,0.2712385,0.17639174,0.18362567,0.24762785,0.30185884,0.38120675,0.66135126,0.8012752,-10.779936,-12.093694,5
3.866122448979592,0.08672525,4647.509932817016,2072.6114222574092,6718.359375,35.27410125732422,4130.646898772784,0.0779752376229483,-389.70593,-2.6164048,-0.02193943,-57.39028,-1.1515001,0.25970075,-49.78643,-1.3093908,-0.59330446,-7.899743,-0.7611049,0.9755745,-55.606506,-1.6613517,0.52884465,0.7501195,1.7923214,-0.44822523,39.06792,0.071140796,-0.113458015,3.6133182,0.6768214,-0.25724787,0.23450148,0.6490086,-0.12991928,1.5150498,-0.38008162,-0.22982377,-24.114056,-0.34498662,0.03100853,-3.2480226,2.3184988,0.04909532,15.077778,-0.77070934,-0.7645652,1.0,0.48092523,0.2263485,0.22243358,0.22905307,0.27004644,0.16873178,0.15328485,0.22239555,0.26609403,0.32854825,0.612162,0.7702033,-10.9127245,-12.102955,5
3.877732426303855,0.08913492,4609.430509614457,2010.4571185714285,6556.8603515625,22.648834228515625,4130.646898772784,0.0779752376229483,-392.92413,-1.9251292,0.9785415,-59.35394,-1.0730557,0.47368178,-52.702286,-1.2933724,-0.34442487,-8.244883,0.20103996,1.3427614,-55.497677,-1.1260473,0.7154183,4.62037,1.2419323,-1.3978826,40.307587,-0.062465858,-0.30521125,4.557994,0.47511765,-0.3585423,0.7163179,0.304373,-0.12903252,0.399342,-0.8643687,-0.19515082,-26.621773,-0.2919117,0.55476743,-3.9492416,2.5573702,0.33392522,14.018198,-1.5860211,-0.72435707,1.0,0.4817904,0.21977073,0.21506618,0.22374025,0.27881578,0.16758741,0.13863435,0.21011372,0.2533534,0.3220265,0.59917396,0.75058013,-10.755864,-12.415581,5
3.889342403628118,0.0901557,4569.851941343308,1963.572249448082,6427.6611328125,31.873210906982422,4154.575492829486,0.09203757081218114,-396.90128,-0.36226654,2.0969942,-60.58554,-1.2046335,0.06431214,-57.332756,-1.0606208,0.43701184,-6.955311,1.4448287,1.4237446,-54.96939,-0.3195339,0.79746395,7.3551855,0.29261547,-1.585345,40.880287,-0.17648531,-0.24842533,5.088558,0.33923808,-0.1912181,1.6553245,-0.30585662,-0.48136342,0.50225246,-1.2379453,-0.24333297,-28.073658,-0.12862769,0.65164185,-3.90673,2.59506,0.46963444,12.774878,-2.0917683,-0.46404517,1.0,0.48566872,0.21201716,0.20519035,0.2191794,0.28197345,0.16481467,0.12848169,0.20201614,0.24560554,0.3118798,0.58964545,0.7777203,-10.842204,-12.395179,5
3.900952380952381,0.089250915,4517.170798610616,1951.6833037348606,6330.76171875,17.517576217651367,4154.575492829486,0.09203757081218114,-399.2076,1.4403453,2.4852011,-59.42994,-1.6979746,-0.6725996,-59.989258,-0.46908978,1.2245377,-4.7973976,2.611784,1.1503888,-56.37367,0.58245957,0.78386784,5.1426497,-0.6539544,-1.0917486,39.392593,-0.18212529,-0.08599048,4.5247273,0.24516188,-0.024532633,2.3393242,-1.0155181,-0.9589529,1.140008,-1.4700563,-0.3960685,-26.083189,0.1215277,0.37413087,0.38540488,2.554143,0.2798172,10.662638,-2.112716,-0.025861043,1.0,0.5041583,0.22107315,0.21311353,0.22693528,0.28746092,0.17577152,0.12515293,0.18556027,0.23972785,0.30482346,0.58608794,0.76927257,-10.996031,-12.604568,5
3.912562358276644,0.08627424,4472.409062886185,1915.8011076259754,6169.2626953125,32.61143112182617,4154.575492829486,0.066081512709207,-397.57428,2.822048,1.8019496,-58.33146,-2.7308142,-1.5019419,-61.05201,0.31487492,1.4118708,-1.0557755,3.1638823,0.40360186,-56.655243,1.4556621,0.86654663,0.07874021,-0.9295602,0.020811303,37.945816,-0.37312534,-0.03588608,3.7563963,-0.086980216,-0.1776308,3.1232336,-1.8173839,-1.2083104,-0.5520115,-1.6644673,-0.45804358,-22.486126,0.44814602,0.010888653,7.037429,2.3638015,-0.31041422,6.466995,-1.8335712,0.40716392,1.0,0.5426812,0.23806052,0.21830572,0.23536204,0.27935064,0.184664,0.12816066,0.16097921,0.22584128,0.28649396,0.5595119,0.700456,-11.363458,-12.76943,0
3.924172335600907,0.083979815,4513.182647680289,1936.4815321865492,6513.7939453125,17.436323165893555,4154.575492829486,0.066081512709207,-389.88208,3.1375473,0.2298714,-59.894974,-4.0940256,-1.9802473,-58.822067,0.958728,0.78179675,3.853898,2.7664485,-0.6487011,-54.357788,2.1510324,0.93300825,-3.2678728,-0.25319585,1.3742751,37.047203,-0.84494805,-0.25078222,3.6272612,-0.8405991,-0.6809284,0.6557086,-2.5860202,-1.0082307,-4.4206214,-1.8308774,-0.22908667,-21.971367,0.67783636,-0.17878005,10.513327,2.0453792,-0.9344302,2.1988828,-1.4111567,0.77865076,1.0,0.62776613,0.29279858,0.24374989,0.27163908,0.30273756,0.21378897,0.1624001,0.18254402,0.25578487,0.289583,0.54215103,0.77415067,-11.438068,-12.846182,0
3.93578231292517,0.08589738,4608.870034482065,1989.5276799023743,6879.8583984375,24.434926986694336,4178.642703821395,0.047686993082531035,-378.666,2.1072402,-1.9971281,-66.26546,-5.165513,-1.5329094,-54.32,1.3620758,-0.034064785,9.601076,1.7089874,-1.6095513,-51.02017,2.687496,0.65987843,-4.487505,1.1063831,2.2910235,37.911766,-1.4065303,-0.59348476,5.3917418,-1.7736838,-1.160342,-5.2907324,-2.9526522,-0.31649867,-6.936593,-1.8120561,0.2320619,-23.08121,0.71463263,-0.17201376,11.710129,1.5994872,-1.0161436,1.2455664,-0.7251811,1.043823,1.0,0.6765953,0.34059945,0.28961566,0.30762702,0.3134642,0.24508505,0.22785646,0.24238275,0.3446159,0.37663698,0.56640977,0.7737376,-11.591858,-13.000354,0
3.947392290249433,0.08832405,4722.082521838706,2033.9542544742458,7052.1240234375,21.222028732299805,4178.642703821395,0.04768699308253104,-373.04807,-0.3182414,-3.9607575,-74.00544,-5.268863,0.07933203,-50.00251,1.4030473,-0.5695297,13.7689,0.45885485,-1.9770703,-47.343567,3.0629492,0.12244199,-4.3120837,2.5520456,2.0061512,38.96646,-1.8496114,-0.8074029,5.7133536,-2.4114563,-1.1220591,-10.509981,-2.7502546,0.6287489,-9.291583,-1.427476,0.7514608,-23.956722,0.6847494,0.1656189,11.839594,1.0214512,-0.54422987,2.7973452,0.045432344,0.9518258,1.0,0.721252,0.38357013,0.3296662,0.329409,0.32337582,0.29102296,0.2905748,0.29938036,0.43158978,0.47250694,0.60967517,0.7846207,-11.818515,-13.102205,0
3.959002267573696,0.08467437,4846.819323061454,2057.0858289538846,7267.4560546875,23.098661422729492,4202.849334748248,0.03489742801962526,-373.7313,-3.1840758,-4.30209,-84.40765,-4.264996,1.9402755,-48.886314,1.2970471,-0.6175668,12.607138,-0.48191148,-1.3903171,-42.365738,3.3148537,-0.12056266,1.5300331,3.0397608,0.44006318,36.547493,-1.7906735,-0.300508,1.5148699,-2.513374,-0.38790533,-14.712601,-2.2583096,1.2270961,-11.074186,-0.66234994,1.0072109,-22.914833,0.76779246,0.46215525,10.026964,0.36351407,-0.15740164,3.8704443,0.61468697,0.39856377,1.0,0.75395733,0.40052047,0.33486307,0.33786055,0.33167708,0.3336754,0.3339271,0.31947026,0.4495339,0.50500554,0.63417053,0.71868426,-12.027916,-12.999457,0
3.9706122448979593,0.07610124,4989.726219208875,2071.319170221357,7536.62109375,13.159208297729492,4202.849334748248,0.03489742801962526,-381.04526,-4.511886,-1.7567503,-93.62649,-3.2845721,2.3202965,-51.332573,1.3557296,0.024721649,6.6326475,-0.90127647,-0.18094295,-38.60875,2.985291,-0.47314745,11.060225,2.3523436,-1.4347548,31.10454,-1.0566026,0.8282089,-6.373876,-2.186635,0.66887474,-17.269897,-1.5992547,1.1030575,-11.56955,0.068929486,0.82598615,-21.237808,0.72569954,0.09511173,9.385906,-0.076509,-0.124033846,4.7671757,0.74691373,-0.25225648,1.0,0.83984584,0.43832985,0.3631649,0.37408462,0.3700424,0.3925011,0.38046184,0.3242838,0.43127447,0.53452057,0.6711074,0.86881757,-12.09171,-12.712744,0
3.982222222222222,0.06421097,5061.833402402177,2057.40858185492,7644.287109375,12.898015022277832,4202.849334748248,0.020317628556360583,-395.04443,-4.3038635,1.6077061,-95.85511,-2.4274428,1.4885032,-51.68187,1.5747609,0.75161034,0.7967583,-0.7966629,1.0427408,-36.87895,2.073659,-1.0201361,19.048157,1.065366,-2.6105394,26.21772,0.038976096,1.8934677,-12.7435055,-1.3197281,1.7936729,-16.218203,-0.77257055,0.6918005,-10.667593,0.42579788,0.38507804,-20.277512,0.5104176,-0.4431454,11.508867,-0.34148514,-0.22948332,7.467417,0.35427168,-0.68189526,1.0,0.9273715,0.47884402,0.3880476,0.39752138,0.39186743,0.41865453,0.37465465,0.29779094,0.3890364,0.56218714,0.72180295,0.85267776,-12.146476,-12.243955,0
3.9938321995464854,0.04908384,5046.789882613353,2077.4650857181464,7655.0537109375,9.591073989868164,4178.642703821395,0.022944219124638603,-411.5307,-3.1307118,3.4849408,-88.918846,-1.6132529,0.42647052,-51.07432,1.858981,0.95722127,-1.4448651,-0.16710195,1.6830895,-35.299778,0.8105203,-1.4704915,20.527838,-0.55878806,-2.8134704,23.756895,1.4773182,2.4154055,-13.302406,0.25352126,2.4810293,-13.090147,0.04860385,0.4559264,-8.076585,0.646646,-0.029479006,-17.876781,0.11825679,-0.7724094,13.338097,-0.48866802,-0.32159242,8.65344,-0.41954467,-0.96654165,1.0,0.9540786,0.5036331,0.4083472,0.40592882,0.40616778,0.4469604,0.38669473,0.31170702,0.3944592,0.5703262,0.72986966,0.88519657,-12.07845,-12.0587,0
4.005442176870749,0.04062705,4996.732990391772,2166.7119330521523,7805.7861328125,6.560469150543213,4202.849334748248,0.02031762855636058,-418.91043,-1.9117234,3.1404629,-80.83841,-0.72720695,-0.35596558,-48.39366,2.0428522,0.3949241,1.8758466,0.9295731,1.5118207,-30.480259,-0.5838055,-1.6037273,12.2174635,-2.3469777,-1.9355135,28.865948,3.0705009,2.030037,-9.157534,2.157783,2.2487335,-13.288303,0.71490103,0.32663062,-5.3102965,0.77500916,-0.24061897,-16.121756,-0.44182107,-0.7992725,11.085615,-0.5374159,-0.3386341,7.242998,-1.3079956,-1.1322415,1.0,0.9044256,0.50004417,0.40023777,0.3777637,0.41687915,0.47832945,0.43347958,0.38267332,0.48825717,0.63873327,0.75400233,0.7540979,-12.067964,-11.899632,5
4.017052154195011,0.05778378,5073.98540988493,2138.292967128665,7891.9189453125,35.7745475769043,4178.642703821395,0.026168028608935752,-402.80743,-1.1860311,0.9535031,-87.915276,-0.03934466,-0.40616468,-41.696083,1.8533301,-0.6280636,6.6881504,2.084874,0.7970627,-32.376945,-1.9203522,-1.5788823,2.689063,-3.8555362,-0.61156684,38.169754,4.322145,0.9105928,-5.187835,3.6868448,1.1861863,-15.668451,1.0683545,0.25447446,-5.315549,0.82935226,-0.18612482,-20.004765,-0.95382965,-0.5872091,8.71435,-0.60782677,-0.08847788,5.077224,-2.173442,-1.0034658,1.0,0.85487235,0.39352268,0.29213858,0.29069623,0.31768322,0.34968898,0.34718847,0.31910154,0.44483754,0.6262051,0.7562557,0.8078222,-11.728101,-11.875896,5
4.028662131519274,0.07689355,5098.0791043593645,2108.420904150237,7891.9189453125,33.38056182861328,4130.646898772784,0.026168028608935755,-390.69348,-0.9464706,-1.66454,-95.20625,0.23033409,0.3361357,-37.239296,0.9364201,-1.5643387,10.346718,2.5682676,-0.14996716,-37.910233,-2.9573226,-1.2098114,-1.4684932,-4.5404253,0.50698555,44.77162,4.6645713,-0.51020336,0.8400449,4.039031,-0.29731047,-14.767525,1.1644542,0.32677138,-7.2868366,0.77132225,-0.009741409,-22.62571,-1.2719789,-0.20955952,7.4144115,-0.7641878,0.21427816,2.1918895,-2.659681,-0.33717754,1.0,0.8487706,0.37948877,0.2801442,0.2785871,0.30062842,0.3095951,0.31802425,0.29230452,0.42786697,0.6156759,0.7480982,0.467935,-11.297337,-11.975127,5
4.040272108843538,0.084667414,5055.85683112703,2093.073453409305,7848.8525390625,18.616153717041016,4106.8561232764905,0.03489742801962526,-390.4395,-1.2787114,-3.1241827,-96.715065,0.4982816,1.505048,-36.493355,-0.39359978,-2.0559878,12.660162,2.2535033,-0.84593326,-43.242966,-3.5441432,-0.3432892,-4.551756,-4.099298,1.0886277,50.763474,4.1481957,-1.506445,8.532778,3.0944483,-1.611636,-11.272928,1.2792627,0.37187338,-6.8987293,0.4991002,0.041440006,-24.055174,-1.2799265,0.38854197,6.910579,-0.78458744,0.29096273,-2.335828,-2.5035489,0.46176472,1.0,0.8287873,0.3733002,0.2835515,0.2862074,0.28934458,0.2837801,0.29860198,0.27957255,0.42399523,0.60336745,0.74014646,0.4830927,-11.366904,-12.094596,5
4.051882086167801,0.08324772,4909.069871466738,2024.2302696870556,7622.75390625,19.677310943603516,4106.8561232764905,0.03489742801962526,-399.71774,-2.2834141,-2.3063042,-93.574646,1.2883172,1.9517727,-38.938793,-1.7730671,-1.7446036,15.221865,1.5216511,-0.94345796,-47.862225,-3.5290797,0.80340356,-7.2476273,-2.7223628,1.1928985,54.98064,2.9774816,-1.6064624,13.8812065,1.5903877,-2.2234247,-8.567575,1.5492978,0.10856781,-5.3328013,0.12299313,-0.1579025,-25.72303,-0.898703,0.77991706,7.025385,-0.58283055,0.09747656,-6.890419,-1.9450932,0.97057384,1.0,0.73586816,0.33325997,0.26331103,0.2660931,0.23832886,0.21878889,0.24271394,0.24509682,0.39354065,0.54781264,0.71863323,0.5592469,-11.305172,-12.310463,5
4.063492063492063,0.08082279,4760.027296538488,1957.974357520556,7245.9228515625,25.980060577392578,4106.8561232764905,0.047686993082531035,-412.93057,-3.553763,0.34808245,-88.436935,2.5991964,0.96796864,-43.169003,-3.0146494,-0.8883593,17.916695,0.9352835,-0.64201295,-53.34749,-2.61856,1.4112648,-11.089695,-1.1989087,1.3379558,56.88482,1.7000109,-1.2175012,15.543274,0.24211392,-2.0256684,-7.5213547,1.6182095,-0.29970965,-3.2251525,-0.23150088,-0.57265574,-26.74593,-0.33406672,0.584725,7.7626762,-0.3674034,0.016438205,-10.308664,-1.3578068,1.0390872,1.0,0.663098,0.29733387,0.25050816,0.2616101,0.21193355,0.1837107,0.20917176,0.2297418,0.38598955,0.5285452,0.7126131,0.4576725,-11.345214,-12.547689,5
4.0751020408163265,0.079273015,4620.7563815094845,1924.7978192198414,6987.5244140625,14.449410438537598,4106.8561232764905,0.04768699308253103,-420.8799,-3.5131521,2.1422255,-84.19347,3.0697443,-0.28992388,-49.592674,-3.737632,-0.15019213,16.633589,0.6268974,-0.25373626,-56.295517,-1.3616439,1.5471901,-13.802322,0.118578225,1.6191677,55.134567,0.7299088,-0.8132717,11.258177,-0.78794277,-1.033409,-6.387229,1.2509105,-0.48812044,-2.329286,-0.57426065,-0.8137465,-26.892094,-0.014416886,0.31439906,6.708673,-0.15966551,0.1096643,-9.286249,-0.8224558,0.72008204,1.0,0.6160829,0.27002487,0.24873255,0.27556095,0.20965219,0.18603489,0.18697752,0.22365847,0.40029725,0.5556531,0.7340249,0.49769425,-11.36948,-12.671156,5
4.08671201814059,0.078350395,4565.659922044117,1916.2818789190699,6836.7919921875,19.18073844909668,4130.646898772784,0.07797523762294829,-421.91663,-2.1286576,2.5267751,-79.0754,2.2496674,-1.4297559,-54.917725,-3.8565729,0.35911408,14.456318,0.3383176,-0.07063126,-56.127213,0.08771089,1.6028564,-13.112631,1.4280828,1.6414989,54.36858,-0.02915484,-0.4096057,4.176691,-1.4382819,0.12732688,-4.700549,0.75180703,-0.45329472,-4.3595467,-0.9414373,-0.5646877,-24.853014,0.1494379,0.062412452,5.425085,-0.02646238,0.1984612,-6.5393343,-0.26397473,0.27491128,1.0,0.5970772,0.2676221,0.2490049,0.26652104,0.20415172,0.1836648,0.16795103,0.20679227,0.3718517,0.5130184,0.7078645,0.5810991,-11.328702,-12.758608,5
4.098321995464852,0.078563325,4525.108760056234,1884.4796494182515,6384.5947265625,26.92265510559082,4130.646898772784,0.07797523762294829,-418.11377,-0.33606365,1.7006336,-75.71948,0.7230793,-2.0457587,-57.227837,-3.5069919,0.62934804,14.41692,0.019786358,-0.0007677656,-53.88498,1.5098435,1.4330842,-8.965307,2.564097,1.2425859,54.667244,-0.5076879,-0.1575059,0.7131969,-1.6409442,0.77655905,-3.4028044,0.33705336,-0.42986473,-7.579571,-1.1711849,-0.06555537,-23.160233,0.295698,-0.10462659,4.9499507,0.12727728,0.3043521,-5.488703,0.2902225,0.055575084,1.0,0.6321196,0.28364795,0.24223076,0.2418795,0.20356372,0.18199827,0.16213186,0.17420779,0.28805548,0.39905956,0.61926675,0.64493823,-11.431841,-12.870281,0
4.1099319727891155,0.08001995,4500.73509386689,1849.4907128916282,6136.962890625,28.636615753173828,4178.642703821395,0.10857977072874497,-414.51956,0.91445416,0.34571093,-74.707535,-0.58147675,-1.7465824,-60.048763,-2.8474035,0.73571867,16.413742,-0.30975366,-0.13939293,-51.12384,2.414031,0.69731647,-3.7528458,3.2836149,0.39412415,54.407166,-0.89203566,-0.25769103,1.3728105,-1.4399897,0.7711162,-3.750125,-0.037185416,-0.46151972,-10.588982,-1.1610788,0.44460732,-23.923687,0.5004651,-0.005941585,5.8735695,0.43062133,0.44037744,-6.8287225,0.77943665,0.18030192,1.0,0.67848563,0.30777758,0.24860993,0.2426296,0.21729925,0.18976782,0.17691007,0.18456006,0.28406316,0.37819016,0.58074135,0.7238801,-11.556598,-12.924316,0
4.121541950113379,0.08156937,4480.663323057054,1807.282751247748,5857.03125,18.002500534057617,4178.642703821395,0.10857977072874499,-413.8862,0.96739143,-0.78081685,-76.9337,-1.0776958,-0.6082835,-63.55552,-2.0013442,0.72936827,18.20256,-0.6608061,-0.62865716,-48.717926,2.3768,-0.33203694,1.0755715,3.3660133,-0.4882791,53.773243,-1.2666107,-0.58182704,3.8165298,-0.8855733,0.30518305,-4.9335556,-0.4159708,-0.38820848,-11.726074,-0.84165794,0.7178814,-24.695206,0.7552186,0.28011256,7.419301,0.8619916,0.40113714,-8.4184675,1.1104305,0.5812475,1.0,0.78134245,0.34598362,0.25739905,0.25305918,0.23664469,0.20697479,0.19810586,0.20424621,0.29703534,0.36181092,0.5176852,0.89827967,-11.999044,-13.241471,0
4.133151927437642,0.08384568,4596.162378240506,1908.4089100649276,6642.9931640625,31.197742462158203,4202.849334748248,0.15046460134333878,-411.64008,-0.26259562,-1.6646519,-84.43396,-0.60008913,1.0982931,-65.53073,-1.1261846,0.8677017,16.805048,-1.0957437,-0.8875286,-42.999985,1.8034823,-1.036138,5.7494082,3.0501182,-0.8414493,52.587357,-1.844254,-0.74902755,4.2285333,-0.408537,-0.1713482,-5.353059,-0.8225432,-0.2917451,-11.230848,-0.24523726,0.69280154,-24.92856,0.90308374,0.49278006,7.6024404,1.1214815,0.19092852,-7.83877,1.5561783,0.9137403,1.0,0.8251599,0.3498324,0.26292682,0.25907654,0.24475732,0.22629113,0.20925324,0.20747073,0.30371946,0.34805942,0.4977702,0.97051316,-12.101835,-13.178464,0
4.144761904761904,0.085438944,4726.404684916036,2009.5765740211118,6998.291015625,17.47119903564453,4227.196193261513,0.1504646013433388,-411.0727,-2.373721,-2.3414428,-90.45254,0.8882921,2.6177924,-66.508194,-0.043742307,1.279833,15.078553,-1.3944083,-0.49526992,-38.01484,1.475237,-0.87234676,8.805607,2.8494916,-0.4413785,51.259434,-2.5470116,-0.7754448,2.1748915,-0.35087034,-0.26651353,-6.10244,-1.1396805,-0.22225997,-10.640551,0.44047338,0.5675199,-23.981363,0.97078484,0.33481812,8.587286,1.0775644,-0.1066119,-4.751046,2.2132888,0.8987894,1.0,0.88794124,0.37370583,0.27577677,0.2641816,0.25722092,0.26377434,0.2305145,0.22190942,0.33741018,0.3784792,0.52409685,1.0377125,-12.177214,-13.233726,0
4.156371882086168,0.082335144,4745.238066554193,2022.0066026794063,7009.0576171875,18.192148208618164,4251.684091691332,0.1504646013433388,-412.76434,-5.523836,-3.4845357,-89.48195,3.1145244,3.402484,-66.30499,1.5320337,1.7360886,12.315891,-1.4221109,0.23923601,-38.702908,1.757116,0.025383556,9.2673435,3.1809456,0.4654696,47.524746,-3.4667475,-0.9440179,-0.045860797,-0.6132093,-0.120581046,-7.583785,-1.2438022,-0.13856624,-9.935609,0.9101938,0.32653704,-21.000484,0.9998417,-0.097762495,11.107021,0.78242534,-0.36594832,-0.6363579,2.8045437,0.4706853,1.0,0.9153365,0.37581113,0.26672524,0.25854483,0.27235737,0.28485245,0.23838092,0.22228183,0.33289734,0.3692019,0.52028126,1.0373665,-12.283933,-13.341647,0
4.167981859410431,0.07496486,4694.988194981879,1997.3326877403217,6858.3251953125,8.628220558166504,4251.684091691332,0.1504646013433388,-417.47366,-9.9878435,-5.1226263,-82.75586,5.8521004,3.3062317,-65.061714,3.5372567,2.163432,7.8981733,-1.348511,0.60772043,-43.67778,2.647261,1.2578249,8.641874,3.9672298,1.3262011,43.42714,-4.788885,-1.3389678,-0.30328715,-0.91062707,0.011964687,-8.713813,-1.0150702,0.18528149,-9.081152,1.0597515,0.08604295,-17.791428,1.0575047,-0.29445538,13.126209,0.48982957,-0.45658627,2.8266592,2.9759982,-0.15700692,1.0,0.95025873,0.37108514,0.243994,0.2557088,0.31995466,0.31880316,0.24967389,0.22239436,0.3159757,0.33914724,0.4799976,1.0955504,-12.3138,-13.467237,0
4.179591836734694,0.06342626,4587.8891061076,1914.1105702816228,6373.828125,14.474854469299316,4251.684091691332,0.1504646013433388,-427.91663,-14.939507,-5.7693763,-72.03254,8.503468,2.2814102,-62.0688,5.483296,2.2581923,5.73915,-0.9333195,0.7031761,-45.616615,3.5196953,2.04897,10.991153,4.180005,1.023705,39.20451,-5.8754644,-1.2689031,-0.06925587,-1.1054333,-0.12179071,-10.84639,-0.39382696,0.77920514,-7.509987,1.1781405,0.053941,-16.973423,1.3139399,-0.053864747,13.206392,0.18804057,-0.52744,6.553782,2.5143535,-0.77803755,1.0,0.9993245,0.37706283,0.20126802,0.23158571,0.34732735,0.3430021,0.26592624,0.22318028,0.2870818,0.3089391,0.44932216,1.1337851,-12.334134,-13.51746,0
4.191201814058957,0.04836743,4560.713059432692,1891.392249936121,6319.9951171875,7.373288631439209,4251.684091691332,0.1504646013433388,-441.597,-20.149897,-5.8201256,-60.22827,10.531251,1.2268472,-55.42228,7.4204493,2.1155775,7.7812214,-0.31931508,0.7296955,-39.481186,4.766309,2.1850376,18.05643,3.3220117,-0.6105656,34.302765,-6.8587093,-1.0484153,-0.33980134,-1.39726,-0.5020181,-12.728003,0.8579665,1.5552428,-4.927987,1.5107868,0.23784551,-18.245066,1.7098237,0.45026878,11.8842,-0.3728267,-0.58602285,10.250586,1.3003366,-1.4567306,0.98797613,1.0,0.37649587,0.18475188,0.22012903,0.36381564,0.36428994,0.29701003,0.2336434,0.27755976,0.30032742,0.443383,1.2054555,-12.342121,-13.576732,0
4.20281179138322,0.029369509,4634.200045528791,1966.231179642153,6470.7275390625,1.7180724143981934,4301.086281177372,0.12793708630129036,-466.8555,-23.865522,-3.9929717,-48.64362,11.287382,0.19898693,-45.260773,8.699766,1.2770783,10.226127,0.65572745,0.8269364,-28.970606,6.2344184,1.4210416,28.645756,1.3839554,-2.8313608,25.658308,-7.4722404,-0.6521921,-1.9396414,-1.4845042,-0.40762982,-13.161814,2.2780056,1.8940086,-4.2849207,1.7845336,0.30189192,-19.28872,1.9577357,0.7474384,10.324569,-1.0628368,-0.54946625,12.146942,-0.20943934,-1.8579258,0.9649151,1.0,0.40793252,0.20155528,0.24312302,0.41880438,0.45179164,0.406078,0.28202122,0.28438884,0.31247917,0.4580405,1.1978713,-12.378213,-13.535013,0
4.214421768707483,0.014540549,4766.109419055181,2125.759291715901,6847.55859375,1.564324975013733,4301.086281177372,0.1279370863012904,-503.24207,-24.51074,0.019871237,-35.469437,10.89773,-0.78053725,-32.301144,8.390998,-0.68106264,8.201939,1.5350163,0.6726138,-17.069447,7.3723807,0.22746952,38.355392,-1.0782045,-4.205214,12.695148,-7.588228,0.10513985,-3.9535499,-1.2725486,0.20226084,-10.174609,3.048528,1.2144977,-4.5019345,1.5836275,-0.07921553,-16.937431,2.2278767,0.7224695,10.551848,-1.2726641,-0.16026531,11.933871,-1.2420057,-1.4444504,0.81058544,1.0,0.54574925,0.268377,0.3113226,0.5482175,0.62528193,0.5764693,0.36578196,0.32500786,0.36084765,0.46163487,3.1780097,-8.184307,-8.000485,7
4.2260317460317465,0.008446099,4796.598817664669,2271.5995325132985,7278.22265625,1.328169822692871,4504.502384021486,0.010467533617069905,-533.52924,-22.082998,4.5377183,-24.170334,9.510873,-1.7572569,-21.86855,6.6737556,-2.7460845,9.036837,2.0480049,0.5355287,-11.828899,7.6695466,-0.621111,34.244297,-3.4045298,-3.728853,6.592917,-7.386477,0.76234484,-6.8006167,-0.93984914,0.69083494,-4.4137745,3.3168418,0.04710269,-2.0263374,1.1132152,-0.48244023,-11.244884,2.4580836,0.22700402,9.651356,-1.000947,0.30667305,9.1152115,-1.5783464,-0.30606475,0.7555186,1.0,0.6040623,0.32461342,0.34553838,0.53924876,0.6036479,0.5737282,0.3855641,0.35602283,0.40751135,0.4751524,3.211971,-8.094781,-7.910315,7
4.237641723356009,0.0042274394,4881.530332360571,2588.2516725038104,7891.9189453125,0.7411804795265198,0.0,0.010037765502929688,-570.12854,-17.809801,7.466959,-10.9579315,7.7234697,-2.3627293,-9.11108,4.3110056,-3.6917639,11.474491,2.2457294,0.44742173,-4.1413836,7.14357,-0.81888765,20.632658,-5.164552,-1.7001412,-2.1697903,-6.792587,1.147147,-11.425213,-0.54182446,0.84060895,5.6988034,3.131997,-0.99773896,2.9934216,0.5047196,-0.7888381,-5.4988813,2.3179715,-0.61129045,6.094271,-0.5649666,0.59087306,1.4884295,-1.2804728,0.9547867,0.74991417,1.0,0.74491584,0.47445354,0.4635193,0.5001486,0.50679207,0.52499497,0.4539975,0.456657,0.52792245,0.60182524,3.3198843,-8.058114,-7.835099,7
4.249251700680272,0.002914363,4943.69421374786,2801.476164015816,8430.2490234375,0.9559440612792969,0.0,0.010467533617069907,-588.03845,-12.669322,7.366527,-4.1404767,6.0354986,-2.2572582,-3.6518903,2.190833,-3.0370677,17.715542,2.2801974,0.05521634,2.6642785,6.165035,-0.82005167,4.332273,-5.9485154,0.88351667,-8.653463,-5.742745,1.153688,-9.702863,-0.1243461,0.6437473,11.922181,2.543941,-1.5316303,4.928127,-0.15120353,-1.0861949,-4.045037,1.5273423,-1.4284364,2.549029,-0.2901782,0.56490576,-4.475812,-0.44322705,1.7904671,0.796698,1.0,0.7886863,0.6589534,0.63632464,0.52211094,0.4927021,0.54085267,0.49272567,0.55244434,0.6132838,0.7288265,3.5249226,-8.074417,-7.671659,7
4.260861678004535,0.0028576048,4806.734960016185,2881.5449730141413,8548.681640625,1.2144050598144531,0.0,0.01000032860450166,-584.1092,-7.876192,4.87139,-0.9624503,4.5144587,-1.5749531,-12.0130825,0.903362,-1.155832,20.391811,2.1640837,-0.63423353,8.74193,4.9216113,-1.0510415,-5.2247825,-5.3002563,2.8806932,-11.500179,-4.3420744,1.1257517,-5.4083614,0.23594671,0.26714605,8.537264,1.631926,-1.3979173,0.819325,-0.7918239,-1.0237095,-2.4536197,0.21638143,-1.7289706,5.0925384,-0.31163445,0.26954344,-2.3922203,0.6172624,1.8483044,0.8665353,1.0,0.9090837,0.90977156,0.91734445,0.7366007,0.6783586,0.777582,0.6245502,0.66964114,0.6884208,0.82328254,4.086499,-8.193958,-7.8424263,7
4.272471655328798,0.0033702767,4598.138200446188,2839.948877815354,8311.81640625,1.5432581901550293,0.0,0.010000127845232541,-574.96436,-4.131484,2.1515572,-2.1982584,3.0198903,-1.0515858,-21.121325,0.33695012,0.63122493,22.438437,1.7730194,-0.8283164,14.209786,3.6467757,-1.6379739,-6.028459,-3.2661946,3.1447005,-16.368317,-2.7045329,1.7577399,-4.6160464,0.5435129,-0.12909646,6.4469385,0.40333727,-0.9830917,-1.6026047,-1.1929587,-0.27828178,-2.4272335,-0.8719933,-1.1689594,8.288097,-0.5002158,-0.33776563,3.2834291,1.4133195,0.9123112,0.74258184,0.9843123,1.0,0.875676,0.90062404,0.76190746,0.66931784,0.8194782,0.64927953,0.6055507,0.60633695,0.7095535,4.0759754,-8.115738,-7.607945,7
4.284081632653061,0.0037388254,4453.057279696468,2797.9661971380574,8096.484375,1.2906242609024048,0.0,0.01000000928748663,-573.6015,-1.1627187,-0.14107141,-1.471203,1.358357,-0.8518237,-23.559975,0.019828726,1.6215198,24.04332,1.4129064,-0.5172153,18.75809,2.02875,-1.8765546,-4.1380944,-1.0272591,2.0424428,-20.156813,-0.47796234,2.3095884,-5.006897,0.7546995,-0.32113457,6.105465,-0.96261644,-0.55609584,-3.7681756,-1.1188037,0.7225747,-5.163477,-1.2511482,-0.14891179,9.442291,-0.7091445,-0.87210864,8.25193,1.6494797,-0.64010805,0.64562947,0.98027754,1.0,0.74926674,0.7480796,0.64936507,0.56271625,0.7153844,0.569893,0.49969482,0.49359983,0.58000046,4.7497106,-6.9330378,-5.9864736,4
4.295691609977324,0.0036250846,4385.262432377546,2799.812007160117,8010.3515625,0.8301207423210144,0.0,0.010000005216229449,-579.913,0.06942749,-0.2848598,2.9052792,0.11742772,-1.0724442,-18.602264,0.24380071,1.147929,23.61792,1.086505,0.018365365,20.39409,0.47066602,-1.8042456,-2.1111245,0.48036203,0.4885893,-22.030682,1.3720013,2.3190768,-5.6113205,0.5573077,-0.06983345,6.647275,-1.8201805,-0.5202571,-6.771635,-0.57860863,1.1364884,-10.37919,-1.030213,0.64097893,7.736126,-0.9606792,-0.8408249,12.146046,1.181366,-1.6208409,0.6268295,1.0,0.98423004,0.67176884,0.6418405,0.5470534,0.49601316,0.6102062,0.49092004,0.42830694,0.42092597,0.49712113,4.585115,-6.8871393,-6.0873313,4
4.307301587301588,0.0031350006,4439.172780116802,2829.017153138997,8064.1845703125,0.670048177242279,0.0,0.010000000101429396,-588.12915,0.4059723,1.1435622,6.711811,-0.7189637,-1.1978307,-9.608622,0.8331038,-0.32426447,22.262245,1.1535091,0.3274813,18.25137,-0.82897025,-1.3471444,1.0936713,0.74573326,-0.6356851,-20.046041,2.33991,1.4376742,-5.7871833,0.4248417,0.24939826,7.173972,-2.0222228,-0.69469595,-7.806839,0.05692406,0.7773968,-14.913133,-0.61231095,1.1298188,4.204977,-1.2879503,-0.14658405,13.598122,0.15275459,-1.5539393,0.64991057,1.0,0.9699138,0.6683653,0.5910473,0.48715693,0.4966742,0.5483443,0.4650033,0.42368922,0.44350836,0.4889138,4.449773,-6.942158,-6.1933837,4
4.31891156462585,0.002750967,4616.940261173819,2847.340585056494,8139.55078125,0.9774718284606934,0.0,0.010000000021701592,-588.6907,1.1208974,2.291694,4.4800243,-1.2300081,-1.0847476,-6.0792313,1.0686508,-1.2116027,23.677246,1.4975349,0.61033505,14.709227,-1.5772773,-0.48071367,2.8556461,0.21912362,-0.98660445,-11.71512,2.6604397,-0.09071557,-5.0225825,0.70285267,0.38389185,3.7753108,-2.0238397,-0.28796464,-4.8237658,0.34017444,0.26265788,-13.419554,0.026750008,1.1462818,-0.11589736,-1.3362602,0.51532334,10.260768,-0.8725447,-0.94173366,0.7595018,0.98930603,1.0,0.79039794,0.67826915,0.58008033,0.6431177,0.6377275,0.5893315,0.5470763,0.6503625,0.6689667,4.441362,-7.057957,-6.4314604,4
4.330521541950113,0.0028848243,4739.606919079582,2795.88118453385,8182.6171875,1.2180150747299194,0.0,0.010000000021701594,-583.833,2.5352864,2.17291,-2.160968,-1.7486576,-0.5011837,-8.825139,0.780648,-1.0207046,26.96672,1.9617101,0.66458243,10.9553585,-1.6963018,0.45795465,2.1926806,-0.3785848,-0.82900393,-1.3544606,2.390389,-1.3524718,-3.176701,1.1762512,0.46849525,-1.9987288,-1.7051557,0.5260013,-0.869376,0.5042217,-0.19936396,-9.017471,0.7368563,0.67130226,-1.9624276,-1.0907882,0.7693098,4.967366,-1.6491402,-0.3272031,0.94135684,0.8863875,0.9972559,0.92790365,0.7903258,0.73419297,0.8654884,0.79757786,0.75336826,0.727072,0.91799104,1.0,4.4230123,-8.262172,-6.916999,7
4.342131519274377,0.0033201475,4707.170381209147,2724.8236992073666,8085.7177734375,1.3334503173828125,0.0,0.0100000000000754,-576.7091,4.0167937,1.073956,-6.8650675,-2.175882,0.28376302,-13.394722,0.17931928,-0.18731761,28.907799,2.2216096,0.20929126,7.9411573,-1.4432771,0.85737485,0.22461206,-0.8773316,-0.46007606,1.9629759,1.6485046,-1.9181951,-2.6186523,1.695721,0.5064199,-6.4098454,-1.0275221,1.3247583,0.13576925,0.7280316,-0.3462797,-6.6417694,1.2735016,-0.026031746,-1.0586077,-0.6023599,0.6551416,2.89977,-2.1218417,0.10885828,0.9085068,0.7731173,0.8678414,0.89067334,0.74702615,0.72616255,0.89282155,0.7955679,0.7500955,0.7466151,0.89977425,1.0,4.668254,-8.553254,-6.777137,7
4.35374149659864,0.003726926,4617.860524605904,2658.6764876741836,7945.751953125,1.3871393203735352,0.0,0.010000000047726025,-569.4009,4.8400626,-0.18484946,-8.295603,-2.2452781,0.6883253,-15.809654,-0.29382393,0.5672319,31.365894,2.0389602,-0.47432256,6.3314295,-1.0846491,0.6309862,-3.1356673,-1.1707672,0.059170466,-2.1300638,0.4356108,-1.7170098,-1.596064,2.0584385,0.40402427,-7.383403,-0.12794699,1.625226,-1.5669618,0.76959336,-0.16488767,-5.7902937,1.3879386,-0.48782817,0.44867873,-0.017586224,0.38687736,2.3004444,-2.086733,0.35802177,0.88297135,0.73523897,0.8161493,1.0,0.7525635,0.71199554,0.9163391,0.78277886,0.732506,0.73508084,0.8134924,0.9083486,4.7469144,-8.419984,-6.6251225,9
4.365351473922902,0.00410884,4562.694596901926,2633.7009472055925,7891.9189453125,1.622206687927246,0.0,0.010000002871100368,-563.97736,4.60756,-0.89643127,-8.426713,-2.022966,0.3411279,-13.703943,-0.24622388,0.58934337,35.58847,1.4357657,-0.8897466,7.92109,-0.71849996,0.24657404,-4.9360456,-1.0029662,0.53238463,-6.6515064,-0.99044746,-0.89782184,1.2196639,2.1569388,0.1531189,-4.972271,0.8402906,1.1471144,-3.3389664,0.47170982,0.06841552,-4.8984966,1.062203,-0.41193548,0.9286213,0.42522848,0.09432744,1.4396995,-1.5476347,0.40749353,0.7068056,0.5870506,0.7047156,1.0,0.6517537,0.61232185,0.80025506,0.6572202,0.6087463,0.58966273,0.6258661,0.680904,5.097006,-7.4165425,-5.9539366,9
4.3769614512471655,0.0045405277,4557.240004794046,2638.18935434207,7891.9189453125,1.8217689990997314,0.0,0.010000078102280324,-559.8835,3.5982087,-1.281354,-8.862092,-1.8846083,-0.32339618,-10.594606,0.10394071,0.1148048,38.631596,0.7358529,-0.9641327,10.320299,-0.24822356,0.08980543,-4.925748,-0.38763386,0.84502584,-8.2128725,-1.9282082,0.0043348237,4.81709,2.015826,-0.19345564,-0.9322349,1.5100181,0.25509232,-3.1391747,0.032774884,0.0037210744,-4.477019,0.6690428,-0.17685159,0.29992348,0.4879033,-0.08055787,-0.9663249,-0.9618875,0.3878016,0.6088581,0.50570923,0.67749035,1.0,0.58860075,0.5716639,0.7539479,0.6021462,0.52981293,0.5363309,0.54219586,0.5697816,5.178936,-6.999727,-5.8902965,4
4.388571428571429,0.005048493,4577.655970472095,2632.6081622391694,7870.3857421875,1.9507908821105957,0.0,0.010000127845232541,-556.81006,2.3291626,-1.3591208,-10.065496,-1.8684381,-0.45984986,-9.614502,0.33906773,-0.33474523,37.609646,0.18505567,-0.8054545,9.243287,0.40825552,0.3337823,-5.5286016,0.62500685,1.1112381,-8.515896,-1.855023,0.47920012,8.355008,1.769013,-0.5659559,3.0340586,1.6185999,-0.53819436,0.08008695,-0.24931034,-0.3137267,-4.171074,0.52189255,-0.041913416,0.5044817,0.28170592,-0.1437762,-3.680979,-0.6940527,0.40449703,0.6021442,0.488403,0.7070075,1.0,0.5768146,0.5672711,0.73681396,0.5742872,0.5028119,0.5493852,0.5411626,0.57362396,5.158325,-7.061308,-5.8644767,4
4.400181405895691,0.0055432143,4619.85256970921,2598.859261515851,7784.2529296875,1.758238673210144,0.0,0.010000802780927255,-554.5964,1.1076192,-1.2347097,-12.317247,-1.8698084,-0.10813632,-10.402489,0.14234138,-0.5391639,34.894745,-0.20623519,-0.32134154,6.403634,1.1026324,0.76443326,-5.3302717,1.7725898,1.1841183,-10.328471,-1.0738003,0.64467436,10.099729,1.3948716,-0.6950702,4.918066,1.1047186,-1.0162435,2.0627553,-0.5000911,-0.6791698,-3.7364578,0.41509283,-0.06869472,1.8479166,-0.042333454,-0.2703618,-3.9147024,-0.6188591,0.28302112,0.6385389,0.50273734,0.74172294,1.0,0.588493,0.5752919,0.71398115,0.55676806,0.5103593,0.5735159,0.54622376,0.60593235,5.101188,-7.087262,-5.8604856,4
4.4117913832199545,0.005824678,4700.262151090483,2578.642854300583,7816.552734375,1.5548375844955444,0.0,0.010006178555334078,-553.8336,0.19755046,-0.93311447,-16.505417,-1.7113615,0.39242244,-11.783449,-0.37586883,-0.41632015,33.100365,-0.46104813,0.23185971,5.697238,1.4840533,0.9379164,-3.2225046,2.4969862,0.88441503,-13.081186,-0.22745927,0.8140412,10.284058,1.0452683,-0.4336521,4.8573294,0.32993665,-0.9956477,0.47367716,-0.8382612,-0.76129764,-3.0109348,0.19017456,-0.20093833,2.6604156,-0.37928376,-0.45814458,-2.1851351,-0.5696025,0.037875522,0.6396798,0.5157943,0.73218423,1.0,0.6065604,0.580983,0.6725636,0.5287112,0.51516294,0.5561106,0.51687735,0.59661794,4.951519,-7.081508,-5.8404984,4
4.423401360544218,0.0058078016,4755.08446611861,2576.8800270179568,7838.0859375,1.4236115217208862,0.0,0.010037765502929688,-556.2106,-0.34783426,-0.4448484,-20.779312,-1.2462848,0.85013574,-12.200426,-0.6498915,-0.06992628,32.59037,-0.5219516,0.41062325,8.548293,1.4765637,0.44628018,0.20895156,2.4835413,0.04114725,-14.429161,0.2631331,0.7969097,9.751923,0.72830087,-0.11563471,4.0488453,-0.35547474,-0.6148929,-3.3008056,-1.3369848,-0.5315694,-2.9137282,-0.14170204,-0.40298882,1.9732702,-0.61620694,-0.4739425,-1.2595241,-0.38649496,-0.1333373,0.6232822,0.5363354,0.73746103,1.0,0.6175191,0.57934517,0.6421615,0.53136533,0.51323456,0.5092824,0.4982952,0.57869995,5.0066214,-7.018261,-5.822279,4
4.435011337868481,0.005714152,4760.199484592627,2608.7863061557678,7838.0859375,1.7935878038406372,0.0,0.010259050559778863,-558.05804,-0.77691346,-0.11595398,-20.625717,-0.575565,1.0435601,-12.023904,-0.4649029,0.28824645,32.943542,-0.3828193,0.17482235,14.493435,1.3018203,-0.4934847,6.3356113,1.9443499,-0.9973021,-12.894307,0.5242257,0.49221626,9.552696,0.48207143,0.065134875,2.9175913,-0.61015886,-0.0027998073,-5.5103073,-1.8097969,-0.083032496,-2.0997262,-0.4885738,-0.4879634,0.7706421,-0.66458356,-0.11215821,-2.2915325,-0.12178232,-0.040268373,0.5768865,0.5460762,0.78462875,1.0,0.6307594,0.6027234,0.65112466,0.5396007,0.5076365,0.5028299,0.5007819,0.5460468,4.999013,-6.8888087,-5.894851,4
4.446621315192743,0.0058988277,4708.682553168716,2632.1425703335335,7795.01953125,2.0312891006469727,0.0,0.010824463728234167,-559.80664,-1.125241,-0.0053506168,-19.624886,0.10701615,0.8304611,-13.5894165,0.042440318,0.5853518,34.403996,-0.36371425,-0.22650518,19.714172,1.1235036,-1.0548462,11.855562,1.1768088,-1.534078,-9.305502,0.7928789,0.050495356,10.127558,0.3304252,-0.0023627405,0.32362068,-0.37145564,0.5425958,-7.4574046,-1.8981032,0.26198077,-2.7346592,-0.7130731,-0.33363444,-1.4434955,-0.3707368,0.52427894,-4.41138,0.110843726,0.31994975,0.49082989,0.5109571,0.8210376,1.0,0.60583204,0.5983874,0.6547349,0.50631815,0.47762424,0.50302553,0.48823157,0.4942051,5.010545,-6.9579268,-5.77482,4
4.458231292517007,0.0063815224,4643.730232035357,2636.2298687818507,7687.353515625,2.019524574279785,0.0,0.011853505394683413,-560.0442,-1.3046428,-0.05861515,-18.629414,0.45742378,0.12324499,-15.441683,0.71022207,0.8196093,34.752594,-0.6617955,-0.5752403,19.975245,0.8915359,-0.8769615,12.615852,0.32574403,-1.4175214,-6.0295453,0.94254565,-0.33777696,12.403945,0.17933053,-0.22880882,-0.689574,0.0766434,0.76607144,-8.538124,-1.5250357,0.43409517,-4.594004,-0.752041,0.0011671167,-3.6174896,0.20952202,0.9886776,-5.8790646,0.35814092,0.64675784,0.43761832,0.46445653,0.83934355,1.0,0.5836994,0.5680271,0.61047536,0.46548635,0.44457173,0.49849486,0.47524336,0.47178745,5.08768,-6.912167,-5.779109,4
4.46984126984127,0.0068397545,4622.841683867531,2648.4423756095384,7708.88671875,1.640378475189209,0.0,0.012403124793551348,-559.01416,-1.3671428,-0.264394,-16.449533,0.22843975,-0.6896847,-14.3190155,1.2994736,0.8630201,33.22969,-1.1196436,-0.6744634,15.565468,0.39605492,-0.37952954,7.736585,-0.5573536,-0.9020304,-6.6888433,0.9401493,-0.37270194,12.873826,0.14180258,-0.2771445,-0.68947434,0.6210615,0.76692706,-10.474212,-0.9244689,0.5414918,-7.0140533,-0.694696,0.25354928,-3.733553,0.8906223,1.0347184,-4.840247,0.76544255,0.71677905,0.40951553,0.42312992,0.8438974,1.0,0.5601123,0.5141819,0.5305892,0.43039358,0.4188755,0.46850017,0.42809582,0.45396727,5.144328,-6.8779397,-5.8775263,4
4.481451247165533,0.006889922,4646.781685909137,2668.201107835177,7881.15234375,1.2485071420669556,0.0,0.011422334250709076,-561.1461,1.1757873,2.0984604,-14.8263645,-1.0915271,-1.6198382,-11.474286,0.54162794,-0.48952827,31.836626,-1.2935444,-0.2577609,11.968742,-1.9399244,-1.4748164,3.005672,-1.0490826,0.09522611,-8.188967,2.737275,1.66741,12.351654,-0.39175895,-0.6243193,1.7920892,1.1185464,0.52656317,-12.119091,-0.15836932,0.8549484,-8.294717,-1.1677978,-0.11773403,-1.2850252,1.7525975,0.9669901,-2.1786265,1.6008449,0.8052362,0.40394342,0.41819426,0.87208325,1.0,0.5437837,0.47503087,0.48119724,0.41242564,0.38575453,0.4242165,0.3778265,0.43663767,4.7122607,-6.5074687,-5.880847,4
4.493061224489796,0.00634406,4739.459683952096,2727.815520041112,8053.41796875,1.2582499980926514,0.0,0.011085791888943375,-564.0923,6.76885,6.184631,-14.63526,-2.9999917,-2.4029708,-8.084017,-1.0821011,-2.2319107,29.614912,-2.1474817,-0.5234412,13.673519,-4.797799,-2.8066533,2.3168514,-0.9074962,0.9507273,-7.6908016,5.164824,3.449498,11.231646,-0.9658601,-0.6649159,4.916113,1.4543025,0.081248276,-12.620561,0.709703,1.0674621,-7.795985,-1.2353519,-0.18449123,3.1963894,2.479622,0.57971305,0.43031657,2.028675,0.32584798,0.41730812,0.46888453,0.95607734,1.0,0.5320593,0.46331546,0.48353872,0.4218214,0.37068546,0.3997047,0.35826212,0.43058962,4.6038933,-6.7484875,-6.0327477,4
4.504671201814059,0.0054437546,4966.641281095031,2811.082497904318,8473.3154296875,1.2835584878921509,0.0,0.011085791888943373,-566.14606,13.061482,8.68455,-17.945614,-4.8109007,-2.3995757,-4.3098345,-2.8188374,-2.995053,26.25206,-3.0262375,-0.8323669,17.525879,-6.9595747,-3.285015,2.7774448,-0.37156874,1.0023776,-7.003606,7.1649666,3.4675267,9.778177,-1.4641705,-0.4436309,6.1725545,1.3732171,-0.36004934,-11.353449,1.4013556,0.92930865,-6.462513,-1.1329165,-0.17114688,6.4862547,2.726916,-0.06345964,1.970362,1.8973879,-0.34856835,0.4551198,0.5327859,1.0,0.9263802,0.5121332,0.487305,0.51037437,0.46702173,0.39226326,0.41885525,0.3776548,0.43704313,4.4971395,-6.7820287,-6.123613,4
4.516281179138322,0.0047111907,5209.943767251052,2838.0877012191636,8742.48046875,1.3048428297042847,4301.086281177372,0.018187375734912182,-568.2334,18.071247,7.717659,-22.808369,-6.050623,-1.4196981,-2.2384233,-4.2701654,-2.355348,23.937862,-3.554383,-0.7868851,17.236736,-8.2911625,-2.6398084,1.6891724,0.30675736,0.5060953,-5.0124426,8.425658,1.8220623,11.170879,-1.707865,-0.22740546,8.006884,0.91831857,-0.7155346,-9.308662,1.7968392,0.36457473,-6.6062374,-1.0206271,-0.09379385,8.142837,2.430788,-0.623507,3.6797357,1.4195973,-0.7359686,0.53894734,0.6060201,1.0,0.86589444,0.55524623,0.5501891,0.54665405,0.5209892,0.4568363,0.46346486,0.41704372,0.4853782,4.3395987,-7.019426,-6.368474,4
4.527891156462585,0.008565652,4903.530359430531,2437.5672934817853,8085.7177734375,8.776686668395996,4301.086281177372,0.018187375734912182,-529.7807,20.279284,2.8900583,-35.40648,-6.32203,0.16886064,-19.537403,-4.9473314,-0.6302167,26.543938,-3.606966,-0.23046122,-11.049683,-8.911163,-0.7752142,4.4983015,0.8312596,0.1615305,25.68254,8.553558,-0.5999345,4.61725,-1.7287859,0.034790024,9.100878,0.21405005,-0.8089428,-4.553154,1.7831026,-0.3328579,-15.583273,-0.89585376,0.18842582,13.085497,1.7838963,-0.8867094,10.410449,0.8973608,-0.76760393,0.8477538,1.0,0.8885696,0.5866699,0.4397333,0.46497855,0.38428414,0.3726951,0.4850197,0.50990695,0.5428852,0.66254526,2.0491621,-9.389351,-10.435323,2
4.539501133786848,0.021476993,4811.8052721944105,2233.708467056617,7644.287109375,19.57346534729004,4301.086281177372,0.020317628556360583,-475.1119,18.21989,-4.593714,-48.082733,-5.341332,1.9829919,-34.58055,-4.4399223,1.6787688,14.390318,-3.015647,0.6652501,-31.209034,-8.5673,1.9399942,7.4120455,1.3186449,0.32083097,43.248253,7.252124,-3.0804355,2.9745195,-1.5899951,0.29101193,9.352024,-0.47484148,-0.7360691,-0.5747721,1.3613441,-0.895747,-13.684946,-0.52214885,0.7330856,15.342579,1.1272947,-0.786933,8.504374,0.56295204,-0.5222781,0.8252645,1.0,0.73098683,0.3755772,0.35078904,0.41520205,0.28868118,0.2620997,0.43735796,0.46900275,0.51953995,0.63372034,0.32603806,-11.262845,-12.388096,5
4.551111111111111,0.033584606,4818.9718887604195,2203.355775139428,7622.75390625,17.81376838684082,4301.086281177372,0.02031762855636058,-441.69608,11.308,-12.431222,-54.734688,-2.9755895,3.5723372,-39.95793,-2.539458,3.8612466,7.554167,-1.9372542,1.5546567,-38.71909,-6.443938,4.6492395,6.696331,2.0973556,0.7486095,46.386787,4.189996,-5.3251185,1.7482624,-1.364244,0.47712114,7.9504714,-1.0194372,-0.6109781,0.44668704,0.57113975,-1.2017,-13.23774,0.43088996,1.4141061,14.5572815,0.6614726,-0.566584,5.466395,0.23251112,-0.31743267,0.82148755,1.0,0.70388025,0.33242112,0.3395741,0.41651055,0.27843103,0.24518923,0.43039525,0.46068728,0.5155778,0.62772876,0.2126153,-11.225297,-12.440628,5
4.562721088435374,0.037375145,4828.0083720105085,2202.3363412172507,7622.75390625,6.241018295288086,4301.086281177372,0.02031762855636058,-431.1145,1.5126307,-16.18738,-56.188683,0.22615458,4.310369,-39.953606,0.37864962,4.6185527,5.6651163,-0.68825275,2.153884,-41.200935,-2.4863966,5.83607,6.59214,2.5738733,0.64482516,45.123154,0.15375741,-5.6498303,0.62718934,-1.0779864,0.5842461,5.5164814,-1.395342,-0.2672067,-0.66892403,-0.4871928,-1.2707616,-13.391522,1.3350148,1.2096308,13.123632,0.10407863,-0.47806907,4.572895,-0.22747003,-0.144182,0.81985116,1.0,0.6999007,0.3241853,0.3416083,0.42464134,0.2858286,0.25324565,0.43144777,0.45774892,0.5138993,0.6241672,1.0430669,-12.0138855,-13.510637,0
4.574331065759637,0.030838845,4844.02325153343,2211.5740918506776,7633.5205078125,1.049322485923767,4301.086281177372,0.02031762855636058,-442.19556,-9.784623,-12.959786,-53.778618,3.5359533,3.5157623,-35.872482,3.7964985,3.1316552,7.430315,0.67539823,2.2289832,-40.308937,2.3795848,4.248153,8.877938,2.1219668,-0.03324872,41.74357,-4.286322,-3.2425237,0.43725467,-0.5309113,0.22301595,3.32732,-1.242575,0.34348843,-2.4198203,-1.3236898,-0.7209035,-12.37858,1.6745917,-0.06369968,12.192539,-0.5650338,-0.28279865,5.220676,-0.61756855,0.16183402,0.8209837,1.0,0.716481,0.34954432,0.3598676,0.44198713,0.3142468,0.2924416,0.44263142,0.45873177,0.515778,0.62502676,1.1854848,-12.238603,-13.643154,0
4.5859410430839,0.018383007,4878.421323113318,2237.58672919737,7611.9873046875,1.2452110052108765,4301.086281177372,0.02031762855636058,-474.3374,-17.84816,-5.478996,-46.358276,5.7836266,1.7984883,-27.048145,5.65426,0.9681145,12.380334,2.0437903,0.7556531,-35.323685,4.9773245,1.9094824,14.520163,1.4136659,-0.8516378,34.286816,-6.4827876,-1.1160041,0.376502,-0.28979233,0.18701442,1.4602191,-0.5742073,0.9864904,-4.4704504,-1.3742527,0.2299381,-8.384909,1.1240015,-0.68729424,12.9677515,-0.96663433,-0.28188595,7.2262955,-0.5205838,-0.10235706,0.8251286,1.0,0.7997125,0.46852276,0.4358554,0.50555384,0.41706812,0.42482838,0.49110502,0.47379366,0.53327423,0.6419428,1.296193,-12.308784,-13.688204,0
4.597551020408163,0.008685472,4942.873981507024,2326.9624544549297,7611.9873046875,1.4134061336517334,4301.086281177372,0.020317628556360583,-521.74,-20.617092,1.6272756,-33.704468,6.8059354,0.16364586,-14.28361,5.5851827,-1.0845774,17.599504,1.8213046,-0.96609753,-22.585272,5.702861,-0.09634258,22.629696,0.8860256,-1.381697,17.87265,-6.630044,0.6457633,0.08713132,0.020020526,0.25665033,-0.36334047,0.2070911,1.1462172,-7.4581404,-0.7869144,1.0000038,-0.34086236,0.79797435,-0.9308218,13.790874,-0.90794927,-0.13824777,6.375865,-0.4999362,-0.3171114,0.6791271,0.8845112,1.0,0.7572261,0.6293194,0.6795128,0.6626186,0.7269517,0.6062824,0.5186361,0.55327654,0.5808967,3.3920999,-8.071819,-7.7964964,7
4.609160997732427,0.005668577,4916.531197578626,2472.7830838546492,7827.3193359375,1.1015925407409668,4556.842180562491,0.010000002871100368,-551.83685,-18.727316,6.6467223,-21.793804,6.7725735,-1.1141214,-5.2865887,4.225401,-2.6276913,21.35835,0.17704445,-2.5292542,-8.952732,5.546909,-1.4670542,22.599266,0.3433894,-1.2833347,8.79286,-5.5007915,2.2345536,0.02543421,0.39691097,0.375867,-0.7233915,0.8442144,0.8432752,-11.773349,0.18810514,1.4478685,-0.8776322,0.68014294,-0.6918278,10.953583,-0.6537132,0.14373565,3.994092,-0.6862071,-0.2973384,0.553637,0.75816196,1.0,0.8182196,0.6127301,0.6539441,0.6072221,0.6721636,0.5903783,0.48372632,0.4867253,0.473815,3.2857885,-8.016444,-7.766865,7
4.620770975056689,0.0047283494,4909.1682667893865,2576.422026856856,8010.3515625,1.4554885625839233,0.0,0.010000001546554296,-568.17865,-13.341249,8.733328,-15.056589,5.6850915,-2.0377967,-0.6239211,2.2243996,-3.1252065,24.747414,-1.9393929,-3.0685694,-1.5843573,4.628573,-2.1727664,14.9887,-0.15842395,-0.5603916,4.1954103,-3.594104,3.1119514,-0.24136826,0.6914378,0.41533208,3.1897857,1.1508338,0.24423373,-11.106773,1.2031175,1.4433022,-7.769975,0.5909489,-0.1013045,8.323912,-0.34407473,0.47564703,3.4115472,-0.7772236,0.017643997,0.5796887,0.7260241,1.0,0.8441584,0.5069034,0.57506084,0.48494774,0.50682276,0.49282312,0.42566147,0.48078018,0.48596242,3.330303,-7.940365,-7.7035604,7
4.632380952380952,0.0049924343,4868.593388650594,2549.3504000012367,7978.0517578125,1.758585810661316,0.0,0.010000078102280324,-567.7251,-6.5124063,7.491351,-13.302887,3.8556886,-2.2755604,-1.9978831,0.08896867,-2.476884,21.763325,-3.6781492,-2.2657218,-4.9552374,3.0315115,-2.1389904,10.956255,-0.6177574,0.34565958,1.7828484,-1.4166952,2.7415726,0.5082659,0.8104388,0.21860132,8.352031,1.1821932,-0.37294602,-5.7116747,1.989088,0.9150481,-10.192121,0.5774617,0.7016571,6.203532,0.02279776,0.7854851,2.2373567,-0.61557424,0.44325706,0.5956565,0.7401339,1.0,0.84356815,0.4180736,0.5520594,0.45696577,0.44829884,0.4387366,0.41129276,0.512771,0.5061408,4.364205,-6.8613844,-6.137911,4
4.6439909297052155,0.0048993044,4830.8408254713495,2630.7273613196717,8042.6513671875,1.251808762550354,0.0,0.010000516719604524,-566.1281,-0.2843974,4.399092,-10.312134,1.84701,-1.8264586,-7.71165,-1.6862185,-1.1687126,11.897026,-4.179275,-0.2936217,-6.3154798,1.0731486,-1.4058043,11.638473,-0.72301394,0.9832971,4.588925,0.52907497,1.3358859,2.5648413,0.53972596,-0.31620395,9.544846,0.78889245,-0.96394724,-1.4057646,2.2876427,-0.09041691,-7.8487973,0.60280854,1.0869906,8.565973,0.28407115,0.6086002,1.431621,-0.2764822,0.48425716,0.64479727,0.7863806,1.0,0.91645986,0.44762376,0.5912143,0.50093275,0.4939469,0.45113635,0.4412973,0.57842255,0.56573,4.32832,-6.858196,-6.232694,4
4.655600907029479,0.0047497842,4873.395544089283,2779.0866571084816,8290.283203125,1.4656461477279663,0.0,0.010000802780927255,-560.7713,4.9296174,3.3312054,-8.38961,-0.20114769,-1.6453371,-13.633268,-3.2882562,-0.6350015,-1.507723,-3.305931,2.0294545,-3.926845,-0.88222563,-1.0423119,13.364783,0.41250503,1.279966,10.148557,1.5738299,0.35459608,5.0014067,-0.05607944,-0.88142365,9.182365,-0.1595214,-1.3536512,2.9248817,2.29086,-0.8497946,-3.825831,1.3593546,0.7615726,10.786709,0.6834207,0.17896962,0.35712826,0.017454464,0.30900905,0.72744185,0.8998651,0.9917736,1.0,0.54291636,0.6031744,0.54665464,0.6683336,0.62023807,0.5456605,0.661368,0.6382458,4.4438562,-7.917261,-7.645245,7
4.667210884353741,0.0050677164,4957.623968971849,2808.3015351869362,8516.3818359375,1.8553794622421265,0.0,0.010000516719604524,-551.32275,10.240149,4.336703,-10.797641,-2.484968,-2.1971548,-16.675802,-4.6735086,-0.7596372,-8.494541,-1.442322,3.6916914,-3.5622444,-2.3964834,-1.3003563,15.774478,1.7122247,0.8909392,14.330067,2.6076102,0.2775308,5.9805803,-0.7274235,-1.1332285,7.5752697,-1.1464764,-1.0053526,5.5388365,1.9770898,-0.80311096,-0.85106564,1.9189773,-0.1180523,12.467163,0.9009824,-0.18755662,1.6255033,0.050343223,0.062342823,0.7442061,1.0,0.9489797,0.9119522,0.57125676,0.5733931,0.55683666,0.82692146,0.79658586,0.63038373,0.6425734,0.62417936,4.561385,-8.060803,-7.7342095,7
4.6788208616780045,0.0052882554,4989.925322418283,2789.8349519981016,8537.9150390625,1.3203089237213135,0.0,0.010000078102280324,-545.88184,15.972625,6.500125,-13.591278,-5.09313,-2.976262,-17.9742,-5.3189793,-0.8472935,-8.575735,1.0749812,3.7888927,-5.448444,-3.2958236,-1.6387069,15.850014,1.803017,-0.017606027,14.917098,3.599048,0.64005315,4.923459,-1.5404649,-1.0780158,6.6975155,-1.8323133,-0.4166948,5.843771,1.203587,-0.6323416,2.153474,1.2649496,-1.0949893,14.325422,0.77649504,-0.459598,3.8689165,-0.016568607,-0.24225892,0.727096,1.0,0.93049645,0.8608151,0.56814414,0.5643511,0.5670098,0.86282,0.8535862,0.6617068,0.599635,0.59156954,4.767648,-8.206838,-7.76899,7
4.690430839002268,0.0054421807,4924.623218575269,2702.649827857378,8333.349609375,2.0854947566986084,0.0,0.010000127845232541,-540.6386,21.09496,6.6477017,-15.509006,-7.4540486,-2.7728024,-19.126392,-5.3927064,-0.6397729,-0.20031893,3.4380403,2.3541737,-8.384413,-4.150401,-1.2179482,15.851405,0.99787223,-0.91058797,14.056841,4.071522,0.92339647,0.27524295,-2.2686386,-0.6652395,3.50404,-2.151891,-0.10926502,3.1617177,0.22530553,-0.74350035,1.3769085,-0.25108162,-1.8081988,12.305641,0.37160304,-0.38110843,3.6855927,-0.17357023,-0.4207437,0.8097798,1.0,0.923197,0.8742911,0.60204864,0.6081241,0.63281935,0.85532486,0.8604973,0.69849974,0.6407475,0.69656193,4.8301477,-8.369895,-7.621167,7
4.702040816326531,0.008796183,4641.546828913215,2316.788560331463,7170.556640625,6.430640697479248,4202.849334748248,0.06608151270920702,-513.1706,23.926355,4.0574517,-24.206135,-8.958904,-1.7053032,-30.504383,-5.1972423,-0.008477615,10.747605,4.8466153,0.2133034,-17.52778,-4.81128,-0.31030416,24.658932,-0.13955902,-1.5615941,16.001825,4.19466,0.7923307,-4.264747,-2.6379483,-0.027269352,-2.0322516,-2.224087,0.12849785,4.3743095,-0.71097934,-0.7816084,4.730294,-1.8656634,-1.9657173,13.182354,0.107831,-0.18759334,3.1861243,-0.3624024,-0.4120061,0.7730758,1.0,0.7400833,0.5747758,0.5172205,0.6226953,0.6532832,0.7687407,0.7870226,0.6591715,0.6711688,0.7094146,4.890739,-8.638207,-7.0016932,7
4.713650793650793,0.02035252,4513.907455552546,2015.1877918573396,6395.361328125,19.127592086791992,4251.684091691332,0.15046460134333883,-471.9594,23.79072,-0.7422872,-40.254818,-9.302247,-0.115575805,-42.554073,-4.795651,0.93779397,19.190048,4.630088,-1.6194791,-26.687336,-4.9613733,0.4653613,27.66729,-1.191519,-1.6640332,26.719236,4.0545716,0.015352264,-6.4086747,-2.422969,0.6365691,-2.5775323,-1.9443636,0.446266,7.971621,-1.1101098,-0.502287,3.7151942,-2.8351533,-1.3079238,13.8500185,0.032769,0.045479044,1.4501868,-0.57673645,-0.12001401,0.9685706,1.0,0.5225602,0.3689223,0.36981508,0.4439129,0.4708145,0.5770029,0.59459937,0.50952965,0.5707368,0.7060273,0.8365578,-11.886418,-12.489045,0
4.725260770975057,0.05062071,4541.258897572072,1844.7392844448816,6309.228515625,46.11106872558594,4251.684091691332,0.15046460134333878,-425.23364,20.662663,-6.5495157,-58.15672,-8.594551,1.7850256,-46.602547,-4.1864147,1.6158409,24.217056,2.7728841,-2.9491348,-31.107689,-4.558359,1.0318166,20.313591,-1.6526212,-1.0343004,36.312504,3.6140547,-1.1309106,-9.809158,-1.6820436,1.0932893,-3.41577,-1.3695521,0.8008245,5.1786585,-0.845883,0.074336894,-4.7259264,-2.9222689,0.034551762,12.730482,0.05980873,0.17446275,0.045382768,-0.73438793,0.12495858,1.0,0.99467105,0.38886628,0.26378492,0.24377403,0.24338926,0.25742745,0.34062675,0.36792356,0.37754306,0.46912172,0.6416631,0.815016,-11.945556,-12.676678,0
4.73687074829932,0.08104594,4564.701199612914,1804.8619739171354,6330.76171875,45.43928146362305,4251.684091691332,0.15046460134333878,-399.21646,14.886076,-10.5089,-67.41523,-6.6954536,3.49344,-47.803604,-3.2779758,1.6387305,25.500916,-0.17788538,-3.4212978,-33.603485,-3.5676916,1.4002743,13.246315,-1.3430427,0.5210427,39.57303,2.8078666,-1.9203205,-11.865133,-0.70367104,1.1087997,-6.026075,-0.60209656,0.8194558,-0.56554127,-0.3219643,0.5753877,-13.867285,-2.2671735,1.3091776,12.276528,0.13249674,0.003139657,-0.6797672,-0.76168364,0.10778942,0.9952977,1.0,0.36159468,0.2433653,0.21873751,0.1959536,0.20160677,0.28222457,0.30456617,0.33832386,0.43825534,0.61602795,0.8576867,-11.969808,-12.835687,0
4.748480725623582,0.09371417,4577.885321566356,1800.0474663907607,6352.294921875,23.391929626464844,4251.684091691332,0.15046460134333878,-393.4496,7.826527,-9.682092,-71.840805,-3.802711,3.936752,-48.07496,-2.029579,0.7659229,24.450924,-2.8237462,-2.8138256,-36.159756,-2.102241,1.3009616,7.9817605,-0.4389811,2.4723747,40.272934,1.3558306,-2.0729244,-12.146244,-0.21314648,0.5954432,-7.4008937,0.19392288,0.70075655,-4.0314445,-0.16777338,0.8660632,-19.19349,-1.3426164,2.2827754,12.958526,-0.103234194,-0.13584016,-0.8793367,-0.50391406,0.25673884,0.9859439,1.0,0.35186946,0.23445278,0.20899977,0.18108737,0.18291037,0.26740482,0.2833074,0.32162967,0.4225057,0.60081923,0.90858036,-12.017173,-13.136987,0
4.760090702947846,0.08355212,4605.485243454688,1821.1582451131894,6416.89453125,3.2323215007781982,4251.684091691332,0.10857977072874499,-401.48145,2.0623698,-5.108651,-72.20344,-1.1940814,2.65022,-47.671852,-1.5047044,-0.25608927,19.968803,-4.582655,-1.6115348,-38.944847,-0.7901226,1.1244278,6.191762,1.1153326,2.9088883,38.295998,-0.46972212,-1.4451215,-10.105388,-0.18674594,-0.055297017,-5.9054394,0.7922028,0.79108566,-2.0438576,-0.022687148,0.8170608,-17.38199,0.03053974,2.182296,14.111395,-0.27813664,-0.23851784,-0.49648792,0.13875486,0.5660012,0.97992665,1.0,0.35656834,0.22976346,0.20836006,0.19005264,0.19097105,0.26677337,0.27563056,0.32013842,0.4174141,0.59524834,0.8828683,-12.014502,-13.131373,0
4.771700680272109,0.06071057,4663.578676157156,1917.0271989499429,6696.826171875,4.0241475105285645,4251.684091691332,0.12793708630129033,-418.35602,-1.1442806,0.3597587,-69.38129,0.27536163,0.61339843,-49.263657,-1.7389065,-0.62957317,9.46131,-5.343244,-0.19656435,-39.858482,0.10473366,1.0046067,10.249259,2.5168917,1.5843441,35.59955,-1.6763015,-0.67665446,-7.216859,-0.22873513,-0.5727689,-3.2422,1.2565325,0.5183068,3.3968744,0.4893988,0.25706348,-11.253872,1.5096099,1.1529374,14.373525,-0.20898172,-0.17591801,-1.4451228,0.70892876,0.68849576,0.9760378,1.0,0.39778447,0.23482357,0.22921695,0.24533907,0.23801441,0.30252782,0.29424113,0.3337303,0.42095673,0.60975564,0.9193416,-12.301472,-13.248552,0
4.783310657596372,0.04373246,4661.4859897276165,2005.9713513013717,6782.958984375,12.80401611328125,4276.313847073629,0.10857977072874499,-431.6434,-1.3311895,3.4261806,-62.664116,0.5585319,-0.75818104,-51.299583,-1.8365866,-0.3170946,-2.351723,-5.008313,1.2146468,-37.759987,0.86286485,0.8275934,20.33374,2.8625627,-0.33703202,34.69806,-2.0432603,-0.09043387,-5.633111,-0.3777556,-0.6622283,-1.9597124,1.4327868,-0.08352377,6.3755946,0.78647536,-0.44788176,-6.477088,2.3958778,-0.03080554,13.212015,-0.016638024,0.13107954,-3.0617094,0.82849264,0.34390685,0.9449711,1.0,0.46495044,0.22621925,0.24036129,0.3183447,0.32859433,0.3838874,0.3412036,0.3493311,0.42876157,0.61542404,0.5532925,-12.295555,-12.85601,0
4.794920634920635,0.040720098,4703.521134358945,2135.6242605071166,6761.42578125,10.931788444519043,4351.062496454931,0.06608151270920702,-428.88226,0.2942449,3.7430367,-57.63049,0.008542378,-1.5658962,-53.091316,-1.6209805,0.3201336,-6.6913586,-3.4211302,2.5977163,-35.04617,1.3773731,0.37454036,30.370182,2.0106475,-2.1961057,31.030903,-1.7199073,0.5583776,-9.779703,-0.51429987,-0.30514964,0.29628277,1.2404892,-0.53775257,4.3152,0.3508702,-0.9833524,-3.6220915,2.399678,-0.84213704,10.832106,0.13693753,0.3961611,-0.2892311,0.25228313,-0.52150536,0.7986611,1.0,0.5374321,0.25920564,0.2742133,0.36144486,0.38237607,0.4411037,0.39122912,0.3595394,0.43005416,0.52896273,0.62959963,-12.315055,-12.403001,0
4.806530612244898,0.050160576,4788.285162667395,2213.291079872958,6826.025390625,21.611995697021484,4351.062496454931,0.047686993082531035,-415.84732,2.8489761,2.4929316,-61.551147,-1.3530822,-1.9674673,-58.2129,-1.193456,0.8574023,-8.69474,-0.8636202,3.3553967,-32.582382,1.3900145,-0.3327543,32.744247,0.28497225,-3.1502192,27.240437,-0.7687979,1.1852288,-13.580313,-0.38821217,0.4542263,3.448615,0.8257724,-0.62968963,2.95126,-0.7592488,-1.1404961,-2.3345885,1.5311031,-1.1476593,10.280258,0.25607476,0.4553971,5.1148877,-0.603813,-1.2645711,0.79269975,1.0,0.51718956,0.26130894,0.30313554,0.3440992,0.32793158,0.3952766,0.39200228,0.33570865,0.38588393,0.47065362,0.6870439,-12.140407,-12.228326,0
4.818140589569161,0.060214464,4820.189740781074,2217.1248452066066,6998.291015625,24.67426109313965,4351.062496454931,0.04768699308253104,-404.66788,5.1228547,0.55508584,-67.914345,-2.8854177,-1.6239357,-61.46406,-0.6337828,0.96332693,-9.133587,1.7910515,2.8537555,-31.15552,1.0197775,-0.7626933,28.713814,-1.527455,-2.5047443,25.937925,0.3458853,1.5190831,-14.25514,0.1057822,1.1541803,3.491181,0.36602682,-0.5524533,3.6038544,-1.8145326,-0.8490172,-1.2432237,0.44394487,-1.0214835,12.381014,0.42564917,0.29615536,6.679576,-1.2540134,-1.4479582,0.78718305,1.0,0.4912753,0.2415359,0.29401323,0.323502,0.29588678,0.35939482,0.3746936,0.31406832,0.3568157,0.44580004,0.70020026,-12.074199,-12.182794,0
4.829750566893424,0.061629467,4868.662747581401,2230.9004012346913,7472.021484375,15.898577690124512,4376.26794507944,0.1504646013433388,-400.9561,5.2498646,-1.5270419,-70.24594,-3.870536,-0.46563396,-59.083138,-0.068334006,0.7969882,-6.065462,3.7196445,1.6353058,-28.798,0.61656636,-0.62889624,22.32924,-2.8102057,-0.71553844,26.345324,1.2482469,1.3588867,-13.571622,0.8122866,1.2471732,1.735024,0.029163577,-0.38868183,2.7779748,-2.2248719,-0.38663223,-0.8234631,-0.3956581,-0.79299176,15.261015,0.5532846,-0.05782162,2.9837775,-1.758068,-1.0338407,0.7923486,1.0,0.4973424,0.24549107,0.2899079,0.32133752,0.30051735,0.35665685,0.36308464,0.30518144,0.35333654,0.4543612,0.73184305,-12.184431,-12.193162,0
4.841360544217687,0.06485913,4875.279189716062,2165.2063377566487,7622.75390625,21.303749084472656,4376.26794507944,0.15046460134333878,-400.22302,2.4429572,-3.2970872,-74.192505,-3.4782102,1.0355026,-56.00267,0.6899528,0.6519837,3.5428743,4.476994,0.3826733,-28.755177,0.51154864,-0.12578824,13.70346,-2.9961572,1.1305968,30.132547,1.6209661,0.30489668,-11.755125,1.400032,0.48582867,0.75732434,-0.29988214,-0.12571254,-1.6321725,-1.9193733,0.18813717,-1.6581624,-0.8843949,-0.4600108,15.879568,0.5468306,-0.40002966,-5.8117876,-2.14304,0.0063679046,0.76408494,1.0,0.55435294,0.263705,0.2711427,0.29169634,0.28945196,0.31820998,0.30440465,0.26536852,0.3511216,0.45662498,0.7801758,-12.094681,-12.493909,0
4.85297052154195,0.08486128,4827.731148371312,2025.6324033842861,7245.9228515625,41.263736724853516,4376.26794507944,0.1504646013433388,-393.7438,-2.077949,-4.6692066,-82.52938,-1.5421746,2.313224,-54.53447,2.0301187,0.81842244,13.9207535,4.1501436,-1.1151389,-31.875765,0.80971515,0.5326755,7.292037,-1.8196411,2.301064,36.313892,0.7614723,-1.4293653,-7.436756,1.493915,-0.34953806,0.83541083,-0.53942615,0.07491528,-7.6841583,-1.1984853,1.0438899,-5.0337553,-0.9173066,0.07058707,15.411257,0.1555827,-0.60180056,-11.04363,-2.044021,1.1265272,0.7010431,1.0,0.5554546,0.24893227,0.22893275,0.23633151,0.25938374,0.2557918,0.23186623,0.21437033,0.32399273,0.40799993,0.9434734,-12.028089,-13.091538,0
4.864580498866213,0.101357654,4786.593431716032,1956.7709102221331,6955.224609375,33.39122009277344,4376.26794507944,0.1504646013433388,-387.99033,-5.5417275,-4.404269,-87.3089,0.7269034,2.9793081,-54.670998,3.2557442,1.1407106,18.34829,2.851788,-2.385327,-33.066578,1.481013,1.1113639,8.055825,-0.26290148,2.2614887,40.24891,-0.8594569,-2.649213,-3.2918537,1.4685158,-0.5530838,0.34973675,-0.5471867,0.027228454,-10.259293,-0.22351754,1.7448466,-7.0369444,-0.39844644,0.83478796,15.3399105,-0.7063866,-0.80115455,-10.974829,-1.2712101,1.6015257,0.6811748,1.0,0.5525489,0.23652692,0.2123782,0.21189998,0.25299528,0.24672753,0.2192771,0.19925696,0.3083517,0.3787606,0.9809172,-12.209076,-13.225253,0
4.876190476190477,0.094522424,4769.253665040851,1936.6828136010936,6761.42578125,7.669413089752197,4376.26794507944,0.17653060863289746,-395.72736,-7.0564523,-2.5221713,-86.40469,2.6427877,2.88289,-54.344395,3.8810763,1.1910175,20.186348,1.2021632,-2.5131962,-30.94958,2.297965,1.3892108,11.395115,1.0106473,1.3238333,40.922874,-2.7024345,-2.8686314,-2.0114806,0.9668871,-0.80065185,0.42771703,-0.5437166,-0.13025425,-9.439899,0.9484143,1.7747501,-8.397502,0.23304446,1.1473627,14.690292,-1.4982274,-0.7778173,-10.216431,-0.20775962,1.2295799,0.672833,1.0,0.5521783,0.23004687,0.2048629,0.20288558,0.25015593,0.24699977,0.21891329,0.19725448,0.3025711,0.36734524,1.0160551,-12.270218,-13.388592,0
4.887800453514739,0.06561792,4788.375354450653,1967.2764309488646,6869.091796875,2.1086041927337646,4376.26794507944,0.17653060863289746,-417.46973,-7.7114854,-0.15787807,-78.39535,4.2481008,1.7695563,-50.1771,4.2021503,0.72135895,20.065247,-0.4839851,-1.6236353,-26.872572,3.341134,1.2144104,15.527967,1.8391985,0.07142591,35.435932,-4.6186233,-2.1996737,-4.471207,-0.07292609,-1.1044296,-0.14065063,-0.61614037,-0.16295423,-5.634922,2.0574186,1.0732213,-8.3913965,0.7238215,0.82020664,14.210031,-1.9305084,-0.5805287,-8.602286,0.6303163,0.3070044,0.6738657,1.0,0.5649973,0.23516059,0.20954974,0.20801373,0.25311157,0.2589712,0.24178068,0.21209309,0.30775675,0.3721634,1.0896871,-12.3225355,-13.459185,0
4.899410430839002,0.032246806,4958.429502550347,2127.074053779196,7396.6552734375,4.188718318939209,4376.26794507944,0.1504646013433388,-443.0877,-8.344873,1.7463408,-65.46454,5.170968,-0.053407494,-38.928627,4.401649,-0.039188046,14.831031,-1.4996048,-0.39003226,-21.495226,4.3218155,0.66716486,22.217987,1.9721563,-0.81413597,21.72115,-6.045492,-0.87636805,-6.4054275,-1.4362608,-1.2348071,-1.1633532,-0.69467044,-0.0754585,0.16878033,2.685451,0.04679966,-5.6013427,0.9416655,0.036521792,11.662512,-2.0814726,-0.19579831,-6.1931653,0.80515057,-0.34762844,0.6933269,1.0,0.6885591,0.33666515,0.30565375,0.30674127,0.31265426,0.36811852,0.41976625,0.32293546,0.37787044,0.44478554,1.039238,-12.487171,-13.378241,0
4.911020408163266,0.019770164,5230.498727425111,2350.5231556004114,7891.9189453125,6.885156154632568,4376.26794507944,0.1504646013433388,-447.07584,-8.714647,2.0336967,-57.526596,4.9624844,-1.538222,-30.704086,4.430805,-0.74816257,8.14328,-1.5183078,0.63477993,-15.590256,4.816999,0.13187602,22.915709,1.5175424,-0.93863374,12.710264,-6.274669,0.735551,-2.600328,-2.4846568,-1.0373718,-1.9919256,-0.77752835,-0.051718928,4.6482973,2.597902,-0.73520565,0.5710431,0.8501168,-0.5742931,5.4991016,-1.9947978,0.31923681,-4.317419,0.6771805,-0.41842225,0.77646005,0.96182126,1.0,0.6892251,0.6438239,0.60476696,0.5783617,0.76258844,0.91469675,0.6906174,0.71024793,0.7519955,3.3560739,-8.148005,-7.9385667,7
4.922630385487528,0.019283189,5293.716929247245,2444.9148894624886,8053.41796875,5.634880065917969,4530.596700872128,0.010000016226422836,-439.62146,-8.801973,0.15534861,-53.864365,3.9647067,-2.031226,-28.767324,4.010793,-1.1785353,7.6323037,-1.0142682,1.24913,-10.940987,4.6923714,-0.3644352,21.248753,0.9291583,-0.6705047,7.375132,-5.0418997,2.2914934,-6.155239,-2.708267,-0.41319647,-3.2368093,-0.79427,0.053841624,7.211275,1.9834547,-1.1072292,1.6227064,0.59819835,-0.8475098,2.7297964,-1.6361862,0.75956655,-4.271761,0.6417197,-0.1921183,0.8381275,0.90203017,0.95963526,0.8093937,0.7569169,0.6936422,0.6608103,0.83559173,1.0,0.8664139,0.88817173,0.8819756,3.6282923,-8.064421,-7.8347297,7
4.934240362811791,0.018786268,5346.802920293884,2520.545177862332,8204.150390625,5.015666961669922,4530.596700872128,0.010000016226422836,-440.10422,-9.265816,-2.6657784,-52.095947,2.8036277,-1.3250593,-28.133175,3.1385715,-1.0417084,7.440769,-0.36197543,1.154342,-5.4409986,4.0976024,-0.80127823,20.68824,0.28832462,-0.33673975,1.1270244,-2.886208,2.8812873,-13.05743,-2.126327,0.5183552,-3.8620172,-0.4451958,0.3631094,8.201566,1.1212112,-1.0321237,-0.29621917,0.13736707,-0.7765381,2.110388,-1.0579247,1.0031043,-5.7704654,0.7017708,0.18594694,0.8488479,0.90116423,0.9375343,0.83288515,0.76648426,0.70184594,0.5995293,0.73073053,0.9314667,0.9826263,1.0,0.9214077,3.6382835,-8.1521635,-7.813446,7
4.9458503401360545,0.017515073,5402.557291355026,2568.7466237940735,8408.7158203125,4.413626194000244,4636.494378839259,0.010000000003996623,-450.4829,-10.501157,-4.0564375,-52.861927,2.5039167,0.34443843,-26.069893,2.2499688,-0.32135713,8.864835,0.15100278,0.29046902,-0.59258914,3.2135048,-1.0849576,20.626316,-0.50593984,-0.24618036,-2.5717921,-0.9840769,2.0049267,-20.052326,-1.3968227,1.37175,-4.1307487,0.024108075,0.5769818,7.85557,0.31460622,-0.65461004,-3.215031,-0.3392321,-0.27261186,2.2692893,-0.19838075,0.9437889,-6.9131956,0.73780864,0.40632096,0.84920007,0.89168704,0.9286963,0.8021902,0.72703,0.6663836,0.49612936,0.6200039,0.8394844,0.98907256,1.0,0.90368193,3.6987998,-8.1104145,-7.6250587,7
4.957460317460318,0.015231511,5451.089923106025,2595.297360959833,8613.28125,2.5590293407440186,4636.494378839259,0.010000000003996623,-467.1927,-9.148626,0.5856151,-54.078453,2.5377338,0.9660389,-22.977081,0.41921318,-1.2514064,12.176727,0.6491978,-0.20343165,3.066314,0.61343247,-2.646041,21.557732,-1.9335161,-1.4142586,-0.5091691,2.077006,2.7756236,-22.800507,-0.0032037138,2.5074213,-5.5152917,0.7059922,0.83009845,7.058769,-0.24683799,-0.3220603,-4.0256467,-1.7024076,-0.6404859,3.016695,0.70309997,0.6118967,-5.1908083,0.88905984,0.42935598,0.9058969,0.95655406,1.0,0.8029265,0.72286785,0.654654,0.4717,0.66001385,0.83953375,0.9842492,0.99502015,0.9168371,3.672282,-8.183047,-7.6550508,7
4.96907029478458,0.012251531,5464.899675873354,2610.2907050347203,8731.7138671875,2.189345598220825,4401.619407382422,0.010000000047726025,-488.51004,-4.1155677,7.543163,-52.830734,1.9429305,0.08993247,-21.65461,-1.6690873,-2.563735,14.0474415,0.30360323,-0.5953427,3.9931924,-2.3415504,-3.6715758,22.162868,-3.4235141,-2.1922352,7.2954836,5.174504,3.248661,-19.450787,2.156653,2.6600337,-5.5041313,1.3820069,0.842344,6.0599403,-0.50901693,-0.062857136,-3.675179,-2.568332,-0.9873409,4.086291,1.4217707,0.5782133,-2.425967,0.8648607,-0.026152566,0.8941837,0.96589553,1.0,0.72908366,0.6577858,0.5639703,0.44444132,0.6925252,0.74556524,0.83264244,0.87066466,0.8381936,3.545948,-8.25962,-7.82668,7
4.9806802721088435,0.009377252,5482.6616558805945,2666.5928020464994,8828.61328125,1.6986650228500366,0.0,0.010000000009505967,-509.61642,3.0666428,11.52789,-47.790966,0.88633037,-1.2385257,-20.591904,-3.6841273,-3.0093305,12.898451,-0.43562528,-0.98143995,3.5597644,-4.856154,-3.3245904,20.728773,-4.581815,-1.8991832,12.058508,7.5311055,2.4984086,-13.007732,4.127151,1.897917,-1.577836,1.9947437,0.71924716,5.3985662,-0.37671807,0.25115463,-4.267734,-2.9300785,-0.90867054,5.3796544,1.8911492,0.49591953,0.19593018,0.7478739,-0.4990922,0.9073756,0.9642396,1.0,0.7341149,0.66343856,0.54851586,0.46735758,0.73147535,0.6967558,0.73497653,0.812217,0.81688786,4.188391,-7.4007955,-6.945846,7
4.992290249433107,0.007098668,5468.535612610507,2783.9169709085213,8947.0458984375,1.4547760486602783,4227.196193261513,0.12793708630129036,-522.4832,10.092893,10.762365,-35.2287,-0.18387617,-2.1570628,-17.608614,-5.2056284,-2.1924446,9.138136,-1.2700416,-0.9501209,2.7509127,-6.4352436,-1.853462,15.59466,-5.129789,-0.7460022,7.8976855,8.556215,0.9685555,-10.468671,5.2812476,0.624276,0.4346804,2.4719896,0.4154435,5.186538,-0.090203136,0.40158913,-3.4794414,-3.009855,-0.43385875,7.871562,2.0301278,0.17029038,0.42114103,0.5350982,-0.6371491,1.0,0.98518425,0.96171635,0.77147293,0.70969665,0.61140376,0.5426336,0.743943,0.7109961,0.70621556,0.7576499,0.8495859,3.7051244,-8.178594,-7.993292,7
5.00390022675737,0.02168565,4763.651123749449,2345.489300089521,7644.287109375,25.278512954711914,4202.849334748248,0.12793708630129033,-477.89603,15.030141,5.7349625,-35.597626,-1.0056458,-2.0278175,-37.659378,-5.7388067,-0.35510024,12.727381,-1.8998647,-0.51833564,-22.30452,-6.840173,0.23902063,-2.2508693,-4.922563,0.87513953,35.54088,8.031457,-0.86402184,0.4114563,5.2427998,-0.6721582,5.0455956,2.6914186,-0.0831485,4.3146873,0.026309729,0.23374897,-19.037666,-2.983421,0.3084094,10.100393,1.7170924,-0.40497512,1.3937972,0.2533291,-0.35906762,1.0,0.8082273,0.3376784,0.32360053,0.30882153,0.26321715,0.2222999,0.24724574,0.24897695,0.3436744,0.4191344,0.5878832,0.35608926,-11.310659,-12.261675,5
5.015510204081632,0.055078022,4627.981405227994,2171.379111937231,7224.3896484375,48.96489715576172,4227.196193261513,0.12793708630129033,-426.40503,16.921808,-1.4630076,-47.482635,-1.562716,-0.8641621,-51.485916,-5.1193714,1.7363621,7.904312,-2.232964,-0.17201486,-35.211716,-6.1717854,2.1400611,-10.1765585,-3.8871691,2.3324022,50.80564,6.2379994,-2.6853323,8.852867,4.243329,-1.5759684,7.5455065,2.4245737,-0.54679376,4.2407465,-0.1640746,-0.1968404,-22.653461,-2.5981574,1.1160069,14.671976,1.1408193,-0.9000499,-1.6859002,0.20842439,0.1646907,1.0,0.8198618,0.28075185,0.2805068,0.26544026,0.22031213,0.18187688,0.18960218,0.18906963,0.30063328,0.38395146,0.5532099,0.29648492,-11.352112,-12.382363,5
5.027120181405896,0.08361546,4632.498640290856,2152.526694611662,7213.623046875,41.86883544921875,4227.196193261513,0.12793708630129036,-398.31802,16.174852,-7.0683103,-56.476383,-2.1655605,0.4896478,-58.003418,-3.9404185,3.0614264,2.5787816,-2.1773963,0.106804736,-39.322975,-5.047508,2.9620278,-11.390474,-2.384528,2.795976,55.88496,4.2604203,-3.8623588,13.319432,2.9411056,-1.9307228,10.5368,1.5479435,-0.9766323,6.8523035,-0.48071364,-0.5203443,-22.211498,-1.8965464,1.5009536,16.687443,0.49864513,-1.0597543,-2.4769077,0.49554452,0.6625906,1.0,0.82889324,0.2701057,0.2722281,0.25807056,0.21143493,0.17247908,0.1777131,0.17749079,0.2903037,0.37180156,0.5423468,0.2542316,-11.355512,-12.428081,5
5.038730158730159,0.091270134,4662.830973246101,2169.6155949241816,7267.4560546875,15.221346855163574,4227.196193261513,0.12793708630129036,-389.72812,13.09115,-8.281876,-59.544006,-2.7411687,1.3315023,-58.70204,-2.5334475,2.9169142,0.12700284,-1.9110657,0.39788088,-39.260754,-3.7717352,2.2427933,-9.6947365,-0.7174395,2.0225408,55.850163,2.4013324,-3.5902407,14.569811,1.7627634,-1.8021845,12.729351,0.59595716,-1.2772771,7.837939,-0.67024875,-0.49640843,-21.541843,-1.00238,1.2881144,15.995117,-0.20288019,-0.9052108,-1.5916481,0.91255635,0.737128,1.0,0.83899724,0.27236107,0.27286866,0.26071146,0.2146218,0.17305708,0.17483495,0.17365798,0.2850376,0.36283618,0.5354821,0.24284859,-11.368436,-12.518697,5
5.050340136054421,0.07573526,4737.289903349125,2227.6416832349923,7450.48828125,3.30538272857666,4227.196193261513,0.12793708630129036,-395.49576,7.37278,-4.4339976,-56.721992,-2.335157,0.79960513,-54.098522,-0.5529319,0.94960505,-0.41262352,-1.740501,0.801438,-36.163788,-2.049697,0.053889517,-5.885079,0.9084187,0.4172474,50.906464,-0.08543949,-0.9126525,12.332071,0.5629949,-0.77925456,13.345851,-0.27923152,-1.0246866,5.6294956,-0.71180326,-0.25507355,-21.611576,0.21833248,0.18624614,12.487463,-0.87171185,-0.5922951,-0.15343174,1.120905,0.40894225,1.0,0.8633844,0.2955085,0.2852647,0.2763743,0.23497297,0.18898559,0.18468146,0.17696422,0.28375396,0.3568255,0.5320054,0.33806786,-11.5683,-12.491847,5
5.061950113378685,0.053536937,4872.700788546804,2363.510591140641,7870.3857421875,5.018796920776367,4202.849334748248,0.12793708630129033,-406.54547,2.6144154,-0.9881217,-52.19586,-1.6103264,-0.3143824,-47.68249,0.35317224,-0.42415625,-2.4209967,-1.1011215,0.54429656,-33.53048,-1.5040336,-0.77961415,-1.254679,1.4505049,-0.34651545,42.66725,-0.85721797,0.7716982,9.448065,-0.009606044,0.11147435,12.15157,-0.78568226,-0.55914736,1.4655199,-0.7506748,0.11663989,-19.814999,0.2750089,-0.24605358,10.1591835,-1.5177782,-0.19814305,2.936491,1.1901363,-0.28152394,1.0,0.971067,0.38911706,0.35209164,0.35119662,0.31571186,0.26857063,0.25242814,0.21625467,0.32208413,0.38601184,0.55027497,0.7380512,-11.88091,-12.055286,5
5.073560090702948,0.053113896,4880.056249866145,2365.2250601099777,7848.8525390625,23.16105842590332,4202.849334748248,0.12793708630129033,-404.3163,-0.67805177,-0.6982613,-53.971474,-1.3096758,-0.72632647,-47.11917,0.6725463,-0.7067797,-2.578813,-0.59029424,0.2705637,-36.999912,-1.1444154,-0.24757175,-0.7054916,1.4699421,-0.42502862,40.943718,-0.81790644,1.1504046,8.781756,-0.17940302,0.44672427,7.4075603,-1.0371727,0.058474787,-0.5780766,-0.7894434,0.48361957,-19.455212,-0.11207161,-0.48157865,9.619295,-1.8244886,-0.016830157,6.492637,0.9602722,-0.64541566,1.0,0.8972477,0.3923901,0.36368632,0.36027396,0.33730096,0.29318786,0.26266727,0.23639633,0.34757808,0.386166,0.5796986,0.70185214,-11.90289,-11.94958,5
5.085170068027211,0.07348262,4782.74232632506,2238.4159946341665,7396.6552734375,36.151031494140625,4227.196193261513,0.09203757081218113,-391.9361,-3.7593176,-2.8612635,-60.147827,-1.435394,-0.3955248,-51.393417,1.017084,0.08350499,-2.137698,-0.24636061,0.2513216,-44.433987,-0.18819924,1.2225499,-2.1632538,1.40319,-0.09573363,45.17936,-0.9576379,0.27774957,9.644297,-0.29206982,0.1615125,4.5972695,-1.0093433,0.5201256,0.49569482,-0.7725437,0.36440462,-19.771194,-0.22066627,-0.2914211,8.495574,-1.5549009,0.25454485,7.3932915,0.50982636,-0.75814646,1.0,0.8196953,0.31161028,0.3006328,0.28892866,0.28907257,0.2519624,0.2095471,0.20036153,0.33159918,0.39720145,0.55953395,0.70950717,-11.644186,-12.086231,5
5.0967800453514736,0.08949307,4712.207041159097,2161.364124358585,7170.556640625,30.83964729309082,4227.196193261513,0.09203757081218113,-385.95255,-4.803568,-3.417767,-64.215576,-2.596363,-0.4949856,-54.21974,0.93321145,0.71409583,-2.63283,0.53970444,0.75733334,-48.72737,0.58120245,2.003346,-2.0870728,1.304751,0.28860557,49.245346,-0.74898833,-0.5536413,11.812082,-0.35462332,-0.3511553,4.7773657,-1.0070928,0.42579427,1.7547219,-0.9718391,-0.33847198,-19.734234,0.05738821,0.21953256,6.650074,-0.6910159,0.72967273,5.7811713,-0.13446972,-0.75355256,1.0,0.7799428,0.26790383,0.27237248,0.2545799,0.26094857,0.2273456,0.18165246,0.1772263,0.31611368,0.39015153,0.54797274,0.55941933,-11.4120035,-12.491324,5
5.108390022675737,0.08617205,4709.41165714333,2150.9753776934754,7149.0234375,10.917244911193848,4227.196193261513,0.09203757081218114,-393.15378,-3.5891988,-0.9568855,-66.21886,-3.8602579,-0.750676,-54.42524,0.495518,0.5392087,-3.029904,1.3131322,0.8995358,-47.923275,0.6952943,1.2190455,-0.45717382,1.1943218,0.35645425,50.75317,0.039927293,-0.43112102,13.189625,-0.21718337,-0.38850117,5.6304617,-0.9548818,0.03504166,2.0268264,-1.3851789,-0.9960497,-21.810692,0.067970246,0.39608258,3.9001446,0.12456371,1.0710626,3.8185985,-0.7526972,-0.46567377,1.0,0.7706006,0.25387147,0.26518556,0.24621142,0.25091937,0.21685487,0.17376688,0.17063738,0.30897033,0.3815996,0.5396953,0.46117678,-11.443438,-12.632163,5
5.12,0.0625853,4785.822937739376,2205.9132316553273,7321.2890625,2.5383574962615967,4227.196193261513,0.07797523762294828,-414.3435,-2.0352829,2.8166978,-65.3806,-4.501572,-1.0300585,-50.134483,0.21725616,-0.3041167,-2.8686733,1.7443315,0.73521376,-40.984646,0.8534292,-0.19884165,2.0586262,1.3400953,0.101615906,47.64164,0.42382458,0.27506828,11.874463,-0.20529203,-0.15029067,6.4761953,-0.8709761,-0.4237191,1.5488304,-2.0108066,-1.1073434,-24.640558,0.027664693,0.22449055,1.7259398,0.68124974,1.0253125,3.7879887,-1.1591469,-0.11990968,1.0,0.7837649,0.26621774,0.27009687,0.2557578,0.25462776,0.21394557,0.18102758,0.18424405,0.31123146,0.370924,0.5310905,0.6236352,-11.426435,-12.487901,5
5.131609977324263,0.033386707,5073.961351046239,2372.5218255932978,8204.150390625,4.072149276733398,4276.313847073629,0.12793708630129036,-443.26886,-0.31888783,5.488451,-65.00844,-4.5819016,-0.83814144,-41.272293,-0.014321264,-1.1393173,-1.4084113,1.8128146,0.1926181,-28.339836,0.84891427,-1.4155729,5.341977,1.4014642,-0.2673791,37.815845,0.32499096,0.8007419,7.9036083,-0.46348745,-0.018676758,6.659546,-0.9717872,-0.484161,-1.5535715,-2.479716,-0.54916227,-21.512499,0.039636422,0.028158939,4.6145716,1.0438386,0.5415533,2.836495,-1.0729995,0.19785067,1.0,0.90055084,0.3878241,0.3412182,0.33241165,0.31248775,0.2699934,0.26396793,0.27818376,0.35146737,0.3653458,0.53003454,0.69604564,-11.774552,-12.011728,5
5.143219954648526,0.039367832,5146.087290604815,2303.3955985336534,8161.083984375,23.76935577392578,4276.313847073629,0.12793708630129036,-434.68872,1.5157588,4.9571605,-78.835686,-4.1711335,0.22923411,-42.642387,-0.2699093,-1.1722842,7.291486,1.5945029,-0.5391687,-28.474045,0.3869697,-1.734805,6.930116,1.1578302,-0.5027034,38.56778,0.070952736,0.6415636,5.7383785,-0.9529154,-0.09634775,2.5658607,-1.1554968,-0.18855213,-8.130009,-2.4812155,0.29230183,-16.37508,0.14681543,-0.07192172,11.376219,1.1126213,-0.22584455,0.15051705,-0.6552033,0.4365532,0.80980337,1.0,0.5312686,0.3678337,0.3523829,0.3198875,0.3220808,0.31306857,0.31637347,0.34567726,0.38956636,0.45274225,0.77597266,-12.167475,-12.523955,0
5.154829931972789,0.0723186,4937.474829537121,2137.8302691657727,7482.7880859375,50.57602310180664,4301.086281177372,0.09203757081218111,-404.84003,2.488799,1.0311254,-88.73001,-2.9333827,1.9350268,-49.689186,-0.23263054,-0.22519296,9.567579,1.2229793,-0.99473697,-39.47822,-0.27103597,-0.9953736,6.1444006,0.7343436,-0.53607523,49.1308,-0.14866486,-0.08167526,9.327597,-1.3855813,-0.32071942,0.0037723035,-1.1321273,0.27007622,-12.572108,-1.9772391,1.0763512,-19.00831,0.4391269,-0.10127564,13.881481,0.86594534,-0.95591146,-0.82068306,-0.1260696,0.65630966,0.78000695,1.0,0.4950984,0.32639718,0.30618095,0.26775062,0.283901,0.26273626,0.24957749,0.31118497,0.37236574,0.4192374,0.70039415,-12.305572,-12.820365,0
5.166439909297052,0.09605837,4862.303355727512,2082.0643021100673,7213.623046875,38.69672775268555,4301.086281177372,0.09203757081218111,-388.27075,1.5011774,-4.62416,-93.050964,-0.6349724,3.765274,-54.215416,0.47723922,1.5321525,9.439671,0.9921257,-0.7950344,-42.93782,-0.57307076,0.6199072,7.206815,0.25530604,-0.4315113,52.91062,-0.34858283,-1.0979859,10.298257,-1.5223433,-0.4911663,-1.3634771,-0.75416,0.75850534,-15.101856,-1.0680872,1.5447731,-21.36653,0.7650086,0.12635228,13.256931,0.46172923,-1.0910802,-1.6732323,0.38691056,0.81022966,0.76555705,1.0,0.48297262,0.31364307,0.29296604,0.2552696,0.27429724,0.24821497,0.22524539,0.30087978,0.36243033,0.40583593,0.8977615,-12.2232895,-13.21899,0
5.178049886621316,0.09798402,4869.627964997613,2091.8544514325513,7256.689453125,14.94370174407959,4301.086281177372,0.09203757081218113,-384.05133,-2.2100956,-8.883234,-92.63046,2.403113,4.4236817,-55.85253,2.0660245,3.162667,7.1613646,0.69628346,-0.24025239,-43.392612,0.14645666,2.3691537,7.3696337,-0.45726243,-0.5335277,50.38492,-1.1326808,-2.1859574,7.2923894,-1.5621948,-0.5365957,-1.5829785,-0.198565,0.8875188,-14.338436,0.20354335,1.5478897,-21.419987,0.86211896,0.61753803,11.794773,-0.23952977,-0.6622413,0.11811066,0.8094972,0.55209845,0.76877797,1.0,0.47955272,0.31364495,0.29388237,0.2609057,0.27680385,0.24796982,0.22144395,0.30167693,0.3640233,0.41095853,1.0405673,-12.214408,-13.477446,0
5.189659863945578,0.07929677,4945.175258146472,2165.774566179879,7665.8203125,3.5851283073425293,4301.086281177372,0.10857977072874497,-392.68658,-5.294128,-5.1791987,-87.2083,4.7491484,2.3499382,-53.053223,2.9211872,1.8171859,4.743093,0.09211825,0.2834468,-42.55964,1.2241048,1.8157777,6.6355753,-1.479733,-1.046814,45.122597,-1.5705602,-0.8503557,2.373384,-1.4896617,0.0129397195,-1.5612262,0.39425668,0.52118146,-12.109587,1.5472311,1.1465663,-20.088093,0.52243036,0.3078841,9.336199,-1.2477024,-0.39984715,2.3733933,1.2339897,0.20376794,0.8098953,1.0,0.48599187,0.33786583,0.3203084,0.28639358,0.29591957,0.270054,0.23702341,0.32319915,0.39446908,0.46009296,1.1305612,-12.441861,-13.43688,0
5.201269841269841,0.052971534,5007.52117715858,2255.1092084178617,7934.9853515625,5.511423587799072,4301.086281177372,0.10857977072874497,-413.27774,-5.662402,1.9204715,-76.48399,5.1771317,-0.4237359,-45.542267,2.658743,-0.7943636,4.784027,-0.3349389,-0.04813662,-39.665237,1.847321,0.03085261,6.042265,-2.339087,-1.2414502,40.542233,-1.3776041,1.324055,-1.3026454,-1.2433573,0.9258527,-0.21978557,0.7655789,0.21648969,-9.252554,2.391705,0.595706,-17.436531,0.40082806,-0.48216775,7.1213512,-1.7258347,-0.2664748,4.8036304,1.3017646,-0.16442393,0.9232409,1.0,0.5058666,0.39922845,0.38498804,0.33765978,0.33200195,0.3181301,0.2778513,0.37439987,0.47456652,0.5834281,0.9031042,-12.205724,-12.109572,0
5.2128798185941045,0.031767175,5058.451160249144,2332.6127492495298,8085.7177734375,6.036863327026367,4301.086281177372,0.10857977072874497,-440.51743,-2.7676554,7.166535,-61.1371,4.2297425,-2.580349,-33.02716,1.5187272,-2.735838,9.244634,-0.5661967,-0.41889083,-33.06526,1.53524,-1.0933613,5.203963,-2.9793317,-0.8348299,36.77717,-0.1613479,2.4770958,-1.8646975,-0.41664928,1.4373066,2.783525,0.83218056,-0.11865672,-6.26687,2.7551265,0.060785137,-13.7629795,0.025357468,-1.0028722,8.31348,-1.8788781,-0.20932172,6.770159,1.0659019,-0.51732564,0.97539103,1.0,0.5170294,0.436183,0.4222262,0.3678524,0.34443977,0.34156427,0.30783466,0.39611074,0.50149816,0.6280007,0.97136396,-11.887022,-11.673617,5
5.224489795918367,0.01774261,5296.850444438265,2518.8075769004004,8537.9150390625,2.8779144287109375,4154.575492829486,0.03010686179419501,-466.72595,1.625914,8.782143,-49.81936,2.5468686,-3.4485147,-19.857353,-0.016963832,-3.345432,11.1369,-0.5602044,-0.5493066,-22.700611,0.8712038,-1.5719901,-0.028466344,-3.2242348,-0.19325267,28.409882,1.4065263,2.4040904,-2.5306685,0.701187,1.3463194,3.6790388,0.54947734,-0.48506373,-2.3056197,2.648206,-0.3245124,-11.645288,-0.58708936,-1.0757064,7.678927,-1.8724256,-0.103072345,6.1904078,0.61595905,-0.5725842,1.0,0.9774955,0.5618758,0.5034148,0.49770114,0.416226,0.39010334,0.4061421,0.39893943,0.45753196,0.55964166,0.7200895,0.827207,-10.579946,-10.705201,2
5.23609977324263,0.033526037,4985.876889854775,2380.1612904143194,8268.75,27.559534072875977,4083.2023725641075,0.026168028608935755,-434.25626,5.7293806,6.1811876,-56.775,0.50059664,-2.9746099,-34.370148,-1.7389857,-2.61498,8.188122,-0.5389546,-0.3690136,-28.563805,-0.040534973,-1.5550396,-9.302959,-3.1079361,0.49195608,41.07746,2.6819546,1.4385569,0.51738775,1.627753,0.80093545,3.3089616,0.10369692,-0.6936992,1.6896282,2.2598,-0.60113496,-18.85853,-1.2131555,-0.74619937,0.9526792,-1.6941329,0.10037887,8.008968,0.14704058,-0.49344838,1.0,0.7802979,0.37893504,0.34687153,0.3560025,0.29417425,0.27780744,0.28005332,0.29869124,0.44359022,0.5979109,0.7790116,0.7830905,-10.648505,-11.115246,5
5.2477097505668935,0.059878424,4837.5391239407545,2290.763975053578,8042.6513671875,40.643733978271484,4059.684857430953,0.030106861794195014,-401.9919,8.009387,0.47341305,-66.20336,-1.5443604,-1.5459703,-47.6961,-3.3337653,-0.9607587,2.3690045,-0.65271634,0.081087515,-35.268513,-1.1622566,-1.0956573,-12.502621,-2.4746773,1.2540368,50.41548,3.2609365,0.02802337,3.983938,1.9964534,0.07514793,4.265931,-0.24543896,-0.45989,3.2327676,1.6631366,-0.78972274,-21.345516,-1.6169305,-0.07919732,-0.46424794,-1.3402596,0.5069337,7.308795,-0.34601986,-0.4161075,1.0,0.7673413,0.3315378,0.302796,0.32079396,0.26489246,0.24655767,0.24298884,0.2597868,0.42513475,0.5786265,0.76222175,0.2633678,-11.486645,-12.043457,5
5.259319727891157,0.083092324,4789.71441000723,2253.5820403403964,7913.4521484375,39.0429573059082,4059.684857430953,0.030106861794195014,-382.18326,7.921911,-5.2407336,-71.30796,-3.0247078,0.15576777,-53.314598,-4.213385,1.0425762,1.2302582,-0.8065254,0.5719067,-37.241367,-1.9849064,-0.056476872,-13.09202,-0.83937424,2.1959577,55.523136,2.9646358,-1.5108781,7.76486,1.7726786,-0.5888825,3.3227491,-0.37929136,0.025011964,4.410299,0.75465083,-1.0184606,-23.104612,-1.5794152,0.67816234,-1.6796081,-0.89145035,0.96159285,5.757801,-0.78935444,-0.38282704,1.0,0.74684906,0.30886918,0.28759262,0.31099936,0.25485533,0.23871717,0.23676759,0.2539523,0.43237352,0.57458895,0.75418556,0.24498038,-11.218409,-12.183212,5
5.270929705215419,0.0959536,4742.599973273467,2211.013802980348,7687.353515625,20.99663734436035,4083.2023725641075,0.03010686179419501,-374.74832,6.1406965,-6.9968333,-72.58353,-3.3281124,1.0717124,-54.498295,-3.6678479,2.3546402,2.864564,-0.6479647,0.57817113,-37.636986,-1.8126853,1.1957014,-13.299017,1.5422071,2.61804,57.67071,1.9660264,-2.5022428,10.527775,1.2181797,-1.0685949,0.6219822,-0.39149714,0.20011698,4.7629538,-0.3719599,-1.1408955,-24.735558,-0.90634453,1.1464475,-2.3967545,-0.19241531,0.9580662,5.2569056,-1.0558153,-0.328655,1.0,0.6996685,0.2787573,0.26842383,0.2962974,0.24471913,0.2385202,0.23902132,0.26092833,0.4570621,0.582829,0.7551836,0.2682292,-11.281241,-12.528033,5
5.282539682539682,0.0929049,4681.376929708196,2154.779573602379,7450.48828125,19.595394134521484,4106.8561232764905,0.026168028608935755,-380.99353,2.974963,-2.5873623,-73.44327,-2.5999036,0.5673566,-55.31758,-1.5951778,1.6247296,4.2975326,-0.48858824,-0.047104828,-39.458824,-0.54936516,1.2296509,-13.210974,3.5356998,2.0248194,57.631172,0.1303264,-1.6140527,11.473434,0.24979524,-1.191366,-1.0534334,-0.43047106,0.15464704,4.5525994,-1.2457563,-0.9206262,-25.715282,0.33736137,1.0714359,-1.9048786,0.71145934,0.61321604,4.4656277,-1.3613715,-0.15563518,1.0,0.66743577,0.26501366,0.25510427,0.28090727,0.23685302,0.23495182,0.23416421,0.25837874,0.46556744,0.58376414,0.74903595,0.34601143,-11.307959,-12.65083,5
5.294149659863946,0.075662345,4665.596630077014,2119.1562620209447,7299.755859375,12.605072975158691,4130.646898772784,0.030106861794195014,-396.78693,1.9735489,1.9214691,-75.40445,-2.0480716,-0.013275163,-56.774345,-0.24130955,0.75835294,4.5792418,-0.6399632,-0.7716565,-42.666336,0.47506148,0.98261744,-9.684153,4.511833,1.106371,55.573944,-0.9437465,-0.6445312,10.299467,-0.6914397,-1.0163558,0.50143015,-0.44381776,0.14350748,3.3654385,-1.6801959,-0.5008591,-25.119606,1.3023202,1.1049002,0.37714064,1.283688,0.5372033,2.3712735,-1.4726653,-0.11436776,1.0,0.7053244,0.3034389,0.27491987,0.28771275,0.24972509,0.2403495,0.23604733,0.26352614,0.46842125,0.58186454,0.7394745,0.47551188,-11.599338,-12.896025,0
5.305759637188209,0.05714566,4749.818431251383,2138.733576477502,7375.1220703125,15.239105224609375,4202.849334748248,0.03489742801962526,-407.5853,2.7734568,4.1721325,-77.389725,-1.7435507,-0.009922969,-56.365925,0.12805684,0.14250405,3.8864007,-1.233119,-0.9373401,-41.824936,1.115421,0.82529384,2.0082197,4.8356724,0.011854114,50.782997,-1.4455941,0.02619129,7.9888973,-1.37469,-0.547951,2.5695457,-0.23267634,0.07248254,-1.0144334,-1.8201921,0.044443276,-23.072582,2.0747175,0.8639454,2.3299701,1.7805032,0.39809474,0.07883531,-1.5222965,-0.059649225,1.0,0.897769,0.47392666,0.37787578,0.3693437,0.345822,0.3106477,0.28467146,0.3202182,0.49490848,0.59877974,0.723774,0.47103307,-11.9674425,-12.91419,0
5.317369614512471,0.05675741,4912.8613988242205,2215.6480053421574,7601.220703125,21.79576873779297,4251.684091691332,0.03489742801962526,-397.51865,4.3288507,3.6525044,-79.14563,-1.3201752,0.49011615,-53.338367,-0.047920354,-0.32741013,2.7717824,-1.8468262,-0.6615377,-35.691765,1.5696584,0.49969518,13.24176,4.749595,-0.9559961,47.514885,-1.7578799,0.20024773,6.053487,-1.7333251,-0.072726905,1.3374397,0.04958864,0.0016778319,-5.9588823,-1.7952685,0.41475007,-19.540205,2.6304765,0.43555355,3.3953524,2.108455,0.2187865,-0.90741813,-1.6272148,0.007586128,0.8232474,1.0,0.5893233,0.43754736,0.3907943,0.40042222,0.3684808,0.3154867,0.34055263,0.45886704,0.5404073,0.606202,0.5115269,-12.293911,-12.828596,0
5.328979591836735,0.07265151,5045.9294278622165,2280.5374335545566,7924.21875,33.71617126464844,4376.26794507944,0.05607139544589263,-374.7761,6.018088,1.1560683,-82.32074,-0.8226837,0.8027123,-51.971436,-0.3785616,-0.6798857,-1.1995261,-2.32107,-0.3301523,-32.93772,1.854357,-0.0767782,15.970417,4.456951,-1.3125701,48.102066,-2.073871,-0.072595924,2.6572132,-1.9769235,0.06437888,-0.54499614,0.37303612,0.23895404,-7.041233,-1.7491311,0.45664376,-15.072096,3.1253967,0.18771136,6.0316057,2.2215788,0.062304895,-2.688554,-1.671392,0.01941057,0.74724936,1.0,0.63683724,0.43512163,0.36182758,0.38358518,0.37397397,0.32885566,0.3219774,0.40756032,0.48289907,0.53999007,0.51436526,-12.3601265,-12.824713,0
5.340589569160998,0.087744705,5118.714258586429,2316.4527298398343,8074.951171875,32.21281051635742,4376.26794507944,0.04768699308253104,-359.91095,6.835941,-1.8485146,-84.39719,-0.5729665,0.53931457,-52.64099,-0.69300133,-0.7300481,-5.258932,-2.7123854,-0.15610434,-31.751408,1.855064,-0.5889755,16.30286,3.863403,-0.9242122,48.615044,-2.2860725,-0.43859005,0.5513557,-2.265518,-0.1609349,-0.7539999,0.6884667,0.64376867,-6.628846,-1.5309771,0.3251825,-11.093451,3.4128883,0.05517763,9.052895,2.1567967,-0.057241745,-4.267559,-1.479688,0.11590431,0.68325245,1.0,0.65422684,0.4166396,0.32362008,0.35855287,0.38049507,0.33749032,0.30548847,0.34684587,0.4033463,0.4559231,0.54705054,-12.400869,-12.835017,0
5.352199546485261,0.09406299,5103.656760304853,2323.3783788834367,8074.951171875,26.89599609375,4427.1177292125085,0.040697331568881064,-354.63522,5.3630576,-3.995368,-83.226944,-0.47214344,0.12623267,-55.31879,-0.9583066,-0.32365334,-7.9735107,-3.0239425,-0.1062656,-29.928429,1.3700356,-0.68520343,16.919483,3.1133523,0.0048463047,47.410294,-2.428257,-0.6909898,0.09642857,-2.553927,-0.40205956,0.4013695,1.0975279,0.7896132,-6.220736,-1.0377463,0.15270996,-8.931874,3.4156218,-0.07257491,11.717908,2.0557537,-0.20724404,-5.5365343,-1.09591,0.36282238,0.65561116,1.0,0.6479499,0.3949544,0.2987171,0.33872044,0.38156384,0.33851293,0.2933938,0.31375843,0.36706913,0.40331703,0.5276172,-12.414876,-12.796313,0
5.363809523809524,0.09129046,5030.122591281908,2304.0743347247135,7999.5849609375,15.992841720581055,4452.763761318285,0.04069733156888106,-356.22458,1.3640854,-4.535885,-79.319275,0.013206482,0.16583222,-58.381493,-1.0035185,0.35075244,-9.443977,-3.1154969,-0.024957169,-28.919174,0.80998427,-0.345523,18.863014,2.795401,0.5452615,43.117855,-2.6680865,-0.510351,-0.7323703,-2.6138663,-0.29034665,1.6810601,1.4925194,0.4114601,-7.5822306,-0.6104205,0.09589123,-6.8791656,3.119938,-0.23934032,13.749693,1.8501893,-0.38113964,-7.6384315,-0.7643455,0.5206642,0.62778157,1.0,0.637359,0.36915895,0.29293165,0.32327467,0.3767516,0.33804604,0.2751151,0.27554676,0.3145545,0.34191823,0.5627628,-12.433383,-12.862222,0
5.375419501133787,0.0886509,5048.494799505483,2334.7826871223856,8096.484375,30.953275680541992,4452.763761318285,0.03489742801962527,-357.02094,-2.8039255,-3.554915,-78.615906,1.1355281,0.71355987,-60.488556,-0.9262638,0.559452,-12.063467,-2.9531882,-0.0020597652,-28.887184,0.6058852,-0.14335977,24.012012,2.5261471,-0.100019015,37.27649,-2.801394,0.13941379,-4.5847716,-1.9378203,0.43874955,5.2643337,1.3986393,-0.32114747,-10.702972,-0.47433534,0.22979118,-1.6967056,2.4344213,-0.6233324,15.281034,1.5077416,-0.38986146,-9.450253,-0.48386708,0.42409632,0.6001319,1.0,0.68119514,0.42152745,0.3622977,0.34395614,0.35936958,0.3537713,0.27829215,0.2514671,0.27265257,0.29208958,0.5368858,-12.469924,-12.646583,0
5.38702947845805,0.08957546,5210.663513704732,2416.0567497627612,8408.7158203125,26.818981170654297,4452.763761318285,0.030106861794195014,-357.85333,-4.569037,-1.4670593,-82.76594,1.937809,0.96315473,-60.71899,-0.75007147,0.39582014,-16.342762,-2.7959006,0.07804871,-28.682308,0.2685897,-0.2512977,28.716154,1.6748677,-1.2391497,33.784195,-2.5597336,0.7492483,-10.219926,-1.0908009,1.1970267,8.398938,0.92436075,-0.8612558,-11.726265,-0.5220457,0.22922835,2.176235,1.46872,-1.1532689,16.417048,1.2427428,-0.24999768,-8.59973,-0.15204726,0.35690114,0.58260864,1.0,0.8334393,0.5616141,0.48238567,0.38347414,0.36146381,0.41938904,0.3271774,0.28893,0.30432808,0.31342253,0.5476891,-12.492305,-12.586519,0
5.3986394557823125,0.08284761,5298.359792055593,2450.961565936394,8580.9814453125,16.142494201660156,4504.502384021486,0.018187375734912182,-366.6876,-4.5861254,0.49333072,-84.87854,2.206203,0.8684962,-59.51137,-0.38316944,0.19451356,-20.658596,-2.6214075,0.30208117,-29.26482,-0.32186565,-0.49946183,32.44187,0.5427547,-1.9106034,31.444244,-1.9593633,1.027216,-14.173025,-0.26164925,1.5838509,10.22291,0.464163,-0.8870416,-10.185875,-0.6068512,0.054593574,4.133147,0.6080172,-1.3626264,17.601091,1.0635953,-0.11128739,-6.367014,0.23793258,0.31287768,0.58188415,1.0,0.9356145,0.6397557,0.54234916,0.3922262,0.3608794,0.4596062,0.35297522,0.3208897,0.3365624,0.3413636,0.56283957,-12.494582,-12.525875,0
5.410249433106576,0.063847125,5264.9439646316805,2474.4757881405467,8548.681640625,8.100191116333008,4504.502384021486,0.016467587593113005,-383.55612,-4.187934,1.4151852,-78.99757,2.5309436,0.76792705,-57.40475,0.029202843,0.109587826,-22.801964,-2.2590098,0.61812973,-28.091537,-0.89626396,-0.6952895,34.839405,-0.6241429,-1.8034961,29.93583,-0.98020583,1.0457262,-13.975889,0.7367995,1.5320853,9.85709,0.20267238,-0.4698615,-9.0874405,-0.53788143,-0.14728129,4.411295,-0.14340544,-1.0731072,17.89822,0.867847,-0.10791072,-6.469241,0.7051682,0.27976897,0.5805781,1.0,0.9580814,0.6565909,0.56037426,0.40453824,0.39754286,0.5147329,0.38327047,0.3456373,0.37019163,0.36132392,0.59955746,-12.4362335,-12.415942,0
5.421859410430839,0.046330884,5019.596935103094,2515.87416487504,8257.9833984375,5.718537330627441,4556.842180562491,0.011085791888943373,-392.66772,-3.372054,2.09194,-67.65007,3.306471,0.4991536,-59.611908,0.07535566,-0.088672146,-24.272835,-1.4861575,0.9150325,-26.985367,-1.2514037,-0.6084221,29.735737,-1.9171555,-1.2615285,30.407005,0.21851769,1.0553573,-6.0080423,1.8229384,0.9768201,5.886036,0.20005827,0.30637598,-9.293739,-0.46273655,-0.29402766,1.0193022,-1.0841981,-0.6524625,18.405304,0.40961954,-0.39745098,-7.6397343,1.170583,0.37396905,0.61286455,1.0,0.9642752,0.6994729,0.6185601,0.5237598,0.5961219,0.7047841,0.5119969,0.45582348,0.5311655,0.4805579,0.5111077,-12.319913,-12.100562,0
5.433469387755102,0.048375882,4910.316652833748,2441.0771974797426,8074.951171875,21.578168869018555,4556.842180562491,0.011085791888943373,-383.8397,-1.5566447,2.6295676,-65.6079,3.9968162,-0.086999305,-61.404892,-0.25909862,-0.29781565,-26.145172,-0.47444236,1.0465875,-30.249268,-1.3440847,-0.19992688,21.718025,-3.037582,-0.6702109,31.02058,1.3143929,1.1035656,-2.2134807,2.6370924,0.18893015,3.6702528,0.55908656,0.9486623,-11.531448,-0.4909849,-0.11953497,-3.6287277,-1.8855104,-0.3959129,20.024212,-0.1652519,-0.6822407,-6.326273,1.4323825,0.47960845,0.6048381,1.0,0.992633,0.67826235,0.5589822,0.5245691,0.6006937,0.60928684,0.4634666,0.44891438,0.54802895,0.47996625,0.42826375,-12.270289,-12.13043,0
5.445079365079365,0.0524047,4948.506513013628,2434.638748949401,8107.2509765625,12.497194290161133,4427.1177292125085,0.01000419105279527,-378.46667,1.0380788,2.2775524,-66.84244,3.787352,-0.6558234,-60.065666,-0.51144654,-0.19699632,-27.049244,0.41495422,0.9541443,-34.857445,-1.4668216,0.062869415,18.52687,-3.5350869,0.10929246,31.489634,2.1232433,0.8785921,-1.0668511,2.9036984,-0.39593247,5.196531,0.9032782,0.9215755,-13.725914,-0.41488352,0.32190374,-4.1662135,-2.3958597,-0.2300412,21.03352,-0.5586102,-0.62276334,-4.389546,1.560812,0.37426218,0.5953852,1.0,0.995203,0.67771745,0.5578941,0.5321125,0.5901753,0.5479348,0.41280097,0.42174906,0.5249126,0.46349034,0.44274557,-12.172676,-12.041879,0
5.456689342403628,0.046997488,4927.174572467398,2468.4952303216346,8139.55078125,7.159008979797363,4427.1177292125085,0.010006178555334078,-383.47107,3.008083,0.9181941,-63.071358,2.7004418,-0.831569,-57.892532,-0.4769451,0.07613112,-26.285028,1.0963053,0.7913743,-37.67182,-1.8773309,0.06507921,17.790325,-3.2700818,0.79854465,34.396027,2.6469228,0.49852508,1.6367128,2.640185,-0.5069111,8.220559,0.9880147,0.17076634,-13.703688,-0.060388915,0.67917717,-3.4971738,-2.5740793,-0.12132397,20.448399,-0.721798,-0.33382165,-1.6749866,1.6175861,-0.06603659,0.6457109,0.995711,1.0,0.7289494,0.6376928,0.6354971,0.63937914,0.5453983,0.40513375,0.42474523,0.5516062,0.52618355,0.38282657,-12.146698,-11.981574,0
5.468299319727891,0.04321419,4798.224875008094,2510.976452300481,8118.017578125,13.990092277526855,4351.062496454931,0.010073751764282884,-382.428,3.1859984,-0.26505956,-56.155243,1.4595268,-0.8580283,-60.200882,-0.14280465,0.15640278,-22.868004,1.7991774,0.64129347,-37.58036,-2.4169388,-0.28393403,13.686897,-2.3938227,0.87940454,39.8015,2.9531221,0.17614391,4.3731375,2.0801706,-0.20826036,12.458891,0.5485292,-1.0548584,-13.779932,0.5249294,0.79910564,-7.544935,-2.4275353,-0.089584924,16.154102,-0.83745205,0.015129899,1.89046,1.3429999,-0.6323877,0.8578059,1.0,0.92518026,0.80144256,0.7768008,0.79978883,0.7020734,0.5110461,0.3822964,0.43615627,0.66548634,0.73770326,0.2874785,-12.011304,-11.940601,5
5.479909297052155,0.049348455,4686.42713557143,2506.3882263859105,8107.2509765625,22.69828987121582,4351.062496454931,0.01010197459374499,-372.99048,2.1536229,-0.60471946,-52.52118,0.7116245,-1.2813218,-63.731007,-0.10217755,0.099143274,-19.366707,2.628199,0.58924204,-35.848763,-2.6482472,-0.6532157,8.545412,-1.6705494,0.6011445,44.73139,3.054242,-0.19819419,6.3852377,1.6370786,-0.3846816,16.098892,-0.40280822,-1.786508,-12.979328,1.1379153,0.6035119,-12.097246,-2.2510698,0.03670773,13.091368,-1.0319314,0.21912254,3.4832273,0.70222664,-0.9428739,0.9711677,1.0,0.7599935,0.75079626,0.78739375,0.7969678,0.62473166,0.42818666,0.31729645,0.41353732,0.7053242,0.804987,0.3262301,-11.965843,-11.970681,5
5.491519274376417,0.05870855,4694.192952681782,2460.7798860007288,8010.3515625,20.749343872070312,4251.684091691332,0.011085791888943373,-364.25266,1.3314245,-1.2334296,-54.3071,-0.16641611,-1.5323143,-63.02198,-0.53542274,-0.109460905,-17.678177,3.497933,0.7111769,-38.29609,-2.480913,-0.4297122,8.142408,-1.4313307,0.41569167,46.655113,2.9565444,-0.46004924,7.9584694,1.0898398,-0.73175126,14.666727,-1.3467069,-1.5071657,-10.704056,1.5225679,0.2716755,-15.174112,-2.1576102,0.43136004,13.846632,-1.1119895,0.23222047,3.652896,-0.009600932,-0.95293105,0.99621624,1.0,0.6686741,0.69214517,0.77786285,0.7720238,0.5546951,0.37785003,0.29703024,0.43734407,0.71231836,0.82242715,0.2846318,-11.962929,-11.987687,5
5.50312925170068,0.065857455,4685.249855223665,2364.9115830125024,7741.1865234375,25.293203353881836,4251.684091691332,0.011422334250709074,-364.18045,0.29123485,-2.2840555,-57.71333,-1.4426293,-1.230244,-60.804512,-0.99475634,-0.37933117,-15.737922,4.203349,0.80932015,-44.287983,-1.9870613,0.41421407,9.779476,-1.2903708,0.22766745,48.520218,2.6451309,-0.41143498,9.492648,0.40320918,-0.8236488,10.061882,-1.8878328,-0.52405953,-8.198092,1.5853112,-0.04886283,-16.975895,-1.8489581,0.7227673,15.176531,-0.9748378,0.102997385,2.850327,-0.7464779,-0.7434249,1.0,0.97119224,0.5646002,0.5995153,0.7149042,0.68059343,0.4541062,0.32039922,0.28100184,0.44854015,0.6858337,0.8126462,0.29559073,-11.871908,-12.052155,5
5.5147392290249435,0.07230556,4633.584711675643,2264.866194670425,7375.1220703125,26.87253761291504,4227.196193261513,0.016467587593113005,-369.34933,-2.3808274,-3.137388,-60.583313,-2.4307234,-0.48762888,-59.266487,-1.0644916,-0.57694775,-11.505726,4.675962,0.7719366,-51.446854,-1.2359353,1.4312512,10.285767,-1.0518214,-0.15010168,51.41253,2.1537004,-0.29222208,10.715128,-0.28400132,-0.78525245,2.6155705,-1.956594,0.651753,-5.6118345,1.4678344,-0.3638776,-17.729385,-1.1640699,0.6679688,14.911985,-0.6589465,-0.09219015,0.31204122,-1.2456148,-0.29367924,1.0,0.9542729,0.5001911,0.5213635,0.640766,0.6135786,0.41969034,0.31381312,0.2917786,0.45793688,0.6583921,0.80241144,0.31701842,-11.7864065,-12.111066,5
5.526349206349207,0.078914404,4548.046963305351,2106.3113498946054,6933.69140625,26.623262405395508,4227.196193261513,0.018187375734912182,-372.5625,-6.4570932,-3.8052013,-62.76893,-2.5966918,0.23340057,-61.375675,-0.5687386,-0.006446508,-4.950835,4.9497957,0.3754429,-54.043907,-0.215596,2.0302484,8.232159,-0.825727,-0.24828516,53.11654,1.4112269,-0.574089,8.681913,-0.81801754,-0.5839594,-1.9087708,-1.5444325,1.4121953,-4.070046,1.3676547,-0.33814377,-18.57574,-0.47774047,0.56214964,12.349194,-0.4304043,0.015684545,-2.0223298,-1.1288853,0.32871655,0.9979569,1.0,0.54282665,0.42615065,0.5033167,0.5151775,0.3821115,0.29935533,0.3000863,0.4542501,0.6505415,0.81027687,0.45618618,-11.678862,-12.5614195,0
5.537959183673469,0.0853877,4466.49518516607,1991.4810055206146,6589.16015625,28.634599685668945,4227.196193261513,0.026168028608935755,-375.41858,-9.894616,-3.582297,-66.05343,-2.4193115,0.37853098,-66.68347,0.6467821,1.5033189,2.830769,4.9787083,-0.30070403,-50.749023,0.89442897,1.5867507,5.617584,-0.47837785,0.38174954,55.044693,0.5099221,-1.1053998,6.048998,-1.4304024,-0.48677778,-0.9761623,-0.9489359,1.1581513,-3.3919852,1.537655,0.137926,-18.909554,-0.32645112,0.1355709,10.527849,-0.2443073,0.42438757,-3.325618,-0.4115144,1.0202291,0.9872839,1.0,0.6448135,0.40747795,0.40480462,0.4425433,0.35917157,0.30248016,0.32462493,0.45263264,0.6210494,0.77396774,0.87516385,-11.72342,-12.8847065,0
5.5495691609977325,0.08510812,4460.867313026749,1937.23200700105,6341.5283203125,15.907992362976074,4227.196193261513,0.026168028608935755,-383.29944,-10.427267,-1.2791591,-70.59423,-2.4189408,0.12014242,-70.068474,1.521395,2.00293,8.74008,4.47148,-1.0176896,-45.21598,1.6017102,0.34416562,4.107534,-0.15973158,0.82402176,57.258667,-0.19577369,-1.0770227,4.5904527,-1.8839545,-0.26920018,1.9959786,-0.53176934,0.25058743,-3.442676,1.6755478,0.41110668,-18.830017,-0.55033976,-0.33555213,10.15027,-0.068493985,0.5680588,-5.3721046,0.33305913,1.167268,1.0,0.98023844,0.7113554,0.40792137,0.34302998,0.38115835,0.34199262,0.3080923,0.33109075,0.43241376,0.6018206,0.78856534,1.0926558,-11.573081,-13.105853,0
5.561179138321996,0.07136184,4472.587965962902,1922.9817672140643,6083.1298828125,10.098501205444336,4227.196193261513,0.06608151270920701,-402.73022,-9.131688,1.6833749,-71.92424,-2.6297648,-0.20283449,-69.44162,1.7412547,1.1299093,13.240091,3.3377573,-1.5457184,-40.428528,1.7434386,-0.8639507,2.8872266,0.030553509,0.63081145,57.367676,-0.7799654,-0.7139333,2.616626,-1.9554815,0.08179191,4.5012736,-0.35070178,-0.67074454,-3.6029534,1.6417526,0.31385297,-17.688723,-0.96010906,-0.6533848,10.841953,0.066012256,0.28355965,-5.444841,0.8960133,0.7544737,1.0,0.97410333,0.7390553,0.4034535,0.31265154,0.35490608,0.33448666,0.30669978,0.32137212,0.41309765,0.5942982,0.7998188,1.0926747,-11.606499,-13.059726,0
5.572789115646258,0.051099315,4551.85698659777,1962.1447092060268,6503.02734375,4.254998207092285,4227.196193261513,0.06608151270920701,-429.9119,-7.4056,3.8702047,-70.45072,-2.9274652,-0.45392498,-60.96113,1.5455314,-0.4923136,15.868403,1.7682756,-1.7822922,-37.193832,1.208663,-1.379126,4.1039104,-0.005181829,-0.07565897,52.588108,-0.97267646,-0.1074425,1.7389873,-1.5976349,0.3544904,5.48738,-0.49531108,-0.8949458,-0.723006,1.566978,0.0006630467,-16.155293,-1.3448516,-0.708961,12.497976,0.0062073865,-0.30222765,-1.6061187,1.2757272,0.24741928,0.9716868,1.0,0.73512995,0.38680744,0.3028395,0.34460577,0.3293901,0.30665144,0.3158583,0.386889,0.5904174,0.7942248,1.117747,-11.732777,-12.685481,0
5.584399092970521,0.049729437,4712.075159696955,1910.8475691576537,6869.091796875,7.983511447906494,4227.196193261513,0.10857977072874499,-443.99863,-5.554618,4.3874445,-73.41694,-2.9528005,-0.40372828,-45.94202,1.1479213,-1.8200915,17.502064,0.1348454,-1.6927577,-37.916412,0.26667213,-1.1831206,9.953841,-0.41133022,-0.86511564,47.23992,-0.5459187,0.86132705,-2.6102042,-0.9868572,0.6964574,1.9445256,-0.6939271,-0.31265044,5.5931706,1.5423774,-0.27475548,-20.643093,-1.5433503,-0.36895403,14.775685,-0.43274248,-0.8262583,4.5383987,1.661434,-0.010550765,0.96176004,1.0,0.640871,0.25437048,0.21681865,0.23707642,0.23093161,0.23673542,0.2509829,0.29937747,0.56591797,0.7541885,1.0737451,-11.935932,-12.233818,0
5.596009070294785,0.0671529,4685.97151323557,1854.3287062510667,6707.5927734375,35.38459396362305,4227.196193261513,0.10857977072874499,-429.09988,-3.3489165,3.208162,-79.06362,-2.3461573,0.32036963,-47.494675,0.677632,-1.9397246,16.566486,-0.99044806,-1.1766224,-41.41532,-0.89705056,-0.9038284,10.37916,-1.1243978,-1.3457114,48.396538,0.3684421,1.6594964,-4.443115,-0.3495612,0.9332622,-2.4788084,-0.7057503,0.44228432,6.910594,1.33271,-0.5973322,-24.561142,-1.5106229,0.20464477,14.098429,-1.2533342,-1.1729432,4.998146,1.7586362,-0.35586658,0.9914381,1.0,0.6258547,0.22888649,0.19617175,0.21744071,0.21628362,0.22205363,0.23623203,0.29734686,0.56137717,0.7557231,1.095858,-11.870812,-11.981268,5
5.607619047619048,0.080094755,4638.916829787686,1834.4345514893305,6578.3935546875,22.618377685546875,4178.642703821395,0.12793708630129036,-417.9785,-0.8083893,0.98772347,-84.16289,-1.3364251,1.4876673,-56.20598,0.06724752,-1.0129359,13.3049135,-1.4100542,-0.24756967,-43.188557,-2.034286,-0.76310295,6.9665956,-1.8137099,-1.2246412,48.323074,1.4498216,1.647974,-3.7308557,0.3999884,0.9886844,-4.5506225,-0.40287372,0.96593565,5.606479,0.7542387,-0.88253635,-27.443882,-1.1697866,0.86328113,11.879398,-2.14137,-1.118864,3.613379,1.1390198,-0.78311676,1.0,0.99329686,0.57647336,0.22137521,0.19579355,0.22076148,0.2163983,0.22245267,0.23932923,0.30971697,0.5539577,0.7645704,1.0401826,-11.937492,-11.992288,5
5.61922902494331,0.08444641,4597.193396696361,1844.2520993762344,6513.7939453125,24.093368530273438,4178.642703821395,0.12793708630129036,-418.50925,1.471167,-0.62441725,-88.490944,-0.2978686,2.0865884,-63.212624,-0.7193954,0.4113779,8.738995,-1.3427044,0.57295865,-44.11267,-2.7430918,-0.5296976,2.240206,-2.1998105,-0.3089876,50.53061,2.124602,0.5771705,-2.124228,1.2683365,0.9713196,-3.7810116,0.16019848,1.0250062,5.2101097,-0.026051402,-0.7372594,-28.743614,-0.525884,1.2130958,8.47113,-2.6459994,-0.47613415,4.228395,-0.06333102,-1.0677114,1.0,0.9772831,0.47931165,0.20336461,0.19768216,0.22134638,0.20525579,0.20874761,0.2332269,0.31711924,0.5371024,0.78240365,1.0110465,-11.708979,-11.902963,5
5.630839002267574,0.08494521,4608.190137134091,1914.6829218919986,6696.826171875,25.440725326538086,4154.575492829486,0.10857977072874499,-424.90936,2.5540516,-0.14406702,-88.65035,0.7822038,1.6174833,-64.59097,-1.1084431,1.450624,4.647332,-1.1212208,0.9061255,-45.141037,-2.8686159,-0.25083312,-2.7603703,-2.1095476,0.94155127,57.47215,2.0097337,-0.72575694,1.0014175,2.0783796,0.5534419,-0.5348316,0.7257736,0.44662622,6.740969,-0.66480905,-0.30908036,-27.645569,0.45067623,0.98715496,4.3772316,-2.5269632,0.4985606,8.215342,-1.3489743,-1.2053064,1.0,0.91523707,0.38773298,0.18910533,0.19429727,0.20569234,0.18173398,0.1877966,0.2156446,0.31963438,0.5363318,0.75653315,0.39548388,-11.430878,-12.362971,5
5.642448979591837,0.08349936,4578.816776485941,1951.30275259566,6524.560546875,24.77523422241211,4154.575492829486,0.10857977072874499,-429.1052,3.0797896,2.2423027,-81.53541,1.4101523,0.4034754,-59.850243,-0.52586067,0.83229965,4.9419203,-1.1222962,0.38943496,-50.3599,-2.5128803,0.22723469,-6.844072,-1.3376906,1.4946814,63.464905,1.3265424,-1.3370159,2.7702112,2.113562,-0.13130248,1.4447856,1.1069814,-0.108200744,5.8201466,-0.87327516,-0.18266493,-26.027367,1.4210861,0.8051032,-1.0637065,-1.7410089,1.2828932,8.076301,-2.1715596,-1.2890846,1.0,0.80040884,0.31281266,0.19039357,0.19522758,0.17784578,0.15005915,0.16471294,0.19305773,0.32377496,0.54088384,0.73081154,0.37552568,-11.2664,-12.476186,5
5.6540589569161,0.07873863,4523.410208767397,1932.2995467086926,6190.7958984375,17.792959213256836,4130.646898772784,0.06608151270920701,-427.65338,4.5191813,3.292591,-73.68356,1.530585,-0.7511786,-56.012108,-0.09124031,-0.38579762,8.668379,-1.3959415,-0.5396501,-56.781616,-1.9088264,0.93080074,-7.7155905,-0.2907102,1.416135,65.30777,0.73221195,-1.388303,5.4575014,1.6328361,-0.71828914,3.0553432,1.2500972,-0.27502316,2.6544847,-0.9085675,-0.11122801,-23.284609,2.2906566,0.67527354,-4.5012856,-0.5713898,1.7158847,2.7326078,-2.7529202,-0.96600676,1.0,0.7668678,0.30173478,0.22472835,0.23058318,0.1877561,0.15583831,0.16656157,0.20520888,0.3657319,0.5606305,0.75163364,0.41787168,-11.3316145,-12.633763,5
5.6656689342403626,0.07136956,4471.707990452557,1900.9400937879163,6223.095703125,11.720898628234863,4202.849334748248,0.06608151270920702,-418.36795,6.0898337,2.176829,-72.36102,1.4591855,-1.182934,-55.92546,-0.29844683,-1.1936634,10.32978,-1.8285632,-1.2422119,-59.230896,-0.9198704,1.6042278,-4.5978165,0.7655852,1.016766,61.0848,0.15685901,-0.757206,9.923525,0.8945359,-1.0854318,4.0914993,1.1353737,-0.19628377,1.3518386,-1.1248744,-0.07849788,-21.278881,2.741761,0.37808144,-3.2776794,0.6486489,1.5986134,-3.8913088,-3.3689601,-0.3505755,1.0,0.74387044,0.34687194,0.3097684,0.30218926,0.24439766,0.20307942,0.21229845,0.2712763,0.45574057,0.6034328,0.78979826,0.42486906,-11.433318,-12.786826,0
5.677278911564626,0.06572626,4502.695677717226,1896.0396688211354,6567.626953125,21.792293548583984,4202.849334748248,0.056071395445892624,-406.25037,6.751752,-0.13113944,-73.68938,1.1685508,-0.7319575,-57.18311,-0.98127884,-1.1474484,8.628817,-2.3933225,-1.3280419,-59.22563,0.2963985,1.7865443,-0.8444773,1.7082742,0.5581683,56.143806,-0.6442774,-0.06870698,11.972722,0.036345616,-1.1448593,2.793966,0.768099,-0.15562959,1.1135898,-1.4955779,-0.13024259,-19.103344,2.757159,0.0023499527,0.47736818,1.8250897,1.1331838,-9.550716,-3.7516477,0.39478806,1.0,0.7834443,0.46214455,0.4220617,0.40204647,0.31647277,0.26553425,0.2610898,0.335673,0.52836305,0.68046534,0.833028,0.41211334,-11.682769,-12.882313,0
5.688888888888889,0.068940096,4609.676017230959,1999.2013693940814,6955.224609375,27.756256103515625,4227.196193261513,0.047686993082531035,-391.08377,6.3431263,-2.0075223,-77.57313,0.22892113,-0.2447619,-60.438034,-1.5451292,-0.30557674,1.4384612,-2.996925,-0.64471495,-56.61146,1.3214232,1.032443,0.8299227,2.8174477,0.61680627,55.193123,-1.7172176,-0.23063916,8.344737,-0.77359605,-1.0247831,3.7836714,0.36342442,-0.2995934,0.13189006,-1.8549479,-0.44921872,-14.322861,2.699331,-0.22417784,4.628852,2.6467519,0.35062498,-12.271641,-3.3195379,0.8951718,0.96073705,1.0,0.6815705,0.5488426,0.499034,0.39754328,0.33713195,0.32766008,0.38751543,0.5699143,0.74907154,0.8528903,0.44703743,-12.098118,-12.997673,0
5.7004988662131515,0.07683345,4701.878150135122,2093.0484531765437,7515.087890625,30.261856079101562,4301.086281177372,0.06608151270920701,-382.77368,4.9835997,-2.8062022,-79.16656,-0.8813203,-0.30860063,-64.34065,-1.4926815,0.57680017,-5.496516,-3.2156615,0.44725043,-53.186813,1.8587114,0.021940826,2.1441448,3.9312274,1.0663439,57.068565,-2.6555405,-0.87205356,5.6359816,-1.8197757,-0.8747067,6.2012463,0.050613396,-0.3561313,-0.28260148,-2.010198,-0.5293156,-9.357832,2.6238458,-0.26208705,8.693686,2.8396564,-0.3439354,-13.430464,-2.1815884,1.1639493,0.70715,1.0,0.66706693,0.4591608,0.40478456,0.33580077,0.29201722,0.2841871,0.2934287,0.40732613,0.52201617,0.591777,0.47219348,-12.276533,-13.045964,0
5.712108843537415,0.08179206,4761.751932795943,2197.4797096775706,7762.7197265625,25.014110565185547,4376.26794507944,0.056071395445892624,-383.12497,2.770047,-2.7011366,-75.695694,-1.5727662,-0.7356782,-67.29042,-0.7322105,1.2389812,-9.319947,-2.5721216,1.4354832,-48.13961,1.8958148,-0.5538295,4.490822,4.9263463,1.4796268,59.613064,-3.296468,-1.4572192,3.4018197,-2.947852,-0.7224569,7.0934362,-0.15596925,-0.35990018,-3.1659763,-1.951749,-0.07397824,-8.230572,2.4746056,-0.33351582,10.8725815,2.5400858,-0.6061073,-16.82685,-0.91106206,1.2388865,0.58129853,1.0,0.6451582,0.42032465,0.37246257,0.30724913,0.27127194,0.26571855,0.24400365,0.32256058,0.39400363,0.44021344,0.51105845,-12.368833,-12.963169,0
5.723718820861678,0.08220384,4809.955429143705,2276.753161309989,7838.0859375,15.964343070983887,4427.1177292125085,0.10857977072874497,-387.37915,0.14265086,-2.274804,-71.45735,-1.8395982,-0.84139556,-68.43761,0.27912357,1.4686006,-11.250826,-1.206061,1.9387568,-44.81254,1.7017537,-0.6697707,8.07577,5.7188272,1.2919887,56.28939,-3.8204565,-1.3400284,1.3783523,-3.5106146,-0.47358677,5.2541714,-0.1335627,-0.20757632,-7.179577,-1.7771107,0.42313325,-8.338173,2.0819573,-0.42191437,14.227243,2.1871457,-0.4632719,-19.20539,-0.0074766953,0.9980961,0.5425645,1.0,0.6464437,0.39091384,0.35585618,0.29761428,0.27569324,0.25551122,0.22428998,0.270942,0.3167303,0.34304217,0.56610805,-12.420345,-12.913841,0
5.735328798185941,0.08572292,4881.95558714972,2228.4822758746577,7418.1884765625,30.803590774536133,4427.1177292125085,0.12793708630129036,-387.65463,-2.3325765,-1.6330956,-76.73462,-1.5167421,-0.30314404,-66.23619,1.1273911,1.0201946,-11.716355,0.2999502,1.5939655,-46.57071,1.1144062,-0.671627,18.282646,5.87361,0.16589577,44.975105,-4.0246696,-0.22520827,-0.9293301,-3.1578388,0.08005947,2.8942423,2.9857953e-05,0.29101205,-12.020572,-1.6175259,0.57796735,-5.707759,1.3809365,-0.4867768,15.461964,1.8673244,-0.25066006,-17.825562,0.34276897,0.50299346,0.5340945,1.0,0.7242266,0.40133083,0.38047808,0.3342839,0.2944646,0.25667572,0.23717283,0.25402427,0.2502458,0.2770581,0.6455103,-12.501361,-12.827391,0
5.746938775510204,0.0944967,4971.7837587564245,2114.0753866159253,7073.6572265625,30.92014503479004,4478.558359376676,0.2065067991177522,-387.35968,-4.029961,-1.3629177,-85.20854,-0.73080736,0.96873325,-63.328938,1.4622834,0.103068955,-10.402519,1.3895817,0.9233953,-47.720596,0.26153284,-0.6926137,28.717125,5.0568995,-1.4425546,36.379158,-3.8630207,1.0811087,-7.1665783,-2.4251964,0.89978606,2.654943,0.38899305,0.8364984,-12.49813,-1.4129533,0.5486502,-2.510922,0.63782257,-0.6538392,15.602958,1.4595087,-0.22949314,-13.5743885,0.58569044,0.07633756,0.50867957,1.0,0.8588314,0.4470096,0.39781827,0.33836505,0.28674978,0.25539213,0.2374811,0.26323417,0.27056,0.28971463,0.67387944,-12.583095,-12.687452,0
5.758548752834467,0.100389004,5016.122682947586,2025.3080450954067,6998.291015625,33.999000549316406,4478.558359376676,0.24075439447557417,-391.54846,-4.8445916,-1.1386305,-89.6597,0.32529804,2.2832642,-58.37593,1.2812862,-0.76079196,-5.962557,2.053795,0.36490968,-46.536396,-0.56487834,-0.56333315,36.91691,3.2802663,-2.880734,31.765068,-3.186989,1.9220377,-14.2383375,-1.424934,1.5807223,2.5377111,1.1389366,1.1103678,-9.915131,-0.85079205,0.46324554,-1.1665806,-0.1719417,-1.1147897,16.679468,0.94605815,-0.44909617,-10.318793,1.0901989,-0.09228639,0.49503875,1.0,0.9278126,0.4473024,0.37088704,0.30775002,0.26022297,0.24179311,0.22579397,0.2688401,0.2906293,0.30999053,0.72769487,-12.566774,-12.731863,0
5.77015873015873,0.09884154,4975.501246699261,1975.779660097721,6912.158203125,25.357952117919922,4478.558359376676,0.27960516533635904,-400.33667,-5.102795,-0.51362294,-88.9377,1.4546263,2.4544148,-55.31225,0.96405566,-0.9815692,-0.8592312,2.515889,0.045706686,-44.38096,-1.073071,-0.48125416,41.138245,0.9863518,-3.4094079,30.412193,-1.8471998,1.8674663,-16.265125,-0.15637748,1.9565847,4.547946,2.0878599,1.0242447,-9.686392,-0.054318856,0.47265452,-1.795351,-1.2389507,-1.4680697,19.644611,0.45594448,-0.4924452,-10.805862,1.3521775,-0.091801435,0.5182227,1.0,0.92621475,0.43890592,0.35441172,0.29007444,0.23909804,0.22836162,0.21478786,0.25579205,0.28082263,0.31176433,0.7518091,-12.516896,-12.525114,0
5.7817687074829935,0.090990834,4843.417561611942,1915.857796889044,6664.5263671875,20.949085235595703,4452.763761318285,0.3721358982975089,-408.6933,-5.2040534,0.47134605,-82.5761,2.777316,1.3118584,-56.032883,0.72453725,-0.4975205,0.5689786,2.6700222,-0.17209002,-46.574352,-1.3504715,-0.58052146,38.315117,-1.4945388,-2.7355492,33.71691,-0.42957973,0.98314136,-11.640705,1.0352786,1.6081758,7.951764,2.827826,0.6598056,-12.373941,0.69543374,0.5150241,-4.2694826,-2.4506571,-1.3262403,21.17815,0.08868184,-0.56998885,-13.760337,1.0740232,-0.08511876,0.5506646,1.0,0.90565735,0.40304258,0.31144282,0.26880953,0.2346104,0.21772982,0.19052792,0.20824374,0.2388721,0.30183086,0.8757799,-12.526467,-12.710961,0
5.793378684807256,0.081662804,4739.543510041501,1885.7450202789212,6341.5283203125,19.869159698486328,4452.763761318285,0.3721358982975089,-416.59464,-4.4018254,1.6525625,-72.99692,4.6208496,0.7667314,-59.3773,1.1473708,0.63194215,1.2962679,2.4001,-0.35413596,-50.662132,-1.9556199,-0.67996055,31.439613,-4.13237,-2.1405892,34.786476,-0.19018243,-0.3156981,-7.31108,1.3613021,-0.00768151,11.834641,2.723303,-0.2015306,-13.84388,1.1582335,0.7283944,-7.1680155,-3.027589,-0.49949503,19.844078,-0.03011729,-0.34234574,-13.021449,1.0774522,0.36348322,0.592455,1.0,0.8393113,0.36848503,0.28445584,0.25417408,0.23209018,0.2162027,0.17840825,0.17905667,0.23366304,0.3337659,1.0051208,-12.525782,-12.964453,0
5.804988662131519,0.08039632,4621.367872780398,1845.0624502702726,5867.7978515625,19.97723388671875,4427.1177292125085,0.48498680771591124,-420.11865,-1.6866755,3.2498949,-65.80852,6.6892633,1.2246039,-61.972183,1.6468197,1.3999208,3.548171,1.388588,-0.807636,-53.058678,-2.0256438,0.055743594,23.050419,-6.4837074,-1.6617534,35.05625,-1.3423989,-1.7767254,-3.8247914,0.2757495,-2.116317,16.240122,1.6577386,-1.4831171,-11.455879,1.4976472,0.79589766,-12.585346,-2.6012754,0.73917973,16.98232,0.5068156,0.6091369,-7.836569,1.991595,1.1308943,0.6459826,1.0,0.6334183,0.2745857,0.22343446,0.21999316,0.20612307,0.1767348,0.14433089,0.1423138,0.21462452,0.34270427,1.0113852,-12.458684,-13.132448,0
5.8165986394557825,0.08788167,4553.0588405619,1731.4830016831947,5630.9326171875,30.778667449951172,4401.619407382422,0.4849868077159113,-420.66937,2.917208,5.07085,-65.70924,7.6529174,1.1496096,-59.73636,1.9521602,1.101541,7.556837,-0.124423295,-1.5381279,-54.56237,-0.6628418,1.7140334,17.584421,-7.284816,-0.4530923,36.328915,-3.9266348,-3.2574432,0.6271289,-1.7865751,-3.257132,20.619299,0.13586088,-2.2200584,-7.1303015,1.9401901,0.4650603,-18.659971,-1.8888985,1.4052376,16.680912,1.4008913,1.5414981,-5.830556,3.3575377,1.4532924,0.70724034,1.0,0.48223796,0.22579686,0.18512449,0.16934988,0.15517871,0.1288282,0.11013653,0.13757774,0.21350043,0.34188312,1.0146413,-12.434295,-13.33878,0
5.828208616780046,0.09077527,4540.985650079806,1670.2749585735066,5534.033203125,24.223697662353516,4351.062496454931,0.5485250542599847,-422.38358,8.299024,6.298659,-65.61014,7.2627864,0.33057016,-55.248177,1.8951,-0.08508807,9.570223,-1.6139588,-2.1219528,-56.865017,1.9088018,3.1421628,13.571995,-6.154605,1.2742907,35.82993,-7.6116557,-4.3450346,1.3092842,-4.361978,-3.2949092,23.165487,-1.760349,-2.512561,-3.805191,1.8591379,-0.47902572,-23.30328,-0.69819313,1.802688,15.782433,2.3410728,1.6603718,-8.210302,4.2189617,0.9491688,0.72335774,1.0,0.44351083,0.21462706,0.17381845,0.14560334,0.12558568,0.10371008,0.09374473,0.13892877,0.21702982,0.3446824,1.0692934,-12.483814,-13.398496,0
5.839818594104308,0.083425835,4545.7907324781945,1775.413153177688,5630.9326171875,9.799196243286133,4376.26794507944,0.06608151270920701,-417.23804,12.943992,5.6903415,-49.73909,5.8973174,-1.062346,-44.76731,1.2504792,-1.5429412,8.996565,-2.9484723,-1.9976732,-62.59664,5.178652,4.1068234,-0.16665706,-3.9340532,2.7849803,27.18458,-11.320845,-4.622685,-8.807868,-6.313527,-2.267929,17.92589,-4.1925716,-2.7092185,-1.214643,0.8065253,-1.5855994,-20.810959,1.0789053,2.1347475,18.354782,2.9778483,0.86626685,-2.9625688,4.3843966,0.3285753,0.7372494,1.0,0.42710066,0.21714698,0.17780358,0.1412866,0.11878199,0.1065932,0.106183015,0.15455712,0.22498216,0.35449722,0.94485265,-12.306886,-13.391611,0
5.851428571428571,0.07111166,4416.469725421495,2036.789818999513,6104.6630859375,14.546698570251465,0.0,0.010467533617069905,-396.30875,15.769536,3.2648125,-29.024605,4.2252707,-2.602442,-41.884926,-0.0062095644,-2.4614837,1.4086514,-3.956248,-1.0914812,-57.1389,8.362231,4.1729445,-13.524671,-1.2301164,3.7392051,12.6076765,-14.164522,-3.3450737,-24.154585,-7.0543065,-0.24607225,7.567305,-6.4792075,-2.263685,0.23299608,-0.9863019,-2.2755272,-13.53412,2.9877255,1.8865485,28.737724,2.8580518,-0.53238446,9.099922,4.171939,-0.22556564,0.776352,1.0,0.45177478,0.25409356,0.18394639,0.1499688,0.14829378,0.24818178,0.26639923,0.21051233,0.24164087,0.3828427,0.6882387,-12.233698,-13.224605,0
5.863038548752835,0.06383689,4310.364487630819,2315.7945128165334,7041.357421875,31.821462631225586,0.0,0.010467533617069905,-364.97903,16.091291,-0.7617223,-25.986069,2.472271,-3.7126343,-45.62681,-1.6833805,-2.3859885,-8.710997,-4.3907986,0.23643215,-39.481335,11.026386,3.0884564,-11.081411,1.6049758,4.07551,-9.0478735,-15.496162,-0.69252306,-34.213467,-6.270343,2.2634006,2.0972378,-7.614974,-0.7763983,1.7339658,-3.021496,-2.4439678,-13.679396,4.3129735,1.0098118,36.03292,1.7786099,-1.9338388,17.476002,3.6298501,-1.2289867,0.7465646,1.0,0.59798676,0.35314757,0.22015922,0.18298213,0.22940637,0.5453123,0.5382951,0.29471493,0.24725631,0.38404056,0.5265395,-12.512655,-12.996089,0
5.874648526077097,0.069886684,4255.693514241089,2478.2466388507005,7493.5546875,42.926918029785156,0.0,0.010001873046012551,-335.68243,13.01168,-5.9271536,-31.276936,0.10190716,-3.6626217,-51.705143,-3.302954,-1.5324926,-15.425127,-3.9364216,1.4491178,-22.279243,12.969372,1.1827013,0.612124,4.595733,3.529559,-34.071793,-14.822169,2.3471615,-44.36994,-3.8086803,4.149429,-6.1406584,-7.0949636,1.2470784,-3.4936094,-4.8383403,-2.103168,-8.846711,4.7294493,-0.050450563,37.85644,-0.06724917,-3.0309372,17.465757,2.1882381,-2.5094721,0.82618517,1.0,0.76732606,0.5634052,0.34932628,0.3079054,0.4175593,0.8711448,0.75899017,0.37486517,0.2803299,0.45609307,5.4835763,-4.384942,-5.9605985,6
5.88625850340136,0.08845618,4220.336189587049,2525.6371450684665,7504.3212890625,49.60803985595703,0.0,0.010009025493342986,-320.1258,5.9522533,-10.433616,-39.443817,-2.8368597,-2.0383742,-58.71598,-4.589792,-0.2611337,-18.526533,-2.4081526,2.3838694,-3.5389805,13.373948,-1.326244,10.36462,7.3258376,1.6653094,-54.686203,-11.790735,4.908827,-47.81886,-0.26934764,4.4538755,-21.107773,-4.804054,3.0523326,-13.159383,-5.6269517,-0.7400059,1.2790109,4.0880637,-0.8767018,35.941383,-2.3438005,-3.0137973,17.78692,-0.30000722,-2.907946,0.9746748,0.8990932,0.8063959,0.75123954,0.5155519,0.48554832,0.59513205,1.0,0.81912476,0.4480623,0.3396794,0.6657341,5.2148967,-4.1524773,-5.7280498,6
5.897868480725624,0.10674603,4210.572034883533,2469.401954341198,7310.5224609375,44.22850799560547,0.0,0.010009025493342986,-315.39862,-4.7286606,-13.013345,-45.233383,-4.446305,0.13220374,-64.38725,-4.3872395,0.8742863,-19.308456,0.06417443,2.7134578,11.03554,11.304346,-3.3444748,19.222149,8.013368,-0.8116897,-65.141266,-6.9572573,6.478966,-44.113884,2.965866,3.373704,-31.042454,-1.6552091,4.165422,-22.62154,-4.917938,1.4159281,8.265125,3.0042994,-1.438565,29.951206,-4.155602,-1.5318859,19.081732,-2.326454,-1.8856963,1.0,0.7389051,0.72874457,0.8488286,0.6156059,0.6066432,0.6289736,0.83042705,0.71606493,0.4626063,0.3503626,0.7630882,5.0340285,-4.203103,-5.5023613,6
5.909478458049887,0.112048216,4203.256381484363,2379.118841392976,6804.4921875,29.936887741088867,0.0,0.01000419105279527,-323.2514,-16.261189,-12.647364,-48.4923,-2.9294736,2.1969206,-68.70337,-1.75802,2.905899,-18.67614,2.873499,2.7551718,21.664265,7.1258144,-4.831261,28.621605,4.8096995,-3.8848403,-67.77987,-0.99269557,6.7171054,-34.801304,4.736448,1.423328,-30.005533,1.0435563,4.082733,-31.436459,-2.837214,3.4962695,10.141489,2.0023525,-1.9487749,21.6605,-4.37814,0.5213717,15.681967,-2.0701146,0.44076547,0.95056677,0.6335421,0.83174336,1.0,0.69843936,0.7068036,0.615855,0.6440698,0.6443093,0.4699195,0.34190184,0.7892365,4.6555667,-4.478987,-5.3012376,6
5.921088435374149,0.09931496,4199.744635725486,2286.547739262234,6567.626953125,17.26300048828125,0.0,0.01000419105279527,-349.36673,-21.300533,-5.4482665,-53.5478,0.2833782,3.8273642,-72.316986,1.1896529,3.8165498,-15.909136,4.6498847,1.9366921,31.407072,2.3227105,-5.646179,39.181877,-0.5420655,-6.409689,-64.995224,3.9601834,4.891625,-22.944845,5.325226,-0.7589353,-22.204264,2.0153718,1.3125049,-38.563328,-0.2820767,3.8588686,9.784902,1.8772432,-0.49271277,11.71055,-3.2489605,2.237833,5.5612345,-0.5864288,2.2049263,0.71982026,0.519547,0.95383894,1.0,0.6683621,0.6743365,0.50015986,0.42784214,0.524568,0.4244596,0.2928089,0.66592824,4.4734898,-4.8905454,-5.1529016,6
5.932698412698413,0.071375936,4181.930536903457,2214.8456157769606,6492.2607421875,6.072624206542969,0.0,0.010037765502929688,-389.09552,-19.470661,4.356372,-59.157364,3.489463,4.1286974,-76.08134,2.972008,2.727326,-8.183978,5.125629,0.38773838,32.701603,-1.9897985,-4.906898,45.68698,-5.3223453,-6.7382936,-54.340904,6.87552,2.061908,-13.525483,4.8899612,-1.917933,-9.529404,2.259498,-1.666343,-35.154484,1.7790745,2.5865552,6.832327,1.753533,0.86257535,5.1306734,-1.5043956,2.9648404,-4.3156376,1.0135761,3.1029944,0.4461998,0.4281895,1.0,0.8896573,0.56660694,0.55399257,0.37692717,0.32037306,0.41506726,0.36910927,0.24728216,0.480015,4.3739986,-5.4294176,-5.229266,4
5.944308390022676,0.038970426,4204.264268294626,2201.7218430349067,6492.2607421875,1.499413251876831,0.0,0.010191075496968311,-441.52774,-13.481352,11.965868,-57.443157,5.768912,3.1231558,-72.04985,3.5562954,0.6589001,2.25541,4.6980305,-1.1840531,25.145115,-5.011223,-3.0669615,40.250427,-9.021401,-4.9122715,-39.04628,7.608472,-0.6596964,-9.149519,3.6709855,-2.073125,1.7153931,1.4629476,-3.1941454,-23.76561,2.9993424,0.65438646,4.615155,1.8006717,1.189504,6.223549,0.4213309,2.588965,-2.974657,2.5556993,2.905244,0.24320973,0.37142318,1.0,0.74029875,0.43461418,0.4034921,0.2782117,0.24382694,0.2943717,0.31222752,0.22304131,0.28685686,4.45404,-5.829399,-5.3806314,4
5.955918367346939,0.015436942,4491.0490725951695,2468.929701564829,7482.7880859375,2.72287654876709,0.0,0.01000032860450166,-486.53598,-5.385728,14.595086,-38.36813,6.8522453,1.0322844,-46.073467,3.189796,-1.5056058,15.109976,3.5494277,-2.3618848,8.624441,-6.508277,-0.5480025,8.684242,-11.330084,-1.6059976,-20.416601,6.584505,-2.7825525,-12.021012,2.0780096,-1.5451533,3.8598118,-0.08069769,-2.8644836,-10.637247,3.1437294,-1.3810486,3.1028898,1.8890066,0.5841417,14.051012,1.9931878,1.3582792,16.185997,4.0437975,1.5027087,0.2593755,0.42720076,1.0,0.6316295,0.3654913,0.28663743,0.25968105,0.28806746,0.30917597,0.3394444,0.26468438,0.22527638,4.738281,-6.1578193,-5.6539745,4
5.9675283446712015,0.017455347,4335.441164106087,2614.605104495832,7676.5869140625,17.233049392700195,0.0,0.026168028608935752,-450.8572,3.4054239,11.897688,-19.061874,6.9031153,-1.499877,-37.666443,2.0748951,-3.108131,15.690791,1.5765302,-3.0083728,-6.3752737,-6.468599,1.971701,-21.039059,-11.543611,2.417156,-16.778479,4.135824,-4.036975,-14.141076,0.3544291,-1.0168126,-16.133724,-1.8984001,-1.5660716,-8.1148205,1.8844558,-2.9983637,20.596302,1.6455148,-0.54919535,21.536098,2.7846203,-0.26412538,25.897614,5.2501574,-0.36104345,0.2815619,0.3334965,0.37182945,0.5154258,0.5224041,0.38372764,0.3519483,0.711857,1.0,0.6263994,0.29916197,0.25006208,5.6585903,-5.7710223,-6.0517225,4
5.979138321995465,0.037124388,3934.8093928535745,2550.9261825582753,6944.4580078125,30.6971492767334,0.0,0.09203757081218113,-405.90924,11.628038,6.0533547,-10.818748,5.622984,-3.5900738,-45.558205,0.1497701,-3.7623544,10.674268,-0.79021704,-2.6769507,-12.242447,-4.8166823,3.3941529,-29.573107,-8.901996,5.922912,-17.994358,0.8426519,-3.962934,-11.788024,-1.4581337,-1.1670038,-21.309437,-3.4245386,0.02589582,-11.452339,-0.40715185,-3.0991313,23.145359,0.82808065,-1.8841618,24.863274,2.3572714,-1.6131418,29.760609,5.316652,-1.790169,0.17672668,0.21161354,0.22093987,0.4159359,0.3988387,0.29896423,0.25351176,0.6083068,1.0,0.52971834,0.19072144,0.14898694,5.950379,-5.274454,-6.0632367,6
5.990748299319728,0.057710648,3792.717571355617,2547.382008533162,6675.29296875,32.82333755493164,0.0,0.04069733156888105,-380.52017,17.716166,-0.396064,-9.39514,2.8073559,-4.288373,-53.228935,-2.358261,-2.6599479,7.5257416,-2.4462163,-1.2006317,-13.792308,-2.474342,3.1612709,-33.091682,-4.023988,7.0211067,-20.942768,-2.0214121,-2.5047772,-11.087065,-2.897976,-1.5459636,-22.002886,-3.769667,1.2911031,-13.973056,-2.5868664,-1.8578689,21.048958,-0.617726,-2.6710446,26.72623,1.030766,-2.0012007,31.564642,3.8132117,-2.1023023,0.15053721,0.1827459,0.2107407,0.40940398,0.34266725,0.25801557,0.21324068,0.5370212,1.0,0.4704205,0.1469994,0.118299276,5.9520106,-5.091938,-6.0806546,6
6.002358276643991,0.071018524,3792.24562989082,2612.070076987181,6761.42578125,26.48843765258789,0.0,0.011422334250709074,-369.933,18.801899,-4.6771936,-12.58774,-0.77495605,-3.1770365,-59.029884,-4.5922947,-0.07900839,4.2011495,-3.0126972,0.5767433,-11.708234,-0.15190977,1.7887485,-34.172073,1.7779473,5.2327833,-25.791855,-3.5577636,-0.33761767,-12.145334,-3.704551,-1.5987679,-21.014736,-2.7334442,1.5060377,-18.486992,-3.7441134,-0.18853337,17.876743,-2.4058568,-2.3868434,26.60212,-0.5987546,-1.6109962,32.580185,1.4778842,-1.4491761,0.14984567,0.18890087,0.2799988,0.47436038,0.32191572,0.24334425,0.20648846,0.50525355,1.0,0.42205092,0.12216518,0.110616505,5.887427,-4.9862137,-6.1114187,6
6.013968253968254,0.07433565,3794.659344716699,2683.2431750981295,6858.3251953125,22.784658432006836,0.0,0.01000419105279527,-363.31772,13.289715,-4.5479445,-15.839638,-3.540191,-1.7716097,-63.521423,-4.6810055,1.1009284,-3.0762668,-2.2046716,1.4535786,-7.629101,1.4206117,0.54418015,-27.842598,5.984771,2.9567766,-34.026966,-3.1529398,1.160609,-17.752995,-4.039313,-0.69107354,-23.914814,-0.79838216,0.7332229,-27.489614,-3.5319624,0.87066764,12.956793,-4.341123,-0.77191067,24.421864,-1.8637536,-1.0048524,35.978428,-0.19503784,-1.4280741,0.18976004,0.28159735,0.43190765,0.5804349,0.34072804,0.28310636,0.30959782,0.5885355,1.0,0.3682916,0.11167116,0.13078395,5.6972594,-4.6070943,-5.9764757,6
6.025578231292517,0.07257698,3797.21023739817,2665.3865784414047,6718.359375,29.147846221923828,0.0,0.010006178555334078,-349.2182,5.9437213,-5.582878,-21.322124,-4.9296246,-0.790635,-69.862274,-3.550311,1.2125496,-8.542801,-0.81067824,1.831359,-2.9473758,2.2262404,0.1115501,-12.331866,8.023373,1.4089749,-41.73691,-1.7509662,2.26208,-29.646223,-3.6982856,0.9774783,-27.770264,0.3040506,1.0532635,-33.079327,-2.5430193,1.5354403,5.4972177,-4.576102,0.23549041,19.267923,-2.4370036,-0.3305848,36.605476,-1.5920637,-1.6142269,0.34375054,0.53416497,0.6968921,0.75402755,0.45603776,0.52393186,0.63249487,0.80779076,1.0,0.36928716,0.2198748,0.26564533,5.346542,-4.3309016,-5.7437286,6
6.03718820861678,0.07359322,3877.0174374354165,2537.9063765061583,6546.09375,32.239295959472656,0.0,0.010006178555334078,-331.53738,-2.781373,-9.288833,-29.286194,-5.052458,0.23892835,-73.28675,-2.0743103,1.5205344,-5.696444,0.7768237,2.076815,-2.7977939,2.9509478,0.3676038,0.20420416,8.626088,-0.39274147,-42.80361,0.04892184,2.6674185,-37.504963,-2.2231903,2.6163547,-27.290184,1.7125813,1.832653,-34.290985,-1.2131709,1.9641619,-1.3095725,-3.8862188,1.1534945,15.894761,-2.2675762,0.56704336,33.16361,-2.9629896,-1.6611993,0.571477,0.8236439,0.9761278,0.8705073,0.6402827,0.8812624,1.0,0.9052575,0.84160423,0.4805443,0.48030367,0.5196254,5.005309,-4.2779107,-5.484738,6
6.048798185941043,0.07467033,3996.2539641363187,2423.8494073989154,6459.9609375,23.425033569335938,0.0,0.010001873046012551,-326.6435,-13.366146,-13.451019,-35.46142,-3.7087762,1.7051852,-73.5175,0.3771169,2.5885818,-1.7810194,2.6343539,2.0021522,-2.5256526,4.0615845,1.2800018,9.488113,6.523006,-3.2672155,-39.12188,1.2379324,1.6248202,-39.47078,0.313466,3.7672632,-25.066113,3.845615,2.6994853,-32.974194,0.2792552,1.7368025,-5.7084446,-2.8886933,1.6272415,12.674463,-1.258949,1.498814,28.378883,-4.227362,-1.3499032,0.63136643,0.8128771,0.9853522,0.7907167,0.6714358,0.97053957,1.0,0.6717672,0.55942035,0.5386371,0.6153635,0.6295479,4.7282887,-4.3761387,-5.255827,6
6.060408163265306,0.06703149,4090.544540100464,2336.174911389954,6416.89453125,10.440811157226562,0.0,0.01000020633903134,-340.6309,-20.739683,-11.121818,-41.55361,-0.8368421,3.6488698,-74.17505,3.134211,3.256061,1.7592642,3.998916,0.99315006,-0.041164324,4.2981896,1.0375437,17.328594,1.6554334,-6.0486884,-33.31025,1.370176,-0.4956563,-36.38453,2.0366817,2.5099363,-20.95942,4.2581396,0.9057089,-31.145817,1.9547565,1.2444781,-8.606047,-1.0924864,2.1262767,9.970686,0.55846286,2.2935278,22.202534,-3.9154983,0.55919296,0.58943576,0.69829607,1.0,0.78473186,0.65095294,0.92476016,0.8535475,0.45372444,0.4224503,0.55244654,0.6444906,0.63161063,4.4811726,-4.7289877,-5.103509,6
6.072018140589569,0.048623234,4166.608198434002,2273.7187565868435,6406.1279296875,3.6812286376953125,0.0,0.010000009287486632,-376.26022,-23.39947,-2.7901616,-45.845787,1.849248,3.8623874,-73.418144,5.1406245,2.4765759,6.485081,4.3362074,-0.20150371,5.038684,3.1653905,-0.6751823,24.120476,-3.166076,-6.1271534,-26.124065,1.209817,-1.6570221,-29.688494,2.4116976,-0.30881196,-14.661747,3.2727041,-1.574556,-27.774113,3.1885598,0.89329976,-7.8957276,1.2505236,2.418177,9.970482,2.5909607,2.4227836,15.705591,-2.8085325,1.9702407,0.48096883,0.56559175,1.0,0.7381922,0.59418803,0.7949832,0.6494622,0.3180872,0.35906142,0.52057993,0.59093034,0.5550498,4.3771973,-5.4003115,-5.2014456,6
6.0836281179138325,0.026907792,4242.73991700251,2277.041642154741,6546.09375,2.4351212978363037,0.0,0.01000000928748663,-434.48245,-21.850784,6.4769235,-43.846664,3.716568,2.4585185,-67.311775,6.201124,1.1200798,13.356937,3.6560783,-1.005801,14.01232,1.326772,-2.760095,24.539642,-6.562908,-4.341765,-20.971899,0.6215957,-1.6195048,-19.505642,1.5058346,-2.5387566,-3.232644,1.5257685,-3.1147025,-23.403461,3.8853264,0.5945838,-4.332137,3.332271,2.1883762,14.06027,4.185639,1.9133472,8.720339,-1.0952626,2.645575,0.35841003,0.52223986,1.0,0.7209157,0.55586326,0.64000964,0.46359083,0.2522065,0.30654946,0.4500953,0.47051212,0.41779077,4.3724036,-5.7905397,-5.45625,4
6.095238095238095,0.01402566,4304.7837922351855,2510.153932302012,7590.4541015625,3.5477304458618164,0.0,0.01000000020889274,-501.25726,-16.599901,12.367839,-31.885427,4.38527,0.25254235,-48.530357,6.382789,-0.42902288,22.013687,2.8526578,-1.369301,28.302284,-0.81399816,-3.7998202,1.8790665,-8.679988,-1.6894562,-27.193932,0.101895876,-0.6657784,-6.3878317,-0.05016667,-3.2988536,13.02091,-0.31618077,-3.3911514,-20.801678,4.0325136,0.10368859,-3.966369,4.925965,1.6076733,21.618818,5.0500484,0.68723285,2.8035278,0.86192805,2.6667275,0.4087536,0.68076867,1.0,0.87529355,0.66588694,0.5879964,0.36573935,0.23546408,0.2663842,0.31306988,0.2591752,0.26795053,4.46627,-6.0731583,-5.6042743,4
6.106848072562358,0.013406296,4053.922639227215,2722.515381945162,7805.7861328125,9.600943565368652,796.2910454031409,0.07797523762294829,-496.50696,-8.970046,13.104037,-10.593465,3.7157428,-2.250461,-35.519524,5.8723226,-1.8655113,22.396889,2.0621977,-1.3146292,23.11036,-2.9750173,-3.4528215,-29.495106,-9.570064,1.0978096,-38.54687,-0.13010629,0.54613316,-16.091795,-1.3289218,-2.2597275,-5.265959,-1.8425009,-2.3299353,-14.120286,3.650888,-0.5906606,5.7252903,5.897051,0.7352451,32.628876,4.7057643,-1.0908775,17.987373,2.7911205,2.0519934,0.5557445,0.73901117,0.91859907,1.0,0.7636054,0.6588395,0.54313713,0.92305523,0.95112556,0.43538415,0.29935917,0.37809846,4.8495345,-6.2022963,-6.03687,4
6.1184580498866215,0.027746664,3722.808406873517,2613.6520947495487,7181.3232421875,26.91019630432129,805.5435016681581,0.5485250542599845,-465.7133,-0.055415854,9.481158,-8.817682,1.3860188,-4.390925,-35.28772,4.846279,-2.4102886,20.633535,0.7852161,-1.2835847,6.175026,-4.7560806,-1.8427993,-35.54676,-8.769625,3.50732,-35.830772,-0.6263568,0.86669433,-30.29183,-1.7142067,0.11231422,-18.673077,-2.5777805,-0.10521391,-8.400801,3.0648355,-0.95486295,17.03941,5.799814,-0.46452484,40.087173,2.9139512,-2.8842266,22.01789,4.271864,0.93162954,0.27036422,0.22525615,0.31018093,0.34429863,0.20367123,0.1851517,0.24611583,0.73999494,1.0,0.2631723,0.12306769,0.18993846,5.9836636,-5.2931976,-6.0139074,6
6.130068027210885,0.05195656,3524.7418628392206,2461.022438010066,6212.3291015625,38.043357849121094,810.209967700914,0.6159498854580681,-445.8095,9.000886,4.1965623,-12.490639,-1.4786124,-4.404351,-34.491936,3.2308705,-1.930962,18.13285,-1.1379766,-1.4804614,-6.813385,-5.7609973,0.52054834,-35.49106,-5.9579163,4.614488,-33.06223,-1.3238479,-0.0024489695,-37.77319,-1.7496098,2.0948315,-23.965828,-3.0310683,1.8476233,-4.697008,1.8007313,-1.5725588,23.465595,4.672144,-1.8242953,43.87863,0.6742044,-3.3946877,26.838509,5.1874924,-0.18280143,0.21692514,0.122732826,0.19600323,0.27584288,0.09958675,0.086789444,0.16479293,0.5979662,1.0,0.21788122,0.07525094,0.13488877,6.049586,-5.08884,-6.040641,6
6.141678004535147,0.07313977,3513.767215781223,2440.6398895739767,5717.0654296875,35.2296142578125,805.5435016681581,0.4849868077159113,-436.5254,15.866459,0.7556929,-18.306946,-3.7489579,-2.0471528,-34.551277,0.898733,-1.1274322,19.394444,-3.0344927,-1.5767471,-12.499141,-5.377188,2.7477612,-37.75466,-1.1606396,4.096413,-28.53236,-1.8136697,-1.5502121,-39.733578,-1.221524,2.7917705,-25.040024,-2.41325,2.842849,-4.3305445,-0.27274626,-2.472963,29.14537,2.6413608,-3.1405263,43.29373,-1.6135851,-2.778398,32.357914,4.9283094,-1.0751971,0.19757743,0.09128646,0.15488657,0.2655603,0.0812199,0.07294865,0.1366006,0.49761254,1.0,0.20603332,0.06005013,0.11157451,6.053635,-4.9099054,-6.007368,6
6.15328798185941,0.08320287,3778.6255892475792,2610.5302124377163,6459.9609375,22.980924606323242,800.9039125020206,0.24075439447557417,-433.20517,17.555243,1.8288591,-27.91655,-4.832441,0.90812176,-34.96094,-0.81660116,-1.0015237,20.967289,-4.0227656,-1.486413,-15.568387,-3.2256436,2.97109,-40.4442,3.433248,3.2468147,-25.251247,-2.4374933,-2.3185747,-33.67477,0.5391098,1.5271331,-22.523136,0.15899847,1.6856511,-6.418619,-2.9323628,-2.8736365,32.91858,-0.09782125,-3.2062845,36.038445,-3.4853873,-1.4111154,37.717422,3.0477443,-1.3247848,0.18811145,0.08289583,0.13540114,0.27690932,0.09202557,0.09756491,0.13835411,0.41384026,1.0,0.21100657,0.06012004,0.10196593,6.0373445,-4.8820715,-6.0027657,6
6.164897959183674,0.082346074,4296.771158926393,2849.1779301328133,8182.6171875,15.96961784362793,800.9039125020206,0.12793708630129036,-423.08972,17.390291,2.4991457,-43.31804,-4.1544623,2.0641804,-32.23352,-1.8443794,-1.4090412,14.9311905,-4.3224673,-0.7394836,-16.235348,-0.8618079,1.9401907,-37.370155,6.080917,3.1690834,-33.011852,-3.4603903,-1.358188,-22.681526,1.873238,0.010595169,-15.155152,2.038387,0.9477387,-5.131598,-5.278523,-2.630845,30.172503,-2.5582578,-2.540888,23.546225,-4.6616025,-0.2525822,41.04576,1.4418011,-2.102741,0.18197803,0.10485506,0.18799475,0.34607074,0.1296687,0.15894493,0.16559646,0.40105447,1.0,0.22411208,0.074331045,0.10240407,5.88272,-4.7718763,-6.04142,6
6.176507936507937,0.07698284,4571.449801802893,2929.210437783499,8602.5146484375,28.857921600341797,805.5435016681581,0.013100262550513395,-397.0427,16.331793,0.058242403,-46.417534,-3.1824954,2.0269415,-31.534748,-2.8956861,-1.4433045,2.6237335,-4.0664454,0.46357822,-14.991502,0.7370521,1.0151464,-29.365665,7.8934617,2.3551955,-44.93859,-3.7989872,0.15786944,-22.377594,2.370283,-0.6844329,-17.346296,3.3310525,0.8533126,-13.013449,-6.909549,-1.7630048,23.522736,-4.3728724,-1.6675664,20.221357,-5.2254257,0.42238218,45.401016,-0.45131314,-2.4327388,0.19376487,0.18838432,0.3353092,0.42684606,0.1905177,0.2462503,0.2847368,0.60898453,1.0,0.22981301,0.095874496,0.124989055,5.7035947,-4.5564404,-5.937153,6
6.188117913832199,0.07280587,4546.68512753635,2860.803485070033,8225.68359375,29.60997772216797,805.5435016681581,0.010467533617069905,-362.32144,12.84372,-4.9695315,-40.14509,-2.243923,1.1935295,-39.447792,-3.7570887,-1.1110109,-6.5312743,-3.3677752,1.8403593,-10.385208,1.7715865,0.61801136,-13.477627,9.110522,0.73440313,-52.967392,-3.3651516,1.7725853,-24.8261,2.4995973,-0.40408856,-16.23722,4.4272594,1.1034619,-26.927198,-7.5772014,-0.44014737,13.376166,-5.5530367,-0.5121207,16.951202,-5.127213,0.605663,43.934277,-2.5196757,-2.372004,0.3053615,0.40071186,0.56747943,0.5866805,0.36304045,0.45303363,0.5747605,0.96239316,1.0,0.24859574,0.15676638,0.23106703,5.5111833,-4.3672733,-5.852645,6
6.199727891156463,0.07383614,4463.63511621267,2666.1270417108403,7213.623046875,33.32939910888672,0.0,0.010013068846238973,-338.46454,5.3646436,-11.131277,-36.3683,-1.1350048,0.17976902,-46.70652,-4.0442424,-0.13881446,-8.700617,-1.7523392,2.8804643,-7.83101,2.8228807,0.68266046,2.2929423,9.389603,-0.99546105,-55.198753,-1.9991946,2.720062,-24.065256,2.7771893,0.83660793,-10.488857,5.4346952,1.4461993,-39.852448,-7.161336,1.236252,6.720051,-5.6677127,0.7471619,14.465557,-4.189857,0.62666035,35.813034,-4.621644,-2.0795162,0.4150152,0.5872524,0.6892695,0.70467734,0.56826746,0.65821594,0.83326644,1.0,0.68578464,0.24588434,0.22802281,0.32912248,5.0660195,-4.2010446,-5.499709,6
6.211337868480726,0.0782989,4457.964218197586,2468.924227493154,6610.693359375,29.661279678344727,0.0,0.010000516719604523,-331.51025,-6.949576,-16.274446,-37.682053,0.48941892,0.0600021,-52.200764,-3.350741,1.5116268,-6.529625,1.1766185,3.310814,-7.1900616,4.0487604,1.148414,12.420838,7.5022273,-3.0188658,-53.99488,0.06517378,2.3132663,-22.752243,3.772997,2.157782,-3.9006116,6.186287,1.3272974,-48.26503,-5.3849473,3.2157357,1.4582634,-4.235446,1.9889638,9.34848,-2.0221102,1.5468975,29.204933,-6.4622006,-1.5780046,0.49883127,0.71401,0.7823705,0.8372806,0.74513793,0.86231816,1.0,0.8656597,0.435394,0.26447564,0.2899415,0.39429978,4.7616997,-4.3515077,-5.252543,6
6.222947845804988,0.07660681,4477.318067737357,2338.1176425845533,6212.3291015625,16.307632446289062,0.0,0.010000009287486629,-342.15634,-20.343596,-16.214468,-42.2641,2.0914679,1.5615765,-57.013756,-2.0647247,2.3213313,-3.2212067,4.0661855,2.650423,-5.0706367,5.667695,1.9319408,17.937538,3.3582828,-5.082398,-50.987507,2.1299882,1.5200057,-19.22356,5.2722173,1.9874077,4.3987803,6.5454917,-0.067108564,-53.22357,-1.555996,4.699098,-4.0638103,-2.9070435,1.9010987,3.3913865,-0.20371796,2.518933,22.663612,-7.2893605,-0.32361883,0.5134158,0.79705054,0.9412802,0.9518725,0.8578584,0.97480303,1.0,0.6605677,0.2923693,0.2759877,0.32305637,0.4066759,4.513896,-4.6425443,-5.115532,6
6.2345578231292516,0.06312907,4468.994016114205,2247.7432482114764,6072.36328125,9.084193229675293,0.0,0.01000000928748663,-372.59048,-29.984669,-10.023348,-46.53543,3.3200772,2.7058866,-60.59143,-0.29341862,2.108939,0.58068085,5.5457067,1.1996831,-0.111420974,6.844574,1.9520729,22.306715,-0.7187324,-4.873395,-46.650887,3.0057735,0.37575343,-12.62075,6.0668335,0.7874866,13.835799,5.807067,-1.4209068,-54.608383,2.3783758,4.524899,-7.8555965,-1.6264158,1.3124291,-0.59134895,0.91509074,2.1119635,14.170545,-6.678568,1.0082692,0.40459645,0.77851814,1.0,0.86854297,0.8295481,0.87616396,0.766805,0.42059997,0.1961445,0.2449895,0.28396147,0.3220604,4.4152417,-4.9758096,-5.077022,6
6.246167800453515,0.042202756,4369.753772829828,2163.623265995004,6007.763671875,3.552489757537842,0.0,0.01000000287110037,-425.75592,-33.07688,-0.4843958,-45.221054,5.480293,3.331025,-58.4284,1.3911084,1.6961327,8.36714,5.8654933,-0.101253375,8.922659,7.0998435,0.5437606,25.515966,-4.3743076,-3.8900928,-41.72856,2.2698488,-1.1378944,-1.6579928,4.8709297,-1.5597247,23.29739,3.4104111,-3.058123,-51.29155,5.054136,2.8877866,-6.8032866,-0.1564993,1.2858149,1.6094354,2.563256,1.9190187,3.6002092,-4.380827,2.6559918,0.26180226,0.7490183,1.0,0.7162608,0.7895706,0.72014886,0.51465905,0.26256981,0.14044262,0.20233345,0.21606584,0.20621455,4.3221474,-5.437906,-5.1986027,4
6.257777777777778,0.024138348,4015.6247415257176,2094.3164995751986,5878.564453125,2.658236026763916,0.0,0.010000078102280324,-499.74097,-29.814695,8.835726,-32.204994,7.4140472,2.34473,-49.17577,2.6113777,0.9664095,23.347082,5.642573,-0.9358981,20.733452,5.7990894,-1.9694561,12.1987095,-6.742046,-2.2099679,-38.652832,1.1849319,-1.8252319,11.060629,2.4526358,-3.75598,28.397968,0.25397596,-4.149833,-40.013855,6.23557,0.6397619,2.6971793,1.8635104,1.7302277,18.713331,4.486963,1.4670615,-6.36742,-1.729722,3.7512844,0.16500138,0.7836564,1.0,0.6456573,0.86137176,0.6832022,0.35942945,0.1816037,0.11711428,0.15859298,0.14067414,0.109608695,4.4381495,-5.8241005,-5.298834,4
6.2693877551020405,0.0147124585,3678.6111371425527,2206.4489553255435,6050.830078125,3.074453115463257,0.0,0.011085791888943373,-545.21625,-22.278011,14.349288,-14.360865,8.370437,0.22839426,-47.25103,3.5499754,0.3074911,30.896294,4.8916793,-1.5874807,36.538437,2.9812646,-4.345029,-12.331657,-7.8144827,-0.14300285,-32.295784,0.26142564,-1.590293,16.054113,-0.43850586,-4.589223,26.032463,-2.7883584,-3.8776865,-19.233006,6.2385817,-1.423699,-2.983542,3.676951,1.7152109,24.75701,5.8616934,0.5875967,-6.3481083,0.87779605,3.7070887,0.26480043,0.711682,0.89369375,0.8494692,1.0,0.83445376,0.35338688,0.2053514,0.1550509,0.16566779,0.16268694,0.17857204,4.5855193,-6.1605554,-5.581312,4
6.280997732426304,0.0119235525,3678.2444114872283,2329.6414605698196,6535.3271484375,2.838411569595337,0.0,0.011853505394683413,-552.01245,-12.724624,14.201817,-8.848798,7.9743547,-1.9617273,-44.599525,4.1531653,-0.014720207,29.121202,3.5819426,-1.9433204,41.546234,-0.7563396,-5.5125957,-15.073706,-7.625881,1.930242,-35.043777,-0.2953121,-0.68855137,14.789045,-3.3244307,-3.8644207,22.603848,-5.2231054,-2.4781206,-11.324738,5.315507,-2.6663043,-3.6769652,4.7596574,1.2344495,18.722036,6.108508,-0.439872,-2.071354,3.1066265,2.4670537,0.3556994,0.5462519,0.8231307,1.0,0.88251346,0.82425267,0.38325465,0.22699685,0.18337536,0.2092374,0.2086962,0.23137179,4.5461936,-6.3537483,-5.7682858,4
6.292607709750567,0.011444047,3518.9387472170592,2369.279291702413,6395.361328125,4.854065418243408,782.6112418593385,0.030106861794195007,-535.9235,-3.458042,8.831928,6.6769238,6.270417,-3.1556005,-39.2761,4.3378954,0.17933527,29.793308,1.9573858,-1.5690199,36.098663,-4.3956375,-4.7196336,-25.039165,-5.9702272,3.353449,-46.709724,-0.3315069,0.49757138,-2.716455,-5.63041,-1.8352038,6.331582,-6.574954,-0.46572292,-12.389547,3.8357859,-2.6111572,5.045655,5.0343256,0.6156575,30.37525,5.054756,-1.1570787,13.198196,4.566762,0.5240323,0.40958405,0.6280307,0.8848625,1.0,0.8712748,0.84477675,0.5043099,0.5448617,0.40869012,0.2760876,0.2391817,0.2710789,4.6384788,-6.446706,-6.0022297,4
6.30421768707483,0.015394712,3319.0429006859913,2337.7133530862066,5630.9326171875,13.411023139953613,778.1037327906058,0.20650679911775216,-513.8292,3.7186341,1.7796096,10.264523,3.2389414,-3.3956215,-37.123634,4.2707844,0.4546936,33.445534,0.5708408,-0.5961795,21.186535,-7.1105857,-2.3139975,-28.325203,-2.8631485,3.212341,-47.59099,-0.053894486,1.2737596,-16.47596,-6.41668,0.8719124,-6.608366,-6.667496,1.2556585,-15.013458,2.1123002,-1.3655748,19.534569,4.9606705,0.06044686,40.971436,2.9926763,-1.4905367,20.966194,4.9576635,-1.2079785,0.23397367,0.3546512,0.5611279,0.4970181,0.4309596,0.4936129,0.43439248,1.0,0.6665508,0.23209378,0.156534,0.21374114,5.9742174,-5.299289,-6.018455,6
6.315827664399093,0.025807522,3245.331960499289,2301.3050764849218,5426.3671875,18.415010452270508,778.1037327906058,0.32333605839064083,-502.2458,7.153321,-1.5917584,8.904446,-0.14448223,-3.2627714,-32.085182,4.5154295,0.17064847,33.348732,-0.30087948,-0.50359654,4.883669,-8.267184,0.8037331,-29.210094,-0.16229534,1.9794363,-44.772728,0.33411857,1.4913305,-23.312614,-5.5756807,2.6967487,-12.162039,-5.628307,2.2248745,-15.964321,0.69079846,0.19131523,26.216896,5.0880723,-1.2705954,45.759613,1.1356331,-2.6622336,24.860806,4.309978,-1.7523117,0.121243484,0.17379737,0.3698277,0.23913594,0.18446477,0.26158094,0.29814175,1.0,0.6198227,0.16062672,0.09571852,0.15611745,6.0460105,-5.0567155,-6.034144,6
6.327437641723356,0.034968816,3251.878940285098,2304.6490254017426,5415.6005859375,14.935441970825195,778.1037327906058,0.3721358982975089,-501.3715,9.8291645,0.7455727,5.9915566,-2.7217624,-2.9021378,-26.071163,3.675085,-0.880544,30.800144,-1.067119,-1.0570445,-8.543871,-7.5795045,2.7020302,-27.598122,0.86371136,1.2951137,-40.72488,0.8882711,0.40089065,-27.785309,-3.8935707,2.9462726,-15.487822,-4.232274,2.2142093,-15.582265,-0.21577471,-0.06197996,28.348133,3.9077013,-2.1371496,45.39003,-0.6140433,-3.3574336,26.27111,3.6002488,-1.0855107,0.08558308,0.11371767,0.32175034,0.17631449,0.11146267,0.18933983,0.23664078,1.0,0.5876169,0.13194834,0.0766762,0.13812412,6.0368376,-4.975856,-6.043429,6
6.339047619047619,0.03739056,3309.4907228664906,2352.092057228973,5426.3671875,7.308434009552002,791.7047464637366,0.5485250542599844,-507.4347,14.100682,6.01085,3.7768054,-5.482094,-1.9624448,-20.140316,1.8577102,-2.1466796,29.830828,-2.1964257,-1.2692951,-14.136606,-5.803729,3.009172,-22.437729,1.992672,0.33630407,-35.771854,0.84817827,-1.2798018,-29.48008,-1.6307926,1.7994348,-16.012276,-2.8623483,0.79679227,-12.790615,-1.2527966,-1.2850713,29.070278,1.5752356,-2.336637,41.359604,-2.6927333,-1.9357041,26.258894,2.5829096,-0.04127702,0.07395457,0.09429773,0.2998414,0.16122241,0.09678343,0.16965984,0.2008123,1.0,0.5718395,0.11683164,0.07073269,0.1308332,6.0371623,-4.9552174,-6.0090933,6
6.350657596371882,0.037383202,3513.7337777704706,2385.4217172725025,5598.6328125,14.697602272033691,791.7047464637366,0.7571601330199091,-506.03754,19.962454,9.906299,-5.2011833,-7.485074,-1.7719876,-16.50895,-0.14082415,-2.9760256,30.980467,-3.2713006,-1.0539534,-15.070253,-3.5424013,2.2084422,-15.864023,2.5284636,-0.061619524,-34.497894,-0.10196508,-1.7350234,-24.602707,-0.2835649,0.64244026,-16.41168,-2.2105694,-0.2164273,-10.138687,-2.3318338,-1.9796739,31.761513,-1.1046516,-2.2494876,33.971443,-3.8034678,-0.25101987,26.455399,1.793604,-0.10828141,0.10175105,0.082560904,0.28112364,0.22267611,0.10054066,0.175544,0.17912969,1.0,0.7767637,0.11399081,0.06239227,0.13679597,6.086252,-4.9416304,-6.006012,6
6.362267573696145,0.04849009,3793.7185491254713,2509.8827148474693,6352.294921875,29.89037322998047,787.1448626624692,0.4260623290432809,-489.75647,25.793493,9.193812,-16.745508,-8.951383,-1.4471879,-12.918528,-2.033463,-2.6112223,25.63124,-3.8146226,-0.7080247,-12.456724,-1.6060977,1.144603,-15.655838,2.7509084,-0.18087748,-34.87888,-1.0665697,-1.3324676,-21.828133,0.3174996,-0.037961397,-15.738703,-1.8898103,-0.2651047,-9.41783,-3.4780312,-1.9061749,32.542984,-3.2536762,-2.3464043,23.757626,-3.9836817,0.8693321,29.04992,0.9389879,-0.72332937,0.1350901,0.065838076,0.22237267,0.27048984,0.08802401,0.17379294,0.1597681,0.83137125,1.0,0.12496021,0.04723075,0.13052616,6.037998,-4.8716626,-6.009881,6
6.373877551020408,0.06590826,3980.545525117406,2571.927042055558,6384.5947265625,30.482324600219727,0.0,0.010191075496968313,-441.7989,29.281763,3.8299792,-23.093647,-9.811958,-0.6839475,-22.534986,-3.372877,-1.3708006,18.347977,-3.8288603,-0.042589966,-12.846332,-0.18779294,0.5094935,-17.079212,2.7838633,0.011059346,-39.38961,-1.731797,-0.46830165,-23.675518,0.7253024,-0.19739668,-18.463335,-1.208829,0.4340777,-20.020958,-4.4411454,-1.1353841,27.488739,-5.0299587,-2.180394,19.074604,-3.5088677,1.3144277,36.949463,-0.070459336,-1.4594893,0.15401809,0.10496814,0.25492576,0.28765792,0.1099581,0.21955328,0.23986502,0.7750632,1.0,0.12808388,0.050465252,0.1434289,5.9344354,-4.734572,-5.944435,6
6.3854875283446715,0.07673675,4173.550964006879,2553.349093389475,6438.427734375,30.840429306030273,0.0,0.01000617855533408,-383.5142,28.334858,-4.4307656,-34.912697,-9.934828,0.35117137,-34.325813,-4.0279403,0.14740865,11.983757,-3.2591417,1.08315,-15.130831,0.82064927,0.67885673,-13.294231,2.8506193,0.48110974,-46.641754,-1.7237903,0.6811857,-23.316566,1.1979882,0.31740108,-25.69312,0.031547293,1.6320262,-32.060013,-4.8395987,0.24613692,18.692173,-6.34127,-1.3880863,20.262516,-2.629492,1.2107989,37.81376,-1.3195022,-2.001059,0.20255534,0.23323351,0.35739595,0.35992265,0.20541734,0.34915805,0.48342556,0.9626229,1.0,0.15308623,0.087758854,0.1861745,5.735569,-4.561924,-5.9178824,6
6.397097505668934,0.08403904,4496.11325277248,2474.9922910345945,6976.7578125,45.13290786743164,0.0,0.010000127845232541,-337.64697,21.07643,-12.963446,-49.47555,-8.950766,1.2551713,-41.12906,-3.9868848,1.312226,7.6757374,-1.9946221,2.1764638,-15.207352,1.6792839,1.1197087,-9.290072,3.049628,0.6804268,-48.609573,-0.87628996,1.5735234,-24.694351,1.8599917,1.2821624,-28.199234,2.0070343,2.8187132,-36.543045,-4.2144904,1.7662344,8.169858,-6.897813,0.061986566,20.600449,-1.4430668,0.86242646,32.118607,-2.977967,-2.2099488,0.26364592,0.4040073,0.47770116,0.47893834,0.33137646,0.45110485,0.7138909,1.0,0.79459196,0.19673045,0.17261821,0.22965367,5.365845,-4.3626037,-5.6601353,6
6.408707482993197,0.094706625,4767.239103409569,2379.0535015433015,7256.689453125,45.30038833618164,0.0,0.0100000470079773,-316.15668,7.0111995,-19.620762,-59.948097,-6.3916907,2.9596512,-42.694447,-3.4701943,1.680578,5.5543556,-0.05820977,2.4328918,-14.269054,2.3151357,1.2245572,-5.9454584,2.9901807,-0.16635127,-48.199875,0.43220767,1.9462156,-24.181892,3.1251924,1.868346,-25.6223,4.6094575,3.6090426,-40.308937,-2.4718099,2.7967331,-1.1972928,-6.223955,1.6130064,18.869328,0.24589606,1.0019006,26.159054,-5.0588794,-2.0196583,0.3514569,0.6106845,0.68503743,0.6907306,0.47576284,0.57171047,0.93224657,1.0,0.6103543,0.26331875,0.28231722,0.28562248,4.903642,-4.2744875,-5.3787813,6
6.42031746031746,0.10110374,4903.592003881165,2285.1638460385784,7299.755859375,30.179222106933594,0.0,0.010000016226422836,-316.3594,-10.588267,-20.63126,-66.715164,-1.7433331,5.750014,-42.08684,-2.807854,0.44503927,6.63883,1.5471195,1.7856554,-10.524353,3.321674,1.0770743,-2.086752,1.5428613,-1.8924656,-47.384262,1.8820525,1.551933,-20.461483,4.497527,1.6576674,-18.03036,6.8405085,2.7448456,-42.697983,-0.087330565,2.5186872,-9.142042,-5.0267787,2.0721118,17.183996,1.6203682,1.4473648,20.266537,-6.477141,-0.84613156,0.39963508,0.79455954,0.9575709,0.8785053,0.5734546,0.66505903,1.0,0.86090004,0.42789668,0.30685368,0.35610992,0.31122306,4.6107936,-4.4282055,-5.133341,6
6.431927437641724,0.09215449,4904.47611037298,2204.518587874105,7256.689453125,16.391374588012695,0.0,0.010000027850262282,-337.5083,-24.926523,-14.906578,-70.91336,2.9337482,6.0862617,-41.839523,-2.0431933,-0.26063722,11.906433,2.0791276,0.3137987,-3.7398725,4.7166533,1.0864706,3.186132,-0.29126114,-2.5551558,-42.998444,2.8768935,0.6198194,-13.1845875,5.5694013,1.1541749,-6.949284,7.94379,0.5469012,-41.389046,2.0420833,1.8974938,-13.671244,-3.2855015,2.0965095,16.570498,1.5349655,0.7000748,13.761154,-6.2104936,0.59514034,0.3228521,0.77576834,1.0,0.7750205,0.5132538,0.58470803,0.7270424,0.5384774,0.25998762,0.2530045,0.3019143,0.24534681,4.368034,-4.938626,-5.00886,6
6.443537414965986,0.06877659,4764.477332667137,2130.1827362640847,7009.0576171875,8.696041107177734,0.0,0.010000027850262288,-383.63635,-33.255116,-5.92812,-70.767166,6.3909535,4.1714754,-42.753387,-1.4923685,-0.108558476,18.816664,2.1475253,-0.76904887,2.2049332,5.770152,0.9287686,6.415496,-1.7221761,-2.2032044,-37.165714,3.0947533,-0.15058124,-4.576176,6.358292,0.34294412,6.867576,7.9533253,-1.2061146,-35.97689,3.3483913,1.2491088,-13.757252,-1.7815566,1.4583889,19.009388,1.0370511,-0.46657467,4.5076046,-4.9210997,1.7145451,0.24227633,0.7698877,1.0,0.62264395,0.46893224,0.5150599,0.46607307,0.31668606,0.16741374,0.18946125,0.22715338,0.17960554,4.3375087,-5.4205904,-5.187401,4
6.455147392290249,0.042273134,4350.583317938442,2022.3286848768473,6201.5625,2.8455989360809326,0.0,0.010000516719604526,-456.53522,-34.699116,3.4412646,-54.555492,9.241016,2.2772892,-45.81134,-0.5660027,0.9746611,24.704468,2.068669,-1.0588608,4.1156344,5.8401494,0.052989718,1.5348289,-3.197822,-1.6650763,-32.19167,2.159879,-1.3662874,4.6010413,5.4757395,-1.3751208,22.490837,6.196149,-2.974292,-28.32478,3.5642605,-0.17221875,-9.372164,-0.6777635,0.6813161,30.1951,0.9531591,-0.975827,-7.5125556,-2.7079444,2.9740613,0.17893401,0.8277639,1.0,0.48218963,0.5009666,0.51307213,0.28456056,0.16472025,0.10667489,0.12601584,0.14729267,0.12153009,4.4207807,-5.7829633,-5.232836,4
6.466757369614513,0.022610165,3786.121639530577,1994.7821161029062,5329.4677734375,4.432124137878418,0.0,0.010349055133375844,-517.52454,-29.025335,11.943563,-21.124424,10.535451,-0.16277967,-55.440216,0.52898735,1.8645921,24.855753,2.288726,-0.2640158,11.205493,3.8379757,-2.0319805,-15.1937685,-4.362868,-0.69096714,-29.018673,1.2096546,-1.7393976,10.040767,2.60039,-3.5937958,25.804668,2.9225516,-4.3176546,-24.145391,2.6987789,-1.6932082,-12.782648,0.53156805,0.5310459,37.300926,1.434983,-0.5016519,-9.307936,0.08649338,3.770221,0.22744425,0.9504392,1.0,0.6407833,0.8356187,0.7733885,0.30368695,0.1624224,0.12693845,0.112899296,0.14150621,0.15959659,4.5398426,-6.0490823,-5.419867,4
6.478367346938776,0.014156115,3783.045536941222,2370.6233924938474,6707.5927734375,4.353273868560791,0.0,0.1504646013433388,-535.49536,-16.848671,17.894587,-13.853121,9.33441,-3.24559,-52.515263,1.5171454,1.9046766,17.666143,2.1600785,0.45422363,23.43467,-0.13155343,-4.653376,-19.101082,-4.6216145,0.7702788,-28.740265,0.8216085,-0.78496414,15.810322,-0.9447749,-4.67365,22.679749,-0.5669887,-4.2330785,-18.399355,1.2617981,-2.364154,-9.63473,1.4803215,0.6974215,24.642406,1.1964859,-0.37829497,-3.498201,2.6060534,3.230605,0.3147236,0.51865274,0.7378192,1.0,0.9332551,0.76714325,0.3303487,0.19592604,0.16995773,0.14981356,0.19275285,0.2483957,4.527761,-6.2965837,-5.7628994,4
6.489977324263038,0.013061179,3868.240670521176,2505.5443255953874,7127.490234375,3.432288646697998,0.0,0.04768699308253103,-541.6304,-1.6446401,18.248875,-15.067318,6.224708,-5.1451664,-48.479332,2.193997,1.0529027,18.496805,1.694268,0.5529248,30.238335,-4.037048,-5.7394047,-18.289661,-4.0436864,1.6567731,-28.66747,0.77235866,0.36191794,20.988338,-3.889457,-3.9714239,25.596565,-3.4394674,-2.7764845,-15.291723,-0.17386621,-1.9511313,-11.47988,1.958105,0.8162231,18.36179,0.36573154,-0.20084783,0.6507135,4.373353,1.4384618,0.35555595,0.43630928,0.77122223,1.0,0.8154506,0.64785564,0.31916428,0.16381878,0.16042905,0.14415051,0.18142952,0.25638136,4.587572,-6.4281993,-5.8858767,4
6.501587301587302,0.011768439,3828.884105193152,2562.868895343556,7127.490234375,3.1256072521209717,760.3318189722372,0.013100262550513395,-535.2246,12.1295,12.729227,-1.0095373,1.8423613,-4.7664237,-37.880543,2.5957785,-0.2497942,23.301285,1.3085412,0.14134845,26.923758,-6.9932165,-4.7547855,-25.214684,-2.6994724,1.5380615,-39.005135,1.020601,1.1233552,8.71514,-5.679437,-1.8971847,15.050949,-5.05099,-0.65295887,-21.852446,-1.1762902,-0.87064713,-11.872274,2.0960329,0.6351332,23.67453,-0.56330544,0.25600976,12.3353195,5.152914,-0.5943267,0.4149622,0.5188753,0.8880342,1.0,0.88677466,0.7445451,0.48080972,0.28303608,0.22170877,0.17281248,0.19402441,0.28399825,4.552175,-6.542186,-5.9869814,4
6.513197278911565,0.013235675,3716.876581255897,2522.4062339689262,6459.9609375,11.193442344665527,734.4321259827932,0.010140046044704068,-504.71515,20.052507,4.999687,0.8632106,-2.176659,-2.9202483,-32.582314,2.8647149,-1.249769,34.343094,0.98994035,-0.86602545,5.2011013,-8.869992,-1.6858294,-28.717604,-1.1223282,0.8479654,-37.346397,1.5445406,1.338019,-13.465008,-6.1744885,0.54780686,-0.10398269,-5.227439,0.6913087,-29.692688,-1.5910584,0.17312045,-3.5907927,2.0641615,-0.3124225,35.09269,-0.70254666,0.070723586,23.55817,4.7813177,-1.5197957,0.51374316,0.63933825,0.773538,0.69011605,0.6856356,0.6763219,1.0,0.9395127,0.38063276,0.21422665,0.21935683,0.32077926,4.862348,-6.4369435,-6.1739774,4
6.524807256235827,0.026975472,3921.304502218277,2354.025550106962,5943.1640625,24.2232666015625,734.4321259827932,0.013100262550513393,-454.0581,21.796984,-1.4372056,-12.907253,-3.98011,-2.0117774,-32.416267,2.8940756,-0.5194727,34.954117,-0.0054311114,-2.2978215,-24.122572,-8.976431,2.295928,-25.639532,0.037773926,1.2638366,-27.219872,2.0477526,0.8109761,-25.48353,-5.7537384,2.608058,-6.453476,-5.3167205,0.94168043,-32.62481,-2.0201478,0.70429325,1.8330986,1.0230248,-1.3199528,30.450378,-0.42004877,-1.1765343,26.150429,4.0428057,-1.4032671,0.51926315,0.65872777,0.5007752,0.36051384,0.35406515,0.40797386,0.9425907,1.0,0.33460715,0.15950577,0.19342624,0.31441572,5.972489,-5.1063213,-6.016159,6
6.5364172335600905,0.04489977,4045.7441313471236,2303.0757979493783,5943.1640625,27.5866756439209,734.4321259827932,0.03010686179419501,-416.63617,21.683926,-4.954265,-22.83744,-5.730585,-1.4389158,-34.97737,2.9701822,0.40413997,30.390991,-2.5123615,-3.18963,-35.042206,-7.0617537,5.072847,-25.568714,2.6518106,2.856985,-22.579103,1.7517064,-0.67087567,-26.827919,-4.470798,3.3535442,-8.154674,-5.4182615,0.89479274,-31.72294,-2.512456,0.1740442,3.1738343,0.06914921,-2.0012927,25.64999,-1.2521112,-1.6123698,24.46923,2.6069205,-1.5883923,0.54345286,0.68613815,0.47900054,0.33904135,0.3195609,0.3695256,0.94098383,1.0,0.31190467,0.14817569,0.19682857,0.3331945,5.9770474,-4.9844604,-6.058512,6
6.548027210884354,0.057292487,4143.063054857594,2333.452601536373,6093.896484375,20.689624786376953,734.4321259827932,0.04768699308253103,-400.20642,20.03053,-5.2325106,-30.090876,-7.654849,-0.2261376,-36.24555,2.684418,0.95535254,27.575598,-4.9587073,-2.702918,-36.058907,-3.861329,5.3333497,-25.299839,5.713176,3.3220754,-20.302795,1.0322369,-2.3215387,-23.678738,-2.0733168,2.294326,-6.8127623,-4.190686,0.5097673,-29.573002,-2.727652,-0.90010005,2.3947797,-1.2833543,-2.0062513,23.39701,-2.3075697,-0.6512672,23.8971,0.42353487,-1.5410019,0.5525971,0.7040704,0.49076596,0.34574836,0.3167162,0.3546009,0.96545905,1.0,0.29528585,0.14759375,0.204388,0.34042257,5.8997536,-4.8133736,-6.0565095,6
6.559637188208617,0.06021232,4247.566147230627,2471.761025168664,6696.826171875,12.959206581115723,734.4321259827932,0.010824463728234167,-400.99237,16.199526,-3.4563851,-34.736504,-8.071136,0.11784508,-32.78883,2.7079074,0.6342547,23.412466,-6.5131617,-1.0411133,-31.822361,-0.0836065,3.2717175,-23.633884,7.8396535,2.831862,-18.169165,-0.5865607,-2.3568192,-20.501972,0.21275534,0.7543242,-8.235804,-2.6921391,0.436676,-28.722332,-3.0176923,-1.3754729,-1.5955577,-2.7149537,-1.0722827,22.358711,-2.8052416,0.4979536,26.502321,-1.5663536,-1.5855659,0.48857,0.65384436,0.44613644,0.3055387,0.26599783,0.31710836,1.0,0.91033924,0.26020998,0.13774438,0.18985169,0.29787436,5.8880496,-4.717717,-5.9677553,6
6.5712471655328795,0.056572538,4452.866535165364,2703.641256808838,7913.4521484375,17.086164474487305,0.0,0.0100028158258111,-403.54794,10.747904,-2.1388159,-38.337048,-7.594825,-0.21291508,-21.090736,2.7366831,-0.28751144,12.7488,-6.3228655,0.56515086,-23.114117,2.8756125,0.8543425,-15.27095,8.910186,1.6046178,-18.940699,-2.1095817,-1.33217,-19.840353,1.4917198,0.27199927,-18.752254,-1.4564103,1.2205412,-34.260773,-3.4496462,-0.90498734,-10.527285,-3.3422885,-0.06086147,17.843418,-2.105417,0.688591,31.746525,-3.0166879,-1.8977879,0.3490633,0.49840805,0.33014864,0.22199416,0.20444955,0.3525825,1.0,0.71570814,0.2079562,0.11896862,0.15272124,0.21008584,5.6425943,-4.4948425,-5.8709855,6
6.582857142857143,0.06045806,4949.40399320424,2582.765531890716,7913.4521484375,36.432838439941406,0.0,0.010001232964986121,-380.4533,4.4761996,-4.2328725,-50.934696,-7.3184614,-0.022636963,-15.458376,2.4062757,-1.2907013,-3.9643111,-4.745972,2.3159485,-16.66375,4.243102,0.06406465,11.402914,9.165981,-0.4724352,-28.758087,-2.7311025,-0.28035408,-21.589725,2.3829641,0.8273152,-26.169224,0.06984118,2.3344133,-44.92045,-3.6000319,0.21693514,-12.589422,-3.0761268,0.8579237,12.083787,-1.2335132,0.9640408,24.287373,-4.3311987,-1.9858446,0.27565742,0.43386513,0.33893657,0.2798819,0.28616312,0.53729314,1.0,0.5961771,0.18940888,0.14466746,0.16042635,0.18334338,5.3798723,-4.3873973,-5.620769,6
6.594467120181406,0.07779176,5227.927011761539,2325.2718177691027,7848.8525390625,45.18983840942383,0.0,0.01000123296498612,-357.12906,-3.8131292,-9.604727,-61.29418,-6.64716,0.8407567,-16.667126,1.2728261,-2.0174127,-9.501484,-1.5642605,4.54541,-15.906731,5.181237,0.44090167,24.72457,7.6892195,-3.0962543,-35.204884,-2.533982,0.88739574,-20.694149,3.6932957,1.847271,-22.090744,2.2180738,3.299251,-51.278576,-2.6022155,1.9179959,-17.001078,-1.7879356,1.8417714,13.443961,-0.27752692,1.3153067,14.83512,-5.605882,-1.4236112,0.3155158,0.5131197,0.49677143,0.44319472,0.4206102,0.7234384,1.0,0.5720646,0.20712331,0.1939608,0.20337062,0.22790222,4.769761,-4.3767433,-5.266169,6
6.606077097505669,0.08972711,5356.895664912588,2157.871913255621,7816.552734375,27.879539489746094,0.0,0.0100028158258111,-351.6751,-12.3035345,-13.179138,-67.803474,-3.8648674,3.368709,-17.323757,-1.2943537,-2.740584,-9.128281,1.9438998,5.0835733,-14.640303,5.3765135,0.6216206,30.111084,3.2716427,-6.309411,-37.40708,0.11574654,3.4668572,-17.444407,5.754492,2.7621486,-16.76597,4.284941,2.7188191,-53.197052,-0.79679877,2.978051,-19.07732,-0.7631505,1.5063272,13.940379,0.19456223,0.86127067,6.6779213,-5.624117,0.5582225,0.3671529,0.6197666,0.7156331,0.6171519,0.5349045,0.87940544,1.0,0.5831165,0.23249274,0.24337901,0.25111914,0.28304708,4.593622,-4.528189,-5.1451545,6
6.617687074829932,0.0823683,5381.3594891201865,2061.0141181651,7751.953125,8.703272819519043,0.0,0.010009025493342986,-368.2338,-18.061552,-9.963963,-73.453896,-0.9550849,4.3576226,-18.728054,-3.3992019,-1.8993299,-4.866678,4.0393,2.5862954,-10.155554,5.135005,0.5013307,32.482002,-1.8264086,-6.759123,-37.64434,3.2021115,4.3722177,-11.365723,7.795517,2.5826705,-9.718811,5.382892,0.41252768,-53.361603,1.6087286,2.9450686,-19.166468,0.3497852,0.89748114,15.1965885,-0.28740987,-0.7472792,-0.67168057,-4.125613,2.827235,0.3985191,0.75628495,0.97283924,0.7781561,0.64158875,1.0,0.9805468,0.59632844,0.25279772,0.28267527,0.2904001,0.32437244,4.470475,-4.866531,-5.1236424,6
6.629297052154195,0.057718847,5278.09661845943,2033.1328942066064,7698.1201171875,6.87835168838501,0.0,0.01002672467381077,-409.736,-21.485964,-1.7965666,-77.81933,1.865607,3.4773388,-20.859795,-4.334152,-0.8800918,5.3660583,4.848487,-0.6772489,-1.2160662,4.8737893,-0.15132175,31.713257,-6.1913195,-4.170637,-36.854477,5.7118564,3.048225,-1.6335534,8.841124,1.0539067,0.1721865,5.5505595,-1.181265,-51.390156,3.9370985,2.117262,-16.437801,0.9185263,0.47416252,18.606638,-1.1922091,-1.8962332,-7.9321156,-1.5912117,3.4663138,0.31844625,0.72730386,1.0,0.7404825,0.65554535,0.8758541,0.7261643,0.44966003,0.2027776,0.24204233,0.24482636,0.2684698,4.442706,-5.530633,-5.1269774,4
6.640907029478458,0.030836368,4891.151087453106,2083.9258140611064,7213.623046875,5.071987152099609,0.0,0.010052967545965857,-475.69727,-21.924685,5.444332,-75.71054,3.9795086,2.0792804,-26.81493,-4.3497124,0.10783632,27.745228,4.102456,-2.6795542,11.719789,4.6814528,-0.98265684,19.974575,-8.1624565,-1.3347976,-32.784473,6.704632,0.83924806,12.295738,8.562041,-0.914831,13.284819,4.909218,-1.529807,-39.9858,5.432279,1.1274828,-7.351005,1.2671608,-0.17300561,22.907429,-2.3617275,-1.8901539,-13.753838,0.74657124,3.0078077,0.2377118,0.7161777,1.0,0.72114456,0.79628384,0.809089,0.48384395,0.28124282,0.1594591,0.21144503,0.19313563,0.20058568,4.5689917,-5.9644275,-5.2880015,4
6.6525170068027215,0.017796917,4236.630710053936,2277.6282204358176,6955.224609375,3.8955318927764893,0.0,0.010037765502929688,-514.01587,-20.071955,8.148458,-48.19715,5.683388,0.89917517,-44.69505,-3.6992931,1.3499469,35.499756,2.753145,-3.1990354,13.538275,4.356576,-1.2092105,-13.087919,-8.4159775,1.3141996,-1.3920763,6.0975842,-1.6846814,29.403143,6.9524536,-2.847185,15.746818,4.1464033,-1.3518674,-32.62493,6.032191,0.062499646,-12.959488,1.0921782,-0.6573394,17.779554,-3.0985076,-1.1889747,-3.7477164,2.4156883,1.7642257,0.2110044,0.5605015,0.70276177,0.65886563,1.0,0.7468511,0.38839516,0.25825745,0.20583387,0.20159438,0.1731479,0.15653527,4.7563305,-6.3216624,-5.516505,4
6.664126984126984,0.014881867,4533.235122837046,2581.6772421581977,8182.6171875,5.403493881225586,0.0,0.011422334250709074,-500.49997,-17.166714,5.888717,-45.004337,7.284305,0.21197793,-44.193348,-2.1107576,2.592519,21.493307,1.159804,-2.4237692,14.090124,3.7567382,-0.8555955,-22.324501,-7.2220025,3.4747956,7.218109,4.042464,-4.0070305,38.400093,3.8455758,-4.4914913,8.631779,3.1912067,-0.86518747,-25.449593,6.0818295,-0.7460423,-10.487873,0.73411375,-0.65857625,3.3621461,-3.0260494,0.3687389,8.83563,3.1769018,-0.019152317,0.3319481,0.41988423,0.56300837,0.7308181,1.0,0.76246136,0.63585943,0.4670696,0.3648775,0.30650973,0.27708724,0.250231,5.1142755,-6.5651174,-5.7222023,4
6.675736961451247,0.014134255,4726.684392898773,2672.4440443995486,8354.8828125,4.2710065841674805,0.0,0.01646758759311301,-487.17834,-13.285383,1.2861471,-44.406975,8.155192,-0.19433132,-44.11863,0.2783236,3.343333,15.049903,-0.5667592,-0.7832841,14.387322,2.5008938,-0.6259348,-21.453716,-4.862091,4.3200665,5.880042,1.4793533,-4.736497,37.36731,0.17972356,-4.7664924,12.039972,1.7264127,-0.63391966,-18.865719,5.7162023,-0.9609217,-9.709213,0.6839708,0.09406964,-2.0852854,-2.0978105,2.1961384,13.402173,3.0989745,-1.6279104,0.57425606,0.7146839,0.91073084,0.991644,1.0,0.8857626,0.9563539,0.71768916,0.56660104,0.46991032,0.429115,0.4003741,4.8185287,-7.2217026,-6.2681403,9
6.6873469387755105,0.012619928,4746.501228534518,2717.6152830299493,8397.94921875,2.4991161823272705,0.0,0.015085587297504338,-492.16885,-10.064199,-2.9728832,-40.77925,8.033898,0.071442455,-43.1252,3.2120225,3.1521263,13.188305,-2.0341938,0.9126415,16.73292,0.69601166,-0.99135333,-20.435135,-1.6154997,3.3165689,1.6024247,-0.80951625,-3.0178218,33.985596,-2.9198613,-3.242749,16.874113,0.12852584,-0.7722594,-14.190197,4.799688,-0.680312,-10.228622,0.91384536,0.93507755,-3.8387113,-0.6768313,3.0416582,15.190744,2.0664952,-2.4202526,0.65730435,0.84252745,1.0,0.9828373,0.8356304,0.7699363,0.8885548,0.6709633,0.5423925,0.45666143,0.4233109,0.41740417,4.7762175,-7.2023826,-6.574646,9
6.698956916099773,0.009649021,4658.091221857092,2757.2097818124557,8376.416015625,1.100268840789795,0.0,0.010140046044704068,-514.8813,-9.72807,-2.8541713,-31.441362,6.5887737,0.4607476,-38.541275,6.0876775,2.0744116,15.348715,-1.8820921,1.0353918,22.147703,-1.0741109,-2.2187097,-19.282465,1.8202324,1.3601539,-6.746298,-2.8440874,0.41762367,26.80239,-4.8368425,-0.8281097,20.714752,-0.65806663,-1.3362702,-11.989016,3.7394893,-0.9433568,-11.978107,1.9199142,0.8983219,-3.0284796,0.8284933,1.959905,14.701916,-0.07077604,-1.9732753,0.69519126,0.8993902,1.0,0.957777,0.76507026,0.6516943,0.6971784,0.5185655,0.44374096,0.3929354,0.38092798,0.41985816,4.690628,-7.076845,-6.3511176,4
6.710566893424036,0.0065855524,4584.429603273884,2818.4767263746508,8344.1162109375,0.9754683971405029,0.0,0.010013068846238975,-545.3491,-10.003961,2.012762,-17.385983,4.6671777,-2.2951696,-29.117277,7.7475653,1.7702101,17.434315,-0.8553174,-0.026612584,25.953865,-2.7747912,-2.7015383,-15.30494,3.3125198,0.93136036,-18.599995,-2.8688817,1.6531079,12.154987,-4.5104833,1.6352068,21.874428,-1.0188906,-1.5724809,-8.02262,1.672744,-1.9632748,-10.873292,2.922967,1.4342629,4.3714647,1.445038,-0.35953957,11.246561,-1.8624359,-1.1898117,0.751841,0.9445995,1.0,0.97584593,0.75379986,0.6301155,0.5279988,0.36070725,0.36667982,0.35955232,0.40236002,0.49473026,4.5889015,-6.8846684,-6.2261715,4
6.722176870748299,0.004651658,4713.274848254914,2871.014431444942,8451.7822265625,1.2157584428787231,0.0,0.010000802780927255,-558.4279,-6.923195,6.807995,-8.669029,0.58899456,-5.7288704,-18.302105,8.965579,0.9446903,16.749626,-0.4844774,-0.28860837,20.656372,-3.6803236,-1.7394027,-12.133542,4.1445227,0.9315658,-21.221504,-2.8117106,1.0575304,3.5718644,-2.4533243,3.3703947,15.081619,-1.4433849,-0.42175856,-2.752317,-1.05828,-3.102239,-4.092027,3.7974584,1.1959413,13.245684,1.2269379,-1.4680037,8.988607,-3.0992193,-0.94955164,0.8326853,0.91999817,0.9386377,1.0,0.85306084,0.6951004,0.5869393,0.44254565,0.49259025,0.46000788,0.52550703,0.65758306,4.449047,-7.236171,-6.692818,7
6.733786848072563,0.0035693366,4934.814114399738,2937.2906897889043,8494.8486328125,0.9527392387390137,0.0,0.010013068846238975,-564.0009,-0.8772298,8.853205,-1.898732,-4.8734975,-7.7060585,-7.3616734,9.096492,-0.41123602,13.249711,-0.3722578,-0.015469697,8.949425,-3.6976361,0.2897081,-9.026298,4.820008,0.6979223,-13.98951,-3.2687647,-0.49160957,3.635061,-0.288829,3.5568755,6.9215856,-0.8777583,1.3437634,-0.82760936,-3.4346273,-3.2981625,0.46601272,4.00016,0.10879947,15.886501,0.8406217,-1.5151143,6.160946,-3.8313127,-0.59955454,0.94465446,0.85645896,0.830636,1.0,0.9497727,0.79676896,0.73928905,0.68202925,0.75404257,0.6442887,0.7071136,0.87860215,4.776529,-8.667946,-7.925211,3
6.745396825396825,0.0036901978,5146.692654201854,2843.368348163935,8408.7158203125,1.9505412578582764,2821.314975080661,0.056071395445892624,-563.39136,5.7074413,7.4007034,-5.4120407,-10.196581,-6.918343,2.5861142,7.9767323,-1.7793628,11.539706,-0.32350603,0.46001247,-4.1576242,-3.1087923,2.2150712,-1.7007213,5.286924,0.36465085,-9.546295,-3.8546276,-1.9479396,5.2796545,1.4071391,2.0691056,4.387561,0.44346556,2.6290233,-4.5976734,-4.9443655,-2.251978,4.976386,3.573945,-1.1191281,11.095659,0.5717773,-0.6232223,0.38948506,-3.8584208,0.025825007,0.9112576,0.819677,0.75013596,0.86198103,0.8913653,1.0,0.8703579,0.7470198,0.7579834,0.62641543,0.6749453,0.8180413,5.066297,-8.539443,-7.8261423,3
6.757006802721088,0.009923048,5755.799380667391,2368.994442169547,8387.1826171875,10.92192268371582,2740.997614345852,0.03010686179419501,-546.5969,10.175157,3.4246347,-29.376215,-13.975502,-3.6689904,14.050017,5.852329,-2.760289,10.915262,-0.032400083,0.7480705,-9.358454,-1.9189062,2.9915462,5.0569,5.300795,-0.0677331,-12.830595,-4.476393,-2.411937,15.791482,2.469283,-0.1800917,5.4722757,2.2390406,2.8468237,-20.049934,-5.622775,-0.25701177,15.023595,2.4743369,-1.8555508,1.2208605,0.5208944,0.8790129,-3.3981657,-3.2629933,0.74084073,0.54162884,0.48292476,0.33744144,0.34023097,0.48286164,1.0,0.86511683,0.53407604,0.2679629,0.20359524,0.2226838,0.2775396,5.46707,-6.990103,-6.302983,4
6.768616780045352,0.023881346,5986.539012152174,2019.8065575107912,8333.349609375,21.40656089782715,2725.2106297701052,0.013980210380185928,-521.28723,10.865023,-0.9788977,-61.010807,-14.863967,0.87251705,21.481045,3.0294678,-3.4548862,12.438179,0.690128,0.83255726,-3.8452263,-0.24125645,2.2472064,11.234562,4.7123723,-0.9101325,-25.223476,-5.2468433,-1.1449094,27.10438,2.5034702,-1.5227761,10.842382,4.166892,1.8755484,-35.83954,-5.4835043,1.7067313,17.001429,0.82171583,-2.048086,2.5832758,1.1350394,2.0659082,-10.716814,-2.4830112,1.3178945,0.40225345,0.3590233,0.31032744,0.4171088,0.5596115,1.0,0.8253895,0.47841308,0.1563844,0.1146427,0.15323551,0.16157496,5.381672,-6.9145813,-6.1732054,4
6.780226757369615,0.04031792,5975.5976615971285,1904.8235365773176,8290.283203125,25.639633178710938,2725.2106297701052,0.013980210380185928,-498.65808,8.683024,-5.034472,-86.52376,-12.271621,5.8989377,21.49974,-0.33332354,-3.8560884,14.349346,1.8343381,0.95594937,4.622734,1.3411994,0.74455583,16.188087,2.9795735,-2.1874592,-39.374664,-5.0108523,1.5177866,27.181473,1.7429303,-1.7938536,21.986607,5.164554,0.26083437,-41.346718,-4.3383455,2.858868,12.823583,-0.8802984,-2.045883,6.6746063,2.1571455,1.8743944,-13.742754,-1.728124,1.2888054,0.33790058,0.34146592,0.47156626,0.57308567,0.65495086,1.0,0.75198317,0.4183521,0.13395928,0.11601925,0.1676924,0.15248492,5.3158975,-6.895641,-6.2400126,4
6.791836734693877,0.050534923,5894.194847112225,1873.2722591520549,8236.4501953125,18.36171531677246,2725.2106297701052,0.013980210380185928,-487.2093,4.715201,-7.0374784,-99.49649,-6.5626764,9.033258,17.902447,-3.836561,-3.733554,15.549187,2.425045,0.6431039,8.341934,2.5070467,-0.35786343,21.196774,0.069515534,-3.3602118,-47.273453,-2.4860122,4.3350835,21.834248,0.8720451,-1.2390866,29.764547,4.320117,-1.7110686,-39.812233,-2.08567,3.0819242,9.672288,-2.4467483,-1.4872797,12.818438,2.6813393,0.19213086,-12.189922,-0.60497826,1.139668,0.30002388,0.3762327,0.6325081,0.6799606,0.7119923,1.0,0.6803874,0.35980406,0.12792811,0.13367498,0.1876053,0.1561119,4.739338,-6.695338,-5.7172074,4
6.8034467120181406,0.04869957,5775.126202952708,1882.3645326303385,8128.7841796875,6.897523880004883,2725.2106297701052,0.01508558729750434,-489.3332,0.48102215,-5.5052905,-102.685715,0.045584425,8.170094,12.359801,-6.7529964,-2.6611722,17.074207,2.322771,-0.09023415,8.491345,2.8810155,-0.43607917,23.368237,-2.6392066,-3.5056136,-49.595062,1.1870615,5.33737,18.26806,0.0815697,0.1404137,35.301624,2.193682,-3.265924,-36.49929,0.708278,2.2061908,6.7334785,-3.515881,-0.31901628,19.239359,2.1504278,-1.8737857,-9.086017,0.7148877,1.1539649,0.27813047,0.42892414,0.779471,0.7579765,0.76511395,1.0,0.6020257,0.29590532,0.123520985,0.15386997,0.20674187,0.16312093,4.5588365,-6.6205516,-5.481632,4
6.815056689342404,0.036137242,5544.198877931358,1962.8004082873351,7891.9189453125,5.599709987640381,2725.2106297701052,0.015085587297504338,-501.5291,-2.7465637,-2.1411285,-94.70918,5.3226833,4.7652607,2.82821,-8.666557,-1.401122,21.369913,2.041169,-0.5061434,7.6360087,2.5102377,0.035664313,20.024601,-4.361128,-2.2462955,-47.72039,4.5994143,4.0043516,19.024372,-0.2771618,0.9183644,39.482895,-0.11522213,-3.2952595,-35.319645,2.751006,1.1275136,1.7351635,-3.6092744,0.32341543,25.531807,0.6055495,-2.5699835,-7.945489,2.0020163,0.86216736,0.25559968,0.47268432,0.8696795,0.7848253,0.86075556,1.0,0.47913185,0.20732188,0.11385862,0.16616392,0.21289068,0.1643681,4.6520133,-6.646804,-5.511687,4
6.826666666666667,0.021649063,5119.031695439571,2173.767843359944,7558.154296875,7.24938440322876,2725.2106297701052,0.015085587297504338,-517.3036,-4.7446513,0.54567224,-72.724014,8.604865,1.2690994,-10.803341,-9.4439745,-0.2516227,29.534903,1.9232633,-0.5293981,8.250502,2.2759008,0.48941562,7.727092,-5.0204816,-0.24971198,-36.626995,6.6017766,1.3751074,19.54972,-0.007112185,0.5190907,38.42318,-2.0538294,-2.0398264,-33.643463,3.6893065,0.5962464,-4.330203,-3.2409923,0.5396329,25.848534,-1.0108553,-2.29842,-10.297481,2.7486005,0.69340307,0.22475794,0.47390607,0.79574996,0.7140132,1.0,0.9149418,0.3095733,0.11967965,0.109190926,0.158313,0.18939692,0.16499911,4.6527557,-6.662017,-5.6040463,4
6.8382766439909295,0.016178599,4743.1573055075805,2563.760823389418,8225.68359375,5.776534557342529,2662.966732962828,0.011853505394683411,-526.8436,-5.81953,1.1624655,-50.45166,10.200445,-0.8652872,-24.71088,-9.230565,0.92412794,28.80357,2.0798373,-0.20322415,13.53359,2.6155071,0.5775511,-8.850689,-4.753116,1.7235056,-15.185623,6.662175,-1.3894007,21.810009,0.2909552,-0.20766619,26.827126,-2.9240265,-0.37087405,-27.159382,4.0186596,0.3475607,-8.053829,-2.8776755,0.66505045,18.229538,-2.3423548,-1.2769146,-6.0605497,2.965725,0.47155815,0.19879982,0.3506412,0.44055954,0.510545,1.0,0.6422837,0.20505439,0.13869779,0.12973724,0.1358808,0.14398947,0.1792059,4.9097385,-6.705574,-5.621043,4
6.849886621315193,0.01583645,4722.904805251792,2699.3042330385556,8494.8486328125,3.568957805633545,2456.0973407922593,0.0229442191246386,-522.3116,-6.518402,-0.1464133,-44.708508,10.602062,-1.5031582,-32.680885,-7.9860454,2.0467193,24.434824,2.0308578,0.05179802,19.185265,3.2799363,0.470302,-14.943722,-3.8483193,2.633482,-3.8151617,5.1044455,-3.5324576,25.50415,0.38033906,-0.46877062,15.7410755,-2.641447,1.4413311,-20.910656,4.0739846,-0.01720103,-8.362003,-2.4464538,0.6183645,8.977274,-2.921621,0.19788584,1.0492063,2.887566,0.010715276,0.22110125,0.27273747,0.30898356,0.495557,1.0,0.56919914,0.22594333,0.17893179,0.16241746,0.17120948,0.17469476,0.2174387,4.8497643,-6.853353,-5.591077,4
6.861496598639456,0.013563808,4641.901239426915,2642.68444243405,8301.0498046875,2.7404541969299316,2602.1444887234043,0.040697331568881064,-517.9358,-7.176833,-1.9891714,-44.544838,10.068089,-0.8164861,-40.784393,-5.514989,2.9980292,25.74924,1.4040471,-0.0132490955,20.350822,3.628835,0.07678293,-11.899482,-2.517244,2.1926277,-2.1878178,2.4186256,-4.4246387,23.896648,0.12339118,-0.41955042,14.486521,-1.498193,2.6480849,-16.94188,3.819634,-0.65492135,-9.619518,-1.975053,0.31442776,5.581674,-2.4339998,1.6991067,5.4576406,2.7042267,-0.6345852,0.2846203,0.33448455,0.3891627,0.5626201,1.0,0.5967562,0.2834994,0.24823901,0.21949951,0.2435028,0.2500713,0.2912555,4.9026146,-6.838565,-5.7136736,4
6.873106575963718,0.010653156,4403.7558855329735,2533.7302324724897,7795.01953125,2.717585802078247,2602.1444887234043,0.040697331568881064,-523.96515,-7.6580396,-2.5765648,-38.7175,8.619778,0.08617882,-46.73963,-2.2620502,3.5142384,30.009533,0.77226466,-0.11291106,22.933224,2.9304552,-0.79950005,-7.9221416,-0.9391362,0.8602682,-5.185886,-0.6341499,-3.4130433,21.213535,-0.4369629,-0.5318986,15.581902,-0.11068716,2.2699816,-12.99427,3.2377992,-1.012531,-11.327459,-1.4725128,0.13852148,3.895959,-1.1523558,2.1700542,8.711734,2.4366572,-1.0524473,0.4004947,0.49842325,0.6423498,0.73320836,1.0,0.712167,0.3798186,0.35114998,0.30483207,0.34973824,0.36497012,0.40520713,5.0582204,-6.9855995,-5.7719316,4
6.884716553287982,0.009410063,4029.507543229179,2384.439992462539,6901.3916015625,2.96812105178833,2587.1572393028523,0.03489742801962526,-539.07294,-7.9410563,-1.1276742,-26.552025,7.090313,-0.19329187,-48.95577,1.0433444,3.5704224,36.130608,0.51184523,-0.78619164,27.652035,1.2190605,-1.7523986,-5.002437,0.44296053,-0.154109,-11.616951,-2.701688,-0.8613314,20.064724,-1.6249881,-0.93918777,18.862656,0.71146935,0.25195402,-9.533192,2.5864162,-0.70850784,-13.26185,-0.82287645,0.50653595,3.3835475,0.27155563,1.4783683,9.409401,1.5313956,-0.987084,0.4979604,0.70185655,1.0,0.98749,0.9695347,0.804523,0.42927563,0.3946724,0.35039803,0.39916214,0.42093417,0.4760823,4.8880115,-6.82281,-5.8046694,4
6.896326530612245,0.009147976,3732.6876476155053,2319.6645808790922,6449.1943359375,2.452599287033081,2557.4412039083627,0.013100262550513395,-557.84753,-5.118632,4.066157,-13.252619,4.9751625,-2.6918473,-46.60637,2.8084273,2.255293,36.99282,-0.37283188,-1.724832,33.6327,-0.8496978,-2.5598433,-6.99946,1.3296719,0.23171961,-19.075968,-1.7065614,2.221808,21.839315,-3.250216,-1.5611776,25.650887,-0.15147996,-2.1256468,-7.6083326,1.914783,-0.5351558,-14.825517,0.539341,1.6099496,6.164491,0.84270346,0.12740773,8.827151,-0.12552786,-1.3221874,0.42575052,0.7045405,1.0,0.97516316,0.8509496,0.66893095,0.3149684,0.2624453,0.25243273,0.26470327,0.29912737,0.3729883,4.5752378,-6.576443,-5.8401146,4
6.907936507936508,0.008143859,3651.5906489318972,2382.0342770816665,6599.9267578125,1.4271937608718872,2484.635817219306,0.011853505394683413,-572.2456,1.0574056,9.25298,-1.7389784,1.7048451,-5.160612,-37.407223,3.0209477,-0.24765804,31.779985,-1.76284,-1.8035709,35.03567,-2.2563686,-2.4202304,-10.368666,1.8169223,1.0195287,-26.045933,0.56782556,3.8188727,21.10334,-4.0809627,-1.5444932,30.611248,-1.7051525,-2.8389857,-8.343677,1.0626798,-0.7380349,-16.67377,1.5828915,1.6704682,12.478167,0.41081837,-1.0072705,8.62383,-1.646537,-1.5744814,0.42946032,0.7482826,1.0,0.99128157,0.82403433,0.63840884,0.2721882,0.19339581,0.20897867,0.18767184,0.23518348,0.35990578,4.4730935,-6.5977674,-5.96613,4
6.919546485260771,0.006214612,3870.6241484411967,2529.942401586557,7084.423828125,1.0336750745773315,2456.0973407922593,0.018187375734912182,-575.07043,8.569568,10.890671,-0.18800606,-2.134521,-5.5968184,-26.20625,2.1638913,-2.3678875,30.01222,-2.9570503,-1.1049485,27.031746,-3.1936917,-1.2525233,-10.917861,2.2600691,1.297973,-28.006325,2.7993367,3.5760453,16.315678,-4.3455696,-0.7625569,27.875841,-2.942631,-2.169003,-7.691588,0.2100113,-0.8112967,-15.8106,2.1540153,0.9551627,14.832649,-0.26012486,-1.5228331,10.362181,-2.7108936,-1.3208978,0.5162325,0.8293601,1.0,0.99454975,0.84803563,0.6829718,0.31696826,0.2228783,0.26365286,0.24546437,0.28784445,0.46010488,4.4573646,-6.653114,-6.09003,4
6.931156462585034,0.004338512,4385.466168260893,2708.03121934641,7773.486328125,1.33493971824646,2470.3253679443806,0.01000020633903134,-570.76483,14.941365,8.1596985,-5.2564926,-5.3606796,-3.7699497,-15.638592,0.80258113,-3.1436226,27.537006,-3.602969,-0.092326835,15.917343,-3.809858,0.19553763,-6.221755,2.4045205,0.6514809,-22.165993,4.1766634,1.6691494,5.5667515,-4.3869643,0.32588992,17.818481,-3.662683,-0.56296,-3.9230266,-0.33178282,-0.6008953,-10.408888,2.468071,0.07900142,13.895962,-0.71913064,-1.108739,8.3137045,-3.0530307,-0.5763257,0.7160015,0.91956484,0.9927497,1.0,0.8910226,0.75983727,0.45636877,0.37800512,0.45506802,0.4472215,0.4851566,0.7480579,4.4831347,-6.9537644,-6.2979317,4
6.942766439909297,0.0062474506,4991.354575089099,2718.673396189918,8473.3154296875,5.280312538146973,2484.635817219306,0.01000000928748663,-525.6235,17.868343,1.8823923,-25.015335,-7.0183005,-0.64647925,-22.567654,-0.52938926,-2.3052008,18.587833,-3.3724344,0.64215934,5.869736,-3.9705389,1.2984085,3.582477,2.135749,-0.75928164,0.58751285,4.2418027,-1.0483238,-7.3123913,-4.231037,1.2713102,1.8857877,-3.684854,1.3576274,-4.9017696,-0.50548804,-0.2671869,3.414689,2.5018306,-0.6887012,7.64011,-0.7810603,0.131962,-3.6045902,-2.6780071,0.5756235,0.85386246,0.8725596,0.9518623,1.0,0.9035163,0.8720226,0.7122797,0.81143725,0.71841145,0.6398067,0.7018213,0.9541302,4.885017,-8.244871,-7.0165358,7
6.9543764172335605,0.011786551,5094.383632900081,2661.663198129008,8516.3818359375,8.634074211120605,2427.886656724614,0.010000206339031339,-480.6793,15.941637,-5.8043027,-43.162704,-6.61049,2.6306381,-35.35778,-1.3566203,-0.19148622,13.914866,-2.3721573,1.2330095,6.8204937,-3.2850733,1.6485312,8.315147,1.1043018,-2.1753795,9.506626,2.9380374,-3.467347,-7.2934475,-3.3331668,1.8209628,-0.85283387,-2.5942428,2.7492068,-9.855327,-0.6642546,-0.157641,1.8870325,2.0764606,-1.3033341,1.5125896,-0.10486498,1.7142531,-9.83908,-1.744111,1.7866073,0.8290779,0.8279756,0.9398561,1.0,0.8977908,0.8821579,0.7143216,0.86477035,0.7227898,0.6125645,0.6691032,0.87451965,4.7476025,-8.210814,-7.0202236,7
6.965986394557823,0.016203048,5100.372971971259,2642.757377296764,8505.615234375,7.135213851928711,2413.9030585628484,0.010000516719604524,-455.6991,9.817386,-11.629293,-51.516567,-3.9084537,4.924523,-41.94127,-1.3997445,1.8323333,12.578823,-1.0717809,1.9209025,9.31257,-1.8057686,1.2937059,9.66301,-0.7611045,-2.927993,10.159756,0.64879614,-4.313971,-4.9913826,-1.3468834,2.204454,1.3097955,-0.5769858,2.9033542,-12.060944,-1.4330193,-0.42222536,-1.065217,1.1504085,-1.3893472,0.30504608,1.5993942,2.7835867,-11.221907,-0.68414736,2.296115,0.7644994,0.76176804,0.97972363,1.0,0.8490778,0.81895417,0.66675353,0.8074363,0.6755546,0.56064767,0.6123925,0.797199,4.6515055,-7.9692855,-6.8239875,7
6.977596371882086,0.017516758,5065.859702494956,2635.1123128827394,8473.3154296875,5.30776309967041,2413.9030585628484,0.010000516719604524,-449.70868,1.1383545,-13.401626,-51.345566,0.24703735,5.6810093,-42.350246,-0.9365635,2.4055037,12.185226,0.3986226,1.9309796,8.142353,-0.06717298,0.9965335,5.601528,-2.6915693,-2.3339264,4.181466,-1.9384453,-3.1280754,-5.5113077,1.151501,2.0784235,4.4077845,1.4581095,1.7643524,-11.112105,-2.194925,-0.47899306,-0.6477341,0.26323184,-0.5937677,4.2720947,3.3071582,2.4823515,-8.626118,0.30211878,1.4648973,0.61253774,0.62988013,1.0,0.8921299,0.68497276,0.6452668,0.5377585,0.63731396,0.5423435,0.4511311,0.49603447,0.642846,4.837972,-7.631347,-6.5383787,9
6.989206349206349,0.016014423,5007.65146407339,2634.5835031774413,8419.482421875,4.328886032104492,2470.3253679443806,0.01000419105279527,-463.93213,-7.40433,-8.501846,-46.181355,3.564661,3.2576106,-38.042633,0.053535905,0.95386595,13.224607,2.640655,1.9159052,5.3784065,0.40736648,0.10389028,-0.8655313,-4.142156,-0.90195733,-5.1206694,-3.4862444,0.05193259,-7.796679,3.3310459,1.7591537,7.981524,2.6322086,0.017137513,-9.446579,-1.8357613,-0.024612619,0.2357409,-0.7185206,0.09144582,10.962786,4.053631,0.5615636,-3.0752559,1.3282821,0.055469863,0.44486862,0.50110084,1.0,0.73518825,0.48633856,0.4375889,0.37693617,0.4313549,0.37930286,0.32530856,0.36302984,0.46458176,4.5051384,-6.8117976,-5.6856947,4
7.000816326530612,0.013344172,4877.736904603341,2651.2327583357805,8322.5830078125,2.329159736633301,2499.029166083535,0.01002672467381077,-494.48395,-8.855677,1.3220938,-36.73147,4.005117,-0.752012,-30.680008,0.5135852,-0.8502429,17.966476,3.9479945,1.3396816,5.026365,-1.775528,-1.807072,-8.775161,-4.434399,0.4958331,-14.706404,-2.507896,2.5686374,-5.851116,4.2925115,1.4999114,13.467691,2.331412,-0.9203987,-11.606919,-0.8450785,0.6356685,-1.3222167,-1.1535696,-0.5272832,20.453289,3.5639877,-1.6091975,2.9144828,1.6635181,-0.6534871,0.31841603,0.44011766,1.0,0.602134,0.3885662,0.33826756,0.25307348,0.25823545,0.24337034,0.23291208,0.26421437,0.31814626,4.5628834,-6.8164554,-5.7268133,4
7.012426303854875,0.011440733,4479.531890311375,2603.6675465008184,7945.751953125,5.192586898803711,2513.5058947695047,0.010467533617069905,-523.60864,-4.6492143,9.537273,-22.579855,2.4981668,-3.6051035,-26.43575,0.10936095,-1.70274,24.227427,3.8587873,-0.11682168,8.028651,-4.472452,-3.2805932,-17.516966,-3.956671,1.4134395,-19.683693,-0.67178035,3.4106228,4.472437,4.356942,0.3500417,18.121124,1.3883382,-1.4248533,-20.837358,0.11925236,1.3689607,-3.1463099,-1.5640111,-0.82407594,31.554352,2.11638,-2.876337,3.581479,1.5769387,-0.6784545,0.27989814,0.44797224,1.0,0.5785262,0.5693321,0.5906598,0.2755765,0.19810787,0.19010274,0.20557432,0.22155544,0.26338542,4.411536,-6.5712285,-5.827282,4
7.024036281179138,0.011960871,3971.3374317657817,2445.2210094273146,7105.95703125,6.655552387237549,2528.0664862916065,0.06608151270920701,-546.24005,2.499764,13.021816,-7.926964,-0.11204888,-4.739377,-30.099518,-0.87249446,-1.6353261,27.0994,2.7631474,-1.7622086,15.171167,-6.7631707,-3.7457557,-19.593422,-2.7468035,1.7738903,-20.112648,1.2413808,2.6654646,13.980805,3.7812083,-1.3254436,18.685427,0.28049412,-1.529328,-24.673004,1.1521424,1.9554442,-0.2602759,-1.9944025,-0.5829643,33.43287,0.081219114,-3.0778763,-0.9575099,1.2318225,-0.29222217,0.23036514,0.36150914,0.7112832,0.58758485,0.96204674,1.0,0.33279145,0.17364201,0.17162186,0.18426529,0.1784703,0.2311269,4.4886475,-6.5101566,-5.854563,4
7.035646258503402,0.014890193,3805.9729617440016,2178.0219399445095,6190.7958984375,7.2658772468566895,0.0,0.010000516719604524,-542.36926,10.268381,10.993843,-16.094105,-2.936517,-4.118958,-36.37863,-2.0169396,-0.92844594,41.039646,1.121776,-2.739648,7.1381845,-8.346599,-2.7656567,-20.434277,-1.1816787,1.742923,-9.848006,2.710425,1.0595816,22.050648,2.755553,-2.486235,16.04458,-0.6765553,-1.1005359,-16.81302,2.4652417,2.0774333,-4.543471,-2.1152003,-0.09268249,24.834412,-1.9558002,-2.3044002,-0.6283786,0.89027107,0.23063836,0.20335846,0.23094878,0.3317426,0.5240968,1.0,0.852256,0.25618175,0.13275424,0.14921299,0.1772759,0.19920252,0.23132034,4.65791,-6.4732065,-5.7939672,4
7.047256235827664,0.019914461,4223.479240792739,2071.5565808840533,6449.1943359375,13.431159973144531,0.0,0.010001232964986121,-485.327,16.119839,4.6769915,-37.262474,-5.2825456,-2.010558,-40.853065,-2.9009662,-0.036910012,41.581375,-0.5865805,-2.5674274,-22.358604,-8.975302,-0.37206125,-18.867542,0.36291853,1.3431472,2.6818213,3.3930724,-0.61036706,23.999367,1.4837823,-2.2798538,13.3935375,-1.1899036,-0.1501888,-9.339302,3.9870024,1.4243075,-12.156036,-1.8398626,0.40202928,16.847103,-3.436139,-0.73016465,1.670058,0.8696452,0.56746906,0.41863224,0.39120647,0.45578432,0.71243304,1.0,0.6936028,0.27877548,0.25025102,0.30066818,0.3838298,0.45384586,0.5110148,5.0354004,-6.672026,-5.5513434,4
7.058866213151927,0.026206393,4454.200456741562,2049.702311951171,6642.9931640625,14.702271461486816,0.0,0.010001873046012551,-446.56598,17.679354,-3.1584847,-46.851135,-6.43757,0.8943023,-42.400864,-2.9516644,0.6106387,32.22277,-1.7934016,-1.4366348,-38.314587,-8.287826,2.6877396,-18.846313,1.4974468,0.72814256,4.9230137,3.039781,-1.7096515,18.348099,0.27049613,-0.9438028,10.059592,-1.0701388,0.76278234,-4.6520185,5.059252,0.06277653,-13.770037,-1.4860224,0.79550105,12.438781,-3.9700441,0.8775468,4.454602,1.2368501,0.36174124,0.66241795,0.5986122,0.6293513,0.9065955,1.0,0.6047672,0.3435621,0.39603603,0.47438094,0.61227304,0.7268752,0.82826203,2.0154507,-9.468305,-11.100306,2
7.070476190476191,0.031711873,4594.754450074965,2041.6718563012985,6750.6591796875,13.532740592956543,0.0,0.01000123296498612,-425.12515,14.145468,-9.832628,-53.879898,-5.768322,3.1854484,-44.59674,-1.7711327,1.1820147,23.37331,-2.2571728,0.14125398,-46.62036,-6.1400566,5.038,-16.33942,2.1222024,0.49606255,4.1163826,1.8432752,-1.9788454,12.278438,-0.17466444,0.5297642,7.612858,-0.2904684,1.2839403,0.43421698,4.626186,-1.1638588,-14.29324,-1.015365,1.1492114,7.866463,-3.450343,1.3771137,5.8785024,1.6359066,-0.077352576,0.79196286,0.7019375,0.69485635,0.91694057,0.8619286,0.5122382,0.38136926,0.4691232,0.5646806,0.7242841,0.8524791,1.0,2.1176972,-9.738325,-11.414264,2
7.082086167800454,0.034979194,4658.198174364088,2018.7106884999505,6815.2587890625,8.791546821594238,3876.356000640202,0.010001873046012551,-415.6751,7.077042,-11.126313,-57.89827,-3.5584233,2.8851364,-47.188232,0.25397542,1.9978448,18.377956,-2.5085871,1.714035,-48.531464,-3.1310563,4.2884645,-12.434313,2.7446756,0.47413296,3.4166427,0.7434207,-0.73594534,10.496981,0.25528088,1.6712067,7.5780587,0.90082437,1.4595988,6.5750976,3.0547764,-1.703966,-13.478191,0.060408387,0.9688528,4.7701297,-2.4685283,0.9280039,6.9623423,1.5406655,-0.22250159,0.78691405,0.6361052,0.6060711,0.7414611,0.6402957,0.4527095,0.3778137,0.4455599,0.5439843,0.6848742,0.7900304,1.0,1.9192872,-9.662719,-11.395881,2
7.093696145124716,0.034071006,4627.1526920358465,1989.3891186329527,6804.4921875,7.565157890319824,3944.1135100117936,0.010001873046012551,-418.14478,1.1329696,-4.900338,-58.815113,-2.3117137,0.5946727,-49.87597,2.027393,2.2862456,17.622135,-1.8237026,1.5472697,-44.924118,-1.1065936,0.77367103,-9.167364,3.3579774,0.5911884,3.0571613,1.1460911,1.292986,13.664031,0.57398957,1.0976684,10.558968,1.7184737,0.98511684,12.044914,2.3864362,-1.1166728,-11.848121,1.212247,0.71566325,4.881481,-1.982632,0.24924177,8.734762,0.9281233,-0.554708,0.7842495,0.56922907,0.52526635,0.6147969,0.5419883,0.42496213,0.3684064,0.41812974,0.5148445,0.64519525,0.7314666,1.0,1.681973,-9.592933,-11.202117,2
7.1053061224489795,0.028012522,4583.130428344342,2000.9420151182337,6793.7255859375,4.209110736846924,4202.849334748248,0.01000419105279527,-432.88733,-0.26999462,1.3297031,-55.920853,-2.65999,-1.1379144,-49.53766,3.043526,1.6702763,20.317211,-1.0512363,0.35724837,-37.31701,-1.052659,-1.6553435,-7.5068197,3.7542698,0.35153544,1.5447018,2.5034335,2.1264327,17.474525,0.88359016,-0.17472641,13.842317,2.1638217,0.18799262,13.375544,2.201919,-0.34786376,-11.7441,1.9394078,0.7224963,5.694532,-1.8528899,-0.17919315,10.017555,0.068424806,-0.9246289,0.7981518,0.5687292,0.5438162,0.60760635,0.56885105,0.44457462,0.37198874,0.40897217,0.5079428,0.63317263,0.7126306,1.0,1.5932713,-9.599913,-11.2502,2
7.116916099773243,0.019673657,4643.2078900277975,2068.903074276253,6847.55859375,4.145757675170898,4478.558359376676,0.01010197459374499,-457.4833,1.0730149,5.2400217,-51.043633,-3.2873278,-1.902292,-41.088943,3.3429437,0.2524034,24.224457,-0.72811675,-0.59761876,-29.751312,-1.7674443,-2.5344834,-3.9090686,3.553036,-0.111420095,-0.8191291,3.5311394,1.7297795,21.923378,0.71678424,-1.1966957,18.017767,2.1551075,-0.54060525,8.5794735,1.7650634,0.061339024,-10.317198,2.1498878,0.3161038,3.9326077,-1.7182125,-0.32617357,11.43735,-0.6852173,-1.0660974,0.85493493,0.6305451,0.66242033,0.7030209,0.7499441,0.6893777,0.42486617,0.43699265,0.54173315,0.64741606,0.72068614,1.0,1.6787637,-9.418016,-10.964215,2
7.128526077097506,0.021102704,4909.991625932622,2067.8017683670773,6965.9912109375,13.317841529846191,4452.763761318285,0.010467533617069905,-465.68082,3.412687,5.8889084,-53.36592,-3.7320862,-1.412993,-27.503887,2.9240785,-1.356408,23.819101,-0.78480506,-0.83765674,-35.20598,-2.776223,-2.0003772,2.0542426,2.9482818,-0.6767507,5.8829784,3.991969,0.6627302,27.52724,-0.02045455,-1.5244718,23.460884,1.5804195,-1.0617725,3.6530871,1.0649339,0.06947892,-6.6407223,1.8204637,-0.34648836,1.6107309,-1.6303058,-0.11448467,11.660593,-1.3236179,-0.88837487,0.9486957,0.6319689,0.60100204,0.64655447,0.95125353,1.0,0.5187392,0.4424407,0.49456465,0.5033989,0.54550284,0.77703667,1.5993128,-9.434115,-10.78565,2
7.1401360544217685,0.04379383,5018.288058191078,1927.5977459699882,6965.9912109375,36.05714797973633,4427.1177292125085,0.010824463728234167,-433.5142,6.12882,3.8151333,-68.96458,-3.8523526,-0.06072075,-22.781445,1.7742442,-2.5902905,19.618202,-0.94182295,-0.3589818,-52.527103,-3.7748833,-0.6077565,8.379652,2.2682867,-1.1080676,22.088955,4.1274905,-0.4568215,19.157997,-0.9017598,-1.0758283,22.351154,0.37227625,-1.4706622,14.455673,0.6550864,-0.031524215,-1.7408609,1.2023954,-0.9524912,-3.035512,-1.4994045,0.39774093,6.644187,-1.726444,-0.3614115,1.0,0.50219434,0.3092915,0.38462105,0.6360483,0.6612037,0.33642003,0.28041422,0.31283268,0.34692475,0.4401997,0.747095,1.3537859,-9.959643,-11.52535,2
7.151746031746032,0.06802541,5034.910010372787,1882.3787352437207,6955.224609375,37.47489929199219,4427.1177292125085,0.011085791888943375,-409.48663,8.617236,0.30990416,-79.64652,-3.6669006,1.441121,-25.148376,0.13983415,-2.6959786,14.899405,-1.0308505,0.40258268,-60.13036,-4.298956,1.0018147,10.369579,1.7584765,-1.0909454,28.73099,3.9356809,-1.39855,15.862315,-1.4740598,-0.25416258,21.657082,-1.1819007,-1.745439,20.188042,0.7551765,-0.27285105,2.1053321,0.46122912,-1.3634025,-5.361169,-1.2598078,0.70830244,1.881938,-1.8130035,0.2563377,1.0,0.4690572,0.25154203,0.33371726,0.573602,0.59276843,0.29387075,0.23450084,0.26553065,0.31250313,0.4072305,0.7259162,1.0092709,-9.9930525,-11.972101,2
7.163356009070295,0.07954891,5011.101324013077,1869.8178903715038,6933.69140625,23.254093170166016,4326.002220531986,0.011422334250709074,-397.7882,9.593293,-3.0773008,-82.44263,-3.0511296,2.2689025,-30.038181,-1.7461231,-1.6626701,13.186967,-0.8327392,0.9677875,-61.15912,-3.7088954,2.1666787,8.689426,1.1234025,-0.71742946,27.497246,3.2389934,-1.8052199,13.746038,-1.5998558,0.65106523,21.079468,-2.4849262,-1.3680165,17.925695,0.8626004,-0.7676851,-0.062039644,-0.36083868,-1.2312787,-5.328804,-0.7037135,0.7703896,0.045074224,-1.6060817,0.7681283,1.0,0.4541723,0.24654931,0.33474845,0.5644286,0.56736106,0.2763443,0.21679357,0.2512445,0.29852784,0.39961478,0.73304784,0.8667573,-10.053966,-12.105424,2
7.174965986394557,0.07633116,4931.445324417673,1860.872450291389,6826.025390625,12.995442390441895,4301.086281177372,0.011422334250709074,-397.44485,7.5851674,-4.2195854,-79.81586,-1.6065433,1.9728149,-34.976913,-3.315696,-0.41614574,13.792724,-0.23496932,0.94057673,-60.897934,-1.5922586,2.2969449,6.386941,0.121747635,-0.5090852,25.645952,1.8328444,-1.2563307,11.626107,-1.1858997,1.2052397,18.403248,-2.974139,-0.31162181,13.263221,0.24186759,-1.0400202,-4.0795975,-1.10615,-0.62396246,-4.756862,0.11408172,0.8045682,-1.1085604,-1.04269,0.9610811,1.0,0.43429434,0.27518994,0.38327277,0.5989637,0.5448101,0.26140797,0.21388718,0.26911157,0.31145772,0.4475339,0.83981246,0.88183606,-9.908318,-12.17313,2
7.186575963718821,0.074929476,4790.572916207677,1828.089371388726,6567.626953125,27.533145904541016,4251.684091691332,0.011422334250709074,-396.69043,3.6262782,-2.5859463,-76.4095,0.26990497,0.86838,-40.297123,-3.7064621,0.2972224,16.136826,0.40166575,0.45106828,-61.926674,0.77657515,1.5859712,6.0585346,-1.283836,-0.8757556,27.023388,0.40441665,-0.306367,11.528849,-0.29844174,0.6428493,11.642513,-2.4905903,0.68233025,13.1486025,-0.87582356,-0.28126776,-6.8746586,-1.4890296,0.1863431,-3.3973608,1.0980737,0.7560184,-0.6765094,-0.29858193,0.6260671,0.8101985,0.3295286,0.30780873,0.47730103,0.616324,0.42507038,0.21544419,0.2340876,0.32076782,0.35569274,0.59718233,1.0,1.3108809,-9.886419,-12.311162,2
7.198185941043084,0.08400718,4747.415039287582,1804.5594490176063,6567.626953125,30.43310546875,4251.684091691332,0.011422334250709074,-392.27292,1.2649114,-1.1809574,-75.30548,1.2060368,0.07934285,-42.483315,-3.0468764,0.8443581,17.541174,0.8813111,0.034979258,-62.665848,2.0363278,1.13795,9.150833,-2.6497033,-1.548141,28.464466,-0.18726988,-0.18427151,12.463081,-0.068731576,0.1361765,3.7419863,-1.9101943,1.3199245,15.603772,-1.050255,0.22946095,-9.107835,-1.4202322,0.7008926,-3.9479895,1.9371854,0.82005405,-0.05774828,0.22908337,0.27728754,0.5626761,0.22647715,0.30290806,0.48432887,0.54335773,0.31059423,0.17703125,0.24143489,0.34155953,0.37044019,0.6507122,1.0,1.4591895,-9.87388,-12.450595,2
7.209795918367347,0.08754576,4728.815499796471,1796.3514168815864,6556.8603515625,18.7597713470459,4130.646898772784,0.011422334250709074,-390.06216,0.26073304,-0.5551659,-76.59111,1.2858691,-0.19020192,-44.831245,-1.7543505,1.3930129,18.459173,1.1628461,0.005229568,-59.898163,2.511004,0.6377295,9.775744,-3.6383672,-1.7521833,29.1337,-0.63079035,-0.70865345,14.097286,-0.15869819,-0.36052233,1.7008252,-1.3018422,1.3966362,14.940207,-0.6213956,0.24793838,-9.766313,-0.70491034,0.8455925,-2.4242067,2.5064108,0.74958634,0.5428524,0.5837536,0.19381851,0.5184082,0.21522895,0.30275992,0.48563316,0.53141063,0.29414546,0.17091392,0.24686435,0.345501,0.37387106,0.6625194,1.0,1.5665036,-9.940515,-12.403426,2
7.22140589569161,0.07838594,4673.968345195086,1844.7400898090316,6589.16015625,8.396306037902832,4130.646898772784,0.010824463728234169,-393.37363,-0.2919698,-0.7103298,-75.42297,1.2412153,0.08490474,-49.469772,-0.31040892,1.6942264,19.105484,1.255264,0.10943782,-52.10193,2.7219126,0.046117377,4.100484,-4.2989354,-1.2237518,28.343811,-1.5470846,-1.2876663,15.788193,-0.49311283,-0.743408,5.6533318,-0.45794392,1.03228,10.404109,-0.23507684,0.17607947,-9.904145,0.2434195,0.8961202,1.6740272,2.8372757,0.42777103,1.7464821,1.0221261,0.3262119,0.5082248,0.22567666,0.31513026,0.5277787,0.5645234,0.2924531,0.17001127,0.26077834,0.35941517,0.38801542,0.6883378,1.0,1.5331573,-9.886929,-12.366115,2
7.233015873015873,0.06859447,4592.98776486181,1911.8918418246828,6664.5263671875,16.87420654296875,4106.8561232764905,0.010824463728234167,-396.36078,-1.1627848,-0.8327296,-72.13702,1.5592618,0.52774674,-50.864197,1.0547086,1.6349134,18.915413,1.1205844,0.07875756,-47.0883,2.9752126,-0.36038476,-7.410199,-4.734682,-0.16867878,26.922733,-3.010223,-1.646057,14.352096,-1.0882885,-0.8490023,10.349749,0.8364564,0.67873245,9.563876,-0.40690467,0.102673866,-8.960001,1.1041323,0.8783602,6.5046806,2.607003,-0.3333682,1.7554576,1.6214864,0.6776181,0.5006583,0.2599371,0.37348455,0.66001815,0.56864065,0.25200602,0.16868508,0.29507533,0.39263454,0.43540075,0.7648099,1.0,1.601907,-9.739799,-12.077401,2
7.244625850340136,0.06763298,4629.431625884294,1940.1043412649108,6858.3251953125,20.674291610717773,4106.8561232764905,0.010622609040911533,-395.2762,-2.1722462,-0.7218772,-71.43622,2.0694435,0.6173369,-46.85205,2.0408723,1.2614422,20.58577,0.9511476,-0.111474454,-45.043686,3.1010087,-0.42648318,-17.087326,-4.8424406,0.97195375,24.476318,-4.400242,-1.5996906,11.653646,-1.6569628,-0.6282158,9.911837,2.2463992,0.68710744,11.687237,-0.80175626,-0.09814262,-8.889492,1.7235875,0.64189744,11.362766,1.7414832,-1.4174073,2.3030393,2.3561966,0.946216,0.5160873,0.30762392,0.4883971,0.82515866,0.56484145,0.2109789,0.17966002,0.33934668,0.44313747,0.51355493,0.8731011,1.0,1.579756,-9.578324,-11.925666,2
7.2562358276643995,0.065057136,4673.305710809887,1941.904836275852,6922.9248046875,13.326579093933105,4083.2023725641075,0.010259050559778863,-395.39334,-2.5389867,-0.39782128,-71.54619,2.2922738,0.20892856,-40.416935,2.7689357,0.51892626,23.754503,0.93974036,-0.1453548,-45.444912,2.6774588,-0.3707,-20.283428,-4.393198,1.4528445,18.993107,-5.2301235,-0.9519135,9.10201,-1.8197865,0.010457224,8.088939,3.147835,0.97598207,12.879028,-0.8510675,-0.32336554,-5.7865252,1.7868252,0.06843588,13.821112,0.35936555,-2.0368404,4.575637,2.915331,0.8167462,0.53730834,0.33009565,0.5266532,0.881943,0.5539514,0.20607348,0.21015182,0.37792644,0.48228672,0.5563611,0.92879444,1.0,1.5886687,-9.574639,-11.690631,2
7.267845804988662,0.05457557,4742.984216913363,2002.7558461052759,6976.7578125,6.168985843658447,4083.2023725641075,0.010191075496968311,-399.72092,-2.2041402,0.041273903,-67.893265,2.1691763,-0.11440541,-35.850582,3.097925,-0.4134586,25.272068,1.0293753,-0.08161365,-44.444115,1.639542,-0.50576913,-20.92505,-3.2453773,1.3176589,11.009211,-5.2442613,0.17766201,6.390559,-1.5405829,0.6805212,8.952114,3.359124,0.93029296,13.241599,-0.61924076,-0.3426132,-1.5551542,1.6350445,-0.42294037,15.000818,-1.0313073,-1.8341475,8.800676,2.9788527,0.16512378,0.596937,0.4017203,0.5608756,0.9412721,0.57627285,0.24424115,0.28119954,0.43397504,0.5327225,0.5942802,0.9369513,1.0,1.4511293,-9.4890585,-11.411506,2
7.279455782312925,0.041546464,4943.80577913766,2220.5159448761933,7493.5546875,6.876761436462402,4178.642703821395,0.010191075496968311,-405.40497,-2.0150905,0.37977824,-62.098885,2.05365,-0.20877266,-32.31263,2.535216,-1.170873,24.129684,0.86156887,-0.23992789,-39.95597,0.57287914,-0.9902318,-22.078243,-1.4027169,1.2474966,0.9986559,-4.352869,1.5574985,3.2901871,-0.93363655,0.9417816,16.02308,3.0052035,0.058539808,9.526469,-0.3774157,0.20221591,1.779258,1.6255889,-0.42935386,10.951233,-2.0040593,-0.9810178,14.846437,2.4663146,-0.8829575,0.68307215,0.5336042,0.6441911,1.0,0.6056032,0.3496305,0.37838235,0.46414444,0.55511117,0.5703937,0.786888,0.898179,1.4160675,-9.433916,-11.273379,2
7.291065759637188,0.03637938,5098.071385589089,2388.5345536683326,8301.0498046875,16.448833465576172,4178.642703821395,0.010259050559778863,-410.41772,-2.681836,0.048550162,-59.04556,2.3040454,-0.13286208,-30.680603,1.4276586,-1.3541598,23.26244,0.25631115,-0.48353577,-35.347115,-0.23315436,-1.288894,-23.864212,0.45736924,1.5294002,-5.788169,-2.7230697,2.60103,1.7253019,-0.35562465,0.8078717,25.612095,2.2124777,-1.4492674,5.3901978,-0.0017688434,0.8830781,3.1189353,1.7146674,-0.20675644,3.650175,-2.6516936,-0.09774472,20.32537,1.3572748,-1.8073279,0.87328863,0.5884879,0.696155,0.99467623,0.6788785,0.49586236,0.43545833,0.43808803,0.505986,0.5087605,0.67426145,1.0,1.3560429,-9.457539,-11.129735,2
7.302675736961452,0.043042734,5064.400952110405,2366.4329457939803,8268.75,20.789304733276367,4227.196193261513,0.010191075496968311,-409.73062,-4.4339347,-1.5013992,-60.39487,2.9337585,0.3996786,-29.415237,0.6439815,-0.8213923,25.658852,-0.50964093,-0.67901176,-36.018448,-0.5705774,-0.97334546,-26.855253,1.987258,1.9252579,-7.3903522,-0.67017305,2.8074646,4.1943827,0.0059898514,0.39345506,31.352543,0.6956885,-2.7810345,5.56474,0.38225284,0.9984823,0.065541536,1.5460206,0.079396985,-1.6486235,-3.0472474,0.3402979,22.168749,-0.21939969,-2.2579706,0.9563177,0.49871233,0.52944994,0.68619376,0.6354488,0.5327616,0.3705283,0.33200598,0.36338928,0.37480047,0.5648664,1.0,1.4870613,-9.44565,-11.141117,2
7.314285714285714,0.051748253,4922.176086042235,2201.182637563749,7353.5888671875,19.316509246826172,4227.196193261513,0.010259050559778863,-406.3347,-5.492424,-2.1132882,-60.249092,2.95271,0.5510297,-29.199417,1.0795985,0.5118628,28.056404,-1.5685523,-1.2347983,-42.031708,-0.7461255,-0.16894835,-26.159239,2.85298,1.4849013,-4.954434,1.3476331,2.171595,6.714863,0.21381189,-0.08313783,30.454432,-1.0715638,-2.8531506,8.101509,0.52162874,0.42598754,-0.043294817,0.9364402,-0.11922155,-3.1068404,-2.9946165,0.5695257,19.54044,-1.3504412,-1.5194576,0.9965485,0.4393854,0.4127778,0.48353505,0.5816616,0.5202752,0.3260735,0.28982332,0.30698493,0.34076375,0.5303908,1.0,1.5070295,-9.635958,-11.183309,2
7.325895691609977,0.051660635,4813.780615613909,2073.916722038856,6718.359375,7.641872406005859,4202.849334748248,0.010259050559778861,-408.45044,-3.463828,0.62927,-57.510197,2.2920911,-0.030591156,-32.868774,2.106669,1.6550069,25.786203,-2.6542242,-1.6267843,-47.741577,-1.5882502,0.044149432,-17.626314,2.9967947,0.20003095,1.0938373,2.913583,1.0149541,7.6717634,0.43388197,-0.28006968,24.224056,-2.4709594,-1.4365628,12.211931,0.68331283,-0.36054552,4.694629,0.11466119,-0.6678997,-2.131476,-2.1975338,0.67351735,14.144396,-1.5362904,0.16831441,1.0,0.40562654,0.34740505,0.40275753,0.5433873,0.5081764,0.31839097,0.30029142,0.32064697,0.34788507,0.5192881,0.99035406,1.3655131,-9.537007,-11.50639,2
7.337505668934241,0.04044923,4762.637304061973,2057.4703659816555,6642.9931640625,2.1788432598114014,4202.849334748248,0.010259050559778863,-421.32263,0.47408447,4.4474063,-51.65062,1.419168,-1.0537714,-35.148224,2.9589894,1.7458977,21.132202,-3.5492127,-1.2862076,-49.009087,-2.14137,0.12776627,-8.408277,2.623225,-1.1940389,7.1337996,3.644649,-0.044891663,7.003761,0.66939485,-0.016623098,16.41414,-3.2732382,0.24493141,15.721504,0.6119636,-0.8404569,8.642153,-0.43003812,-1.0086902,-4.244403,-1.0890807,0.7486188,8.285132,-1.3793123,1.2755872,1.0,0.40359563,0.3212298,0.3987336,0.534804,0.50441325,0.34223267,0.36223352,0.39695278,0.38398305,0.524051,0.98584324,1.1630245,-9.591192,-11.719389,2
7.349115646258503,0.02426221,4767.994988148243,2168.0824760492756,6858.3251953125,2.5869083404541016,4202.849334748248,0.010073751764282884,-445.1991,4.580984,6.9905005,-41.715256,0.34481508,-2.0689824,-31.376205,3.5538855,1.1368244,17.188038,-4.1309257,-0.31358418,-45.015892,-2.1988838,-0.14726298,-1.5143477,1.6969787,-2.2526455,11.591045,3.593211,-0.68983054,5.293778,0.94549716,0.5783778,7.6166744,-3.2665377,1.2798976,14.732333,0.15491816,-0.8034519,9.088676,-0.8589698,-1.1966888,-9.223076,-0.049989954,1.0178685,2.218553,-0.9822263,1.4043256,1.0,0.48423705,0.39654443,0.5371147,0.63141304,0.55335623,0.44060928,0.53741026,0.63707185,0.5206819,0.58215976,0.9892457,1.106474,-9.328632,-11.64012,2
7.360725623582766,0.019012162,5190.827267781502,2425.621767543476,8161.083984375,7.736379146575928,4202.849334748248,0.01010197459374499,-447.12927,8.008131,6.709756,-43.308975,-1.071258,-2.3768227,-17.261728,3.8067775,-0.011114333,7.9832993,-4.0208707,0.7694596,-42.07929,-2.169645,-0.6593406,-3.5884771,0.07562231,-2.4826026,14.697384,3.0470946,-0.88852984,4.5864697,1.4364699,0.9786261,5.56456,-2.6402967,1.3763425,10.334181,-0.41768637,-0.46541548,3.0905046,-1.5101609,-0.8302442,-10.719694,0.86724234,1.3552543,6.0411787,-0.45149574,0.78820634,0.83315,0.5980951,0.6290588,0.718046,0.699884,0.59345937,0.56560427,0.6551297,0.74270093,0.66635585,0.7513771,1.0,4.3966794,-8.468535,-5.9318223,9
7.3723356009070296,0.033026967,5374.343125845832,2412.5276142158723,8311.81640625,24.293460845947266,4059.684857430953,0.01000123296498612,-408.3475,10.534595,3.4341831,-51.00938,-2.5668275,-1.8296155,-8.309065,3.2720437,-1.6842153,1.7421353,-3.1038392,1.5100596,-52.487526,-2.4001427,-0.8124369,-9.4413185,-1.7732775,-1.6764432,16.82548,2.2455192,-0.7713407,7.0306187,1.8722006,0.7871472,9.372349,-1.8450631,0.76216435,9.579379,-0.79807836,0.058283973,-3.1624305,-1.9929485,0.07876975,-7.1627545,1.6429793,1.2972984,15.304151,-0.061314855,-0.15091136,0.7237571,0.56356996,0.5831142,0.63745075,0.55389625,0.47789314,0.47914502,0.5197711,0.5236966,0.5469335,0.74290276,1.0,1.0125384,-9.735125,-10.799823,2
7.383945578231293,0.049429152,5389.299555093816,2388.964454578791,8257.9833984375,27.511459350585938,4036.3027932178297,0.01000123296498612,-374.75934,11.6649,-1.6799201,-57.21595,-3.6918535,-0.53127956,-8.467379,1.3824039,-3.186343,0.1478802,-1.7219956,1.8920779,-55.773487,-2.5809422,-0.11181541,-12.889662,-2.7591307,-0.2710691,18.269482,1.4329264,-0.6729866,11.297741,1.8543749,-0.06819188,9.595449,-1.0650413,0.13777366,9.812237,-0.7376323,0.49092937,-3.576069,-1.8132942,0.9292709,-2.9711106,2.1568148,0.43678752,14.515226,0.03355453,-0.8960823,0.71778256,0.54522985,0.54468536,0.60269535,0.5294956,0.45324042,0.45604885,0.49900162,0.48961425,0.5196437,0.72332364,1.0,1.2607548,-9.759043,-10.89084,2
7.395555555555555,0.061708365,5426.521304918529,2339.3991193928264,8150.3173828125,22.27239227294922,4130.646898772784,0.01001876450976914,-358.29718,10.451562,-6.414034,-62.83332,-4.0371823,0.92601186,-8.407462,-1.6546865,-3.7372887,-0.06438351,-0.041233353,2.0011587,-58.054844,-2.2686543,1.1148522,-16.650204,-2.5443578,1.1081345,19.333157,0.78737885,-0.5833212,15.864576,1.2054422,-1.2041005,8.136962,-0.37270263,-0.09227527,9.268574,-0.31481317,0.48079997,-4.8529825,-0.86714596,1.4094838,1.634192,2.1702576,-0.7124265,11.185375,-0.18555538,-1.0481948,0.75986433,0.5456029,0.48759726,0.5654777,0.5351246,0.4231796,0.4240102,0.48202237,0.45269227,0.49941817,0.6925153,1.0,1.6903044,-9.764919,-11.033933,2
7.4071655328798185,0.06813453,5397.146873077047,2268.0072044896083,8010.3515625,21.788000106811523,4106.8561232764905,0.01001876450976914,-356.3222,6.292738,-7.258471,-67.21942,-3.461268,1.1659182,-9.550945,-4.7397127,-2.864315,1.4849242,1.7146499,1.4927171,-61.591324,-1.1059691,1.927676,-21.534552,-1.198294,1.8336824,20.196045,0.16192032,-0.60198367,19.536102,0.07848821,-1.9217417,5.885728,-0.14866844,0.22869958,8.286604,0.19176732,0.30500025,-6.3631124,0.5198009,1.3251504,5.9258175,1.5277424,-1.3644044,8.600822,-0.82280445,-0.28073114,0.82336694,0.5580191,0.42681536,0.53145343,0.56461626,0.3955063,0.3792014,0.48005655,0.43526456,0.4914362,0.66213316,1.0,1.9929852,-9.718619,-11.223783,2
7.418775510204082,0.07141399,5236.367753134224,2197.4688712059956,7891.9189453125,20.77486801147461,4083.2023725641075,0.01010197459374499,-360.72528,0.88033295,-4.206048,-70.30023,-2.9464922,0.5415528,-16.669037,-6.5616183,-1.5932946,4.54914,2.769497,0.80776495,-64.36401,0.6929071,1.7153095,-24.487547,0.6740283,2.2096608,20.215862,-0.5747755,-0.75173306,19.3923,-1.2866212,-1.8943068,3.1765532,0.040905874,0.7729986,8.6792965,0.5463012,0.39708626,-5.308176,1.5732791,0.9704854,7.5197673,0.51505315,-1.3634939,6.3859825,-1.1749359,0.5914698,0.80830705,0.51011777,0.36728242,0.5040748,0.60188574,0.4051958,0.32678097,0.44128036,0.44611973,0.50825006,0.6845226,1.0,2.2106042,-9.759492,-11.603244,2
7.430385487528345,0.072845116,4975.627337767912,2096.16558225753,7633.5205078125,24.044452667236328,4083.2023725641075,0.01010197459374499,-367.6206,-2.5004125,-1.1823125,-70.67848,-2.6364515,0.04979549,-29.273335,-7.107198,-0.26936024,8.48226,3.0291588,0.059299044,-62.06428,1.8001113,1.4066826,-21.790081,2.3943703,2.1716168,18.782833,-1.3328521,-0.8390854,14.562186,-2.4892035,-1.2423476,3.916874,0.6019455,0.89107436,10.298287,0.8373746,0.39717144,-2.6101747,1.8227894,0.39735764,5.028696,-0.45211193,-1.0257984,5.4127502,-0.8026727,0.61558974,0.7551159,0.4089901,0.30042398,0.4983322,0.64922476,0.4217122,0.26613572,0.3551064,0.44333178,0.48695225,0.69393,1.0,2.2742703,-9.844477,-11.950711,2
7.441995464852607,0.07418011,4725.291643075801,1990.1007655414585,6836.7919921875,21.78950309753418,4154.575492829486,0.010349055133375844,-376.47757,-3.7578704,0.4610165,-69.59956,-2.413928,-0.22077318,-42.73692,-6.865417,1.2259297,14.457554,2.768051,-0.67667097,-56.66426,2.5375688,0.7049578,-16.344173,3.6121535,1.2972884,18.160809,-1.903615,-0.65438855,7.6531925,-3.050927,-0.10675533,7.2872276,1.1420137,0.6015847,10.8685055,1.176973,0.30399272,2.1266305,1.487893,-0.63338953,1.954001,-1.0897061,-0.36085737,5.8442287,-0.5239424,0.2316967,0.7608509,0.35097024,0.2840107,0.49891397,0.6644084,0.43359783,0.241877,0.29849133,0.44072494,0.46950236,0.6724387,1.0,2.0903935,-9.798844,-12.083293,2
7.453605442176871,0.07575111,4659.035071768349,1928.1893528081278,6481.494140625,19.456859588623047,4154.575492829486,0.010349055133375844,-379.603,-3.7723708,0.80848956,-72.68736,-2.1248827,-0.06953187,-50.068157,-5.804179,2.2789602,18.845913,2.127036,-1.1325295,-50.813583,2.7688346,-0.34009328,-9.976202,3.7616487,-0.39809063,15.64734,-2.1266723,-0.18512097,2.782709,-2.8786793,0.98842156,8.977764,1.3888141,0.006270156,12.14814,1.4311416,0.14734502,6.5515733,0.6558474,-1.5416007,-0.11242175,-1.1233273,0.468898,6.5451393,-0.42951396,-0.11345265,0.8069195,0.33367229,0.28361365,0.4441574,0.59948593,0.403509,0.26240858,0.2990185,0.4436884,0.49373245,0.6324481,1.0,1.862001,-9.851784,-12.28131,2
7.465215419501134,0.07801078,4735.539588679507,1906.9378797382192,6427.6611328125,25.262155532836914,4154.575492829486,0.013100262550513395,-379.59497,-3.4862087,0.40925914,-79.355316,-1.4351543,0.67089015,-53.43743,-4.004956,2.427911,20.250763,1.1893651,-1.2975668,-46.3909,2.3139298,-1.2446234,-1.6051223,2.8346403,-1.9427197,11.10993,-1.87132,0.44953668,-0.5332553,-2.1544585,1.4321761,11.3662815,1.3123467,-0.5390034,14.719083,1.4839264,0.015735557,8.412984,-0.37968564,-1.7105188,-1.5165979,-0.4895055,1.0874707,7.1252675,-0.4397933,-0.30304363,0.9484175,0.4189457,0.30612126,0.4134971,0.5716371,0.46986997,0.36543447,0.32041702,0.4294442,0.48487508,0.6017054,1.0,1.6869736,-9.928661,-12.327518,2
7.476825396825397,0.08014972,4817.761285969413,1911.3834429112896,6438.427734375,21.82225227355957,4154.575492829486,0.013100262550513395,-380.7137,-3.2229884,-0.18288134,-81.81242,-0.4449281,1.585548,-54.527298,-1.9157546,1.9069299,19.191305,0.18664326,-1.1062471,-44.833584,1.2141095,-1.5718929,3.9270654,1.5345613,-2.2725627,7.2322354,-1.1529415,1.0715404,-2.4304652,-1.190181,1.1785477,13.628956,0.95906603,-0.62179744,15.806904,1.4368497,-0.07325385,5.5002527,-1.0573838,-0.9680616,-2.9791358,0.32089406,1.0597209,6.6834965,-0.49738318,-0.22824256,1.0,0.46863082,0.2925499,0.3409596,0.48414332,0.47209093,0.41009644,0.3034858,0.34670934,0.39814916,0.4730535,0.8372133,1.4923831,-9.821048,-12.110627,2
7.48843537414966,0.08252095,4843.654889652444,1909.3107206849875,6610.693359375,22.75967025756836,4154.575492829486,0.018187375734912182,-383.94116,-3.1874452,-0.64539075,-83.067726,0.45272866,1.7636716,-54.073547,-0.07084929,1.2843568,17.73487,-0.55080515,-0.4767633,-44.35885,-0.16894093,-1.4858185,4.041205,0.3794176,-1.6399671,5.8386283,-0.01945274,1.6512332,-0.5167549,-0.17565717,0.7709602,14.09966,0.381906,-0.5765099,17.800587,1.451663,-0.12244052,-0.5831283,-1.2141879,0.29606766,-2.229222,0.7188443,0.48745,4.111494,-0.44866526,0.10508475,1.0,0.46606013,0.26529613,0.28779012,0.41621697,0.42459047,0.37164724,0.26164183,0.29005313,0.34725627,0.4264564,0.74361444,1.2964592,-9.726853,-11.938023,2
7.500045351473923,0.08497855,4796.654554873892,1903.667888122891,6869.091796875,23.811059951782227,4154.575492829486,0.020317628556360583,-388.16995,-3.6704676,-0.6216574,-81.51113,1.0352875,0.79098153,-53.25814,1.1125388,0.8964487,16.698341,-0.75950235,0.16592075,-46.24637,-1.4478266,-1.1559784,-3.0497224,-0.46139887,-0.5378232,6.6169043,1.5349288,1.8822204,1.8306417,0.758267,0.610537,12.649804,-0.26651686,-0.66089803,19.195808,1.3666356,-0.11596371,-5.6959896,-0.88433087,1.296822,1.2592168,0.71250737,-0.20527363,2.9083467,-0.3959992,0.3111693,1.0,0.44884324,0.21932748,0.23245092,0.35089335,0.34141067,0.27163678,0.20418027,0.24856903,0.3075934,0.40208855,0.7354975,1.2035488,-9.748452,-11.542002,2
7.511655328798186,0.08490282,4740.9249187709565,1927.8568795427195,6944.4580078125,19.9272403717041,4154.575492829486,0.02616802860893576,-393.59692,-4.42894,-0.52514726,-74.68771,1.2093413,-0.50373524,-51.971672,1.6771775,0.45657006,14.50255,-0.6216314,0.46445653,-49.166206,-2.5124168,-0.84954983,-9.691717,-0.71988606,0.7759294,9.535376,3.1160712,1.6213241,2.0123475,1.5079864,0.5203592,11.743042,-0.8973906,-0.56325096,19.884321,1.0435183,-0.23282762,-7.0713897,-0.19670074,1.5495788,5.8125844,0.39937857,-0.8031748,2.499164,-0.43457815,0.22597294,1.0,0.43292487,0.18674153,0.20529589,0.3146285,0.2908483,0.20173024,0.16465326,0.23164652,0.2860327,0.38001528,0.7179104,1.1757178,-9.866418,-11.645842,2
7.523265306122449,0.08229292,4706.144732086498,1939.8112665227402,6826.025390625,11.228459358215332,4154.575492829486,0.02616802860893576,-397.7559,-5.0580263,-0.48633566,-68.196304,1.1213145,-0.97842807,-49.329567,1.7501831,-0.052118044,12.95092,-0.3392914,0.45333168,-52.2678,-3.2260346,-0.5651971,-8.635826,-0.17253508,1.6063288,13.790829,4.1561627,0.90821064,1.412013,1.8029423,0.27672464,12.441639,-1.375503,-0.38939145,20.794962,0.5811685,-0.5197808,-3.1996071,0.6596018,1.01514,6.440506,-0.16417174,-1.1523693,3.032641,-0.3361156,0.08020984,1.0,0.4184994,0.17518222,0.20954512,0.32065642,0.28740868,0.19338256,0.1547061,0.22409333,0.26614073,0.36452577,0.75268686,1.1772707,-9.911387,-11.617012,2
7.534875283446712,0.08163745,4697.740749911301,1902.1726476930487,6578.3935546875,23.539461135864258,4083.2023725641075,0.03489742801962526,-401.80954,-5.2025084,-0.21319303,-68.58605,0.9850432,-0.84139115,-45.40377,1.511658,-0.48192984,14.114069,-0.015432263,0.3699566,-56.366863,-3.3702235,0.0016588896,-5.870697,0.8043912,1.4437209,20.20251,4.5582523,0.090086065,3.7082787,1.6968211,0.06980954,10.474319,-1.7026473,-0.32443476,22.728489,-0.009293684,-0.6883298,1.7684462,1.3524649,0.14376444,3.09779,-1.0044578,-1.0934906,5.0054626,0.010121914,0.057523545,1.0,0.39188138,0.1641054,0.20826256,0.32497546,0.303581,0.2117,0.17781773,0.24784304,0.29534975,0.4089502,0.8473882,1.1906377,-9.862086,-11.726792,2
7.546485260770975,0.0827913,4696.340517991281,1851.9168758502933,6503.02734375,23.723852157592773,4083.2023725641075,0.03489742801962527,-407.06406,-4.719037,0.44100714,-74.13806,0.4242443,-0.50013965,-42.529655,1.0704811,-0.78824085,15.984171,0.17295326,0.13939215,-60.130062,-2.8170986,0.721532,-3.9833276,1.5300778,0.2901295,27.648354,4.41828,-0.61838156,8.422049,1.4827348,-0.23620711,6.8317957,-1.9695094,-0.32503456,23.625656,-0.4602647,-0.64478326,4.242009,1.4729635,-0.6246251,0.3941251,-1.8735932,-0.65126514,4.4235153,0.3778744,0.24821611,1.0,0.34385303,0.1630967,0.21940465,0.34013775,0.33392256,0.22767477,0.20392159,0.2813266,0.33337808,0.46477464,0.9678085,1.0751469,-9.863085,-11.882183,2
7.558095238095238,0.079381086,4678.051957531168,1815.1860472028604,6319.9951171875,19.101093292236328,4036.3027932178297,0.022944219124638603,-414.93564,-3.9376836,1.0102336,-77.54051,-0.47813988,-0.11308564,-42.59503,0.41689274,-0.92779523,16.0789,0.15983504,-0.26152825,-65.09543,-1.87007,1.3134987,-0.11814136,1.3629731,-0.9202255,33.563488,3.8371491,-1.0732248,11.939296,1.2068549,-0.65567154,4.8680043,-2.3456843,-0.29245317,21.644054,-0.71706194,-0.37995508,4.6062727,0.8731052,-1.0626606,-2.0146933,-2.3923178,-0.06257535,1.8235232,0.6863991,0.4183492,0.9193425,0.29675022,0.16940965,0.24344803,0.35504517,0.33870187,0.22610344,0.20372042,0.28345004,0.3371297,0.49122268,1.0,1.1057407,-9.753017,-12.115986,2
7.569705215419501,0.07243504,4614.253699671099,1770.1256788487358,6018.5302734375,16.074880599975586,4036.3027932178297,0.0229442191246386,-421.83804,-3.1165807,1.3630712,-74.35007,-1.0886898,0.0047054375,-43.889656,-0.33750483,-0.79033,15.798119,0.021350447,-0.40626022,-68.92966,-0.844158,1.4994822,3.9700966,0.34899408,-1.4971578,35.598522,2.9425023,-1.238397,11.551945,0.73569554,-0.9159819,3.146338,-2.5214894,-0.020118231,18.715864,-0.8681365,-0.0015071646,4.323271,-0.20231107,-1.0786605,-4.491364,-2.1552634,0.46202922,1.9735818,0.7129224,0.31761563,0.75596136,0.2470599,0.19373775,0.30386594,0.40946648,0.3479752,0.22885337,0.20086934,0.2797476,0.35369742,0.5606087,1.0,1.191468,-9.734158,-12.193976,2
7.581315192743764,0.06965284,4576.769930375911,1762.451067664122,5943.1640625,19.959800720214844,3944.1135100117936,0.03489742801962526,-423.73132,-2.212117,1.3631649,-70.75104,-1.004282,-0.15769629,-44.81334,-0.83131194,-0.3007189,16.632067,0.044401534,-0.012500951,-67.96956,0.09467672,1.1932218,4.892296,-0.8290762,-1.6163265,36.997765,1.7957463,-1.1455534,10.9286,0.09463616,-0.7225294,0.5275292,-2.0388317,0.44572863,16.4336,-0.8804902,0.38358307,4.4901648,-1.1278851,-0.81335944,-7.5579195,-1.2180532,1.004304,4.9544983,0.43002817,-0.07788392,0.61731166,0.21735436,0.19308329,0.31257522,0.41030148,0.33778593,0.2319367,0.21561536,0.30161095,0.37166533,0.5775706,1.0,1.3276716,-9.813776,-12.363992,2
7.592925170068027,0.07237472,4573.091691217573,1784.5712141010863,6029.296875,21.722091674804688,3944.1135100117936,0.03489742801962526,-421.0321,-1.333429,0.90571576,-72.78448,-0.8057943,-0.4506978,-45.991814,-0.59192693,0.48400655,15.780696,0.45577115,0.59457004,-63.887264,0.68523484,0.4877392,1.2223346,-1.8096086,-1.2531534,38.050224,0.5727692,-0.99272627,10.256754,-0.4617545,-0.2706634,-2.4319732,-1.1613075,0.9499666,16.190536,-0.6741496,0.52640325,3.2563999,-1.6872439,-0.5249509,-10.072748,0.062711805,1.5867848,8.059977,-0.03461411,-0.7900364,0.5555059,0.19909889,0.16338056,0.26314536,0.35858,0.2978809,0.22224347,0.22665721,0.31313223,0.37243223,0.5807565,1.0,1.3769634,-9.876123,-12.388385,2
7.604535147392291,0.07510189,4609.970458406828,1862.913609611095,6341.5283203125,22.43033218383789,3898.811502509931,0.03489742801962526,-420.55063,-0.6794688,0.12317595,-77.28319,-1.1356845,-0.5467048,-48.17681,0.6528188,1.4938244,13.565258,1.0619395,0.89436334,-60.50141,0.8646297,-0.41901782,-4.0105934,-2.7123866,-0.58913434,38.512897,-0.5418255,-0.969983,9.088982,-0.7272316,0.03816196,-6.392252,-0.261308,1.3147918,16.956604,-0.21093811,0.45146373,-0.1979909,-2.0019636,-0.26224104,-11.138016,1.5355588,1.905662,9.662615,-0.6640609,-1.3161097,0.5515164,0.21259496,0.14862047,0.23224927,0.32343218,0.26353222,0.20376445,0.23312071,0.32300588,0.38523042,0.5926347,1.0,1.5075787,-9.967204,-12.331456,2
7.616145124716553,0.07458978,4605.384070402354,1916.4915144222423,6664.5263671875,17.388769149780273,3898.811502509931,0.03489742801962526,-421.26584,-0.5752513,-0.5269806,-80.37796,-1.8829356,-0.31536534,-50.026703,2.495719,2.348608,13.646231,1.5195401,0.79107976,-59.232124,0.47495472,-1.0913485,-8.651433,-3.3239915,0.015643649,38.136066,-1.3840674,-0.97473,7.74724,-0.7553789,0.04582497,-7.0137706,0.72291124,1.3900789,17.122002,0.23215275,0.27837035,-4.2376137,-2.0065677,0.1630073,-8.592349,2.7783892,1.5724053,7.632638,-1.4142188,-1.1545213,0.5642578,0.23523048,0.15620245,0.21703626,0.27655548,0.21719536,0.1775167,0.22860156,0.32978472,0.3920071,0.6165434,1.0,1.5711299,-9.975426,-12.308629,2
7.627755102040816,0.0693046,4595.491003285471,1904.6104502401124,6696.826171875,15.964631080627441,3944.1135100117936,0.020317628556360583,-421.73395,-0.6461461,-0.3576665,-79.49042,-2.2448819,-0.009177038,-48.934235,4.3185782,2.5217183,17.794724,1.7366649,0.3929295,-59.177773,-0.30541414,-1.1058887,-12.172594,-3.3393216,0.40589017,36.18529,-2.1062725,-0.799269,7.382882,-0.73367995,0.05369929,-2.6992745,1.7581539,1.1439992,17.373934,0.26991856,-0.079246275,-6.1212635,-1.4292144,0.8918961,-2.476145,3.480842,0.5988012,3.6078987,-2.1775486,-0.61163396,0.5681747,0.26864964,0.19754623,0.2722545,0.27604553,0.19860038,0.16595574,0.23237093,0.34323442,0.4089003,0.65141743,1.0,1.5874166,-9.990413,-12.314767,2
7.63936507936508,0.061636657,4626.030082882737,1857.776743769706,6750.6591796875,14.070293426513672,3944.1135100117936,0.020317628556360583,-423.04803,-0.5494186,0.31145638,-80.11556,-1.6170048,0.45226425,-42.744766,5.6962957,1.7566899,23.376516,1.8005832,-0.2585198,-61.005585,-0.81486076,-0.44020978,-13.550129,-2.7271242,0.64745057,32.625984,-2.6855664,-0.4998146,7.275298,-0.6315257,0.0961677,1.8976424,2.5458844,0.5565259,17.382183,-0.21617228,-0.53842825,-7.568516,-0.28874826,1.4978763,4.6264076,3.4196177,-0.6527759,-1.4405352,-2.6716766,-0.02403853,0.5648333,0.35660258,0.30118406,0.37811002,0.3018761,0.20017579,0.1664954,0.26268598,0.39343926,0.44784254,0.7308567,1.0,1.644421,-9.923231,-12.177262,2
7.650975056689342,0.057390094,4803.230028507713,1860.9185055852563,7052.1240234375,20.573577880859375,4083.2023725641075,0.012403124793551348,-425.16043,-0.63395846,0.26542652,-83.9836,-0.27248853,1.2112678,-30.592247,6.6309967,0.52916414,26.276482,1.652858,-0.80465263,-63.628716,-0.68364805,0.46690804,-16.662886,-1.7428149,0.9346872,28.050285,-3.234495,-0.31825554,6.638544,-0.43683654,0.15167968,4.643757,2.9535685,-0.1413774,18.77721,-0.9256353,-0.8841142,-9.325126,1.0662282,1.6346956,11.269373,2.5712109,-1.7231356,-4.796668,-2.5434134,0.58401006,0.58969635,0.50054634,0.53081137,0.56160504,0.32566094,0.20378432,0.16891445,0.29180965,0.45097816,0.50217915,0.78461015,1.0,1.6777416,-9.85735,-11.758467,2
7.662585034013605,0.057298627,5007.572533190783,1893.2136981701465,7461.2548828125,15.724066734313965,4083.2023725641075,0.012403124793551348,-428.0912,-0.78092194,0.007957491,-88.45233,0.9066204,1.6543076,-18.55386,7.082635,-0.5463707,26.502632,0.9377176,-1.1200869,-66.83272,0.0697731,1.2586652,-20.296658,-0.6678136,1.1932039,24.842142,-3.7700567,-0.31817928,5.356056,-0.22841558,0.20527415,7.814784,2.8867111,-0.45569018,19.740292,-1.3984833,-0.80873775,-8.5205,2.0365565,1.148876,13.548958,1.1931498,-2.090451,-5.66239,-1.7772399,1.0038785,0.6648849,0.6302368,0.7258252,0.71779317,0.35323608,0.20133795,0.17667507,0.29966623,0.4552909,0.52429825,0.7866993,1.0,1.7235494,-9.641381,-11.658475,2
7.6741950113378685,0.05678212,5109.6745037157925,1932.0677706496454,7579.6875,19.221683502197266,4276.313847073629,0.011853505394683413,-425.37875,0.30100504,0.919325,-89.38877,1.4716926,1.3957497,-11.225895,6.4403033,-1.5411208,25.852406,-0.30931884,-1.2041146,-68.33466,0.86228645,1.3897619,-21.507465,0.10324593,1.0716342,21.918568,-4.2784133,-0.4848839,4.942128,0.19250503,0.49962372,11.468912,2.6800175,-0.23367462,16.844713,-1.5830082,-0.34254777,-2.719082,2.625425,0.5278786,12.430049,-0.40033782,-1.8008746,-7.919023,-0.82177436,1.0783864,0.7567757,0.62399936,0.72259843,0.7768779,0.49225068,0.21750037,0.2088602,0.31037354,0.41949028,0.4723269,0.71408427,1.0,1.603879,-9.518693,-11.457446,2
7.685804988662132,0.053828835,5162.344775505124,2003.8322696032558,7719.6533203125,14.93498420715332,4276.313847073629,0.011853505394683413,-421.383,2.5986965,2.3651597,-82.79988,1.7152792,0.39873284,-8.582484,4.6845865,-2.1918578,25.025444,-1.4323951,-0.97168165,-65.322205,1.3471699,0.73662347,-19.616688,0.46930462,0.58161384,18.893188,-4.3656964,-0.3182696,5.275685,0.6586565,0.6481706,13.110384,2.4640265,-0.10182007,11.371906,-1.5775224,0.21722943,3.7584033,2.894782,-0.17665811,9.038434,-1.6854132,-1.031097,-10.080289,0.056426264,0.88765126,0.881372,0.55361146,0.62625587,0.79793453,0.673305,0.28459555,0.27269468,0.34693217,0.4074901,0.4086176,0.591432,1.0,1.2743101,-9.438056,-11.255495,2
7.697414965986394,0.046409577,5197.493370205349,2056.0798143159877,7773.486328125,7.167163372039795,4427.1177292125085,0.010824463728234167,-426.88895,5.069929,3.0782382,-72.520706,1.7967885,-0.7524885,-4.69692,2.448689,-2.195864,25.013348,-2.1899405,-0.7307249,-60.153343,1.5394417,-0.15236734,-15.574807,0.59366375,-0.21176016,13.506955,-3.8099263,0.3940177,6.090287,1.0264072,0.48502728,14.254782,2.1049392,-0.29324463,7.0597296,-1.6038781,0.5742788,8.335324,2.5530329,-1.0031537,4.523326,-2.321888,-0.06465214,-8.384968,0.8467943,0.79398656,0.98712295,0.4856928,0.5528221,0.8282443,0.8273031,0.39593896,0.33720216,0.39527017,0.43513104,0.38141808,0.4976264,1.0,1.1299841,-9.480883,-11.173722,2
7.7090249433106575,0.040609363,5339.532969720982,2136.9625068223445,7988.818359375,13.438555717468262,4427.1177292125085,0.010824463728234167,-429.89136,6.827065,2.553222,-69.312485,1.6625836,-1.3555347,1.112103,0.52218026,-1.8499253,21.579582,-2.3802755,-0.24134156,-54.119053,1.3172258,-0.9980722,-11.872553,0.35213593,-0.9230883,6.9932966,-2.664665,1.4822534,6.714363,1.1774842,0.08573565,16.258694,1.6652495,-0.41592017,7.3686686,-1.702521,0.3937767,8.153322,1.3314646,-1.6969826,1.5591133,-2.1286705,0.70921814,-4.9308453,1.4729313,0.6535017,1.0,0.50812024,0.490532,0.7446383,0.82286316,0.50010246,0.367993,0.4039547,0.43809226,0.39930555,0.4726058,0.8960092,1.1220343,-9.4368725,-11.117375,2
7.720634920634921,0.053394787,5448.079190241871,2167.9089320054086,7956.5185546875,31.591325759887695,4452.763761318285,0.010467533617069905,-412.89917,7.658034,1.4155089,-72.661896,1.0632209,-1.2201535,-0.662846,-0.8088753,-1.4307753,15.503506,-2.026948,0.5237334,-53.52369,0.5639059,-1.4624666,-12.596119,-0.40767035,-1.2952062,-0.0074855387,-0.9180292,2.491162,10.98538,1.1484985,-0.23029453,20.600788,1.3311874,-0.3811306,9.089785,-1.7475685,-0.21592857,9.568784,-0.6489935,-2.0806823,-1.6800872,-1.2487803,1.272674,-3.2023597,1.81592,0.1271837,1.0,0.47929147,0.3588258,0.5245364,0.63823265,0.46200964,0.35953087,0.357379,0.40352166,0.34704888,0.34963447,0.69648576,0.9356594,-9.513991,-11.1848345,2
7.732244897959184,0.072132915,5423.409111182979,2146.46222177977,7730.419921875,34.51020812988281,4452.763761318285,0.010467533617069905,-391.9859,8.050972,-0.16985986,-76.66459,-0.025568644,-0.58090085,-6.388242,-1.7866417,-1.0039302,12.641611,-1.4661797,1.0907316,-56.77897,-0.43952376,-1.2075157,-15.255852,-1.2358035,-0.99994963,-0.7888051,0.98274434,2.751972,12.928825,1.0241228,-0.3822721,21.971844,0.93520296,-0.55361086,9.616973,-1.5248773,-0.47153342,10.58227,-2.528101,-1.9886279,-2.9710932,-0.21602535,1.3193295,-2.0391588,1.719532,-0.43746483,1.0,0.45370632,0.3383139,0.49378756,0.6166005,0.46003315,0.3514295,0.3405662,0.38705397,0.32984293,0.3272052,0.6885773,0.9160899,-9.617553,-11.272315,2
7.743854875283446,0.078919955,5397.52975716207,2163.273116563278,7945.751953125,18.733335494995117,4376.26794507944,0.010824463728234167,-380.30316,7.6934,-2.3883348,-77.607864,-0.8970366,0.081657395,-10.691296,-2.7413619,-0.45528695,9.859057,-0.82431155,1.2571013,-58.283676,-1.2983606,-0.5502134,-17.93024,-1.5675029,-0.062689014,4.062601,2.735638,2.0580885,12.97378,0.6549026,-0.5512734,20.247034,0.19424756,-0.8732769,7.1898003,-1.1078477,-0.040507197,7.4006267,-3.7127767,-1.3493236,-2.2440095,0.46030995,0.76691556,1.5421305,1.2095137,-0.6788074,1.0,0.43909293,0.33254373,0.48821035,0.63154924,0.47503108,0.34121943,0.3206339,0.36438757,0.3327418,0.3553517,0.73066944,1.0675739,-9.543329,-11.07001,2
7.75546485260771,0.07568921,5286.729366307959,2174.7044599149817,7945.751953125,21.83905601501465,4376.26794507944,0.010824463728234167,-377.6879,5.232942,-4.188385,-75.38161,-0.9990654,0.19611052,-13.227745,-3.3452044,0.09546724,11.362887,0.10433027,1.0048662,-60.541603,-1.81873,0.07214033,-20.622627,-1.1541255,0.9842679,11.4837475,4.0981884,0.881432,11.944237,0.0894052,-0.6484022,20.192703,-0.9306405,-1.1574445,1.8136156,-0.6056944,0.83430284,0.14138958,-4.032899,-0.34059766,0.18006194,0.5074784,-0.11922576,4.0194964,0.63901436,-0.68301207,1.0,0.4473052,0.41132644,0.5690364,0.73716086,0.51240605,0.31825638,0.2981755,0.3350297,0.33612418,0.45498043,0.92226297,1.2416321,-9.453322,-10.944261,2
7.767074829931973,0.07802969,5160.127919707173,2141.1232996120425,7838.0859375,31.353513717651367,4276.313847073629,0.011085791888943373,-376.04883,0.7307627,-4.533374,-74.62256,-0.81119674,-0.1274405,-15.002805,-3.1213446,0.28241798,15.5067425,1.0269854,0.5593003,-63.73138,-1.7255473,0.33421582,-24.844524,-0.3647372,1.3263676,20.372913,5.004085,-0.13172892,12.17283,-0.5235649,-0.42139855,21.70057,-2.271975,-1.2949864,-2.8272066,0.12375317,1.5160719,-9.881112,-3.754606,0.99477607,4.858344,0.15989469,-0.95081365,3.0584679,0.114185035,-0.6950345,0.7893867,0.43720502,0.5139188,0.65822625,0.72840834,0.43489417,0.23438717,0.2352612,0.28416374,0.3334854,0.5509078,1.0,1.4143872,-9.528946,-10.991845,2
7.778684807256236,0.085757926,5079.802935075737,2082.805713179564,7665.8203125,26.687963485717773,4276.313847073629,0.011085791888943373,-372.99924,-3.2432835,-3.7055833,-77.33597,-0.80712587,-0.3692008,-17.97566,-3.0067363,-0.04173876,16.682161,1.4235423,0.09896407,-64.83026,-0.83026445,0.85718054,-25.492884,0.085281834,0.82338053,25.222137,4.8920956,-0.7790508,12.963583,-0.733131,-0.16757876,19.675522,-2.9691217,-0.99389815,-0.8335285,0.87805325,1.440251,-15.952778,-3.0742762,1.7783668,6.3772964,-0.32870618,-1.1516345,1.4688203,-0.20330454,-0.3759683,0.67554075,0.4178306,0.52509433,0.6475856,0.6146104,0.31142172,0.1818626,0.2206476,0.2856176,0.3519983,0.5833634,1.0,1.6235424,-9.539228,-11.145116,2
7.790294784580499,0.08633837,5004.94255703033,2043.654329215998,7525.8544921875,20.30455780029297,4130.646898772784,0.013100262550513393,-376.1567,-5.6583567,-2.4756765,-79.29906,-0.8657003,-0.10940704,-22.621672,-3.6923683,-0.745285,16.639803,1.3687673,-0.39956364,-65.55084,0.4364486,1.53613,-21.406206,0.40375003,0.21530077,27.611557,3.9997237,-1.0942587,10.8793335,-0.6876244,0.043879908,14.500769,-2.9020689,-0.15716532,4.5029964,1.5392468,0.66794574,-16.941582,-1.9153677,1.8002166,3.7573333,-0.8242295,-0.7931737,0.31290972,-0.29964614,0.23602444,0.6541192,0.41768965,0.50582254,0.6090407,0.5477336,0.2409131,0.16911674,0.23158863,0.30468467,0.3795071,0.60792714,1.0,2.0378091,-9.656913,-11.394192,2
7.801904761904762,0.07952635,4891.576758838857,1978.3959604115598,7170.556640625,15.857072830200195,4130.646898772784,0.012403124793551348,-389.511,-6.617173,-0.8754496,-79.73123,-0.6623877,0.519874,-25.725258,-4.7145047,-1.2106253,18.860117,1.0081352,-0.44405922,-66.992065,1.5624874,1.524648,-15.729782,0.9084131,-0.055070065,30.66879,2.6112788,-1.3228819,8.317835,-0.59257025,0.17064424,7.6588774,-2.450791,0.9499301,9.452846,2.055232,-0.23638187,-14.8694315,-0.45636448,1.331093,-1.3565587,-1.1171459,-0.028726108,-0.115155965,-0.082712665,0.6142399,0.64058316,0.41091457,0.42801133,0.4882393,0.44787443,0.20968613,0.16973738,0.25446028,0.34096506,0.41611856,0.625064,1.0,2.2413523,-9.736061,-11.8168545,2
7.813514739229025,0.07371749,4829.29413555861,1955.5710327285028,7084.423828125,22.620227813720703,4036.3027932178297,0.013980210380185928,-407.0393,-6.571791,1.0797361,-81.19568,-0.07864889,0.91136575,-25.828087,-5.3467393,-0.96611273,21.524216,0.64303195,-0.28416884,-67.04133,2.327058,0.93881273,-14.756183,1.4140643,-0.13308024,36.25152,1.04192,-1.492972,7.382537,-0.58830297,0.24836399,0.25831443,-1.6831337,1.7589731,13.074366,2.2443695,-0.668572,-11.466884,0.76558536,0.5754239,-5.0425477,-1.1394815,0.73974574,-1.6803069,0.30601874,0.55430347,0.6340314,0.37193066,0.32313755,0.3223178,0.3144843,0.1913549,0.1722307,0.24986671,0.34969336,0.43810973,0.6166397,1.0,2.1722867,-9.887394,-12.150245,2
7.825124716553288,0.07177501,4801.229883367732,1994.230545087782,7461.2548828125,20.952579498291016,4036.3027932178297,0.013980210380185928,-414.64453,-5.646501,2.6843333,-82.73668,0.4572291,0.6823137,-31.983221,-5.0924196,0.0039368295,21.213997,0.23889881,-0.48170802,-58.9846,2.7819836,0.32949102,-19.66317,1.364562,-0.08062909,37.04876,-0.2032892,-1.5638508,8.261868,-0.70668554,0.07113745,0.49342227,-0.5892267,1.7722981,12.722182,2.020452,-0.40884542,-12.110714,1.2386833,-0.019551218,-4.759219,-0.79174733,0.923012,0.08181679,0.56672096,0.26904914,0.63571906,0.30119413,0.22926645,0.22691572,0.24498767,0.19067119,0.16978003,0.20652457,0.3150959,0.40320456,0.55669636,1.0,2.1445994,-9.964293,-12.324155,2
7.836734693877551,0.069686204,4703.832561127944,1969.1448637908197,7332.0556640625,19.730222702026367,3944.1135100117936,0.030106861794195014,-417.83786,-3.9281383,2.9058805,-81.19169,0.5435092,0.13516691,-44.66017,-4.149404,1.2067413,19.449009,-0.42829552,-0.795945,-50.709274,3.0019941,-0.28850642,-20.07853,0.8467167,-0.0053091543,35.583733,-1.091546,-1.2206236,8.977774,-0.8938554,-0.40086156,5.2157507,0.56437004,1.1639787,11.5746975,1.7719629,0.0949821,-11.618763,1.20866,-0.21128795,-4.0190816,-0.24283296,0.5800176,2.7660794,0.6811689,-0.02894306,0.6819241,0.2871027,0.18311162,0.21611397,0.28780183,0.2125983,0.17008363,0.18923713,0.29478794,0.38316292,0.53749925,1.0,1.9431498,-9.931641,-12.349769,2
7.848344671201814,0.068064414,4543.394523825485,1837.136843659887,6416.89453125,20.268524169921875,3944.1135100117936,0.030106861794195014,-417.06042,-1.9100658,1.7987903,-77.216064,0.33043697,-0.40824178,-53.896904,-2.8701177,2.2860196,20.041195,-1.2972862,-0.86249673,-49.42108,2.7110155,-0.9932281,-15.14829,0.4110007,-0.013702101,31.171513,-1.7435628,-0.4762693,8.6770315,-1.2830914,-0.7785845,8.946117,1.4210242,0.2403727,12.919971,1.6421618,0.35610098,-8.690546,1.0705684,-0.0948063,-2.1508298,0.18530513,0.023364171,4.1899037,0.6439459,-0.28177112,0.7702091,0.3057099,0.1853566,0.25379154,0.36160445,0.25483078,0.17355944,0.18035261,0.28736755,0.38548014,0.541959,1.0,1.7699461,-9.802443,-12.292669,2
7.859954648526077,0.06941984,4545.388249413048,1796.5196034533033,6169.2626953125,22.547740936279297,3989.941901485381,0.02616802860893576,-414.45584,-0.25949097,0.5411415,-74.19454,0.26309687,-0.6196741,-55.679222,-1.1743921,2.937727,20.639874,-2.0736566,-0.7849556,-49.805046,1.5816048,-1.5723846,-11.072496,0.5648856,-0.13196543,25.958601,-2.1892636,0.2780865,7.5279703,-1.9140607,-0.8802419,10.93449,1.6734445,-0.6047424,16.170027,1.5934694,0.22566654,-7.1950946,1.1376264,0.16323653,-1.0989119,0.14874393,-0.43791127,4.3321085,0.57180613,-0.3880846,0.89950216,0.34230798,0.18894596,0.25918582,0.40729776,0.32120788,0.19145185,0.17452596,0.2986052,0.41011834,0.53642106,1.0,1.5331264,-9.738204,-12.099388,2
7.87156462585034,0.07187953,4629.888435698913,1838.2877972768406,6621.4599609375,26.52069854736328,3989.941901485381,0.02616802860893576,-412.49805,0.51017606,0.085380584,-75.5645,0.29345462,-0.39958185,-50.77495,0.9592554,2.4552135,17.193853,-2.6229591,-0.72395843,-47.77836,-0.17775942,-1.5612462,-11.734895,1.07105,-0.17405914,23.328102,-2.0135448,0.6626458,4.2984147,-2.5221145,-0.62402683,11.628851,1.1425333,-0.8268696,19.364332,1.6292274,-0.21299322,-7.7338657,1.5579892,0.306973,-1.7154603,-0.31702927,-0.62562203,3.6911092,0.37666678,-0.15326461,1.0,0.38578862,0.17880282,0.21295322,0.36355424,0.32821554,0.1878787,0.15748474,0.28832206,0.4043534,0.501536,0.9296816,1.3991051,-9.826856,-11.788895,2
7.883174603174603,0.0730279,4758.585812579118,1927.6039799048378,6998.291015625,24.461332321166992,4106.8561232764905,0.02616802860893576,-413.52625,0.96552783,0.13615233,-79.15219,0.018502425,-0.071272,-45.671474,2.6360488,0.95226455,12.200439,-3.0134234,-0.47231635,-45.94023,-1.4265726,-1.1450069,-14.672184,1.1683753,0.12248879,23.359653,-1.3088279,0.92265713,0.30956033,-2.6892118,-0.032473754,12.537578,0.42782226,-0.62943906,22.051546,1.4118276,-0.63681865,-7.1542916,1.931585,0.5045543,-2.2399,-0.78252643,-0.56865466,3.6425147,0.20292152,0.060879048,1.0,0.4053682,0.1853424,0.18155831,0.32578933,0.30064833,0.16966036,0.1400253,0.2668567,0.37703314,0.4552409,0.85457206,1.2389611,-9.74481,-11.7061,2
7.894784580498866,0.07223645,4852.594798729488,1972.8756007671202,7235.15625,18.862512588500977,4106.8561232764905,0.02616802860893576,-415.2155,0.97482246,0.20510541,-81.64267,-0.45625967,0.101131655,-41.743855,2.9509594,-0.6513612,8.106012,-3.271919,0.061296444,-47.981834,-1.7554559,-0.5836494,-15.843416,1.0482525,0.5186959,23.45086,-0.19319601,1.0338876,-3.2796264,-2.2442975,0.74648875,12.767393,0.046239138,-0.28986704,22.88248,0.81835353,-0.81934094,-5.3396907,1.9993563,0.426454,-2.9308891,-1.0865425,-0.23920158,3.355762,0.098889925,0.06086571,1.0,0.4293226,0.18602532,0.16341878,0.2990366,0.2462112,0.14955862,0.12633432,0.24623802,0.34989128,0.40808982,0.747742,1.1560069,-9.91768,-11.680183,2
7.90639455782313,0.071016,4928.415791809531,2013.484257025196,7332.0556640625,26.049354553222656,4178.642703821395,0.03489742801962526,-413.79984,0.34194693,-0.2621902,-79.50237,-0.71088094,0.06959783,-36.39833,2.0564315,-1.6572156,4.5864744,-3.2672853,0.44137627,-54.364532,-1.7913117,0.07982432,-12.704235,1.3341904,0.73217213,21.683882,1.0589054,1.1408876,-7.243493,-1.3123393,1.394322,11.8229065,-0.077167764,-0.013878855,22.506668,-0.05937093,-0.88829684,-1.9521599,1.6909956,-0.25346625,-5.1810694,-1.3124089,-0.065441795,4.127807,-0.10233572,-0.19441676,1.0,0.44488943,0.18952659,0.18993881,0.3387056,0.2350129,0.1717946,0.14087594,0.24657564,0.33456567,0.38602823,0.70445,0.99231374,-10.086873,-11.777491,2
7.918004535147392,0.07152897,5003.3292273659845,2055.948191444451,7558.154296875,17.690866470336914,4178.642703821395,0.03489742801962527,-411.17526,-0.43996075,-0.8677733,-76.14913,-0.5840051,-0.12688857,-32.369232,0.42754728,-2.0501575,1.0939623,-2.760109,0.6161612,-60.595375,-1.7591349,0.728288,-7.8806543,2.1147785,0.66396123,21.78054,1.8272899,0.9590563,-9.620968,-0.113374375,1.5980631,10.364645,-0.0654427,0.15975697,22.509981,-1.0950187,-0.9933182,2.323543,0.9770481,-1.1636727,-7.9678907,-1.3669376,0.044936217,5.299992,-0.31563142,-0.39573127,1.0,0.4799978,0.19862676,0.22524182,0.40046963,0.28071252,0.21925999,0.16872014,0.25542036,0.31398162,0.39250708,0.72107345,0.81225955,-10.184665,-11.930623,2
7.929614512471655,0.0752556,5038.391242455487,2073.915122493758,7611.9873046875,21.344083786010742,4202.849334748248,0.030106861794195014,-407.41745,-0.6794281,-0.9132812,-77.54089,-0.34400254,-0.22776887,-33.163414,-1.6266513,-2.3721561,-1.2432576,-1.6228069,1.0965005,-61.39653,-1.209689,1.2434072,-6.1606274,2.9988708,0.5295186,25.101213,1.9747654,0.36212093,-8.356663,1.257392,1.5649303,9.840345,-0.08563633,0.18949264,21.511745,-2.0923548,-1.0174754,5.8744335,-0.10092278,-1.7112086,-9.049247,-1.1817025,0.3024971,5.1633234,-0.42764884,-0.30493993,1.0,0.4778768,0.19711995,0.21750025,0.39296198,0.34919128,0.24325398,0.16634151,0.24927372,0.31328437,0.37610236,0.6935403,0.758742,-10.178088,-12.048267,2
7.9412244897959186,0.07764942,5020.535794612075,2072.1600131610835,7536.62109375,25.18688201904297,4202.849334748248,0.030106861794195014,-408.30988,-0.38213196,-0.20433435,-81.170334,-0.09686139,0.07411612,-38.040512,-3.4837148,-2.1057456,-2.6718037,-0.004044483,1.794242,-58.544724,-0.17245764,1.2553601,-5.5275126,3.4096758,0.31258324,30.109337,1.856297,-0.37654787,-4.2260017,2.4706116,1.2006402,11.271084,-0.270523,-0.0990636,19.50238,-2.7485607,-0.7943504,5.168414,-1.1744314,-1.5791618,-8.624709,-0.73436517,0.57230335,4.124077,-0.41740942,-0.055952825,1.0,0.46394908,0.19205156,0.19477423,0.3517357,0.37960073,0.23059814,0.14092927,0.22328572,0.3152479,0.35748836,0.6485905,0.7094054,-10.207889,-12.191487,5
7.952834467120182,0.07407213,4984.837402038669,2072.9155996313407,7493.5546875,19.06505584716797,4227.196193261513,0.022944219124638603,-416.53223,-0.04533183,0.71178246,-82.83241,0.11007258,0.6645597,-42.981262,-4.7754836,-1.0746492,-4.995302,1.8687829,2.2751698,-57.718414,0.91464823,0.7704997,-1.9616466,3.099268,-0.081970625,36.303055,1.6318556,-0.9485217,0.15464067,3.2602832,0.47717768,11.994602,-0.6571518,-0.57855344,15.538952,-3.0630217,-0.32682577,0.06295848,-2.0701778,-0.89371735,-10.939186,-0.13920814,0.6433465,1.225885,-0.43329155,0.19710551,1.0,0.44787592,0.1995704,0.2036248,0.3282947,0.39463478,0.22693998,0.13022116,0.2088455,0.30710915,0.35268882,0.65578234,0.70622885,-10.281949,-12.32892,5
7.964444444444444,0.06797643,4895.195601293237,2036.8968174368174,7202.8564453125,9.183216094970703,4227.196193261513,0.022944219124638603,-421.8914,0.0388326,1.0474001,-82.29095,0.28636524,0.7978571,-49.0398,-5.0478973,0.3016775,-4.4646344,3.529334,2.09126,-58.2923,1.5889907,0.25776318,3.6600275,2.2565405,-0.7947546,36.84633,1.3112411,-0.8920581,3.465469,3.3905308,-0.31157002,12.298237,-1.1549414,-0.8840687,9.762277,-3.0599246,0.29845065,-5.7017827,-2.5977118,0.019868882,-11.881105,0.3979664,0.56893885,0.12607369,-0.4361288,0.30440414,1.0,0.41042173,0.22448662,0.2624717,0.37540165,0.44005853,0.25000727,0.13244043,0.21502475,0.31392962,0.37931323,0.7374287,0.8407023,-10.296494,-12.513624,5
7.9760544217687075,0.065585546,4742.037417016947,1947.8883221202623,6481.494140625,22.544933319091797,4154.575492829486,0.01646758759311301,-418.0609,-0.21317291,0.58381706,-80.9057,0.30993816,0.073657095,-59.89,-3.9894881,1.702483,3.0186508,4.450875,1.101759,-55.18844,1.695167,0.032527585,9.723716,1.0961305,-1.7358549,33.542747,1.0431894,-0.2560292,9.06381,2.8760653,-0.87414783,11.292442,-1.6752195,-0.7909447,4.742136,-2.6666698,0.83528566,-10.115341,-2.6094046,0.75426996,-10.209513,0.67560077,0.389497,1.3949882,-0.29332224,0.2601103,1.0,0.37891597,0.26855144,0.35085517,0.48289084,0.49876174,0.29642662,0.1666375,0.2571577,0.3526982,0.4521503,0.8663449,1.0745044,-10.370092,-12.689065,5
7.987664399092971,0.06656558,4615.980120510038,1889.3538418505584,6158.49609375,21.412071228027344,4154.575492829486,0.01646758759311301,-410.11493,-0.6054372,-0.67582446,-77.64931,0.028067525,-0.7984335,-65.59108,-1.8648267,2.872522,12.938522,4.4324574,-0.4751131,-52.021835,1.2363443,-0.36943233,11.660672,-0.22641256,-2.1639194,32.06781,0.8238732,0.37462676,12.878025,2.0989819,-1.0511419,7.602036,-2.128756,-0.38198262,2.8445199,-1.7851218,1.2804762,-11.368244,-2.1774323,0.8857959,-7.745942,0.72461694,0.056243654,2.7155535,-0.020307261,0.1674097,0.9736528,0.38930982,0.30640885,0.41184136,0.5638173,0.5021916,0.32226524,0.21812035,0.32085893,0.41992554,0.55352753,1.0,1.2526243,-10.151261,-12.609903,2
7.999274376417233,0.06713468,4505.787847697366,1825.258757409899,5921.630859375,21.00697898864746,4059.684857430953,0.015085587297504336,-406.55795,-0.98975116,-1.8433739,-74.763596,-0.4203518,-1.0803586,-67.00108,0.8647272,3.6092513,22.052052,3.6836224,-1.9523197,-50.242115,0.2195556,-1.29161,8.889734,-1.3458498,-1.522427,32.54125,0.56003076,0.49961224,14.153408,1.3254044,-0.9837692,3.054749,-2.20871,0.17301315,2.130269,-0.5912627,1.3917817,-12.02355,-1.5795478,0.53571653,-6.041421,0.74009734,-0.3753219,2.4504313,0.29268447,0.04703986,0.9109373,0.4008754,0.3122136,0.39349282,0.53642195,0.45595625,0.3099192,0.25380883,0.3904755,0.48183796,0.6020539,1.0,1.339287,-10.227641,-12.658905,2
8.010884353741497,0.06734339,4418.589959462126,1764.3748470658754,5781.6650390625,15.900827407836914,4059.684857430953,0.015085587297504336,-409.9527,-1.493901,-1.6659058,-76.17882,-0.6752851,-0.621879,-64.70697,3.3593946,3.0547757,26.753841,2.4249558,-2.4356463,-49.020264,-0.9843073,-1.8412573,3.1642478,-1.9550294,-0.23219371,35.57997,0.2997197,-0.2071266,13.575134,0.7042365,-0.6780395,0.13978481,-1.8122711,0.7987182,2.175352,0.4444924,0.9975332,-12.405742,-1.1545651,0.10367968,-4.8760657,0.64138526,-0.43711373,1.4547149,0.4300128,0.08410698,0.86900294,0.4077303,0.29309747,0.33469382,0.44115376,0.3934894,0.28467143,0.26918325,0.41699266,0.5203282,0.64393145,1.0,1.4463918,-10.260049,-12.58569,2
8.02249433106576,0.06723897,4503.396300038794,1824.4796911438013,6136.962890625,25.521137237548828,4013.0553997848456,0.013980210380185928,-417.31418,-2.080128,-0.32376376,-81.83028,-0.6403426,0.20119514,-56.858162,5.2563496,1.4660848,25.576168,0.82535595,-1.8773506,-48.418137,-2.1979506,-1.5618256,-3.6633425,-2.2164338,0.7547972,39.72161,-0.076033846,-1.0147487,12.08094,0.1299287,-0.21652469,-1.2954967,-1.0413826,1.1615416,2.94075,0.9346491,0.31267276,-12.626148,-0.9132066,-0.07776089,-5.2093916,0.44906393,-0.20448357,1.5058684,0.43714467,0.18971291,0.8843162,0.38980535,0.26653418,0.28886494,0.3579649,0.34909475,0.27846137,0.25818598,0.3832575,0.49602032,0.6368184,1.0,1.6186692,-10.014572,-12.107606,2
8.034104308390022,0.06591906,4703.10909285623,1932.3963204550353,6922.9248046875,14.592602729797363,4013.0553997848456,0.013980210380185928,-425.65005,-2.0592687,1.2682943,-86.092514,-0.55478275,0.8508269,-45.99388,5.9701524,-0.12064756,20.518866,-0.59709996,-0.9131934,-52.847366,-2.8060615,-0.6309645,-7.191044,-2.4381845,0.6407268,40.78707,-0.5717549,-1.1752005,11.986768,-0.18395755,0.035292145,-2.5540328,0.07165924,1.2434074,6.620634,0.68460196,-0.48597422,-14.147207,-0.6842169,0.15450016,-6.5973434,0.39438024,0.14186771,2.681299,0.36746567,0.08360723,0.90059596,0.35915488,0.23334455,0.263918,0.29489422,0.29774433,0.26247197,0.22778198,0.3247351,0.43523818,0.6103159,1.0,1.681192,-10.042399,-11.931378,2
8.045714285714286,0.064270824,4802.501966144242,1912.1063623961165,6955.224609375,16.572906494140625,3989.941901485381,0.016467587593113005,-428.97342,-0.6474172,2.5555446,-86.19185,-0.34478977,0.958547,-34.03174,5.4328685,-1.5935334,16.788818,-1.4229888,0.032534167,-62.644325,-2.44648,0.7819102,-5.1934543,-2.7908432,-0.2787768,37.780487,-1.0851691,-0.7813445,11.96189,-0.31950048,0.008488779,-1.8373111,1.4468299,1.3411901,10.094229,-0.045423646,-1.1984004,-15.781412,-0.3233681,0.4747437,-7.018077,0.5450494,0.40633926,3.9595025,-0.034288768,-0.47549817,0.91441965,0.34762752,0.23663233,0.3121419,0.30909026,0.27077746,0.23443517,0.21170579,0.327316,0.4380359,0.5872409,1.0,1.6416522,-10.49022,-11.509404,2
8.057324263038549,0.06325163,4790.44484634408,1824.617805748509,6772.1923828125,18.880268096923828,4013.0553997848456,0.01646758759311301,-425.6589,1.6833664,2.9433002,-82.46734,0.09203402,0.4860037,-30.376907,3.9971583,-2.4473698,16.910877,-1.4845614,0.5809515,-67.508224,-1.3895853,2.0434215,-1.9134091,-3.060885,-1.0477785,32.009098,-1.5285082,-0.0788737,12.819202,-0.35062832,-0.1219641,1.1270809,2.747642,1.3579983,10.324916,-0.7644982,-1.3087289,-17.230576,0.06554804,0.64889854,-5.4362097,0.7780017,0.4537802,4.906148,-0.6475556,-0.96950907,0.94658506,0.3459214,0.26637256,0.3721873,0.38080335,0.3099237,0.21155448,0.20471843,0.32126635,0.43719804,0.55010283,1.0,1.6597391,-10.834185,-11.483579,2
8.068934240362811,0.062455025,4796.710946610736,1827.7256138663497,6761.42578125,23.88755989074707,4106.8561232764905,0.018187375734912182,-422.47278,3.7304697,2.116127,-78.704765,0.68841386,-0.048933037,-28.618328,2.1214695,-2.3243062,16.610085,-0.9020933,0.70080745,-69.385025,0.06921908,2.550463,-3.711811,-3.2306514,-1.1620682,28.52488,-1.5749764,0.6589274,12.549708,-0.29375854,-0.13339847,3.6474051,3.7526555,1.0728836,8.058275,-1.3228035,-0.8278389,-17.102394,0.39012262,0.5543889,-4.2872057,1.0428039,0.26236582,5.2480307,-1.2121545,-0.9373515,0.9495189,0.3423568,0.28156677,0.3999079,0.42200738,0.3450753,0.20235549,0.20012473,0.32011905,0.42785236,0.5351509,1.0,1.6150713,-10.677766,-11.3436575,2
8.080544217687075,0.0626849,4893.9090976247135,1948.3113378341568,7052.1240234375,16.464216232299805,4106.8561232764905,0.018187375734912185,-418.29993,4.7115297,0.4792606,-78.78052,1.2150565,-0.06876187,-27.6975,0.38312137,-1.5170647,15.181818,-0.09802491,0.5951615,-66.95505,1.5989901,1.8661448,-12.539579,-3.3545902,-0.41374534,28.77448,-1.1198713,0.96426326,11.729165,-0.20497966,0.06531457,7.874238,4.193317,0.33306152,2.804393,-1.7083546,0.012953802,-14.621132,0.60076636,0.16708283,-2.4136567,1.247009,0.003955367,3.790214,-1.4556249,-0.35637796,0.9945458,0.3785089,0.33161193,0.4575593,0.5281204,0.45571512,0.22180776,0.2088219,0.34247187,0.43366888,0.55461174,1.0,1.4722158,-10.013957,-11.16908,2
8.092154195011338,0.06727952,5006.131364953158,2093.3325089504992,7784.2529296875,23.419126510620117,4154.575492829486,0.018187375734912182,-407.42728,4.853366,-0.64807,-80.45322,1.4080136,0.2084397,-31.289318,-0.7606049,-0.48535502,14.771276,0.3959954,0.44246995,-59.33957,2.6373878,0.39733937,-22.49022,-3.2177362,0.9011134,29.160688,-0.6624295,0.52338743,10.302885,0.024886051,0.34255514,15.564628,3.8283205,-0.64837736,-2.5076995,-1.6084721,0.7935742,-12.203564,0.6596578,-0.22631899,-0.4638623,1.3174155,-0.10640011,-2.2428179,-1.4587283,0.2892431,1.0,0.40834567,0.36232412,0.5078874,0.57764035,0.48896238,0.23887692,0.2132236,0.30690178,0.3690571,0.511029,0.9657447,1.173526,-9.621994,-11.189286,2
8.103764172335602,0.07372128,5071.0990088139915,2166.626770954434,7999.5849609375,19.54110336303711,4154.575492829486,0.018187375734912182,-397.4176,4.6961427,-0.86057365,-81.35887,1.3064291,0.41166532,-34.427773,-0.98208046,0.16685162,15.302296,0.4266607,0.2010785,-52.933952,2.7696068,-0.7504745,-26.325012,-2.6008182,1.8451667,28.893238,-0.5342066,-0.27134776,9.631098,0.17672281,0.426359,22.124006,2.8889608,-1.4712043,-2.7886748,-1.1250561,1.0404443,-11.172252,0.6069799,-0.4242671,0.4602524,1.2546146,-0.088561304,-6.323694,-1.4355217,0.58973956,1.0,0.41734585,0.35674903,0.5079103,0.54389447,0.4271585,0.22062561,0.20528784,0.26605043,0.28258142,0.4129797,0.9142979,1.0696445,-9.616559,-11.193366,2
8.115374149659864,0.075541325,5054.903018826608,2176.287487773333,8021.1181640625,18.930389404296875,4178.642703821395,0.020317628556360583,-395.1443,4.245812,-0.98569006,-78.84532,1.4529608,0.5092539,-35.751762,-0.81740135,0.62401587,17.398232,0.2855521,-0.22436276,-49.105583,2.2981248,-1.3629208,-26.467712,-1.4179529,1.853303,30.135893,-0.8091882,-0.7234891,10.543326,0.17298798,0.123999126,26.09805,1.6158903,-1.9943409,-1.6632252,-0.58656126,0.711224,-11.446811,0.4288432,-0.33902964,1.1067234,1.1428993,-0.11942831,-6.542561,-1.2156022,0.65978795,1.0,0.4183313,0.34071898,0.4899761,0.5228855,0.39959157,0.20632246,0.19690375,0.25616512,0.257489,0.3717882,0.8781154,1.1538976,-9.558699,-11.182809,2
8.126984126984127,0.072848596,4941.267609854832,2141.5378059711365,7848.8525390625,11.035313606262207,4178.642703821395,0.020317628556360583,-398.231,3.1060522,-1.1676369,-73.49368,2.0227652,0.43765542,-36.263863,-0.35493496,0.82001096,19.855425,0.14234279,-0.52015203,-48.81507,1.414485,-1.2765579,-24.653801,-0.05843067,1.0612569,31.121426,-1.128494,-0.5667955,12.131754,0.05911339,-0.26460597,25.916435,0.16162133,-1.8731726,-0.9883052,-0.08974052,0.11704411,-12.6405325,0.23733588,-0.02990874,2.1101258,0.9538126,-0.1316067,-3.7888947,-0.5290476,0.6753695,1.0,0.42502168,0.31606662,0.46772057,0.51992744,0.39648774,0.19365424,0.19812992,0.27297035,0.26981822,0.38500157,0.863862,1.2007178,-9.490938,-11.137425,2
8.13859410430839,0.07231459,4875.329169516155,2092.170421929399,7579.6875,16.269712448120117,4178.642703821395,0.020317628556360583,-395.6287,1.709288,-0.8373885,-71.08702,2.3092425,-0.000114655595,-35.77631,0.2938154,0.5804198,20.096146,-0.006039079,-0.46308744,-50.748367,0.42978433,-0.68368185,-21.579895,0.7445916,0.08181374,27.674603,-1.294594,-0.2201997,14.378475,0.004263274,-0.42551687,22.207718,-1.1537753,-1.112543,0.71107996,0.19222125,-0.25053018,-13.01909,0.082140714,0.12025478,3.6679611,0.83619046,-0.0952735,-2.9763675,0.3753285,0.4719452,1.0,0.429419,0.30516374,0.4566723,0.5237176,0.40464798,0.20687954,0.21312237,0.29807946,0.28444213,0.39461076,0.8442438,1.1527182,-9.476322,-11.295789,2
8.150204081632653,0.07472431,4954.9943365871695,2089.55025055419,7633.5205078125,19.916301727294922,4178.642703821395,0.020317628556360583,-388.45505,1.0777272,-0.28957325,-71.6296,1.7636514,-0.7791825,-34.340836,0.6341924,0.18882322,17.7027,-0.1554065,-0.18377845,-51.5701,-0.19956258,-0.15613681,-20.473133,0.6645162,-0.5657677,23.216433,-1.4166962,0.07122144,13.837065,0.024126751,-0.23197392,18.886805,-1.8503927,-0.16901109,0.6446998,0.21538526,-0.12017414,-12.367844,-0.045032088,0.014528341,4.7620964,0.8283342,-0.06389535,-5.5938888,0.76840276,0.20842959,1.0,0.40709278,0.30368143,0.45144203,0.5066053,0.40274796,0.21434762,0.20809458,0.2887033,0.25770357,0.36980245,0.82824194,1.0101832,-9.586931,-11.3475485,2
8.161814058956915,0.0728167,4970.063174877375,2099.6951088490123,7644.287109375,17.866090774536133,4154.575492829486,0.018187375734912182,-386.8652,0.9984996,-0.28903186,-68.922935,0.53882307,-1.3722333,-33.19433,0.59145993,-0.21240512,15.201988,-0.30651668,0.16099314,-51.777187,-0.5082768,0.05975567,-19.903904,0.039923668,-0.9235752,20.741589,-1.4698442,0.381342,10.900644,0.050644748,0.13415922,15.356682,-1.8046381,0.65769136,-1.179856,0.27267635,0.15018305,-11.584879,-0.19655037,-0.23795672,4.996089,0.7103754,-0.13653749,-6.2148504,0.7196105,0.07742499,1.0,0.39106867,0.30306545,0.45347401,0.5050378,0.39801076,0.2190681,0.21681811,0.28805238,0.24258058,0.36374673,0.8336768,0.91623974,-9.558651,-11.234304,2
8.17342403628118,0.066168666,4919.849116653044,2138.493756438167,7622.75390625,15.006547927856445,4154.575492829486,0.018187375734912182,-391.49088,0.6553146,-0.7072041,-63.89096,-0.81894976,-1.5453793,-31.630098,0.31876618,-0.51239634,15.119246,-0.36752975,0.33832058,-51.68079,-0.6554644,-0.09771139,-19.50367,-0.717913,-0.9088572,21.61512,-1.2239609,0.5590211,9.105776,0.13302083,0.45151842,13.045701,-1.1764365,1.0547401,-1.847861,0.39694536,0.3326712,-10.534242,-0.41149947,-0.4632065,5.0073376,0.3978278,-0.2883847,-2.4229271,0.60714024,0.08137275,1.0,0.37899864,0.31322,0.47234744,0.52167714,0.38936597,0.22956605,0.25313288,0.29889825,0.2675398,0.42222968,0.9252278,1.04219,-9.568074,-11.05841,2
8.185034013605442,0.06408512,4902.493974116651,2136.6444305807736,7611.9873046875,29.20917320251465,4130.646898772784,0.015085587297504338,-392.81653,-0.21693522,-0.6810797,-64.34273,-1.8048245,-1.43553,-30.739817,0.117034435,-0.42196766,16.45428,-0.28485164,0.19382297,-51.808117,-0.9686749,-0.50072813,-20.764423,-1.0923026,-0.37074673,21.873766,-0.64823925,0.43500522,10.155839,0.35430253,0.61876166,12.1948185,-0.43864626,0.90618426,-0.9799268,0.5711948,0.4431302,-11.449099,-0.6041693,-0.38370442,6.0610056,0.0017549435,-0.3981083,0.7489277,0.8536198,0.0930651,0.9891465,0.374261,0.33217403,0.48707917,0.53221846,0.3482504,0.21967004,0.27621186,0.30832982,0.2989703,0.46757942,1.0,1.2487937,-9.575908,-11.158906,2
8.196643990929704,0.069773555,4939.113568422666,2107.2819403916,7622.75390625,24.65798568725586,4130.646898772784,0.015085587297504338,-388.55844,-1.0396657,-0.38797262,-71.12343,-2.3565977,-0.8597592,-31.636223,0.23064826,0.0824099,17.27079,-0.15214434,-0.11617975,-52.210426,-1.648926,-0.8756915,-23.6288,-0.842499,0.3859394,20.325796,-0.15408348,0.24632215,12.666061,0.55970424,0.25074568,12.943665,-0.10811399,0.34051755,0.83214223,0.95425254,0.398501,-13.257715,-0.7970294,-0.15955132,7.3889165,-0.43605757,-0.52913374,-0.13963264,1.2491895,0.0351524,0.8151418,0.33125597,0.3511588,0.48552355,0.5061412,0.30764943,0.21189335,0.2668264,0.27715465,0.29646382,0.48236236,1.0,1.3849705,-9.535306,-11.268006,2
8.208253968253969,0.07433762,4947.808986838118,2106.9840376860893,7644.287109375,26.923397064208984,4106.8561232764905,0.013100262550513395,-388.06833,-1.5514531,-0.61768407,-77.84747,-2.6123922,0.2593432,-33.546524,0.7628769,0.75913787,17.205753,-0.0074843247,-0.17253418,-53.62567,-2.5010324,-1.0654454,-27.28771,-0.11352389,1.1686977,19.485699,0.2428654,0.32736832,14.196407,0.44425756,-0.4665118,15.224781,-0.24952576,-0.4594882,2.530228,1.4876332,0.34239906,-15.175575,-1.0340911,-0.032609202,6.545429,-1.0167754,-0.73712224,-1.1407375,1.3574754,0.10808413,0.76270145,0.3134465,0.36177024,0.49150977,0.4957342,0.27491727,0.19916967,0.25677195,0.27225903,0.3061782,0.48187947,1.0,1.3205147,-9.563778,-11.166264,2
8.219863945578231,0.0734843,4997.169349949718,2128.146814174489,7719.6533203125,13.080955505371094,4106.8561232764905,0.013100262550513395,-392.532,-2.132756,-1.1313154,-82.10573,-2.4175236,1.2559701,-35.120644,1.313895,1.0808318,16.413155,0.09991989,0.082035124,-56.161163,-3.009948,-0.6905423,-29.348671,0.85918593,1.5966821,20.065964,0.72271365,0.68548834,15.03532,-0.07073698,-0.966532,17.269125,-0.80188483,-1.0700417,3.4578106,1.9394531,0.37578306,-16.78467,-1.0618671,0.17017019,4.3398027,-1.6410258,-0.77126825,-0.5265858,1.1454371,0.19852869,0.7270255,0.31638426,0.39834356,0.527218,0.5179316,0.26043397,0.19082387,0.2507084,0.2812024,0.33998346,0.49439925,1.0,1.5307401,-9.454289,-11.050006,2
8.231473922902495,0.06968818,5010.849333615794,2113.726554070416,7687.353515625,8.165741920471191,4036.3027932178297,0.012403124793551348,-395.95654,-3.1931589,-1.2136834,-84.031906,-1.4372308,1.5937487,-33.25831,1.4557332,0.57916564,15.250761,0.09622045,0.240674,-60.77854,-2.7987669,0.2737154,-26.584595,2.0360827,1.5539931,21.264141,1.5068591,0.9597459,16.256369,-0.9070351,-1.0963254,16.932743,-1.5154004,-1.2015488,4.644127,2.2823756,0.43038598,-16.292793,-0.6424724,0.44298548,2.6409407,-2.14397,-0.47831154,2.919572,0.8668107,-0.07862161,0.66101825,0.34384736,0.42874447,0.54862094,0.5205395,0.2696044,0.2091944,0.25174826,0.3165078,0.40519002,0.5545516,1.0,1.546924,-9.515029,-11.142974,2
8.243083900226758,0.067285664,4963.102770896428,2044.9262339878674,7515.087890625,21.930557250976562,4036.3027932178297,0.012403124793551348,-397.898,-4.188502,-0.691724,-83.16327,0.008468374,1.3877473,-28.386177,0.9897881,-0.614633,14.549132,0.021656513,0.13646577,-66.8584,-1.8803023,1.4164855,-21.546778,3.2351139,1.1312997,21.884861,2.3676064,0.92796403,14.240921,-1.8259236,-0.9817837,13.213846,-1.9290448,-0.59728974,7.0601263,2.3016367,0.17932862,-16.735516,-0.055568647,0.6216962,0.20025569,-2.3450265,-0.019696163,5.817383,0.59234285,-0.6260631,0.61836654,0.36703935,0.40729588,0.51596636,0.48742265,0.2738658,0.20948824,0.23792428,0.34938142,0.45769155,0.6240325,1.0,2.0003612,-9.696643,-11.294292,2
8.25469387755102,0.06851824,4924.655760062798,1976.260439665465,7396.6552734375,24.94144058227539,4036.3027932178297,0.013100262550513395,-402.76825,-4.0514083,0.21731469,-81.06442,1.2185749,0.9713022,-22.053764,-0.029744593,-1.834244,16.333477,0.061378337,0.020624688,-72.43657,-0.3488781,2.3091161,-15.734378,4.147623,0.47957227,24.552034,2.7987795,0.5059382,10.070569,-2.5757954,-0.7241399,8.037359,-1.8246272,0.46994317,10.9852085,1.7484541,-0.57641095,-19.141705,0.36142376,0.5176291,-4.1779194,-2.3173943,0.2222153,6.978465,0.18676475,-0.90046364,0.6515252,0.37191182,0.3628801,0.44527385,0.42001417,0.27603623,0.20243308,0.21335633,0.34465116,0.4653204,0.64066637,1.0,2.119794,-9.935968,-11.500372,2
8.266303854875284,0.0699986,4887.015401291579,1934.7776931627159,7245.9228515625,21.097938537597656,4036.3027932178297,0.013100262550513395,-409.3766,-2.9527,1.2229172,-80.04652,1.8296986,0.39267185,-20.13329,-1.2714428,-2.3006382,18.558224,0.0792463,-0.15423858,-72.24647,1.306275,2.402637,-11.605205,4.51698,-0.10803572,29.22298,2.754318,-0.12309367,6.8062534,-3.0852973,-0.32610935,3.5734413,-1.4672115,1.1426271,14.627618,0.8566013,-1.3342224,-18.67459,0.4953036,0.20864116,-7.3584023,-2.2648451,0.2359089,6.0928907,-0.25148645,-0.68622464,0.71232575,0.36009046,0.30058452,0.3323235,0.3293751,0.27745852,0.20371334,0.18770929,0.30790216,0.46187788,0.6481032,1.0,2.223493,-9.994101,-11.859317,2
8.277913832199546,0.06688555,4837.27382493507,1932.927625987534,7170.556640625,16.41637420654297,4059.684857430953,0.01818737573491218,-416.40884,-1.7177765,1.9349458,-77.33601,1.9955202,-0.08519636,-24.961016,-2.5375714,-1.7583754,17.834156,-0.27839118,-0.5600098,-66.68283,2.6744192,1.5560708,-6.9680195,4.33563,-0.3855586,34.815872,2.4823031,-0.6537573,3.2066872,-3.3006766,0.12099787,1.0990106,-0.9644598,1.1182175,17.781033,-0.10866574,-1.5802355,-15.0527525,0.43205917,-0.06421212,-8.641493,-2.0908587,0.30582124,3.4311016,-0.59810096,-0.119569406,0.7861617,0.3743107,0.2650901,0.26558226,0.27867278,0.27714118,0.20677435,0.18304862,0.29109803,0.4513495,0.6376133,1.0,2.2273817,-9.991427,-12.161378,2
8.289523809523809,0.06234388,4760.62854121188,1955.6702866174744,7062.890625,17.93170166015625,4059.684857430953,0.01818737573491218,-420.00537,-0.7688797,1.8148793,-73.151474,1.9622303,-0.24493822,-33.523346,-3.3397229,-0.40595648,15.781122,-1.1692883,-1.0662836,-59.664932,3.3655074,0.103490494,-1.9261467,3.8892698,-0.5082577,38.94178,2.1529877,-0.88056916,-0.8195179,-3.066446,0.3965689,3.674007,-0.38334697,0.59586626,16.748417,-0.8062156,-1.0504662,-12.526175,0.4934506,-0.24818456,-8.84247,-1.6121743,0.4413266,0.99216956,-0.6139982,0.40540946,0.96846735,0.47736228,0.28921396,0.30074367,0.29871836,0.29574472,0.22556593,0.19202211,0.27292487,0.4470167,0.61991847,1.0,2.052148,-10.028902,-12.401654,2
8.301133786848073,0.06485588,4754.784306308562,2001.1543500768173,6998.291015625,21.62501335144043,4083.2023725641075,0.03489742801962527,-415.13864,-0.22576293,0.6925062,-70.411674,1.8688568,-0.25701654,-41.402534,-3.251774,1.1972221,16.306482,-2.466135,-1.3782924,-51.931854,3.1528008,-1.2996843,2.066065,3.3249035,-0.60136276,38.700134,1.8458887,-0.5567082,-4.165889,-2.5286834,0.60689884,8.37868,0.081793,-0.0221373,10.328759,-0.9436317,0.104742244,-13.083343,0.74521697,-0.17652786,-10.797899,-0.92644614,0.54070187,0.19702542,-0.2921208,0.69851804,1.0,0.52509904,0.282632,0.3010516,0.2888627,0.283962,0.22488338,0.1858888,0.2141669,0.38566667,0.501014,0.8066962,1.9669683,-10.346006,-12.51907,2
8.312743764172335,0.07160521,4781.5758609562,2035.9416245510567,6912.158203125,23.161867141723633,4083.2023725641075,0.03489742801962527,-407.9721,0.052096557,-0.5229438,-70.81342,1.5523772,-0.43788797,-44.78872,-2.2410743,2.0959125,15.818893,-3.5959585,-1.3076332,-48.23722,2.0926201,-1.9367818,4.916134,2.6691358,-0.79067695,37.20932,1.5204641,-0.059321847,-6.6812572,-1.7616106,0.9266658,8.181006,0.28917718,-0.41237757,5.500254,-0.6708306,1.093689,-14.889112,0.8169603,0.14259171,-13.916487,-0.35155362,0.63545084,1.042475,0.22792086,0.6797965,1.0,0.56796986,0.2733324,0.26917696,0.2709201,0.27422854,0.22657831,0.18429151,0.19458261,0.33459562,0.404516,0.660256,1.6693704,-10.969394,-12.702002,5
8.324353741496598,0.074851386,4827.963652455016,2082.4808701457086,7116.7236328125,17.795507431030273,4178.642703821395,0.06608151270920701,-405.32523,0.4570648,-0.87279385,-70.41162,0.8450369,-0.6377539,-45.998074,-0.6649367,2.0366156,10.830345,-4.0973477,-0.7914796,-48.02588,0.63772863,-1.7919819,7.282686,1.9354961,-0.8076739,37.501595,1.0349197,0.08839235,-8.537474,-0.7390359,1.1789496,6.044674,0.24989219,-0.38029274,3.9820697,-0.39136225,1.256548,-15.762993,0.6435134,0.32385066,-14.453377,0.06394291,0.6561074,2.195139,0.7196255,0.39166757,1.0,0.5921627,0.26730317,0.25508448,0.26099378,0.2730595,0.23637357,0.17530936,0.18532507,0.31756026,0.37600204,0.6248279,1.5539757,-11.2405615,-12.577695,5
8.335963718820862,0.07291895,4901.55009681523,2158.1771847526916,7536.62109375,10.311360359191895,4178.642703821395,0.06608151270920701,-408.53326,0.88840026,-0.18218215,-68.06705,-0.045892462,-0.79781705,-44.085693,0.93887776,1.4169092,2.8887405,-4.0804677,0.10726339,-50.376175,-0.74287313,-1.2276467,9.01028,1.1945608,-0.7187299,39.503273,0.5631329,-0.17673524,-9.212837,0.26100853,1.1346554,4.8344555,-0.17587623,-0.12638496,6.6459966,-0.12047416,0.5167923,-14.252881,0.42829886,0.0843086,-12.457621,0.29984334,0.4168342,3.528632,1.0210438,0.08619621,1.0,0.5987487,0.2572788,0.25277638,0.2522061,0.2799967,0.25244537,0.15566584,0.18117453,0.2905872,0.3439145,0.62655616,1.4021761,-11.3753395,-12.401673,5
8.347573696145124,0.06848214,4945.770462353854,2196.5505905291616,7708.88671875,17.605310440063477,4202.849334748248,0.05607139544589261,-415.3373,1.1256317,1.0001928,-66.06288,-0.8956346,-1.0035535,-39.5312,2.1872852,0.76412237,-5.413975,-3.7124848,1.1401249,-53.73268,-1.671285,-0.41271675,9.841639,0.71280485,-0.47188738,43.6204,0.48752633,-0.42844844,-8.507851,1.0342706,0.83163106,4.718912,-0.7209196,-0.080077685,12.528471,0.18450305,-0.43668923,-10.333877,0.34258384,-0.31748578,-10.075751,0.39414498,-0.12021685,5.125252,1.1380341,-0.053513926,1.0,0.5901047,0.24228293,0.2454573,0.22970511,0.26365268,0.24683921,0.14294216,0.19337155,0.26509976,0.3103476,0.61075604,1.221176,-11.401231,-12.273776,5
8.359183673469389,0.06508565,4960.757695150989,2197.96975621195,7751.953125,5.739166259765625,4202.849334748248,0.05607139544589261,-417.5882,1.4216084,1.5948182,-67.757935,-1.658889,-1.1453967,-36.39171,2.8448815,0.27765578,-10.129829,-2.902662,1.6847373,-56.19065,-1.7950833,0.31926134,9.052219,0.54159343,-0.09754809,45.445435,0.5740359,-0.3873867,-5.542447,1.4243714,0.28003427,5.19945,-0.9610888,-0.32417113,15.142463,0.3064015,-0.7758017,-8.426076,0.24156131,-0.5832285,-8.834568,0.3734664,-0.52101594,6.4733315,1.2200015,0.014046194,1.0,0.5799622,0.25620288,0.2629697,0.22411199,0.2609278,0.23909532,0.15674548,0.22951601,0.27592856,0.31735212,0.6121075,0.96712,-11.301197,-11.973231,5
8.370793650793651,0.0652625,5005.1547810189595,2173.181040399618,7708.88671875,22.269794464111328,4202.849334748248,0.03489742801962526,-411.12613,1.9682968,1.1874181,-71.566605,-2.5012975,-0.9704696,-33.895218,2.7272527,-0.3977978,-10.1000805,-1.6824642,1.5581928,-58.28746,-1.2485448,0.88273,8.919325,0.31136405,0.01710831,42.428307,0.29231435,-0.3444079,-1.5327784,1.4250343,-0.33798563,6.369833,-0.794905,-0.1980555,11.728773,0.13339749,-0.574338,-10.008917,-0.0753438,-0.6242744,-8.414066,0.3950466,-0.2852002,7.02896,1.4501537,0.23431993,1.0,0.5842064,0.29676718,0.28783676,0.25430515,0.28198752,0.24006045,0.17991248,0.26197177,0.30727983,0.33243096,0.61257714,0.7392178,-11.024758,-11.907922,5
8.382403628117913,0.06901112,5051.099529081152,2140.682341823559,7611.9873046875,27.472383499145508,4202.849334748248,0.03489742801962526,-402.3777,2.3390677,-0.09318853,-75.58859,-3.079052,-0.3382801,-30.885891,1.9137106,-1.0047753,-8.585533,-0.3094317,1.1133413,-60.63791,-0.41666996,1.0829607,8.144539,-0.24479552,-0.33440825,38.944885,-0.21806349,-0.25158224,0.54396635,1.0118148,-0.8481439,4.3647175,-0.40995687,0.2741022,6.9335895,-0.33035734,-0.113431215,-12.996308,-0.5962102,-0.42763555,-9.768061,0.5840904,0.32443756,7.735919,1.6229084,0.31367818,1.0,0.5965735,0.32166854,0.28041917,0.26160505,0.28414297,0.2364399,0.19262795,0.26969287,0.3189498,0.3238075,0.585311,0.618283,-10.845229,-11.929574,5
8.394013605442177,0.07380226,5155.8565826485265,2164.2445259242863,7795.01953125,29.710275650024414,4178.642703821395,0.03489742801962526,-397.2858,2.0495377,-1.5386416,-79.7646,-2.9618163,0.5336884,-26.9953,0.9790924,-1.1601373,-7.3576136,0.78116363,0.5836703,-61.116203,0.31533813,0.88990074,9.50803,-1.085628,-0.9292868,40.76246,-0.5460945,0.045211587,1.5093074,0.21050812,-1.1477392,0.17327452,-0.118833676,0.59744453,6.023835,-0.72799844,0.34604186,-13.697927,-1.181145,-0.19379985,-11.922462,0.8818009,0.74455255,9.094368,1.5383434,0.083888,1.0,0.5944531,0.343233,0.29300284,0.26100603,0.28698573,0.24852005,0.24227417,0.33704513,0.35729095,0.3453883,0.5865629,0.7235829,-11.0362625,-11.742065,5
8.40562358276644,0.07674199,5246.201562350096,2185.133037164506,7978.0517578125,21.558425903320312,4178.642703821395,0.03489742801962526,-396.80814,0.9227865,-2.128035,-83.54532,-2.3758905,0.9795606,-24.376472,0.46437323,-0.84981173,-7.171406,1.1842499,0.11011868,-59.076164,0.55851287,0.27778068,12.034476,-1.7811542,-1.1771336,43.951427,-0.5676989,0.07391334,0.5270569,-0.5276717,-0.85872805,-2.0096366,-0.16921139,0.43532068,8.62108,-0.66745436,0.39774227,-13.524018,-1.335888,0.008810027,-11.9728775,1.0168631,0.56863314,11.588505,1.360094,-0.22573839,1.0,0.6010056,0.3555324,0.2991373,0.25129583,0.28027704,0.25522485,0.28785318,0.40568888,0.40296605,0.3961409,0.6241674,0.7015688,-11.006036,-11.647645,5
8.417233560090702,0.07698236,5235.938509783492,2171.768872303335,8053.41796875,15.576892852783203,4154.575492829486,0.030106861794195014,-397.423,-0.85641426,-1.851929,-87.513855,-1.5953023,1.0675998,-27.515604,0.21968082,-0.28633818,-6.275764,1.0826265,-0.14463165,-55.425484,0.29459533,-0.57390857,10.078724,-2.213385,-0.83106375,41.6043,-0.4835427,-0.2412414,-0.99706167,-0.7494796,-0.061398704,1.7356699,-0.34994116,0.031751763,9.806255,-0.2666704,0.07935959,-14.615213,-0.89504766,0.30727595,-7.7345066,0.9790247,0.029454138,15.602335,1.1689886,-0.4658606,1.0,0.57882345,0.3388884,0.2951212,0.26903665,0.26559478,0.225316,0.26319918,0.38394648,0.39021358,0.3928783,0.6378124,0.8396565,-11.130565,-11.587193,5
8.428843537414966,0.076400034,5129.37991222877,2142.492525775429,8031.884765625,18.311840057373047,4154.575492829486,0.030106861794195014,-400.7331,-2.5053437,-1.2543567,-88.221405,-0.681267,1.0458578,-32.12433,-0.13779615,0.0864411,-3.2712216,0.90154773,-0.2411101,-53.20668,-0.15909018,-1.1138221,3.5222282,-2.2531128,-0.06804157,38.90786,-0.61677444,-0.41302797,-3.4639797,-0.30515775,0.8081707,6.076217,-0.3359967,-0.4334679,8.419224,0.11736731,-0.0721235,-16.513807,-0.19736424,0.6613867,-3.0059443,0.8884495,-0.550489,16.940506,0.84994674,-0.5953061,1.0,0.5430079,0.32322195,0.29659855,0.29068726,0.24518901,0.16970879,0.19802044,0.32012084,0.3535715,0.387462,0.699512,0.85666126,-11.0647335,-11.582345,5
8.440453514739229,0.07655648,5072.566891120969,2147.6811667492143,8053.41796875,20.580154418945312,4130.646898772784,0.02616802860893576,-405.47952,-3.4757466,-0.6373557,-85.17972,0.3388097,0.9646068,-32.86251,-0.68541616,0.07985464,-1.106166,0.8739035,-0.18289992,-53.06201,-0.6452473,-0.9936344,-3.8474731,-1.9756699,0.92091304,39.49253,-0.9767397,-0.15865085,-7.1727104,0.49790996,1.3677552,6.189502,-0.37145373,-0.746974,7.1903095,0.26396853,0.1430053,-19.550177,0.36199155,0.91017896,-1.0087812,0.696219,-0.8515918,15.100188,0.39808857,-0.5703207,1.0,0.518872,0.31532216,0.2877855,0.29692948,0.22362506,0.12432098,0.16647139,0.29668963,0.3481732,0.40210566,0.7412518,0.7853996,-10.71956,-11.550705,5
8.452063492063493,0.0759167,5111.6466914025905,2159.0088699087105,8085.7177734375,14.59679126739502,4130.646898772784,0.02616802860893576,-408.76935,-3.6046326,0.080569446,-84.93274,0.98526126,0.508671,-29.451345,-1.4008408,-0.49230146,-2.0391355,1.0904517,0.06712525,-56.87034,-1.0866592,-0.40906888,-5.9215126,-1.4177212,1.5184131,38.939835,-1.1228982,0.12489762,-6.5970078,1.292982,1.2649211,1.5501789,-0.63953483,-0.5750968,6.846073,0.15998106,0.28424165,-19.320381,0.73831904,0.7716324,-3.563633,0.3890729,-0.60860956,14.592035,-0.35058925,-0.5998988,1.0,0.5024213,0.30548292,0.27425998,0.31687135,0.2423271,0.13228604,0.1892845,0.32699484,0.38188568,0.4352541,0.7794335,0.8950958,-10.583276,-11.587335,5
8.463673469387755,0.07292008,5092.424718869177,2115.1203415241985,7902.685546875,13.851961135864258,4130.646898772784,0.03489742801962526,-414.1005,-3.2706366,0.71651,-84.61145,0.98276544,-0.2894584,-26.805346,-2.2814276,-1.5135384,-2.8712525,1.412238,0.46164787,-62.188675,-1.2039953,0.39410725,-4.926101,-0.5973414,1.2464064,37.07481,-0.91621184,0.08825309,-2.0804737,1.8910297,0.70351386,-1.7979574,-1.0910388,0.008665429,7.2615814,0.096728116,0.114184596,-15.018005,0.8808102,0.16592325,-6.0805902,0.13380979,0.09715065,15.080791,-1.192285,-0.619292,1.0,0.4818233,0.2776799,0.26038143,0.3360579,0.2844065,0.17635725,0.21434543,0.33534202,0.38777986,0.45052516,0.819606,0.7821465,-10.444778,-11.901109,5
8.475283446712018,0.06981352,4949.10289909546,2013.4946014351415,7105.95703125,25.798288345336914,4130.646898772784,0.03489742801962526,-419.35208,-2.6051712,1.0026251,-82.06229,0.28119686,-0.9559136,-29.221136,-3.107464,-1.8014653,-2.285623,1.7852223,0.8198951,-63.91369,-0.6077465,1.2039347,-2.3670092,0.15011545,0.38556612,35.492744,-0.57493293,0.26236773,3.7648802,2.1684754,-0.1486756,-2.0901744,-1.2876549,0.42373842,9.30728,0.029580466,-0.25851345,-10.834791,0.65535057,-0.6664681,-6.708776,0.28842443,0.77614677,14.619074,-1.8228267,-0.72790354,1.0,0.42458746,0.21233179,0.22081591,0.3276504,0.30997688,0.19941604,0.21273549,0.30356222,0.35075375,0.4272202,0.8290597,0.760828,-10.336603,-12.130157,5
8.486893424036282,0.06887573,4890.981064922096,1983.3358195810538,6944.4580078125,25.402658462524414,4106.8561232764905,0.03010686179419501,-422.16623,-1.8884323,0.9608406,-78.0681,-0.74210906,-1.2738466,-34.66642,-3.5159433,-0.7652002,0.0763249,2.323328,0.8533178,-62.86926,0.54133403,1.6454809,0.53744304,0.4461409,-0.44963196,34.712128,-0.060007986,0.75197893,7.8745522,2.0103886,-0.9500677,-2.4398048,-1.095706,0.37177563,11.134338,-0.26815227,-0.59918225,-9.381935,0.10077384,-1.3109899,-6.1147895,0.7876511,0.93767494,13.640659,-2.2719803,-0.7618009,1.0,0.41074455,0.18974848,0.20675527,0.3417995,0.35965475,0.22157218,0.20838556,0.28769302,0.3357015,0.4256366,0.8377594,0.78369623,-10.236595,-12.3163,5
8.498503401360544,0.07009109,4838.87312692197,1954.0133214584157,6847.55859375,13.870553016662598,4106.8561232764905,0.03010686179419501,-420.85547,-1.4252172,0.60657644,-79.07234,-1.559297,-1.3239322,-42.99186,-3.234287,0.9744873,4.369776,2.7985847,0.397077,-62.15805,1.548838,1.1386694,1.138895,0.18129832,-0.74044573,34.589073,0.66474617,0.9777647,8.380587,1.4545995,-1.0606588,-2.3909922,-0.729532,0.0614241,9.562888,-0.60102713,-0.60880464,-10.346743,-0.6187446,-1.1693023,-4.232204,1.3239342,0.50001967,8.966488,-2.5400052,-0.3298614,1.0,0.4143047,0.2000954,0.20659237,0.32893384,0.3863515,0.23451295,0.19387855,0.26339346,0.33894885,0.4409801,0.8247888,1.0574219,-10.085437,-12.534408,2
8.510113378684807,0.07115609,4738.419515014533,1904.9042182432893,6739.892578125,16.64643096923828,4083.2023725641075,0.030106861794195014,-420.40173,-1.3080882,-0.19370736,-83.90759,-2.1452842,-0.81186247,-52.741966,-2.2130344,2.279982,8.647434,2.7007787,-0.3838851,-60.107426,1.8378814,0.012410895,-0.17498097,-0.1977638,-0.53628016,34.35219,1.3030663,0.7832482,8.370856,0.7732755,-0.65458876,-3.0547643,-0.5937933,-0.09535106,7.812113,-0.67189974,-0.14086719,-13.233877,-1.2791216,-0.4729813,-1.468375,1.5251545,-0.06616245,4.421579,-2.3610656,0.4555355,1.0,0.45946473,0.2312997,0.21780363,0.2980138,0.36520985,0.23832087,0.19718906,0.26059902,0.3714849,0.46392405,0.7834638,1.2913725,-10.309062,-12.678216,5
8.52172335600907,0.071226195,4712.243422095509,1895.623496021501,6869.091796875,15.737346649169922,4083.2023725641075,0.03010686179419501,-420.5595,-1.7805939,-1.049059,-89.52358,-2.2570143,0.29255626,-55.09117,-0.8166028,2.411103,12.250563,1.9256335,-1.2018849,-54.224815,1.4444093,-0.8751947,-1.8764992,-0.27250883,0.09543665,36.905174,1.4956298,0.19246349,7.427923,0.18102565,-0.19796634,-4.174359,-0.5389979,0.05266377,6.0699816,-0.2847712,0.7107153,-17.31661,-1.6049769,0.19312795,2.0079527,1.4308907,-0.43148214,0.77986944,-1.4673532,1.3750525,1.0,0.5097572,0.25661403,0.2327709,0.27220824,0.31363645,0.23020576,0.19831844,0.27763328,0.4226255,0.5075892,0.76530975,1.1872077,-11.033551,-12.965164,5
8.533333333333333,0.07090349,4809.766147099512,1943.8434435929357,7310.5224609375,14.461922645568848,4083.2023725641075,0.040697331568881064,-421.43692,-2.5001729,-1.2524838,-93.967636,-1.6968466,1.4455725,-49.9608,0.37609538,1.4771776,15.603287,0.8010613,-1.6014959,-48.405678,1.1215423,-0.9581681,-3.441156,0.03051951,0.7424257,41.705635,1.0927444,-0.65658915,6.08483,-0.023484167,0.1410421,-5.249077,-0.28216657,0.32524225,3.4109263,0.34280995,1.2004331,-20.555473,-1.5129744,0.56371784,3.7020462,1.2656256,-0.4689257,-1.87764,-0.14010061,1.9392239,1.0,0.5214691,0.26184267,0.24631883,0.24981701,0.26312274,0.22497497,0.19313735,0.26438943,0.40702856,0.49801883,0.7720982,1.0452178,-11.709318,-13.166406,0
8.544943310657596,0.0704981,4861.183898872614,1938.8759975127584,7590.4541015625,17.545982360839844,4083.2023725641075,0.04069733156888106,-424.4827,-2.3698187,-0.042134274,-96.11453,-0.5612165,1.8102918,-43.145157,1.507618,0.3426445,16.67286,-0.26677448,-1.3676734,-49.50991,1.144229,-0.44969064,-4.382896,0.45964214,0.8402944,44.82168,0.24061139,-1.4081926,7.1424093,0.111021765,0.24711655,-5.608629,0.010916237,0.48691916,3.167863,0.6589796,0.6901874,-20.244555,-1.2293683,0.5427294,3.4384346,0.92664224,-0.39794177,-1.5648453,0.8837526,1.368428,1.0,0.5184603,0.24801058,0.23938517,0.2250764,0.21985646,0.22514986,0.1990481,0.23782688,0.37305072,0.48840004,0.7557317,0.9825709,-11.760267,-13.106831,0
8.55655328798186,0.0694132,4881.007845101861,1938.2230164341083,7536.62109375,19.678701400756836,4059.684857430953,0.03489742801962527,-430.3125,-1.0091385,1.7580131,-95.68895,0.46289203,1.2555913,-38.885826,2.3882046,-0.38003394,13.687887,-1.0773865,-0.7938213,-54.638386,0.8384629,-0.048220176,-3.637495,0.76095957,0.44263956,45.548325,-0.7085733,-1.6180822,8.118539,0.25790635,0.1961014,-6.215538,0.5021979,0.60489047,6.52258,0.7049833,-0.03588759,-19.818272,-0.96593666,0.19800001,2.7178624,0.57875377,-0.20636949,1.6085519,1.4829386,0.45405075,1.0,0.51293904,0.23443298,0.23107173,0.21472989,0.19655503,0.23307554,0.21459062,0.23311141,0.35610655,0.48873726,0.7647329,1.2770358,-11.48207,-12.63216,5
8.568163265306122,0.06484217,4841.855478928758,1914.2830093298585,7181.3232421875,12.429667472839355,4059.684857430953,0.03489742801962527,-437.87888,0.7264689,2.871261,-91.66576,1.1093515,0.35324663,-38.924267,2.6446526,-0.25811738,8.499704,-1.5192876,-0.073903486,-57.67021,0.12126128,0.11149188,0.25400126,0.7465313,-0.20142373,42.84538,-1.6211548,-1.1069783,7.48787,0.3898459,0.042120587,-5.1859465,1.0948339,0.64096284,12.792339,0.6539343,-0.5936444,-20.302887,-0.86783993,-0.23988715,3.0021706,0.2835637,-0.039693274,8.473328,1.7365922,-0.35404578,1.0,0.496012,0.21180628,0.20779073,0.18685654,0.17018741,0.2223478,0.20854998,0.22031663,0.35082176,0.47490177,0.7659701,1.5557678,-11.200218,-11.642492,5
8.579773242630386,0.054765727,4837.60537705694,1932.4479654365662,7062.890625,13.76550006866455,4083.2023725641075,0.03489742801962526,-440.9651,2.047428,2.536649,-86.53732,1.5357213,-0.2313357,-41.990257,2.612625,0.38004848,5.368997,-1.4934406,0.6407267,-53.32525,-0.5378847,-0.12971522,4.0167623,0.27791655,-0.9298587,37.33387,-2.2930748,-0.26246947,8.389364,0.47294617,-0.050783783,-2.6371334,1.62583,0.5418808,15.224695,0.5617696,-0.81670165,-20.585258,-1.0255157,-0.4794826,4.993074,0.023229742,-0.16285717,13.901712,1.5690469,-0.92171186,1.0,0.50261354,0.22550523,0.2253866,0.20267808,0.18884005,0.22734524,0.21933202,0.2381886,0.3695405,0.47220647,0.75897574,1.6061836,-11.194184,-11.634703,5
8.591383219954649,0.049211644,4972.535546092267,2039.417784941672,7450.48828125,13.380020141601562,4083.2023725641075,0.03489742801962526,-430.10165,2.779299,0.99463975,-84.01688,1.8797485,-0.24579524,-39.293568,2.5992215,0.73229337,5.1812654,-0.9840159,1.0069146,-46.800373,-0.9119099,-0.8325815,3.8735542,-0.64131266,-1.4803104,32.031208,-2.5936384,0.33792683,9.493631,0.3695075,-0.0555688,-1.7930627,1.9896305,0.32662916,9.749053,0.3610169,-0.4860123,-21.964893,-1.3699927,-0.37940237,4.57028,-0.39644334,-0.55894387,10.3944,0.9750763,-1.0487247,1.0,0.53733987,0.28042424,0.31177557,0.2789817,0.24261254,0.24880247,0.2611632,0.3118763,0.4127523,0.47764942,0.7129195,1.4898745,-11.299155,-11.630783,5
8.602993197278911,0.060093146,5046.734446472798,2031.9856047919634,7590.4541015625,29.149446487426758,4106.8561232764905,0.047686993082531035,-415.26907,3.184021,-0.7371002,-85.92159,2.0715892,0.080608286,-33.807594,2.5740795,0.352297,4.9490433,-0.33773956,0.7424367,-48.598953,-1.3720014,-1.4240619,2.0386891,-1.64565,-1.3814036,30.059021,-2.582876,0.5226513,9.451538,0.053283136,-0.29835483,1.2805902,2.1713426,0.030746935,7.314555,0.07070043,0.13959019,-24.20724,-1.5732836,-0.15142468,4.754738,-1.0093483,-0.8876987,9.055542,0.20063157,-0.72185355,1.0,0.5204935,0.260471,0.30262655,0.27103862,0.21640593,0.20383443,0.21492074,0.27103668,0.3387543,0.41861442,0.6882695,1.2837744,-11.417374,-11.579308,5
8.614603174603175,0.07271316,5059.234612365259,2004.041265792289,7579.6875,28.861083984375,4106.8561232764905,0.047686993082531035,-408.81573,3.2073212,-1.8473713,-87.25458,2.062698,0.4586076,-28.685972,2.5555515,-0.42294127,5.2774515,0.12457546,0.19375546,-53.943993,-2.091539,-1.2641646,-0.8302031,-2.33016,-0.5523812,29.771662,-2.194067,0.44308856,9.507263,-0.32178742,-0.55789953,4.548515,2.1503437,-0.14146388,7.485151,-0.09817411,0.64674973,-26.543468,-1.5938458,0.08834782,4.337164,-1.5750802,-0.77472585,9.575953,-0.41288814,-0.067183144,1.0,0.50860655,0.2386264,0.2838041,0.24916215,0.192561,0.17993113,0.1802626,0.23693223,0.29436234,0.39501145,0.6766719,1.2663064,-11.16653,-11.376861,5
8.626213151927438,0.075194746,5032.289759580044,1996.0162426779514,7579.6875,13.931609153747559,4083.2023725641075,0.04069733156888106,-411.94174,2.4299724,-1.8847263,-84.37268,2.113372,0.6111365,-24.062607,2.4974632,-0.90638816,6.947264,0.4026372,-0.029922325,-58.885563,-2.8272998,-0.26510555,-5.679908,-2.3767061,0.45191026,29.045218,-1.500092,0.3793522,10.237442,-0.5590766,-0.36810732,6.9242315,2.0893762,-0.15632604,8.964338,0.21418151,0.625714,-28.604038,-1.5020736,0.29212722,1.9659802,-1.8839562,-0.26628926,9.0987015,-0.434303,0.409531,1.0,0.48901293,0.22496231,0.2722956,0.23430592,0.17902704,0.16859254,0.16608378,0.22480883,0.2791309,0.385812,0.6895652,1.342295,-10.793044,-11.376489,5
8.6378231292517,0.07190399,4947.675557729521,1988.4937144555636,7579.6875,13.521672248840332,4083.2023725641075,0.04069733156888106,-417.52686,0.9497121,-0.81440675,-78.76503,2.1903157,0.19390747,-22.439064,2.1388006,-0.6492348,8.684203,0.58555645,0.048545666,-63.04786,-3.0271504,0.71870077,-11.434155,-1.899717,1.0280191,26.650002,-0.7581445,0.5163831,9.820604,-0.44903603,0.108373724,8.534339,1.970116,-0.2639522,11.382927,0.7616556,0.10723333,-30.179335,-1.2665144,0.35951307,-2.5522163,-1.8384148,0.2073794,8.103917,0.038755607,0.33163577,1.0,0.4372358,0.21272647,0.26431867,0.21985933,0.16921751,0.15881947,0.16005696,0.21797188,0.27911073,0.40569308,0.76053524,1.4988059,-10.713802,-11.283076,2
8.649433106575964,0.0706994,4894.595276291859,1982.6394989964692,7558.154296875,22.12508773803711,4083.2023725641075,0.047686993082531035,-417.64935,-0.24959208,0.1452934,-74.56355,2.032407,-0.672893,-24.254261,1.7015541,-0.1935007,7.6702394,0.63901824,0.019231396,-66.61911,-2.4919782,0.9310707,-13.531854,-1.3135573,1.087084,23.66093,-0.07820498,0.8661879,6.2407885,-0.12591334,0.49863043,9.69831,1.5030111,-0.39080173,12.3363,0.9255186,-0.15447551,-30.856155,-0.7837393,0.48402667,-6.684746,-1.6795487,0.5867946,7.5012007,0.24263875,0.26566008,1.0,0.4074891,0.23107383,0.27585816,0.22059408,0.17465988,0.15943636,0.16268067,0.2220328,0.2783122,0.4328837,0.8159336,1.4612699,-10.571328,-11.283402,2
8.661043083900227,0.07106946,4877.247820731438,1976.0223635626835,7558.154296875,22.204795837402344,4083.2023725641075,0.047686993082531035,-414.3751,-0.64121246,0.19242911,-72.718765,1.3085923,-1.3654548,-24.756489,1.1486837,-0.08286958,6.3913803,0.56637895,-0.009192524,-68.3775,-1.7337011,0.7951334,-11.953432,-0.89306474,0.5980211,23.133131,0.7190051,1.1829602,3.9125285,0.2686298,0.7517935,11.243015,0.6512421,-0.7955524,12.256641,0.8223971,-0.21342215,-31.300982,0.04192184,0.8123156,-7.607229,-1.3599286,0.70482,8.214841,0.061763667,-0.037234753,1.0,0.39130178,0.25410113,0.2862889,0.2266174,0.18529645,0.15960392,0.16538799,0.22786418,0.2835229,0.4641087,0.8308274,1.4897916,-10.549717,-11.394046,2
8.672653061224489,0.07135625,4882.060436173856,1987.9316378948224,7558.154296875,19.41948127746582,4036.3027932178297,0.047686993082531035,-412.9425,-0.6653229,-0.4533031,-71.11173,0.14309095,-1.4835846,-21.769512,0.556754,-0.26937908,8.288683,0.5825955,0.14609084,-68.265854,-1.0132391,0.62961864,-9.32733,-0.6465789,-0.15520763,25.485508,1.7026656,1.2456177,5.716082,0.6211813,0.7256823,13.721135,-0.5131386,-1.3487457,13.07141,0.5088156,-0.2610597,-31.880873,0.92271876,1.0122824,-6.6910505,-0.9653994,0.4566886,10.167016,-0.4440407,-0.642031,1.0,0.39641532,0.2834967,0.3046898,0.24370413,0.20686427,0.16629921,0.17355074,0.23404875,0.31163156,0.50053465,0.892197,1.5569259,-10.348822,-11.357425,2
8.684263038548753,0.0717345,4883.554234415765,1982.1406188380727,7525.8544921875,20.67259407043457,4036.3027932178297,0.04069733156888106,-413.39432,-0.8542333,-0.9097967,-71.98972,-1.0161014,-1.1373394,-18.156948,-0.17587303,-0.90372026,10.722174,0.784606,0.28308713,-68.30731,-0.2262141,0.6169227,-8.573085,-0.31828848,-0.41966033,28.754513,2.652615,0.9041969,9.356214,0.78504664,0.19122228,14.3875,-1.6125253,-1.5231928,13.62751,0.09265313,-0.32800275,-32.2656,1.5167215,0.8105519,-6.2867227,-0.68738854,-0.031400815,11.222059,-1.266893,-1.2363824,1.0,0.38657913,0.2795445,0.293916,0.23820835,0.2037458,0.16381244,0.17338534,0.23523806,0.32639387,0.47494137,0.895481,1.7607669,-10.425665,-11.487604,2
8.695873015873016,0.07010427,4936.510765748112,2014.5044563454976,7536.62109375,21.312721252441406,3989.941901485381,0.034897428019625254,-415.86658,-1.4217305,-0.73738027,-75.02617,-1.7875533,-0.62620765,-16.748243,-1.2585574,-1.7231784,10.3532715,1.0109645,0.11386075,-69.18358,0.5475723,0.66586226,-9.903979,0.21298154,0.20546679,32.30788,3.18995,0.2529128,11.413824,0.6338846,-0.67275614,12.370897,-2.2912037,-1.0228268,14.3186,-0.27392504,-0.45489144,-29.752903,1.7269826,0.2911572,-6.87831,-0.63199013,-0.341337,10.898655,-2.163356,-1.3779169,1.0,0.40285078,0.30241132,0.30082142,0.22958536,0.21431412,0.18377665,0.18460442,0.2530258,0.34255376,0.48733428,0.91055644,1.7414136,-10.390866,-11.634034,2
8.70748299319728,0.06821506,4998.879055332743,2069.8502871618202,7601.220703125,10.567483901977539,3989.941901485381,0.02616802860893576,-418.73328,-2.0018764,-0.28897431,-78.886185,-1.9729958,0.055021346,-19.703735,-2.7443206,-2.0563936,10.045034,0.8150376,-0.28553286,-69.184586,1.0381767,0.59364736,-13.539787,1.059836,1.2581794,36.60134,3.027595,-0.4646095,13.017796,-0.010174378,-1.2474544,6.29986,-2.5217183,-0.06808846,14.499342,-0.58567977,-0.4813959,-23.753681,1.7172649,-0.27411345,-7.559717,-0.7195352,-0.22534604,6.9269176,-2.8343008,-0.8679785,1.0,0.44247317,0.3535636,0.33587232,0.23356868,0.25664094,0.24489489,0.23608501,0.30625418,0.39980245,0.52968967,0.9477008,2.1459982,-10.191306,-11.711832,2
8.719092970521542,0.06951091,4923.853874946188,2048.7044842846863,7568.9208984375,15.514917373657227,4036.3027932178297,0.04069733156888106,-422.15335,-2.3272767,-0.016129795,-82.0864,-1.6215523,0.81347483,-23.165688,-4.2349596,-1.6116616,12.24136,0.08363096,-0.6919185,-68.21692,1.2666517,0.37979037,-16.458391,2.2173326,2.0130763,41.392876,2.3874657,-0.9609191,13.209829,-0.9250472,-1.1958493,-1.2194026,-2.3426228,0.90762115,12.925394,-0.8222105,-0.27142507,-19.89297,1.5692333,-0.6767361,-8.992729,-0.7058425,0.12795623,0.8703092,-3.0971627,0.037437063,1.0,0.41753086,0.30491087,0.29402396,0.21778677,0.25256306,0.24731374,0.23670028,0.31018937,0.43553182,0.5799761,0.95692426,2.2747564,-10.027877,-12.026203,2
8.730702947845804,0.07226844,4839.094342047849,1991.175980998939,7450.48828125,12.182025909423828,4036.3027932178297,0.03489742801962526,-424.05225,-2.3328023,0.16853352,-84.30209,-0.8953899,1.1651669,-29.675283,-5.074703,-0.56416535,14.681978,-1.0261735,-1.2560431,-64.60974,1.6469662,0.2752189,-13.07624,3.1994119,1.7029082,44.70057,1.7623724,-0.99964905,10.392454,-1.71826,-0.7502897,-4.65612,-1.5373873,1.6003716,10.897756,-1.0136194,-0.0794854,-19.956545,1.2802638,-0.7597114,-11.108998,-0.4882083,0.427004,-5.4652586,-2.6861348,1.0286274,1.0,0.4160464,0.24475518,0.23656896,0.20943037,0.24226724,0.23114881,0.2114897,0.2832692,0.4309352,0.57076377,0.91620076,2.2259607,-10.112934,-12.326609,2
8.742312925170069,0.0726246,4765.649697952755,1929.3792869736533,7052.1240234375,19.014053344726562,4083.2023725641075,0.04768699308253103,-425.77728,-1.9751984,0.367898,-85.477905,-0.036921438,1.0850996,-38.35874,-5.0172396,0.60466254,14.809706,-2.2131965,-1.7324774,-61.036495,2.1708882,0.2705781,-4.6878185,3.6340737,0.43296343,45.419212,1.2180743,-0.7201397,6.226844,-1.9744682,-0.053647816,-3.2532146,-0.346972,1.6812823,9.101639,-1.25446,-0.022494588,-21.581675,0.73723227,-0.51672995,-12.069183,-0.09434015,0.59637254,-8.9669285,-1.6895835,1.7107918,1.0,0.4865028,0.25622162,0.22492759,0.20535906,0.21636999,0.18938206,0.17761205,0.23844734,0.3677752,0.4702162,0.76810145,1.8301731,-10.693604,-12.730485,5
8.753922902494331,0.07148548,4695.873462793506,1876.001297421844,6750.6591796875,30.06092643737793,4083.2023725641075,0.047686993082531035,-427.8765,-1.0715027,0.8968967,-83.61783,0.49261323,0.517754,-46.11585,-4.0446935,1.5954083,11.274253,-3.2898269,-1.5463696,-60.31732,2.4092097,0.13945974,4.354656,3.4254704,-1.1530871,43.3525,0.6912056,-0.332691,2.40972,-1.8225054,0.6273475,-0.9326103,0.8051591,1.0293238,8.161952,-1.5810357,-0.19707398,-21.885918,0.1201903,-0.15012066,-11.426914,0.3915463,0.6433285,-9.098467,-0.28844452,1.7915653,1.0,0.5280471,0.26067537,0.2179908,0.19970648,0.20115556,0.1621231,0.15435596,0.18801291,0.2886961,0.35605583,0.63496256,1.7131082,-11.074074,-12.829744,5
8.765532879818593,0.0710715,4671.826529355651,1855.2225863540616,6556.8603515625,22.352136611938477,4130.646898772784,0.07797523762294829,-430.70493,0.24197286,1.488185,-80.134094,0.5341657,-0.25133577,-51.026596,-2.598394,2.1997871,5.741635,-4.1361375,-0.74138284,-60.475822,2.118458,-0.24480942,11.512888,2.4636438,-2.2619584,41.768528,0.14753748,-0.10352502,0.3000693,-1.5205072,0.8142776,0.6229265,1.436307,0.07028834,8.346298,-1.8172622,-0.39008185,-21.162031,-0.27355424,-0.09321381,-9.940787,0.9891871,0.5866958,-8.019196,1.1944398,1.4560995,1.0,0.56837195,0.25361288,0.20604675,0.19454437,0.22454084,0.18218364,0.14861202,0.15916671,0.25526914,0.32334322,0.5749064,1.648486,-11.205059,-12.777933,5
8.777142857142858,0.06998448,4762.273774602269,1999.2039310302898,6987.5244140625,12.380570411682129,4154.575492829486,0.0779752376229483,-431.78,1.5146347,1.7521547,-78.37593,0.43479067,-0.6497624,-51.564415,-0.7465027,2.224346,-2.4683971,-4.4555063,0.25218773,-56.362373,1.3583025,-0.6728166,11.465578,0.95520234,-2.2533207,43.71245,-0.26951817,-0.13004781,-1.0325863,-1.0990071,0.5582278,4.2623577,1.4240004,-0.5221521,7.0270786,-1.8899927,-0.32302645,-20.0165,-0.40404412,-0.24296874,-8.610277,1.4417353,0.33195367,-4.4095745,2.2463884,0.7576181,1.0,0.62844193,0.27160555,0.21775469,0.199156,0.25754353,0.2114861,0.1460376,0.13777946,0.24340658,0.3316422,0.5566599,1.4854357,-11.3821125,-12.522591,5
8.78875283446712,0.06770053,4966.251172044676,2219.728977707,7665.8203125,14.336968421936035,4202.849334748248,0.10857977072874499,-430.47766,2.3859446,1.2665795,-77.1099,0.46813837,-0.42369664,-50.07073,1.1947964,1.8355938,-9.357809,-4.1535378,0.9955679,-51.18057,0.49578252,-1.0726067,7.5097384,-0.46779352,-1.315293,45.394855,-0.36571026,-0.20276588,0.7851498,-0.5456958,0.3232441,6.8424025,1.0603056,-0.62446517,4.0793967,-1.7447003,0.04956681,-20.38043,-0.36824715,-0.23092707,-6.9519844,1.4682544,-0.07736976,-0.5896749,2.4164317,-0.16756876,1.0,0.6484174,0.27984524,0.24782152,0.20647672,0.25539795,0.21313512,0.14203678,0.13927919,0.22839203,0.30462155,0.52761346,1.3466208,-11.536081,-12.301047,5
8.800362811791382,0.06874448,5109.02606367136,2319.7407746382587,8204.150390625,25.885087966918945,4202.849334748248,0.15046460134333878,-423.4668,2.9210393,0.39099023,-79.5284,0.4309251,0.08575586,-46.083828,2.6606152,1.1399459,-12.260788,-3.2535646,1.3697084,-50.087555,-0.12693259,-1.1977407,3.5450854,-1.2131646,-0.004540893,45.374672,-0.1604297,-0.14651084,2.1929388,0.009647948,0.2514947,6.902619,0.73852575,-0.46216893,-0.45752305,-1.4018224,0.57758117,-21.660164,-0.31032035,0.017709889,-4.998541,0.9844793,-0.6031027,2.9304626,1.7636184,-1.0682906,1.0,0.6685776,0.2990457,0.2775469,0.20805936,0.24248327,0.20713957,0.14974779,0.16355643,0.22992109,0.27428937,0.51435226,1.0141561,-11.471663,-11.9927845,5
8.811972789115647,0.074663624,5185.711624751876,2314.9476427808577,8451.7822265625,23.588823318481445,4227.196193261513,0.10857977072874499,-415.63678,3.373266,-0.26993623,-83.14867,0.09516449,0.20538062,-42.617054,3.267373,0.23387669,-14.074209,-1.915617,1.5015186,-53.24839,-0.507145,-0.75264037,0.15376136,-1.1819268,0.9954648,43.022552,0.064110056,0.13271618,0.13328195,0.2753698,0.15716305,5.3095975,0.5410149,-0.1724441,-3.0222394,-1.0188643,0.8834344,-23.786545,-0.44841674,0.098339275,-2.0005245,0.18203513,-1.059215,7.129266,0.74355054,-1.5866029,1.0,0.7240185,0.35612315,0.3168698,0.19922678,0.22871709,0.19783781,0.16900174,0.19916837,0.25371075,0.28585497,0.5225868,0.8102473,-11.463806,-11.634759,5
8.823582766439909,0.0772639,5168.5792745510025,2275.7765743719697,8257.9833984375,19.718103408813477,4251.684091691332,0.0779752376229483,-411.19977,3.4118016,-0.6604871,-82.32793,-0.44906807,-0.20038372,-37.934067,3.0603058,-0.5773082,-14.945297,-0.46302396,1.3022388,-57.51498,-0.7417603,0.20148139,-0.97381663,-0.48946393,1.194496,40.537624,0.29471296,0.61148024,-1.5353608,0.36422843,0.11014012,4.809293,0.4296975,0.24357806,-2.9827628,-0.50732076,0.8125452,-24.671831,-0.6659902,0.019561937,-0.99585,-0.56188554,-1.1267546,8.286576,-0.286116,-1.4144044,1.0,0.7394243,0.37317267,0.3176492,0.1805091,0.21056935,0.18155615,0.16807476,0.20831588,0.25854126,0.2843656,0.5118581,0.6824383,-11.483182,-11.629242,5
8.835192743764173,0.07160029,5138.4595944469165,2266.4814067089724,8031.884765625,17.53218650817871,4227.196193261513,0.09203757081218114,-412.10803,2.838977,-0.86417234,-77.62785,-0.9064504,-0.5815276,-32.14805,2.5095634,-1.021268,-15.472678,0.6292076,0.96131814,-60.883934,-0.67851174,0.92476815,-0.04868047,0.29589653,0.8345742,41.002148,0.7346508,0.87681377,0.27722973,0.39057428,0.24719796,5.3415413,0.59047,0.48327082,-1.1549106,0.1914862,0.6039042,-23.292774,-0.67671674,-0.053030908,-2.7417297,-1.0553274,-0.69998145,4.8315225,-0.9973305,-0.76593447,1.0,0.7289351,0.3810263,0.3230942,0.19937626,0.21950223,0.17510003,0.17283796,0.22338423,0.26428953,0.2773542,0.51071423,0.612264,-11.515267,-11.633334,5
8.846802721088435,0.066157274,5090.496319335029,2252.199231133869,7945.751953125,20.594316482543945,4227.196193261513,0.06608151270920701,-412.0089,1.9047699,-0.6458117,-75.54794,-1.0750595,-0.8176946,-29.044123,1.983817,-0.8728028,-14.2009325,1.2862989,0.64677554,-60.821968,-0.28971088,0.92776805,2.8870564,0.78028476,0.25085574,43.70133,1.3663224,0.81249636,2.985923,0.6195057,0.30157498,6.7160482,0.8468905,0.34132317,1.0408521,0.9451946,0.39194906,-21.763472,-0.46430752,0.0075494675,-7.1040964,-1.3618953,-0.092694305,-0.5600407,-1.3674929,0.039746158,1.0,0.64706105,0.36740002,0.3186575,0.22390936,0.21345659,0.16067377,0.1844741,0.2458147,0.26267734,0.24423826,0.49761796,0.55013674,-11.375177,-11.696272,5
8.858412698412698,0.070121266,5081.661927996842,2199.3689343527003,7956.5185546875,26.572097778320312,4202.849334748248,0.0779752376229483,-407.18582,1.1171565,-0.41533968,-79.86876,-1.2842435,-0.7402747,-29.905,1.707614,-0.38969266,-10.464657,1.7506958,0.31849223,-58.029762,0.1492239,0.36690024,5.126811,0.9120222,-0.2996715,46.144135,2.050782,0.4964491,2.6027691,0.983471,0.13805604,8.171644,0.84001863,-0.14700422,0.80146706,1.395624,0.25852296,-24.368965,-0.09429194,0.19919978,-11.445696,-1.5811272,0.36871055,-3.8027148,-1.4646308,0.6674083,1.0,0.6447743,0.3714492,0.31449348,0.23472258,0.19931881,0.14127108,0.18834129,0.24682312,0.2696378,0.2626092,0.52247906,0.4924651,-11.085521,-11.633485,5
8.870022675736962,0.076752126,5081.579370468071,2173.9880678494255,7978.0517578125,31.84488868713379,4178.642703821395,0.06608151270920701,-404.68298,0.4391042,-0.6449084,-86.41324,-1.6219858,-0.1219253,-31.921227,1.4564122,0.13635589,-7.2639313,1.9485412,-0.046974342,-55.07579,0.21097985,-0.41703808,6.2904396,0.6546178,-0.6187657,48.912956,2.4015179,0.05569984,2.6351464,1.1923184,0.06639773,9.796188,0.5442063,-0.54009366,0.659695,1.5471737,0.19666934,-27.08674,0.36696732,0.5932086,-12.430198,-1.5113914,0.5083071,-3.971847,-1.145878,0.8119555,1.0,0.6166271,0.35502794,0.29874825,0.22473003,0.1741268,0.12338293,0.17604299,0.233319,0.26515493,0.26185217,0.5320324,0.50498855,-10.916009,-11.550039,5
8.881632653061224,0.07823501,5112.374152046183,2187.1302089801966,8021.1181640625,14.77358627319336,4178.642703821395,0.056071395445892624,-406.00406,-0.32627666,-1.1956757,-88.877975,-1.6923574,0.71429276,-31.627739,1.0870074,0.27811506,-5.6582046,1.7725955,-0.4677749,-54.399635,-0.032013193,-0.8558883,6.4374275,0.14858222,-0.6708341,51.409187,2.060038,-0.48008198,3.9470437,1.1893725,0.1585351,11.621563,0.21861662,-0.59573364,3.1960192,1.5102736,0.10888962,-26.89713,0.7633923,0.8663743,-10.958506,-1.1038363,0.4386368,-2.6952558,-0.45503446,0.6028043,1.0,0.6003816,0.34836614,0.2976348,0.23369071,0.16937082,0.12317243,0.16772398,0.22580582,0.27273133,0.27793038,0.5701007,0.49916223,-10.994355,-11.687237,5
8.893242630385487,0.07801167,5148.335385535598,2204.016197279286,8074.951171875,26.882417678833008,4178.642703821395,0.05607139544589262,-406.60873,-1.0998942,-1.1072977,-88.754425,-1.0309521,1.2412277,-28.135742,0.52801883,-0.30859777,-4.370997,1.1715761,-0.77792084,-55.502922,-0.29806748,-0.5623492,5.610606,-0.34621528,-0.43337733,54.10637,1.0547704,-1.143089,5.9585643,1.0957685,0.07246641,11.671029,-0.09951793,-0.43418378,6.746379,1.433648,-0.06646764,-24.815336,1.0653485,0.6545006,-10.81532,-0.5471988,0.25487927,-1.9257696,0.22776107,0.31285885,1.0,0.5728894,0.34309182,0.27383074,0.22128247,0.16108775,0.11952019,0.15410984,0.2124204,0.27560377,0.29494226,0.6018813,0.47974408,-10.825158,-11.624863,5
8.904852607709751,0.07925208,5207.229874058033,2228.821961823057,8225.68359375,20.583633422851562,4154.575492829486,0.05607139544589262,-407.20618,-1.5221318,-0.23279211,-89.25106,0.0908254,1.1326013,-23.892467,-0.27820998,-1.2785302,-2.385984,0.5747608,-0.65442735,-57.19777,-0.3515409,0.1609231,4.801877,-0.58842486,-0.112521246,57.101295,-0.14075139,-1.5839049,7.51769,1.0324504,-0.23973712,8.853529,-0.49059603,-0.3068223,8.5350895,1.2414942,-0.47198182,-21.9603,1.2805061,-0.044331856,-12.912916,-0.07507721,0.20360276,-2.5645971,0.47364408,0.049352836,1.0,0.5586474,0.36022013,0.28513604,0.23295403,0.17059086,0.1278852,0.17361821,0.2628973,0.317958,0.330143,0.66087836,0.5027007,-10.872597,-11.689273,5
8.916462585034013,0.07821423,5183.368078436946,2211.644148643253,8225.68359375,23.739303588867188,4154.575492829486,0.05607139544589262,-411.28513,-1.1484538,0.7179609,-89.08476,0.68078154,0.38937846,-22.303076,-1.5066934,-2.054548,-1.6487819,0.51429653,-0.10516582,-60.68196,-0.104533896,0.7726353,3.5181026,-0.54921305,0.20576897,57.967247,-1.2259481,-1.489897,9.096681,0.95538914,-0.31121224,6.9984264,-0.78741366,-0.098229274,9.505941,0.6800128,-0.8576975,-18.008703,1.1153117,-0.6952463,-14.304518,0.2959626,0.46488252,-2.9485035,0.21619079,-0.22919683,1.0,0.5362416,0.35447103,0.2768981,0.239261,0.18652691,0.1315298,0.17525035,0.27744928,0.3324539,0.34514388,0.6982598,0.5260997,-10.630465,-11.914771,5
8.928072562358278,0.07292782,5133.182229380802,2184.5289774169573,7999.5849609375,16.777273178100586,4154.575492829486,0.04069733156888106,-417.0534,-0.56196696,1.060999,-87.58415,0.4772584,-0.37064582,-24.85136,-3.0906303,-2.1715329,-3.0604289,0.9163703,0.5315742,-61.77835,0.39563382,0.95507675,2.0391934,-0.4108281,0.32574472,54.426346,-1.9877912,-0.9053226,10.246435,0.9287921,-0.107318416,7.5993543,-0.9303815,0.092710905,9.761894,-0.10681116,-0.8924033,-16.43015,0.50037175,-1.0262302,-13.569067,0.71658415,0.7607355,-1.3332258,-0.15214327,-0.37743214,1.0,0.5129732,0.33736008,0.2645772,0.2443476,0.21727139,0.14027882,0.17801481,0.2775328,0.31654415,0.3334363,0.6924729,0.57877094,-10.515297,-12.140372,5
8.93968253968254,0.07011916,4986.263208613426,2111.525666637034,7622.75390625,19.45911979675293,4130.646898772784,0.047686993082531035,-417.50504,-0.29246166,0.83538204,-83.796646,-0.14791629,-0.95246667,-31.656963,-4.401757,-1.3404819,-5.8060913,1.5194193,1.0234467,-58.97892,1.0577576,0.83725566,1.8045967,-0.17759173,0.33196607,47.361053,-2.1486566,0.16607732,9.566271,0.9751053,0.16251557,7.7433863,-0.8817865,0.09402744,10.06736,-0.846941,-0.7184846,-17.510582,-0.3545777,-1.0585423,-12.293787,1.2113388,0.6821198,0.45992213,-0.42464167,-0.4310376,1.0,0.48566565,0.287323,0.22089337,0.23768489,0.2631539,0.16062585,0.16070758,0.23646127,0.25917652,0.30393872,0.6834348,0.6168369,-10.3778515,-12.277938,5
8.951292517006802,0.073132195,4901.912694233464,2050.081937108877,7482.7880859375,25.314163208007812,4130.646898772784,0.04069733156888106,-413.7075,-0.3022461,0.12402713,-81.03315,-0.88584024,-1.2870824,-39.122704,-4.7441306,0.19063579,-4.9160666,2.0571182,1.095467,-55.39141,1.6524966,0.46926984,2.3870635,0.20813313,0.40038148,42.722992,-1.560038,1.3837004,8.956957,1.06035,0.29270205,5.5315604,-0.80624384,-0.10384133,8.395303,-1.3167605,-0.46315148,-19.27864,-1.1275518,-0.7495582,-10.496582,1.5203578,0.18936795,-0.44721204,-0.6196025,-0.42129958,1.0,0.48205706,0.26028883,0.20134242,0.25682944,0.33002964,0.20386162,0.15510786,0.22210036,0.28551215,0.349729,0.6829798,0.7137061,-10.374476,-12.364246,5
8.962902494331066,0.07648953,4847.528949463764,1990.2081274580419,7310.5224609375,21.512245178222656,4130.646898772784,0.04069733156888105,-408.22226,-0.56911725,-0.93279856,-84.98075,-1.5904166,-1.1039739,-46.90007,-3.9153295,1.7185771,0.78007156,2.3015475,0.461571,-53.016823,1.7026479,-0.3550742,3.6836925,0.64607644,0.39332667,41.079777,-0.49915797,1.9317302,10.722509,1.1066332,0.248124,4.82985,-1.0424659,-0.30901912,4.9932327,-1.2853976,0.11852828,-21.105846,-1.5786407,-0.16892692,-7.4339304,1.4499949,-0.33756167,-3.9157066,-0.67843187,-0.11071884,1.0,0.50541425,0.2730234,0.22093838,0.26740262,0.34971866,0.22041151,0.15835558,0.22429924,0.30842534,0.3714373,0.6585905,1.0115439,-10.522422,-12.760517,5
8.974512471655329,0.07603044,4770.317180671317,1936.930886833364,7030.5908203125,17.277446746826172,4130.646898772784,0.040697331568881064,-408.4178,-1.3874155,-1.8374492,-89.98034,-1.9980035,-0.3296667,-53.960358,-2.3714926,2.4796414,6.5284166,2.1355484,-0.6134457,-51.65864,1.1153401,-0.9985532,3.3559742,1.0266626,0.32439896,41.202965,0.6279921,1.4810902,13.468936,1.1537666,0.060583785,4.271469,-1.377595,-0.29002315,2.8382502,-0.5968068,0.9760852,-23.63903,-1.7249906,0.15201382,-4.4566355,1.10002,-0.6351768,-5.395751,-0.39694414,0.58108246,1.0,0.5552806,0.30249116,0.24825266,0.2699489,0.33145747,0.22923872,0.18226644,0.25058258,0.34891477,0.40592438,0.65079504,1.1988211,-10.801178,-12.863908,5
8.986122448979591,0.073866405,4734.268425220633,1926.1132409341708,7019.82421875,18.388092041015625,4130.646898772784,0.040697331568881064,-412.45486,-2.819677,-1.9556564,-94.11597,-1.8874723,0.7849858,-55.744843,-0.5767442,2.3401499,10.983975,1.4751985,-1.5700957,-49.220207,0.2103028,-1.1460426,3.861395,1.1509482,0.15970643,45.16984,1.3793242,0.40017354,15.631165,1.2409164,-0.17799976,3.482013,-1.2229266,0.08734758,0.91289544,0.6024237,1.7424926,-26.61426,-1.6622612,0.22800782,-3.190864,0.8401578,-0.54745895,-5.909931,0.4061022,1.2812282,1.0,0.5982068,0.32025468,0.27236995,0.2631345,0.28000355,0.22921588,0.19737872,0.26149675,0.37198734,0.43669927,0.6460416,1.1878587,-11.263174,-13.076821,0
8.997732426303855,0.0718129,4806.236406249422,1967.7526408856122,7310.5224609375,14.704549789428711,4130.646898772784,0.040697331568881064,-417.50107,-3.9738526,-1.0563636,-97.27114,-1.2834953,1.4244789,-51.607826,1.1791376,1.7705479,12.555256,0.40843004,-1.7342557,-47.557014,-0.76368356,-1.104084,6.5382404,0.9139862,-0.21360634,51.48079,1.3106862,-0.7099798,16.621767,1.0996403,-0.38605,1.7895083,-0.57860124,0.60232735,-0.041181087,1.6668744,1.5845499,-27.916153,-1.4928784,0.25162464,-4.213969,0.7944155,-0.10012005,-6.512394,1.4282773,1.3814454,1.0,0.6317024,0.321821,0.2934995,0.27115297,0.2485796,0.23936178,0.21185204,0.24946055,0.37067503,0.4738524,0.6737349,1.2735869,-11.455131,-13.075189,0
9.009342403628118,0.0704745,4869.378627313763,1999.128456290895,7482.7880859375,11.792552947998047,4106.8561232764905,0.04069733156888106,-423.33365,-3.95979,0.627655,-98.27931,-0.18921979,1.3517358,-45.212315,2.5757089,0.8767194,9.906513,-0.50551593,-0.95918906,-51.620792,-1.7250342,-1.0339646,8.564337,0.29054478,-0.75928426,54.164658,0.5470548,-1.5104669,16.754238,0.7608958,-0.36887032,-1.835468,0.16110137,1.0860885,3.543779,2.1664412,0.59090984,-27.431875,-1.3120513,0.19667147,-5.632366,0.7907506,0.34205604,-4.8185444,2.1582503,0.79996645,1.0,0.6441353,0.30338034,0.29548293,0.26814798,0.22557968,0.25444257,0.2473079,0.26398578,0.38049752,0.5109143,0.7064898,1.3373678,-11.517687,-12.922157,0
9.02095238095238,0.06975997,4884.154845014982,1962.2009181436667,7245.9228515625,17.344146728515625,4106.8561232764905,0.047686993082531035,-430.53824,-2.7361329,1.9800435,-96.289406,0.88079417,1.0116358,-41.803482,3.2371004,-0.1163456,5.9017067,-0.82224697,0.14563873,-55.433197,-2.4967132,-0.72977173,10.249313,-0.44462013,-1.1924155,53.34211,-0.5396526,-1.7086881,17.10239,0.4552578,-0.21606004,-3.672444,0.9132247,1.2217212,10.940804,2.1447558,-0.47816306,-29.168179,-1.072436,0.12326105,-6.2669053,0.70573646,0.3814568,0.20260915,2.375755,0.06344516,1.0,0.5920981,0.24493386,0.24001864,0.21557786,0.16946131,0.21892348,0.23589355,0.24892348,0.34829006,0.4682815,0.6898038,1.6529984,-11.354105,-11.8585615,5
9.032562358276644,0.06895509,4869.6208829949455,1948.9234170920834,7073.6572265625,24.671558380126953,4083.2023725641075,0.047686993082531035,-437.35062,-1.3405538,2.2592118,-92.19456,1.6892401,0.5562515,-39.729553,3.1472132,-0.614464,2.1386256,-0.53798133,1.0707026,-57.51646,-2.9273891,-0.11400941,9.936243,-1.2749768,-1.1986779,50.97468,-1.7405636,-1.2367779,18.266869,0.31362507,-0.054353673,0.25563887,1.5407705,0.9053572,18.639175,1.7560184,-1.2915666,-30.795052,-0.88177335,0.061504636,-3.8251257,0.4869184,-0.058918077,6.794669,2.1821787,-0.67045647,1.0,0.5587302,0.20831034,0.20681842,0.1803244,0.13240914,0.18599392,0.21214502,0.22857697,0.33365202,0.45500618,0.67089176,1.6546644,-11.248334,-11.613429,5
9.044172335600907,0.069383346,4904.138350167508,1964.2283750725599,7149.0234375,20.836376190185547,4083.2023725641075,0.047686993082531035,-437.6891,-0.4930908,1.4117845,-90.679855,2.0675879,0.02203455,-35.525097,2.7926946,-0.4381683,0.77418876,0.19033644,1.4087545,-60.984512,-2.8319125,0.4662641,6.785039,-2.1364038,-0.8536722,46.64383,-2.7079785,-0.49371332,17.695795,0.40192416,0.120849185,5.584527,1.9304017,0.19743499,18.454964,1.0350583,-1.5524147,-31.435936,-0.9176123,0.019075364,0.22855711,0.074388415,-0.745392,9.872139,1.6400936,-1.2097015,1.0,0.57575893,0.21130429,0.23028046,0.20741244,0.13482589,0.16154963,0.18749788,0.21754187,0.320705,0.44667572,0.67923474,1.6337512,-11.216023,-11.527204,5
9.05578231292517,0.07275934,4876.426179532906,1940.2216400843458,7116.7236328125,25.091766357421875,4059.684857430953,0.03489742801962526,-429.95847,0.16039531,0.32022214,-88.50055,1.8233757,-0.52594733,-32.549614,2.526685,-0.08843771,3.5990658,0.98975635,0.98848236,-65.78076,-2.275787,0.651011,1.504873,-2.9105575,-0.52557456,41.8372,-3.2307787,-0.069562584,17.527794,0.5956665,0.24362765,9.2402525,2.0738206,-0.5470958,14.16868,0.08216228,-1.0698211,-32.535534,-0.9739111,0.05371605,1.7437992,-0.49201673,-1.1679401,8.97608,0.809908,-1.2336011,1.0,0.5797141,0.22651865,0.24727269,0.22576296,0.1483287,0.14870954,0.16017279,0.20923251,0.31238246,0.43817183,0.7011877,1.6143173,-11.1498575,-11.463544,5
9.067392290249433,0.075718224,4776.942738943888,1877.214704538417,6869.091796875,21.82693862915039,4059.684857430953,0.04069733156888106,-422.73383,0.99010414,-0.28942674,-85.79682,1.0359565,-0.9390673,-32.21233,2.2810977,-0.15318625,7.5659,1.4372169,0.15118745,-68.50126,-1.7514088,0.71388066,-2.0123122,-3.488947,-0.22052957,38.82363,-3.4375916,0.053981986,17.96016,0.65766317,0.19772565,11.230874,1.9221209,-0.761618,12.045828,-0.6762032,-0.1367656,-32.68393,-0.67717487,0.1832479,-0.24465975,-1.0317693,-0.9949079,7.980497,-0.051158942,-0.7359858,1.0,0.524619,0.25150973,0.26741794,0.23206127,0.16434346,0.1568908,0.15250142,0.21327586,0.3297112,0.4383266,0.75119776,1.6116545,-10.896337,-11.344416,2
9.079002267573696,0.07308729,4724.344054391277,1832.0985133733855,6782.958984375,19.4042911529541,4036.3027932178297,0.026168028608935755,-423.53848,1.5623494,-0.41651884,-83.67487,0.20468967,-0.9908929,-30.984215,2.0133376,-0.25867963,11.091876,1.4384812,-0.633184,-68.95505,-1.2357436,0.72635734,-4.4545426,-3.5996974,0.08502532,36.392555,-3.19953,0.2847172,18.796618,0.70371985,0.13180399,11.660444,1.6953785,-0.23271626,10.996923,-0.7988802,0.6995465,-33.14626,-0.05358734,0.5884981,-4.1760187,-1.3963474,-0.22359104,6.6383877,-0.43476078,0.08681103,1.0,0.4546134,0.26506266,0.2770077,0.22934131,0.18028277,0.16805987,0.15733877,0.22465515,0.34919283,0.4572434,0.8117872,1.5969192,-10.783749,-11.306276,2
9.09061224489796,0.06706893,4771.105373294501,1858.8192699554431,6955.224609375,16.217552185058594,4036.3027932178297,0.030106861794195014,-430.49405,1.4353546,-0.08125999,-83.38045,-0.20955506,-0.70567924,-26.979042,1.860154,-0.063464805,13.324074,1.008474,-0.9935305,-68.434906,-0.7036062,0.46998495,-7.505003,-3.2132378,0.37581247,33.7338,-2.4632766,0.6552491,20.87473,0.8272456,-0.010304171,10.925787,1.7075202,0.40940347,10.459946,-0.2742565,0.7856246,-35.201553,0.65866834,0.9355011,-8.593758,-1.4621059,0.5841199,5.0620136,-0.1829165,0.6603985,1.0,0.40672407,0.26393798,0.2821494,0.2342393,0.20559411,0.17357765,0.16486438,0.2453835,0.36503434,0.48135138,0.8635309,1.5632058,-10.787609,-11.299333,2
9.102222222222222,0.06497184,4853.858371388185,1914.5530047907237,7224.3896484375,21.204971313476562,4036.3027932178297,0.020317628556360583,-431.60574,1.0532237,0.5627486,-86.090996,-0.5691635,-0.2722504,-23.63123,2.042985,0.16362341,13.01153,0.25744465,-0.896592,-68.40784,-0.4182331,-0.0027675382,-12.383558,-2.398613,0.7776734,29.655323,-1.6070715,0.94585806,22.529016,0.72317547,-0.23073047,11.209178,1.9179785,0.6762359,10.5602665,0.42162818,0.5714753,-36.02791,1.1381998,0.786467,-10.973727,-1.1724024,0.900047,4.236573,0.3295071,0.7583604,1.0,0.38646826,0.28159776,0.3025642,0.25101206,0.23540519,0.17458156,0.17946798,0.27812642,0.3868082,0.5122509,0.9240398,1.5227454,-10.674099,-11.260148,2
9.113832199546485,0.06780969,4929.564990838331,1948.281737805622,7493.5546875,21.068218231201172,4036.3027932178297,0.018187375734912182,-425.19785,1.127686,0.8170374,-90.18385,-1.0031976,-0.018299038,-24.325138,2.287551,0.1616773,11.157137,-0.42199022,-0.5521124,-69.01703,-0.47578037,-0.30275825,-16.710163,-1.3680174,1.3235593,25.583931,-0.95794225,0.99358946,21.864054,0.41157776,-0.43008867,13.668537,2.0729692,0.43633676,11.647386,1.0357255,0.5365335,-33.36567,1.2408043,0.2730796,-10.490881,-0.6965077,0.68669266,4.3432827,0.6781156,0.52143407,0.9897571,0.38964438,0.31642097,0.33398083,0.27243945,0.26679984,0.19715315,0.19809152,0.29632014,0.41674086,0.5722848,1.0,1.6320889,-10.308607,-11.247601,2
9.125442176870749,0.06892547,4961.628480389894,1975.108871840357,7547.3876953125,22.141603469848633,4013.0553997848456,0.013100262550513395,-420.5201,1.6184143,0.26032814,-91.305084,-1.1812387,0.19021724,-23.696972,2.0440197,-0.11895042,9.782858,-0.61752415,0.059039872,-68.73128,-0.5424788,-0.19833614,-18.120426,-0.39867672,1.4654552,26.140055,-0.40214503,0.7998112,22.467218,0.15584387,-0.35939682,18.715118,1.88561,-0.2945914,13.962333,1.4250036,0.36545053,-27.775969,1.2884604,-0.23792997,-8.28472,-0.33469474,0.1507875,7.5192738,0.63253784,-0.112628214,0.93217665,0.36589244,0.3210422,0.3342954,0.28012514,0.28087226,0.19831578,0.19406037,0.2916057,0.41406468,0.5804162,1.0,1.5418261,-10.046256,-11.3006935,2
9.137052154195011,0.06681303,5009.204774599841,2034.2104839470587,7633.5205078125,15.686502456665039,4036.3027932178297,0.013100262550513395,-419.9887,1.7923162,-0.6817394,-88.92223,-0.75392646,0.5137808,-20.04411,1.2629652,-0.58596486,8.987923,-0.30424592,0.6497709,-69.204636,-0.27790642,0.27453896,-17.363373,0.3279605,0.9705337,29.771696,0.2473441,0.5507843,23.514864,-0.06798833,-0.15043533,22.985167,1.2076567,-1.2063582,14.804262,1.3440691,-0.13518955,-24.064302,1.4459616,-0.47754592,-7.3591037,-0.3271679,-0.45769712,10.640057,0.23888846,-0.79700875,0.9537705,0.40143135,0.35283908,0.3647944,0.34108362,0.3344706,0.21065488,0.1991293,0.3016009,0.4194206,0.5814037,1.0,1.6695323,-9.902877,-11.134878,2
9.148662131519274,0.066562824,5023.1624107720245,2026.7926411362903,7633.5205078125,31.461570739746094,4013.0553997848456,0.012403124793551348,-419.0522,1.1846344,-1.0181679,-89.177986,0.20000331,0.818162,-15.338102,0.27262533,-1.2094978,7.5904617,0.31197953,0.89485186,-71.49308,0.47460213,0.9218169,-13.826796,0.63640654,-0.007145163,31.683796,1.190727,0.5034429,22.126766,-0.2650636,-0.08676389,24.981186,0.019423723,-1.8372751,16.644712,0.7987482,-0.7457722,-25.071373,1.5644145,-0.2685709,-7.977772,-0.64129204,-0.7204466,11.663257,-0.37223756,-1.1514856,0.92807704,0.40701133,0.354876,0.35066938,0.33436728,0.32809103,0.19666974,0.17799173,0.28392792,0.39926222,0.5755051,1.0,1.9306724,-10.166909,-11.435611,2
9.160272108843538,0.06922613,5089.324754941256,1989.222824242835,7687.353515625,25.217172622680664,4013.0553997848456,0.012403124793551348,-417.20734,0.3934072,-0.62551814,-92.643036,1.0159075,0.80391425,-13.08468,-0.579939,-1.5945711,6.837351,0.74546486,0.6165384,-73.268715,1.5363542,1.4395599,-9.139982,0.49005693,-0.8387422,30.845936,2.205172,0.7083448,20.331596,-0.49855694,-0.24142066,24.428682,-1.5170572,-1.9522996,20.323193,0.14550525,-0.9930132,-27.75964,1.3739846,0.07374101,-9.130539,-0.95050985,-0.4303511,10.773883,-1.1067005,-1.0826925,0.87278223,0.42370367,0.38259926,0.35897753,0.31628335,0.30432573,0.19740279,0.19733475,0.32013345,0.43662044,0.59474444,1.0,1.9136508,-10.332104,-11.494319,2
9.1718820861678,0.06856669,5080.636402775988,1972.461810163401,7655.0537109375,15.631414413452148,4013.0553997848456,0.013980210380185928,-416.80637,0.1393402,-0.124424264,-93.21842,1.2161604,0.50639474,-15.961512,-1.7433739,-1.5889424,9.946894,0.70451945,-0.03619158,-71.87735,2.4672596,1.4549941,-8.323538,0.49233732,-0.67651606,30.4651,2.8108234,0.92626244,21.330048,-1.1000223,-0.53215927,20.60226,-2.885228,-1.3707824,21.1431,-0.4133502,-0.82704085,-27.2044,1.1328106,0.37147668,-11.074776,-1.0568438,0.1085504,6.5550184,-1.8828554,-0.6271342,0.83611786,0.4206755,0.37507048,0.34300488,0.30369908,0.29451963,0.20454079,0.21338663,0.34120438,0.45916322,0.6115901,1.0,2.101315,-10.264036,-11.575175,2
9.183492063492064,0.06285645,5015.118866013166,2012.5397247777548,7622.75390625,15.445923805236816,4013.0553997848456,0.013980210380185928,-419.07108,0.020998128,-0.036052357,-88.64596,1.0091308,0.04402821,-21.4968,-3.148239,-1.2434827,13.766854,0.31917307,-0.7243415,-67.185074,3.0162156,0.73597574,-10.489109,1.0173901,0.3701516,32.81969,3.013823,0.7409118,21.605473,-1.796493,-0.78648204,15.049237,-3.5022438,-0.30680493,17.675358,-0.7961396,-0.50109607,-23.608925,1.2457464,0.4087575,-14.182398,-0.863103,0.5125372,2.6552107,-2.2517176,0.007485825,0.8878208,0.40910444,0.34890813,0.32435048,0.30686048,0.30429563,0.21492863,0.23262237,0.35951567,0.4419068,0.59482193,1.0,2.3175411,-10.079585,-11.834488,2
9.195102040816327,0.060923796,4897.233925378128,2058.0743234494425,7558.154296875,22.63312339782715,4036.3027932178297,0.018187375734912182,-420.98352,-0.828714,-0.5861573,-82.3575,1.0853505,-0.3625514,-27.27069,-4.234777,-0.6156223,16.18956,-0.0700944,-1.0332557,-60.073715,3.199199,-0.29694003,-14.457542,2.0343835,1.7161465,39.658325,3.0488868,0.05824577,20.1114,-2.141881,-0.7287297,9.160559,-3.286296,0.8072141,13.050394,-1.1271946,-0.030176047,-19.2412,1.5843408,0.08112672,-15.986584,-0.4858931,0.66602105,0.36773503,-1.9705248,0.6684821,0.9877638,0.42171624,0.29596364,0.27477244,0.2899682,0.30335435,0.22221735,0.25216812,0.376836,0.44192827,0.5783813,1.0,2.3152313,-10.1088915,-12.192941,2
9.206712018140589,0.066457585,4913.915793293247,2122.0339712755504,7762.7197265625,17.102561950683594,4036.3027932178297,0.018187375734912182,-419.96945,-2.7420487,-1.8397181,-80.78396,1.8308812,-0.06787347,-29.461737,-4.2525167,0.3516116,14.55551,-0.25499555,-0.6337921,-53.3786,3.0026462,-1.0245037,-16.919418,3.3201656,2.4588377,47.303486,2.736808,-0.9199563,17.306438,-2.2734306,-0.30620667,3.141295,-2.6199362,1.390876,11.9537735,-1.4792789,0.25145423,-18.85141,1.6334972,-0.38353658,-14.786233,-0.05349115,0.6032449,-1.624088,-1.204309,1.1059642,1.0,0.4244874,0.24118358,0.20954664,0.23504616,0.2636096,0.19958706,0.21189229,0.30680746,0.41021618,0.51073253,0.8899523,2.153219,-10.179291,-12.430565,2
9.218321995464853,0.07138007,4913.083970513612,2114.2345083265445,7751.953125,25.915693283081055,4059.684857430953,0.026168028608935755,-417.01285,-6.043163,-3.8845644,-83.5759,3.29147,1.328652,-34.715034,-2.788811,1.6555827,10.143035,-0.31339782,0.23966056,-50.822502,2.6406446,-0.9812298,-10.415677,4.696713,2.0763395,50.67286,1.8010911,-1.7397135,11.312416,-2.1254466,0.49822032,0.57477915,-1.8162777,1.2583774,12.359064,-1.7098969,0.017803283,-18.646244,1.1762558,-0.625917,-13.29966,0.7040462,0.6554433,-3.8480196,-0.08354645,1.2420983,1.0,0.44485852,0.22670531,0.18884814,0.21396498,0.24946629,0.1857385,0.18588293,0.26353967,0.37646607,0.45835075,0.82746816,1.960831,-10.619578,-12.689373,5
9.229931972789116,0.07078575,4890.186237527569,2075.0259573530884,7547.3876953125,15.865123748779297,4059.684857430953,0.026168028608935755,-418.7779,-10.533641,-5.883378,-86.63161,5.507618,3.2340782,-41.71917,-0.07612136,3.1550148,6.441343,-0.641522,0.47066483,-52.360302,2.4941425,-0.17052348,0.76235884,5.995339,1.0765617,50.210163,0.10528501,-2.2100778,6.495471,-1.3971181,1.2930623,2.2604358,-1.1692944,0.6374029,12.28429,-2.0348656,-0.6506879,-16.641869,0.54045254,-0.5694161,-12.258433,1.8595026,0.93426013,-3.7564433,0.9455537,1.1520313,1.0,0.5111092,0.2445016,0.2097533,0.23530224,0.25594798,0.18738203,0.17429322,0.23536827,0.3447337,0.40499598,0.712864,1.6462064,-11.196455,-12.889643,5
9.241541950113378,0.062906004,4818.007095434836,2025.5473952554435,7009.0576171875,10.623303413391113,4083.2023725641075,0.03489742801962526,-429.97714,-11.456217,-2.8127222,-84.19306,6.0552607,2.3384836,-46.015892,2.4491746,3.544414,6.5408173,-0.9601557,0.1865691,-53.165447,2.3080258,0.5070657,11.91585,6.2583685,-0.6632305,49.169098,-0.991952,-1.2054728,6.45922,-1.1351174,0.8983906,5.303658,-0.24263085,0.40225178,11.588385,-2.1005704,-0.68660045,-15.113046,-0.38833907,-0.802917,-11.656847,2.6977098,0.9490945,-0.7255268,1.5536014,0.6984409,1.0,0.5562019,0.26245636,0.23680586,0.2601913,0.27208787,0.197691,0.17452459,0.21876702,0.3301504,0.366145,0.61333406,1.5867689,-11.374985,-12.883475,0
9.253151927437642,0.04758464,4768.156158262852,2000.9154845476546,6815.2587890625,3.8081166744232178,4083.2023725641075,0.03489742801962526,-449.59924,-8.80254,3.2263134,-72.65141,5.4713545,-0.33519518,-42.35937,3.886705,2.4304478,10.741362,-1.3484727,-0.61157614,-51.988136,1.8072869,0.2954717,18.84676,5.4185195,-2.0789309,46.42119,-1.3770816,0.13407835,7.1380053,-0.9831484,0.14527231,5.144436,0.48847997,0.21808228,8.168411,-2.1437695,-0.16166791,-15.957963,-1.2841243,-1.1770929,-11.130066,3.0929263,0.70711946,2.4294233,1.9068044,0.1150089,1.0,0.568023,0.27032915,0.24891435,0.2715685,0.28648025,0.20785788,0.17826161,0.2139497,0.32327572,0.34938008,0.57383186,1.6085613,-11.379075,-12.580585,5
9.264761904761905,0.027367054,4767.299088734369,2032.26073767801,6858.3251953125,1.2291264533996582,4178.642703821395,0.05607139544589262,-480.35876,-3.9394324,8.545078,-53.462585,4.0242286,-3.1908584,-29.709787,4.2753,0.008217174,14.367959,-1.9252622,-1.3845565,-47.374092,1.2138472,-0.56650877,22.518116,3.4390826,-2.6131718,41.798286,-1.1115294,0.9800804,9.827781,-0.85986197,-0.6005214,2.9353607,0.6551132,0.101542436,3.2732325,-1.9408454,0.5521252,-17.915245,-1.9376684,-0.9654146,-5.6001496,2.8583815,-0.14563243,6.550882,1.8449738,-0.5417376,1.0,0.5847256,0.29344374,0.27358764,0.30538344,0.3587704,0.2734352,0.21389288,0.22374384,0.32615662,0.34970793,0.5609479,1.3887831,-11.538932,-12.119768,5
9.276371882086167,0.012204226,4866.499711266152,2212.875050346499,7224.3896484375,2.0694637298583984,4227.196193261513,0.07797523762294828,-514.4883,2.089092,10.646508,-31.614855,1.8835919,-4.7944927,-11.535266,3.5735893,-2.4951892,8.317854,-2.639423,-1.4855158,-39.40715,0.5508319,-1.4484893,28.243263,1.1913631,-2.3866575,33.611084,-0.2928622,1.4347222,14.658932,-0.90501285,-0.7938029,-0.0050696395,0.5128744,0.15659027,-3.429403,-1.3015908,1.2061033,-18.826626,-2.1907408,-0.18127447,3.6815279,1.9850247,-1.3194673,9.393778,1.2775184,-0.9754836,1.0,0.8141173,0.5065316,0.45147863,0.4832869,0.66485035,0.51600444,0.38754395,0.35025555,0.4373081,0.43958354,0.5657115,1.0739175,-11.837249,-11.7906685,5
9.287981859410431,0.022379389,5163.9655739733535,2279.207362414745,7967.28515625,18.447895050048828,4276.313847073629,0.07797523762294829,-482.55936,8.548368,9.130948,-46.95712,-0.55747056,-4.2334156,-6.3204966,1.6584634,-4.0518203,3.277999,-2.894101,-0.361018,-37.74916,0.07080943,-1.3965169,24.557976,-0.85357887,-1.8942233,40.432877,0.6562289,1.4370134,5.6519537,-0.8769034,-0.16715959,5.9795785,0.4736459,0.21527162,-1.3488944,-0.5257156,1.3484007,-25.62135,-1.8997529,0.69811946,6.496394,0.8410976,-2.0832725,8.662439,0.46448523,-1.012446,1.0,0.91300696,0.46613994,0.35001633,0.32911587,0.34060144,0.23705612,0.24120429,0.28276718,0.35896665,0.37990004,0.49693412,0.9487696,-11.836776,-11.719627,5
9.299591836734693,0.04432241,5212.541668063639,2241.415410152377,8042.6513671875,32.95071792602539,4251.684091691332,0.07797523762294829,-442.39706,14.085397,4.582676,-61.36872,-2.7973273,-1.7929024,-11.625544,-1.168131,-3.9872715,-3.4178455,-2.385771,1.3783406,-43.99872,-0.14314467,-0.49823162,21.737114,-2.4947784,-1.4580379,44.46949,1.3415874,0.6987668,1.8806887,-0.7023718,0.56085086,8.139722,0.6159379,-0.012536228,0.01383549,0.099982485,0.74275124,-31.089016,-1.4537282,1.0153134,7.2764664,-0.37420133,-2.0534608,9.200922,-0.24609715,-0.7527424,1.0,0.9040785,0.42211315,0.31540474,0.30046728,0.2657577,0.15784565,0.18182561,0.2429762,0.32514617,0.3444601,0.46713868,0.670182,-11.530158,-11.528401,5
9.311201814058958,0.06383876,5204.312383121278,2228.6884534877977,8042.6513671875,32.488685607910156,4251.684091691332,0.07797523762294829,-415.8766,16.945211,-1.8239868,-71.03674,-4.0894055,1.2895595,-20.709478,-3.9948936,-2.3687472,-9.104221,-1.0854067,2.5439076,-49.739372,-0.30133933,0.60564095,16.769308,-3.713254,-0.92597085,45.87606,1.5997338,-0.41656208,0.39897472,-0.45971698,1.110739,6.941429,0.6941224,-0.32930696,1.8173177,0.5289081,-0.055990495,-30.904593,-1.0181531,0.892711,2.1453676,-1.5061265,-1.0505589,7.6734924,-0.8315341,-0.35397285,1.0,0.8909596,0.40054652,0.30498853,0.28989992,0.25430268,0.15045094,0.17667802,0.23628654,0.3196312,0.3348881,0.46386683,0.55775714,-11.330479,-11.611127,5
9.32281179138322,0.076898135,5142.620357947295,2232.410172110134,8042.6513671875,23.992414474487305,4202.849334748248,0.07797523762294829,-401.06787,15.276628,-7.1628914,-75.51268,-3.7595918,3.2150297,-28.309378,-5.718081,-0.10676609,-11.564128,0.62286097,2.3138351,-53.06832,-0.47149652,1.1557415,13.037569,-4.3330407,-0.08704052,49.60421,1.3047081,-1.3277024,1.1380773,0.093224205,1.2539233,6.466526,0.5232589,-0.45465785,5.3215475,0.79015976,-0.5262143,-28.167267,-0.50923204,0.6072478,-5.062125,-2.1785393,0.24242172,5.193429,-1.1788485,-0.09069683,1.0,0.84148204,0.3680869,0.29812798,0.2669668,0.23797953,0.15058345,0.17699942,0.24734859,0.3231685,0.33448085,0.48634034,0.35542265,-11.039019,-11.886261,5
9.334421768707482,0.08484425,5007.244687458627,2219.683519685275,7934.9853515625,26.719810485839844,4202.849334748248,0.07797523762294829,-388.41403,8.291292,-7.582639,-74.183624,-1.6082444,2.000245,-36.154022,-5.309356,1.5149957,-5.471565,1.4825099,1.0571941,-48.962635,-0.5039654,0.47385055,7.9700007,-3.8293397,0.5669069,51.871777,0.41088256,-0.90329146,5.7145786,1.0610726,0.40239817,7.377547,-0.020334132,-0.12566407,5.704946,0.6218418,-0.27389592,-24.89209,0.2610827,0.120258264,-8.362832,-2.1993182,0.80798477,3.6556559,-1.1936051,0.0617306,1.0,0.77121514,0.32050827,0.2932517,0.2660626,0.23645096,0.1600641,0.18061657,0.25349015,0.32670453,0.34478423,0.51425844,0.1546502,-11.238155,-12.268184,5
9.346031746031747,0.08955284,4853.046620487723,2170.682730545162,7579.6875,27.319923400878906,4178.642703821395,0.07797523762294829,-380.65775,1.4779313,-6.43221,-71.10172,-0.49750277,0.3252962,-43.063858,-3.5216584,2.3873575,2.8709857,1.4617395,-0.7969861,-43.11576,-0.771393,-0.9848091,1.8861859,-2.7942486,1.3978052,49.632523,0.23630434,-0.18424672,7.7610025,1.1485571,-0.3494691,7.5756044,-0.27911627,-0.14877819,2.677335,0.59816825,0.03639253,-26.540121,0.6001412,-0.18129805,-9.211491,-2.041663,0.71857756,3.2567968,-1.061476,0.30868152,1.0,0.6883289,0.29337952,0.2749534,0.268731,0.22665785,0.16139723,0.18695995,0.2500233,0.330046,0.35422787,0.55782753,0.35708514,-11.024806,-12.158868,5
9.357641723356009,0.08739053,4718.270877662441,2099.7910449880183,7267.4560546875,21.55634307861328,4178.642703821395,0.07797523762294829,-383.95847,-2.8286245,-4.2784224,-68.039276,-0.55070215,-1.0896814,-46.899025,-2.053408,1.9676788,8.583363,0.8837997,-2.0138817,-41.238586,-1.1446275,-1.6027135,-2.9440122,-1.7144909,1.5748332,46.775085,0.08169581,0.14543287,8.259813,0.8160281,-0.78941756,7.3810053,-0.38052532,-0.28293034,1.7729514,0.44073248,0.17446333,-28.497486,0.38765278,-0.17483594,-8.008023,-1.6330853,0.14703691,2.1858716,-0.7524406,0.35068634,1.0,0.6161839,0.28226116,0.2464994,0.25938594,0.2066133,0.15256907,0.19114289,0.24642903,0.32768765,0.36719623,0.60453624,0.55903107,-10.755679,-12.057752,5
9.369251700680271,0.07802148,4658.299860419287,2033.4480290456322,6922.9248046875,16.780319213867188,4154.575492829486,0.06608151270920701,-397.02484,-5.019967,-1.6053972,-66.54389,-1.4642864,-1.8178344,-47.29229,-1.5736821,0.62690246,9.629166,-0.006748557,-2.0326507,-44.49819,-1.4935331,-1.130461,-4.0005646,-1.0337738,1.1205759,44.344604,-0.39992613,0.13768846,9.832342,0.34544283,-0.7257441,6.9657736,-0.6383827,-0.3446434,3.7779524,0.09719194,0.050406802,-28.085577,0.008554776,-0.09235902,-7.247219,-1.1662289,-0.19114587,0.54499865,-0.47297072,0.25637877,1.0,0.5885136,0.27254006,0.22626853,0.25347877,0.21247591,0.15206699,0.18592668,0.24034406,0.32422844,0.3656233,0.6110264,0.9826332,-11.052448,-12.650535,5
9.380861678004536,0.06945661,4724.199314387201,2030.6464804703646,6955.224609375,12.857657432556152,4154.575492829486,0.06608151270920701,-413.28073,-5.771386,1.1031575,-69.80088,-2.7211487,-1.652542,-42.427383,-1.6863732,-0.8342295,3.2778182,-0.76869196,-0.68063515,-51.67257,-1.7968562,0.16470082,-0.93435556,-0.34999138,0.48438597,46.23319,-0.66726583,-0.059159547,10.018152,0.0036694845,-0.1932115,6.05797,-0.7883091,-0.12946856,5.8388815,-0.13258873,-0.36379877,-25.568027,-0.24418217,-0.07364178,-9.486577,-0.6870643,0.16492753,0.47827357,-0.48425645,0.0201734,1.0,0.5817666,0.27177525,0.22943889,0.24950357,0.24109094,0.15003105,0.1660346,0.24189599,0.3313234,0.35499507,0.6024685,0.6566373,-11.098371,-12.409333,5
9.392471655328798,0.06902148,4854.554967074452,2092.655264496531,7202.8564453125,21.9663143157959,4130.646898772784,0.06608151270920701,-425.3104,-5.143702,2.811963,-75.77864,-3.7337978,-0.91112053,-35.984283,-2.0446515,-1.5854545,-4.8886604,-0.69491535,1.100459,-60.335793,-1.4917533,1.4528216,4.3487034,0.35169032,0.025009546,51.650185,-0.43322456,-0.18678305,6.9112206,0.19257969,0.363689,4.3650837,-0.5698249,0.27480942,7.7249827,-0.32985482,-0.7510829,-25.228817,-0.21384811,-0.25694227,-13.620674,0.09232748,0.9720572,1.3668574,-0.7048277,-0.2502191,1.0,0.553837,0.2687448,0.2236713,0.22556517,0.24058972,0.1325496,0.14347339,0.23042408,0.31847146,0.33825064,0.5886412,0.5473869,-10.674554,-12.1879835,5
9.404081632653062,0.07282365,4868.643848277097,2086.768931202299,7192.08984375,29.30599021911621,4130.646898772784,0.0779752376229483,-423.59894,-3.7282512,2.6008942,-82.428635,-4.170255,0.09944475,-41.56063,-2.3823626,-1.2439501,-6.918063,0.16368811,2.2150862,-59.757607,-0.4104655,2.0715325,3.4924603,0.67618424,-0.25354972,49.70829,0.01449407,-0.0054024206,5.6399174,0.58607614,0.71906054,3.6218772,-0.1681784,0.6055522,6.2836065,-0.7963872,-0.78151065,-26.569305,-0.3346093,-0.3706324,-15.861195,1.0181267,1.614143,1.5234534,-0.9693284,-0.4943919,1.0,0.5431622,0.25693294,0.21144998,0.19899805,0.22591716,0.13398449,0.13864547,0.20690262,0.29094255,0.3358039,0.59331864,0.5210053,-10.588263,-12.275752,5
9.415691609977324,0.07541003,4825.26171561983,2061.7470431152606,7149.0234375,25.02324104309082,4154.575492829486,0.06608151270920701,-420.3218,-2.9501903,0.43351012,-88.51436,-3.7203853,1.142045,-52.51735,-2.565257,-0.09726769,-5.3742733,1.4401195,2.1546283,-56.156578,1.0812902,1.824547,-0.84455454,0.6328632,-0.14791305,44.354576,0.48236504,0.4066302,6.361022,0.97706187,0.833044,1.6435572,0.22580457,0.66506803,2.8051248,-1.3439829,-0.46322787,-28.16905,-0.6681734,-0.28421894,-14.357557,1.9948783,1.6153879,1.0698891,-1.2594814,-0.57126915,1.0,0.5530956,0.26121306,0.21406053,0.20038712,0.24157609,0.16098453,0.1537885,0.21517906,0.30153406,0.34129637,0.5887007,0.6510577,-10.605446,-12.414834,5
9.427301587301587,0.07573026,4751.724158349006,1971.103254988908,6987.5244140625,13.605534553527832,4154.575492829486,0.06608151270920702,-418.34515,-3.6294453,-2.3119338,-92.43801,-2.34918,1.8724471,-59.8557,-2.202543,1.5693071,0.5621694,2.4905565,0.8314718,-52.915955,2.2034278,0.71772003,-0.53736764,0.7829686,0.5270581,42.52825,0.48482335,0.6558594,8.859835,1.4265554,0.56996506,2.5316827,0.23485944,0.16903074,0.37818757,-1.4803365,0.13611792,-29.011406,-0.7988077,0.09028384,-9.289297,2.8156455,0.8593009,-1.8422654,-1.1764439,0.00055035343,1.0,0.5860161,0.27591744,0.23405677,0.2128509,0.25251335,0.19037256,0.16535762,0.22316188,0.32704118,0.37112537,0.5967473,0.7657016,-10.848472,-12.765275,5
9.438911564625851,0.07372471,4696.799152595028,1889.863574953157,6933.69140625,18.936777114868164,4154.575492829486,0.06608151270920701,-417.79523,-4.900797,-3.2268603,-94.667465,-0.8620318,1.8656678,-61.62028,-0.7809721,2.9203832,8.51384,2.644957,-0.835441,-48.883583,2.317901,-0.73871934,2.6718485,1.7293588,1.5182945,45.44552,0.3734,0.5882523,13.029901,1.5556908,-0.20245136,5.9353547,-0.453531,-0.8703981,-0.8491818,-0.6592292,1.185393,-29.070347,-0.8722222,0.07890384,-1.7167995,3.2391765,-0.18169461,-4.8182564,-0.42337286,1.0354745,1.0,0.64489275,0.3255471,0.2860997,0.25446805,0.25852662,0.20947723,0.170161,0.22080281,0.3499266,0.41252464,0.59063107,1.0872552,-11.4966755,-13.259126,0
9.450521541950113,0.0674333,4702.39299865902,1887.8213583380204,7041.357421875,12.891691207885742,4154.575492829486,0.06608151270920701,-423.01938,-5.5130444,-1.2680957,-94.99793,0.10556183,1.0777727,-59.041046,1.3457106,2.5967703,13.354406,1.9236636,-1.744395,-44.529636,1.4867407,-1.380105,3.294262,3.0176644,1.5462649,49.84318,0.712539,0.028503153,15.369495,1.1343307,-0.8733221,8.074669,-1.3977691,-1.5573809,-2.7421942,0.6975851,1.7683476,-30.3213,-1.0879223,-0.2363082,3.201644,3.0544581,-0.97081786,-7.097101,0.6325083,1.688676,1.0,0.74618125,0.38149905,0.33804262,0.3067023,0.2578908,0.21304421,0.18026663,0.2316225,0.38584828,0.46745506,0.59299,1.164514,-11.557802,-13.210615,0
9.462131519274376,0.05432935,4701.953678867396,1909.2773653188524,7095.1904296875,10.045527458190918,4154.575492829486,0.05607139544589263,-439.04474,-4.930448,1.3959212,-91.50513,0.7817075,0.2957533,-55.919132,3.288478,1.5092108,15.102209,0.8277502,-1.8187704,-41.072556,0.41221556,-1.4974722,4.166805,3.6589546,0.6183308,53.769928,0.88982415,-0.59852296,16.610443,0.51684004,-1.0522072,8.327731,-2.1302214,-1.5233479,-4.182548,1.9851127,1.6613187,-32.011932,-1.3299551,-0.4159731,5.564878,2.395469,-1.1949598,-8.731705,1.6855567,1.6697029,1.0,0.79439193,0.4085038,0.3661153,0.3341362,0.24395241,0.20839757,0.18764429,0.23644829,0.4012843,0.49171343,0.6002593,1.2123665,-11.529675,-13.112806,0
9.47374149659864,0.039933026,4771.651013660078,1992.3837732525706,7149.0234375,4.704604625701904,4154.575492829486,0.056071395445892624,-458.34308,-3.7007442,3.2046256,-85.42079,1.2690537,-0.10832066,-49.49845,4.5008945,0.5577699,12.034749,-0.28596506,-1.1067083,-42.500813,-0.6753757,-1.3353028,10.166595,3.0824382,-0.6531974,51.57555,0.58788735,-0.7571005,17.610058,0.017236281,-0.6671286,3.3095307,-2.5871124,-0.61780274,-2.0090415,2.8611064,1.0890707,-30.361485,-1.5780369,-0.38132527,5.6673336,1.5396564,-0.9026485,-3.81215,2.5849152,0.9998531,1.0,0.8332623,0.4219583,0.37669438,0.36599302,0.26751083,0.23475268,0.2365209,0.27080086,0.40036175,0.50293005,0.61516833,1.309904,-11.64212,-12.839209,0
9.485351473922902,0.044435512,4922.302746025645,1992.3935741870555,7041.357421875,19.46347999572754,4154.575492829486,0.056071395445892624,-462.23422,-2.0277526,3.684521,-84.329636,1.5341493,-0.23111188,-40.248272,4.830979,-0.19013806,7.134786,-0.8829606,0.017266193,-48.148464,-1.689612,-0.87535405,21.819897,1.5377916,-2.0767052,49.31433,0.123437755,-0.36807546,14.51685,-0.12536135,0.09331096,-6.931455,-2.6704197,0.57727724,8.329963,3.2174888,0.16360825,-33.2191,-1.7256669,-0.17253596,5.736624,0.6881583,-0.4705024,5.232473,2.886908,-0.098059334,1.0,0.8348854,0.3218336,0.25821403,0.2678447,0.21929574,0.20473523,0.27311203,0.31259,0.36282644,0.5176195,0.7033481,1.4196144,-11.732591,-11.937155,5
9.496961451247165,0.060873974,4951.702485883447,1949.6488193586015,7019.82421875,31.117692947387695,4154.575492829486,0.056071395445892624,-449.54895,0.074343875,2.7057571,-88.28294,1.5086495,-0.1479982,-37.18069,4.2768097,-0.9333996,5.1717143,-0.87404186,0.7753737,-50.62291,-2.4003465,-0.2500761,26.033367,-0.19684142,-3.0003333,50.071808,-0.11597831,0.18567671,11.267759,0.03151353,0.6043411,-11.900418,-2.3069315,1.3670694,14.630711,3.22274,-0.7589613,-37.690166,-1.615009,0.12798709,5.5863085,0.0070385057,-0.37009212,9.852444,2.4353673,-1.2780914,1.0,0.8154337,0.2688427,0.19357371,0.20572463,0.18103828,0.17631036,0.25712055,0.29723895,0.33905604,0.5130579,0.7080764,1.5656016,-11.404151,-11.600064,5
9.508571428571429,0.07033672,4960.508788116463,1945.3694737484032,7073.6572265625,21.626272201538086,4130.646898772784,0.056071395445892624,-439.82526,1.7459666,0.28038996,-87.46825,1.3723297,0.2357718,-33.268093,3.2146401,-1.5078018,4.6042624,-0.5047493,0.9295668,-52.567894,-2.6997938,0.21269408,22.819607,-1.9539591,-2.8142846,49.676773,-0.08112151,0.45780283,11.004064,0.3678289,0.81911,-11.860998,-1.4547395,1.6137918,17.119562,2.938228,-1.1836226,-39.524883,-1.3479792,0.47787178,6.0746393,-0.46446162,-0.4136977,11.735605,1.4699774,-1.9060833,1.0,0.79549843,0.24896969,0.18001448,0.1888397,0.16527748,0.17418051,0.24704663,0.2760399,0.3208335,0.4953378,0.6976047,1.5648245,-11.430563,-11.582323,5
9.520181405895691,0.07225525,4947.454618678998,1935.7751159886018,7245.9228515625,12.361980438232422,4130.646898772784,0.056071395445892624,-438.27164,1.8053797,-2.2204008,-83.95299,1.5270693,0.6865051,-28.454315,1.9854044,-1.4284964,5.2880783,-0.0042706886,0.47902888,-55.467743,-2.548266,0.2642454,14.805563,-3.660739,-1.5462487,49.172707,0.087203406,0.10798533,13.212023,0.8271288,0.7344653,-9.125399,-0.1259838,1.2756944,18.003647,2.3898468,-0.8519498,-40.85483,-1.1404705,0.6937835,6.7267017,-0.7167103,-0.4064069,12.550247,0.34193072,-1.3878707,1.0,0.73341894,0.22561811,0.17512907,0.16694152,0.13899918,0.1794633,0.22834794,0.23212555,0.29700005,0.45966414,0.6989186,1.6031235,-11.367574,-11.551998,5
9.531791383219955,0.073671125,4867.802706479853,1882.0931839357254,7149.0234375,22.417457580566406,4130.646898772784,0.056071395445892624,-438.5806,0.046480305,-2.9403696,-81.24184,2.0660043,0.5757626,-26.500608,0.9560162,-0.93412316,8.283909,0.15651187,-0.23496413,-58.24599,-2.3627217,0.008591903,3.8121529,-4.594465,0.35585463,50.222454,-0.02211558,-0.28478372,17.15635,1.1826841,0.09811182,-7.3240376,1.1850203,0.62514573,17.042774,1.648843,-0.08960242,-41.466557,-0.7530083,0.401675,5.7271566,-0.928795,-0.2992314,10.10005,-0.39632756,-0.28862488,1.0,0.6677694,0.20361167,0.17369668,0.1457008,0.10836256,0.17156273,0.21147934,0.20570181,0.2848901,0.44043422,0.7004282,1.5214612,-11.331159,-11.480887,5
9.543401360544218,0.075519495,4763.570752561342,1840.9605090452478,6869.091796875,15.509191513061523,4106.8561232764905,0.056071395445892624,-437.8903,-1.7248957,-1.542711,-80.01491,2.1875906,-0.22461057,-29.219904,0.18310718,-0.796354,9.36347,-0.22251798,-0.77411216,-60.066437,-2.4535105,-0.08491751,-1.9617816,-3.8139026,1.9453036,51.874924,-0.23629817,-0.33905506,18.509983,0.978288,-0.6850987,-7.3406277,1.7041825,0.16869225,17.476168,1.3353328,0.20865479,-40.632347,-0.30893102,0.15833782,2.5713246,-1.167127,-0.19763702,5.502612,-0.64435655,0.3391237,1.0,0.597688,0.19820778,0.17911069,0.13672253,0.10055395,0.16007374,0.20008263,0.21146186,0.30655578,0.4544742,0.68949735,1.4782541,-11.072904,-11.417574,5
9.55501133786848,0.07209493,4695.353053516465,1817.1621952790929,6761.42578125,16.447587966918945,4083.2023725641075,0.06608151270920701,-442.84097,-2.2279456,0.103040226,-77.60098,1.5803503,-0.79795325,-31.963865,-0.55285805,-0.47491777,8.930777,-0.70746255,-0.87299794,-62.135273,-2.4083245,0.0054746023,-4.2354765,-2.090948,2.5408022,52.09929,-0.20528539,-0.18982437,19.647118,0.38557073,-1.0144373,-6.0032053,1.6186675,-0.1067276,20.077322,1.2652564,0.11032168,-39.61358,0.04508451,0.1938089,0.63959557,-1.3808823,-0.03745432,3.2236443,-0.5644722,0.61382216,1.0,0.553873,0.19766152,0.19092219,0.13500483,0.09537335,0.15246579,0.19071132,0.2136089,0.3221101,0.4650919,0.69670236,1.5070547,-10.987484,-11.405365,5
9.566621315192744,0.06454115,4693.588198345412,1850.1570651409759,6815.2587890625,10.47094440460205,4083.2023725641075,0.056071395445892624,-451.9478,-1.6235244,1.2797647,-73.25186,0.92422676,-0.87759656,-31.602955,-0.77160907,0.17234273,7.6079063,-1.0105927,-0.43348035,-64.09341,-2.0967753,0.23074125,-6.4535227,-0.46761775,1.9029558,49.756905,-0.14792106,0.030447567,21.010107,-0.19984081,-0.77339894,-2.6905491,1.359665,-0.22610803,23.624609,1.265369,-0.12571868,-40.716175,0.37713426,0.2740356,0.33381277,-1.3140326,0.24111989,5.407237,-0.17070362,0.6957043,1.0,0.5428294,0.19603595,0.19242002,0.1373017,0.1011347,0.15527347,0.17860076,0.20560619,0.3245596,0.47651267,0.72972345,1.561824,-10.97251,-11.413749,5
9.578231292517007,0.05906105,4692.12813104068,1878.4142032470481,6901.3916015625,13.615584373474121,4059.684857430953,0.05607139544589262,-458.32535,-0.5861364,1.9955028,-70.53104,0.507568,-0.6890289,-30.552048,-0.38466862,0.6357467,4.473215,-0.9855563,0.34990123,-67.553055,-1.6356187,0.53166276,-5.0125284,0.31743127,0.39060724,47.331963,-0.23023835,0.19789626,19.304333,-0.45231965,-0.12530126,0.56135815,1.1506244,-0.3709055,24.970175,1.13951,-0.4611114,-42.255993,0.58692914,0.3046442,-0.49956322,-0.9633143,0.4057925,8.639354,0.37418002,0.3982971,1.0,0.57338667,0.19415036,0.19044004,0.15074605,0.10926426,0.15794629,0.15756494,0.18941139,0.34157386,0.49118704,0.7843803,1.5868264,-10.929828,-11.369099,5
9.58984126984127,0.061183017,4684.09437172914,1855.1598410094211,6826.025390625,20.906566619873047,4059.684857430953,0.047686993082531035,-453.64413,0.7284602,2.1787894,-74.43277,0.26535428,-0.35874954,-33.530983,0.1289017,0.5353911,0.6105991,-0.51969314,0.93233746,-70.90154,-1.0504011,0.83892685,2.3403792,0.13324212,-0.8657357,47.524635,-0.3062781,0.23572734,15.195143,-0.29107848,0.4257693,0.7979194,0.8778115,-0.5533939,25.203625,0.7042841,-0.6420985,-40.808372,0.7346765,0.33609104,-2.52161,-0.6081135,0.31531838,7.7998905,0.6850124,-0.11369016,1.0,0.5957046,0.21819177,0.21814372,0.17563769,0.11576504,0.15599364,0.16580193,0.21890813,0.37440988,0.5194374,0.7747128,1.6529267,-11.121922,-11.375237,5
9.601451247165533,0.064852685,4653.343946023878,1834.053266054159,6750.6591796875,16.02569007873535,4059.684857430953,0.047686993082531035,-448.3283,2.2624197,1.4623445,-77.94932,0.120531335,0.16764724,-35.13198,0.19183007,0.104907945,-0.15532872,0.15211459,1.1276755,-71.45714,-0.25930557,1.047162,6.339547,-0.41465938,-1.4545988,49.808296,-0.19941673,0.13437393,13.601262,-0.011012554,0.7608837,-0.12869267,0.3791794,-0.5734065,25.197615,0.073683806,-0.6116452,-38.467785,0.9717005,0.30765182,-4.029623,-0.46289635,0.19626306,7.5854816,0.5153381,-0.4339326,1.0,0.60465956,0.23666778,0.2378011,0.1884974,0.11895491,0.15584745,0.17872019,0.23958378,0.4071272,0.545264,0.7683801,1.6442882,-11.002619,-11.495748,5
9.613061224489796,0.06707115,4690.228713963298,1863.0118548311539,6826.025390625,13.717934608459473,4059.684857430953,0.04768699308253104,-443.5657,3.4017594,0.26848844,-77.11753,0.11613388,0.6334929,-31.752337,-0.29561788,-0.41679513,1.9494417,0.88487256,0.95225865,-70.23901,0.7136972,1.1318394,3.9389334,-1.0479023,-1.4258077,50.631485,0.016286595,-0.06960268,14.623842,0.28252226,0.72284377,0.1626541,-0.319025,-0.52940977,25.78111,-0.64371383,-0.5920508,-36.69828,1.2767916,0.11703218,-2.8349454,-0.39760092,0.13362321,9.373053,0.075075455,-0.38713938,1.0,0.587137,0.23402248,0.23099916,0.18038054,0.114046976,0.15683772,0.18244557,0.23021948,0.39337018,0.5396934,0.76239955,1.7848293,-10.964985,-11.470866,5
9.624671201814058,0.06830492,4731.839517134262,1893.7137424446921,7009.0576171875,15.56368637084961,4059.684857430953,0.047686993082531035,-439.94833,3.6557114,-0.59076077,-75.331955,0.048963547,0.33798075,-28.305248,-0.8329061,-0.8148203,5.353465,1.5390996,0.44932288,-68.78787,1.7197406,0.93525267,-3.3379016,-1.6601197,-0.58763903,49.40502,0.20465559,-0.079032086,17.762829,0.49014774,0.12939444,0.4984928,-0.8141433,-0.38519812,24.951817,-1.4342285,-0.821569,-36.163017,1.5313643,0.028898975,-1.6193906,-0.270279,0.03658498,10.030838,-0.2964902,-0.2910016,1.0,0.56957644,0.23310618,0.21177663,0.15731804,0.10863831,0.16660622,0.18603225,0.21343406,0.36768183,0.55568415,0.7927395,1.7214618,-10.866288,-11.446584,2
9.636281179138322,0.069855295,4725.840780421379,1914.2619842465374,7062.890625,20.614255905151367,4083.2023725641075,0.047686993082531035,-435.82318,3.0767913,-0.69007087,-73.94896,-0.45445964,-0.8896124,-28.810667,-0.9816248,-0.85508376,8.237425,1.9215246,-0.0894716,-66.78418,2.4540637,0.56955105,-8.670578,-1.8529453,0.773908,48.24508,0.42130572,0.2820219,20.175922,0.3660597,-0.66820735,-0.3038175,-0.7475518,-0.052343834,23.249447,-2.3833413,-1.1011816,-35.15612,1.714909,0.22927931,-2.389245,-0.051252734,-0.0032644027,8.952963,-0.54241484,-0.4182781,1.0,0.5507713,0.2242944,0.19935629,0.14756833,0.11931164,0.17634119,0.19031444,0.20629954,0.3467374,0.51601875,0.76322407,1.8083322,-10.85541,-11.455107,2
9.647891156462585,0.07040407,4682.802779775023,1915.7544387649416,6922.9248046875,22.37102699279785,4083.2023725641075,0.047686993082531035,-432.70627,2.3260167,-0.77549493,-72.19854,-1.6258818,-1.9185163,-32.74869,-1.1206154,-0.37711263,9.965521,1.8574481,-0.37733743,-63.555,2.7410085,0.19235958,-10.029528,-1.1890363,1.6303788,48.428665,0.75501317,0.6943734,21.021145,-0.15310723,-1.0437919,-1.9153143,-0.36991552,0.39640605,21.328758,-3.2253776,-1.031105,-33.282124,1.9349835,0.40413335,-3.623309,0.2520811,0.2154845,7.205389,-0.8989783,-0.40450463,1.0,0.52937096,0.21168411,0.18775447,0.14485751,0.13442212,0.19341357,0.19487336,0.19977294,0.3132422,0.43632764,0.72374785,1.6894019,-10.93338,-11.442646,5
9.659501133786849,0.07042955,4641.345771266243,1910.5883060668077,6804.4921875,23.9940185546875,4106.8561232764905,0.056071395445892624,-431.1412,1.6242121,-0.7620406,-71.15547,-3.113201,-2.0966175,-38.45658,-1.6383044,0.09150329,11.571154,1.4886128,-0.4470047,-59.112488,2.7332294,-0.15640812,-10.4844675,0.14238675,1.7151111,48.919273,1.2327694,0.750442,20.42955,-0.85337776,-0.9421281,-5.224348,0.0010337963,0.72866684,17.738503,-3.8780127,-0.6603275,-31.697021,2.2065222,0.39755028,-3.9561324,0.6784723,0.6777569,6.420967,-1.3995746,-0.33901253,1.0,0.5603997,0.2161962,0.18275127,0.14721672,0.15187095,0.21307291,0.20457686,0.20226894,0.31066054,0.4190695,0.6991226,0.94363934,-11.123948,-12.545428,5
9.671111111111111,0.07041066,4618.091021076134,1906.9119340624866,6750.6591796875,16.679433822631836,4106.8561232764905,0.056071395445892624,-430.11353,1.0673518,-0.6096119,-75.92209,-4.146724,-1.3713877,-41.278503,-2.2697127,0.050187673,12.706873,1.0207493,-0.42081556,-55.413513,2.4994597,-0.49584395,-8.958774,1.5605533,1.2281172,50.642235,1.5705523,0.35425556,17.632782,-1.4986486,-0.5166216,-6.124162,0.2972878,0.6943508,11.622932,-4.1605954,-0.15745418,-29.097412,2.3341808,0.10561748,-3.7924385,1.180859,0.85034025,5.521262,-1.9853582,-0.51662844,1.0,0.59243983,0.21566087,0.17790583,0.16026525,0.16426505,0.22225535,0.21356978,0.21091555,0.33265668,0.43692902,0.6795552,0.5721166,-11.233865,-12.828812,5
9.682721088435374,0.07060962,4760.531244160997,1979.2307068617279,7192.08984375,25.900203704833984,4154.575492829486,0.06608151270920701,-429.17612,0.6036662,-0.34297186,-86.53447,-4.511216,-0.10627231,-39.18248,-2.7713,-0.44359276,13.822948,0.51459444,-0.47702354,-52.99479,2.1122575,-0.65047693,-5.0954523,2.7104878,0.8538989,54.318962,1.5066627,-0.25736973,13.944965,-1.871091,-0.07448847,-2.6218028,0.6756991,0.458931,4.5615854,-3.86991,0.59105456,-25.33337,2.3487382,-0.12358792,-2.4067163,1.6175109,0.5591478,3.3942375,-2.4239187,-0.6061956,1.0,0.6194307,0.24406192,0.21271653,0.19666362,0.17606887,0.21880977,0.20533167,0.20283617,0.33401728,0.43754455,0.66215473,0.58754987,-11.458377,-12.935374,0
9.694331065759638,0.070843406,4947.61317634877,2055.9441996399373,7698.1201171875,14.851255416870117,4154.575492829486,0.06608151270920701,-430.31815,0.30389658,-0.14018342,-95.67815,-4.2168336,1.2453974,-37.470497,-2.9770002,-0.79353213,14.291126,-0.041017246,-0.6101018,-51.88028,1.6755502,-0.5281932,-1.4562993,3.526514,0.64136374,57.58073,1.1022667,-0.75597686,11.815428,-1.993563,0.19733408,0.95237756,1.0859747,0.14982358,0.7737739,-3.056131,1.32516,-22.364292,2.3816547,-0.14476812,0.9086674,1.8104949,0.055932652,1.472705,-2.483582,-0.25146663,1.0,0.667918,0.30290034,0.2653435,0.2405937,0.19493592,0.22143114,0.19834478,0.19258803,0.33852258,0.47824296,0.6715111,0.5764536,-11.816082,-13.016437,0
9.7059410430839,0.070401,4954.2134819235125,2046.4529902488528,7708.88671875,19.39413070678711,4202.849334748248,0.09203757081218114,-430.39688,-0.34598288,-0.4901847,-101.33226,-2.9458244,2.4023128,-42.134605,-2.8546784,-0.56522065,14.097288,-0.47138882,-0.52016515,-50.851334,1.289369,-0.24923314,2.6082816,3.9829524,0.28516266,59.40091,0.47133693,-1.0517088,10.246296,-1.987074,0.2087013,2.048952,1.2864543,-0.26146016,-2.4851606,-1.9087603,1.6114889,-19.907043,2.3850832,-0.12801181,5.497113,1.8111712,-0.32398978,-2.0015733,-2.1720102,0.43835524,1.0,0.7106691,0.35138315,0.30653718,0.272292,0.20904209,0.21929589,0.20099206,0.20210847,0.33937278,0.48552102,0.6632124,0.51571864,-12.038541,-13.058469,0
9.717551020408163,0.06864685,4864.244326104954,1984.7425977145647,7353.5888671875,12.540899276733398,4202.849334748248,0.09203757081218114,-429.6931,-2.1445913,-1.7745676,-101.41079,-0.50558776,3.0201375,-49.81561,-2.3526964,0.51390445,13.544056,-0.5433782,-0.109283194,-50.612396,1.0582871,-0.035246722,5.9773846,3.8761213,-0.20775183,58.67048,-0.4252655,-1.1135608,8.954324,-1.9544692,-0.0308832,1.1087501,1.0094801,-0.49013373,-4.5844393,-0.7334618,1.3165416,-19.63694,2.2339432,-0.09474801,7.5253825,1.7017947,-0.48187235,-7.9106092,-1.5387933,1.0495963,1.0,0.7823787,0.43343067,0.3548443,0.31609187,0.237894,0.22698854,0.22700462,0.23982295,0.34599498,0.46203613,0.62898934,0.6375008,-12.14797,-13.139185,0
9.729160997732427,0.06673271,4798.330879809796,1929.4340024055564,7116.7236328125,17.142568588256836,4227.196193261513,0.10857977072874499,-429.34906,-6.162384,-4.4387593,-99.6806,3.1283517,3.568505,-56.69297,-0.8603098,2.4145374,11.61331,-0.09410397,0.61420584,-49.821156,1.0749905,0.14564767,11.559561,3.2636154,-0.73207337,56.188217,-1.6911845,-1.1591212,7.705638,-2.0979054,-0.35489902,2.1578357,0.40704027,-0.45711124,-2.540182,0.19047554,0.73751557,-17.737204,2.0097666,-0.058305986,7.6100006,1.5190052,-0.35045278,-10.845409,-0.6402993,1.3752185,1.0,0.85970336,0.48714203,0.36739808,0.33253202,0.26724195,0.24171884,0.24448904,0.25539127,0.34671992,0.47030172,0.63206875,0.9020345,-12.1841955,-13.356162,0
9.740770975056689,0.066434644,4804.431849256606,1928.2845860839873,7052.1240234375,16.333759307861328,4227.196193261513,0.10857977072874499,-429.39694,-12.9636545,-8.1604185,-97.613396,7.7121024,4.608599,-58.71982,2.2457087,4.3730965,8.831469,0.45193404,0.9769408,-48.326668,1.9995536,0.9206839,16.941149,2.9466777,-0.6986657,54.22635,-4.09841,-2.189586,5.924529,-2.4195666,-0.48647895,4.053524,-0.03948957,-0.34896806,0.56118226,0.732343,0.26914454,-14.113983,2.142169,0.16618563,7.2246466,1.3009368,-0.03204805,-9.03367,0.6363987,1.628049,0.9440253,1.0,0.5319355,0.3430915,0.30608213,0.28667253,0.2628342,0.25013968,0.23973213,0.31670707,0.46216905,0.5779095,1.1693436,-12.240063,-13.566975,0
9.752380952380953,0.061186545,4781.790966575118,1920.6234110707169,6965.9912109375,13.265459060668945,4276.313847073629,0.12793708630129036,-436.93817,-18.050137,-7.594354,-91.06813,11.188279,4.1672015,-56.354248,5.5013385,4.3384695,8.698462,0.65539324,0.6370901,-46.990875,3.307503,1.5999297,19.648949,2.7388127,-0.41481167,52.094177,-6.4076037,-2.7121181,3.2395692,-2.3111486,-0.03449633,4.010289,-0.27224737,-0.33197406,2.2938476,0.9775804,-0.18044713,-11.6382675,2.4333885,0.3140264,8.286084,0.79281443,-0.098988615,-5.777333,1.6818099,1.1129414,0.8628276,1.0,0.5171773,0.29947087,0.25742212,0.2793545,0.25673047,0.23123436,0.21384136,0.27962148,0.42725828,0.5106846,1.195076,-12.317722,-13.616215,0
9.763990929705216,0.046764057,4763.4139907070385,1918.79012273766,6933.69140625,2.642388105392456,4276.313847073629,0.12793708630129036,-457.1834,-20.639845,-3.6589746,-79.55095,13.090138,2.4179447,-49.425873,7.93692,2.6760085,11.750389,0.805063,0.15045483,-46.076492,4.2483287,1.4125339,19.188202,2.269505,-0.37371695,48.412205,-7.5950675,-1.9240497,-0.07459535,-1.9018162,0.5644499,2.466177,-0.38492307,-0.2641787,2.44186,0.94615316,-0.3836357,-10.527206,2.4392056,-0.02056757,10.02867,0.3085115,-0.454987,-3.2178133,2.245767,0.119372286,0.8406512,1.0,0.5093267,0.28888595,0.24757814,0.28013945,0.25290686,0.22399867,0.20519371,0.26903903,0.4153194,0.48945227,1.1627288,-12.362074,-13.556231,0
9.775600907029478,0.025272686,4743.477646089424,1945.474637914649,6922.9248046875,0.29807618260383606,4326.002220531986,0.17653060863289746,-498.26633,-21.566538,0.8844352,-57.786007,13.728081,-0.019530388,-33.78472,9.242408,0.47793826,18.194502,0.90127295,-0.37304014,-43.724434,4.905552,0.876769,17.114128,1.4454379,-0.44765812,40.591988,-7.881294,-0.4159666,-4.345287,-1.3245311,0.9881861,0.63158983,-0.4448156,0.075495586,2.4917445,0.5834508,-0.31796482,-9.579813,2.0056553,-0.42078212,12.219057,-0.20125431,-0.8335995,-0.5237187,1.9958729,-0.7682341,0.8312166,1.0,0.5035366,0.28861362,0.2501735,0.28934437,0.25468767,0.22828417,0.20876883,0.2657954,0.4074365,0.47817457,1.2194825,-12.415891,-13.536225,0
9.787210884353742,0.007500936,4832.935951538313,2176.909532952277,7181.3232421875,0.795681357383728,4326.002220531986,0.1765306086328975,-558.22845,-21.252728,4.235491,-25.73934,13.265118,-2.2891815,-10.326828,9.322874,-1.3875105,19.622772,0.8241967,-0.7175897,-30.207672,5.422553,0.30494037,23.236725,0.5460624,-0.69200844,16.363918,-7.434289,1.334864,-7.9034066,-0.73442346,1.0086764,0.2812289,-0.23401122,0.50766003,3.3045835,0.0966246,-0.3153354,-4.0567822,1.1923009,-0.86563253,13.960597,-0.72928345,-0.932285,6.296877,1.0548247,-1.3264799,0.8145213,1.0,0.59873706,0.35228118,0.326254,0.4867337,0.4596133,0.3798464,0.3293692,0.33936056,0.42800516,0.5024719,3.0617328,-8.251509,-8.099767,7
9.798820861678005,0.0052445396,4990.0046107091575,2356.188800042392,7525.8544921875,2.1087141036987305,4504.502384021486,0.011422334250709074,-563.34216,-19.26493,5.540208,-15.724571,11.773586,-3.4740522,-3.0087233,8.304284,-2.5780182,15.348824,0.37335426,-0.71802217,-20.153236,5.5831623,-0.42184612,27.406921,-0.19559883,-1.0076417,4.2684216,-6.3509135,2.644011,-4.252391,-0.3351272,0.547422,-0.25415778,0.22588438,0.6746396,3.2756457,-0.3669036,-0.44944426,-0.06672299,0.3721746,-1.1884022,9.5573845,-1.1624101,-0.5734835,5.95515,0.030224422,-1.4227499,0.7811502,1.0,0.889216,0.5495908,0.51091474,0.9230063,0.9264695,0.7177602,0.5784301,0.5407244,0.6325369,0.7305343,3.29522,-8.119861,-7.866259,7
9.810430839002267,0.0051535824,4982.826986329568,2411.874020406289,7590.4541015625,1.1813567876815796,4827.806117125698,0.010000516719604524,-559.04816,-15.799847,4.4877076,-12.283302,9.769027,-3.0955133,-0.8638669,6.3769026,-2.8425138,15.048704,-0.3682349,-0.48901716,-19.014511,5.1208277,-1.2100257,25.620356,-0.98206174,-1.3583516,5.4910784,-4.811964,2.9230573,-1.7942171,-0.14213923,-0.1089718,-0.12527856,0.6393951,0.49046648,3.8248127,-0.7658876,-0.56107104,-1.8449297,-0.15960106,-1.0205662,6.3412986,-1.3731157,0.023691325,4.1967993,-0.57429886,-0.8914741,0.7738437,1.0,0.8862928,0.55536956,0.51330775,0.9143659,0.9044461,0.71374035,0.5807681,0.53741187,0.64360166,0.72672266,3.2583413,-8.047642,-7.831273,7
9.822040816326531,0.0043146526,4987.868090230766,2533.866505436209,7838.0859375,0.5826173424720764,4940.650735888763,0.010000127845232541,-567.14545,-11.782903,1.502185,-8.88164,7.8432217,-1.1340518,2.1036549,3.9033992,-2.087451,15.176201,-1.1153247,-0.22393258,-15.608017,4.0489235,-1.5246733,21.840607,-2.2411695,-1.6385391,6.4452143,-2.9994993,1.9513083,-0.67008626,0.0027828177,-0.52441114,1.2981639,0.8700623,0.1568941,3.0572774,-0.89694244,-0.28530636,-4.257544,-0.39851952,-0.32590207,3.635065,-1.3369563,0.5723371,0.9249171,-0.7379463,0.09287192,0.78121173,1.0,0.9076333,0.5989282,0.53485817,0.8348289,0.8065028,0.6607415,0.5870286,0.5524283,0.62811166,0.71194214,3.3604186,-8.152994,-7.7550316,7
9.833650793650794,0.0033616705,4981.266793982602,2693.8564007049995,8085.7177734375,0.609566330909729,5056.132972583213,0.0100000470079773,-583.33105,-8.954401,-1.123672,-4.425679,6.504991,0.82811636,5.3048635,1.7421756,-0.9779755,15.398376,-1.3841083,-0.27545422,-9.949303,2.4365313,-1.1391217,17.699066,-3.7721725,-1.164739,7.4901876,-1.18858,0.08546888,-1.322994,0.12862925,-0.3555988,4.0946145,0.93838954,-0.08298156,0.55052716,-0.62055105,0.3602441,-8.484424,-0.4910241,0.62278235,2.2827632,-0.9116445,0.8930762,-3.5650105,-0.5852824,1.085738,0.77413553,1.0,0.942287,0.66440696,0.55613005,0.6469854,0.6024685,0.5347337,0.56022954,0.555303,0.57399696,0.67673254,3.5520523,-7.9466357,-7.570086,7
9.845260770975056,0.0027812137,4909.231663559331,2783.077497285554,8182.6171875,0.6938226819038391,5056.132972583213,0.010000078102280324,-596.6569,-9.454008,0.025491294,1.3755136,6.4941883,0.6850523,6.8520274,0.85395056,-0.7696153,14.215452,-1.3280956,-0.35683092,-7.1953316,1.4437191,-0.8389531,14.872671,-4.4448924,-0.37767097,7.3135853,-0.58596,-0.44456622,-4.2159376,0.24401954,0.45378897,5.9455667,1.0181522,-0.1812723,-2.2040308,-0.050130397,0.9129585,-10.801833,-0.17297462,1.0913913,2.8561826,-0.10293952,0.7528471,-5.262867,0.12526152,1.257452,0.7736267,1.0,0.9920216,0.75768197,0.60346216,0.5780467,0.5409915,0.49556613,0.5506294,0.5693593,0.56984234,0.6932719,3.6114047,-7.878531,-7.472539,7
9.85687074829932,0.002246236,4754.0638804905975,2892.742242311429,8279.5166015625,0.4977211654186249,4530.596700872128,0.010000000208892744,-606.88605,-9.524967,1.4440799,10.245754,6.310274,-0.3275088,6.656166,0.28722218,-0.6975073,11.366507,-1.3513851,-0.0058795186,-7.926395,1.1236826,-0.6592182,10.298777,-4.059531,0.47951412,5.084213,-0.42545572,0.20481321,-6.489478,0.89525497,1.1878012,5.776848,1.1111363,-0.059400667,-4.0930023,0.4306836,1.0182184,-8.743181,0.41469488,0.8324715,3.7735872,0.43402252,0.45930737,-2.0894327,0.8411113,0.94501036,0.8111264,0.9565964,1.0,0.84627914,0.68374527,0.6763441,0.63908106,0.55598605,0.58566815,0.62166107,0.6414453,0.77799976,3.7151687,-7.9992414,-7.530165,7
9.868480725623582,0.0018474499,4521.335489136515,3023.368656663809,8311.81640625,0.4851439297199249,4504.502384021486,0.010000000417925077,-615.7886,-8.22524,1.8335915,22.35905,5.6010494,-1.3506453,5.556463,-0.14742762,-0.3523703,8.136098,-1.0507854,0.54287887,-8.446793,0.9008182,-0.068589985,1.4474967,-3.0728638,1.3170351,2.0369184,-0.15346111,0.6561297,-5.5000234,1.698797,1.3684242,5.4059744,1.0044101,0.021220863,-1.855793,0.57555544,0.39981732,-5.015378,0.6812955,0.12896466,4.170205,0.6002459,-0.004305779,2.2462807,1.3368226,0.23319046,0.953991,0.92642254,0.94970745,0.93348414,0.80308336,0.8053666,0.80715847,0.7264058,0.6980289,0.7537817,0.84969336,1.0,3.5421982,-8.147458,-7.7307253,7
9.880090702947847,0.0017004804,4352.544903076584,3037.596510888595,8225.68359375,0.5229099988937378,4583.2396987699985,0.010000000417925077,-621.91284,-6.446151,1.5919678,29.443993,4.3291097,-2.0909495,4.434807,-0.43611303,-0.014038347,6.3519783,-0.46022373,0.99938035,-10.086765,0.89713645,0.5762015,-4.47352,-1.7215984,1.9681586,0.19518593,0.012720764,0.6698795,-1.8041502,2.3242292,0.83982915,5.999059,0.63380754,-0.10596084,3.1191316,0.36143655,-0.56489617,-2.6254547,0.57167834,-0.7234336,5.8048897,0.4728331,-0.35236016,4.989355,1.5541294,-0.44643182,0.8716632,0.76452094,0.71734875,0.77313805,0.7272638,0.6647216,0.69876367,0.7134864,0.65537333,0.6837915,0.8518656,1.0,3.8682199,-8.447308,-7.835568,7
9.891700680272109,0.001620133,4322.268991980808,3034.766801207129,8150.3173828125,0.4785747230052948,0.0,0.01,-627.79346,-4.934738,1.3843013,31.104576,2.5550833,-2.3824716,3.7623,-0.6852418,-0.010663576,6.4779544,0.19327773,0.97659016,-9.279597,1.0256747,0.57803833,-4.6494308,-0.28590384,2.145683,2.2565832,0.12917824,0.29509565,3.1219416,2.5278034,-0.17272873,7.950409,0.22362787,-0.3973324,6.670368,-0.065191336,-1.2175388,-1.6323421,0.11493491,-1.0736239,7.7753224,0.23453082,-0.42099792,6.2100797,1.3951861,-0.6510877,0.80077136,0.7097704,0.62716544,0.719637,0.70267826,0.573095,0.61313146,0.6874623,0.6610636,0.62957513,0.82195735,1.0,4.2724423,-8.793143,-7.59883,7
9.903310657596371,0.0015634637,4323.654214667529,3040.1216878502964,8171.8505859375,0.4230157434940338,0.0,0.01,-632.36285,-3.198516,1.6387864,30.20043,0.6660468,-1.9286348,2.9594011,-1.0067946,-0.28877726,7.3446493,0.5778074,0.3987992,-6.5239906,0.7792317,-0.20991836,-0.9624968,0.69565356,1.1910741,7.2173834,0.15964432,-0.29407987,9.352186,2.2465124,-1.001681,10.735258,-0.08705899,-0.62853694,6.203887,-0.3764062,-1.0305265,-1.9695061,-0.1785089,-0.4886822,7.6568747,-0.057871826,-0.41309315,6.6951275,0.9042978,-0.46680155,0.7682575,0.74009776,0.68644637,0.8190931,0.77605474,0.5880381,0.60299397,0.68894976,0.6934294,0.620415,0.8019781,1.0,4.144137,-8.095047,-7.2906127,7
9.914920634920636,0.001521931,4312.499566305631,3037.0043251367406,8128.7841796875,0.46342211961746216,0.0,0.010000000000001869,-634.42523,-0.99154866,2.232429,29.500427,-0.92867637,-1.0360272,3.751541,-1.397733,-0.57559055,10.577096,0.73462015,-0.19999334,-3.082502,0.1469472,-1.0353783,3.1979458,0.8539201,-0.584554,8.098659,0.032273065,-0.73535216,11.965212,1.7697673,-1.0884405,10.325859,-0.47079772,-0.6956903,1.2103561,-0.6327765,-0.17942865,-5.038477,0.005470254,0.49794492,5.6407747,-0.4829241,-0.4574647,5.775982,0.286813,-0.3632472,0.81510913,0.8313058,0.8483524,0.997637,0.8987353,0.7213396,0.66724306,0.7450155,0.7462282,0.6931615,0.8340398,1.0,4.200593,-7.919961,-7.182256,7
9.926530612244898,0.0014879446,4332.811221420636,2989.8592985310484,8010.3515625,0.4611572325229645,0.0,0.01,-635.95746,1.3312999,2.6862495,27.253561,-1.7920599,-0.39808586,3.385456,-1.6768374,-0.5477919,13.649252,0.79796267,-0.39851442,-0.069878995,-0.57398283,-1.4635124,7.786003,0.10635866,-1.875686,5.9706926,-0.29675686,-0.7586962,11.3282585,1.2810075,-0.63787764,7.201195,-0.9826197,-0.57914275,-3.8686996,-0.616682,0.79779094,-8.464362,0.5818736,1.2015679,4.4438925,-0.95814013,-0.35726115,6.0845633,-0.35848567,-0.50653464,0.753064,0.79458475,0.91983235,1.0,0.88596195,0.76964796,0.70924467,0.7388215,0.6747014,0.6769602,0.7534821,0.8444215,4.1944304,-7.935443,-7.066048,7
9.93814058956916,0.001483627,4346.304462994703,2917.886861607346,7870.3857421875,0.4964487552642822,0.0,0.01,-636.9436,3.4985778,2.5282176,23.186111,-2.0912104,-0.060143933,0.29774535,-1.7556719,-0.1944626,13.933892,0.9248272,-0.141443,-1.2754374,-1.3335146,-1.194128,10.7157135,-1.0999533,-2.0771532,3.7999794,-0.8223044,-0.37712404,8.81611,0.8520109,-0.062314045,4.5877323,-1.4337212,-0.23653814,-5.6543913,-0.23716381,1.2463179,-9.439362,1.097343,1.1681958,4.673135,-1.2987373,-0.19813617,7.343134,-0.9827759,-0.70506155,0.76421016,0.81920856,0.9980916,1.0,0.8878873,0.8093932,0.81187177,0.76011777,0.6539354,0.6968899,0.7429324,0.7867982,4.247142,-8.108061,-7.1345,7
9.949750566893425,0.0015699512,4340.311042654748,2883.0565905031494,7805.7861328125,0.6047443747520447,0.0,0.0100000000000754,-630.31726,5.1285067,1.7694069,21.112413,-2.1599615,0.103110515,-3.9743495,-1.6556224,0.2679225,11.01185,1.2038401,0.362621,-8.174152,-1.8978169,-0.431109,5.690812,-2.2142742,-1.3678857,1.8083096,-1.2641199,0.07490845,7.694085,0.5269861,0.33407664,3.8897142,-1.5442191,0.23737393,-2.031228,0.30432478,0.88352764,-4.3318396,1.2206085,0.33836415,3.742448,-1.4276316,-0.14504859,7.2133155,-1.5283533,-0.763649,0.77401674,0.8257882,1.0,0.965688,0.9045539,0.81192076,0.853536,0.79788506,0.725575,0.72883415,0.74755055,0.8037105,4.703025,-8.3300295,-7.072022,7
9.961360544217687,0.0017975229,4335.922201348452,2857.4721190233913,7795.01953125,0.8267267942428589,0.0,0.010000000000221913,-618.88477,6.106062,0.6881956,19.373539,-2.1790564,0.16795038,-7.476901,-1.5507756,0.59644455,10.356377,1.6535167,0.96893805,-13.292652,-1.896907,0.6246635,-3.2366476,-2.8949888,-0.2598603,0.8511462,-1.2723876,0.20874219,10.581707,0.6582619,0.4182836,2.4908714,-1.0339832,0.6476076,1.195856,0.71039647,-0.017590897,1.8736882,1.0328958,-0.7862283,0.8275142,-1.3898971,-0.06925251,4.466619,-1.9259828,-0.61634016,0.87263864,0.8675102,0.9888776,0.99330527,1.0,0.8457544,0.9162284,0.9464581,0.8997815,0.7953224,0.836382,0.9182639,4.7884746,-8.464726,-6.8760247,7
9.97297052154195,0.0021323871,4340.606818306228,2800.8124417403355,7708.88671875,0.9586215019226074,0.0,0.010000000003996623,-609.01807,6.5580544,-0.40679616,17.48396,-2.097143,0.06943754,-7.9580297,-1.4843245,0.4238687,12.739802,2.2750802,1.1813146,-15.313402,-1.3160268,1.4308801,-9.143824,-3.0954666,0.78404605,0.5771173,-1.123492,0.10661339,13.432465,0.95651424,0.17946161,0.21172029,-0.20678005,0.8795947,3.8085303,0.6845816,-0.78143054,5.7545147,0.6591337,-1.3974864,-1.1572329,-1.2799041,0.18009073,0.2687834,-2.19371,-0.16167727,0.8410455,0.7754354,0.8278082,0.90871936,0.9597856,0.7718744,0.83575505,1.0,0.9917341,0.7631985,0.8395516,0.9131226,4.756282,-8.653371,-7.00429,7
9.984580498866213,0.0024335328,4334.170349755311,2720.0432389103153,7579.6875,0.9016757011413574,0.0,0.010000000047726025,-602.00366,6.634778,-0.9368886,15.872506,-1.9298639,-0.018738754,-6.9305315,-1.6188865,-0.2506819,17.073708,2.8053327,0.6636235,-15.559114,-0.41509807,1.3771472,-11.27164,-2.7173789,1.293851,-0.4334314,-1.1319678,-0.098961346,14.442192,0.889355,-0.40229738,-0.917392,0.4438076,0.8522924,4.4573107,0.26501518,-0.9487695,4.545573,0.1865974,-1.1279223,-2.5131655,-0.9549417,0.574601,-3.3393075,-2.0795014,0.5011029,0.78232473,0.71704924,0.7262814,0.846295,0.8622133,0.695917,0.7334878,0.9540169,1.0,0.6966279,0.79025704,0.8798947,4.895403,-8.590344,-6.4158235,9
9.996190476190476,0.0025930956,4332.138741299048,2664.8055803363445,7525.8544921875,0.8538982272148132,0.0,0.0100000470079773,-597.73584,6.4902344,-0.38331768,13.859892,-1.7833622,0.12192454,-6.2479763,-1.9324976,-0.85254735,21.878897,2.9033895,-0.35018328,-15.007719,0.38016808,0.57813495,-11.371415,-1.82737,0.9649671,-1.9113505,-1.2891549,-0.28133866,13.905741,0.421011,-0.7727056,0.023361683,0.95467824,0.71640086,2.7823658,-0.064180024,-0.30849758,-0.78611696,-0.27197197,-0.13774851,-3.880176,-0.37151724,0.78714955,-5.7666874,-1.5899671,0.9203909,0.7769272,0.74371827,0.74141663,0.8846436,0.8577156,0.6834367,0.67637527,0.89280474,1.0,0.6806933,0.7583719,0.8908531,4.900982,-8.376305,-6.0023284,9
10.00780045351474,0.0027591048,4300.142476274789,2631.4213489000203,7450.48828125,1.0555202960968018,0.0,0.01000032860450166,-594.2953,6.466347,0.51852906,11.42375,-1.5020669,0.34842524,-7.67496,-2.1486423,-0.7855885,27.205717,2.4409544,-1.078114,-11.4060755,0.71681464,-0.11674187,-11.1564865,-0.98787695,0.35063195,-2.6511207,-1.5078804,-0.290607,15.658393,-0.1766448,-0.64211935,3.8715467,1.393116,0.35480106,0.3622137,0.0053641996,0.42459932,-4.8177795,-0.42336062,0.73326325,-4.1465597,0.15769966,0.6010412,-7.1479683,-0.90997034,0.90406716,0.7670436,0.74205333,0.7342675,1.0,0.8788861,0.70796895,0.62783736,0.7822094,0.89567417,0.60446167,0.6802285,0.870148,5.0865407,-7.654168,-5.924033,9
10.019410430839002,0.0032064468,4204.962214072366,2564.3798427099123,7278.22265625,1.4437917470932007,0.0,0.010000802780927256,-590.08386,6.5741925,0.81910264,9.119707,-1.1905696,0.45854884,-11.89966,-2.2114077,-0.1092283,30.70873,1.6868109,-1.2446358,-8.228903,0.7177466,-0.44889575,-11.701985,-0.53611857,0.04097961,-3.8623874,-1.6532022,-0.1510043,16.47331,-0.5224449,-0.32294288,7.4218755,1.6319258,-0.119135454,-1.3345902,0.207575,0.7730046,-4.484376,-0.19102621,1.012236,-3.4934163,0.38722146,0.2305968,-7.51128,-0.25521356,0.6224197,0.6588597,0.6496408,0.6131922,1.0,0.7643179,0.62053335,0.51240474,0.66933924,0.7934515,0.4647572,0.5126158,0.6983145,5.17979,-7.269418,-5.680826,9
10.031020408163265,0.0038541702,4089.2580931592493,2476.778442003633,6998.291015625,1.6339080333709717,0.0,0.010001232964986121,-582.7123,6.3919616,0.19517748,8.113594,-0.9834213,0.36444566,-18.370052,-2.1017852,0.6108925,30.531778,0.9748072,-0.88908315,-8.480555,0.6121488,-0.4282769,-12.483554,-0.23656227,0.1658366,-6.5532646,-1.578375,0.082356855,12.915354,-0.5535324,0.008149122,7.9524775,1.5603154,-0.44120443,-1.5282798,0.3667884,0.523634,-1.5451064,0.38482952,0.67635614,-1.0563197,0.41531757,-0.1547054,-5.4897776,0.14211781,0.23040551,0.58761895,0.60381967,0.5597106,1.0,0.67627335,0.5519041,0.4879217,0.680658,0.8109261,0.42347962,0.4440853,0.59858227,5.1389184,-7.074702,-5.701086,4
10.042630385487529,0.0044147526,4033.1136853551748,2445.983505791237,6869.091796875,1.5396628379821777,0.0,0.01000617855533408,-571.4873,5.720864,-0.9906611,8.101255,-0.9360716,0.0422981,-22.635029,-2.0426412,0.75945574,27.913673,0.571108,-0.19457632,-10.661214,0.6103971,-0.048412506,-13.534266,0.26218578,0.6088193,-9.20153,-1.1933545,0.47984144,10.434542,-0.3842748,0.32686695,9.311371,1.1845636,-0.5335928,2.644508,0.39527208,-0.10142799,1.6129603,1.0369678,0.13152042,1.1590052,0.33080563,-0.41828507,-4.3266973,0.21357402,-0.1736123,0.585789,0.59762543,0.5382923,1.0,0.66253984,0.51374424,0.4990581,0.6831579,0.8154888,0.46077162,0.44888732,0.58475906,5.1553235,-7.1203914,-5.7094216,4
10.054240362811791,0.00476485,4052.4570986864633,2483.1593461969387,6922.9248046875,1.4931211471557617,0.0,0.010006178555334078,-561.5963,4.8012595,-1.8275144,8.944066,-0.98107123,-0.27613217,-21.566105,-2.0992837,0.25716963,26.653797,0.5056612,0.51013064,-11.263557,0.49064904,0.332178,-14.07337,0.8951831,0.91789013,-10.885399,-0.5825587,0.89986414,10.302004,-0.19786721,0.62212473,10.278311,0.5831354,-0.47735056,6.17137,0.37785387,-0.54616493,2.5993495,1.4119703,-0.13249777,0.6307177,0.24052005,-0.34817985,-4.2249427,0.17328297,-0.3283916,0.6329467,0.61758226,0.5412078,1.0,0.6605602,0.50835073,0.5065312,0.67736083,0.80171055,0.5104787,0.48545334,0.6005595,5.143363,-7.2549267,-5.6373763,9
10.065850340136054,0.0049761953,4108.789199173386,2501.027518369402,6976.7578125,1.7491000890731812,0.0,0.01002672467381077,-556.7307,3.6937246,-1.973207,8.528603,-1.0117685,-0.33826467,-19.285166,-1.9989715,-0.3093152,27.007994,0.727809,0.7706493,-10.673504,0.23639299,0.18457218,-13.671112,1.3822541,0.74918526,-11.761314,0.009273497,0.90284055,11.122292,0.1507207,0.5952531,10.629593,-0.05798335,-0.5519527,6.178163,0.28548467,-0.6098882,2.3310823,1.2885342,-0.18393464,-0.9989739,0.11496262,-0.11471973,-4.0297365,0.052623946,-0.25677034,0.64262104,0.61404,0.57780385,1.0,0.6305762,0.52679497,0.5078124,0.7363906,0.783081,0.52633315,0.51446337,0.5945522,5.1659513,-7.262467,-5.6453433,9
10.077460317460318,0.0051340316,4135.8859775955925,2477.2154974848636,6944.4580078125,1.5289671421051025,0.0,0.010018764509769141,-557.8767,2.3079753,-1.5382051,6.614108,-0.9711108,-0.072410524,-19.050003,-1.7616103,-0.54718375,28.823717,1.013676,0.41886,-9.090725,0.02104206,-0.31455916,-11.178789,1.4824429,0.13515149,-11.269659,0.36890343,0.41442174,12.41468,0.56340474,0.18496345,10.856909,-0.5649479,-0.66414523,3.5129356,0.07020645,-0.33414456,2.747218,0.86232203,-0.22921017,-1.9960476,-0.08879411,0.11124131,-4.767912,-0.20737156,-0.10711432,0.5806893,0.5659828,0.59260136,1.0,0.5965432,0.5329223,0.4946308,0.76651424,0.721447,0.4813215,0.49392748,0.5320931,5.084725,-7.190956,-5.677183,4
10.08907029478458,0.00536228,4070.623274423806,2394.444861674277,6718.359375,1.6293967962265015,0.0,0.010018764509769141,-561.1924,0.7179952,-0.9517537,3.513984,-0.7345616,0.4091676,-23.864544,-1.5941225,-0.19882183,32.05188,1.167626,-0.1594584,-5.670224,-0.07288338,-0.5861827,-6.039884,1.2812407,-0.55316913,-8.315268,0.43939117,-0.17815717,13.903251,0.6218266,-0.20886105,10.367477,-0.9935962,-0.5021911,0.6671163,-0.2603094,0.14589976,4.6508083,0.39757168,-0.351812,-2.1999564,-0.21589737,0.14993888,-6.4051,-0.52346975,-0.17732483,0.49986458,0.5472371,0.578959,1.0,0.5951845,0.51465833,0.50633484,0.7779482,0.70215684,0.42777234,0.44183215,0.46354407,5.169475,-7.0704646,-5.591777,4
10.100680272108843,0.0056576184,3969.6574664794616,2290.5799665357895,6363.0615234375,1.8267362117767334,0.0,0.010009025493342986,-560.05194,-0.7751892,-0.783694,1.5548798,-0.3058318,0.8377924,-30.688042,-1.4585248,0.58111215,34.863724,1.1791408,-0.40931904,-5.6571913,-0.042884603,-0.3201108,-2.593487,0.91118765,-0.93641555,-5.0516977,0.271283,-0.59608567,14.696329,0.31417075,-0.4807434,8.627605,-1.1891488,-0.17035729,1.1247206,-0.344785,0.39577565,7.1846943,0.13739854,-0.44943276,-0.49949515,-0.09214436,0.06416894,-5.813532,-0.88531023,-0.35812157,0.51636434,0.6010844,0.5807266,1.0,0.63134927,0.5197657,0.5845941,0.8464172,0.7603283,0.4497993,0.45502195,0.5012312,5.234728,-7.0884748,-5.5452175,4
10.112290249433107,0.0057487274,3933.5033397129005,2235.3659516539,6223.095703125,1.7086230516433716,0.0,0.010018764509769141,-557.7506,-1.9495423,-1.0526398,1.7383404,0.26200682,0.9004399,-32.660007,-1.1404275,1.11071,35.765324,1.0763341,-0.36053437,-9.839233,0.065114625,0.16607648,-2.85656,0.46624994,-0.87662905,-5.1965265,0.014284293,-0.67106473,15.135866,-0.15066703,-0.60676956,5.3730764,-1.2134974,0.15148352,2.6112342,-0.17382638,0.2601698,6.7403946,0.032256328,-0.36783546,0.14957672,0.1898856,0.077322826,-5.3041615,-1.1825331,-0.4004617,0.5605013,0.6619859,0.60783064,1.0,0.6778653,0.539441,0.6801256,0.9900426,0.82234836,0.5176873,0.52661926,0.5788176,5.260399,-7.2968116,-5.5104475,9
10.12390022675737,0.0054732263,3949.2934073126517,2247.0547729538694,6330.76171875,1.4301731586456299,0.0,0.010013068846238975,-558.05194,-2.838209,-1.4272671,3.2673655,0.7171851,0.5105249,-31.56966,-0.48833925,1.130984,34.482246,0.8178648,-0.21026617,-12.835412,0.21635361,0.61618394,-5.902939,0.03652759,-0.3855551,-7.8018284,-0.21267502,-0.33877343,14.9480295,-0.58722293,-0.5202508,3.322861,-1.1544446,0.34612155,3.4508586,0.033365745,-0.06144992,4.6715446,-0.06764179,-0.1103578,-0.765808,0.49605456,0.22293875,-6.4791174,-1.1815569,-0.19013508,0.56774616,0.6210394,0.5988368,0.91783404,0.6493152,0.54429114,0.68068814,1.0,0.7410726,0.5155386,0.5645842,0.6034786,5.305126,-7.3830485,-5.549865,9
10.135510204081633,0.005022864,3943.7058686552996,2290.5654041193325,6459.9609375,1.3630269765853882,0.0,0.010006178555334078,-562.3219,-3.6065266,-1.3367687,6.000295,0.8282358,-0.17606704,-29.44727,0.4649575,0.7175746,33.66806,0.43968952,-0.09906227,-11.851092,0.45914167,0.8632783,-7.997081,-0.28926238,0.22107433,-9.760225,-0.31025466,0.25595924,13.700222,-0.8826417,-0.2672587,2.809599,-1.0160269,0.34062764,3.1607687,-0.0069060484,-0.34437126,2.708364,-0.15345584,0.21762367,-1.9804745,0.657813,0.29615068,-9.589495,-0.91918147,0.22318023,0.65267557,0.61010575,0.66197586,0.959154,0.63680243,0.6249845,0.67587805,1.0,0.68064106,0.5336711,0.61453545,0.65440464,5.2449055,-7.3176284,-5.679129,9
10.147120181405896,0.0046223546,3932.0382499022444,2319.4914376765582,6492.2607421875,1.1985371112823486,0.0,0.010004191052795272,-569.8036,-4.2617097,-0.50393045,8.370102,0.6971466,-0.586519,-27.363705,1.3103744,0.29553178,35.588234,0.12382469,-0.11510329,-8.109039,1.0356791,0.685833,-8.094835,-0.1720239,0.61027414,-10.830571,-0.081137024,0.7459432,11.506289,-1.0240504,-0.01396301,3.321699,-0.76460016,0.212572,2.8076496,-0.27443323,-0.31628048,2.8928065,-0.11313428,0.41677254,-1.2178254,0.54860955,0.1674032,-12.75441,-0.6556731,0.65072113,0.7189331,0.59687054,0.74152017,1.0,0.6344441,0.7008705,0.6891802,0.98140913,0.6398723,0.5447924,0.6321894,0.6873993,5.179098,-7.3913894,-5.5508375,9
10.158730158730158,0.0042240834,3934.3723851607397,2326.6441286500326,6524.560546875,1.0660985708236694,0.0,0.010001873046012551,-576.9639,-4.2982645,0.621488,9.470432,0.6024977,-0.43408903,-27.144535,1.7480843,0.24074392,37.366898,-0.38678437,-0.5589404,-5.5480595,1.7593488,0.29159346,-7.184367,0.37245956,0.67751724,-10.466354,0.6026293,0.9193239,9.582169,-1.0833008,0.14732182,3.1836643,-0.35494718,0.16592602,2.2713711,-0.297058,0.03338743,4.3052454,0.27181056,0.4280024,1.2224808,0.4006688,-0.15740325,-14.019266,-0.35046592,0.7490886,0.6711768,0.55597824,0.77552915,0.948177,0.61885715,0.6971183,0.70414,1.0,0.61764,0.54618317,0.59066045,0.6526528,5.229491,-7.3624153,-5.5834336,9
10.170340136054422,0.0038223846,3962.9839854820334,2368.385818429402,6632.2265625,0.9264984130859375,0.0,0.010013068846238971,-582.60254,-3.506131,1.5280237,8.431448,0.44123814,-0.13950469,-26.380451,2.0437028,0.38406348,37.267487,-1.2878473,-1.272067,-4.2081556,2.2505476,0.11048525,-5.7367086,0.841539,0.3395201,-8.816108,1.3358359,0.7271988,8.801079,-1.1822158,0.06815298,2.2219234,0.04272641,0.30247042,1.8313825,0.08912486,0.5145,5.1457148,0.76950794,0.34659237,3.7696207,0.32270136,-0.41850108,-12.23887,-0.0013725598,0.47689214,0.60067594,0.5477254,0.7662491,0.8399937,0.61335534,0.6749453,0.7104735,1.0,0.59761894,0.53343713,0.55518085,0.60228413,5.1600194,-7.3734217,-5.587607,9
10.181950113378685,0.0035760289,4044.5694711745814,2438.0049060124943,6836.7919921875,0.9688994288444519,0.0,0.010001232964986118,-585.83276,-2.2456899,1.7682129,5.638365,0.1246469,0.016972445,-23.9301,2.2597814,0.41747606,35.767117,-2.3193655,-1.4931072,-3.1970558,2.4545686,0.214522,-5.309526,0.9661094,-0.049985774,-6.75368,1.750244,0.3222335,8.722347,-1.3447151,-0.19561106,1.0263331,0.31246307,0.41595063,0.36426288,0.645129,0.7855356,5.5404644,1.014865,0.1320634,4.0419545,0.16972248,-0.50353193,-9.447443,0.26563933,-0.0153762,0.5858308,0.5418833,0.7366469,0.7819443,0.6251223,0.66090065,0.7094044,1.0,0.61425155,0.5255229,0.5491656,0.57608247,5.2642436,-7.3713903,-5.5454264,9
10.193560090702947,0.0034188079,4126.809841244662,2514.1873321115804,7095.1904296875,0.7998976707458496,0.0,0.0100000470079773,-586.98016,-0.97383624,1.3682303,5.6374846,-0.03338872,0.12613457,-20.750145,2.342141,0.17502439,34.40242,-3.1048045,-0.9346631,-0.9930243,2.422221,0.23725004,-3.6204147,0.80932015,-0.30569807,-4.417216,1.7738029,-0.18010785,8.248702,-1.5038735,-0.39870635,0.8756131,0.47501254,0.38475606,-0.27446198,1.026558,0.6604046,5.7513223,0.8520278,-0.14213079,1.7419116,-0.13857357,-0.3472269,-8.553848,0.41792142,-0.31141472,0.60793257,0.5546429,0.7218901,0.8305894,0.6844704,0.6748334,0.6738474,1.0,0.6671252,0.55223656,0.57156885,0.60294765,5.2216086,-7.324418,-5.572476,9
10.205170068027211,0.0031782791,4194.525367550628,2628.344704026559,7418.1884765625,0.8110910058021545,0.0,0.010000009287486629,-585.57324,-0.23442078,0.5370445,9.163845,0.1182895,0.21452804,-17.557777,2.1610155,-0.3893986,28.554087,-3.2619743,0.044188198,2.3669672,2.1987312,-0.13685894,-0.9148689,0.70479906,-0.26367396,-0.702435,1.5659168,-0.48503634,7.0760884,-1.5157145,-0.24470158,3.0508816,0.66030455,0.21671839,2.5916743,1.1858597,0.23645562,8.028442,0.39438885,-0.4800789,0.0207429,-0.51652473,-0.12047173,-9.205013,0.47385806,-0.20458855,0.629313,0.5892316,0.7324312,0.8641756,0.7215569,0.6732304,0.63144267,1.0,0.7175158,0.60927254,0.6342877,0.6862254,5.045659,-7.6120825,-5.651729,9
10.216780045351474,0.0029440452,4390.181279562934,2783.225245269588,7967.28515625,0.88567715883255,0.0,0.010000000208892744,-582.3999,-0.24154969,-0.47959852,9.837601,0.33590224,0.06068901,-13.941624,1.4614942,-1.0291358,19.99287,-2.7503664,1.0315685,6.1135006,1.7600808,-0.6747471,-1.2974333,0.86958873,0.085244365,1.3075216,1.1937444,-0.5992128,4.026641,-1.3556453,0.19402635,5.545171,0.8243604,-0.019545045,7.232385,1.2997512,-0.13892867,10.486042,-0.11162679,-0.7436374,0.3890623,-0.85068864,-0.04190642,-10.031303,0.37647012,0.07923342,0.7267215,0.7060659,0.823062,0.9417084,0.79570043,0.67877483,0.6517024,1.0,0.8112099,0.73906463,0.79104143,0.85244673,4.4556074,-8.101883,-7.4055133,7
10.228390022675738,0.0028403772,4603.686424891599,2882.9196258296533,8322.5830078125,0.8756155967712402,0.0,0.010000000003996623,-581.16095,-0.70743716,-1.1098306,7.621159,0.22797918,-0.35048082,-11.818066,0.38584268,-1.4216679,15.696774,-2.0640352,1.4597261,9.539236,1.1164421,-1.0670767,-2.267314,1.214759,0.42830515,1.4081825,0.6943345,-0.62027806,0.53036577,-1.1609398,0.52167684,6.23191,0.79788965,-0.28395355,9.885462,1.4188743,-0.36433268,10.223413,-0.44965965,-0.6622619,0.4679932,-0.97449815,-0.12144719,-10.975616,0.22061576,0.19274002,0.79724234,0.7754539,0.85385066,1.0,0.8597583,0.6595023,0.6209872,0.9051229,0.8344342,0.81512326,0.9253098,0.95518124,4.3425636,-8.084723,-7.7879076,7
10.24,0.0027979638,4620.846011840362,2890.2208907564045,8344.1162109375,0.7869826555252075,0.0,0.010000000021701592,-581.42957,-1.2072875,-1.0286363,7.6717796,-0.052331854,-0.3380329,-11.538936,-0.6714105,-1.3548431,15.709325,-1.4504671,1.2173154,10.35697,0.29718676,-1.1323901,-2.961125,1.36452,0.53032595,0.29594317,0.06429031,-0.59408516,-1.4641769,-1.0842003,0.442495,5.992942,0.4243322,-0.5184525,9.238098,1.1955708,-0.49960387,7.942439,-0.5525422,-0.21493743,-0.03498127,-0.8923502,-0.16799425,-9.932716,0.17148021,0.0674586,0.8154703,0.7465719,0.7772515,1.0,0.8834341,0.6782856,0.59015673,0.7827486,0.80883735,0.7713765,0.9246646,0.9581044,4.3710623,-8.031235,-7.7580023,7
10.251609977324263,0.0027289202,4441.121038423964,2816.366613312719,8128.7841796875,0.816094160079956,0.0,0.0100000000000754,-584.84094,-1.5648478,-0.37127447,9.7731,-0.08768418,0.13592091,-13.618586,-1.4702032,-0.85980105,18.243462,-0.60082275,0.57434046,8.364286,-0.5653642,-0.9066764,-0.7959202,1.2919481,0.2612151,0.6762427,-0.54498947,-0.43278724,-0.30310225,-0.9329523,0.22504167,6.489791,-0.10854664,-0.5169216,7.8669186,0.6335507,-0.42353386,4.5983806,-0.48680207,0.43898648,-1.5467458,-0.7341636,0.045161095,-7.50756,0.28015637,-0.043276265,0.7787033,0.6868635,0.7063655,0.9544674,0.88784343,0.6838515,0.5807797,0.68860984,0.76951176,0.70668846,0.8865325,1.0,4.2383842,-8.148377,-6.5026326,7
10.263219954648527,0.002696525,4257.823893913899,2704.5430957910053,7730.419921875,0.8175510764122009,0.0,0.010000000000221911,-590.848,-1.5339528,0.5380985,9.737454,0.37567902,0.5086969,-18.232206,-1.8516461,-0.069642425,21.715607,0.28609085,0.08192707,6.053986,-1.3959792,-0.604049,3.9303846,1.1331418,-0.3653263,0.6333826,-0.85553455,-0.25530428,1.728357,-0.4602752,0.15953307,7.1358137,-0.45052835,-0.31923,9.120932,0.12432934,-0.22268675,2.5335746,-0.22045104,0.8427092,-4.02255,-0.53352195,0.40380436,-6.9146457,0.5445996,0.046069726,0.6771672,0.62600315,0.67593443,0.8192238,0.80757993,0.6294842,0.52819896,0.59209967,0.6943447,0.69065756,0.8861169,1.0,4.3527117,-8.198053,-6.07691,9
10.27482993197279,0.0027104074,4209.179872247934,2648.484513158994,7515.087890625,0.8342059850692749,0.0,0.010000000000613858,-594.15216,-1.0303253,1.1604832,6.219903,0.86661506,0.5354712,-22.601181,-1.7293553,0.64522165,20.5479,0.8674648,0.1346592,4.20479,-2.0283685,-0.3192112,7.6052084,0.735527,-0.93112093,-0.5630559,-0.94278103,-0.11643331,1.2608087,0.09518784,0.24293171,6.46813,-0.62730855,-0.19580889,11.461781,-0.09012391,-0.13707611,3.559812,0.187255,0.72067934,-5.362416,-0.22045922,0.6027389,-8.240982,0.8360064,0.21750392,0.6704962,0.65589345,0.6988459,0.75249916,0.76991814,0.6326868,0.54495263,0.5943581,0.6890432,0.78043497,0.9996832,1.0,4.436745,-8.272376,-6.157528,9
10.286439909297052,0.0026898382,4204.7003906121845,2651.9962866479896,7461.2548828125,0.7530068159103394,0.0,0.01000000000061386,-593.5112,-0.22358805,1.3304597,6.5725513,0.9746714,0.39109614,-24.443329,-1.1785567,1.0705839,17.152014,1.2507321,0.51672006,2.4099045,-2.2057233,-0.05761663,7.4755697,0.1856266,-1.0960249,-3.037341,-0.8597247,0.08519043,-2.2953334,0.33981758,0.27730805,3.8178682,-0.83586234,-0.17143133,10.566883,-0.14487584,-0.23127477,6.197154,0.48748338,0.20067018,-4.8964815,0.11696884,0.5407966,-9.130012,0.9261266,0.34017026,0.63403594,0.64852244,0.6543069,0.7212246,0.6969459,0.6090365,0.5528774,0.5782313,0.64355767,0.79436755,1.0,0.88701206,4.4879827,-8.277133,-6.123449,9
10.298049886621316,0.0026275902,4138.585203420861,2637.0056259579987,7299.755859375,0.7501403093338013,0.0,0.0100000000000754,-591.86224,0.7660085,1.0107328,10.481579,0.9401153,0.16626474,-24.66967,-0.3105031,1.1238925,17.745255,1.6249143,0.89125997,0.4071707,-1.8848041,0.28884095,5.225461,-0.3725535,-0.6563074,-4.717371,-0.6749865,0.40604037,-3.3400702,0.16776095,0.18176998,2.314331,-1.0708158,-0.09841398,8.835194,-0.25326556,-0.25190067,8.627094,0.55866545,-0.38144252,-3.115456,0.46749723,0.30024886,-7.8004713,0.92694974,0.3105745,0.6633584,0.6790152,0.6546862,0.7610408,0.7366172,0.6525795,0.61054057,0.6253393,0.66984236,0.812232,1.0,0.83329415,4.599243,-8.3582945,-6.0380325,9
10.309659863945578,0.0026004151,4057.9463868467337,2580.0589339203825,7084.423828125,0.8531184792518616,0.0,0.010000000000023851,-589.0146,1.6040548,0.41957417,14.765385,1.0012124,-0.223733,-23.379766,0.5028507,0.72448397,21.450418,1.9944237,0.8500487,-2.963732,-1.3847611,0.6244431,2.7614822,-0.7752014,0.0296776,-4.954865,-0.42638502,0.49763912,0.049940348,-0.081723064,-0.050714903,2.8183818,-1.125526,0.05729158,8.3219185,-0.38552824,0.013406692,9.5088005,0.4253146,-0.59715134,-1.5415124,0.82434374,0.083597034,-4.461665,0.9466448,-0.0018439218,0.7572998,0.7209263,0.69505537,0.84584945,0.84508115,0.77859324,0.72386354,0.7489481,0.77433336,0.8577593,1.0,0.8740063,4.8853602,-8.482619,-5.978106,9
10.32126984126984,0.0026697486,4063.1255415484256,2522.733460835926,6944.4580078125,0.9045332074165344,0.0,0.01000000000000011,-586.7506,2.025768,0.050178956,15.737167,1.0390985,-0.583905,-21.79945,0.7713633,0.013623387,25.792927,2.2331972,0.06789525,-6.006188,-1.0169431,0.66569173,0.57664806,-0.89880794,0.42208132,-5.1809387,-0.21407273,0.28650495,3.347002,-0.0833795,-0.3089786,2.1204183,-0.95677644,0.15792209,8.375113,-0.40772498,0.24165425,8.927216,0.16895187,-0.37662947,-0.7061587,0.96484774,-0.053826675,-1.8385113,0.82603574,-0.46827272,0.9228767,0.80630124,0.7354493,0.945543,0.9481811,0.93513787,0.8734132,0.9408395,0.9443286,0.9493332,1.0,0.98779607,4.9707484,-8.570446,-5.9185762,9
10.332879818594105,0.0027938334,4100.866629937584,2487.4139080771474,6922.9248046875,0.9134450554847717,0.0,0.010000000000023851,-584.84033,2.186792,0.02005441,14.239416,0.81689733,-0.4161158,-19.990736,0.44617516,-0.6487001,29.641462,2.060812,-0.8303774,-6.4927597,-0.78530854,0.43313852,-0.026764154,-0.7993347,0.332775,-4.374339,-0.111720316,-0.07212425,2.8849368,0.027154552,-0.45352668,-0.070797905,-0.7091713,0.15115064,7.7399683,-0.20422922,0.21616037,7.25363,-0.044468172,-0.004208444,-0.71314776,0.7804015,-0.19521463,-1.6292217,0.5343932,-0.68177176,0.9492001,0.80114037,0.6621002,0.8466794,0.88051677,0.9309869,0.86258954,0.9548948,0.9231842,0.8909912,0.91582227,1.0,5.044623,-8.504003,-5.7525654,9
10.344489795918367,0.0029076699,4094.293358973755,2481.877205501989,6912.158203125,0.98927903175354,0.0,0.010000000001606033,-582.6815,2.294164,0.093608774,13.691517,0.51992625,0.01087299,-17.623991,-0.046797086,-0.8982909,32.97567,1.5249028,-1.069585,-4.0488186,-0.4454101,0.23448338,1.276441,-0.6440539,0.05421545,-2.9044404,-0.13032383,-0.25985527,-0.28353792,-0.12733865,-0.27399758,-1.7437592,-0.53598946,0.23610677,7.208233,-0.036109783,0.108289376,5.9267073,-0.10300545,0.2667788,-0.18320993,0.38374916,-0.3419145,-1.935704,0.24507125,-0.41358516,0.9220068,0.7970568,0.62251616,0.7842651,0.82380444,0.8982642,0.8353773,0.95401233,0.8451854,0.81977916,0.90859526,1.0,4.9998155,-8.448914,-5.7602143,9
10.356099773242631,0.0030312957,4073.0096038469046,2476.0760479001906,6912.158203125,1.062360405921936,0.0,0.010000000003996623,-581.00354,2.217383,0.049698737,14.004601,0.19533415,0.119616225,-17.36619,-0.41613463,-0.6307569,34.054493,1.1412731,-0.5788752,-2.4725528,0.033908956,0.1183223,1.96231,-0.5417521,-0.16540171,-3.2219634,-0.09864555,-0.13060929,-2.6011322,-0.3510035,0.20167676,-1.5953476,-0.30178592,0.43444434,8.056646,-0.006180493,0.03075351,6.534854,-0.0982672,0.22092023,1.76421,-0.0017911518,-0.4396694,-2.6848173,0.13968123,0.1312252,0.8859045,0.771157,0.5607216,0.72120535,0.75166017,0.84939986,0.7802488,0.9286529,0.73565835,0.7160029,0.86540586,1.0,4.8689003,-8.333452,-5.6911507,9
10.367709750566894,0.0031811988,4047.010016822924,2461.327699920671,6869.091796875,1.0881342887878418,0.0,0.010000000047726025,-578.78033,1.7116933,-0.45057777,14.758867,-0.16713974,-0.29080325,-20.708683,-0.61743695,-0.15215537,31.706028,1.0322876,0.12102795,-4.2772613,0.34478888,0.063087195,0.9296056,-0.51261085,-0.2216532,-4.687277,0.14821054,0.22584288,-1.99755,-0.22804688,0.57868093,-1.0722649,0.122145064,0.49255627,8.1875515,-0.087154604,-0.09443963,7.7548013,-0.25055957,-0.17421566,2.4415677,-0.332018,-0.48056576,-4.324836,0.34319487,0.56224084,0.8576153,0.7108903,0.49821952,0.6609605,0.6918378,0.8259858,0.7752318,0.8909646,0.6447861,0.6141954,0.81730294,1.0,4.8398986,-8.257825,-5.7715797,9
10.379319727891156,0.003304786,3971.63081876829,2435.6253419983686,6642.9931640625,1.0540180206298828,0.0,0.010000000208892744,-575.5436,0.6864563,-1.2125279,16.50985,-0.49883273,-0.6799599,-24.772095,-0.8024813,0.20920898,29.495892,0.95784634,0.4780019,-6.5913315,0.30955267,0.06672053,-1.0679215,-0.58361804,-0.08279966,-6.171292,0.52918327,0.649845,-0.66173404,0.24591205,0.57453305,-1.1068449,0.5718356,0.37674755,8.413532,-0.2628291,-0.29337916,8.421452,-0.6206644,-0.66815835,0.858175,-0.60476077,-0.41735348,-4.5849657,0.75431913,0.66719466,0.8540191,0.63340974,0.46058494,0.6272795,0.6382623,0.7861835,0.76566994,0.8148419,0.61245525,0.57598174,0.7662089,1.0,4.8389235,-8.289438,-5.647724,9
10.39092970521542,0.003377274,3932.923347033502,2437.386679102838,6578.3935546875,1.1143603324890137,0.0,0.010000000208892742,-572.4974,-0.6077067,-1.7491038,17.519978,-0.61863905,-0.48841706,-25.5289,-0.95791477,0.3413733,30.524883,0.84707713,0.39332953,-5.4227962,0.19504966,0.18517953,-2.2370417,-0.68809247,0.12644507,-6.294833,0.891849,0.77519315,-0.67260087,0.613879,0.19542609,-0.80411184,0.8036583,0.17797272,8.239448,-0.5442165,-0.41162694,8.663425,-1.137595,-0.88950765,-1.352187,-0.8404644,-0.18202253,-2.524866,1.0026226,0.3961414,0.86448085,0.59446776,0.4740264,0.61394846,0.6293188,0.762416,0.7712641,0.7994833,0.62336606,0.601206,0.7381746,1.0,4.760045,-8.32466,-5.6692486,9
10.402539682539683,0.0034449135,4004.5474463556548,2460.9866813834265,6653.759765625,1.052836537361145,0.0,0.010000000208892745,-572.06744,-1.7677155,-1.7023042,14.956235,-0.40166155,0.14842305,-23.662846,-0.86900306,0.21730626,35.410744,0.8509839,0.0043369806,-2.7862449,0.40599036,0.2913915,-2.647244,-0.66916645,0.20385282,-4.254942,1.2886988,0.5324265,0.0014287233,0.7579247,-0.067768805,0.83514076,0.82492554,0.017327165,7.749348,-0.8169324,-0.30731404,7.191701,-1.6971567,-0.7149142,-2.5257142,-1.0309523,0.09290824,0.2234745,0.90313643,-0.2214957,0.8509682,0.5922013,0.5172448,0.60039437,0.65724015,0.7405867,0.769054,0.79974914,0.6611462,0.62096745,0.69932634,1.0,4.7679887,-8.2081995,-5.568454,9
10.414149659863945,0.0034351863,4102.482670034127,2463.6430998439228,6782.958984375,0.9364657998085022,0.0,0.010000000417925077,-577.11194,-2.580899,-0.98285747,10.151915,-0.021775309,0.76312846,-22.50299,-0.6756303,-0.14026229,39.315323,0.764644,-0.61175525,-1.8975571,0.7185953,0.10368725,-2.6328554,-0.54030585,0.11999415,-0.61480004,1.6405026,0.15302981,1.7986119,0.94858927,0.11847177,2.681191,0.8277838,-0.0870701,6.4559298,-0.82474613,-0.021451768,3.3752604,-2.1886666,-0.39336756,-3.5160062,-1.0667156,0.16401434,2.6895077,0.5173966,-0.84469384,0.84493,0.65207964,0.5716306,0.5880076,0.68553823,0.7270403,0.77270544,0.80859846,0.71899897,0.63786966,0.68124646,1.0,4.7573953,-8.296165,-5.563123,9
10.425759637188209,0.0032351317,4096.901606169823,2457.959014596222,6772.1923828125,0.7309812307357788,0.0,0.010000000417925077,-584.75946,-3.0071573,0.04519244,8.245532,0.40022394,1.0856006,-24.015324,-0.551178,-0.2998744,38.87158,0.38418546,-0.96711373,-3.0196857,0.744124,-0.17440565,-2.7526236,-0.37847874,0.028099861,2.7645583,1.7539053,-0.2413147,3.3794875,1.2560263,0.3574974,3.9057405,0.84860545,-0.14438458,4.5024343,-0.62703115,0.34340435,-0.6983305,-2.4053936,0.025221957,-4.1915617,-0.8935905,0.13439167,4.3125186,0.011337885,-0.9746483,0.88333106,0.76157796,0.6343706,0.61584115,0.721783,0.7551612,0.78851426,0.8226774,0.76261127,0.6575552,0.6815377,1.0,4.818785,-8.28043,-5.5730095,9
10.437369614512471,0.0029509023,4004.501291600509,2451.5881147501236,6653.759765625,0.7852922081947327,0.0,0.010000000101429398,-590.6834,-3.03108,0.8533358,11.423113,0.83865285,0.87055767,-26.38602,-0.5274428,-0.015846934,36.785652,-0.17015253,-0.73047787,-2.8538477,0.43551925,-0.25240636,-3.3326848,-0.3385869,-0.024080569,3.4680772,1.5351957,-0.5048134,2.3753114,1.4585183,0.27582493,3.823075,0.7638217,-0.15823627,2.7425013,-0.3638232,0.51952076,-3.215122,-2.0952084,0.6190075,-4.4985886,-0.60102797,0.18855445,3.1463513,-0.39554167,-0.55042213,0.94465923,0.8622358,0.6836043,0.6782683,0.7827298,0.79012567,0.8106271,0.8547064,0.7925561,0.68297327,0.71098137,1.0,4.916321,-8.459384,-5.556185,9
10.448979591836734,0.0028350216,3884.9408448278423,2453.3240336007857,6556.8603515625,0.9649207592010498,0.0,0.010000000101429396,-592.8304,-2.7042592,1.0194577,16.455667,1.2182081,0.13049124,-27.278095,-0.48529842,0.37979734,36.12408,-0.5779518,-0.049119808,-0.117390335,0.14944443,-0.20169064,-3.9371648,-0.3587836,-0.01711003,4.104069,1.1116393,-0.5055546,2.8496776,1.3909793,0.036986284,3.729412,0.46216854,-0.20855896,2.2878768,-0.21045686,0.372114,-4.813121,-1.1767343,1.1870188,-5.4291353,-0.32623732,0.29714108,-0.493497,-0.6946846,-0.04388867,0.97303516,0.8745549,0.67819077,0.7143614,0.81891304,0.7613337,0.7918079,0.85955864,0.76160026,0.6465402,0.7322881,1.0,4.933139,-8.468644,-5.514388,9
10.460589569160998,0.0028900048,3803.526768814128,2442.5635413338478,6524.560546875,0.9334754943847656,0.0,0.010000000101429396,-592.2627,-1.9841777,0.6875642,19.198982,1.3660755,-0.60120046,-28.446957,-0.3297471,0.4824493,34.208954,-0.5589307,0.48370364,0.42009866,0.05608625,-0.19682057,-4.448883,-0.41827384,-0.016396675,5.577411,0.56083965,-0.43168554,7.229259,1.1054113,-0.26089853,4.636056,-0.033960678,-0.41312465,3.9708023,-0.24990028,-0.067394726,-7.237487,-0.008916585,1.3760185,-6.85402,-0.08887097,0.3230209,-3.4903574,-0.8698794,0.29347488,0.9164314,0.78364956,0.6223896,0.66706294,0.7909109,0.7237497,0.7309933,0.79946226,0.6385632,0.56229824,0.73739475,1.0,4.844361,-8.446134,-5.521305,9
10.47219954648526,0.0029251631,3795.0433429206623,2465.9209490677754,6567.626953125,0.8080683946609497,0.0,0.010000000021701592,-592.0526,-1.0894969,0.39634922,20.18644,1.0267854,-0.88628453,-28.07284,-0.19581331,0.16456984,32.77137,-0.1581553,0.610593,-0.9069972,0.074582644,-0.16940211,-4.266304,-0.38675576,0.03509544,6.03288,0.003982345,-0.4618765,10.683966,0.7313048,-0.5981692,5.8095045,-0.52010924,-0.59107584,5.868642,-0.44918028,-0.52422684,-8.08376,0.9006256,1.0954615,-6.7219515,0.11595069,0.29330522,-3.446504,-0.7458814,0.4908995,0.8616371,0.6958812,0.57392544,0.6155842,0.80443776,0.7430081,0.70817536,0.74941605,0.5405871,0.5511248,0.77412885,1.0,4.868394,-8.444097,-5.4935455,9
10.483809523809525,0.0028844555,3823.0581293554824,2487.7123920027075,6632.2265625,0.8321393728256226,0.0,0.010000000417925077,-593.3816,-0.27592468,0.45183468,19.60105,0.3117533,-0.71539706,-26.345371,-0.26856738,-0.28162217,33.192184,0.29093787,0.51743525,-2.183845,0.038279824,0.031964686,-4.897401,-0.21680473,0.14566872,5.586253,-0.39614746,-0.5265223,10.610399,0.4136776,-0.80596304,5.9890904,-0.65815306,-0.4107553,5.9888325,-0.5762674,-0.56189525,-4.973034,1.4343412,0.57478195,-5.2420278,0.33086735,0.23997593,-1.4140708,-0.3269135,0.43566263,0.917622,0.7154583,0.584599,0.6370306,0.89216894,0.84284073,0.76788133,0.77626246,0.5815693,0.62787753,0.84600466,1.0,4.895886,-8.40305,-5.598349,9
10.495419501133787,0.002830413,3851.730249842215,2494.771672717633,6610.693359375,0.7889722585678101,0.0,0.010000000814014906,-596.3877,0.30129495,0.6933938,18.228085,-0.37831736,-0.41055986,-25.516544,-0.5585034,-0.5635166,35.0281,0.4971649,0.24954052,-2.2046933,-0.06682947,0.22809675,-5.294699,-0.06423584,0.18986455,5.6073627,-0.6015827,-0.29379204,9.391552,0.12940277,-0.48074028,4.131617,-0.42782333,0.15843473,3.952639,-0.52501905,-0.104865745,0.5002135,1.6749748,-0.04067206,-4.270705,0.52576673,0.09098091,-1.5804228,0.024103517,0.10105695,0.98179185,0.75016785,0.59879655,0.71046054,1.0,0.9544043,0.8611977,0.87590516,0.6588445,0.7295669,0.85994697,0.9559435,4.95664,-8.544392,-5.66152,9
10.50702947845805,0.0028663839,3841.238172615419,2470.3536575336248,6481.494140625,0.986152708530426,0.0,0.010000001546554296,-596.9988,0.6753306,0.78156114,18.134472,-0.6947542,-0.1389801,-26.14492,-0.83144784,-0.58129174,36.448883,0.48436776,-0.23949642,-1.8051074,-0.06824932,0.113571376,-6.135763,-0.095563315,0.04942775,4.124401,-0.66287655,0.067161776,7.7946167,-0.07616448,0.17934178,0.39934257,-0.0005726814,0.78193283,0.6014151,-0.3402007,0.52920955,4.0392194,1.6718992,-0.60489625,-4.0947895,0.64910054,-0.047478374,-2.9205146,0.09354059,-0.1671348,0.9368436,0.7066612,0.59196174,0.74826944,0.9926262,1.0,0.9342568,0.9825988,0.70304227,0.7397158,0.77421045,0.8587366,5.1111145,-8.5559635,-5.670761,9
10.518639455782314,0.003025685,3827.0309527249983,2437.924913641096,6406.1279296875,1.0291377305984497,0.0,0.010000001546554296,-594.307,0.9620534,0.5054759,17.627068,-0.5583111,0.21984582,-28.53952,-0.89570224,-0.10879305,37.55401,0.19426537,-0.6242359,-0.992864,-0.103465706,-0.17706576,-5.6607547,-0.33142495,-0.20352685,1.5781933,-0.72027344,0.15948184,6.1683583,-0.07626124,0.5034383,-1.86746,0.46775162,1.0473766,-1.9663439,-0.011928375,0.8960849,4.1475167,1.370545,-0.78066885,-3.7373638,0.62694407,-0.056910563,-2.3011618,-0.012468527,-0.120715015,0.9193935,0.68738407,0.588564,0.75089544,0.8968729,0.9527219,0.94891423,1.0,0.6847566,0.6689847,0.691132,0.7769827,5.0535493,-8.28678,-5.5034146,9
10.530249433106576,0.0032155546,3811.730474791631,2419.2954867421927,6384.5947265625,0.9785506129264832,0.0,0.010000000814014906,-590.263,1.107962,-0.07250382,16.242706,-0.10713436,0.5337668,-31.258554,-0.486165,0.72150964,38.393127,-0.15599187,-0.5876433,-0.18601811,-0.18799779,-0.3159536,-4.1915245,-0.49101818,-0.343754,0.25315672,-0.7875406,0.087183766,6.1318893,0.11734218,0.39688396,0.68626225,0.941778,0.8363477,-0.54715014,0.41419673,0.7838322,3.795171,0.8446007,-0.50853574,-2.7968338,0.48871237,-0.058396503,-1.1530446,-0.09951877,0.03650335,0.98114437,0.75791043,0.62683743,0.7726861,0.8476005,0.9658489,1.0,0.99360996,0.67851716,0.6482892,0.7337445,0.7829272,5.1146717,-8.261171,-5.497993,9
10.541859410430838,0.0033026896,3806.27973560168,2419.617942478527,6395.361328125,0.9582577347755432,0.0,0.010000002871100368,-587.77924,0.87057596,-0.7966062,14.644444,0.2460174,0.53470904,-33.36372,0.40097967,1.4033393,37.23793,-0.29454187,-0.15476266,-0.71699584,-0.25713485,-0.18935153,-4.0869055,-0.5158474,-0.22933401,1.6663262,-0.76279896,0.073011726,8.575496,0.25871167,0.083678365,5.5103264,1.3505085,0.24613798,3.065403,0.88729745,0.36994416,3.6683064,0.2969268,-0.16852134,-2.3646276,0.36897802,-0.11535417,-2.0809891,-0.038077816,0.02901324,0.9960217,0.84975266,0.65519005,0.74866134,0.7975893,0.9419969,1.0,0.96974605,0.665318,0.65330476,0.79286665,0.84968466,4.979392,-8.420579,-5.485578,9
10.553469387755102,0.0032318085,3799.1126209956774,2442.033232507338,6427.6611328125,0.8446084856987,0.0,0.010000002871100368,-587.41724,0.12069804,-1.2043403,14.763592,0.3595802,0.32388377,-33.73818,1.4397913,1.5324668,34.8926,-0.18197332,0.32105997,-2.048013,-0.27214572,0.03268405,-6.278306,-0.3903692,0.049005933,2.5830193,-0.52781826,0.07202455,10.713198,0.15696537,-0.3649346,9.003033,1.4142938,-0.5385819,5.717958,1.1975695,-0.14066191,3.7310233,-0.08635136,-0.12232307,-1.7414374,0.4043557,-0.05791827,-3.0617132,0.13748989,0.09453008,1.0,0.89914155,0.6679308,0.73041636,0.8363831,0.94805765,0.97129405,0.9112227,0.68724686,0.6945846,0.8589054,0.93330014,5.0212035,-8.53098,-5.524133,9
10.565079365079365,0.0030464919,3826.39773234548,2481.6235400289215,6556.8603515625,0.7387109398841858,0.0,0.010000000047726025,-588.08325,-0.8060425,-1.0748767,17.704628,0.55852145,0.1267015,-30.761772,2.2463098,0.97494364,32.81906,-0.038390286,0.53312755,-3.709478,-0.36950114,0.11767187,-9.291956,-0.3186158,0.32589078,0.41953313,-0.2727894,0.06909351,10.286658,-0.21471612,-0.7402343,9.804237,0.99345475,-1.0133867,6.6236315,1.2559409,-0.39378327,4.4233384,-0.18303989,-0.17428707,-1.2207613,0.6047445,0.17737515,-2.5893846,0.32777762,0.32374182,1.0,0.9041544,0.6920773,0.7532683,0.88989234,0.94592047,0.95465523,0.8567336,0.72401017,0.7392852,0.929794,0.98423547,5.038299,-8.544907,-5.6147227,9
10.576689342403627,0.002858869,3858.981269705031,2528.7934519358564,6664.5263671875,0.7257969975471497,0.0,0.010000000009505967,-589.4132,-1.6372914,-0.6952268,20.817722,0.81241703,-0.036566492,-24.701246,2.6001616,0.06358503,33.366245,0.09087079,0.43656105,-3.8227377,-0.5321975,0.019639915,-9.586922,-0.33250767,0.37663463,-1.5873262,-0.23051459,0.09132633,9.638127,-0.8048327,-0.8071359,9.715004,0.29500708,-0.8552318,6.382331,1.1209575,-0.19225517,5.0275335,-0.023304245,0.02187625,-1.7186602,0.7754987,0.31706482,-2.134575,0.46216244,0.3358246,1.0,0.8615173,0.72633594,0.745074,0.8932503,0.928923,0.9458852,0.8136836,0.7381172,0.73035336,0.9111441,0.9580748,5.0482364,-8.520243,-5.5461946,9
10.588299319727891,0.0027370004,3928.6609483874745,2572.700551095755,6826.025390625,0.7705305218696594,0.0,0.01000000000061386,-592.84155,-2.2596781,-0.4088436,20.236906,0.8924259,-0.19335735,-18.853573,2.5235398,-0.7409405,36.164555,0.20277666,0.04099953,-2.7246878,-0.5950399,-0.13035296,-8.106745,-0.26137906,0.17854582,-1.5539621,-0.31932366,0.1761097,8.685117,-1.4064273,-0.53356856,9.487457,-0.19881903,-0.2992526,7.0651493,0.9988511,0.13159303,4.091006,0.24965185,0.29407907,-2.040282,0.7853441,0.1635602,-2.1197662,0.448659,-0.03494817,1.0,0.76932704,0.7090813,0.7235763,0.8370061,0.85076684,0.85479033,0.75561774,0.70776236,0.70058805,0.8210141,0.9206176,5.045865,-8.335627,-5.559869,9
10.599909297052154,0.002667857,3982.908719146604,2586.8372120830827,6901.3916015625,0.7788992524147034,0.0,0.010000000000221913,-596.6363,-2.7315724,-0.29250202,18.518242,0.6682268,-0.25083742,-15.741652,2.1515784,-1.0462238,38.37953,0.25844714,-0.33813438,-2.021945,-0.3758224,-0.01881646,-6.1578474,0.025200987,-0.006851574,-0.21181685,-0.16960455,0.23928615,6.080619,-1.6779253,-0.11415658,7.509712,-0.2869528,0.21894853,7.4370403,1.0890635,0.32729888,1.981393,0.44947675,0.40191737,-0.12731874,0.66561264,-0.08595549,-0.37634897,0.17783922,-0.45233116,0.99960333,0.69689053,0.6806413,0.72536397,0.86243314,0.8101103,0.7649993,0.72341025,0.6942732,0.71094024,0.81119365,1.0,4.978278,-8.416558,-5.539001,9
10.611519274376418,0.002622675,3952.805914951023,2563.9972017924565,6890.625,0.8195094466209412,0.0,0.010000000001606035,-598.5875,-3.1249897,-0.2647026,19.988474,0.22466825,-0.21860333,-15.996859,1.5529314,-0.8157507,37.906628,0.20327677,-0.45438907,-3.710909,0.12292856,0.3686312,-6.1281757,0.5086334,0.12094111,0.48781312,0.3756474,0.33496833,3.2000265,-1.4913305,0.32125416,5.7502155,-0.14637424,0.41558307,8.71866,1.2445589,0.2476208,2.2267747,0.489185,0.29132628,3.1638005,0.5326515,-0.29665345,1.8205848,-0.16985463,-0.5808443,0.84599394,0.59385496,0.58082134,0.6339881,0.774887,0.7236114,0.6326317,0.6106895,0.6382385,0.670324,0.75380194,1.0,4.773465,-8.171396,-5.6137815,9
10.62312925170068,0.0025695963,3907.665161614037,2535.483903144617,6804.4921875,0.7235031723976135,0.0,0.010000000009505967,-600.91705,-3.2404735,-0.111428395,21.910545,-0.1678964,-0.2722815,-17.256592,0.9166047,-0.31442595,36.674828,-0.016861852,-0.25777924,-6.182777,0.5631414,0.71011674,-8.004719,1.0055816,0.55534005,-0.42988545,1.1546099,0.6836911,0.8076756,-0.96414316,0.804147,5.757307,-0.019157274,0.34140164,11.057348,1.1817071,-0.12076842,5.4846544,0.38593608,-0.051253628,4.0871463,0.29253805,-0.5385474,1.3931248,-0.4127324,-0.46650246,0.7309866,0.53821933,0.5163747,0.5633908,0.67794496,0.6830257,0.60547864,0.5942403,0.61377317,0.640982,0.73190105,1.0,4.6835814,-8.14222,-5.642159,9
10.634739229024943,0.0024715827,3889.101939273899,2538.827463557756,6718.359375,0.6379528641700745,0.0,0.010000000047726025,-604.49164,-2.5143535,0.5743154,22.103565,-0.1362936,-0.24879515,-17.49417,0.5624513,0.124507494,35.145805,-0.337876,-0.020622386,-6.991004,0.56618255,0.4854104,-9.15194,1.2144086,0.65412724,-1.2418674,1.6341659,0.7804205,-0.65907776,-0.4706422,0.85351133,7.540669,-0.030808466,0.02456089,12.732435,0.85764176,-0.48641527,7.957678,0.25007305,-0.46113527,2.4539804,-0.12456709,-0.6373461,-1.3367739,-0.48912305,-0.12831263,0.70140344,0.56097937,0.5417918,0.54326856,0.6060904,0.66536856,0.63916445,0.60603213,0.5955027,0.65502316,0.78783584,1.0,4.6160984,-8.205157,-5.6811976,9
10.646349206349207,0.002332003,3962.8713647186582,2602.5378663456404,7030.5908203125,0.6600897908210754,0.0,0.010000000814014906,-608.8961,-1.1504822,1.5527856,21.003487,0.028483741,-0.03947786,-15.851709,0.5077088,0.22623648,34.93444,-0.670183,-0.063979216,-3.7976296,0.16764158,-0.26682368,-7.2910466,1.1353413,0.28105345,0.19583715,1.5823061,0.30968168,-0.45988226,-0.19086608,0.38227487,9.309576,-0.09331938,-0.36918682,14.721421,0.48006517,-0.67398065,8.059917,0.054235704,-0.67775273,1.2827716,-0.65614706,-0.46088108,-4.0825205,-0.5139612,0.31008792,0.7565267,0.6042444,0.60171545,0.5866421,0.5809923,0.6590312,0.6849046,0.6189498,0.5927455,0.6942284,0.8547971,1.0,4.462745,-8.238251,-5.907599,9
10.65795918367347,0.0022378352,4024.47411910743,2652.0065562677905,7235.15625,0.6446915864944458,0.0,0.010000001546554296,-613.4507,0.37156677,2.2391849,19.153923,-0.0151882805,0.22857516,-14.40592,0.57225263,0.0025142652,35.627617,-0.94300133,-0.33483076,1.2889855,-0.15302303,-0.8911897,-2.4000459,1.0892936,-0.24444361,4.615341,1.1121137,-0.5667983,1.4805403,-0.06266393,-0.11963557,9.32419,-0.19341859,-0.47364822,15.298977,0.087168045,-0.57029974,6.6776743,-0.31041884,-0.5087902,1.2171894,-0.9915469,-0.09643485,-4.5101094,-0.35492635,0.6072705,0.82404983,0.61109215,0.6363736,0.6251793,0.5941813,0.6187665,0.73556125,0.65315443,0.57871175,0.6998667,0.8761524,1.0,4.506879,-8.258049,-5.7993417,9
10.669569160997732,0.0022900251,4075.017957967667,2664.9702625884934,7288.9892578125,0.7752947211265564,0.0,0.010000000101429396,-614.9575,2.2664633,2.5543656,17.340118,-0.21994852,0.16611391,-13.858559,0.36884955,-0.41611385,35.928772,-1.2941854,-0.59705526,3.3219948,-0.26096767,-0.8979541,2.5393198,1.1234791,-0.58158934,11.333439,0.45721826,-1.3377744,4.814439,0.07576396,-0.30116537,8.20255,-0.34241784,-0.25585008,13.286933,-0.33199114,-0.35283586,4.4045854,-0.6445273,-0.058425993,-0.30128336,-0.8555427,0.24740578,-3.890378,0.036389977,0.5533844,0.84242654,0.5734094,0.57070345,0.5928783,0.5887804,0.5650697,0.7247601,0.64276296,0.5316601,0.64269114,0.823289,1.0,4.6330075,-8.300669,-5.6713705,9
10.681179138321996,0.0024669163,4069.8651270367773,2644.6134384868847,7170.556640625,0.9093679785728455,0.0,0.010000000021701592,-607.3896,4.450814,2.4456944,19.720135,-0.7253449,-0.42304727,-12.975813,-0.18672352,-0.76398915,34.509087,-1.7474852,-0.72196513,-1.336138,-0.2903772,-0.30969235,1.5440266,0.96469957,-0.62399215,12.07939,-0.1864531,-1.4493532,3.7517514,0.24362338,-0.1418692,5.8306475,-0.47655898,0.09243497,11.33618,-0.65810204,-0.1492341,3.1554418,-0.69391876,0.2960411,-2.1039157,-0.5659356,0.35108438,-2.2868319,0.36033866,0.17210689,0.8725388,0.60819817,0.50571805,0.5858125,0.5917925,0.55898184,0.6856048,0.610608,0.54182297,0.6478046,0.7344849,1.0,4.624574,-8.359504,-5.634403,9
10.692789115646258,0.0026193587,4032.3533355487466,2618.84312113632,7052.1240234375,0.9194381237030029,0.0,0.010000000001606035,-598.032,6.336958,1.6872953,22.169376,-1.4709638,-1.1137427,-12.862883,-0.74962,-0.70855606,31.127518,-2.2165585,-0.5376267,-8.110783,-0.26662275,0.60062665,-1.8418723,0.49392802,-0.41002175,7.483129,-0.7208781,-0.8033982,0.2655479,0.3136289,0.1543337,4.381096,-0.50343883,0.30264848,10.91845,-0.8805916,0.03082845,2.9584637,-0.61074483,0.28599975,-3.515325,-0.43303704,0.29224595,-1.5701191,0.4555897,-0.19438368,0.89802533,0.6658165,0.48291138,0.59885746,0.5927361,0.5493437,0.6310102,0.6182186,0.59814817,0.68255293,0.6855991,1.0,4.489923,-8.3377285,-5.7257085,9
10.704399092970522,0.0026480323,4032.533636602216,2615.627870555173,7030.5908203125,0.8028658032417297,0.0,0.010000000000221913,-592.2135,7.1294494,0.18411691,21.674084,-2.287874,-1.4605458,-13.4658165,-0.98067075,-0.3101281,27.991867,-2.5375075,-0.15196657,-9.167589,-0.026241947,1.2406093,-2.2164812,-0.17350563,-0.17494509,1.7897288,-1.050674,0.23805846,-0.8573315,0.28372115,0.3946808,5.012862,-0.43149126,0.23615715,11.187104,-0.87517637,0.099123694,2.780086,-0.5607086,0.031517684,-3.3325877,-0.35977194,0.1917834,-0.85388416,0.3794941,-0.26812896,0.9536243,0.7478352,0.5554367,0.68516386,0.6655248,0.6044866,0.62934977,0.7195864,0.7089706,0.77814573,0.7055893,1.0,4.578827,-8.431513,-5.6979504,9
10.716009070294785,0.002747267,4112.512244791242,2623.335101500363,7116.7236328125,1.0369269847869873,0.0,0.010000000000221913,-583.07605,6.143748,-1.7300053,18.208931,-3.0927832,-1.2524021,-16.597054,-0.8883825,0.21170892,24.810595,-2.4703612,0.33492002,-5.6519957,0.6555514,1.2351372,-0.06473154,-0.61357206,-0.075905986,-1.3549669,-0.8956293,1.2041309,1.1623075,0.3138608,0.45318702,5.8545203,-0.3494932,0.012205278,10.128664,-0.6817373,0.06767668,3.1312232,-0.67426336,-0.3191278,-1.1767435,-0.2708214,-0.04107087,-0.23521289,0.25806695,-0.17758988,1.0,0.8996503,0.7333331,0.7653628,0.7486436,0.7246796,0.71387666,0.8414579,0.80049133,0.90169233,0.79079753,0.9573044,4.6168246,-8.567835,-5.9301815,9
10.727619047619047,0.0031070826,4267.815827476545,2635.943765551971,7385.888671875,1.262858271598816,0.0,0.0100000000000754,-571.94446,3.6703155,-3.1206782,10.851913,-3.495076,-0.16975719,-20.454985,-0.59667647,0.68470156,21.544601,-1.9371053,0.7684962,-1.8694057,1.4837971,0.4954237,0.9023329,-0.61400235,-0.24840653,-0.50017726,-0.11744425,1.3591034,4.0847893,0.48804882,0.042532753,6.0946035,-0.3568659,-0.27044392,8.953529,-0.53254014,0.07772543,3.5557418,-0.8973783,-0.44603053,-1.1120181,-0.22322124,-0.20465712,-1.2253519,0.1522478,-0.01423516,0.9781924,1.0,0.8729756,0.7683766,0.76082736,0.7992316,0.7794199,0.9036908,0.83923274,0.90855116,0.78290683,0.8567248,4.8461595,-8.31678,-6.6746936,9
10.739229024943311,0.0034385524,4414.065951300662,2682.4330883975967,7730.419921875,1.1738723516464233,0.0,0.010000000000023851,-564.7062,0.89943236,-3.7204366,4.2426434,-2.785018,1.4029379,-21.067463,-0.09181522,0.92580444,19.436718,-1.1645861,0.95971805,1.0166807,1.7170242,-0.49972385,-0.11675775,-0.56202596,-0.34173512,2.1359224,0.6435183,0.6867933,5.269701,0.4269343,-0.53530234,5.558645,-0.57969356,-0.42062086,7.8880363,-0.46661645,0.16006877,1.9707141,-0.8797189,-0.12165962,-2.7209802,-0.1613695,-0.13023388,-1.8980622,0.13117962,0.07704764,0.9625033,1.0,0.9074262,0.77443486,0.7575085,0.80972093,0.7883983,0.9185035,0.8590976,0.862701,0.75454664,0.86326003,4.755453,-8.005021,-6.808514,7
10.750839002267574,0.0034314622,4589.745407483274,2756.1879615349885,8074.951171875,0.8553191423416138,0.0,0.010000000000001869,-565.659,-1.8141673,-3.6367335,0.08314121,-1.2805592,2.4488747,-19.036175,0.61092526,0.92461455,17.995518,-0.54653984,0.81298673,2.276279,1.0854311,-1.0800897,-3.1340106,-0.6268795,-0.060063496,4.252677,0.9890394,-0.17760982,5.004202,0.15144576,-0.6366077,4.334416,-0.8771636,-0.31140992,7.6092753,-0.4170104,0.18085,-0.15089071,-0.638178,0.3388505,-3.4452114,-0.086392604,0.16402069,-1.1764011,0.10959105,0.09508206,1.0,0.98773396,0.9047683,0.8368564,0.7671317,0.8121997,0.80323756,0.9109553,0.88065606,0.8805898,0.79371405,0.92863154,4.6357694,-7.9638057,-6.973307,7
10.762448979591836,0.003139522,4710.117062458463,2805.918086746618,8279.5166015625,0.7136461138725281,0.0,0.010000000000023851,-575.8294,-4.2817993,-2.4165723,-2.654974,0.38147694,2.4277303,-16.789442,1.5479311,0.7565231,18.715748,-0.28434137,0.26865298,4.057675,0.11483593,-1.1427425,-4.7979937,-0.59786505,0.38506916,7.015114,0.8859817,-0.66703063,4.845406,0.107690446,-0.06282798,3.223116,-0.8636474,0.07464032,7.929652,-0.25305972,0.13371943,-2.9296546,-0.23846659,0.75696766,-4.3099475,0.22397827,0.62767905,-0.59535825,0.1693608,0.09233483,1.0,0.9256495,0.83584666,0.8801775,0.7539328,0.7948604,0.81064534,0.83650446,0.8318314,0.8816539,0.91032565,0.9771086,4.547757,-7.8230343,-6.9433475,7
10.7740589569161,0.0028171625,4633.3784885743125,2797.4272854995306,8214.9169921875,0.6872318983078003,0.0,0.010000000000023851,-586.8565,-5.812385,-0.4904665,0.19930089,1.8706812,1.5365434,-15.0782585,2.294216,0.46315107,21.102978,-0.35975903,-0.3842,4.405372,-0.621784,-0.81999236,-4.977146,-0.37130672,0.55999625,8.564541,0.4093739,-0.7428579,3.6799753,0.4564495,0.67712736,1.759336,-0.37190774,0.64790064,7.9387474,-0.048807796,0.12461301,-4.1335287,0.18510689,0.83605266,-4.4138966,0.5512687,0.57421744,-0.15721458,0.20827207,-0.06998503,0.9563026,0.88404596,0.76604205,0.85060334,0.7070497,0.7729084,0.79866534,0.77605504,0.7637869,0.88693887,1.0,0.89996475,4.418369,-8.00664,-6.834408,7
10.785668934240363,0.002551745,4411.697550906685,2765.975319587321,7934.9853515625,0.655177116394043,0.0,0.0100000000000754,-593.7529,-5.9420176,1.2317321,9.62434,2.8295012,0.43252483,-13.289288,2.4228137,0.07916175,22.760088,-0.64104605,-0.75515777,1.5736037,-0.7064809,-0.03615417,-4.826046,0.049462464,0.4958825,6.681541,-0.2491738,-0.67200565,1.1951799,0.8870789,0.8903729,-0.118414044,0.42552978,1.0920938,7.7910404,0.21029116,0.20345321,-1.0950118,0.51814336,0.4346494,-2.9749856,0.3980056,-0.121605575,0.042907834,-0.015171427,-0.312043,0.85160244,0.833753,0.6838957,0.7493857,0.67106986,0.78315496,0.73563635,0.71811837,0.68875825,0.84709865,1.0,0.7644089,4.5348644,-8.151631,-6.740306,7
10.797278911564625,0.002316852,4283.533450127573,2760.3409333355035,7687.353515625,0.6079519987106323,0.0,0.010000000000006925,-601.1815,-4.8092237,2.0781894,15.954849,3.0460825,-0.62406325,-10.54063,2.0794876,-0.35128784,21.732704,-1.0282769,-0.7828373,-2.202959,-0.26784676,0.79379565,-3.9386396,0.6481156,0.41675657,4.8457823,-0.8102384,-0.47958732,1.6981813,0.99621105,0.42914036,-0.91337514,1.1626529,1.0807544,7.1821527,0.3499513,0.21481994,1.4468195,0.5593603,-0.21463394,-1.2316141,-0.16356449,-0.8372508,-0.27835354,-0.4705933,-0.50153714,0.80209965,0.81771874,0.6705348,0.6826413,0.71198523,0.88536686,0.73710924,0.7067719,0.6547283,0.82709914,1.0,0.779261,4.703731,-8.174762,-7.2512865,7
10.80888888888889,0.0021523882,4321.95596984891,2797.8078096427516,7751.953125,0.5847285985946655,0.0,0.01000000000000011,-605.5525,-2.9432292,2.058525,17.383995,2.375399,-1.5375775,-5.6924195,1.6698873,-0.63924164,17.965847,-1.3283024,-0.31826377,-4.4900265,0.38455823,1.3434988,-2.5865495,1.3214071,0.57494175,4.574513,-1.1523318,-0.11835067,6.9359374,0.74234724,-0.32727674,1.6380931,1.607311,0.61950076,7.6274304,0.4045007,0.151702,3.6644385,0.3613698,-0.7575654,2.6418016,-0.7971668,-1.1957849,0.36966872,-0.9507468,-0.59391195,0.7879785,0.85220903,0.70068526,0.6936656,0.81371653,1.0,0.79794204,0.7179219,0.67002875,0.82118034,0.96922183,0.85384166,4.542418,-8.550855,-7.744716,7
10.820498866213152,0.002064021,4391.263312661371,2846.6706426557434,7848.8525390625,0.5866627097129822,0.0,0.01000000000000044,-606.25336,-1.0519602,1.8290398,18.050434,1.0020919,-1.7341433,-2.6958382,1.3454632,-0.6750584,14.371691,-1.3583581,0.37182462,-4.205498,1.0567023,1.2045478,-2.4055963,1.7551401,0.5462391,3.598329,-1.2871772,0.05887205,12.247421,0.24519143,-1.0958823,6.915679,1.6039118,-0.22458948,8.665081,0.36765864,-0.041710068,3.804536,-0.008466794,-0.8071758,1.6943866,-1.2834495,-0.9414323,-0.4106593,-1.2220969,-0.39704612,0.8169252,0.95828927,0.7395176,0.73849565,0.86314946,1.0,0.8087241,0.74685335,0.6908292,0.7900362,0.8918916,0.9150522,4.4394646,-8.495191,-7.787671,7
10.832108843537416,0.002033604,4380.902610325258,2888.995070329302,7924.21875,0.688338577747345,0.0,0.010000000000000439,-604.9479,0.6079244,1.6171125,19.25132,-0.44997144,-1.2083888,-3.6634276,1.105062,-0.43029135,12.756416,-1.1508594,0.7470815,1.2067333,1.3047129,0.19418372,-1.2864802,1.7408779,0.099682294,1.0390663,-1.4297433,-0.16099477,12.593653,-0.35111082,-1.4361575,11.466333,1.2480341,-0.9995552,10.590809,0.13305849,-0.36110863,2.0841606,-0.39664984,-0.32878852,-4.87704,-1.5253792,-0.20483832,-3.1521688,-1.1575487,0.06884678,0.91454667,1.0,0.76255906,0.7493735,0.793308,0.8380946,0.76747864,0.74996,0.6745004,0.75787807,0.8278573,0.9726107,4.1469145,-7.9882483,-7.781272,7
10.843718820861678,0.0020752868,4386.886422643267,2908.5969647928614,8042.6513671875,0.7391144633293152,0.0,0.01000000000000011,-603.3102,2.0823507,1.1903969,18.479177,-1.4283668,-0.771379,-5.7788,1.0765928,0.14584514,11.605066,-0.74937546,0.6635972,6.2181263,0.8254634,-1.1415207,2.1084392,1.5316927,-0.31351677,-0.40900105,-1.8026928,-0.4319944,8.417271,-0.8815095,-0.86320376,12.574497,0.6756935,-1.244157,10.540413,-0.38059455,-0.7536907,-0.6797422,-0.3788756,0.30934963,-9.931698,-1.4531341,0.6361396,-6.2726607,-0.87867224,0.52499086,1.0,0.9606301,0.75843954,0.7623249,0.7030229,0.63558185,0.6999319,0.7427017,0.63657194,0.7137081,0.7931408,0.98085797,4.1960235,-7.7514105,-7.4980555,7
10.85532879818594,0.0022085046,4476.028006375616,2891.4856674324833,8053.41796875,0.7731878757476807,0.0,0.01,-600.77216,2.8230317,0.5502252,13.928719,-1.9974469,-0.5067973,-5.489855,1.2937416,0.7885348,12.756735,-0.29857865,0.30627918,9.150553,-0.18417704,-1.9767051,7.5558805,1.3933927,-0.45668784,-0.40660584,-2.0739179,-0.34488964,4.091097,-1.0783938,0.35143316,11.471773,-0.008186515,-0.8630904,10.275297,-1.1130054,-0.9485361,-2.2784631,0.012310672,0.86193764,-11.909572,-0.94609594,1.3966008,-8.63936,-0.43492106,0.8920009,1.0,0.90528786,0.7197041,0.7526797,0.6935943,0.5470444,0.64515054,0.7311366,0.63897574,0.7257844,0.7929144,0.9618636,4.1914597,-7.663611,-7.0051293,7
10.866938775510205,0.0023415927,4576.271621705461,2861.8708154904793,8096.484375,0.7426725625991821,0.0,0.010000000000001869,-596.4583,2.6183197,-0.35730654,10.2734,-2.2741516,-0.07892334,-3.6340485,1.6874077,0.86958045,14.596296,-0.04596386,-0.040074226,8.938461,-1.2928815,-1.8160152,8.714952,1.3854021,-0.38790545,-1.9157544,-1.9586325,0.0019615742,0.41193545,-0.8165658,1.2289152,7.9243765,-0.5613571,-0.16705927,9.17046,-1.7989361,-0.8113514,-1.9145918,0.62982047,0.9858928,-10.734947,0.14652476,1.4961777,-8.099355,0.25285286,0.9726367,0.9963845,0.9265964,0.7441917,0.78548604,0.76924604,0.6062998,0.68624556,0.76299745,0.6901938,0.81641245,0.8653887,1.0,4.1796994,-7.8275676,-7.0388427,7
10.878548752834467,0.0024394735,4670.007322768374,2858.857483391751,8193.3837890625,0.8448547124862671,0.0,0.010000000000006925,-591.3024,1.5344716,-1.464886,8.756308,-2.0324996,0.59687585,-1.2238357,1.912709,0.21769774,14.145716,-0.15317518,-0.33037236,3.3620362,-2.1065521,-0.68231153,5.5972033,1.2904326,-0.13936155,-6.201063,-1.4467667,0.5036052,-0.7268399,-0.26130536,1.169224,5.6422386,-0.7564728,0.3759499,6.502921,-2.2640135,-0.3903736,-0.43118042,1.1544123,0.6104428,-8.545965,1.3260901,0.9549777,-5.484557,1.051397,0.77248186,0.9338006,0.90174544,0.8117031,0.89473355,0.84997284,0.685794,0.71934843,0.771933,0.7303322,0.868135,0.9049838,1.0,4.1016145,-7.960975,-6.876217,7
10.89015873015873,0.0026609742,4783.465733061878,2790.014721758145,8096.484375,1.1028724908828735,0.0,0.010000000000006925,-586.57526,-0.13686727,-2.3887076,6.219281,-1.0506741,1.272792,3.1825356,1.6374093,-0.6886547,13.244788,-0.59264463,-0.6164894,-4.2679896,-2.268316,0.5760448,5.1280723,0.8002557,-0.071335346,-10.994467,-0.68337697,1.1273245,2.266004,0.22723204,0.4288471,5.7132096,-0.64536333,0.4702849,2.1428049,-2.2383957,0.17344946,2.7856195,1.365827,-0.04342198,-6.665001,1.9415982,0.2701411,-3.851622,1.7036631,0.4281639,0.7904754,0.7561185,0.7962228,1.0,0.94311094,0.7246396,0.7317071,0.75116634,0.7089353,0.78819144,0.8337526,0.898839,4.0464196,-8.111225,-7.0111523,7
10.901768707482994,0.0029072906,4865.320842627646,2706.9412997759036,7934.9853515625,0.9932736754417419,0.0,0.010000000000006925,-586.5013,-1.8302226,-2.4440587,3.5946064,0.19891386,1.4461569,7.5489407,0.9431021,-1.2301157,12.889887,-1.1662141,-0.6019569,-8.963549,-1.8608273,1.3901737,7.5706186,0.13367972,-0.22241892,-11.592905,0.13274686,1.4346739,6.907673,0.51630706,-0.2483699,6.491725,-0.44108835,0.23390226,-1.7895114,-1.8076397,0.7978449,6.179669,1.201483,-0.58318985,-3.2448215,1.9797976,-0.28739256,-1.9505571,2.0300276,0.06947076,0.65730274,0.63304216,0.71324575,1.0,0.9713813,0.7392323,0.73114824,0.71574986,0.64496076,0.6590035,0.71476644,0.7880809,3.9187882,-8.375043,-7.3418365,7
10.913378684807256,0.0028609096,4875.907204709483,2691.784145876647,7924.21875,0.6016488671302795,0.0,0.010000000000001869,-591.5484,-3.0674875,-1.4651427,3.1037464,0.9646113,1.0527469,8.65883,0.16425636,-1.247716,12.415024,-1.4839537,-0.29994988,-9.280823,-1.0127095,1.5174417,10.712463,-0.22768089,-0.5846171,-9.565832,0.8116349,1.004061,8.543536,0.62825096,-0.5659889,7.1143064,-0.26150927,-0.134209,-3.8918233,-1.1871315,1.0727388,7.98571,0.7122215,-0.86371744,0.1938442,1.622578,-0.6062928,0.4817047,1.878278,-0.24313815,0.6314507,0.6468582,0.699176,0.9754071,1.0,0.81295615,0.7659508,0.70513326,0.6145726,0.6375563,0.6913646,0.75543934,4.0083547,-8.428095,-7.4925923,7
10.924988662131518,0.0024663617,4799.466252986416,2777.347190288318,8096.484375,0.4692228138446808,0.0,0.010000000000023851,-600.35834,-3.7566376,-0.096517324,6.4759846,1.1733449,0.28341162,5.975442,-0.44608176,-0.7632959,10.122622,-1.3920535,0.08105872,-6.4086723,0.21005248,1.117668,12.506342,-0.3943661,-0.8137566,-5.931984,1.342714,0.18839444,6.707568,0.42481628,-0.5087468,7.2572002,-0.32766873,-0.33506212,-4.755899,-0.5931289,0.83227664,7.4971366,0.021498505,-0.9007652,2.0702937,1.1756945,-0.6860202,3.1466765,1.3865693,-0.5492234,0.6852352,0.75151074,0.76813465,0.9529441,1.0,0.90491486,0.81868356,0.7206196,0.6398498,0.6660439,0.7525309,0.7864507,4.041716,-8.53095,-7.5713577,7
10.936598639455783,0.0020466594,4677.012298440077,2925.6661160489994,8419.482421875,0.5069773197174072,0.0,0.0100000000000754,-609.3288,-3.875415,1.0007044,13.183868,1.086942,-0.60543275,1.8437337,-0.8851262,-0.023433607,6.0955753,-1.1320354,0.44618812,-3.9461575,1.318592,0.5694464,8.90732,-0.6876202,-0.5385943,-1.3426228,1.4913827,-0.54802275,3.8889692,-0.04654569,-0.1978331,6.24764,-0.44134107,-0.19058429,-3.1578767,-0.08527572,0.33677062,5.8730984,-0.67819136,-0.6345108,1.917695,0.7458729,-0.57581365,5.268729,0.772672,-0.8511324,0.7737516,0.8632474,0.8912574,0.90531635,0.9229249,1.0,0.83146113,0.73757356,0.73374563,0.7105588,0.83698076,0.8464694,4.194952,-8.544343,-7.685491,7
10.948208616780045,0.0018937164,4648.142696662404,2980.3018808779066,8451.7822265625,0.5873971581459045,0.0,0.010000000000221913,-612.8014,-3.386782,1.3527174,16.64862,0.89707726,-1.0288339,-0.4203723,-0.9699404,0.57748705,3.858053,-0.74664545,0.7436155,-2.9598305,1.8561383,0.1365503,4.5661335,-1.0124184,-0.0088073425,0.6630501,1.1262901,-0.8416174,3.9413402,-0.32235,0.18970676,4.955245,-0.2580039,0.25986838,-0.45497948,0.33943605,0.029370163,4.638834,-1.0459249,-0.14531444,1.2750692,0.3281869,-0.2713532,6.386042,0.13446397,-0.88004625,0.82955736,0.84108967,0.9018666,0.87082475,0.8656157,1.0,0.79509926,0.74795604,0.79663974,0.7347191,0.82516676,0.85649085,4.3931866,-8.716902,-7.5625176,7
10.95981859410431,0.001900695,4685.71548784872,2971.382160158814,8419.482421875,0.6450567841529846,0.0,0.01,-611.5054,-2.344049,1.1939399,14.620697,0.65104204,-0.7566538,-0.71002483,-0.5172363,0.8520932,4.319161,-0.08107808,0.95595074,-2.3104165,1.6442131,-0.2808288,2.9494867,-1.0774771,0.50123376,-1.1304681,0.43920234,-0.84529877,5.573108,-0.11309137,0.38985774,4.0583987,0.17572245,0.6879238,-0.02614978,0.5184228,-0.118419565,3.0931137,-0.95120776,0.3440245,0.6178207,0.007200406,-0.03905186,5.337382,-0.38257352,-0.59070855,0.898805,0.8352853,0.9519028,0.94699454,0.94136226,1.0,0.8443718,0.8264436,0.88127595,0.82470757,0.8340439,0.87384677,4.5057783,-8.486908,-7.239382,7
10.971428571428572,0.0019438476,4809.634830596218,2975.238825262927,8419.482421875,0.6174603700637817,0.0,0.01,-611.35925,-1.1742482,0.72347254,11.008381,0.27237815,-0.09887161,0.69278884,0.3818668,0.8873448,6.0549135,0.8142336,0.9234878,0.709118,0.8840164,-0.7330946,3.2691793,-0.8118533,0.6744918,-1.6421324,-0.40969428,-0.70400774,5.8118844,0.24049592,0.24710788,2.9532223,0.60646206,0.7530127,-1.6180494,0.43327856,-0.18964699,0.95924693,-0.5475503,0.6163953,0.93642735,-0.10767583,0.05161476,3.057173,-0.6870288,-0.13087732,0.935361,0.8209104,0.9971177,1.0,0.9755619,0.9301253,0.8386651,0.8219709,0.88170046,0.85857874,0.7961654,0.85264856,4.555508,-8.178374,-7.179801,7
10.983038548752834,0.0019488056,4905.792419952352,2977.155842130493,8473.3154296875,0.5805155038833618,0.0,0.01,-612.97375,-0.5334513,0.11647278,8.661446,-0.025085099,0.5252517,1.331138,1.3389294,0.7930524,7.0045605,1.5968924,0.6008349,3.9089768,0.15043202,-0.9951265,3.906389,-0.27769983,0.39472005,-1.9532468,-1.0531968,-0.38421252,4.566431,0.31959844,-0.08631798,3.8504133,0.8271183,0.356098,-2.272994,0.10125048,-0.17575034,-0.31106067,-0.05902888,0.6686633,1.3739737,-0.016517673,0.06643731,0.74498034,-0.66596,0.35374826,0.9109307,0.839804,0.9732541,1.0,0.95766336,0.86481285,0.7870275,0.74602437,0.79830146,0.8142725,0.7705413,0.8622346,4.378412,-7.871424,-7.260651,7
10.994648526077098,0.0019016574,4867.689511174694,2986.1582305577463,8505.615234375,0.5481884479522705,0.0,0.01,-615.1894,-0.53769124,-0.1468387,10.257086,0.20527008,0.7343866,1.7753696,1.5897979,0.25991738,8.22601,1.7221993,0.009401806,5.0183473,-0.1254436,-0.713896,3.5969384,0.2720586,0.23795108,-2.605958,-1.1785463,-0.048510652,5.082059,0.11755684,-0.21669179,7.7688856,0.7726836,-0.22576588,-0.26394892,-0.21591787,-0.14538606,0.6773146,0.28319016,0.47761887,1.6847867,-0.0052740383,-0.041086163,-0.10346568,-0.3090048,0.7032928,0.88119626,0.9238034,0.9964123,1.0,0.9562516,0.9007368,0.78844154,0.72203153,0.7578744,0.8132725,0.8225939,0.9213472,4.2645245,-7.9770765,-7.379252,7
11.00625850340136,0.0019069525,4704.0334679365105,2963.61266604769,8354.8828125,0.6408067941665649,0.0,0.01,-614.1239,-0.6893046,-0.034502566,13.704823,0.72208005,0.41932,4.028347,0.8827747,-0.74646854,11.617603,1.1413873,-0.71028864,1.9673041,0.086465806,0.10634335,4.057064,0.655409,0.30746287,-4.5907087,-0.960653,0.1727376,7.2599306,0.08236016,-0.038168952,11.065498,0.3964455,-0.7956375,0.36388204,-0.21557158,-0.109344184,2.8444366,0.28906366,-0.0713446,0.94750166,-0.23142026,-0.27699646,0.27480024,0.27395263,0.7549105,0.84902817,0.9491695,1.0,0.9812455,0.99000466,0.911338,0.7845035,0.7356879,0.71446705,0.8338305,0.8317091,0.91146916,4.1131744,-8.22503,-7.631658,7
11.017868480725623,0.0019875863,4661.533938395476,2901.7873733940996,8257.9833984375,0.6886050701141357,0.0,0.01,-612.81464,-0.5628825,0.1048333,14.856522,1.0328236,-0.079179205,8.456822,-0.22799826,-1.5233084,15.339276,0.23589481,-1.2633903,-3.1274598,0.3525022,0.8854189,4.211607,0.7489729,0.23746473,-7.801135,-0.8168525,0.35317683,7.468096,0.28290704,0.12831844,11.385914,-0.2219826,-1.1463908,-0.431844,0.1253754,0.11950888,4.3871813,0.079399765,-0.6012154,0.78890425,-0.45270544,-0.2862666,0.979545,0.84082043,0.55142355,0.7738732,0.86793524,0.90476584,0.9145898,1.0,0.8456334,0.73038393,0.716331,0.6425936,0.8124439,0.7686347,0.82656294,4.0984797,-8.424759,-7.6342044,7
11.029478458049887,0.001986675,4714.843692639566,2900.001896108597,8290.283203125,0.5273754596710205,0.0,0.01,-615.05383,-0.34911498,0.10946642,14.797427,1.0045117,-0.37804288,12.629948,-1.1029686,-1.6239531,17.246048,-0.5220286,-1.3190179,-4.7801228,0.44281057,0.94674516,4.3719893,0.56029326,-0.10501226,-8.821359,-0.70185137,0.36703357,5.376924,0.41470236,0.106719114,9.123947,-0.83024573,-0.8614121,-2.1900122,0.5271302,0.496507,5.3712263,-0.11868194,-0.63807255,1.6826234,-0.5063699,-0.101743594,2.6556523,1.0064386,0.043355662,0.76011187,0.8625286,0.88323003,0.8950687,1.0,0.8617576,0.7547129,0.7245304,0.628276,0.7882132,0.75870097,0.77586025,4.1616015,-8.456895,-7.6247616,7
11.04108843537415,0.0018663795,4686.54603340108,2939.5027673423824,8333.349609375,0.5040587186813354,0.0,0.01,-617.1902,-0.6003876,-0.24839552,16.41021,0.7396242,-0.2889933,8.865297,-1.6411487,-1.0157845,14.200436,-0.88441026,-0.65124565,-0.58549756,0.46585268,0.34599808,7.0712533,0.22197439,-0.51872694,-7.50811,-0.32375324,0.44660333,4.3503504,0.2821085,0.047238242,6.7262206,-1.2668562,-0.15243694,-3.3231723,0.8563134,0.7798672,4.6752605,-0.24947181,-0.22498387,0.5777362,-0.39616615,0.14104496,4.9186263,0.61343527,-0.5982652,0.7956174,0.88227123,0.90661573,0.9158085,1.0,0.90254074,0.8218229,0.741502,0.6814107,0.77060485,0.7732289,0.7716593,4.039861,-8.345145,-7.552163,7
11.052698412698414,0.0018226947,4583.973857811185,2964.2157463414524,8257.9833984375,0.6525341272354126,0.0,0.01,-617.0254,-1.3401285,-0.6048547,17.182676,0.6757182,0.070479386,-0.9175531,-1.9821931,-0.010821088,8.431768,-0.79610753,0.5006224,6.338534,0.44564417,-0.58981436,9.542599,-0.19623427,-0.7083947,-6.4079294,0.41346025,0.60516703,6.9029055,-0.029739222,-0.119326755,3.6343088,-1.3811175,0.39944082,-1.9803984,1.2066798,0.6401971,0.87344813,-0.1824294,0.3447389,-2.5148191,-0.01451657,0.45696917,6.824493,-0.033074345,-1.0014535,0.90136474,0.9073587,1.0,0.94805646,0.97576696,0.95367897,0.94472367,0.7804468,0.8180151,0.8488846,0.8379464,0.892537,4.4099436,-8.2788105,-7.2652125,7
11.064308390022676,0.0018947994,4537.13358139928,2935.113761316563,8107.2509765625,0.6225271224975586,0.0,0.01000000000000011,-615.5309,-1.8270437,-0.6407398,16.760098,0.84512436,0.24794014,-6.7360306,-2.146809,0.879707,4.128606,-0.20740645,1.502171,8.663262,0.33739844,-1.1407257,8.460727,-0.5761068,-0.6718793,-7.04517,1.0419327,0.5254415,9.13974,-0.3006964,-0.44704092,0.792282,-1.2807348,0.47333688,2.2112203,1.4166294,0.14358112,-1.3688086,0.07188794,0.71066654,-2.5678148,0.4967003,0.77589905,8.003586,-0.52720165,-0.8802953,0.9215746,0.83438647,1.0,0.9184804,0.85877204,0.9367756,0.99139136,0.790932,0.87319165,0.91246384,0.8675454,0.9734534,4.511004,-8.333467,-7.233176,7
11.075918367346938,0.0018922096,4522.98677048951,2925.9186315440984,8064.1845703125,0.5248562097549438,0.0,0.010000000000006925,-615.4097,-1.38249,-0.022934554,16.724514,0.6641215,-0.05701531,-6.459008,-1.758808,1.3586528,4.124812,0.7435392,1.8019459,4.9963436,0.05919709,-0.8307657,5.205268,-0.9169013,-0.40003875,-8.316255,1.4104261,0.46688822,8.701654,-0.3479926,-0.5149569,1.5096984,-1.1298121,0.21174213,5.672554,1.4398148,-0.40004277,0.3567771,0.37763953,0.7053635,-1.2481711,1.003547,0.85009915,5.5016546,-0.8158815,-0.34890306,0.855241,0.77011997,0.9436645,0.9013012,0.76475716,0.867199,0.9531256,0.7442205,0.811133,0.9120484,0.9160199,1.0,4.523384,-8.287027,-7.218411,7
11.087528344671203,0.0017644278,4482.209384423033,2933.2392474925614,8053.41796875,0.4817255437374115,0.0,0.010000000000006925,-621.3798,0.028208414,1.4048203,17.53858,-0.28312582,-0.83523804,-3.9930425,-0.67240965,1.0965395,8.388355,1.632132,1.0597552,1.0593325,-0.20309056,0.14850822,2.648189,-1.2059325,0.07570751,-5.649437,1.6701727,0.4453089,7.0150757,-0.34252495,-0.17084348,2.6021175,-0.9822173,-0.030029366,7.225312,1.2057217,-0.7108034,2.8034215,0.49404737,0.14044401,0.116769284,1.3743968,0.39629725,0.62369215,-0.9276753,0.24375384,0.7872597,0.7415167,0.8751889,0.8776912,0.706624,0.80323774,0.86193234,0.70569503,0.7636066,0.8922393,0.9760407,1.0,4.713094,-8.585348,-6.9667687,7
11.099138321995465,0.0016378161,4372.5952517745545,2934.1847136857336,7999.5849609375,0.4623001217842102,0.0,0.010000000000006925,-628.0388,1.7538493,2.6608417,20.778036,-1.4695523,-1.5644057,-2.9223404,0.40146485,0.40753493,13.967756,2.0888138,-0.1283421,-1.6885508,-0.011637973,1.1583214,1.5221057,-1.177428,0.45167792,-0.37086558,1.8684089,0.204247,4.293895,-0.33727312,0.38756526,2.227192,-0.7983427,-0.15289856,7.406331,0.6549675,-0.72629017,5.3140574,0.3309593,-0.69001764,3.4856393,1.4447366,-0.2862642,-2.1486664,-0.80740047,0.6719924,0.78131944,0.74574965,0.8371828,0.8571289,0.6875497,0.7589275,0.7607232,0.72005713,0.7536416,0.87950695,1.0,0.9824129,4.8607216,-8.784219,-7.0033073,7
11.110748299319727,0.0016131962,4280.944390596964,2891.730857248512,7881.15234375,0.5147966742515564,0.0,0.010000000000023851,-628.79065,3.1790354,2.7545466,22.598286,-2.2797272,-1.5305259,-4.2665634,0.88282293,0.05020197,18.669678,1.916334,-1.0550883,-0.8720296,0.81332064,1.4775662,1.0032824,-0.79998213,0.5030728,1.0377295,1.9107583,-0.26291937,1.9878718,-0.103651285,0.7256279,-0.059337616,-0.51754296,0.067239,6.432859,0.12379266,-0.37903336,6.5734644,-0.08010178,-1.0054724,6.800968,1.232923,-0.5737428,-0.84706414,-0.51916057,0.7259919,0.8085101,0.82976496,0.8328639,0.8251147,0.71593463,0.79112154,0.7793076,0.79039085,0.79771996,0.8788574,1.0,0.91821975,4.758463,-8.849062,-7.1693115,7
11.122358276643991,0.0017760489,4376.94381751326,2857.8190704446706,7956.5185546875,0.777003824710846,0.0,0.010000000000000439,-620.1219,3.735616,1.1608398,18.125893,-2.3198977,-0.43973625,-3.58663,0.8796277,0.04651116,21.214273,1.1211878,-1.4167916,2.2372575,1.799652,1.0057167,0.6328288,-0.34894934,0.3582493,2.5581892,1.5741045,-0.7321866,3.7645655,0.32509798,0.66485757,-2.482967,-0.092476316,0.6802286,6.143299,-0.028254636,0.07290569,6.3488045,-0.49280363,-0.6197378,8.397028,1.0106056,-0.5064555,1.0732508,-0.20542859,0.23315947,0.88926107,0.91715306,0.86339915,0.8282022,0.7942251,0.8847656,0.8957413,0.943351,0.9706442,0.91975147,1.0,0.922907,4.799371,-8.823247,-6.856532,7
11.133968253968254,0.0021882113,4671.5874000636995,2867.526839664361,8128.7841796875,1.0711888074874878,0.0,0.010000000000001869,-604.65753,2.9645915,-1.8220032,7.5234356,-1.4390019,1.3513019,-1.3379405,0.63700247,-0.05557433,19.364265,-0.036494352,-1.2823027,5.882971,2.2213733,0.102898054,0.31410682,-0.027722565,0.23003173,4.792095,0.817401,-0.8512579,6.2441053,0.741558,0.35054317,-3.1726463,0.5420531,1.1064916,6.1256175,0.101913996,0.3478877,2.7689974,-0.63863283,0.0346723,7.141958,0.81424904,-0.26405916,1.6548337,-0.0059003434,-0.3143568,1.0,0.9251058,0.8160784,0.8207867,0.8164181,0.8637442,0.9381286,0.955374,0.9839984,0.8631874,0.9378354,0.9479478,4.7085214,-8.688258,-6.90471,7
11.145578231292516,0.0025730534,4923.216903716559,2879.0961708086575,8387.1826171875,0.9443327188491821,0.0,0.01,-594.6639,0.9242188,-4.288089,0.101272166,0.028629031,2.912372,-0.3119569,0.44713655,-0.27881882,17.222168,-0.9378689,-0.70400316,10.111567,1.7573694,-1.0008354,0.68858916,0.07556186,0.08276717,5.6312428,0.01595629,-0.7377027,7.74088,0.81403947,-0.2471226,-2.7054389,1.1080778,0.9135859,4.8710566,0.2989884,0.35569778,-1.2040414,-0.6043524,0.5432302,5.3802514,0.39948946,-0.0947587,2.056941,-0.060533825,-0.45561638,1.0,0.8582137,0.720765,0.816236,0.7823719,0.80032456,0.8791806,0.8381578,0.85620606,0.7697164,0.846952,0.9004235,4.4158316,-8.03302,-7.021199,7
11.15718820861678,0.0026138534,4975.678430814682,2914.7961600741955,8430.2490234375,0.5767239332199097,0.0,0.01,-593.7451,-1.5913014,-4.53676,0.70222944,1.5313959,2.9836063,0.7345462,0.5473906,-0.24916193,15.751016,-1.3284901,0.0037604244,13.633384,0.6899194,-1.6446862,1.2378641,0.10414877,-0.025675165,5.202552,-0.46684748,-0.6287048,8.823369,0.40639403,-0.8055434,0.25541252,1.370254,0.18893427,5.5348387,0.36848006,0.09969713,-1.6411963,-0.55047745,0.5598739,6.214272,-0.09770466,-0.1729365,1.4786626,-0.33342755,-0.25443873,1.0,0.85394764,0.7178154,0.85579765,0.7862368,0.8099591,0.8947989,0.77527153,0.7862734,0.772244,0.8639411,0.9031724,4.615971,-7.8061523,-7.0398865,7
11.168798185941043,0.0022686205,4798.7769816028385,2967.3006095470523,8397.94921875,0.46341192722320557,0.0,0.01,-602.82227,-3.944405,-2.6583169,8.660406,2.6656864,1.3640395,1.1523683,0.70238274,0.11828231,13.6197815,-1.1742456,0.55146974,14.971776,-0.390447,-1.5501531,1.6178236,0.17947742,-0.022437349,3.2166765,-0.8197529,-0.31647682,9.434353,-0.20127249,-0.7996624,5.127225,1.2894275,-0.5461705,7.8610373,0.28337225,-0.16034742,0.50835216,-0.50501263,0.17322995,8.305232,-0.48738816,-0.40194646,-0.94928026,-0.5071173,0.0079315165,1.0,0.86774427,0.7578373,0.8576277,0.78180254,0.8212183,0.9134333,0.7772617,0.7504564,0.77146506,0.8889076,0.93703574,4.4157424,-7.862396,-7.4343405,7
11.180408163265307,0.0018022007,4452.718288842039,2998.757239372093,8107.2509765625,0.3918410539627075,0.0,0.01,-619.71063,-5.4645395,0.05265709,20.495956,3.0965593,-0.90369976,-0.8132598,0.9334571,0.5152567,10.5592785,-0.6160548,0.74366623,12.663403,-1.2914056,-1.0035806,2.0293312,0.079635344,-0.13654163,1.0702465,-1.1811978,-0.080475464,9.871275,-0.684331,-0.53165454,8.456132,0.97469646,-0.8835145,9.180063,0.22766095,-0.27246138,2.82375,-0.42507976,-0.37321004,9.763352,-0.82415915,-0.70436746,-1.7731385,-0.46806794,0.20867755,1.0,0.86011076,0.81338257,0.84434056,0.7757324,0.82403904,0.9021773,0.8505935,0.77503866,0.7611095,0.89845705,0.98621035,4.203587,-8.097638,-7.8312016,7
11.19201814058957,0.0015373635,4219.2971913210495,2993.010118440264,7978.0517578125,0.3918887972831726,0.0,0.01,-632.36346,-5.588431,1.9662144,29.222263,2.7080863,-2.1923077,-1.6928905,1.2063168,0.59068215,10.683081,-0.02833999,0.7618092,6.2155533,-1.8773859,-0.20599607,1.1625602,-0.17761157,-0.25714135,-0.58776677,-1.3635018,0.028952653,7.1122246,-1.0142702,-0.25032336,7.7996454,0.43001282,-0.9141129,9.119579,0.033395354,-0.44193044,3.0838318,-0.492887,-0.646083,7.534013,-1.1874667,-0.7273529,-1.3068097,-0.17173322,0.45479688,0.945936,0.85410124,0.8378248,0.7940506,0.7505334,0.7672277,0.8216093,0.8700137,0.7641739,0.7227984,0.88924634,1.0,4.2024913,-8.262214,-7.9042315,7
11.203628117913832,0.001490831,4260.1547822093,2990.1725359272154,8031.884765625,0.49110671877861023,0.0,0.01000000000000011,-633.91284,-4.597298,2.4449542,28.620903,1.980984,-1.7969427,1.8955686,1.3957446,0.40505132,11.9438095,0.55743706,0.6792927,1.8877711,-1.8540162,0.66914606,1.0782945,-0.1894305,-0.066816695,-1.1409498,-1.0833408,0.31688493,3.336085,-1.1472523,0.08046034,5.0099583,-0.3152983,-0.6645128,7.4531317,-0.4917344,-0.533354,0.30955768,-0.64190036,-0.32360485,3.9407175,-1.449056,-0.23326476,-1.5978905,0.24150105,0.4971573,0.8934671,0.8922934,0.83016086,0.7916321,0.75259733,0.75164264,0.712351,0.8023811,0.7550352,0.72061265,0.9273579,1.0,4.1542754,-8.412468,-7.810995,7
11.215238095238096,0.0015409244,4438.131719970989,2967.234013372067,8085.7177734375,0.505010724067688,0.0,0.010000000000000439,-632.0053,-3.0814505,1.5769856,22.77916,1.2857859,-0.36750132,5.6013975,1.4714401,-0.02840298,13.733409,0.99305695,0.32131442,1.5674543,-1.3299139,1.1505586,2.316997,0.05916426,0.2742859,-1.1457393,-0.42642704,0.6461778,2.9788446,-0.9797876,0.44928342,3.4187696,-0.90655386,-0.19731599,6.36268,-0.97978467,-0.3786845,-2.6419783,-0.5263217,0.4107742,1.5229855,-1.2833666,0.5573409,-1.5991396,0.5818893,0.28133067,0.861981,0.93791735,0.86967427,0.8684184,0.8497368,0.7821016,0.62789327,0.7643077,0.7986725,0.7893599,0.95660985,1.0,4.0167108,-8.283883,-7.4191628,7
11.226848072562358,0.0015824806,4591.1382959020175,2939.4248882403863,8107.2509765625,0.48775365948677063,0.0,0.01,-631.1504,-1.7464894,0.16674764,17.86361,0.7891661,0.9094366,8.359703,1.4134274,-0.5528799,15.377791,1.0522542,-0.24160716,0.98183364,-0.60060656,0.9596341,0.48093173,0.3918572,0.4967005,-3.720273,0.26522392,0.817296,2.8748407,-0.582468,0.6625772,3.8092666,-1.0740906,0.16453166,7.148032,-1.1222104,-0.08732981,-4.147993,-0.0917224,0.99617434,-0.99789757,-0.69441,1.1278025,-0.996466,0.67569125,0.07531666,0.84946597,0.94027454,0.9115309,0.91851485,0.9213418,0.7731386,0.622214,0.7720632,0.82600844,0.8478263,0.92473286,1.0,4.0631676,-8.228189,-6.992698,7
11.23845804988662,0.0015544513,4590.51624150826,2954.7826355935376,8150.3173828125,0.40645334124565125,0.0,0.01,-632.2943,-1.3246816,-0.6467305,18.760918,0.85997695,1.3049107,9.162206,1.1178035,-0.71537334,16.67404,0.7433669,-0.5305888,0.83551055,0.052905627,0.34542784,-1.5197128,0.69611704,0.45339602,-5.395158,0.7118286,0.67190975,1.8497747,-0.21729675,0.35308656,2.795134,-0.90634155,0.2107863,5.3430033,-1.0209908,0.14764729,-4.5135355,0.3629165,0.8962429,-2.1758404,0.035620596,1.0335115,1.6184069,0.5642087,-0.15893206,0.8652611,0.9577582,0.9746662,0.97354835,1.0,0.8369917,0.70957845,0.8038984,0.90204114,0.88127255,0.897252,0.98734117,4.0689025,-8.221638,-7.0805926,7
11.250068027210885,0.0014964124,4407.7576955525155,3004.3603147020217,8128.7841796875,0.4483829140663147,0.0,0.01,-634.9702,-1.6745026,-0.52804303,25.768555,1.3943341,0.6261823,9.2532835,0.66525257,-0.41288978,18.65004,0.47446445,-0.4639937,3.4281492,0.20703822,-0.18281472,1.2351494,0.6954649,0.15981016,-2.0539305,0.7424951,0.18220477,1.8345805,-0.2948203,-0.2611974,0.6936581,-0.743655,0.06827648,1.7525887,-0.85603106,0.22347133,-2.585962,0.69009084,0.2769374,-0.77738285,0.6959836,0.6535777,2.8601592,0.4519977,-0.3356095,0.89366806,0.9230404,0.9358746,0.93087375,1.0,0.879026,0.8304925,0.85059553,0.9641045,0.8558081,0.83206767,0.92458594,4.153729,-8.455893,-7.285633,7
11.261678004535147,0.0014754363,4232.993417572897,3040.503446255247,8074.951171875,0.4967381954193115,0.0,0.01,-638.3245,-1.9083741,0.008011195,31.912743,1.696434,-0.51302904,8.63048,0.25314987,-0.17075329,18.59359,0.201453,-0.3019274,4.866013,-0.24219471,-0.6433417,4.591401,0.38289425,-0.33826718,2.21193,0.5911622,-0.36985877,3.5115962,-0.6401732,-0.5263955,0.15320116,-0.597029,0.13150172,0.69943565,-0.7635473,0.26562977,1.5838822,0.74455434,-0.35704577,3.0498662,1.1419541,0.2404424,2.6911216,0.35307392,-0.30125466,0.9604846,0.842008,0.8526398,0.91428185,0.9865513,0.9091898,1.0,0.93532383,0.9943826,0.86001325,0.84174013,0.98319334,4.3297925,-8.733874,-7.4693956,7
11.27328798185941,0.0014673523,4188.718355619661,3057.230706386877,8042.6513671875,0.42358148097991943,0.0,0.010000000000000439,-640.83624,-1.6914612,0.5495418,32.746323,1.2953799,-1.3726261,8.076563,-0.101191886,-0.12691373,16.321938,-0.14879392,-0.23960958,4.079256,-0.887149,-0.9879022,6.2163086,0.10590329,-0.82122785,4.4676776,0.47688314,-0.77749634,4.8677464,-0.7121532,-0.3617447,0.3936654,-0.23720647,0.4694798,1.7672062,-0.6270698,0.34093142,4.4885254,0.5545401,-0.6995037,5.994068,1.3794932,-0.16296263,2.3303702,0.33516836,-0.028915342,0.92330545,0.7296466,0.7312106,0.85761774,0.89201003,0.9051668,0.99756926,0.86649406,0.87858313,0.7886638,0.8295322,1.0,4.1687384,-8.675277,-7.6477494,7
11.284897959183674,0.0014290031,4212.8719800070585,3054.442255421957,8010.3515625,0.4295644760131836,0.0,0.010000000000000439,-642.9266,-1.1103038,0.8713874,32.484825,0.37017307,-1.3621299,8.7004795,-0.26289994,-0.14341338,15.301836,-0.4862666,-0.19238482,3.1046658,-1.454502,-0.84141356,6.425049,-0.12656032,-0.76332694,3.7877707,0.24886914,-0.6958272,2.6977167,-0.51647,0.03202771,0.07842851,0.25424457,0.57390606,2.249643,-0.33516762,0.18156709,2.8899155,0.08729757,-0.81162405,5.7097397,1.300436,-0.40345272,1.1008384,0.38152134,0.3335107,0.86370313,0.7129182,0.71330667,0.857313,0.8686562,0.9541671,0.92871994,0.8024841,0.78086334,0.7409215,0.85736895,1.0,4.1929107,-8.615825,-7.627117,7
11.296507936507936,0.0013870308,4267.055768753502,3037.5694209463277,8010.3515625,0.413700670003891,0.0,0.010000000000000439,-644.48895,-0.48153278,0.81407213,31.527351,-0.52647096,-0.6146744,9.824547,-0.2101871,-0.034898818,16.932495,-0.58472943,0.03252108,1.2840991,-1.6847875,-0.10936299,4.033762,-0.36780328,-0.13006772,0.30059755,-0.09134691,-0.12110291,-2.2872818,-0.31709996,0.45513162,-1.2713274,0.55518496,0.34751636,1.5487483,-0.05804128,-0.00062258873,0.66938615,-0.68510205,-0.73137873,6.437996,0.8352522,-0.5029849,1.2254947,0.5000225,0.37642992,0.79300743,0.72626394,0.7541328,0.88522863,0.903258,0.94758713,0.8157536,0.77042234,0.7318147,0.740179,0.8780941,1.0,4.1608,-8.738175,-7.4754987,7
11.3081179138322,0.0013783049,4291.649765696088,2991.882640658784,7999.5849609375,0.44723019003868103,0.0,0.010000000000000439,-643.84436,-0.23309733,0.2729479,29.371468,-1.0022931,0.02054615,8.825056,-0.104132526,0.044339634,16.857304,-0.29335314,0.2555241,-3.5895197,-1.3036419,0.7301557,0.17811728,-0.43716127,0.4209332,-1.5158257,-0.19482192,0.4420796,-3.934424,-0.0956181,0.77052784,-0.29286814,0.5883038,0.07477505,0.6519588,0.10559254,0.113654554,-0.5570445,-1.4265358,-0.43478048,7.439724,0.13039783,-0.5472068,2.4217303,0.4727052,0.049143024,0.78207964,0.8006886,0.8440905,0.9132455,0.94838727,0.90489113,0.7123416,0.77083284,0.77002615,0.7785501,0.8803331,1.0,4.308312,-8.700796,-7.5306425,7
11.319727891156463,0.001401889,4337.092757787357,2948.484394199401,8010.3515625,0.4548017382621765,0.0,0.01,-641.9499,-0.58994853,-0.56347406,26.313976,-1.1188082,0.16615984,6.7915554,-0.114792176,0.045353778,14.6901455,0.17437825,0.39302346,-7.4942665,-0.58983004,1.2137972,-1.0616097,-0.35658857,0.5678092,-1.047749,-0.052720297,0.5910537,-1.2049074,0.22635524,0.71665454,3.568357,0.57696015,-0.115716375,0.9746369,0.34493098,0.4076078,-0.7514423,-1.6526108,-0.03577038,8.210171,-0.44813836,-0.5899235,4.64347,0.24030142,-0.39744604,0.85345924,0.9102879,0.9507504,0.9844388,0.98416805,0.87443066,0.7079913,0.82314914,0.85828745,0.8711022,0.8807938,1.0,4.4278765,-8.733836,-7.3905187,7
11.331337868480725,0.0014267524,4344.574575787861,2936.566321214112,8010.3515625,0.4403957724571228,0.0,0.01000000000000011,-640.041,-1.1039469,-1.0646677,25.479828,-0.974153,0.3074088,6.530719,-0.2578492,0.021148492,13.065465,0.3340856,0.351351,-7.8636513,-0.11125364,1.0171168,1.0567304,-0.24006486,0.32744932,0.48889112,0.0492626,0.16652869,1.8941075,0.67177653,0.2591991,5.092061,0.7633721,-0.09855744,0.977306,0.803823,0.62402093,-2.5547135,-1.2201388,0.372077,8.284123,-0.6176402,-0.42515713,6.4146585,0.075674094,-0.5732486,0.88670397,0.9320332,0.96302164,1.0,0.9144248,0.8201346,0.7515569,0.8188596,0.8680121,0.9002611,0.8634788,0.9894925,4.4437237,-8.572636,-7.346304,7
11.34294784580499,0.0014276988,4327.92119428819,2958.339288744807,7978.0517578125,0.4296899139881134,0.0,0.010000000000006925,-640.11957,-1.327358,-0.7842534,26.69069,-0.44467476,0.5681722,8.286657,-0.40077412,-0.055353478,14.452221,0.01362977,-0.013452152,-4.836108,-0.024733048,0.16350316,3.5697951,-0.19936416,-0.2315075,1.9517574,-0.035855364,-0.4815739,2.98556,0.88050395,-0.36466455,3.822766,0.8716664,-0.10141945,1.4692725,1.301816,0.59041595,-6.276822,-0.5860977,0.7597441,6.2851605,-0.60719603,0.028046623,6.081071,-0.09088289,-0.39617908,0.925259,0.9329063,0.91475946,0.99623024,0.85179853,0.78984094,0.7854448,0.7710768,0.8137339,0.8790588,0.8986152,1.0,4.285526,-8.313985,-7.034101,7
11.354557823129252,0.0013946653,4342.864881944422,2971.163220915159,7967.28515625,0.3957204818725586,0.0,0.010000000000023851,-644.43604,-1.2851268,0.04938788,26.225914,0.18340145,0.61950386,8.754049,-0.5651569,-0.34224376,17.274353,-0.40379795,-0.59169894,-0.32334268,-0.08390129,-0.7619665,3.9768693,-0.39335725,-0.7522428,3.1630678,-0.280055,-0.6893708,3.6201756,0.46891278,-0.7487651,2.6891956,0.53542244,-0.1713112,3.2864704,1.622664,0.3409549,-8.662622,0.077367246,1.0336574,3.0572786,-0.4707794,0.43976304,3.4572701,-0.25123766,-0.06518416,0.9644477,0.9515733,0.9044461,0.9614913,0.79299253,0.74027973,0.7712245,0.72060025,0.79011995,0.84121615,0.91793996,1.0,4.1423807,-8.045522,-7.11523,7
11.366167800453514,0.0013436963,4359.94873313254,2980.1353028673734,7978.0517578125,0.3524152338504791,0.0,0.0100000000000754,-651.6889,-1.2116495,0.7069047,24.049625,0.63698685,0.43015897,7.657032,-0.8414038,-0.573839,19.64632,-0.6406689,-0.84845227,1.9314486,-0.2728322,-1.0518396,2.7159448,-0.8919798,-0.83556736,2.8186412,-0.43973398,-0.35891637,3.477677,-0.25360993,-0.7385269,3.196713,-0.09981862,-0.32203802,6.1219516,1.665695,-0.013892474,-7.6637106,0.68106586,0.99409384,1.1266564,-0.25950968,0.61601865,0.7415475,-0.36009413,0.25397158,0.9329656,0.9049116,0.89368695,0.8862688,0.7067877,0.6604736,0.6825939,0.6653023,0.772659,0.77707666,0.8813748,1.0,4.077747,-7.918339,-6.848252,7
11.377777777777778,0.0013269219,4295.828938972618,2978.71077619046,7891.9189453125,0.44697073101997375,0.0,0.01000000000061386,-654.24756,-1.3621837,0.6556541,24.959423,0.74345857,0.20000006,6.1201057,-1.1975234,-0.46155345,18.128708,-0.68133384,-0.48601013,-1.3472791,-0.4863157,-0.5633644,0.75521153,-1.3808064,-0.4259704,-0.4511464,-0.35789162,0.23684864,3.625729,-0.72058004,-0.44115683,6.6233463,-0.6371265,-0.6361811,9.436171,1.4485784,-0.47004485,-3.7282104,1.0961907,0.4145371,3.1011162,0.03220187,0.52362233,1.72174,-0.2698121,0.42642274,0.86531276,0.7847125,0.7863351,0.7625698,0.6347199,0.6069997,0.589413,0.60413605,0.73317134,0.6734499,0.7633416,1.0,3.968927,-7.913007,-6.666076,7
11.38938775510204,0.001375588,4180.002940444828,2974.2809659965596,7838.0859375,0.4618312120437622,0.0,0.010000000001606035,-650.62866,-1.6616018,-0.049015854,29.111917,0.66723114,-0.03979836,4.853077,-1.3083543,0.031504482,12.653079,-0.51411366,0.3754456,-7.366512,-0.30392113,0.5714847,-2.008333,-1.302311,0.34863794,-3.6374817,-0.065148905,0.73247296,2.4773533,-0.8175478,-0.067798555,7.4030457,-0.97709185,-0.79938215,11.336881,0.99567103,-0.7825903,-0.7605934,1.1260647,-0.4592147,5.43248,0.3735812,0.18942502,3.0775523,0.10788889,0.4265358,0.8620869,0.6943626,0.664649,0.6875454,0.6006659,0.59867746,0.5766697,0.5873358,0.71740365,0.6385544,0.70510375,1.0,4.0765843,-8.127188,-6.510737,7
11.400997732426303,0.0014198917,4135.008291572232,2970.1274875280205,7870.3857421875,0.4419223666191101,0.0,0.010000000003996623,-646.6166,-1.8152364,-0.84323215,30.944502,0.52403384,-0.43950725,2.1642745,-0.9532327,0.571637,8.497988,-0.21906288,1.0515866,-9.89393,0.3969989,1.6525549,-4.647977,-0.5572461,1.1108047,-3.5210533,0.3684745,0.9257863,-0.65126806,-0.7634668,0.24933751,4.2533226,-1.0835732,-0.43618095,11.827633,0.35029057,-0.8530944,1.5437981,0.56931406,-1.1664383,6.342431,0.45383298,-0.3027875,3.5089436,0.46763244,0.16525254,0.889231,0.6538842,0.6222138,0.6676449,0.5858762,0.6010512,0.6074406,0.6270535,0.7272486,0.68267816,0.70402616,1.0,4.06229,-8.309171,-6.620328,7
11.412607709750567,0.0013776168,4135.000990188095,2955.2623601665982,7881.15234375,0.3644503951072693,0.0,0.010000000003996623,-647.48553,-1.8740295,-1.1278504,30.876282,-0.09577904,-1.0542752,-0.17939162,-0.32187837,0.9098702,9.191702,0.23069438,1.186316,-8.542854,1.4220879,1.8823761,-6.5682983,0.49152535,1.498614,-0.9381274,0.9761075,0.7813052,-2.8473096,-0.4949962,0.5208947,-0.07354593,-0.8528309,0.42747137,11.351087,-0.3057757,-0.67094445,2.3989444,-0.27998388,-1.2526879,6.1891756,0.15323904,-0.61741,3.3569858,0.42660156,-0.23882426,0.89817166,0.67628455,0.6348448,0.688869,0.6247969,0.61617035,0.65106547,0.70302576,0.7893214,0.79884404,0.754989,1.0,4.4931097,-8.919434,-7.3010187,7
11.42421768707483,0.0012727026,4172.8784153795605,2951.234719729678,7902.685546875,0.3223029673099518,0.0,0.010000000101429395,-654.1241,-1.9787384,-0.42599964,29.867645,-1.2757206,-1.3833063,-1.0867186,0.34325427,0.9609105,12.92734,0.83697015,0.6856186,-5.2685432,2.3914964,1.0582023,-6.558303,1.30225,1.1889783,2.2440217,1.5784682,0.32049254,-2.1541378,0.08919584,0.84334475,-3.3762488,-0.2896713,1.3419572,9.720306,-0.78593624,-0.3201529,0.5523317,-1.0546014,-0.79722977,6.120108,-0.38763726,-0.5596718,3.8007028,0.0024887521,-0.4440669,0.86151135,0.7124737,0.65225834,0.73442006,0.7163606,0.6513153,0.65795875,0.74956083,0.8509216,0.8673523,0.8061935,1.0,4.561929,-8.935608,-7.2868147,7
11.435827664399094,0.0012035822,4243.757506059632,2976.5117491282563,7945.751953125,0.3518517017364502,0.0,0.010000000021701592,-661.787,-1.817101,0.8982078,29.05826,-2.4297338,-1.1624099,0.9490884,0.9741622,0.7767956,17.635765,1.2681378,-0.17223299,1.6877893,2.7450376,-0.27711186,-2.0705717,1.5986955,0.25935313,4.3096695,1.8123574,-0.17407534,-0.7151797,0.817818,0.85412556,-4.056893,0.48865715,1.4630383,8.366528,-0.9139398,0.060667697,-2.6463978,-1.3986887,-0.12956561,6.2501683,-0.72755426,-0.29081294,5.6873097,-0.3112034,-0.41891232,0.7916414,0.7296146,0.6740307,0.7780575,0.7799963,0.69038177,0.6211815,0.72227204,0.82248354,0.84044045,0.8106387,1.0,4.4828086,-8.79663,-6.945649,7
11.447437641723356,0.0012239034,4292.282981766604,3031.6755626066,8085.7177734375,0.45870858430862427,0.0,0.010000000208892742,-664.93854,-1.0492615,1.9039042,27.434744,-2.9889526,-0.6161845,4.348046,1.4401248,0.28022864,18.962355,1.1114308,-0.84323,8.069103,2.2135787,-1.3533969,4.0048137,1.379912,-0.7811525,5.549492,1.5091438,-0.51182216,-0.46608412,1.2771914,0.36712757,-1.2552531,1.0854207,0.7103332,6.7117777,-0.6513133,0.45571417,-6.8160515,-1.2328433,0.61964554,4.3234696,-0.70447713,0.07734151,5.6530952,-0.3697173,-0.2052423,0.83198947,0.77343506,0.71005434,0.7930601,0.7210509,0.6801917,0.627273,0.6689684,0.7359868,0.75106364,0.79328513,1.0,4.282904,-8.106363,-6.726204,7
11.459047619047618,0.0013022181,4468.150643776791,3071.9843434525715,8290.283203125,0.47039562463760376,0.0,0.010000005216229447,-664.3251,0.18436177,1.9253819,21.052492,-3.0520842,0.06854938,6.9226437,1.4498129,-0.35941213,18.88282,0.53818625,-0.89732754,10.516983,1.10165,-1.8369929,8.160324,0.81997186,-1.4171057,7.5449305,1.0033108,-0.5810926,1.0935782,1.2299913,-0.24656361,3.9505613,1.2159818,-0.35247752,5.590619,-0.12891977,0.7329693,-8.356819,-0.66300714,1.088968,2.1552134,-0.5329003,0.33780536,2.8142362,-0.2487154,0.12027594,0.9132264,0.82730055,0.75100225,0.79746026,0.6664485,0.6205173,0.62785405,0.64194906,0.66299546,0.6438206,0.755394,1.0,4.1295533,-7.624629,-6.799146,7
11.470657596371883,0.001407625,4700.810746144971,3067.4142044100827,8559.4482421875,0.44773486256599426,0.0,0.010000027850262286,-660.92,1.3166972,0.9839182,14.077567,-2.7959394,0.6887883,8.342739,0.9821663,-0.86240727,18.667755,0.107937984,-0.36273113,9.57337,-0.25073695,-1.733933,7.211642,0.023642758,-1.4022663,8.991845,0.66354984,-0.3809983,5.3758736,0.7965116,-0.65605515,8.617764,0.83493173,-1.1807688,5.2608905,0.42290947,0.716075,-8.408803,0.12077672,1.0748433,0.73873985,-0.38714987,0.41554147,0.30190158,-0.026177665,0.49455705,0.89561105,0.78112537,0.7227274,0.7559031,0.6699176,0.5775553,0.58592993,0.5838582,0.57649416,0.5360454,0.647032,1.0,4.0991325,-7.6428823,-6.8018513,7
11.482267573696145,0.0015361139,4834.837405837512,3053.6173595081636,8645.5810546875,0.6327788233757019,0.0,0.010000127845232541,-656.03424,1.7618765,-0.26050717,10.836231,-2.2501636,1.1546696,9.921953,0.26582158,-0.9392074,17.693508,0.18236199,0.4347783,6.344247,-1.4508891,-0.96787643,3.0722952,-0.74232936,-0.6553805,9.09531,0.74732697,0.0613603,7.8318095,0.36165816,-0.7690388,8.917269,0.04259602,-1.4499589,6.1852064,0.7253168,0.38453296,-7.0564947,0.71921223,0.58486325,1.1880748,-0.28787303,0.2807306,0.6230595,0.330537,0.79776776,0.7530353,0.6144168,0.6245757,0.6539782,0.61274254,0.5179993,0.50350744,0.50519794,0.49819177,0.48663166,0.55667657,1.0,4.089923,-7.583424,-6.4973936,9
11.493877551020407,0.0016706121,4866.478404321153,3029.1513567110837,8602.5146484375,0.684556245803833,0.0,0.010000516719604524,-651.9115,1.359553,-1.1407543,11.036732,-1.4002174,1.2544289,9.982019,-0.32836446,-0.6409919,15.611122,0.65381444,0.8456576,2.516169,-2.0884483,-0.08454674,-0.6224389,-1.1085371,0.29427502,7.4082985,1.1218686,0.54838324,6.2800684,0.051722053,-0.6253681,5.7926526,-0.92011964,-1.1058664,8.856029,0.71539617,-0.1739078,-3.9490983,0.82864326,-0.23352836,3.2405221,-0.3220569,-0.17755482,2.4812977,0.8406092,0.7003622,0.60774696,0.48186052,0.52454317,0.5662095,0.5395534,0.455215,0.43891504,0.4597387,0.47896415,0.47197482,0.523954,1.0,4.0694346,-7.9074626,-6.3660035,9
11.505487528344672,0.0017650531,4797.420534537367,2972.235793846786,8473.3154296875,0.6398657560348511,0.0,0.01000123296498612,-650.26056,0.4203664,-1.4976482,11.668512,-0.35574037,0.8543912,7.781143,-0.6164108,-0.19513808,15.296437,1.0864191,0.77959406,-0.56093407,-2.1171575,0.48206094,-2.093759,-0.9199892,0.90722847,6.9849186,1.4637964,0.7762031,3.542921,-0.24353182,-0.19918445,2.3341703,-1.6937726,-0.38495457,11.518881,0.37985006,-0.69756854,-1.5668539,0.46429104,-0.80946565,3.78259,-0.5382688,-0.5733328,4.485732,1.2450273,0.20583504,0.5452798,0.42588675,0.4626282,0.50083095,0.48239973,0.43451062,0.41602704,0.45240366,0.47387335,0.49116597,0.5568684,1.0,4.1063704,-7.993988,-6.2920713,9
11.517097505668934,0.0017693269,4646.955681793669,2885.7479022596376,8225.68359375,0.5735891461372375,0.0,0.010001873046012551,-651.6047,-0.6777374,-1.3025395,11.723934,0.42779365,0.37550586,4.954921,-0.68204117,0.19525862,18.27385,1.2807355,0.32829157,-3.5234036,-1.78905,0.65057373,-2.6006374,-0.34747028,0.8684657,8.873835,1.5271416,0.40441233,1.5423262,-0.4884585,0.286852,-0.41120017,-1.9129472,0.35438323,12.478911,-0.045403473,-0.8471447,-0.2042332,0.08940821,-0.8289649,2.9468021,-0.74262536,-0.55021113,6.442914,1.2015134,-0.3784949,0.5171282,0.40325606,0.4461111,0.46770024,0.45004338,0.44364122,0.427979,0.45216602,0.47582817,0.53613716,0.6473176,1.0,4.1654615,-8.045653,-6.2235336,9
11.528707482993198,0.0016787496,4540.357386944,2843.440861972347,8085.7177734375,0.5002546310424805,0.0,0.010001873046012551,-654.6436,-1.6247193,-0.75400245,12.541111,0.64187324,0.014437097,3.642186,-0.6332134,0.43533337,23.444923,1.3180094,-0.2575552,-4.0779076,-1.262745,0.5890719,-1.165862,0.16337307,0.37917933,13.702209,1.1466957,-0.50367373,1.7526647,-0.47725418,0.41258475,-2.5365188,-1.4448615,0.8136237,11.058014,-0.27370405,-0.42689168,-1.326987,-0.12835322,-0.35432643,1.5254395,-0.91039383,-0.1776344,8.672403,0.73561007,-0.73127556,0.52538,0.43930382,0.48792005,0.48438346,0.48508468,0.47062472,0.46833658,0.4612657,0.4962446,0.62162966,0.7805761,1.0,4.2387238,-8.183084,-6.0775366,9
11.54031746031746,0.0015329634,4525.3134300436805,2859.5844283437923,8161.083984375,0.38389718532562256,0.0,0.010001873046012551,-657.9074,-2.264148,-0.22686265,13.783764,0.27658075,-0.39479864,4.112034,-0.40137923,0.42800027,26.144215,1.2059053,-0.7117933,-4.036771,-0.6631329,0.5005269,0.5690503,0.32067987,-0.16345058,18.346165,0.4594206,-1.3809825,2.8044276,-0.24659628,0.18803127,-4.031481,-0.5571162,1.0190368,8.399745,-0.2506444,0.29368708,-5.1334715,-0.23261958,0.24460323,-1.787713,-1.03983,0.20512173,9.832434,0.10813179,-0.82997847,0.60314095,0.5338439,0.56750494,0.5608533,0.59405476,0.527428,0.5367554,0.48935753,0.5731133,0.74118423,0.9051418,1.0,4.189974,-8.218916,-6.2899785,9
11.551927437641723,0.0013848244,4539.4304140466365,2883.5899850621486,8236.4501953125,0.37410131096839905,0.0,0.010001873046012551,-661.051,-2.4829304,0.13080654,14.912498,-0.41546148,-0.8683437,5.246169,-0.019202638,0.26238567,26.030373,0.73049414,-0.871021,-4.3118043,-0.20630504,0.35095552,1.9560578,0.17885593,-0.46935034,19.816303,-0.35358498,-1.5713013,3.5931933,-0.057675414,-0.07855444,-4.6912365,0.35894805,1.0234916,5.5921044,-0.073368125,0.74527586,-7.6499224,-0.15141147,0.60262835,-4.1192317,-0.970513,0.37532645,9.326671,-0.46739736,-0.69699836,0.6934492,0.6694931,0.6775464,0.65950555,0.734434,0.6219527,0.64353204,0.57378334,0.7314156,0.86690456,0.97138363,1.0,4.294831,-8.468913,-6.677712,7
11.563537414965987,0.0012793136,4547.330675091125,2900.0153653048533,8225.68359375,0.35297301411628723,0.0,0.01000020633903134,-663.22974,-2.4852967,0.16112567,15.845606,-1.2446207,-1.1822747,5.5886917,0.29435554,0.08296344,24.322472,-0.032684963,-0.71129996,-5.114628,0.04151716,0.13276653,2.0090468,-0.029230798,-0.46617487,16.709969,-1.0872991,-1.0108206,3.4133427,-0.03946149,-0.2106121,-3.740326,1.0203421,0.73815376,5.3680234,0.11006761,0.62692696,-6.0903893,0.12446029,0.6623684,-3.3417552,-0.6161032,0.4918343,7.0746584,-0.835753,-0.31943703,0.6983161,0.7354449,0.7473613,0.7157951,0.7937678,0.6758489,0.69090736,0.63237447,0.85228586,0.8935853,0.92077005,1.0,4.3071437,-8.452835,-6.633298,7
11.57514739229025,0.0012311091,4578.858168121942,2883.8840987215663,8096.484375,0.3484731912612915,0.0,0.010000002871100368,-664.94543,-2.5417297,-0.070360854,14.720724,-1.8108375,-0.8620445,5.196957,0.46138635,0.058511335,23.595577,-0.75456053,-0.39146185,-4.8700533,0.019405102,-0.017418997,0.7319466,-0.21597284,-0.16733935,10.535719,-1.5962881,-0.042515326,2.4823797,-0.20255314,-0.17443521,-1.1881472,1.2401245,0.13380301,8.678829,0.17175706,0.041931108,-3.1019812,0.46962202,0.31699863,-2.3965852,-0.06068086,0.55231947,4.9443407,-0.93808085,0.17318906,0.6743295,0.71257764,0.73357767,0.71121514,0.7480859,0.65345836,0.63152856,0.61398816,0.87329674,0.88609594,0.8603461,1.0,4.212595,-8.279921,-6.3068643,9
11.586757369614512,0.001214194,4679.584433326018,2885.8290833427977,8182.6171875,0.36830461025238037,0.0,0.010000000101429396,-667.4457,-2.6205668,-0.23375645,10.242601,-1.4463158,0.36877707,5.181589,0.56899655,0.17311233,23.804674,-1.0682431,-0.14211118,-3.3448987,0.03051877,-0.043761287,-1.0168422,-0.16582642,0.26368627,6.1899166,-1.6123254,0.81063807,1.9808898,-0.34837288,-0.050975822,2.2808897,1.0570456,-0.52493346,12.148323,0.15121502,-0.50789064,-1.7632349,0.74001724,-0.1750569,-3.1670988,0.5528905,0.4589604,3.279879,-0.68654734,0.5833076,0.6638374,0.6729436,0.703641,0.6844973,0.69981384,0.59516895,0.55258524,0.5705595,0.81817603,0.87830913,0.82676136,1.0,4.068754,-8.202242,-6.478649,7
11.598367346938776,0.0012121552,4816.826032614006,2919.0009107665765,8376.416015625,0.38518625497817993,0.0,0.010000000003996623,-669.1423,-2.5288718,-0.08855726,4.9423227,-0.023416184,2.0260925,6.1765523,0.5064492,0.08665603,22.48584,-1.2324084,-0.15345156,-3.1238513,0.10337137,-0.032373793,-1.90767,0.094442785,0.5792557,5.6863766,-1.2910186,0.9790591,1.8317809,-0.47443327,-0.023613304,4.952349,0.6095958,-0.93105567,12.613823,0.14124961,-0.62024295,-1.5420482,0.91239536,-0.23058537,-3.8401563,1.0860747,0.48443666,2.4005232,-0.21678744,0.71412045,0.7220342,0.6743598,0.7106967,0.6912703,0.7029216,0.5911582,0.5299853,0.5486803,0.75943536,0.8553173,0.80863607,1.0,3.9978743,-8.040098,-6.6482954,7
11.609977324263038,0.0012072457,4966.394676506614,2934.41376938727,8591.748046875,0.36643362045288086,0.0,0.010000000001606035,-672.2674,-2.1038594,0.43533048,0.57224,1.8154966,3.0041387,6.9470043,0.2885102,-0.23012562,20.281357,-1.5365121,-0.36883548,-3.8225622,0.04996748,-0.1230671,-1.3837693,0.4051447,0.5396091,6.974493,-0.9251717,0.4105234,1.580539,-0.5284085,-0.059448462,5.2453237,0.090141654,-0.8646456,10.317099,0.050994445,-0.25047907,-0.9981366,1.0809149,0.21334262,-2.011517,1.4969136,0.60342216,2.9823887,0.29341367,0.5588926,0.8060698,0.6857667,0.7271701,0.73927104,0.74152774,0.6237657,0.55092144,0.5753466,0.7685759,0.8280462,0.8001489,1.0,4.0087337,-8.036004,-6.793596,7
11.6215873015873,0.0011513042,5005.176346641099,2946.5424275274004,8634.814453125,0.27163058519363403,0.0,0.010000000001606033,-676.89996,-1.4858785,0.9076221,1.6730309,3.4935186,2.640292,8.073338,-0.09935519,-0.60005265,18.425375,-1.9441788,-0.43224147,-4.9838963,-0.06074965,-0.07559347,-0.25250378,0.6441421,0.221098,7.9816184,-0.6797313,-0.3054146,0.8711034,-0.5199069,-0.068030134,2.7806485,-0.32350612,-0.39776212,6.9904203,-0.10906913,0.28096956,-1.5198836,1.2599045,0.5368054,0.59987783,1.730333,0.37086275,4.1504927,0.6527522,0.27631798,0.87548685,0.7573473,0.7886706,0.8411967,0.8518398,0.68501365,0.602337,0.65196335,0.82548124,0.83487356,0.8309116,1.0,3.8800557,-8.01052,-7.1238236,7
11.633197278911565,0.0010448609,4788.661604697008,2979.622765382551,8441.015625,0.25364378094673157,0.0,0.0100000000000754,-679.76117,-0.9455424,0.9304339,12.099911,4.617332,1.1103528,9.6025505,-0.57047296,-0.74117655,18.122307,-2.0622823,-0.12802309,-4.1575036,0.04550565,0.21857472,2.0943873,0.7652629,-0.11944404,9.117371,-0.6737073,-0.56278646,0.69945353,-0.4857091,0.017226048,0.19234055,-0.5492298,0.15909728,6.1609473,-0.16910522,0.5103205,-1.5668517,1.3386261,0.3563532,2.6620855,1.6938628,-0.2168578,6.098446,0.70689267,-0.12720124,0.86848176,0.819892,0.85629714,0.90534,0.9191496,0.74088836,0.6768315,0.7703779,0.93040466,0.91500396,0.92515457,1.0,3.8403113,-8.270994,-7.3444552,7
11.644807256235827,0.0009866349,4375.908912688006,2992.9371238785234,8118.017578125,0.33647602796554565,0.0,0.010000000000006925,-679.40283,-0.8693308,0.36621,26.311964,4.5837665,-1.067553,7.9529696,-0.9691967,-0.546913,15.660301,-1.707403,0.34329045,-3.3027396,0.51261073,0.53294104,3.892651,0.7948342,-0.2447755,7.2263794,-0.81057984,-0.3043449,-0.58216286,-0.2972592,0.23712108,-1.2223059,-0.5169641,0.50480276,8.418166,-0.058093157,0.29631847,1.6610314,1.1592743,-0.17285702,5.8818808,1.3407476,-0.7273237,7.278315,0.4354403,-0.5131024,0.8152449,0.812286,0.8502087,0.8644069,0.8389917,0.75931543,0.73981935,0.8786909,0.99907655,0.9536694,1.0,0.97500926,4.37435,-8.777673,-7.84777,7
11.656417233560092,0.001018104,4114.916136328877,2983.132837576675,7945.751953125,0.3607471287250519,0.0,0.010000000000001869,-675.8474,-1.3198395,-0.72356004,34.273293,3.242266,-3.0240793,5.1646585,-1.2099698,-0.19359021,11.082546,-1.1108274,0.7653652,-4.669287,0.9966027,0.58857346,3.7462823,0.73024774,-0.18458489,3.2768602,-0.8577736,0.16040602,-1.3334908,0.036775004,0.45027918,-0.7753823,-0.35540506,0.4050677,10.727976,-0.050741944,-0.26473555,6.447342,0.636038,-0.80702364,8.878498,0.75660056,-0.8735863,7.878607,0.045944877,-0.60870004,0.8305741,0.7942079,0.7649391,0.7778277,0.74709773,0.75768816,0.7867605,0.99682355,0.99181455,0.9347362,1.0,0.9494772,4.4265842,-8.877213,-7.7460084,7
11.668027210884354,0.0010370266,4049.154185964071,2991.928909617159,7891.9189453125,0.29755207896232605,0.0,0.01000000000002385,-673.9286,-2.1201324,-1.6571535,35.533745,1.1285652,-3.5128222,2.167232,-1.2364731,0.26812482,7.927023,-0.47425616,1.0193962,-4.614827,1.2367085,0.34237647,3.0520349,0.4869732,-0.17497489,1.218821,-0.7949126,0.46473506,-1.403195,0.2876495,0.4044121,0.6020384,-0.22716366,-0.017824024,11.244919,-0.27345836,-0.7441207,8.179293,0.048728768,-1.1813521,8.494793,0.29183385,-0.64464873,8.068668,-0.24315651,-0.39988914,0.829048,0.7578642,0.6954769,0.74753845,0.704751,0.70707554,0.7688381,1.0,0.9123556,0.8737453,0.94315886,0.9093783,4.43798,-8.809233,-7.695059,7
11.679637188208616,0.0009900697,4116.812465647643,2985.162763003778,7945.751953125,0.2748965620994568,0.0,0.010000000000001869,-675.62335,-3.2491212,-1.9319686,33.54875,-1.1255372,-2.393058,0.5527497,-1.0907856,0.5647521,9.080224,0.045047123,0.9414617,-1.5410087,1.2092466,0.048055775,3.1410084,0.17197093,-0.14042076,1.4726002,-0.5519889,0.6026879,-1.0581834,0.23734039,0.047589816,1.3162674,-0.34946835,-0.4507484,10.076048,-0.84754926,-0.87276196,6.5071845,-0.63836014,-1.1139909,6.2241235,-0.028452285,-0.2715679,6.402096,-0.42742348,-0.06505933,0.8792266,0.8165105,0.72114205,0.7913491,0.7155834,0.6889154,0.7824287,1.0,0.8898145,0.8999933,0.92010385,0.9244471,4.622358,-8.887031,-7.585218,7
11.69124716553288,0.00091486995,4289.195030822831,2975.8376703364765,8010.3515625,0.2547586262226105,0.0,0.01000000000000011,-682.1294,-4.426764,-1.4055884,26.492731,-2.7594101,-0.70398045,0.49681908,-0.63950205,0.5752487,12.284761,0.5648462,0.4570756,2.797556,1.1734427,-0.22877316,4.5560164,0.015777553,-0.100403786,2.4956248,-0.05234566,0.46677706,0.9973199,0.025401449,-0.42159864,1.4759157,-0.6049863,-0.5696541,8.654207,-1.5733265,-0.6717201,3.3649395,-1.4140764,-0.6232477,4.592767,-0.381849,0.038181484,3.9632194,-0.44678804,0.20218623,0.9445686,0.9491709,0.8168906,0.8365461,0.7810068,0.7395993,0.820224,0.9567961,0.89331865,1.0,0.897874,0.9461381,4.617753,-8.788588,-7.302129,7
11.702857142857143,0.0008591691,4450.527832352096,2949.9627914740195,8042.6513671875,0.2336503565311432,0.0,0.01,-691.5804,-5.0897655,-0.17957084,17.561588,-3.2702389,0.5544781,0.45118243,0.046714712,0.60310787,14.678766,0.9788796,-0.110579275,4.310164,1.1994995,-0.4251055,5.6504,0.10419233,-0.038326316,3.546659,0.49004477,0.25592834,3.1215782,-0.03767062,-0.4323462,-0.12525198,-0.792081,-0.27436432,5.643891,-2.106284,-0.35510388,-0.7877672,-1.8605735,0.06520461,3.908578,-0.5806678,0.17407039,3.4626036,-0.39488822,0.30112317,0.88158286,0.97315425,0.8421593,0.84181964,0.8206696,0.73894215,0.7957481,0.818725,0.79314244,1.0,0.8990088,0.8754224,4.4111743,-8.535404,-6.997803,7
11.714467120181405,0.00081797916,4519.594810754694,2946.9319028839063,8096.484375,0.22906701266765594,0.0,0.01,-698.5303,-4.841206,1.0787185,14.596003,-2.9270315,1.1637844,1.2708206,0.7442321,0.5989292,16.082539,1.0394821,-0.4219386,3.3837628,0.9234588,-0.46811765,4.2047205,0.14640705,-0.031425383,3.0524056,0.7790413,0.15138736,2.5106845,0.14316627,-0.02973062,-2.2606351,-0.7761684,0.20194712,3.3212988,-2.2743986,-0.020733267,-2.2401803,-1.7726041,0.508211,5.350667,-0.46903098,0.10357936,4.5067024,-0.28573787,0.2374774,0.8048698,0.9112531,0.8266734,0.87382376,0.8671114,0.72384167,0.77482677,0.75988775,0.7411646,0.9694502,1.0,0.8425401,4.3052473,-8.51323,-6.8900857,7
11.72607709750567,0.0007746249,4526.85582799341,2965.9493352020295,8193.3837890625,0.2087024301290512,0.0,0.01,-704.2357,-3.8642933,1.7789375,14.61993,-2.1649842,1.1895736,1.0267186,1.1502182,0.44611195,15.593791,0.80823505,-0.31237236,2.6234977,0.4831902,-0.25991184,3.111845,0.057531856,-0.015214405,3.513917,0.7291424,0.011961318,-0.88773936,0.27189955,0.30911437,-4.814472,-0.41040018,0.6819073,0.4600793,-2.022537,0.3826319,-3.3952026,-1.3415619,0.61403173,6.094178,-0.2790842,-0.027828876,5.000167,-0.0758628,0.06111619,0.72852975,0.8153756,0.80895483,0.86369777,0.8554199,0.7246786,0.73276424,0.73470455,0.7269349,0.8933845,1.0,0.8422539,4.3481593,-8.504176,-6.858487,7
11.737687074829932,0.0007452722,4595.005219123206,3009.2366170824444,8354.8828125,0.21607810258865356,0.0,0.01,-708.22296,-2.4859385,1.7401386,14.126495,-1.2401805,0.666679,1.9374917,1.2727183,0.18005687,15.272167,0.403558,-0.19756286,3.3672242,0.16580933,-0.006656452,3.4014516,-0.032241203,0.07601815,4.828095,0.48731655,-0.20045465,-3.537335,0.2710546,0.487779,-5.476066,0.41979235,1.1643368,-2.4109597,-1.3707293,0.8633395,-5.1347322,-0.7117665,0.6135228,4.3933353,-0.1356977,-0.012957289,5.25118,0.043436863,-0.115779474,0.785944,0.86458594,0.8880588,0.9072239,0.89669675,0.7975821,0.7483706,0.7478725,0.76323235,0.89452285,1.0,0.90722764,4.376341,-8.557889,-7.02465,7
11.749297052154194,0.0007481302,4682.449145559255,3042.6371245394935,8484.08203125,0.23615804314613342,0.0,0.01,-708.0667,-1.1981547,1.1841418,13.713739,-0.70844847,-0.022025948,5.6071997,1.2574993,-0.12626986,16.050653,-0.16962896,-0.39813772,5.1078615,0.023924582,-0.06519624,5.1495104,0.054992285,0.14773935,6.7607226,0.27880943,-0.32805327,-0.7615084,0.38576695,0.4692827,-4.0985117,1.4800218,1.2994094,-4.483164,-0.44670665,1.1502589,-5.1232696,-0.13016827,0.49044755,3.1200721,-0.100114904,0.07329495,4.6334934,-0.06937081,-0.16891907,0.87552035,0.9704695,1.0,0.99896795,0.98469824,0.912808,0.8335875,0.80051786,0.8174688,0.917238,0.969686,0.93889356,4.3405957,-8.4810095,-7.1465573,7
11.760907029478458,0.00076569046,4719.742470513136,3042.5409446199274,8484.08203125,0.2406599372625351,0.0,0.01,-706.00354,-0.372641,0.54769367,13.423064,-0.81657237,-0.3288995,8.675656,1.1741735,-0.30389446,16.568974,-0.75057346,-0.65284866,4.387235,-0.102102436,-0.28957862,4.9536853,0.27659094,0.08059127,7.780299,0.25548813,-0.286852,3.7914495,0.6786576,0.16891591,-2.3311076,2.198969,0.8288034,-5.1231155,0.384908,1.1142855,-4.7852335,0.15099525,0.3372498,3.3406823,-0.201261,0.13939922,4.080681,-0.25213674,-0.11604339,0.8520153,0.9337581,1.0,0.97222435,0.94657135,0.93433523,0.89155865,0.82491004,0.7712036,0.8313098,0.87478316,0.9057029,4.3350806,-8.361736,-7.4480634,7
11.77251700680272,0.0007700967,4736.5016427978735,3037.053692707286,8473.3154296875,0.23174722492694855,0.0,0.01,-705.0158,-0.0661143,-0.16205508,12.91754,-1.1459576,-0.40021518,8.927219,1.089332,-0.3851926,17.50724,-1.1370136,-0.70482343,4.1198707,-0.31749403,-0.38024125,4.1569967,0.36535737,0.01714826,6.395277,0.22847915,-0.07220529,4.3782606,0.9017172,-0.27556884,0.8060198,2.3216443,-0.08741107,-3.432424,0.8949225,0.5753772,-4.6122255,0.30839124,0.09911435,3.6105094,-0.19016045,0.09260583,4.4044933,-0.38058478,-0.09286539,0.9119045,0.9526757,1.0,0.9756169,0.954755,0.9317484,0.9458486,0.8841973,0.7777738,0.80989814,0.8777273,0.9550206,4.2138863,-8.353528,-7.44566,7
11.784126984126985,0.00077223254,4785.886213220169,3042.2344216845254,8602.5146484375,0.2505781054496765,0.0,0.01,-704.6475,-0.37491557,-0.77876776,12.186077,-1.5012289,-0.45204568,8.383028,0.7732154,-0.36293125,15.859343,-1.3866829,-0.4329779,4.304589,-0.4890429,-0.17864108,4.3085523,0.4035469,0.09812215,4.4932613,0.17931566,0.15424345,3.4486866,0.779169,-0.50321305,6.9305935,1.9167064,-0.8700985,0.35852164,1.0480425,-0.13808227,-2.738671,0.42592666,-0.087688245,4.5293717,-0.11106635,-0.09568865,4.213034,-0.5447712,-0.15405114,0.96835613,0.990359,0.9898684,0.9795272,0.91922987,0.93162,0.92506135,0.83078206,0.7622487,0.78182495,0.8599346,1.0,4.2423587,-8.395937,-7.6223035,7
11.795736961451247,0.0007835212,4884.265586882026,3048.325968358228,8710.1806640625,0.2566305100917816,0.0,0.01,-705.1296,-1.0494466,-0.90773755,9.769359,-1.7848725,-0.33660182,8.344725,0.25339192,-0.26997456,11.0208025,-1.5447426,0.0014972377,2.975224,-0.45978713,0.16614267,5.4867764,0.51405853,0.25380522,4.4694276,0.1283318,0.25767028,3.7393847,0.40395078,-0.24209872,11.585168,1.4124196,-1.0815307,3.7896645,1.0390917,-0.54801506,-1.8452865,0.48077327,-0.059373472,4.5278234,-0.2511874,-0.2899823,3.2327542,-0.80866414,-0.33226895,0.9676757,1.0,0.96641916,0.96306527,0.8423782,0.86608225,0.8491434,0.7141664,0.7199871,0.7619775,0.8057093,0.9630167,4.4080048,-8.09375,-7.7295027,7
11.80734693877551,0.00078737235,4986.194940560994,3057.5978528430755,8774.7802734375,0.22959065437316895,0.0,0.01,-705.99994,-1.5968567,-0.59695154,7.154605,-1.9885573,-0.13825414,9.342146,-0.17762052,-0.282868,7.5959435,-1.615021,0.31037426,1.366747,-0.2321294,0.32318735,6.3669643,0.7453715,0.22096168,6.4268727,0.15411313,0.14994778,4.442252,0.2650361,0.16598706,10.994707,1.0426502,-0.7746707,4.950304,0.88327724,-0.5800003,-2.4634802,0.4784175,-0.03263788,3.3158906,-0.5351022,-0.34163183,2.6265337,-1.150687,-0.43193698,0.9766687,1.0,0.962988,0.96214706,0.82866603,0.8122071,0.7843967,0.67930526,0.7288679,0.77792203,0.7826119,0.9361626,4.5315537,-8.0308,-7.680835,7
11.818956916099774,0.00077152054,5110.803067293967,3040.4188264253294,8796.3134765625,0.21568666398525238,0.0,0.01,-708.7023,-1.7426208,-0.07645644,4.9409223,-2.1546614,-0.0083566485,10.517602,-0.42930368,-0.39047533,6.9880886,-1.4957768,0.51478547,0.4484255,-0.001678133,0.41762447,6.360721,0.83671075,0.033233967,7.709428,0.22465618,-0.13521016,4.488572,0.4597903,0.26589596,7.4998474,0.6424701,-0.23577926,2.8561456,0.53283226,-0.36359507,-2.9234052,0.3184259,-0.113111496,3.048807,-0.8186835,-0.3042209,1.9271615,-1.4098388,-0.29782856,0.9255806,0.9637157,0.9850207,1.0,0.9109428,0.8264459,0.75665504,0.7193173,0.7613029,0.8308975,0.8176466,0.9233519,4.67007,-8.189137,-7.7742906,7
11.830566893424036,0.0007448807,5204.623199961575,3016.3769149913287,8828.61328125,0.20914919674396515,0.0,0.01,-713.3434,-1.4931254,0.52938277,2.1089485,-2.2336586,0.05755378,9.6653,-0.60963136,-0.3721209,7.376973,-0.89426845,0.63002497,1.3225635,0.23685962,0.39276034,7.5071626,0.5395276,-0.31650317,7.9644766,0.09140348,-0.42519242,4.046958,0.5418965,0.09290444,5.218066,0.106081136,0.17884383,0.962965,0.089606896,-0.09578311,-2.248342,-0.06611906,-0.24926236,2.5638564,-1.1362145,-0.25177416,0.12936985,-1.4202806,-0.014638792,0.79527295,0.8838391,0.9672288,1.0,0.91695523,0.79100424,0.6981189,0.70744133,0.75543976,0.8120502,0.82888734,0.88494116,4.7226853,-8.129998,-7.7813864,7
11.842176870748299,0.0007259498,5230.057352234706,3030.9696749770833,8871.6796875,0.21382801234722137,0.0,0.01,-716.1222,-0.9645233,0.95908886,0.67241526,-2.1506572,0.063828155,7.6308746,-0.81852144,-0.22981228,7.098941,-0.12945417,0.54204893,3.0797415,0.4916371,0.17749321,9.328815,0.05595502,-0.5870229,7.4070883,-0.27138123,-0.49119487,4.8025746,0.4460168,-0.07046643,7.0629597,-0.277537,0.13378277,2.2464209,-0.26277074,-0.01092763,-0.727547,-0.47530356,-0.48260796,0.51910204,-1.3676192,-0.2299037,-2.8976946,-1.1177152,0.3936731,0.7758344,0.85709816,0.96566,1.0,0.86883694,0.7200121,0.6686393,0.699156,0.7339482,0.78195083,0.8155852,0.8787279,4.5832067,-7.964345,-7.7240043,7
11.853786848072563,0.00073294673,5246.276379510329,3044.556637216964,8914.74609375,0.24029484391212463,0.0,0.01,-716.3855,-0.33200684,1.033317,-0.97577906,-1.8678285,0.23240164,5.7992516,-1.0442201,-0.036079552,5.399247,0.21849178,0.3000079,3.8081033,0.5644472,-0.12561883,10.437603,-0.32303298,-0.6248085,6.78753,-0.6946049,-0.3588404,6.962323,0.29481828,-0.21066253,10.493534,-0.4174842,-0.32553682,3.798067,-0.3860743,-0.10730024,-0.49811506,-0.72035116,-0.5330014,-1.0147834,-1.3080344,-0.0012926367,-5.3347526,-0.56392866,0.8404369,0.81892985,0.9168559,0.9921271,1.0,0.82452214,0.67896026,0.69294035,0.7197712,0.73157763,0.7798104,0.7728197,0.86718047,4.503309,-7.9258966,-7.769493,7
11.865396825396825,0.0007605683,5282.924142681652,3030.7994961612567,8947.0458984375,0.2536664307117462,0.0,0.01,-715.0195,0.18951924,0.57559735,-3.7211044,-1.3033825,0.5967049,4.701633,-1.0506341,0.20556624,4.931333,0.21678077,0.08431283,4.42585,0.5858582,-0.19176553,9.9048,-0.4253107,-0.32264963,6.191187,-0.8836572,-0.12613975,8.207116,0.21037525,-0.27216688,11.4761305,-0.44975254,-0.6454187,3.748857,-0.35868958,-0.28399375,-2.1289086,-0.78979045,-0.24143577,-2.3192573,-0.9586736,0.4769495,-5.8927326,0.11270273,1.0333452,0.84964573,0.986685,1.0,0.9992575,0.8018847,0.65064853,0.7078453,0.7156392,0.7340044,0.78202575,0.75105226,0.8961821,4.2675138,-7.7805166,-7.6328163,7
11.877006802721088,0.0007874732,5291.172901097957,3000.6353804534087,8925.5126953125,0.25298234820365906,0.0,0.01,-712.5792,0.19045106,-0.3636542,-6.068635,-0.6070738,0.8544837,4.4640055,-0.6851646,0.41766837,8.083053,0.10557732,-0.12270141,4.8910065,0.75070137,0.13019669,6.310605,-0.3742177,0.20249942,4.4682503,-0.8214887,0.13685708,6.8877993,0.11907547,-0.2492971,8.963397,-0.52714974,-0.4648074,2.4617803,-0.42568457,-0.2765881,-5.0493875,-0.6342361,0.32417366,-4.5807714,-0.40121266,0.8229509,-5.0602016,0.7001003,0.75840443,0.85150725,1.0,0.9365679,0.9309978,0.8056794,0.6376237,0.6682219,0.70869577,0.7403472,0.749903,0.7501264,0.9457395,4.1396484,-7.7336764,-7.5355477,7
11.888616780045352,0.0008028805,5245.3109386672695,2970.7552141353044,8871.6796875,0.25030991435050964,0.0,0.01,-710.74384,-0.34324342,-1.0833455,-7.470875,0.16091038,1.0648884,3.6000047,-0.083089024,0.6100723,10.236467,-0.032813277,-0.36389095,5.096489,0.93893474,0.3853618,3.8637214,-0.43727857,0.4141378,2.9210331,-0.83865595,0.12926611,6.007363,-0.275502,-0.30715612,5.638587,-0.7973678,-0.0046754736,0.5593651,-0.4081389,0.15412931,-7.8702145,0.018184928,1.0914615,-6.4852757,0.29707688,0.91110796,-2.4919446,1.0642061,0.18341196,0.8943826,1.0,0.88969743,0.89523506,0.8699974,0.6844429,0.6462878,0.77347136,0.775625,0.73657805,0.7993289,0.98824435,4.3004518,-7.598805,-7.399187,7
11.900226757369614,0.00079385267,5212.065831473772,2957.252669121592,8817.8466796875,0.21539664268493652,0.0,0.01,-710.1066,-0.9304291,-1.0892782,-6.3668036,1.1453015,1.1625851,2.2000008,0.36279383,0.5609209,8.625898,-0.18294145,-0.50696206,4.2266593,0.9270424,0.19797792,3.848502,-0.58959347,0.21277484,1.6511846,-1.0382808,-0.08583629,5.4538774,-0.9594088,-0.497478,3.1524312,-1.1172371,0.24750525,-0.24324179,-0.012553747,0.69128597,-7.8077774,1.0332319,1.5155874,-4.87216,0.8966489,0.775625,0.8254785,1.1421779,-0.31763342,0.9389663,0.9960018,0.8675399,0.9059684,0.9472077,0.7573582,0.6381128,0.83237547,0.82324666,0.7632162,0.8580994,1.0,4.4292617,-7.515647,-7.228972,7
11.911836734693878,0.0007549983,5192.807741176546,2964.0759328774975,8785.546875,0.19779543578624725,0.0,0.01,-711.9278,-1.2332865,-0.4534323,-2.9081416,2.1983657,1.0283836,2.706311,0.4073466,0.17124864,7.0633917,-0.4145818,-0.33282578,5.779127,0.53506774,-0.33265227,6.4893527,-0.4734562,0.0077878875,2.0123858,-1.2061007,-0.2323742,6.005248,-1.5620071,-0.6695628,3.3975062,-1.2363459,0.1397083,-0.4419433,0.50930476,0.8260323,-5.891534,1.819015,1.1040939,-1.3605984,1.343566,0.41537598,2.8241081,0.99465466,-0.52003396,0.95778745,0.99462175,0.8872458,0.9775904,1.0,0.82348585,0.68347514,0.844486,0.87055755,0.7736854,0.85364187,0.95482713,4.469567,-7.4778113,-7.22765,7
11.92344671201814,0.00071209454,5262.6295070661945,3028.3917748770746,8903.9794921875,0.2018626183271408,0.0,0.01,-717.84076,-1.2366618,0.37276363,-0.67878556,2.9611137,0.6366236,5.156287,0.22574481,-0.26731774,6.0476856,-0.5753622,0.16271341,10.181607,-0.0054587363,-0.80347914,8.828315,-0.07456634,-0.0816456,3.0738845,-1.1675566,-0.19961207,6.235246,-1.7982519,-0.5701479,5.1898475,-1.0246421,-0.022147253,-0.58800304,0.8698861,0.4991777,-2.798736,2.0441988,0.0632957,0.92563486,1.6359667,-0.05133071,2.4092097,0.65331197,-0.51745033,0.90177715,0.969976,0.8892138,1.0,0.97447556,0.78585184,0.6868818,0.8049693,0.86118084,0.71349835,0.78163546,0.8625537,4.6886454,-8.056671,-8.203724,3
11.935056689342403,0.0006871046,5341.76201733175,3106.135068574978,9033.1787109375,0.20823100209236145,0.0,0.01,-722.3434,-1.3390238,0.6021985,2.5313866,2.9788442,-0.16485603,8.430425,0.009366139,-0.59767735,4.918672,-0.35198167,0.5462636,11.873083,-0.32603735,-0.80990034,6.299853,0.24713077,0.07235314,0.40615037,-0.8878078,0.13501991,2.674767,-1.6796987,-0.009536733,4.572261,-0.6123841,0.062158905,2.1855457,0.94878036,-0.061376054,3.8416028,1.7173132,-0.96983933,3.113459,1.6612236,-0.37464786,1.4275854,0.272744,-0.28556392,0.81975275,0.8930958,0.8538691,1.0,0.9095269,0.69570225,0.6636865,0.796718,0.8471827,0.72330314,0.7751434,0.808038,4.596446,-8.174126,-8.152035,3
11.946666666666667,0.0006760346,5203.28570208251,3133.490871012787,9000.87890625,0.2164432406425476,0.0,0.01,-721.92224,-2.113674,-0.25083783,7.6787663,2.0663645,-1.1744363,8.321848,-0.36436743,-0.79385775,4.4755735,0.22495873,0.66323453,9.312355,-0.36034203,-0.38019386,2.3821492,0.49462417,0.44019446,-3.5235598,-0.3570015,0.66476595,-2.952742,-1.1281216,0.8252583,1.3599248,-0.19178656,0.34212255,6.557463,0.81582546,-0.46839127,8.902483,0.9648269,-1.4775593,4.3260403,1.2746862,-0.48067135,1.2439598,-0.047445316,-0.05437933,0.82783955,0.877271,0.86469316,1.0,0.87125474,0.70643026,0.71169484,0.87532824,0.9113207,0.8735583,0.9323297,0.9300972,4.5769205,-8.467952,-8.161868,3
11.95827664399093,0.00067598233,4882.570594138104,3081.0800693610995,8731.7138671875,0.21587881445884705,0.0,0.01,-718.7782,-3.1780243,-1.4373068,12.520695,0.9388782,-1.6445117,4.7641687,-0.6928465,-0.4685718,4.7216663,0.9472837,0.7934269,4.2588205,-0.40781617,0.27429008,3.2862802,0.6021563,0.65512025,-5.0046997,0.19335186,1.0572287,-6.3716273,-0.38964412,1.443194,-1.342644,0.06417459,0.62065715,7.5897665,0.6962313,-0.53318375,7.5842447,0.17250043,-1.3129902,4.905307,0.6092628,-0.5938135,1.9432683,-0.29621068,-0.07527615,0.8366885,0.7965896,0.8073329,0.9085938,0.77046454,0.70094675,0.6842594,0.8602554,0.89709467,0.899479,0.98788047,1.0,4.5052814,-8.802159,-7.9157276,7
11.969886621315192,0.0006741981,4674.876281840867,2992.9716580872077,8387.1826171875,0.1999228298664093,0.0,0.01,-716.5917,-4.0523825,-2.078961,14.971725,0.25637448,-1.3300622,2.4851027,-0.67643994,0.3059184,6.2000628,1.7025965,0.84186965,1.3710399,-0.52104205,0.69236416,6.405742,0.7274515,0.44851226,-4.1118684,0.8012839,1.0850009,-5.765806,0.4256631,1.4547778,-0.5677468,0.30265772,0.6933144,6.1800456,0.5157425,-0.39035657,3.2343338,-0.44039148,-0.5892749,5.6981773,-0.067573145,-0.7276734,1.5529581,-0.416842,-0.21388496,0.8559911,0.77753526,0.7669578,0.8437934,0.73939,0.6911649,0.6631913,0.78240365,0.8342842,0.82956916,0.93049896,1.0,4.5276833,-8.862207,-7.698303,7
11.981496598639456,0.00064187945,4722.029316750701,2952.853463016326,8387.1826171875,0.16249799728393555,0.0,0.01,-721.51984,-5.005894,-1.8240528,11.404085,-0.13137753,-0.45509255,1.7063513,-0.30972397,0.96906984,8.34001,2.274688,0.6032727,3.3251095,-0.5101187,0.46794844,8.86583,0.9389519,-0.15514663,-0.9158903,1.5958457,0.70576084,-2.2879198,1.3667572,0.90700823,2.5705154,0.6410937,0.3757442,4.1713834,0.06652552,-0.16897766,-0.055294037,-0.847929,0.35104683,6.522272,-0.57924694,-0.6100544,1.7853379,-0.43090057,-0.18489203,0.9066613,0.8479042,0.7938597,0.84456575,0.7653004,0.6945414,0.6764493,0.71620005,0.78979737,0.76601875,0.86153865,1.0,4.284573,-8.65365,-7.2614202,7
11.993106575963719,0.00057659333,4855.612751075277,2925.264778911214,8430.2490234375,0.13858717679977417,0.0,0.01000000000000011,-736.13354,-6.103827,-0.89887875,3.5719113,-0.28727278,0.5383595,-0.2633846,0.40772557,1.0972313,11.015879,2.5917628,0.23474309,6.9708915,-0.5022223,-0.25378072,11.450186,0.7602542,-0.7743818,3.4379578,2.1029382,0.10441101,3.0140545,2.1256597,0.19153401,5.2533994,0.8828755,-0.16056938,3.7990654,-0.35303214,0.0011608982,-1.6647494,-0.84029406,0.80238193,5.501747,-0.78352386,-0.2740735,1.1920815,-0.2676914,0.13210954,0.9347411,0.9100743,0.8455001,0.8730867,0.8124558,0.7222542,0.6977862,0.6903121,0.786897,0.73341686,0.80338323,1.0,4.2835107,-7.7212734,-6.985498,7
12.004716553287983,0.00051939406,4895.440477964794,2920.7925226016123,8430.2490234375,0.12146614491939545,0.0,0.010000000000001869,-747.623,-7.0163207,0.11754552,1.7274189,-0.08909393,1.1800231,1.1995907,1.102475,0.7084419,15.404711,2.5774755,-0.21390538,8.329237,-0.6294357,-0.8846838,11.266407,0.048439987,-0.96513605,5.447706,2.0973902,-0.38265067,5.7610893,2.3253267,-0.36611894,5.795252,0.7323584,-0.6017798,5.8126607,-0.49302796,-0.08466949,-0.78903174,-0.41752547,0.58767265,2.2988193,-0.7472414,0.15481526,-0.96233183,0.09439627,0.5497107,0.910638,0.8763103,0.83941793,0.8607107,0.8051987,0.6980171,0.68691766,0.7251998,0.81281966,0.7506023,0.8123793,1.0,4.1978307,-7.691909,-7.0069633,7
12.016326530612245,0.0004935228,4821.105304761517,2954.4036044271393,8408.7158203125,0.15046611428260803,0.0,0.010000000000001869,-751.87573,-7.2416167,0.833423,6.1023874,0.48512802,1.1896429,5.489884,1.3661824,0.12938733,19.547367,2.0817091,-0.7457344,6.4280205,-0.7611388,-0.7040385,10.086266,-0.70705855,-0.78599197,6.8090153,1.71886,-0.628573,6.301126,1.7253044,-0.84620595,5.887443,0.13603257,-0.75748503,6.6615925,-0.53810966,-0.28009075,1.2618684,0.10706481,0.21670596,-0.4690772,-0.68243194,0.42664307,-1.9855608,0.53209734,0.70519704,0.9018369,0.79961145,0.8096033,0.8467998,0.8018102,0.6563487,0.66743875,0.7823748,0.84319305,0.7694041,0.8292276,1.0,3.9507363,-7.8252783,-7.042883,7
12.027936507936507,0.00047905298,4762.302561380936,2965.8264565568074,8376.416015625,0.141313374042511,0.0,0.010000000000001869,-755.6588,-6.5977397,0.8792764,9.989599,1.2283897,0.46899575,8.377949,1.3457302,-0.37381646,21.18967,1.2445362,-1.1687614,2.9493823,-0.7148797,0.21328685,9.35487,-1.1506019,-0.36160466,9.480745,1.1886866,-0.5810903,7.974399,0.7488807,-1.0444229,5.768793,-0.45007545,-0.54452866,4.5891294,-0.67244357,-0.3961916,2.2645378,0.38534874,-0.06254337,-0.6265555,-0.6324566,0.40873224,-1.0707635,0.7330567,0.480326,0.8830984,0.745501,0.7857263,0.8291128,0.83766073,0.65695125,0.6942366,0.8120346,0.80988026,0.73152894,0.800634,1.0,3.8131006,-8.102103,-7.043806,7
12.039546485260772,0.00045255452,4715.237856459224,2949.0315007676927,8322.5830078125,0.12183314561843872,0.0,0.010000000000006925,-761.65137,-5.5526743,0.4116294,12.121832,1.4464371,-0.6265499,10.351696,1.1920359,-0.6921613,22.561184,0.29329693,-1.241787,-1.0184233,-0.3975137,1.0459273,6.794114,-1.2240458,0.19077289,10.105087,0.635928,-0.46853736,10.126915,-0.05589055,-0.81181514,5.2357,-0.7142723,-0.17091753,2.8613663,-0.9927766,-0.3323452,1.4575197,0.2646565,-0.30235627,0.8615698,-0.56437725,0.07524866,1.9452896,0.5795934,-0.20159638,0.8429098,0.7149356,0.76330125,0.8442386,0.8807768,0.7026838,0.7231707,0.8335633,0.82066125,0.7213624,0.80131584,1.0,3.8933268,-8.464582,-7.413134,7
12.051156462585034,0.0004166334,4673.053494033354,2941.4612091597696,8268.75,0.11071810871362686,0.0,0.010000000000001869,-769.2232,-5.069114,0.1656193,13.39633,0.7608019,-1.2011354,10.6272335,0.8311985,-0.52774286,22.555256,-0.583655,-0.89579386,-3.0670366,0.106180616,1.1902518,3.8180614,-1.0059371,0.4687788,9.752356,0.07198687,-0.57772094,10.635805,-0.46999934,-0.50416636,3.532497,-0.6875862,0.13035303,1.7588518,-1.265465,-0.04928106,0.76240283,-0.14400876,-0.39302772,2.391262,-0.5359157,-0.34844202,5.287425,0.10627133,-0.9817734,0.81842715,0.7318186,0.82062846,0.906118,0.93873906,0.78753924,0.7542862,0.8978513,0.8793554,0.72350264,0.8196823,1.0,4.0481863,-8.689065,-7.690515,7
12.062766439909296,0.00038590646,4692.125709630329,3004.8960577770163,8505.615234375,0.10473347455263138,0.0,0.010000000000001869,-774.67053,-4.879652,0.41755775,14.413957,-0.24294621,-1.0999919,9.185047,0.5992283,-0.0118226055,19.545372,-1.2646405,-0.485061,0.08768815,0.67179906,0.7414736,2.3916109,-0.87031955,0.38993445,9.328024,-0.6342237,-0.7266584,6.3112073,-0.76501393,-0.27501544,0.7667198,-0.42910346,0.45477057,0.6925314,-1.2377927,0.17787132,1.9025064,-0.40959793,-0.21670036,1.6113882,-0.5786033,-0.44813883,6.558357,-0.38562283,-1.11856,0.8035059,0.7566056,0.88040864,0.9346879,0.97126293,0.87105304,0.79145736,0.9315568,0.91361964,0.77649987,0.8831142,1.0,4.189163,-8.719185,-7.6998725,7
12.07437641723356,0.00036773487,4845.887600724651,3119.9212257441623,8903.9794921875,0.1081855297088623,0.0,0.010000000000001869,-778.3392,-4.1311297,0.9525054,14.359081,-1.2821376,-1.0254686,8.876705,0.8481654,0.55457795,16.282206,-1.8048474,-0.30006614,5.3240643,1.1445329,0.10146279,2.9479437,-0.91051877,0.07301493,9.520517,-1.1236936,-0.48545265,3.0786207,-1.1609721,-0.075957775,0.47870636,0.11175451,0.78885436,-0.60840875,-1.1287664,0.10500707,2.224865,-0.2994487,0.0987931,-0.42569125,-0.72381693,-0.20205843,4.648891,-0.5829178,-0.46631092,0.87956053,0.76653147,0.8993261,0.9516574,1.0,0.9299966,0.79851973,0.8689724,0.87457955,0.8325936,0.9154001,0.9624115,4.733037,-8.548056,-7.9730034,3
12.085986394557823,0.00036044946,5018.688400012636,3153.414594580408,9022.412109375,0.11900980025529861,0.0,0.01000000000000011,-781.598,-2.9404998,1.299133,10.787254,-2.2657337,-0.9778098,9.449415,1.3614874,0.8873214,14.416813,-2.1819139,-0.11847797,7.9363365,1.2859674,-0.51352376,4.5598764,-0.9142116,-0.28960133,8.594862,-1.1650981,-0.08690084,3.5171556,-1.4429615,0.07145297,1.6461589,0.7715001,0.885294,-2.584681,-1.1737516,-0.03782175,0.09989032,-0.1301379,0.19672437,-2.7152157,-0.8317998,0.15635997,-0.18393987,-0.49526182,0.4892375,0.95981544,0.770387,0.9037801,1.0,0.9669676,0.86983854,0.7506858,0.7714016,0.8177632,0.8171232,0.8418429,0.90130806,4.936035,-8.308245,-7.986767,3
12.097596371882085,0.00035122677,5086.284760163397,3131.0181700817843,8979.345703125,0.09887141734361649,0.0,0.010000000003996623,-786.773,-1.9663198,1.0864663,6.868025,-2.8834264,-0.5801004,10.740204,1.8778914,0.7367913,13.705487,-2.2863798,-0.0053548967,7.3268404,0.9349394,-0.8304725,4.626231,-0.9923847,-0.48658848,5.362504,-0.8924547,0.38449094,4.200893,-1.2701265,0.21597385,2.424711,1.454824,0.70307153,-3.093631,-1.2110783,-0.062035974,-2.1690898,-0.08147841,0.19289348,-4.3431983,-0.80647844,0.3682956,-4.7325716,-0.22314869,1.0904976,0.91918063,0.7396764,0.8523826,1.0,0.8826379,0.7211398,0.6677443,0.69540143,0.7751414,0.7719596,0.75233305,0.80083776,4.911052,-8.023263,-7.9248066,3
12.10920634920635,0.00034637164,5173.142156746373,3130.8058011162843,8990.1123046875,0.10570059716701508,0.0,0.01000000000950587,-789.48254,-1.8336548,0.2936145,5.225976,-2.6659975,0.40773672,13.59539,2.1355917,0.17289849,11.8313465,-2.1348093,0.01614292,6.6467576,0.23058087,-0.6589373,1.9126,-1.1540033,-0.35372466,1.1974132,-0.3992298,0.8301129,2.8502228,-0.60354966,0.34740832,4.517171,1.9865841,0.3536905,-2.828389,-0.9467885,0.1934656,-1.2436807,0.030009875,0.32210582,-3.8680143,-0.46203837,0.44602755,-3.7992988,0.23964207,1.0823395,0.8977504,0.79410785,0.8761593,1.0,0.8621738,0.6534196,0.6319576,0.68341476,0.74536484,0.7545443,0.74184656,0.73632187,5.0257874,-7.947458,-8.006903,3
12.120816326530612,0.0003955689,5645.344693617599,3175.522674316936,9420.7763671875,0.19150099158287048,0.0,0.010000000009505582,-786.2456,-2.7154276,-1.0320017,0.10025434,-1.3721073,1.7129416,18.545082,1.8574674,-0.5480173,7.8713627,-1.8410975,0.20983331,7.209389,-0.3070175,-0.24509928,-1.5879271,-1.1886983,0.12249288,1.684314,0.14130962,1.002671,-0.06669511,0.12309051,0.70684713,8.318041,2.0200515,-0.07639772,-4.8295054,-0.23930469,0.7073491,1.715108,0.3350481,0.34559053,-3.4877398,0.11905096,0.51829994,1.189483,0.8258521,0.57774734,0.8210285,0.8497739,0.924257,1.0,0.87871224,0.62636805,0.57279086,0.61712956,0.64570725,0.68205124,0.68936455,0.6608965,5.4973025,-7.613264,-7.817282,3
12.132426303854876,0.00046656863,6026.9749131312265,3138.4964461510676,9549.9755859375,0.1830020397901535,0.0,0.010000000021699958,-783.4776,-4.1640778,-2.2456915,-5.425362,0.59801245,2.5683439,22.164574,1.2248888,-1.105672,5.3465886,-1.3622744,0.6397811,6.783539,-0.44629797,0.0256948,-3.0446343,-0.86196905,0.7368057,3.7844565,0.46997297,0.5419338,-2.0407083,0.6803257,1.0188546,10.857317,1.4892479,-0.70669687,-7.4218745,0.5314941,0.99387777,1.4625044,0.4966833,-0.020351654,-3.4870982,0.62714577,0.45291066,5.1140122,1.3526751,-0.088012315,0.74944025,0.8644651,0.9420706,1.0,0.8904088,0.5851735,0.50224334,0.5472071,0.55172545,0.5789472,0.6162293,0.59178424,5.861596,-7.525076,-7.768043,1
12.144036281179138,0.00047302272,6154.255300532034,3108.967467784797,9571.5087890625,0.08736816793680191,0.0,0.010000000047724392,-786.18835,-5.6919107,-2.7412107,-6.455846,2.045801,2.2480035,23.190277,0.5126874,-1.1935437,3.760434,-0.9037816,0.83699626,5.3148985,-0.3277376,0.1248593,-4.0607705,-0.15860005,1.0787491,6.290675,0.55287236,-0.27364784,-0.41276485,0.99808997,0.7497799,13.149488,0.71288836,-1.1898015,-8.150043,0.8357038,0.7406924,0.46099937,0.4266787,-0.31934163,-4.0628257,0.9113188,0.29038355,5.6569967,1.538984,-0.48662686,0.7183333,0.8849515,0.9655209,1.0,0.89345026,0.57762665,0.49988937,0.5175129,0.5071106,0.52820474,0.5900716,0.5851348,5.9497967,-7.4838243,-7.7986593,1
12.1556462585034,0.00039391252,5958.612930273327,3168.7246673266072,9528.4423828125,0.05881549417972565,0.0,0.010000000101363423,-795.4805,-7.4596844,-2.3401024,-0.16655934,2.6832688,1.0037768,22.174946,-0.30469653,-0.9262495,2.9082046,-0.5493233,0.54952145,4.159037,-0.30678084,0.11103962,-4.306107,0.5203822,0.8235965,9.086709,0.31770468,-0.9175658,3.72233,1.112326,0.011088684,14.983482,-0.21697804,-1.2654505,-5.0005054,0.90372956,0.20476627,2.0231972,0.13097784,-0.31176147,-2.4192598,1.0135767,0.16740377,5.267419,1.2510259,-0.39347023,0.75413656,0.9200608,1.0,0.9841782,0.8958248,0.61936486,0.57168114,0.5665366,0.5656607,0.56598437,0.6427102,0.6864644,5.726721,-7.564719,-7.8449326,1
12.167256235827665,0.00028819783,5384.074468867762,3252.350420766731,9291.5771484375,0.06199050694704056,0.0,0.010000000417730918,-810.4523,-9.108472,-1.1062305,11.317602,2.9457307,-0.60864645,18.827236,-1.0199486,-0.39830846,3.8909154,-0.22272101,0.112209246,4.523552,-0.4161484,0.029638324,-2.6502335,0.72014064,0.10378859,10.16043,-0.24162365,-0.9377295,8.300659,0.98235226,-0.7546217,13.829061,-1.0181041,-0.87772286,1.2904663,1.1270659,-0.25920224,3.8165154,-0.12835969,-0.1647698,0.9026908,0.98435944,-0.090604015,5.5250416,0.7159245,-0.18736956,0.830341,0.93090177,1.0,0.8916584,0.8588465,0.74079114,0.6982751,0.7065605,0.7228613,0.69525903,0.7860198,0.85213345,5.048056,-8.251962,-8.301633,3
12.178866213151927,0.00023338289,4881.489313639669,3219.622617031422,8957.8125,0.06490820646286011,0.0,0.01000000081347231,-823.31506,-10.025375,0.14187384,20.75555,2.6966152,-1.7469648,16.306396,-1.4328458,0.0005756849,6.8329296,0.08135,-0.013183022,5.061816,-0.42419904,-0.074804276,0.8152535,0.37466243,-0.64454585,6.949774,-0.7812731,-0.59664416,10.29768,0.5406251,-1.1216358,8.990599,-1.4858528,-0.3264686,4.01585,1.3094739,-0.4627663,1.741024,-0.16153015,-0.14947498,2.176948,0.81550723,-0.39676312,6.762739,0.24448389,-0.23516275,0.89882505,0.94798166,1.0,0.8770132,0.8963352,0.88600904,0.79063004,0.8512268,0.90312505,0.8319407,0.9002774,0.9479711,4.7918773,-8.517638,-8.286515,3
12.19047619047619,0.00021396982,4893.653215573271,3193.499747562204,8925.5126953125,0.054971132427453995,0.0,0.01000000000000011,-831.6732,-9.985018,0.88380384,18.984482,1.84316,-1.8991488,16.25359,-1.5956162,0.104302615,6.4973955,0.2802358,-0.024415523,5.5985265,-0.38169023,-0.15201533,3.9167619,-0.15428935,-1.0871434,3.777698,-1.0967696,-0.05475745,7.962213,-0.13610235,-0.91694707,5.9759145,-1.7303085,0.19151637,0.6434182,1.1565155,-0.42190355,0.8016851,-0.16544922,-0.05694466,2.3306868,0.57589823,-0.5370264,8.224527,-0.023622831,-0.41367128,0.88445544,0.9738246,1.0,0.9243587,0.95775855,0.94492346,0.8450608,0.87100935,0.9496445,0.87006474,0.8299983,0.8515708,4.8766885,-8.60825,-8.390512,3
12.202086167800454,0.00019621465,5028.703091693864,3161.8078233599063,8968.5791015625,0.04934736713767052,0.0,0.01000000000000011,-841.3224,-8.973752,1.241418,13.77802,0.77191615,-0.97940904,14.763411,-1.5781746,0.029831948,3.846181,0.17871374,-0.122319594,4.31189,-0.33486167,-0.07012277,3.307238,-0.5270877,-0.86684906,1.8428481,-1.1166056,0.46607375,5.1658816,-0.9059991,-0.49619576,3.782561,-1.8545517,0.37897748,-1.456128,0.6497057,-0.19127527,0.4279153,-0.14420228,0.24789995,2.8984153,0.3328323,-0.2811087,8.898432,-0.23276055,-0.4585482,0.89210045,0.98744065,1.0,0.9196229,0.928656,0.9098672,0.89110523,0.84930897,0.9487119,0.89047045,0.75750124,0.7763866,4.908182,-8.586734,-8.390147,3
12.213696145124716,0.00017944947,5102.565429715961,3159.710600386749,8979.345703125,0.04799226298928261,0.0,0.01,-849.788,-7.480727,1.301929,11.932985,-0.01303312,0.2947985,13.732206,-1.4521799,-0.08950617,3.3061912,-0.16302273,-0.17324673,2.453391,-0.2811189,0.15741257,-0.8188281,-0.6991614,-0.137087,1.3068879,-0.93832326,0.55240685,3.43232,-1.5801066,-0.19029719,3.4375553,-1.7690551,0.19434269,0.95135427,0.13860746,0.05041272,0.46585494,0.09088954,0.472319,2.1427088,0.2798152,0.16929962,7.4324408,-0.58558667,-0.4313863,0.94017667,0.986731,1.0,0.932818,0.9256455,0.8400934,0.8805879,0.83516693,0.8989214,0.87207276,0.7759609,0.82989377,5.017359,-8.466421,-8.429088,3
12.225306122448979,0.00016383224,5098.184832816022,3170.427544789409,8979.345703125,0.044202081859111786,0.0,0.01,-857.9323,-6.2551217,1.2849272,12.343233,-0.29455626,0.7936097,12.114619,-1.3924326,-0.040094487,5.7869124,-0.46935186,-0.12833783,2.2215137,-0.21790312,0.2775586,-5.304576,-0.65921235,0.6599344,1.0208132,-0.6695932,0.19430509,2.5476902,-1.8651059,-0.06294608,3.4172223,-1.5805881,-0.13752311,3.7837589,-0.014879684,-0.072848186,0.5872589,0.47633922,0.35180283,1.0755225,0.5054502,0.43948242,4.9593096,-0.9781927,-0.28856346,0.9836252,0.97750294,1.0,0.9960099,0.99703854,0.81111616,0.8546774,0.85656816,0.8821376,0.8682259,0.84389716,0.94646186,5.0620728,-8.462195,-8.468349,3
12.236916099773243,0.00015080784,5089.6353522156605,3179.3639371246545,9011.6455078125,0.040785934776067734,0.0,0.01,-864.9551,-5.472296,1.0739627,13.245901,-0.13034937,0.17318018,9.734541,-1.3016493,0.21732806,6.8439894,-0.5140261,-0.23035015,2.2652495,-0.18133381,0.2007953,-7.164958,-0.3418153,1.0699035,1.5920562,-0.5261077,-0.107743554,2.143799,-1.6791089,0.021895804,2.3673174,-1.5010568,-0.18195169,4.1470423,-0.018064877,-0.48955333,1.0598223,0.5688768,0.09408953,1.1541855,0.7045331,0.4055081,4.0461135,-1.2250682,-0.065051995,0.91328526,0.9529361,0.93845046,0.9956912,1.0,0.7676954,0.77510375,0.8342635,0.854204,0.8199732,0.8561454,0.94773364,5.0726666,-8.370795,-8.489803,3
12.248526077097505,0.00014355937,5046.738113754222,3193.271894239857,9054.7119140625,0.040120724588632584,0.0,0.01,-867.3724,-4.983602,0.41880158,15.934992,-0.28146753,-0.71334285,8.048082,-0.9149695,0.48523954,4.694915,-0.40660155,-0.21520267,3.036274,-0.107137844,-0.032888994,-4.5825667,0.10569247,0.7516322,2.346087,-0.56148857,-0.25824454,-0.24254397,-1.250512,0.31330615,-0.8172065,-1.3404864,0.061327945,2.6417093,-0.32040632,-0.62615466,2.588523,0.32748872,-0.31893316,2.982311,0.6335739,0.050324276,3.9849432,-1.2843333,0.07789567,0.9120195,0.9665259,0.91340554,0.9993724,1.0,0.792661,0.8662222,0.92501336,0.8858671,0.8247425,0.9035362,0.9666612,5.075705,-8.534801,-8.421733,3
12.26013605442177,0.00014157464,5001.294736666282,3206.412481195866,9022.412109375,0.043792787939310074,0.0,0.01,-868.8268,-4.623936,-0.036972243,17.965511,-0.9208357,-1.173472,7.159995,-0.4934442,0.6248878,2.3906057,-0.35186538,0.0989246,4.0151577,-0.015732767,-0.14461921,-1.3954765,0.56639856,0.11282367,0.8366761,-0.6523172,-0.19822423,-3.9320176,-0.8008383,0.6221455,-3.45528,-1.0550222,0.50435036,1.3383999,-0.74263966,-0.29427367,4.37533,0.0023885607,-0.56309825,5.5398703,0.40309286,-0.46364382,1.8985765,-1.0940043,0.15396221,0.9359906,0.9545507,0.86832774,0.93134487,0.94607306,0.79990363,0.97540617,1.0,0.890168,0.80702734,0.9486176,0.94495314,5.0605245,-8.650323,-8.213511,3
12.271746031746032,0.00013880456,5055.770846365859,3192.686197021315,9065.478515625,0.038181040436029434,0.0,0.01,-872.45996,-4.1251383,-0.047114383,15.694719,-1.8341148,-1.2571198,6.597185,-0.0040243785,0.59641,1.5639274,-0.46311533,0.32935178,3.6656394,-0.09676417,-0.16218978,0.44268155,0.7733529,-0.40611959,-1.2112694,-0.6456466,0.022392435,-5.7318916,-0.43737808,0.71732354,-5.0773845,-0.50403476,0.91095376,0.42357787,-0.885496,0.13103616,4.977083,-0.13779454,-0.42213327,7.5569963,0.0885099,-0.75477505,0.13763845,-0.7898677,0.25812486,0.95794094,0.90793705,0.8482768,0.88614887,0.9216481,0.79381216,0.9877694,1.0,0.86563605,0.80066156,0.9773519,0.93763304,5.2087326,-8.584195,-8.153842,3
12.283356009070294,0.00013117644,5216.310779044849,3159.7841532263133,9119.3115234375,0.03503984957933426,0.0,0.01000000000000011,-878.5251,-3.5989654,0.31078798,11.677514,-2.9138255,-1.1495924,7.1562586,0.4548616,0.41834813,1.2294866,-0.4897037,0.21840051,2.378634,-0.28771627,-0.18672615,1.0457716,0.66652244,-0.49697843,-1.9195421,-0.47962373,0.36713472,-4.6713624,-0.14203642,0.5428795,-5.3899536,0.26009706,1.0357395,-0.9453448,-0.66204536,0.39664465,3.4679074,-0.19723228,-0.10012763,7.2294693,-0.27040145,-0.65808123,-0.5703777,-0.49480537,0.4413741,0.9819175,0.89968693,0.8891236,0.9113121,1.0,0.834423,0.94985706,0.9826509,0.89347965,0.83884776,0.98362243,0.96167886,5.264321,-8.440395,-8.241715,3
12.294965986394558,0.00012248725,5420.675455886956,3115.4750069277898,9162.3779296875,0.035598430782556534,0.0,0.010000000000000439,-886.2919,-3.183317,0.8634078,6.891965,-3.8231688,-0.65727687,9.373182,0.66481376,0.11945825,2.5295246,-0.38718048,-0.08092728,1.6013504,-0.38063326,-0.025449287,-0.8218237,0.392799,-0.17636877,-2.8547716,-0.129619,0.61506516,-1.8552914,0.22079559,0.17828654,-4.00115,0.95966566,0.7183672,-2.4574475,-0.34242108,0.42046443,0.064917624,-0.34790635,0.14106214,4.249795,-0.6348294,-0.29559863,-1.4167341,-0.2246937,0.47059938,0.9087901,0.8548379,0.8837401,0.88179004,1.0,0.8180252,0.8318056,0.86758965,0.83737546,0.8086822,0.8792239,0.9192678,5.3849277,-8.413559,-8.241822,3
12.30657596371882,0.0001191494,5524.4927797990185,3080.4472995243445,9151.611328125,0.03607356548309326,0.0,0.01000000000000011,-889.8205,-2.7715383,1.037073,3.0531626,-3.993124,0.158818,10.0384865,0.6187079,-0.21294308,4.0612497,-0.33789235,-0.25013077,2.4684885,-0.3031821,0.18813127,-1.0465909,0.21311471,0.123291925,-2.9260433,0.34816444,0.5621787,-0.49810034,0.5538372,-0.11471975,-1.8803189,1.2946516,0.18426454,-2.4066098,-0.065175265,0.3580644,-0.90774333,-0.39987615,0.29879212,1.6270843,-0.86136085,0.12253487,-0.9255188,0.048118524,0.24094462,0.8960485,0.9048274,0.9567077,0.90621454,1.0,0.84676135,0.7712499,0.8248129,0.866995,0.7772761,0.8317638,0.93175733,5.4011765,-8.294308,-8.157362,3
12.318185941043083,0.00012397491,5624.350692028163,3028.0924811184186,9130.078125,0.044037703424692154,0.0,0.010000000000001869,-889.276,-2.334736,0.65934414,-1.4304229,-3.2435637,0.9904095,11.164679,0.3214029,-0.5228585,2.300212,-0.39135098,-0.21518017,1.7442147,-0.07709956,0.27257776,-0.7837411,0.09428247,0.13135742,-1.9858265,0.6700975,0.2974176,-1.0403466,0.6049946,-0.20256895,1.118068,1.2737364,-0.3344515,-1.4629278,0.20122899,0.2683632,1.4846734,-0.24418145,0.3043212,0.9923553,-0.83426636,0.40833002,0.1580954,0.23277475,0.050389595,0.87279755,0.9184425,1.0,0.9118831,0.93755144,0.8430334,0.72351325,0.74502695,0.8610106,0.7213694,0.7900316,0.92635375,5.3599944,-8.02974,-8.050525,3
12.329795918367347,0.00013378599,5789.397602560216,2954.8580344070638,9151.611328125,0.048469722270965576,0.0,0.010000000000006925,-888.557,-1.9785156,-0.01604062,-7.7805576,-2.133933,1.5106524,12.086773,-0.16256428,-0.64707196,0.21773934,-0.55075556,-0.1361393,0.20795678,0.14762416,0.23177996,0.12544341,0.00576281,-0.066548735,-0.06112954,0.78299963,0.023713123,-2.074504,0.38037157,-0.1394549,3.7607784,1.0333648,-0.59989274,-0.11239931,0.39487335,0.0739677,2.7988033,0.03124672,0.1188031,1.3738241,-0.54245627,0.42700693,1.2948096,0.3318012,-0.039137796,0.87866014,0.9405554,1.0,0.9170776,0.895901,0.80836964,0.658109,0.6892701,0.8548624,0.7176683,0.7562877,0.91664726,5.3545175,-7.7631097,-8.006677,3
12.34140589569161,0.0001377903,5927.029641352741,2900.3447514989703,9216.2109375,0.03959421068429947,0.0,0.0100000000000754,-889.0926,-1.7564352,-0.49839565,-11.384328,-1.0629884,1.5199302,11.320902,-0.6426154,-0.51510054,-0.55922544,-0.71809787,0.053044174,1.1204243,0.25571376,0.15722692,1.3050303,-0.01945343,-0.2951469,1.7140601,0.7833883,-0.22916755,-1.7128335,0.15153472,1.849189e-05,4.1905994,0.6243979,-0.61205256,-0.0979383,0.43351683,-0.13609315,1.3924403,0.2231527,-0.13038827,1.267321,-0.23336442,0.16838677,1.1459196,0.31729248,-0.13850792,0.88803655,0.9619061,1.0,0.93230706,0.91316736,0.78255063,0.5955902,0.64870524,0.8501433,0.76223236,0.80910146,0.9533779,5.455744,-7.851909,-8.052216,3
12.353015873015874,0.00012889811,5969.203372621023,2905.305644177438,9313.1103515625,0.03005376271903515,0.0,0.010000000000221913,-892.1634,-1.8559021,-0.41748893,-9.812429,-0.18740061,1.1402892,9.9846945,-0.9612811,-0.33965138,-0.5222132,-0.73805606,0.1770619,2.4259603,0.24074453,0.058643304,1.6051259,-0.1628577,-0.3062055,2.718703,0.59880334,-0.37897134,-0.14091927,0.071454145,-0.008868574,3.158335,0.1547711,-0.4727978,0.086805314,0.27414322,-0.2335437,1.0452831,0.084507726,-0.20421623,1.0788968,-0.12929602,-0.07723505,0.5378425,0.12934868,-0.18098527,0.896611,0.9667631,1.0,0.9416472,0.9286545,0.7704714,0.61980987,0.6120023,0.7982395,0.8051392,0.84881103,0.95847106,5.3376455,-7.9103203,-8.145821,3
12.364625850340136,0.00011300656,5971.759553678142,2952.1084412774476,9323.876953125,0.02589719370007515,0.0,0.010000000000613858,-896.1678,-2.0544138,0.006654021,-4.9947014,0.531408,0.4669628,7.8109703,-1.1992912,-0.08453399,-0.4873099,-0.54415804,0.1018295,3.2792473,0.25418374,-0.14766267,0.08096723,-0.30499774,-0.18110761,2.3608642,0.30820122,-0.3702597,0.26806706,0.08877397,-0.11169932,2.1112952,-0.26510334,-0.22481297,0.91459286,0.07478682,-0.20849317,1.5409317,-0.17620178,-0.07998753,1.2104819,-0.17914337,-0.1296844,0.96168566,-0.05070983,-0.1326511,0.87390924,0.9372453,1.0,0.9424153,0.91478544,0.7529646,0.6713798,0.6250933,0.7758338,0.8486359,0.82837445,0.91393864,5.2650237,-8.093569,-8.330405,3
12.376235827664399,0.00010218316,6007.703247982168,3000.6759883447753,9377.7099609375,0.030743449926376343,0.0,0.01000000000061386,-899.6703,-2.004071,0.4308033,-2.4952104,1.0098537,-0.24638455,5.8772936,-1.2379023,0.17126359,-1.76263,-0.36245644,0.06378031,3.5117855,0.21287532,-0.2764882,-1.3929307,-0.39954624,0.032513388,2.1663804,0.04065902,-0.2067779,-0.5687765,0.07358242,-0.16205047,2.2387245,-0.4542202,0.027274618,0.8607704,-0.079141535,-0.13038662,1.8761427,-0.23845138,-0.016119784,1.5774627,-0.25369522,-0.085256934,1.6441889,-0.15414366,-0.06570332,0.8504705,0.89407337,1.0,0.93973666,0.83699924,0.6769258,0.6659368,0.68931776,0.8076081,0.84760725,0.7623645,0.851126,5.287303,-8.278899,-8.329802,3
12.387845804988663,9.837457e-05,6007.045935474555,3008.583574636311,9377.7099609375,0.028134681284427643,0.0,0.010000000001606035,-900.90356,-1.6382009,0.67323405,-2.6014733,0.9430664,-0.61938775,5.05722,-1.0360014,0.32272646,-2.2952845,-0.29345956,0.08954416,3.332567,0.044852592,-0.17576285,-1.6561451,-0.4172155,0.19736578,2.2084317,-0.103615135,-0.022850413,-0.6668665,-0.056544255,-0.10036519,1.9295323,-0.38783944,0.1371408,0.35620815,-0.16079916,-0.11062271,1.7345444,-0.15399662,-0.050798915,0.7512134,-0.28701073,-0.050614376,1.2028189,-0.14653216,-0.04186157,0.88428193,0.8890243,1.0,0.96419156,0.7872122,0.63288385,0.65668285,0.7728734,0.8348489,0.81256175,0.7304858,0.8398432,5.2692842,-8.215234,-8.401806,3
12.399455782312925,9.5541094e-05,5970.831212440418,2982.406933399334,9280.810546875,0.026944929733872414,0.0,0.010000000009505967,-901.6129,-1.0525411,0.64055526,-3.119639,0.4252699,-0.5513556,4.182086,-0.7368954,0.37080967,-2.5907636,-0.27412218,0.11030904,2.696772,-0.10877254,-0.058490623,-1.7699506,-0.31994486,0.21234593,1.6348572,-0.13788606,0.06753505,-0.9544871,-0.20525533,-0.007551788,1.1135024,-0.21278842,0.15578914,-0.39853114,-0.26488623,-0.06886685,0.5966767,-0.11087225,0.03821152,-0.21910912,-0.30691725,-0.0010798634,0.10253768,-0.099902295,0.017198754,0.88234097,0.8744229,1.0,0.9845855,0.79720837,0.64462817,0.64480895,0.7943688,0.8001393,0.79038525,0.74246407,0.88089865,5.167957,-8.254425,-8.371373,3
12.411065759637188,9.221041e-05,5932.960692473245,2959.1946838282647,9237.744140625,0.028278911486268044,0.0,0.010000000009505967,-902.51807,-0.5109619,0.4393979,-3.175724,-0.09098348,-0.23436911,3.2625165,-0.42696837,0.29529667,-2.5776482,-0.21118422,0.09833982,2.3128316,-0.18322118,0.019235007,-1.7070596,-0.13572948,0.10405497,1.2560966,-0.08796425,0.064527825,-0.9647689,-0.2355908,0.0002408923,0.4874109,-0.049598176,0.17450146,-0.5470911,-0.3713144,-0.015145365,0.11447485,-0.05530261,0.16901417,-0.36668292,-0.3313898,0.051054794,-0.013384335,-0.093576245,0.11250258,0.85939264,0.84913284,1.0,0.9586167,0.7842626,0.65787023,0.65871364,0.75661814,0.7283612,0.78260744,0.75486565,0.911744,5.386809,-8.197315,-8.306116,3
12.422675736961452,9.089554e-05,6015.35602692757,2924.3158560945126,9259.27734375,0.02875554747879505,0.0,0.010000000003996623,-902.64026,-0.19227499,0.19109975,-2.7339075,-0.24117145,-0.009032029,3.1517699,-0.23209271,0.1649011,-2.2190216,-0.09419102,0.029407384,2.3580453,-0.17520846,0.054703165,-1.4868665,-0.027293917,0.00878626,1.4722594,-0.047504682,0.060977124,-0.8912988,-0.18717805,-0.01740316,0.7927236,0.027098116,0.17051142,-0.58039325,-0.35720727,0.021290183,0.3564067,0.023464072,0.1975639,-0.4422811,-0.31970125,0.08036017,0.009501781,-0.037852842,0.1701975,0.8770253,0.85359997,1.0,0.92522067,0.77527684,0.636212,0.6455135,0.7054594,0.7159014,0.77858907,0.7839057,0.93418026,5.41466,-8.177713,-8.291726,3
12.434285714285714,9.418438e-05,6197.323949748382,2892.4661423554185,9377.7099609375,0.034304793924093246,0.0,0.010000000001606035,-902.14716,-0.091908775,0.04773478,-3.3006043,-0.15975653,0.08095043,3.6036024,-0.12924251,0.07889196,-2.4363103,-0.0552592,-0.00019193263,2.5311105,-0.09034783,0.08244479,-1.6459394,-0.03519661,-0.02931284,1.7799304,0.00741415,0.06284801,-1.2853671,-0.15578038,0.029191973,1.2404643,0.09051438,0.06667233,-0.9638593,-0.25287318,0.07739152,0.6322434,0.0989816,0.10051865,-0.65923107,-0.21160668,0.06061805,0.21714056,0.081612185,0.11108555,0.91876394,0.89091307,1.0,0.9713916,0.8389621,0.63296944,0.63275087,0.6688917,0.7088311,0.74711186,0.8093501,0.93478775,5.506289,-8.125086,-8.262793,3
12.445895691609977,9.961905e-05,6325.860863053946,2875.823936237036,9571.5087890625,0.034720610827207565,0.0,0.010000000001606035,-901.57837,-0.04643758,-0.047015037,-4.4410424,-0.086778715,0.10396736,3.8982272,-0.049468406,-0.005181125,-2.873509,-0.06087629,-0.018819546,2.1872787,0.00014272929,0.06516159,-1.8391703,-0.07173391,-0.051621452,1.6712568,0.072288044,0.019346038,-1.8189368,-0.12795986,0.04542163,1.7031626,0.13351528,-0.059413224,-1.5312423,-0.15611526,0.098199435,1.228601,0.15460749,-0.058205422,-0.8332312,-0.11746946,0.04822922,0.7191113,0.14379045,-0.017729448,0.8888071,0.90266204,0.9566156,1.0,0.9233152,0.6466431,0.6466281,0.63954633,0.68147475,0.70426726,0.7706383,0.8693779,5.645847,-8.046794,-8.180399,3
12.45750566893424,0.0001016229,6362.6547224187925,2884.3728526429277,9636.1083984375,0.030806122347712517,0.0,0.010000000009505967,-901.5225,-0.029250082,-0.101886965,-4.646947,-0.04647902,0.12309348,3.8751326,-0.008226291,-0.054389462,-2.8443365,-0.08556493,-0.008815926,2.0097196,0.056852274,0.057405397,-1.6961691,-0.1169466,-0.047168713,1.6676432,0.10515256,0.0048165545,-2.0347214,-0.12008337,0.054292392,2.1937227,0.12907101,-0.11287139,-2.1556144,-0.105341315,0.11420053,1.8082669,0.13086638,-0.12574443,-1.1913297,-0.07288659,0.07131109,0.7679483,0.10808879,-0.07988526,0.8054444,0.86282283,0.91213673,1.0,0.949545,0.6353132,0.62924075,0.5889605,0.6741968,0.7137119,0.7179687,0.7655459,5.794153,-7.853416,-8.033209,3
12.469115646258503,9.848095e-05,6367.935685686913,2902.5815345798046,9646.875,0.02676291950047016,0.0,0.010000000047529658,-902.2002,-0.05189209,-0.05112236,-3.8867552,-0.028693683,0.09307718,3.3391263,-0.0137919905,-0.017071852,-2.657668,-0.10690585,0.009151182,2.0759711,0.07929177,0.052711364,-1.7529917,-0.14285482,-0.019452075,1.7102433,0.09804937,0.01577941,-1.8381815,-0.10210226,0.046272226,1.9639599,0.07011567,-0.078244105,-1.942924,-0.053926963,0.098693684,1.7274077,0.054574426,-0.11770078,-1.3809509,-0.018535934,0.084510304,1.0366311,0.038173523,-0.11374793,0.76961094,0.85209924,0.898499,1.0,0.96931887,0.64717907,0.6226349,0.5704414,0.70882386,0.7601139,0.7232539,0.7193519,5.714818,-7.9193277,-8.057895,3
12.480725623582767,9.360326e-05,6392.875184597854,2907.2975916958217,9603.80859375,0.026129426434636116,0.0,0.010000000047188552,-902.605,-0.07809652,0.04263821,-3.260089,0.025374483,-0.018707678,3.2578797,-0.028905073,0.044662006,-2.777028,-0.08459101,-0.0006830739,2.637198,0.08726544,0.020660684,-2.1141827,-0.1250194,0.0069488036,2.0075817,0.08179016,0.0043770364,-1.5739156,-0.053314008,0.01428844,1.5686392,0.011363882,-0.028910922,-1.2366211,0.012543066,0.043908242,1.3062755,-0.021223119,-0.07681565,-1.0414445,0.039751202,0.0680589,1.1583629,-0.040078484,-0.09938768,0.78085375,0.89507556,0.93131816,1.0,0.97331613,0.68184143,0.6162445,0.57186073,0.74076027,0.7878064,0.7467513,0.70366836,5.7012854,-8.036015,-8.071606,3
12.49233560090703,9.098049e-05,6446.8140952799,2877.5172098112957,9539.208984375,0.026981519535183907,0.0,0.010000000046305956,-902.6205,-0.084244795,0.08977056,-3.4450364,0.07070058,-0.098444924,3.2819767,-0.028823506,0.055240948,-3.0330431,-0.05272255,0.0019977144,2.7270231,0.0916173,-0.046399374,-2.394997,-0.09009056,0.046488214,2.0646439,0.05910619,-0.045466166,-1.756245,0.0054401895,0.0069804587,1.4813776,-0.050635308,-0.003701906,-1.2439085,0.07989916,-0.0048925863,1.0424323,-0.09313064,-0.013595745,-0.87272024,0.0782363,0.02840365,0.72931755,-0.09065375,-0.035935774,0.8266201,0.94233423,1.0,0.9821371,0.9319089,0.6999187,0.6146219,0.5745477,0.7148657,0.77263445,0.74820477,0.6974324,5.7217216,-7.99289,-8.132616,3
12.503945578231292,9.114662e-05,6545.8262757213215,2800.3510198448275,9431.54296875,0.02832913212478161,0.0,0.010000000046305819,-902.5873,-0.064883426,0.050052397,-3.498392,0.07409057,-0.040038038,3.3541036,-0.05742131,-0.020688444,-3.1342072,-0.006558804,0.06530571,2.8636656,0.056827128,-0.08479531,-2.5675838,-0.06497232,0.076466605,2.2655244,0.00975733,-0.0794413,-1.9682243,0.06265874,0.049946062,1.6776989,-0.10801079,-0.013637368,-1.3902731,0.11116647,-0.031653628,1.1012336,-0.11920722,0.035813563,-0.80911577,0.11442426,-0.007853681,0.51809466,-0.1233353,-0.011464745,0.83235,0.9021084,1.0,0.9183705,0.85452735,0.6733466,0.58737797,0.5446278,0.64796734,0.691729,0.6855132,0.69385594,5.8923187,-7.6187077,-7.8195357,1
12.515555555555556,9.233148e-05,6652.295731924366,2734.745733548828,9528.4423828125,0.029956066980957985,0.0,0.010000000100009187,-902.2969,0.11969808,0.11011323,-3.8606894,0.02510812,0.036932014,3.5944526,-0.3374322,-0.32577506,-3.2362466,0.26368758,0.30072334,2.8712637,0.08004329,-0.0038996523,-2.5560389,-0.22131756,-0.11356077,2.2971263,-0.070370786,-0.10402628,-2.0572371,0.35320896,0.31985584,1.7836962,-0.2647833,-0.18272565,-1.4429026,-0.05042213,-0.1245514,1.0418626,0.08148743,0.19044608,-0.62563336,0.19531691,0.04779196,0.2536823,-0.38925436,-0.19780071,0.8231989,0.8728392,1.0,0.9544987,0.8432616,0.6539182,0.5468793,0.53587145,0.6106468,0.6560029,0.65694386,0.71600306,6.047897,-7.4434643,-7.8278275,1
12.527165532879819,9.284959e-05,6681.026752666088,2713.083431088957,9571.5087890625,0.028748681768774986,0.0,0.01000000004718855,-902.1423,0.3744273,0.24248356,-4.039959,-0.006704835,0.048494276,3.6726592,-0.81988204,-0.6070214,-3.194343,0.6977673,0.5220342,2.7373674,0.15116595,0.123106144,-2.3873703,-0.5049451,-0.36179477,2.1498399,-0.17057347,-0.10477226,-1.9600847,0.82475364,0.59760034,1.7291799,-0.52916694,-0.36130607,-1.3993926,-0.29209882,-0.22308432,0.9787109,0.40493447,0.35102215,-0.5368261,0.28442708,0.12889501,0.1667903,-0.76083875,-0.42183876,0.83805573,0.8665996,0.9899696,1.0,0.85006577,0.6495396,0.5295145,0.55709827,0.61158425,0.66428435,0.6771664,0.7641296,6.090493,-7.476886,-7.892019,1
12.538775510204081,9.204134e-05,6638.750751770804,2714.8651722325662,9571.5087890625,0.027301829308271408,0.0,0.01000000002169996,-902.3333,0.6422221,0.34831733,-3.7892318,-0.021838065,-0.017385522,3.4660106,-1.320309,-0.6958853,-3.0232582,1.128952,0.5746973,2.5615392,0.30674887,0.21641569,-2.157254,-0.874814,-0.52985793,1.838275,-0.21892253,-0.06187672,-1.5852065,1.3181769,0.6604894,1.354907,-0.8109906,-0.39469522,-1.1115189,-0.5242069,-0.32018608,0.8478413,0.75265735,0.45119202,-0.5863055,0.35634315,0.1257971,0.36171505,-1.0876987,-0.50741756,0.88485384,0.8960364,0.98161805,1.0,0.876071,0.66419834,0.57955396,0.62770975,0.65403557,0.69967616,0.74413556,0.83420926,6.103398,-7.7524,-8.171007,3
12.550385487528345,9.1216214e-05,6528.545817422586,2740.032128477332,9539.208984375,0.028768330812454224,0.0,0.01000000287110037,-902.7082,0.85592246,0.32480586,-3.1148827,-0.062452383,-0.077859186,2.633141,-1.6710361,-0.49408576,-2.4090676,1.4113173,0.39704776,2.4118056,0.4568756,0.23396264,-2.190703,-1.1916296,-0.48318538,1.5887297,-0.22576329,0.018098194,-1.0162389,1.6429163,0.44551182,0.8745005,-0.98394626,-0.23139368,-0.98053694,-0.7350721,-0.31947884,0.8437581,1.0277778,0.40359974,-0.3850309,0.38696316,0.057888597,0.038800977,-1.3123512,-0.3632511,0.93555355,0.9585475,0.98412484,0.9907568,1.0,0.8366275,0.81300133,0.7643645,0.71632624,0.7689883,0.8456527,0.87146914,6.0477753,-7.883734,-8.262926,3
12.561995464852608,9.362916e-05,6331.237397471806,2778.398729408689,9453.076171875,0.03555402532219887,0.0,0.0100000470079773,-900.58215,0.91123044,0.124358736,-3.3115487,-0.07356586,-0.092800945,-1.4254584,-1.754626,-0.031105977,1.0318167,1.46053,0.010140274,3.5599813,0.53725106,0.123264626,-5.17929,-1.3197658,-0.17410447,1.1109262,-0.18935452,0.08026892,2.9541411,1.6944023,0.005046765,-1.4368203,-0.9916212,0.04468316,-2.955234,-0.8306828,-0.14365196,3.4245334,1.130938,0.13536653,0.8452127,0.37907913,-0.025850939,-3.6908855,-1.3615296,-0.04109106,0.7876885,0.8540054,0.86388606,0.86358345,1.0,0.9357124,0.9990746,0.84095967,0.67374516,0.70681685,0.78671074,0.7222794,5.9920354,-7.938251,-8.169143,3
12.57360544217687,0.00010151732,6103.159277085855,2809.61704691629,9388.4765625,0.041605394333601,0.0,0.010000127845232541,-898.44775,0.7871206,-0.2168517,-3.6703963,-0.06838168,-0.030673373,-5.1171827,-1.5017163,0.53817296,4.2250195,1.2418711,-0.45575818,4.5833297,0.48697498,-0.10116191,-7.8882766,-1.166326,0.3212055,0.6173781,-0.13690892,0.09760104,6.670599,1.4424222,-0.51912814,-3.6714196,-0.84092414,0.32666004,-4.6223235,-0.7313178,0.18562815,5.77096,0.98373395,-0.28608316,1.7146373,0.339642,-0.114195436,-6.7264276,-1.2058576,0.37722337,0.5490265,0.6366711,0.6656522,0.6622164,0.8248853,0.8606952,1.0,0.80658084,0.5339428,0.52180296,0.5687031,0.50199175,6.1590195,-6.9402976,-7.0675077,1
12.585215419501134,0.00011115582,5923.705426909408,2827.6497371914284,9280.810546875,0.04059576615691185,0.0,0.01000020633903134,-896.8077,0.47124836,-0.5856786,-4.1494436,-0.03587179,0.088884614,-7.3993587,-0.90956104,1.0286928,6.0514674,0.74769163,-0.86316293,5.77554,0.29689777,-0.3437649,-10.264228,-0.69867724,0.8314149,0.75029325,-0.09790993,0.06308855,8.79564,0.8844524,-0.9695619,-4.8477144,-0.5113676,0.55642974,-6.0315223,-0.43522322,0.53802717,7.672401,0.5619447,-0.7295369,1.8062403,0.264492,-0.17365688,-8.148491,-0.7862199,0.78563935,0.4262357,0.51458186,0.55833733,0.5487588,0.69341946,0.7864145,1.0,0.7762839,0.44377258,0.39546636,0.42034736,0.396264,6.1157107,-6.824404,-6.920613,1
12.596825396825396,0.00011565537,5870.69624150589,2842.796232677573,9323.876953125,0.03360472992062569,0.0,0.01000032860450166,-896.1504,0.012635294,-0.7705584,-4.5228143,0.0314453,0.18564509,-7.8482914,-0.09945562,1.183951,6.346317,0.07745965,-0.98693144,6.3660007,-0.006516234,-0.49133646,-11.154925,0.01196785,1.0991967,0.987268,-0.10048401,-0.010412097,9.085684,0.14798449,-1.1064781,-4.7097054,-0.095387444,0.60660505,-6.9024954,0.037285924,0.7384763,8.5047,-0.06753999,-0.9679539,1.687815,0.13258453,-0.17253987,-8.405785,-0.11973925,0.9615656,0.3728157,0.45842466,0.52094305,0.5173699,0.62850326,0.76162225,1.0,0.743342,0.3968165,0.3262675,0.35348853,0.36267793,6.0684915,-6.755988,-6.8083034,1
12.60843537414966,0.000111965535,5988.925680534223,2849.3922210763103,9399.2431640625,0.029561087489128113,0.0,0.01000020633903134,-896.95026,-0.4856547,-0.5602076,-4.2830515,0.11796161,0.13979681,-6.7139597,0.7519107,0.8482492,5.3203244,-0.6339448,-0.6960885,6.0586734,-0.33309442,-0.40297997,-10.298979,0.7885931,0.8797851,1.1155661,-0.13270012,-0.097940795,7.962338,-0.6175211,-0.74042594,-4.0236673,0.33705047,0.39463156,-6.4053698,0.5655077,0.60722053,7.7173615,-0.7751854,-0.79757106,1.6708828,0.0073822616,-0.06279599,-7.793421,0.6080745,0.69255775,0.39430636,0.46213245,0.53261817,0.5448978,0.6442328,0.7710843,1.0,0.6951484,0.37649548,0.30968183,0.36039382,0.39285955,6.064812,-6.70385,-6.757646,1
12.620045351473923,0.00010264858,6201.430988107154,2830.8619924093573,9463.8427734375,0.02859530784189701,0.0,0.010000078102280324,-898.5953,-0.8122508,-0.21314229,-3.78188,0.18212081,0.047610693,-4.4839163,1.2904962,0.3350606,3.5434313,-1.0788758,-0.2604504,4.8881545,-0.5632257,-0.2071284,-8.022622,1.3132529,0.43146762,1.0291268,-0.17426738,-0.12038338,6.0042524,-1.0983187,-0.24672228,-3.205925,0.60595864,0.117832646,-4.6687202,0.9219351,0.3187676,5.6901426,-1.2572206,-0.41291252,1.5882328,-0.035364494,0.020878907,-6.468029,1.024955,0.28063118,0.48413864,0.5378936,0.6257188,0.6414972,0.7456147,0.8017136,1.0,0.68210095,0.41903043,0.37960687,0.45025504,0.5011313,6.06971,-6.891173,-6.9094005,1
12.631655328798185,9.3791474e-05,6357.528455538727,2788.5220741020694,9485.3759765625,0.02670353278517723,0.0,0.01000000928748663,-900.73956,-0.96238506,0.09338815,-3.1282048,0.23212102,-0.031353764,-1.512584,1.4808323,-0.12458992,1.0531641,-1.2210081,0.11718265,3.4627304,-0.6913171,0.02311523,-4.8869667,1.536462,-0.07935126,0.6945358,-0.1848783,-0.02165812,3.308341,-1.2877266,0.11884199,-1.7022929,0.6958677,-0.07326822,-2.5786188,1.0686201,-0.040570583,2.8123748,-1.4294989,0.07006213,1.4949973,-0.063435726,2.911416e-05,-4.080354,1.1632086,-0.062015545,0.6487989,0.69923913,0.8290519,0.8266424,0.95893246,0.8917747,1.0,0.738222,0.597039,0.56606686,0.629228,0.6834248,6.0104547,-6.9945526,-7.022794,1
12.64326530612245,8.924552e-05,6424.2930088369585,2728.882165939845,9442.3095703125,0.028021834790706635,0.0,0.010000000208892744,-902.2912,-0.938324,0.25954896,-2.6915674,0.2553146,-0.059721094,0.718668,1.3668277,-0.4096259,-0.73960364,-1.119283,0.34184876,2.1638045,-0.6697531,0.1923371,-2.154567,1.4226637,-0.45775688,0.09656975,-0.11580324,0.12158422,1.4793773,-1.2563289,0.27774435,-0.7959658,0.66940033,-0.13205054,-0.5870493,0.9757183,-0.3534449,0.31894565,-1.2655411,0.48158848,1.2134402,-0.1525942,-0.087161444,-1.683153,1.1457229,-0.24947698,0.72750247,0.7794622,0.9043762,0.8961827,1.0,0.8161314,0.7874274,0.6526503,0.7144184,0.6549185,0.6838491,0.7294744,5.9264474,-7.2074146,-7.2093883,1
12.654875283446712,8.855626e-05,6422.7324517642555,2676.114721904715,9366.943359375,0.028153864666819572,0.0,0.010000000009505584,-902.4072,-0.7178752,0.31385836,-2.9720993,0.17132775,-0.09047784,1.6918327,1.1044296,-0.4471655,-1.5540149,-0.9117232,0.35423976,1.9040754,-0.47606954,0.295937,-1.1223814,1.0317627,-0.6322626,-0.47155532,0.019703636,0.23175392,1.0987481,-1.0881339,0.27196798,-0.4863096,0.6058566,-0.11251446,0.21603072,0.67941403,-0.48826432,-0.9805843,-0.8750864,0.6495032,1.5123615,-0.2509502,-0.1330089,-0.8707315,1.0012405,-0.3106121,0.787932,0.83949405,0.9226684,0.9309001,1.0,0.7919042,0.6429408,0.5791004,0.7243723,0.66867375,0.7002387,0.7556324,5.9072714,-7.2578707,-7.2435265,1
12.666485260770974,8.975662e-05,6474.764560006361,2662.0163968866186,9442.3095703125,0.027239345014095306,0.0,0.010000000003996623,-902.4141,-0.3729777,0.31760186,-3.0259275,-0.025486939,-0.17120123,1.8380442,0.85743564,-0.25588673,-1.6442554,-0.7265201,0.18971267,1.7886262,-0.17088786,0.32413945,-0.89904994,0.5085213,-0.5937814,-0.5296395,0.18626945,0.25775817,0.9351391,-0.8526739,0.18531324,-0.39030695,0.49964204,-0.08680184,0.40662745,0.3404332,-0.40032738,-1.2784872,-0.44613516,0.535018,1.6857377,-0.28147492,-0.0880202,-1.1000042,0.72636396,-0.3031592,0.80372125,0.85324717,0.89967906,0.9358298,1.0,0.77796745,0.60121024,0.5461689,0.6570605,0.65364,0.69567037,0.7630236,5.9463496,-7.2113976,-7.1798124,1
12.678095238095239,9.0484216e-05,6591.606262101146,2671.9361783610593,9646.875,0.029111839830875397,0.0,4.813326532438098e-13,-902.8932,-0.047943115,0.24967924,-2.7183475,-0.22463837,-0.20429325,2.0448327,0.65434134,-0.027750079,-1.7627966,-0.56724775,0.002745254,1.5972012,0.10145261,0.2567408,-0.9645181,0.04065923,-0.38103288,0.14149931,0.328109,0.17489465,0.1556619,-0.61476994,0.08814684,-0.020415902,0.36575496,-0.04867534,0.18481855,0.064532764,-0.20789215,-0.74092126,-0.08087808,0.2659823,1.0292212,-0.26663804,-0.0025199177,-0.83726114,0.4039217,-0.21281523,0.7841741,0.8461594,0.8928696,0.9477047,1.0,0.7311993,0.5932098,0.5430104,0.5858311,0.6464914,0.67077535,0.74131244,6.0256433,-7.1663837,-7.206531,1
12.689705215419501,9.0462425e-05,6725.146670023256,2683.084800740057,9722.2412109375,0.029768576845526695,0.0,0.010000000001048918,-903.4417,0.10905253,0.13545908,-2.283626,-0.2966839,-0.12662667,2.1229463,0.495756,0.02455875,-1.884949,-0.4394321,-0.024568753,1.6052368,0.23382153,0.103949115,-1.3187473,-0.21301097,-0.11315984,1.0516753,0.3890398,0.002519415,-0.81728804,-0.4468206,0.0999587,0.6170561,0.2627612,-0.07722824,-0.44569796,-0.08508281,-0.005274179,0.29785016,0.11754415,0.0026753952,-0.17294526,-0.21624571,0.08989252,0.076521054,0.15794086,-0.13415986,0.79111016,0.8636961,0.9201704,0.998789,1.0,0.6671821,0.5748098,0.5379536,0.5539863,0.67759365,0.6747707,0.7268626,6.060068,-7.3177724,-7.581656,1
12.701315192743763,9.2237555e-05,6878.610715936315,2680.6680259788977,9797.607421875,0.03132754936814308,0.0,1.9692945053045725e-13,-902.976,0.10167948,0.029142438,-2.9581642,-0.23571151,0.011683931,2.8387842,0.35921982,-0.08907452,-2.6500947,-0.32021013,0.08506692,2.4063778,0.21138142,-0.045226503,-2.125547,-0.23666093,0.07938271,1.8272798,0.34812686,-0.16667439,-1.5311159,-0.33098498,0.18936776,1.2545924,0.17760849,-0.13178346,-1.0115641,-0.095410116,0.101237826,0.81129026,0.14910173,-0.14346378,-0.65767294,-0.16645423,0.17340972,0.5494398,0.051658556,-0.12942897,0.79075027,0.8533628,0.885749,1.0,0.98070556,0.58012074,0.5395042,0.5152637,0.49740273,0.68425006,0.6942982,0.6975173,6.1523957,-7.220262,-7.5526943,1
12.712925170068027,9.656843e-05,7001.209680870526,2655.3041189857645,9840.673828125,0.03358994796872139,0.0,2.0209394697612897e-13,-901.81586,0.07489014,-0.07253064,-4.559123,-0.16368513,0.14990269,4.3237033,0.23848616,-0.216659,-3.9520583,-0.20770997,0.20776099,3.4731035,0.13589536,-0.1684733,-2.9232426,-0.15119746,0.19280915,2.342794,0.21326335,-0.24922036,-1.7721592,-0.18659589,0.23521355,1.2480572,0.0829406,-0.15970436,-0.8003855,-0.04008234,0.1280869,0.4495608,0.081760384,-0.16150899,-0.20541069,-0.08654861,0.17087674,0.06688021,0.0088668475,-0.120827675,0.8415205,0.8549671,0.8815669,1.0,0.9797781,0.5564956,0.52928555,0.50932777,0.48861217,0.68184185,0.7244536,0.735486,6.180778,-7.244343,-7.6946692,1
12.72453514739229,9.839085e-05,7028.791091000883,2623.6738383174006,9808.3740234375,0.028432976454496384,0.0,4.844011834870094e-13,-901.2739,0.05326945,-0.15550648,-5.2896566,-0.09321647,0.23671931,4.9540586,0.11334716,-0.25633094,-4.437998,-0.09446843,0.24029861,3.7972414,0.05947661,-0.20824364,-3.0940645,-0.052227,0.19899184,2.3867562,0.058676198,-0.199249,-1.7215167,-0.034266565,0.16868635,1.1287227,-0.013060656,-0.11537411,-0.6237464,0.034103774,0.08535306,0.21122062,-0.023147447,-0.08522349,0.10925259,0.024802258,0.07561528,-0.33827063,-0.053578082,-0.04403958,0.91480637,0.88041747,0.8991556,1.0,0.98485327,0.5871177,0.54277325,0.5317859,0.5552584,0.68119633,0.74230766,0.79628813,6.217208,-7.351863,-7.8498845,1
12.736145124716554,9.386856e-05,6921.421424216192,2617.0864054199,9722.2412109375,0.025201214477419853,0.0,1.1477340555266525e-12,-901.7838,-0.0142130535,-0.17826414,-4.577106,0.02143265,0.24555245,4.267021,-0.025370097,-0.2267678,-3.792372,0.031676605,0.1981204,3.20672,-0.039946802,-0.16300249,-2.5686157,0.049596015,0.12513304,1.9307714,-0.059902634,-0.087846145,-1.3323894,0.0701025,0.05356256,0.7962439,-0.07951948,-0.023548579,-0.33085638,0.08769249,-0.0019692883,-0.063822664,-0.09444011,0.023427412,0.38938406,0.09983185,-0.041369226,-0.6435032,-0.104051575,0.055948343,0.9814824,0.9632,0.9244086,0.98781586,1.0,0.645549,0.5981061,0.60267544,0.6460567,0.6932296,0.77996576,0.86427313,6.184734,-7.857898,-8.360805,3
12.747755102040816,8.7163935e-05,6737.097587130294,2599.3730856679895,9582.275390625,0.023849623277783394,0.0,0.0100000000023942,-902.57086,-0.15253703,-0.10786947,-3.4898593,0.21333998,0.1458137,3.2535949,-0.20626251,-0.1267113,-2.8917017,0.1947023,0.09831051,2.4442394,-0.1792056,-0.06485535,-1.9542241,0.16079123,0.030736526,1.4596312,-0.14097022,0.00048117567,-0.98807335,0.12157112,-0.026733806,0.555585,-0.10440082,0.04761675,-0.16905376,0.090843424,-0.06404103,-0.16905537,-0.081541814,0.0775196,0.45591396,0.07630209,-0.08933592,-0.68531394,-0.07424208,0.09988473,0.96337897,1.0,0.898194,0.96198577,0.9675118,0.6561644,0.64393747,0.6552917,0.6921649,0.7156898,0.8178483,0.9078151,6.1808662,-7.8749943,-8.407383,3
12.759365079365079,8.472927e-05,6703.285199957625,2592.5802369582843,9528.4423828125,0.027578148990869522,0.0,0.010000000047726025,-902.787,-0.2639577,0.0054039895,-3.1729577,0.36603424,-0.009775176,2.907909,-0.34476042,0.015844325,-2.512539,0.31093264,-0.024921842,2.0433204,-0.26705542,0.03566487,-1.5576688,0.21659778,-0.04659703,1.1012948,-0.16371551,0.056422792,-0.7008469,0.11270716,-0.064330615,0.36367488,-0.06733139,0.07017064,-0.08357863,0.03018371,-0.074472144,-0.15012708,-0.002324281,0.07821254,0.34459287,-0.016620344,-0.08246029,-0.49902216,0.027981114,0.08791437,0.92188823,1.0,0.8939392,0.9691187,0.9726744,0.65981174,0.6721711,0.6723932,0.6979961,0.7406561,0.81163865,0.9094964,6.090329,-7.933302,-8.33614,3
12.770975056689343,8.5876476e-05,6735.083582978377,2605.124585782318,9582.275390625,0.027453657239675522,0.0,0.010000000101429396,-902.7958,-0.25314128,0.07836967,-3.1792526,0.35017037,-0.10817082,2.9630833,-0.32707503,0.101003125,-2.6282487,0.28986183,-0.09147116,2.2084527,-0.24061172,0.0824021,-1.7430501,0.18240324,-0.07641486,1.2712576,-0.11921423,0.075104676,-0.82713115,0.05554942,-0.07854726,0.43616718,0.004134349,0.085293025,-0.11385181,-0.056077663,-0.0928683,-0.13363135,0.0977399,0.09860025,0.30760932,-0.12801957,-0.10054564,-0.41430223,0.14711098,0.09816587,0.955196,1.0,0.90741736,0.96782494,0.99685824,0.6758045,0.6766186,0.68586373,0.695248,0.740645,0.81098443,0.90350586,6.1005173,-7.984972,-8.329283,3
12.782585034013605,8.604209e-05,6720.055898512264,2605.42519324344,9582.275390625,0.02527889423072338,0.0,0.010000000101429396,-902.9803,-0.12943013,0.10784212,-2.939352,0.1809353,-0.14616035,2.7821836,-0.17370911,0.12878172,-2.5325181,0.15904273,-0.10482772,2.2076206,-0.1342484,0.08028049,-1.8294266,0.09759202,-0.060916472,1.4226832,-0.049407918,0.05066312,-1.0127561,-0.0074109314,-0.05053147,0.6235584,0.06773953,0.058453906,-0.27567142,-0.125292,-0.070081875,-0.015147395,0.17409447,0.080282256,0.23890361,-0.20988783,-0.084887736,-0.3917341,0.23100872,0.08210248,0.9989898,1.0,0.8954796,0.94539875,0.9787938,0.6724844,0.64292043,0.6882188,0.6595644,0.7023487,0.8049421,0.8727386,6.1571293,-7.9361296,-8.379586,3
12.794195011337868,8.4413856e-05,6673.595137339005,2594.3040427687697,9560.7421875,0.025048639625310898,0.0,0.010000000101429396,-903.379,-0.019599406,0.09773116,-2.3791318,0.028219342,-0.1338359,2.236252,-0.028828776,0.121345684,-2.0190482,0.027246276,-0.10252173,1.7526504,-0.020486573,0.079998165,-1.4622843,0.0059028845,-0.05679736,1.1679281,0.017851124,0.035804916,-0.88217974,-0.050235063,-0.019261276,0.61137426,0.08876482,0.008402813,-0.359215,-0.1295497,-0.0033364743,0.13069627,0.16820383,0.00317655,0.06564212,-0.20092002,-0.006427763,-0.2183351,0.22529337,0.011472649,1.0,0.999487,0.9089673,0.98076653,0.9801015,0.6765503,0.60813284,0.68315476,0.64858514,0.6915685,0.80892444,0.87690234,6.1687026,-7.922897,-8.367576,3
12.805804988662132,8.326544e-05,6655.850387953266,2589.1980723432885,9560.7421875,0.025358645245432854,0.0,0.010000000021701592,-903.54193,0.00026753743,0.056530047,-2.1480317,0.00016656717,-0.07752982,2.0056984,-0.0013774316,0.07009622,-1.7980711,0.0021131556,-0.057284266,1.5592117,-0.00072602433,0.039007574,-1.320499,-0.004571275,-0.015976595,1.1023197,0.015275192,-0.009956987,-0.91110677,-0.032178886,0.035852235,0.7422949,0.05508112,-0.058154296,-0.58742136,-0.082721464,0.07351248,0.4418962,0.11294794,-0.079652354,-0.3096916,-0.143142,0.07605806,0.2030078,0.1707236,-0.06418424,0.87251043,0.9436859,0.93401587,1.0,0.9380261,0.6776495,0.6094331,0.63088596,0.63018465,0.6844802,0.81217057,0.83897704,6.043587,-7.839114,-8.235427,3
12.817414965986394,8.4259525e-05,6736.254309699309,2585.606420510282,9603.80859375,0.028521563857793808,0.0,0.010000000009505967,-903.30005,-0.06399943,-0.046718054,-2.472672,0.08990584,0.062826544,2.2840278,-0.08792601,-0.054593306,-2.0171278,0.08410274,0.045227896,1.7284163,-0.077712685,-0.039545566,-1.4721339,0.06790594,0.041500054,1.2853858,-0.053888906,-0.052654453,-1.1792068,0.03517018,0.071505554,1.1383342,-0.011795798,-0.09388324,-1.1293838,-0.015490041,0.11430573,1.1144092,0.04522455,-0.12776846,-1.065176,-0.07539082,0.1313834,0.9731995,0.10371664,-0.12525752,0.7560924,0.8451077,0.9107231,1.0,0.8468447,0.647195,0.58680177,0.56913394,0.5905637,0.67387223,0.7577806,0.7643459,6.0388637,-7.309394,-7.595509,1
12.829024943310658,8.6703025e-05,6839.956572517913,2592.834633312461,9657.6416015625,0.02954062446951866,0.0,0.010000000021701592,-902.6551,-0.14629923,-0.14658901,-3.3384602,0.20309065,0.19965899,3.0213728,-0.19232331,-0.17868751,-2.5721955,0.17628796,0.1496874,2.0858662,-0.15710971,-0.11974737,-1.6550795,0.13661222,0.09572419,1.3456565,-0.115750924,-0.08236465,-1.1813111,0.0944722,0.081169106,1.1421633,-0.07202174,-0.09029197,-1.1767267,0.04759378,0.105469935,1.2229024,-0.021016186,-0.121601276,-1.230482,-0.006790378,0.13443796,1.1777358,0.033797383,-0.14180617,0.7237711,0.78203964,0.883065,1.0,0.8176561,0.6347118,0.5508547,0.5375317,0.5301687,0.65074307,0.7007095,0.7096044,6.1213045,-7.0348845,-7.294464,1
12.84063492063492,8.732948e-05,6905.7439387840695,2618.6404567541526,9711.474609375,0.02512074075639248,0.0,0.010000000009505967,-902.5712,-0.21738383,-0.1816426,-3.4935627,0.29960158,0.24915025,3.2697144,-0.2778139,-0.22732563,-2.9274373,0.24658094,0.195241,2.5071518,-0.2117762,-0.15835975,-2.0553129,0.17880897,0.122614615,1.6171535,-0.15107407,-0.093193844,-1.2306256,0.12925814,0.07354005,0.92242336,-0.111660324,-0.06482662,-0.70673466,0.09537654,0.066009216,0.5859488,-0.07781713,-0.07441785,-0.5530386,0.057975497,0.08669487,0.5940817,-0.036957864,-0.09977157,0.74647635,0.76069766,0.8564708,1.0,0.8494524,0.6162029,0.5123708,0.5179652,0.49271387,0.64267534,0.6703514,0.6826722,6.173545,-7.009079,-7.287299,1
12.852244897959183,8.3306804e-05,6885.84958513144,2630.2474886661266,9711.474609375,0.021009469404816628,0.0,0.010000000021701594,-903.1337,-0.29266968,-0.13163486,-2.7117875,0.4026094,0.181547,2.5257356,-0.37116206,-0.16809276,-2.2370915,0.32607642,0.1469371,1.8753414,-0.27603495,-0.12004808,-1.476752,0.2293977,0.09017776,1.0801497,-0.1919899,-0.060651876,-0.72237504,0.16588661,0.034927785,0.43415713,-0.14951444,-0.016003061,-0.23666859,0.13894251,0.0058169384,0.1394538,-0.12980616,-0.004841353,-0.13965382,0.11913432,0.0120077375,0.22292528,-0.1064207,-0.025006317,0.7738285,0.7815918,0.8607913,1.0,0.8873739,0.6031066,0.48113906,0.5004493,0.4997512,0.66992927,0.6613927,0.68322706,6.1855745,-7.060474,-7.3397655,1
12.863854875283447,7.5342396e-05,6832.0384443841795,2624.3346197818655,9689.94140625,0.0177810899913311,0.0,0.010000000021701592,-904.2663,-0.35290325,-0.014723212,-1.1465158,0.48522335,0.0216149,1.0658795,-0.44645214,-0.023195313,-0.9405519,0.3903359,0.023492586,0.78305745,-0.32720277,-0.020017087,-0.6088075,0.26743048,0.010937253,0.4343773,-0.21890761,0.003999127,-0.27559024,0.1854015,-0.023054011,0.14578952,-0.16626891,0.042761456,-0.05436838,0.15750436,-0.058822855,0.0059082136,-0.1536836,0.06734979,0.00020298362,0.15010938,-0.06607928,0.030562505,-0.14441055,0.055143714,0.79554784,0.80696386,0.86067295,1.0,0.9140814,0.61049,0.4977374,0.49075902,0.54046,0.7029469,0.6780983,0.7023655,6.271708,-7.0133696,-7.325688,1
12.87546485260771,6.639268e-05,6808.752943244872,2627.5401209832694,9700.7080078125,0.016122829169034958,0.0,5.75526418399865e-12,-904.8956,-0.36706746,0.1102324,-0.2803536,0.5049834,-0.1500958,0.2686733,-0.4651198,0.13421127,-0.24998331,0.40637276,-0.11227027,0.22542106,-0.33828333,0.08961677,-0.19642963,0.27081868,-0.07131273,0.16472563,-0.21219783,0.060673468,-0.13212644,0.1673896,-0.058409262,0.10046745,-0.13764855,0.06261379,-0.07143838,0.12111233,-0.06959267,0.04653716,-0.11415334,0.0752162,-0.026925959,0.11296587,-0.076353095,0.01337414,-0.1148343,0.07188851,0.8098722,0.7839686,0.8298679,1.0,0.92611504,0.6503781,0.5386062,0.49283743,0.57588154,0.69243497,0.7073255,0.7387347,6.158328,-7.0058756,-7.193501,1
12.887074829931972,5.833176e-05,6848.204073662376,2643.817186256117,9786.8408203125,0.0134951863437891,0.0,1.1477658303462372e-12,-905.0217,-0.2975413,0.15777786,-0.10561298,0.4113833,-0.21807764,0.10479587,-0.38427493,0.20355357,-0.103463985,0.34253517,-0.18135168,0.101661175,-0.29076946,0.1541078,-0.09944677,0.23442587,-0.12486434,0.09689355,-0.17904238,0.096597664,-0.09408525,0.1295489,-0.07182157,0.09111383,-0.08973686,0.052316915,-0.08807626,0.06195199,-0.03903534,0.08507131,-0.047008503,0.032127533,-0.082196206,0.04429393,-0.031087913,0.0795433,-0.051993363,0.03491783,0.80267566,0.71467215,0.78027475,1.0,0.9356715,0.65253454,0.5554826,0.5141823,0.58187467,0.652874,0.7434017,0.7935383,6.149414,-6.910869,-7.0362744,1
12.898684807256236,5.130786e-05,6900.731579642669,2641.59729655698,9840.673828125,0.012496822513639927,0.0,1.1478800017463731e-12,-905.0967,-0.18033345,0.125309,0.0,0.24921696,-0.17298141,0.0,-0.23237872,0.1607161,0.0,0.2062242,-0.14169626,0.0,-0.17338403,0.11787739,0.0,0.13709562,-0.09166381,0.0,-0.100834586,0.06562735,0.0,0.06791015,-0.042206,0.0,-0.041100763,0.023429116,0.0,0.022345541,-0.010689384,0.0,-0.012561425,0.004605096,0.0,0.011567574,-0.004970006,0.0,-0.018161336,0.010815186,0.7743372,0.6605352,0.73843,1.0,0.95286095,0.6140214,0.5316215,0.5133184,0.55764073,0.6336333,0.77387697,0.80527467,6.190511,-6.8371024,-6.970108,1
12.910294784580499,4.567266e-05,6957.7654621948395,2629.8363670929753,9872.9736328125,0.01313052512705326,0.0,6.0532293586619955e-12,-905.0967,-0.06790975,0.052074615,0.0,0.093972504,-0.07190479,0.0,-0.08798549,0.06685492,0.0,0.07865142,-0.058999185,0.0,-0.06686359,0.049113132,0.0,0.05372354,-0.03815161,0.0,-0.040424556,0.027143931,0.0,0.02811518,-0.017075174,0.0,-0.017779801,0.008780234,0.0,0.010132353,-0.002852323,0.0,-0.0055564493,-0.00040991424,0.0,0.004072639,0.0010276439,0.0,-0.0053576506,0.00067753834,0.74265486,0.6883735,0.76075023,1.0,0.9537843,0.5753358,0.49794012,0.49562547,0.52008015,0.6149778,0.7481965,0.74470264,6.2397594,-6.8431864,-7.03663,1
12.921904761904761,4.1721618e-05,6997.621876179954,2626.325494132856,9937.5732421875,0.011905336752533913,0.0,2.8102899302847875e-11,-905.0967,-0.017150879,0.013320461,0.0,0.023970889,-0.018591324,0.0,-0.023151347,0.017871046,0.0,0.021838753,-0.01671814,0.0,-0.020111129,0.015202203,0.0,0.018067647,-0.0134115955,0.0,-0.015826385,0.011451456,0.0,0.0135126915,-0.009433197,0.0,-0.011253522,0.007469449,0.0,0.009166372,-0.005664088,0.0,-0.007356043,0.0041093933,0.0,0.0059048743,-0.0028772734,0.0,-0.004868774,0.0020157555,0.7395237,0.7429515,0.8190797,1.0,0.95618266,0.5545523,0.47626054,0.48849216,0.5175525,0.6056666,0.70657474,0.7325921,6.3022346,-6.859889,-7.1255836,1
12.933514739229025,3.830365e-05,7023.2002781484525,2614.189183719262,9937.5732421875,0.008965280838310719,0.0,5.327472690442572e-11,-905.0967,-0.004996745,0.004542495,0.0,0.0070408653,-0.0064007863,0.0,-0.0069863917,0.006351265,0.0,0.006897599,-0.0062705446,0.0,-0.006777412,0.0061612832,0.0,0.006629785,-0.0060270773,0.0,-0.00645957,0.005872336,0.0,0.00627235,-0.005702136,0.0,-0.0060742553,0.00552205,0.0,0.005871751,-0.0053379554,0.0,-0.0056714206,0.005155837,0.0,0.005479747,-0.004981588,0.0,-0.0053028865,0.004820806,0.76446444,0.78809786,0.8601811,1.0,0.95174044,0.57639045,0.48617268,0.5011851,0.560779,0.6462896,0.6896764,0.7636627,6.3293447,-6.9577136,-7.3077435,1
12.945124716553288,3.4240442e-05,7086.227424858371,2622.1468390767964,9916.0400390625,0.008399595506489277,0.0,5.063514463933478e-11,-905.0967,3.140185e-15,-1.4210855e-14,0.0,-0.0,0.0,0.0,-0.0,0.0,0.0,-0.0,0.0,0.0,-0.0,0.0,0.0,-0.0,0.0,0.0,-0.0,0.0,0.0,-0.0,0.0,0.0,-0.0,0.0,0.0,-0.0,0.0,0.0,-0.0,0.0,0.0,-0.0,0.0,0.0,-0.0,0.0,0.7460288,0.7755491,0.84402937,1.0,0.9226832,0.5756678,0.50318664,0.49840435,0.58480954,0.65175027,0.615131,0.73039585,6.2795315,-6.879249,-7.092839,1
12.956734693877552,2.9595694e-05,7134.722383836135,2645.8644191706335,9926.806640625,0.0069620548747479916,0.0,5.062894473565908e-11,-905.0967,3.140185e-15,-1.4210855e-14,0.0,-0.0,0.0,0.0,-0.0,0.0,0.0,-0.0,0.0,0.0,-0.0,0.0,0.0,-0.0,0.0,0.0,-0.0,0.0,0.0,-0.0,0.0,0.0,-0.0,0.0,0.0,-0.0,0.0,0.0,-0.0,0.0,0.0,-0.0,0.0,0.0,-0.0,0.0,0.689471,0.7246988,0.8256508,1.0,0.91094863,0.5783569,0.5334163,0.49025664,0.57242537,0.6373954,0.57618856,0.68108755,6.343511,-6.7646775,-7.000506,1
12.968344671201814,2.5245756e-05,7140.177607840143,2638.9924335772207,9926.806640625,0.0053998189978301525,0.0,1.2350101066780826e-11,-905.0967,3.140185e-15,-1.4210855e-14,0.0,-0.0,0.0,0.0,-0.0,0.0,0.0,-0.0,0.0,0.0,-0.0,0.0,0.0,-0.0,0.0,0.0,-0.0,0.0,0.0,-0.0,0.0,0.0,-0.0,0.0,0.0,-0.0,0.0,0.0,-0.0,0.0,0.0,-0.0,0.0,0.0,-0.0,0.0,0.70708466,0.74598837,0.86157393,1.0,0.9543276,0.61761445,0.5925863,0.52533245,0.5680922,0.6353139,0.6289957,0.7086406,6.2705026,-6.833612,-7.045847,1
12.979954648526077,2.2462296e-05,7192.212577598902,2606.4412642395005,9980.6396484375,0.006110911723226309,0.0,1.365300679183782e-11,-905.0967,3.140185e-15,-1.4210855e-14,0.0,-0.0,0.0,0.0,-0.0,0.0,0.0,-0.0,0.0,0.0,-0.0,0.0,0.0,-0.0,0.0,0.0,-0.0,0.0,0.0,-0.0,0.0,0.0,-0.0,0.0,0.0,-0.0,0.0,0.0,-0.0,0.0,0.0,-0.0,0.0,0.0,-0.0,0.0,0.73466426,0.76205736,0.8718603,0.98040617,1.0,0.62151015,0.5810053,0.5455872,0.5436866,0.6173648,0.6711604,0.7154267,6.268589,-6.8565874,-7.0859594,1
12.99156462585034,2.1395354e-05,7320.825492065124,2540.5148103011456,9991.40625,0.006733447313308716,0.0,2.5827448408931715e-11,-905.0967,3.140185e-15,-1.4210855e-14,0.0,-0.0,0.0,0.0,-0.0,0.0,0.0,-0.0,0.0,0.0,-0.0,0.0,0.0,-0.0,0.0,0.0,-0.0,0.0,0.0,-0.0,0.0,0.0,-0.0,0.0,0.0,-0.0,0.0,0.0,-0.0,0.0,0.0,-0.0,0.0,0.0,-0.0,0.0,0.7210091,0.7591642,0.88704383,1.0,0.9869442,0.5693142,0.50125295,0.53379804,0.5147818,0.58482575,0.6458895,0.6989127,6.482721,-6.8038707,-7.304744,1
13.003174603174603,2.0862153e-05,7460.117472697234,2451.5853864225296,9959.1064453125,0.006738272495567799,0.0,2.747730900589517e-12,-905.0967,3.140185e-15,-1.4210855e-14,0.0,-0.0,0.0,0.0,-0.0,0.0,0.0,-0.0,0.0,0.0,-0.0,0.0,0.0,-0.0,0.0,0.0,-0.0,0.0,0.0,-0.0,0.0,0.0,-0.0,0.0,0.0,-0.0,0.0,0.0,-0.0,0.0,0.0,-0.0,0.0,0.0,-0.0,0.0,0.68782127,0.7498963,0.89868164,1.0,0.9133362,0.49938172,0.42681646,0.50396544,0.5092142,0.5416261,0.5879211,0.6756021,6.7927103,-6.4865136,-9.297665,8
13.014784580498866,2.0157639e-05,7534.4976499217955,2371.5304061867696,9916.0400390625,0.0058577777817845345,0.0,6.4218861699390194e-12,-905.0967,3.140185e-15,-1.4210855e-14,0.0,-0.0,0.0,0.0,-0.0,0.0,0.0,-0.0,0.0,0.0,-0.0,0.0,0.0,-0.0,0.0,0.0,-0.0,0.0,0.0,-0.0,0.0,0.0,-0.0,0.0,0.0,-0.0,0.0,0.0,-0.0,0.0,0.0,-0.0,0.0,0.0,-0.0,0.0,0.69390476,0.7765613,0.8982176,1.0,0.85091466,0.46852002,0.39356124,0.47478244,0.5331247,0.5479723,0.55942047,0.65157706,6.8551483,-6.4523387,-9.487504,8
13.02639455782313,1.9549925e-05,7625.272557881072,2295.2870427805133,9905.2734375,0.005990176927298307,0.0,2.583393486977422e-11,-905.0967,3.140185e-15,-1.4210855e-14,0.0,-0.0,0.0,0.0,-0.0,0.0,0.0,-0.0,0.0,0.0,-0.0,0.0,0.0,-0.0,0.0,0.0,-0.0,0.0,0.0,-0.0,0.0,0.0,-0.0,0.0,0.0,-0.0,0.0,0.0,-0.0,0.0,0.0,-0.0,0.0,0.0,-0.0,0.0,0.70366824,0.78681153,0.8644342,1.0,0.8331519,0.44815537,0.39225316,0.45921797,0.5436468,0.53407913,0.5213516,0.62732905,6.828802,-6.474642,-9.525466,8
13.038004535147392,1.9282923e-05,7707.360885732298,2231.033241161737,9926.806640625,0.005915553774684668,0.0,5.103602602794118e-11,-905.0967,-4.3735716e-14,3.704921e-14,0.0,0.0,0.0,0.0,0.0,0.0,0.0,0.0,0.0,0.0,0.0,0.0,0.0,0.0,0.0,0.0,0.0,0.0,0.0,0.0,0.0,0.0,0.0,0.0,0.0,0.0,0.0,0.0,0.0,0.0,0.0,0.0,0.0,0.0,0.0,0.0,0.74305075,0.7786793,0.83814454,1.0,0.8477399,0.43928203,0.38671598,0.45011732,0.5386076,0.53202975,0.5223649,0.648193,6.82848,-6.479093,-9.497822,8
13.049614512471654,1.9127148e-05,7755.972739990459,2187.1161664323004,9937.5732421875,0.0054663680493831635,0.0,5.1771691972481336e-11,-905.0967,-4.3735716e-14,3.704921e-14,0.0,0.0,0.0,0.0,0.0,0.0,0.0,0.0,0.0,0.0,0.0,0.0,0.0,0.0,0.0,0.0,0.0,0.0,0.0,0.0,0.0,0.0,0.0,0.0,0.0,0.0,0.0,0.0,0.0,0.0,0.0,0.0,0.0,0.0,0.0,0.0,0.73850965,0.7218275,0.8233951,1.0,0.8642284,0.42681214,0.3671,0.42318973,0.50238436,0.5490182,0.5617086,0.64938116,6.8603578,-6.450377,-9.559199,8
13.061224489795919,1.8462246e-05,7769.158295965585,2170.2755179311425,9948.33984375,0.0049329581670463085,0.0,5.101348366592702e-11,-905.0967,-4.3735716e-14,3.704921e-14,0.0,0.0,0.0,0.0,0.0,0.0,0.0,0.0,0.0,0.0,0.0,0.0,0.0,0.0,0.0,0.0,0.0,0.0,0.0,0.0,0.0,0.0,0.0,0.0,0.0,0.0,0.0,0.0,0.0,0.0,0.0,0.0,0.0,0.0,0.0,0.0,0.71419686,0.71856344,0.83728474,1.0,0.91259456,0.44033805,0.36639184,0.40249008,0.50185484,0.55809164,0.60013473,0.6353321,6.8286047,-6.4933267,-9.529254,8
13.072834467120181,1.6344678e-05,7749.112119887385,2169.242404539707,9926.806640625,0.0034330168273299932,0.0,2.6605090868916413e-11,-905.0967,-4.3735716e-14,3.704921e-14,0.0,0.0,0.0,0.0,0.0,0.0,0.0,0.0,0.0,0.0,0.0,0.0,0.0,0.0,0.0,0.0,0.0,0.0,0.0,0.0,0.0,0.0,0.0,0.0,0.0,0.0,0.0,0.0,0.0,0.0,0.0,0.0,0.0,0.0,0.0,0.0,0.6921015,0.759693,0.8618231,1.0,0.9293245,0.47537783,0.37455347,0.38289094,0.5184586,0.546217,0.6116466,0.6288858,6.838477,-6.467663,-9.587543,8
